name,datetime,tempmax,tempmin,temp,feelslikemax,feelslikemin,feelslike,dew,humidity,precip,precipprob,precipcover,preciptype,snow,snowdepth,windgust,windspeed,winddir,sealevelpressure,cloudcover,visibility,solarradiation,solarenergy,uvindex,severerisk,sunrise,sunset,moonphase,conditions,description,icon,stations
cầu giấy,2022-09-27,34,25,29,38.5,25,32.1,23.7,74.8,0.1,100,4.17,rain,0,0,30.6,11.2,325.7,1007,19.3,6.9,236.9,20.5,9,10,2022-09-27T05:46:43,2022-09-27T17:48:53,0.05,Rain,Clear conditions throughout the day with afternoon rain.,rain,"48820099999,48823099999,48825099999,48831099999,VVNB"
cầu giấy,2022-09-28,30,25,26.8,32.6,25,28.3,23,80.1,27.2,100,79.17,rain,0,0,40.7,12.1,322.7,1005.8,70.4,8.3,29,2.6,1,10,2022-09-28T05:46:58,2022-09-28T17:47:56,0.08,"Rain, Partially cloudy",Partly cloudy throughout the day with a chance of rain throughout the day.,rain,"48820099999,48823099999,48825099999,VVNB"
cầu giấy,2022-09-29,29,24,26.1,33.6,24,27,23.7,86.9,23.5,100,87.5,rain,0,0,35.6,14.8,1.8,1006.8,88.4,8.2,45,4,2,10,2022-09-29T05:47:14,2022-09-29T17:47:00,0.12,"Rain, Partially cloudy",Partly cloudy throughout the day with a chance of rain throughout the day.,rain,"48820099999,48823099999,48825099999,48831099999,VVNB"
cầu giấy,2022-09-30,31.5,25,26.6,37.2,25,27.8,23.6,84.1,20.8,100,100,rain,0,0,20.5,23.2,63.5,1008.4,70.1,10,59.6,5.2,2,10,2022-09-30T05:47:30,2022-09-30T17:46:05,0.15,"Rain, Partially cloudy",Partly cloudy throughout the day with a chance of rain throughout the day.,rain,"48820099999,VVNB"
cầu giấy,2022-10-01,29,25,26.2,33.6,25,27.3,24.3,89.2,33.5,100,100,rain,0,0,22.3,19.4,90.9,1009.6,80.3,8.7,69.4,6,4,10,2022-10-01T05:47:46,2022-10-01T17:45:09,0.19,"Rain, Partially cloudy",Partly cloudy throughout the day with a chance of rain throughout the day.,rain,"48820099999,VVNB"
cầu giấy,2022-10-02,29.5,25,26.9,34.4,25,28.9,23.8,83.4,31.3,100,91.67,rain,0,0,23.4,17.5,94.9,1010.8,83.2,9.9,49.6,4.4,2,10,2022-10-02T05:48:03,2022-10-02T17:44:14,0.23,"Rain, Partially cloudy",Partly cloudy throughout the day with a chance of rain throughout the day.,rain,"48820099999,VVNB"
cầu giấy,2022-10-03,32.5,25,27.8,38.6,25,30.3,24,81.1,2,100,50,rain,0,0,23,17.6,72.8,1012.1,53.7,9.1,169.4,14.7,8,30,2022-10-03T05:48:19,2022-10-03T17:43:19,0.25,"Rain, Partially cloudy",Partly cloudy throughout the day with a chance of rain throughout the day.,rain,"48820099999,VVNB"
cầu giấy,2022-10-04,33,25,27.5,39.3,25,29.4,23.8,81.6,0.13,100,4.17,rain,0,0,29.5,8.5,293.3,1013.5,40.4,9.2,186.2,16.1,7,30,2022-10-04T05:48:36,2022-10-04T17:42:25,0.3,"Rain, Partially cloudy",Partly cloudy throughout the day with late afternoon rain.,rain,"48820099999,48823099999,48825099999,48831099999,VVNB"
cầu giấy,2022-10-05,33,24.3,28.3,37,24.3,31.1,23.6,77.5,0.08,100,4.17,rain,0,0,19.8,16.6,118.6,1013.2,30.8,9.3,216,18.8,7,30,2022-10-05T05:48:53,2022-10-05T17:41:31,0.33,"Rain, Partially cloudy",Partly cloudy throughout the day with late afternoon rain.,rain,"48820099999,48823099999,48825099999,48831099999,VVNB"
cầu giấy,2022-10-06,32,24,26.7,37.3,24,27.9,23.7,84.8,4.381,100,8.33,rain,0,0,26.3,26.8,108.3,1013.6,41.5,8.9,178.2,15.3,7,10,2022-10-06T05:49:11,2022-10-06T17:40:37,0.37,"Rain, Partially cloudy",Partly cloudy throughout the day with rain.,rain,"48820099999,48823099999,48825099999,48831099999,VVNB"
cầu giấy,2022-10-07,30,24,26.4,35.1,24,28.1,23.7,85.8,1.117,100,12.5,rain,0,0,29.5,13.2,95.9,1014,52.4,8.5,155.8,13.4,6,10,2022-10-07T05:49:29,2022-10-07T17:39:44,0.4,"Rain, Partially cloudy",Partly cloudy throughout the day with rain.,rain,"48820099999,48823099999,48825099999,48831099999,VVNB"
cầu giấy,2022-10-08,29.5,24.5,26.7,32.7,24.5,28.2,23.2,81.9,0.876,100,8.33,rain,0,0,20.2,16.6,72.9,1014.4,67.3,9,90.8,7.8,4,10,2022-10-08T05:49:47,2022-10-08T17:38:51,0.44,"Rain, Partially cloudy",Partly cloudy throughout the day with rain in the morning and afternoon.,rain,"48820099999,48823099999,48825099999,48831099999,VVNB"
cầu giấy,2022-10-09,27.4,23,25.3,30.1,23,25.6,20.8,76.8,0.519,100,12.5,rain,0,0,48.2,26.8,20.4,1017.2,88.5,9.4,58.9,5,3,10,2022-10-09T05:50:06,2022-10-09T17:37:59,0.48,"Rain, Partially cloudy",Partly cloudy throughout the day with rain.,rain,"48820099999,48823099999,48825099999,48831099999,VVNB"
cầu giấy,2022-10-10,27,21.3,23.8,27.1,21.3,23.8,14.8,57.8,0.198,100,4.17,rain,0,0,36,17.5,4.2,1020.4,63.9,9.7,161.3,14.1,7,10,2022-10-10T05:50:25,2022-10-10T17:37:07,0.5,"Rain, Partially cloudy",Partly cloudy throughout the day with late afternoon rain.,rain,"48820099999,48823099999,48825099999,48831099999,VVNB"
cầu giấy,2022-10-11,28.9,19,23.9,28.2,19,23.8,14.6,58.9,0,0,0,,0,0,27.7,16.6,28,1017.5,10.4,11,253,21.9,9,10,2022-10-11T05:50:44,2022-10-11T17:36:16,0.54,Clear,Clear conditions throughout the day.,clear-day,"48820099999,48823099999,48825099999,48831099999,VVNB"
cầu giấy,2022-10-12,29.5,21,25,28.8,21,24.7,15,57.4,0,0,0,,0,0,21.2,13.9,59.9,1015.7,10.7,10.8,252.6,21.8,9,10,2022-10-12T05:51:03,2022-10-12T17:35:26,0.58,Clear,Clear conditions throughout the day.,clear-day,"48820099999,48823099999,48825099999,48831099999,VVNB"
cầu giấy,2022-10-13,29.8,21.9,25,28.5,21.9,24.8,15.3,57.3,0,0,0,,0,0,27.7,11.2,0.6,1014.6,31.8,10.5,235.4,20.2,8,10,2022-10-13T05:51:24,2022-10-13T17:34:36,0.61,Partially cloudy,Partly cloudy throughout the day.,partly-cloudy-day,"48820099999,48823099999,48825099999,48831099999,VVNB"
cầu giấy,2022-10-14,31.1,19,24.8,30.1,19,24.5,15.3,60.1,0,0,0,,0,0,36.4,17.5,342.3,1012.9,60.3,10.3,252.7,21.9,9,10,2022-10-14T05:51:44,2022-10-14T17:33:46,0.64,Partially cloudy,Partly cloudy throughout the day.,partly-cloudy-day,"48820099999,48823099999,48825099999,48831099999,VVNB"
cầu giấy,2022-10-15,31.3,21,25.7,29.8,21,25.3,14.8,55.8,0,0,0,,0,0,40.7,17.5,337.9,1012.9,54.2,10.5,228.6,19.8,8,10,2022-10-15T05:52:05,2022-10-15T17:32:58,0.67,Partially cloudy,Partly cloudy throughout the day.,partly-cloudy-day,"48820099999,48823099999,48825099999,48831099999,VVNB"
cầu giấy,2022-10-16,32,19,25.8,31.8,19,25.8,16.4,59.2,0,0,0,,0,0,33.8,16.6,330.4,1014.2,9.6,9.6,251.5,21.8,9,10,2022-10-16T05:52:26,2022-10-16T17:32:10,0.7,Clear,Clear conditions throughout the day.,clear-day,"48820099999,48823099999,48825099999,48831099999,VVNB"
cầu giấy,2022-10-17,31.5,23.7,27.2,30.8,23.7,26.9,14.1,46.1,0,0,0,,0,0,42.8,20.5,341.1,1014.5,35.3,11.2,249.7,21.5,9,10,2022-10-17T05:52:48,2022-10-17T17:31:23,0.74,Partially cloudy,Partly cloudy throughout the day.,partly-cloudy-day,"48820099999,48823099999,48825099999,48831099999,VVNB"
cầu giấy,2022-10-18,30,22.5,26.1,28.9,22.5,25.7,12.5,44.2,0,0,0,,0,0,42.5,19.7,345.3,1014.9,41.7,10.2,249.8,21.6,9,10,2022-10-18T05:53:10,2022-10-18T17:30:36,0.75,Partially cloudy,Becoming cloudy in the afternoon.,partly-cloudy-day,"48820099999,48823099999,48825099999,48831099999,VVNB"
cầu giấy,2022-10-19,26,16.5,21.8,26,16.5,21.8,12.3,58.4,0.101,100,8.33,rain,0,0,33.5,16.5,15.9,1016.7,70.7,9,114,9.8,6,10,2022-10-19T05:53:33,2022-10-19T17:29:50,0.8,"Rain, Partially cloudy",Partly cloudy throughout the day with rain.,rain,"48820099999,48823099999,48825099999,48831099999,VVNB"
cầu giấy,2022-10-20,18.1,16,17.3,18.1,16,17.3,16,92.3,18.421,100,16.67,rain,0,0,29.9,13.9,342.5,1018.5,99.9,7.1,17.1,1.5,1,10,2022-10-20T05:53:56,2022-10-20T17:29:05,0.83,"Rain, Overcast",Cloudy skies throughout the day with a chance of rain throughout the day.,rain,"48820099999,48823099999,48825099999,48831099999,VVNB"
cầu giấy,2022-10-21,21.7,18,19.9,21.7,18,19.9,18.8,93.2,5.445,100,8.33,rain,0,0,22.7,12.1,314.8,1018.7,77.1,7.7,38.6,3.1,1,10,2022-10-21T05:54:20,2022-10-21T17:28:21,0.86,"Rain, Partially cloudy",Partly cloudy throughout the day with rain.,rain,"48820099999,48823099999,48825099999,48831099999,VVNB"
cầu giấy,2022-10-22,32,20,25.3,33.8,20,26.2,20.5,77.2,0,0,0,,0,0,26.3,10.8,321.1,1016.8,21.3,9.8,226.3,19.4,8,10,2022-10-22T05:54:44,2022-10-22T17:27:38,0.9,Partially cloudy,Partly cloudy throughout the day.,partly-cloudy-day,"48820099999,48823099999,48825099999,48831099999,VVNB"
cầu giấy,2022-10-23,33.5,22.5,27.7,36.3,22.5,29.2,21.5,71.3,0,0,0,,0,0,23.4,7.4,356.8,1015,19.4,10.4,215.3,18.5,8,10,2022-10-23T05:55:09,2022-10-23T17:26:55,0.93,Clear,Clear conditions throughout the day.,clear-day,"48820099999,48823099999,48825099999,48831099999,VVNB"
cầu giấy,2022-10-24,33,23,27.6,35.3,23,28.7,21,69.5,0.1,100,4.17,rain,0,0,21.6,15.7,97.5,1014.1,20.1,8,210.1,18.2,8,10,2022-10-24T05:55:34,2022-10-24T17:26:14,0.96,"Rain, Partially cloudy",Partly cloudy throughout the day with afternoon rain.,rain,"48820099999,48823099999,48825099999,48831099999,VVNB"
cầu giấy,2022-10-25,28,23,24.9,29.9,23,25.2,21.8,83.7,0.131,100,8.33,rain,0,0,19.8,13.9,244,1016.2,66.5,7,111.1,9.8,5,10,2022-10-25T05:56:00,2022-10-25T17:25:33,0,"Rain, Partially cloudy",Partly cloudy throughout the day with rain.,rain,"48820099999,48823099999,48825099999,48831099999,VVNB"
cầu giấy,2022-10-26,28.5,23,25.2,31.3,23,25.7,22.1,83.5,0.002,100,4.17,rain,0,0,17.6,9.4,283.1,1015.3,81.8,5.8,123.5,10.5,5,10,2022-10-26T05:56:26,2022-10-26T17:24:54,0.03,"Rain, Partially cloudy",Partly cloudy throughout the day with afternoon rain.,rain,"48820099999,48823099999,48825099999,48831099999,VVNB"
cầu giấy,2022-10-27,29,24,26.5,31.8,24,27.5,21.7,75.9,0.001,100,4.17,rain,0,0,23,11.2,127.6,1014.6,78.4,9.4,159.3,13.8,6,10,2022-10-27T05:56:52,2022-10-27T17:24:15,0.06,"Rain, Partially cloudy",Partly cloudy throughout the day with morning rain.,rain,"48820099999,48823099999,48825099999,48831099999,VVNB"
cầu giấy,2022-10-28,31,23.7,26.8,32.1,23.7,27.5,20.3,69.5,0,0,0,,0,0,17.6,11.2,122.9,1014.9,43.2,9.7,170.4,14.7,6,10,2022-10-28T05:57:20,2022-10-28T17:23:37,0.1,Partially cloudy,Partly cloudy throughout the day.,partly-cloudy-day,"48820099999,48823099999,48825099999,48831099999,VVNB"
cầu giấy,2022-10-29,30,22.9,26.1,31.1,22.9,26.5,20.7,73.5,0.495,100,4.17,rain,0,0,29.5,12.1,346.5,1015,37.4,7.8,197.3,17,8,10,2022-10-29T05:57:47,2022-10-29T17:23:00,0.13,"Rain, Partially cloudy",Partly cloudy throughout the day with late afternoon rain.,rain,"48820099999,48823099999,48825099999,48831099999,VVNB"
cầu giấy,2022-10-30,30.2,21,25.7,31.6,21,26.4,20.4,73.9,0,0,0,,0,0,35.3,14.1,339.5,1013.8,17,7.8,200,17.4,8,10,2022-10-30T05:58:16,2022-10-30T17:22:25,0.17,Clear,Clear conditions throughout the day.,clear-day,"48820099999,48823099999,48825099999,48831099999,VVNB"
cầu giấy,2022-10-31,30,21.5,25.7,29.9,21.5,25.8,16,56.4,0,0,0,,0,0,41.4,19.5,356.7,1014.8,44.9,10,179.6,15.5,8,10,2022-10-31T05:58:45,2022-10-31T17:21:50,0.21,Partially cloudy,Partly cloudy throughout the day.,partly-cloudy-day,"48820099999,48823099999,48825099999,48831099999,VVNB"
cầu giấy,2022-11-01,30,20.3,24.5,29,20.3,24.3,13.5,52.5,0,0,0,,0,0,38.9,20.5,326.4,1014.2,59.4,11.3,231.7,20,8,10,2022-11-01T05:59:14,2022-11-01T17:21:17,0.25,Partially cloudy,Partly cloudy throughout the day.,partly-cloudy-day,"48820099999,48823099999,48825099999,48831099999,VVNB"
cầu giấy,2022-11-02,29.5,17.5,23,28.4,17.5,22.8,14.2,62,0,0,0,,0,0,22.3,14.8,324.5,1011.9,17.1,9.3,234.6,20.3,8,10,2022-11-02T05:59:44,2022-11-02T17:20:44,0.28,Clear,Clear conditions throughout the day.,clear-day,"48820099999,48823099999,48825099999,48831099999,VVNB"
cầu giấy,2022-11-03,29.5,17,23.4,29.1,17,23.3,15.1,62.8,0,0,0,,0,0,21.2,10.6,309.3,1013.2,31,9.2,228.1,19.8,8,10,2022-11-03T06:00:14,2022-11-03T17:20:13,0.31,Partially cloudy,Partly cloudy throughout the day.,partly-cloudy-day,"48820099999,48823099999,48825099999,48831099999,VVNB"
cầu giấy,2022-11-04,30,19,24.2,29.7,19,24.2,16.8,65.7,0,0,0,,0,0,25.9,11.1,341.4,1016.2,26,9.7,205.4,17.7,7,10,2022-11-04T06:00:45,2022-11-04T17:19:43,0.35,Partially cloudy,Partly cloudy throughout the day.,partly-cloudy-day,"48820099999,48823099999,48825099999,48831099999,VVNB"
cầu giấy,2022-11-05,29,20.4,24.4,28.8,20.4,24.4,17.4,67.9,0,0,0,,0,0,30.2,19.5,63.8,1018.1,8.3,10.3,215.5,18.7,8,10,2022-11-05T06:01:16,2022-11-05T17:19:14,0.38,Clear,Clear conditions throughout the day.,clear-day,"48820099999,48823099999,48825099999,48831099999,VVNB"
cầu giấy,2022-11-06,28,20,23.5,28.3,20,23.6,17.9,72.4,0,0,0,,0,0,16.6,10.3,78.3,1017.6,15.3,7.1,209.4,18.1,8,10,2022-11-06T06:01:48,2022-11-06T17:18:46,0.42,Clear,Clear conditions throughout the day.,clear-day,"48820099999,48823099999,48825099999,48831099999,VVNB"
cầu giấy,2022-11-07,28,19,23.6,28.9,19,23.8,18.7,75.8,0,0,0,,0,0,15.8,11.2,95.2,1016.5,29.5,6.7,154.7,13.4,6,10,2022-11-07T06:02:21,2022-11-07T17:18:19,0.46,Partially cloudy,Partly cloudy throughout the day.,partly-cloudy-day,"48820099999,48823099999,48825099999,48831099999,VVNB"
cầu giấy,2022-11-08,29,20,24.1,29.8,20,24.4,19,74.6,0,0,0,,0,0,15.1,14.8,73,1016.5,22,6,200.3,17.5,7,10,2022-11-08T06:02:54,2022-11-08T17:17:54,0.5,Partially cloudy,Partly cloudy throughout the day.,partly-cloudy-day,"48820099999,48823099999,48825099999,48831099999,VVNB"
cầu giấy,2022-11-09,29,19.5,24.4,30.1,19.5,24.7,19.4,75.4,0,0,0,,0,0,16.2,13,97.8,1016.3,19.5,7.2,191.7,16.6,8,10,2022-11-09T06:03:27,2022-11-09T17:17:29,0.52,Clear,Clear conditions throughout the day.,clear-day,"48820099999,48823099999,48825099999,48831099999,VVNB"
cầu giấy,2022-11-10,27,22,24.6,28.8,22,24.7,21.2,81.7,0.3,100,12.5,rain,0,0,14.8,9.3,131.4,1015.8,65.5,7.4,106.1,9.3,5,10,2022-11-10T06:04:01,2022-11-10T17:17:06,0.56,"Rain, Partially cloudy",Partly cloudy throughout the day with rain in the morning and afternoon.,rain,"48820099999,48823099999,48825099999,48831099999,VVNB"
cầu giấy,2022-11-11,30,23,25.7,32.6,23,26.5,22,80.9,0.8,100,29.17,rain,0,0,20.9,14.7,122.9,1015,52.2,8.1,138.8,11.9,6,10,2022-11-11T06:04:35,2022-11-11T17:16:45,0.59,"Rain, Partially cloudy",Partly cloudy throughout the day with rain in the morning and afternoon.,rain,"48820099999,48823099999,48825099999,48831099999,VVNB"
cầu giấy,2022-11-12,30.1,23,26.1,32.6,23,27.1,21.8,78.1,0.4,100,16.67,rain,0,0,23.8,15.7,109.4,1013.8,62.2,8.6,124.2,10.7,5,10,2022-11-12T06:05:10,2022-11-12T17:16:24,0.62,"Rain, Partially cloudy",Partly cloudy throughout the day with rain in the morning and afternoon.,rain,"48820099999,48823099999,48825099999,48831099999,VVNB"
cầu giấy,2022-11-13,28.5,22,25.4,30.7,22,26.2,21.6,79.9,0.152,100,8.33,rain,0,0,18,11.2,105.6,1014.6,55.6,8.1,132.2,11.6,5,10,2022-11-13T06:05:45,2022-11-13T17:16:05,0.65,"Rain, Partially cloudy",Partly cloudy throughout the day with rain.,rain,"48820099999,48823099999,48825099999,48831099999,VVNB"
cầu giấy,2022-11-14,29,22,25.5,31.4,22,26.3,22,82.1,0.001,100,4.17,rain,0,0,18,9.4,132.5,1014.9,41.6,6.2,127.1,11,5,10,2022-11-14T06:06:21,2022-11-14T17:15:48,0.69,"Rain, Partially cloudy",Partly cloudy throughout the day with early morning rain.,rain,"48820099999,48823099999,48825099999,48831099999,VVNB"
cầu giấy,2022-11-15,29,23,25.9,32.3,23,26.9,22.4,81.7,0.021,100,4.17,rain,0,0,23,15.7,125.1,1013.5,58.1,8.4,132.8,11.5,6,10,2022-11-15T06:06:57,2022-11-15T17:15:31,0.72,"Rain, Partially cloudy",Partly cloudy throughout the day with late afternoon rain.,rain,"48820099999,48823099999,48825099999,48831099999,VVNB"
cầu giấy,2022-11-16,31,24,27,34.9,24,28.5,22.8,79,0.099,100,4.17,rain,0,0,21.2,16.6,129.3,1011.7,59.9,8.2,133.1,11.4,5,10,2022-11-16T06:07:34,2022-11-16T17:15:16,0.75,"Rain, Partially cloudy",Partly cloudy throughout the day with late afternoon rain.,rain,"48820099999,48823099999,48825099999,48831099999,VVNB"
cầu giấy,2022-11-17,30.5,25,26.9,34.2,25,28.2,23.1,80.8,1.4,100,33.33,rain,0,0,33.5,22.3,122.5,1011.5,56.2,10.6,167.2,14.5,7,10,2022-11-17T06:08:10,2022-11-17T17:15:02,0.78,"Rain, Partially cloudy",Partly cloudy throughout the day with a chance of rain throughout the day.,rain,"48820099999,48823099999,48825099999,48831099999,VVNB"
cầu giấy,2022-11-18,31,24,27,35.5,24,28.8,23.7,83,1.5,100,29.17,rain,0,0,24.8,17.5,117.9,1012.6,61,8.2,148.9,12.9,6,10,2022-11-18T06:08:47,2022-11-18T17:14:50,0.81,"Rain, Partially cloudy",Partly cloudy throughout the day with a chance of rain throughout the day.,rain,"48820099999,48823099999,48825099999,48831099999,VVNB"
cầu giấy,2022-11-19,29.5,24.9,26.7,32.7,24.9,27.8,22.7,79.5,1.484,100,4.17,rain,0,0,24.5,13.9,118.9,1013.7,78.1,9.5,115.6,10,5,10,2022-11-19T06:09:25,2022-11-19T17:14:39,0.85,"Rain, Partially cloudy",Partly cloudy throughout the day with late afternoon rain.,rain,"48820099999,48823099999,48825099999,48831099999,VVNB"
cầu giấy,2022-11-20,28.5,23,25.1,30.8,23,25.5,20.9,77.9,0,0,0,,0,0,18.4,13.9,48.3,1013,55.7,9.8,155.8,13.3,6,10,2022-11-20T06:10:03,2022-11-20T17:14:29,0.88,Partially cloudy,Partly cloudy throughout the day.,partly-cloudy-day,"48820099999,48823099999,48825099999,48831099999,VVNB"
cầu giấy,2022-11-21,29.4,22,25.4,30.8,22,25.9,20.3,74.9,0,0,0,rain,0,0,20.2,10.7,81.9,1011.6,38.4,8.5,137,11.8,5,10,2022-11-21T06:10:41,2022-11-21T17:14:20,0.91,Partially cloudy,Partly cloudy throughout the day.,partly-cloudy-day,"48820099999,48823099999,48825099999,48831099999,VVNB"
cầu giấy,2022-11-22,28.1,21.5,25.3,30.1,21.5,26,20.8,76.6,0.021,100,4.17,rain,0,0,25.9,10,20.5,1011.4,57.8,7.9,111.7,9.7,5,10,2022-11-22T06:11:19,2022-11-22T17:14:13,0.94,"Rain, Partially cloudy",Partly cloudy throughout the day with late afternoon rain.,rain,"48820099999,48823099999,48825099999,48831099999,VVNB"
cầu giấy,2022-11-23,29,24.7,26.3,31.5,24.7,27.1,21.7,76.2,0.001,100,4.17,rain,0,0,23.4,10.6,13.3,1012,74.6,9.6,65,5.5,2,10,2022-11-23T06:11:57,2022-11-23T17:14:08,0.98,"Rain, Partially cloudy",Partly cloudy throughout the day with late afternoon rain.,rain,"48820099999,48823099999,48825099999,48831099999,VVNB"
cầu giấy,2022-11-24,25.1,22,22.9,25.1,22,22.9,20.9,88.5,5.646,100,8.33,rain,0,0,16.9,16.4,22.5,1013.6,97.9,8.3,22.6,1.9,1,10,2022-11-24T06:12:36,2022-11-24T17:14:03,0,"Rain, Overcast",Cloudy skies throughout the day with rain.,rain,"48820099999,48823099999,48825099999,48831099999,VVNB"
cầu giấy,2022-11-25,25.5,21.5,23.4,25.5,21.5,23.4,21.5,89.3,1.403,100,16.67,rain,0,0,14.8,8.5,41.7,1014.2,93.8,7.7,35.2,3.1,2,10,2022-11-25T06:13:15,2022-11-25T17:14:01,0.04,"Rain, Overcast",Cloudy skies throughout the day with a chance of rain throughout the day.,rain,"48820099999,48823099999,48825099999,48831099999,VVNB"
cầu giấy,2022-11-26,24.3,22,23.2,24.3,22,23.2,22,93,1.965,100,16.67,rain,0,0,19.4,15.7,72.2,1012.5,97,7.4,45.3,3.9,2,10,2022-11-26T06:13:54,2022-11-26T17:13:59,0.08,"Rain, Overcast",Cloudy skies throughout the day with a chance of rain throughout the day.,rain,"48820099999,48823099999,48825099999,48831099999,VVNB"
cầu giấy,2022-11-27,30.5,24,26.9,35.8,24,28.7,23.3,81.5,0,0,0,,0,0,37.8,21.4,140.2,1008.6,60.1,8.5,138.4,11.9,5,30,2022-11-27T06:14:33,2022-11-27T17:13:59,0.11,Partially cloudy,Partly cloudy throughout the day.,partly-cloudy-day,"48820099999,48823099999,48825099999,48831099999,VVNB"
cầu giấy,2022-11-28,32.2,24,27.7,38.9,24,30.4,24.2,82.2,0,0,0,,0,0,30.6,20.5,126.4,1008.2,60.2,11.2,167.9,14.7,7,60,2022-11-28T06:15:12,2022-11-28T17:14:00,0.15,Partially cloudy,Partly cloudy throughout the day.,partly-cloudy-day,"48820099999,48823099999,48825099999,48831099999,VVNB,remote"
cầu giấy,2022-11-29,32,25,27.7,37.9,25,30.2,24.1,81.7,0.1,100,4.17,rain,0,0,23,18.5,128.3,1009.7,60.4,10.5,140.7,12.3,6,60,2022-11-29T06:15:51,2022-11-29T17:14:03,0.18,"Rain, Partially cloudy",Clearing in the afternoon with morning rain.,rain,"48820099999,48823099999,48825099999,48831099999,VVNB"
cầu giấy,2022-11-30,31.5,18,25.9,35.2,18,27.4,22.5,82.5,0.099,100,4.17,rain,0,0,42.1,29.7,110.8,1013.4,74.4,9.8,44.5,3.8,2,30,2022-11-30T06:16:31,2022-11-30T17:14:07,0.25,"Rain, Partially cloudy",Partly cloudy throughout the day with late afternoon rain.,rain,"48820099999,48823099999,48825099999,48831099999,VVNB"
cầu giấy,2022-12-01,17.5,14,15.4,17.5,14,15.4,12,80.2,2.274,100,16.67,rain,0,0,37.1,23.2,42.1,1019.8,100,9.8,27.1,2.2,1,10,2022-12-01T06:17:10,2022-12-01T17:14:12,0.26,"Rain, Overcast",Cloudy skies throughout the day with a chance of rain throughout the day.,rain,"48820099999,48823099999,48825099999,48831099999,VVNB"
cầu giấy,2022-12-02,18,13,15.3,18,13,15.3,9.2,67.5,0,0,0,rain,0,0,24.5,20.5,11.9,1020.6,80.2,10,51.1,4.6,3,10,2022-12-02T06:17:49,2022-12-02T17:14:19,0.29,Partially cloudy,Partly cloudy throughout the day.,partly-cloudy-day,"48820099999,48823099999,48825099999,48831099999,VVNB"
cầu giấy,2022-12-03,20,15,17.5,20,15,17.5,11.8,69,0,0,0,,0,0,29.5,11.2,26.6,1017.3,96.3,10,106.1,9,4,10,2022-12-03T06:18:28,2022-12-03T17:14:27,0.33,Overcast,Cloudy skies throughout the day.,cloudy,"48820099999,48823099999,48825099999,48831099999,VVNB"
cầu giấy,2022-12-04,19.4,15,17.4,19.4,15,17.4,13.5,78.4,0.7,100,29.17,rain,0,0,23.8,17.5,23.6,1019,99.9,9.5,45.5,4,2,10,2022-12-04T06:19:07,2022-12-04T17:14:36,0.36,"Rain, Overcast",Cloudy skies throughout the day with a chance of rain throughout the day.,rain,"48820099999,48823099999,48825099999,48831099999,VVNB"
cầu giấy,2022-12-05,20,14.5,16.8,20,14.5,16.8,11.3,71.1,0.1,100,8.33,rain,0,0,26.6,20.3,18.5,1021.5,80.2,9.6,67.5,5.7,3,10,2022-12-05T06:19:46,2022-12-05T17:14:47,0.4,"Rain, Partially cloudy",Partly cloudy throughout the day with rain.,rain,"48820099999,48823099999,48825099999,48831099999,VVNB"
cầu giấy,2022-12-06,19,14,17,19,14,17,9.3,61.2,0,0,0,,0,0,31.7,13.9,39.2,1019.3,66.9,9.8,177,15.2,7,10,2022-12-06T06:20:24,2022-12-06T17:14:58,0.43,Partially cloudy,Partly cloudy throughout the day.,partly-cloudy-day,"48820099999,48823099999,48825099999,48831099999,VVNB"
cầu giấy,2022-12-07,18.2,15.5,16.9,18.2,15.5,16.9,11.6,70.9,0,0,0,,0,0,22.3,16.6,17.3,1018.8,95,8.8,59.8,5.1,3,10,2022-12-07T06:21:02,2022-12-07T17:15:12,0.47,Overcast,Cloudy skies throughout the day.,cloudy,"48820099999,48823099999,48825099999,48831099999,VVNB"
cầu giấy,2022-12-08,17.5,16,16.6,17.5,16,16.6,13.3,80.8,0,0,0,rain,0,0,33.5,13.9,14.2,1018.5,99.4,9.7,55.2,4.7,3,10,2022-12-08T06:21:40,2022-12-08T17:15:26,0.5,Overcast,Cloudy skies throughout the day.,cloudy,"48820099999,48823099999,48825099999,48831099999,VVNB"
cầu giấy,2022-12-09,17.5,16,16.6,17.5,16,16.6,13.5,81.9,0.1,100,4.17,rain,0,0,18.7,14.8,13.8,1017,100,9.2,51.4,4.4,2,10,2022-12-09T06:22:18,2022-12-09T17:15:42,0.53,"Rain, Overcast",Cloudy skies throughout the day with early morning rain.,rain,"48820099999,48823099999,48825099999,48831099999,VVNB"
cầu giấy,2022-12-10,18,15,16.2,18,15,16.2,14.1,87.7,1.187,100,4.17,rain,0,0,18,13,17.2,1016.6,99.7,7,26.9,2.3,1,10,2022-12-10T06:22:55,2022-12-10T17:15:59,0.57,"Rain, Overcast",Cloudy skies throughout the day with late afternoon rain.,rain,"48820099999,48823099999,48825099999,48831099999,VVNB"
cầu giấy,2022-12-11,21,16.7,18.5,21,16.7,18.5,11.4,64.8,0.101,100,8.33,rain,0,0,20.5,11.1,13.9,1017.9,93,9.6,57.4,4.8,3,10,2022-12-11T06:23:32,2022-12-11T17:16:17,0.6,"Rain, Overcast",Cloudy skies throughout the day with rain.,rain,"48820099999,48823099999,48825099999,48831099999,VVNB"
cầu giấy,2022-12-12,22,15.2,18.5,22,15.2,18.5,9.9,58.9,0,0,0,rain,0,0,37.1,20.3,351.7,1020,49.7,9.3,144.1,12.5,6,10,2022-12-12T06:24:09,2022-12-12T17:16:36,0.63,Partially cloudy,Clearing in the afternoon.,partly-cloudy-day,"48820099999,48823099999,48825099999,48831099999,VVNB"
cầu giấy,2022-12-13,23,13.6,18,23,13.6,18,7,52.8,0,0,0,,0,0,20.2,11.2,76.4,1019.7,18.1,9,186.7,16.2,7,10,2022-12-13T06:24:45,2022-12-13T17:16:57,0.67,Clear,Clear conditions throughout the day.,clear-day,"48820099999,48823099999,48825099999,48831099999,VVNB"
cầu giấy,2022-12-14,22,14.5,18.4,22,14.5,18.4,6.8,48.4,0,0,0,,0,0,30.6,16.6,16.3,1021.3,17.1,9.9,187.2,16,7,10,2022-12-14T06:25:20,2022-12-14T17:17:18,0.7,Clear,Clear conditions throughout the day.,clear-day,"48820099999,48823099999,48825099999,48831099999,VVNB"
cầu giấy,2022-12-15,22.5,11,17.1,22.5,11,17.1,9,61.9,0,0,0,,0,0,17.3,13,109.5,1016.9,7.2,7.9,193.3,16.7,7,10,2022-12-15T06:25:55,2022-12-15T17:17:41,0.73,Clear,Clear conditions throughout the day.,clear-day,"48820099999,48823099999,48825099999,48831099999,VVNB"
cầu giấy,2022-12-16,24,13,18.2,24,13,18.2,11.5,67.5,0,0,0,,0,0,27.4,10.3,11.9,1017.1,18.2,6.7,183,15.7,7,10,2022-12-16T06:26:30,2022-12-16T17:18:05,0.75,Clear,Clear conditions throughout the day.,clear-day,"48820099999,48823099999,48825099999,48831099999,VVNB"
cầu giấy,2022-12-17,21,17,19,21,17,19,4.6,39.1,0,0,0,,0,0,48.2,26.8,16.3,1025.9,83.4,10,93.1,8,4,10,2022-12-17T06:27:03,2022-12-17T17:18:30,0.8,Partially cloudy,Partly cloudy throughout the day.,partly-cloudy-day,"48820099999,48823099999,48825099999,48831099999,VVNB"
cầu giấy,2022-12-18,20,12.8,16.6,20,12.8,16.6,-1.2,31,0,0,0,,0,0,34.2,22.2,14,1026.8,56.3,11.3,174,15.1,7,10,2022-12-18T06:27:36,2022-12-18T17:18:56,0.83,Partially cloudy,Partly cloudy throughout the day.,partly-cloudy-day,"48820099999,48823099999,48825099999,48831099999,VVNB"
cầu giấy,2022-12-19,20,8.9,14.5,20,8.5,14.5,2.1,47,0,0,0,,0,0,18,11.2,69.2,1020.7,10.8,10.8,195.2,16.8,7,10,2022-12-19T06:28:09,2022-12-19T17:19:23,0.86,Clear,Clear conditions throughout the day.,clear-day,"48820099999,48823099999,48825099999,48831099999,VVNB"
cầu giấy,2022-12-20,22,9.8,16.2,22,9.4,16.2,6.8,56.2,0,0,0,,0,0,15.5,8.5,81.6,1017.1,21,8.2,189.4,16.2,7,10,2022-12-20T06:28:41,2022-12-20T17:19:51,0.89,Partially cloudy,Partly cloudy throughout the day.,partly-cloudy-day,"48820099999,48823099999,48825099999,48831099999,VVNB"
cầu giấy,2022-12-21,23,14.7,19.1,23,14.7,19.1,6.5,45.4,0,0,0,,0,0,29.9,15.7,349.8,1018.2,43.4,9.3,173.8,15.1,7,10,2022-12-21T06:29:11,2022-12-21T17:20:20,0.93,Partially cloudy,Clearing in the afternoon.,partly-cloudy-day,"48820099999,48823099999,48825099999,48831099999,VVNB"
cầu giấy,2022-12-22,23.5,13,18,23.5,13,18,8.6,58.3,0,0,0,,0,0,27.7,13.9,82.3,1016.6,39.3,8,172.6,14.9,7,10,2022-12-22T06:29:42,2022-12-22T17:20:49,0.96,Partially cloudy,Partly cloudy throughout the day.,partly-cloudy-day,"48820099999,48823099999,48825099999,48831099999,VVNB"
cầu giấy,2022-12-23,24,15.5,19.7,24,15.5,19.7,8.8,51.2,0,0,0,,0,0,22.3,17.6,106.1,1017.6,49.5,9.4,137.2,11.8,5,10,2022-12-23T06:30:11,2022-12-23T17:21:20,0,Partially cloudy,Partly cloudy throughout the day.,partly-cloudy-day,"48820099999,48823099999,48825099999,48831099999,VVNB"
cầu giấy,2022-12-24,24.5,14.7,19.4,24.5,14.7,19.4,8,49.9,0,0,0,,0,0,19.4,12.1,63.7,1020.1,42.7,11.5,159.9,13.8,6,10,2022-12-24T06:30:39,2022-12-24T17:21:51,0.03,Partially cloudy,Clearing in the afternoon.,partly-cloudy-day,"48820099999,48823099999,48825099999,48831099999,VVNB"
cầu giấy,2022-12-25,23.5,13.5,18.5,23.5,13.5,18.5,11.4,65.6,0,0,0,,0,0,25.6,17.6,131,1020,10.4,8.4,186.4,16.2,7,10,2022-12-25T06:31:07,2022-12-25T17:22:24,0.06,Clear,Clear conditions throughout the day.,clear-day,"48820099999,48823099999,48825099999,48831099999,VVNB"
cầu giấy,2022-12-26,20.2,13.5,17.2,20.2,13.5,17.2,13.5,79.1,0.1,100,4.17,rain,0,0,20.5,10.3,61.7,1020.6,57.1,6.5,78.2,6.8,3,10,2022-12-26T06:31:33,2022-12-26T17:22:57,0.1,"Rain, Partially cloudy",Partly cloudy throughout the day with afternoon rain.,rain,"48820099999,48823099999,48825099999,48831099999,VVNB"
cầu giấy,2022-12-27,21,17,19.1,21,17,19.1,15.1,77.8,0.3,100,8.33,rain,0,0,29.5,15.7,134,1019.8,92.9,8.4,85.1,7.3,4,10,2022-12-27T06:31:59,2022-12-27T17:23:31,0.13,"Rain, Overcast",Cloudy skies throughout the day with rain in the morning and afternoon.,rain,"48820099999,48823099999,48825099999,48831099999,VVNB"
cầu giấy,2022-12-28,19,12,15.1,19,12,15.1,11.7,80.5,9.7,100,8.33,rain,0,0,40.7,22.3,39.7,1022.3,85.9,8.7,21.9,1.9,1,10,2022-12-28T06:32:24,2022-12-28T17:24:05,0.16,"Rain, Partially cloudy",Partly cloudy throughout the day with rain.,rain,"48820099999,48823099999,48825099999,48831099999,VVNB"
cầu giấy,2022-12-29,14.5,12.5,13.6,14.5,12.5,13.6,7.2,65.2,0.1,100,4.17,rain,0,0,31.7,14.8,8.1,1026.3,97.5,10,50.5,4.3,2,10,2022-12-29T06:32:47,2022-12-29T17:24:40,0.2,"Rain, Overcast",Cloudy skies throughout the day with late afternoon rain.,rain,"48820099999,48823099999,48825099999,48831099999,VVNB"
cầu giấy,2022-12-30,16,13,14.2,16,13,14.2,8,66,0,0,0,,0,0,29.5,16.6,357.8,1026.7,85.8,9.5,86.6,7.5,4,10,2022-12-30T06:33:10,2022-12-30T17:25:16,0.25,Partially cloudy,Partly cloudy throughout the day.,partly-cloudy-day,"48820099999,48823099999,48825099999,48831099999,VVNB"
cầu giấy,2022-12-31,17.1,14,15.2,17.1,14,15.2,8.3,63.6,0,0,0,,0,0,20.9,11.2,12.5,1025.5,78.4,10,130.5,11.3,6,10,2022-12-31T06:33:31,2022-12-31T17:25:53,0.27,Partially cloudy,Partly cloudy throughout the day.,partly-cloudy-day,"48820099999,48823099999,48825099999,48831099999,VVNB"
cầu giấy,2023-01-01,21.3,11.1,16.9,21.3,11.1,16.9,10.4,67.4,0,0,0,,0,0,20.9,13,332.8,1023.7,28.4,9.2,188.8,16.3,7,10,2023-01-01T06:33:52,2023-01-01T17:26:30,0.3,Partially cloudy,Partly cloudy throughout the day.,partly-cloudy-day,"48820099999,48823099999,48825099999,48831099999,VVNB"
cầu giấy,2023-01-02,21,16,18.1,21,16,18.1,12.3,70,0,0,0,,0,0,20.9,14.8,35.5,1024.1,68.8,8.9,36.3,3,2,10,2023-01-02T06:34:11,2023-01-02T17:27:07,0.34,Partially cloudy,Partly cloudy throughout the day.,partly-cloudy-day,"48820099999,48823099999,48825099999,48831099999,VVNB"
cầu giấy,2023-01-03,21,15,18.1,21,15,18.1,11.8,67.6,0.012,100,8.33,rain,0,0,31.7,16.6,38.4,1024.6,70,9.3,55.7,4.9,3,10,2023-01-03T06:34:29,2023-01-03T17:27:45,0.37,"Rain, Partially cloudy",Partly cloudy throughout the day with rain.,rain,"48820099999,48823099999,48825099999,48831099999,VVNB"
cầu giấy,2023-01-04,21,15.9,18.8,21,15.9,18.8,13.3,71.3,0,0,0,,0,0,19.4,14.8,118.9,1022.5,53.5,7,101.3,8.7,4,10,2023-01-04T06:34:46,2023-01-04T17:28:23,0.41,Partially cloudy,Partly cloudy throughout the day.,partly-cloudy-day,"48820099999,48823099999,48825099999,48831099999,VVNB"
cầu giấy,2023-01-05,21.3,17,19.2,21.3,17,19.2,14.8,76.1,0,0,0,,0,0,20.2,14.8,65.2,1023.1,79.6,7.8,68.9,5.9,3,10,2023-01-05T06:35:02,2023-01-05T17:29:02,0.44,Partially cloudy,Partly cloudy throughout the day.,partly-cloudy-day,"48820099999,48823099999,48825099999,48831099999,VVNB"
cầu giấy,2023-01-06,25,17,20.3,25,17,20.3,11.2,57.5,0,0,0,,0,0,46.4,25.9,10.6,1024.8,49.7,11.3,171.9,14.9,6,10,2023-01-06T06:35:16,2023-01-06T17:29:41,0.47,Partially cloudy,Partly cloudy throughout the day.,partly-cloudy-day,"48820099999,48823099999,48825099999,48831099999,VVNB"
cầu giấy,2023-01-07,22.3,13,17.8,22.3,13,17.8,9.3,59.5,0,0,0,,0,0,22.3,9.4,317.7,1021.1,30.3,8.9,149.5,13.1,6,10,2023-01-07T06:35:30,2023-01-07T17:30:21,0.5,Partially cloudy,Partly cloudy throughout the day.,partly-cloudy-day,"48820099999,48823099999,48825099999,48831099999,VVNB"
cầu giấy,2023-01-08,23,15.3,19.2,23,15.3,19.2,11.9,64.4,0.2,100,4.17,rain,0,0,17.6,14.8,218.1,1019,23.5,7.4,157.2,13.5,6,10,2023-01-08T06:35:42,2023-01-08T17:31:01,0.54,"Rain, Partially cloudy",Partly cloudy throughout the day with afternoon rain.,rain,"48820099999,48823099999,48825099999,48831099999,VVNB"
cầu giấy,2023-01-09,23.3,17,20.3,23.3,17,20.3,15.4,74.3,0.001,100,4.17,rain,0,0,20.5,13,71.1,1018.9,51.3,5.8,132.6,11.4,6,10,2023-01-09T06:35:53,2023-01-09T17:31:41,0.58,"Rain, Partially cloudy",Partly cloudy throughout the day with late afternoon rain.,rain,"48820099999,48823099999,48825099999,48831099999,VVNB"
cầu giấy,2023-01-10,23,18,20.1,23,18,20.1,17,83.5,1.067,100,4.17,rain,0,0,20.9,14.8,38.6,1017.9,78.4,5.6,52.8,4.5,3,10,2023-01-10T06:36:02,2023-01-10T17:32:21,0.61,"Rain, Partially cloudy",Partly cloudy throughout the day with late afternoon rain.,rain,"48820099999,48823099999,48825099999,48831099999,VVNB"
cầu giấy,2023-01-11,21,18,19.4,21,18,19.4,17.7,89.9,4.61,100,12.5,rain,0,0,13,11.2,51.9,1015.3,88.5,5.6,25.2,2.2,1,10,2023-01-11T06:36:10,2023-01-11T17:33:02,0.64,"Rain, Partially cloudy",Partly cloudy throughout the day with rain.,rain,"48820099999,48823099999,48825099999,48831099999,VVNB"
cầu giấy,2023-01-12,24,18.7,20.8,24,18.7,20.8,18,84,0.053,100,8.33,rain,0,0,22,18.4,125,1011.8,89.6,7.3,84.9,7.2,3,10,2023-01-12T06:36:17,2023-01-12T17:33:42,0.68,"Rain, Partially cloudy",Partly cloudy throughout the day with rain clearing later.,rain,"48820099999,48823099999,48825099999,48831099999,VVNB"
cầu giấy,2023-01-13,28.7,19,22.8,30,19,23.1,19.1,80.7,0,0,0,,0,0,16.6,16.6,118.7,1008.5,55.3,8.3,160.2,14.1,7,10,2023-01-13T06:36:23,2023-01-13T17:34:23,0.71,Partially cloudy,Partly cloudy throughout the day.,partly-cloudy-day,"48820099999,48823099999,48825099999,48831099999,VVNB"
cầu giấy,2023-01-14,32,19.7,24.3,31.1,19.7,24.3,17.9,71.2,0,0,0,,0,0,28.8,14.8,56.4,1006.1,35.4,9.6,200.1,17.3,8,10,2023-01-14T06:36:28,2023-01-14T17:35:04,0.74,Partially cloudy,Clearing in the afternoon.,partly-cloudy-day,"48820099999,48823099999,48825099999,48831099999,VVNB"
cầu giấy,2023-01-15,22.5,15,19.7,22.5,15,19.7,14.7,74,0.006,100,4.17,rain,0,0,38.9,29.5,56.6,1012.8,82,8.1,45.4,4,2,10,2023-01-15T06:36:31,2023-01-15T17:35:44,0.75,"Rain, Partially cloudy",Partly cloudy throughout the day with late afternoon rain.,rain,"48820099999,48823099999,48825099999,48831099999,VVNB"
cầu giấy,2023-01-16,15.4,12,13.8,15.4,12,13.8,3.6,50.4,0,0,0,,0,0,31.7,20.5,38.1,1021.8,99,10,55.2,4.7,3,10,2023-01-16T06:36:32,2023-01-16T17:36:25,0.81,Overcast,Cloudy skies throughout the day.,cloudy,"48820099999,48823099999,48825099999,48831099999,VVNB"
cầu giấy,2023-01-17,14,11.9,12.8,14,11.9,12.8,5.4,61.1,0,0,0,,0,0,25.9,18.4,20.8,1024.1,100,10,85.6,7.4,3,10,2023-01-17T06:36:33,2023-01-17T17:37:06,0.84,Overcast,Cloudy skies throughout the day.,cloudy,"48820099999,48823099999,48825099999,48831099999,VVNB"
cầu giấy,2023-01-18,17,13,14.7,17,13,14.7,5.8,56,0,0,0,,0,0,27.7,14.8,6.4,1025.1,94.6,9.6,116.6,10,6,10,2023-01-18T06:36:32,2023-01-18T17:37:47,0.88,Overcast,Cloudy skies throughout the day.,cloudy,"48820099999,48823099999,48825099999,48831099999,VVNB"
cầu giấy,2023-01-19,16.7,14,15.1,16.7,14,15.1,7.5,61.2,0,0,0,,0,0,18.7,14.8,37.4,1023.2,100,9.5,127.1,11,6,10,2023-01-19T06:36:29,2023-01-19T17:38:27,0.91,Overcast,Cloudy skies throughout the day.,cloudy,"48820099999,48823099999,48825099999,48831099999,VVNB"
cầu giấy,2023-01-20,18,14,15.7,18,14,15.7,9.2,66.4,0,0,0,,0,0,18,9.4,323.1,1021.9,98.2,7.9,121.3,10.4,6,10,2023-01-20T06:36:26,2023-01-20T17:39:08,0.94,Overcast,Cloudy skies throughout the day.,cloudy,"48820099999,48823099999,48825099999,48831099999,VVNB"
cầu giấy,2023-01-21,23,12,17.5,23,12,17.5,11.3,68.7,0,0,0,,0,0,25.2,14.8,133.1,1017.7,66.9,7,177.8,15.4,6,10,2023-01-21T06:36:21,2023-01-21T17:39:48,0.98,Partially cloudy,Partly cloudy throughout the day.,partly-cloudy-day,"48820099999,48823099999,48825099999,48831099999,VVNB"
cầu giấy,2023-01-22,21,14.9,17.7,21,14.9,17.7,14.4,81.6,0,0,0,,0,0,15.1,9.4,75.9,1015,85.6,4.5,105,8.9,4,10,2023-01-22T06:36:15,2023-01-22T17:40:28,0,Partially cloudy,Partly cloudy throughout the day.,partly-cloudy-day,"48820099999,48823099999,48825099999,48831099999,VVNB"
cầu giấy,2023-01-23,23.1,17,19.9,23.1,17,19.9,15.7,76.9,1,100,33.33,rain,0,0,34.2,25.9,75.2,1015.3,90.3,7.2,88.5,7.6,4,10,2023-01-23T06:36:07,2023-01-23T17:41:08,0.04,"Rain, Overcast",Cloudy skies throughout the day with rain.,rain,"48820099999,48823099999,48825099999,48831099999,VVNB"
cầu giấy,2023-01-24,20.1,13,17,20.1,13,17,5.1,46.1,0.8,100,12.5,rain,0,0,45,29.5,16.4,1025.4,67.1,10.3,126.7,10.8,5,10,2023-01-24T06:35:58,2023-01-24T17:41:48,0.08,"Rain, Partially cloudy",Partly cloudy throughout the day with early morning rain.,rain,"48820099999,48823099999,48825099999,48831099999,VVNB"
cầu giấy,2023-01-25,19,7,14,19,5.2,13.8,4.2,54.7,0,0,0,,0,0,24.8,16.6,112.6,1021.3,8,9.8,222.6,19.3,8,10,2023-01-25T06:35:48,2023-01-25T17:42:28,0.11,Clear,Clear conditions throughout the day.,clear-day,"48820099999,48823099999,48825099999,48831099999,VVNB"
cầu giấy,2023-01-26,18.5,12,15.1,18.5,12,15.1,11,77.3,0.3,100,8.33,rain,0,0,23.4,13,50.4,1016.9,90.9,7.1,124.6,10.7,5,10,2023-01-26T06:35:36,2023-01-26T17:43:07,0.15,"Rain, Overcast",Cloudy skies throughout the day with late afternoon rain.,rain,"48820099999,48823099999,48825099999,48831099999,VVNB"
cầu giấy,2023-01-27,17,14,15.4,17,14,15.4,7.1,60.3,3.682,100,8.33,rain,0,0,37.1,25.9,10.6,1024.1,80.7,8.9,48.4,4.2,2,10,2023-01-27T06:35:23,2023-01-27T17:43:46,0.18,"Rain, Partially cloudy",Partly cloudy throughout the day with rain.,rain,"48820099999,48823099999,48825099999,48831099999,VVNB"
cầu giấy,2023-01-28,19.4,12,15.3,19.4,12,15.3,0.9,39.8,0,0,0,,0,0,31,16.6,50.2,1024.4,21,11.2,219.9,19,8,10,2023-01-28T06:35:09,2023-01-28T17:44:24,0.25,Partially cloudy,Clearing in the afternoon.,partly-cloudy-day,"48820099999,48823099999,48825099999,48831099999,VVNB"
cầu giấy,2023-01-29,21,8.7,14.4,21,8.7,14.4,2.5,51,0,0,0,,0,0,25.6,9.4,10.8,1024.4,7.8,11,225.5,19.4,8,10,2023-01-29T06:34:54,2023-01-29T17:45:03,0.25,Clear,Clear conditions throughout the day.,clear-day,"48820099999,48823099999,48825099999,48831099999,VVNB"
cầu giấy,2023-01-30,22,8,15.2,22,8,15.2,5.5,56.5,0,0,0,,0,0,23.4,14.8,113.7,1021.4,3.4,7.6,226.6,19.5,8,10,2023-01-30T06:34:37,2023-01-30T17:45:41,0.28,Clear,Clear conditions throughout the day.,clear-day,"48820099999,48823099999,48825099999,48831099999,VVNB"
cầu giấy,2023-01-31,23,10,16.3,23,9.1,16.3,8.6,62.7,0,0,0,,0,0,29.2,18.4,113.4,1015.2,1.4,8.4,225.6,19.5,8,10,2023-01-31T06:34:19,2023-01-31T17:46:18,0.31,Clear,Clear conditions throughout the day.,clear-day,"48820099999,48823099999,48825099999,48831099999,VVNB"
cầu giấy,2023-02-01,22.5,13.9,18.4,22.5,13.9,18.4,14.5,79.1,0,0,0,,0,0,23,16.6,121.9,1012.9,75.7,6.3,159.4,13.8,6,10,2023-02-01T06:34:00,2023-02-01T17:46:55,0.35,Partially cloudy,Partly cloudy throughout the day.,partly-cloudy-day,"48820099999,48823099999,48825099999,48831099999,VVNB"
cầu giấy,2023-02-02,23,19,20.8,23,19,20.8,18.1,84.8,3,100,54.17,rain,0,0,13,9.4,154.3,1015.5,96.1,6.6,45.6,3.8,2,10,2023-02-02T06:33:39,2023-02-02T17:47:32,0.38,"Rain, Overcast",Cloudy skies throughout the day with a chance of rain throughout the day.,rain,"48820099999,48823099999,48825099999,48831099999,VVNB,remote"
cầu giấy,2023-02-03,22,19.7,20.4,22,19.7,20.4,19.6,95.1,5.099,100,16.67,rain,0,0,15.5,13,146.4,1015.5,94.5,3.4,19.1,1.7,1,10,2023-02-03T06:33:17,2023-02-03T17:48:08,0.41,"Rain, Overcast",Cloudy skies throughout the day with a chance of rain throughout the day.,rain,"48820099999,48823099999,48825099999,48831099999,VVNB"
cầu giấy,2023-02-04,22,19,20.4,22,19,20.4,19.4,94.2,1.592,100,12.5,rain,0,0,20.5,16.6,135.7,1013.1,99.2,4.8,38,3.4,2,10,2023-02-04T06:32:54,2023-02-04T17:48:44,0.45,"Rain, Overcast",Cloudy skies throughout the day with rain.,rain,"48820099999,48823099999,48825099999,48831099999,VVNB"
cầu giấy,2023-02-05,23.8,19.7,20.8,23.8,19.7,20.8,19.9,94.6,5.177,100,8.33,rain,0,0,27.7,18.4,123.4,1011.8,95.6,5.6,34.2,2.9,2,10,2023-02-05T06:32:30,2023-02-05T17:49:20,0.48,"Rain, Overcast",Cloudy skies throughout the day with rain.,rain,"48820099999,48823099999,48825099999,48831099999,VVNB"
cầu giấy,2023-02-06,21,19.6,20.4,21,19.6,20.4,19.5,94.7,0.596,100,4.17,rain,0,0,26.6,24.1,129.7,1011.1,100,4.8,42.7,3.7,2,10,2023-02-06T06:32:05,2023-02-06T17:49:55,0.5,"Rain, Overcast",Cloudy skies throughout the day with late afternoon rain.,rain,"48820099999,48823099999,48825099999,48831099999,VVNB"
cầu giấy,2023-02-07,22,19.7,20.7,22,19.7,20.7,20.2,97.2,1.392,100,8.33,rain,0,0,29.9,13,121.7,1011.8,98.9,3,46.6,4,2,10,2023-02-07T06:31:38,2023-02-07T17:50:29,0.55,"Rain, Overcast",Cloudy skies throughout the day with rain.,rain,"48820099999,48823099999,48825099999,48831099999,VVNB"
cầu giấy,2023-02-08,22.1,20.2,21.2,22.1,20.2,21.2,20.4,95.4,2.203,100,12.5,rain,0,0,32.4,18.4,132.9,1011.8,99,3.8,46.3,4,2,10,2023-02-08T06:31:10,2023-02-08T17:51:03,0.58,"Rain, Overcast",Cloudy skies throughout the day with rain.,rain,"48820099999,48823099999,48825099999,48831099999,VVNB"
cầu giấy,2023-02-09,24,21,22.3,24,21,22.3,21.3,94.1,0.964,100,8.33,rain,0,0,29.5,16.6,131.8,1012.3,99.5,4.9,66.1,5.7,3,10,2023-02-09T06:30:42,2023-02-09T17:51:37,0.62,"Rain, Overcast",Cloudy skies throughout the day with rain.,rain,"48820099999,48823099999,48825099999,48831099999,VVNB"
cầu giấy,2023-02-10,24,21,22.5,24,21,22.5,21,91.4,0.396,100,4.17,rain,0,0,38.2,20.5,125,1011.6,98.6,6.2,58.5,5.1,3,10,2023-02-10T06:30:12,2023-02-10T17:52:10,0.65,"Rain, Overcast",Cloudy skies throughout the day with late afternoon rain.,rain,"48820099999,48823099999,48825099999,48831099999,VVNB"
cầu giấy,2023-02-11,25.2,22,23.1,25.2,22,23.1,21.5,91,0.104,100,12.5,rain,0,0,41.8,20.5,131.6,1008.9,98.5,6.2,131,11.2,6,10,2023-02-11T06:29:41,2023-02-11T17:52:42,0.69,"Rain, Overcast",Cloudy skies throughout the day with rain.,rain,"48820099999,48823099999,48825099999,48831099999,VVNB"
cầu giấy,2023-02-12,27.1,22,24.3,29.3,22,24.6,21.7,85.8,0,0,0,,0,0,33.5,22.3,120.6,1008.2,88.4,7.8,203.4,17.6,8,10,2023-02-12T06:29:09,2023-02-12T17:53:15,0.72,Partially cloudy,Partly cloudy throughout the day.,partly-cloudy-day,"48820099999,48823099999,48825099999,48831099999,VVNB"
cầu giấy,2023-02-13,29,22,24.9,31.4,22,25.5,21.8,83.9,0.099,100,4.17,rain,0,0,34.9,16.6,116.9,1010.2,74.4,6.6,182.5,15.8,7,10,2023-02-13T06:28:36,2023-02-13T17:53:46,0.75,"Rain, Partially cloudy",Partly cloudy throughout the day with late afternoon rain.,rain,"48820099999,48823099999,48825099999,48831099999,VVNB"
cầu giấy,2023-02-14,24,17,19.2,24,17,19.2,13,68.1,1.098,100,8.33,rain,0,0,33.1,27.7,46.4,1017.7,99.9,9.9,45.1,3.9,2,10,2023-02-14T06:28:01,2023-02-14T17:54:17,0.79,"Rain, Overcast",Cloudy skies throughout the day with rain.,rain,"48820099999,48823099999,48825099999,48831099999,VVNB"
cầu giấy,2023-02-15,17.5,16,17,17.5,16,17,9,59.4,0,0,0,,0,0,26.6,18.4,36.5,1022.7,100,10,73.5,6.6,3,10,2023-02-15T06:27:26,2023-02-15T17:54:48,0.82,Overcast,Cloudy skies throughout the day.,cloudy,"48820099999,48823099999,48825099999,48831099999,VVNB"
cầu giấy,2023-02-16,18.1,16,16.9,18.1,16,16.9,10.8,68,0,0,0,,0,0,18.4,11.2,18.1,1023.5,100,9.5,75.1,6.6,3,10,2023-02-16T06:26:50,2023-02-16T17:55:18,0.86,Overcast,Cloudy skies throughout the day.,cloudy,"48820099999,48823099999,48825099999,48831099999,VVNB"
cầu giấy,2023-02-17,20.1,16,17.9,20.1,16,17.9,13.8,77,0,0,0,,0,0,20.2,10.6,80.2,1019.9,96.4,6.3,147.1,12.8,6,10,2023-02-17T06:26:13,2023-02-17T17:55:48,0.89,Overcast,Cloudy skies throughout the day.,cloudy,"48820099999,48823099999,48825099999,48831099999,VVNB"
cầu giấy,2023-02-18,23,17,20.3,23,17,20.3,16.4,79,0,0,0,,0,0,18.4,13,128.4,1016.7,90.5,7,97.3,8.3,4,10,2023-02-18T06:25:35,2023-02-18T17:56:17,0.93,Overcast,Cloudy skies throughout the day.,cloudy,"48820099999,48823099999,48825099999,48831099999,VVNB"
cầu giấy,2023-02-19,23,19,20.4,23,19,20.4,17.4,83.3,1.088,100,4.17,rain,0,0,38.2,16.6,347.3,1019,82.1,6.2,78.8,6.9,4,10,2023-02-19T06:24:56,2023-02-19T17:56:46,0.96,"Rain, Partially cloudy",Partly cloudy throughout the day with late afternoon rain.,rain,"48820099999,48823099999,48825099999,48831099999,VVNB"
cầu giấy,2023-02-20,24.1,18.8,21,24.1,18.8,21,13.3,61.8,0,0,0,,0,0,19.8,16.6,29.6,1018.7,78.4,9.7,160.6,13.9,6,10,2023-02-20T06:24:16,2023-02-20T17:57:14,0,Partially cloudy,Partly cloudy throughout the day.,partly-cloudy-day,"48820099999,48823099999,48825099999,48831099999,VVNB"
cầu giấy,2023-02-21,23.3,18.7,20.9,23.3,18.7,20.9,15.5,71.9,0.3,100,12.5,rain,0,0,30.2,14.8,143,1019.6,57.2,7.4,139.3,11.9,7,10,2023-02-21T06:23:35,2023-02-21T17:57:41,0.03,"Rain, Partially cloudy",Partly cloudy throughout the day with afternoon rain.,rain,"48820099999,48823099999,48825099999,48831099999,VVNB"
cầu giấy,2023-02-22,23,19,20.6,23,19,20.6,15,70.8,0,0,0,,0,0,33.8,16.6,143.3,1019.6,80.6,9.2,131,11.4,5,10,2023-02-22T06:22:54,2023-02-22T17:58:09,0.06,Partially cloudy,Partly cloudy throughout the day.,partly-cloudy-day,"48820099999,48823099999,48825099999,48831099999,VVNB"
cầu giấy,2023-02-23,23.4,17.7,20.4,23.4,17.7,20.4,16.1,76.7,0,0,0,rain,0,0,25.2,16.6,131.4,1016.8,76.7,8.5,117.1,10.3,4,10,2023-02-23T06:22:12,2023-02-23T17:58:36,0.1,Partially cloudy,Partly cloudy throughout the day.,partly-cloudy-day,"48820099999,48823099999,48825099999,48831099999,VVNB"
cầu giấy,2023-02-24,21,18,19.2,21,18,19.2,15.1,77.9,0.499,100,4.17,rain,0,0,32,20.5,52.8,1020.1,97.5,8.1,43.8,3.6,2,10,2023-02-24T06:21:28,2023-02-24T17:59:02,0.13,"Rain, Overcast",Cloudy skies throughout the day with late afternoon rain.,rain,"48820099999,48823099999,48825099999,48831099999,VVNB"
cầu giấy,2023-02-25,25,16,19.8,25,16,19.8,8.5,49.9,0,0,0,,0,0,33.8,18.4,20.8,1026.1,36.1,11.3,196.5,17,8,10,2023-02-25T06:20:45,2023-02-25T17:59:28,0.16,Partially cloudy,Clearing in the afternoon.,partly-cloudy-day,"48820099999,48823099999,48825099999,48831099999,VVNB"
cầu giấy,2023-02-26,23,13.4,17.8,23,13.4,17.8,8.5,58.6,0,0,0,,0,0,31,14.8,72.4,1028.2,0.7,9.4,254.7,22,9,10,2023-02-26T06:20:00,2023-02-26T17:59:53,0.19,Clear,Clear conditions throughout the day.,clear-day,"48820099999,48823099999,48825099999,48831099999,VVNB"
cầu giấy,2023-02-27,23,11.7,18.1,23,11.7,18.1,10.3,63.4,0,0,0,,0,0,23.8,13,123.6,1025.6,9.7,8.3,253.7,21.9,9,10,2023-02-27T06:19:15,2023-02-27T18:00:18,0.25,Clear,Clear conditions throughout the day.,clear-day,"48820099999,48823099999,48825099999,48831099999,VVNB"
cầu giấy,2023-02-28,23.7,14,19.1,23.7,14,19.1,13.5,71.7,0,0,0,,0,0,27,16.6,129.8,1021.9,37.2,7.6,167.7,14.5,6,10,2023-02-28T06:18:29,2023-02-28T18:00:43,0.26,Partially cloudy,Partly cloudy throughout the day.,partly-cloudy-day,"48820099999,48823099999,48825099999,48831099999,VVNB"
cầu giấy,2023-03-01,21,16.7,19,21,16.7,19,16.1,84,0.1,100,4.17,rain,0,0,16.9,9.4,96.8,1021.6,81.4,5.4,89.7,7.7,4,10,2023-03-01T06:17:42,2023-03-01T18:01:07,0.29,"Rain, Partially cloudy",Partly cloudy throughout the day with afternoon rain.,rain,"48820099999,48823099999,48825099999,48831099999,VVNB"
cầu giấy,2023-03-02,27,18,22.2,27.3,18,22.3,16,69.6,0,0,0,,0,0,24.5,14.8,141.1,1022.5,55.2,6.7,178.9,15.4,8,10,2023-03-02T06:16:55,2023-03-02T18:01:31,0.33,Partially cloudy,Partly cloudy throughout the day.,partly-cloudy-day,"48820099999,48823099999,48825099999,48831099999,VVNB"
cầu giấy,2023-03-03,24,17.4,21.2,24,17.4,21.2,15.9,72.4,0.001,100,4.17,rain,0,0,20.9,11.2,111.2,1022.9,76.1,6.3,136.7,11.8,5,10,2023-03-03T06:16:07,2023-03-03T18:01:54,0.36,"Rain, Partially cloudy",Partly cloudy throughout the day with late afternoon rain.,rain,"48820099999,48823099999,48825099999,48831099999,VVNB"
cầu giấy,2023-03-04,23.1,18,20.4,23.1,18,20.4,14.5,69.5,0,0,0,,0,0,16.6,14.8,22.6,1024.2,81.4,9.4,162.1,14,8,10,2023-03-04T06:15:18,2023-03-04T18:02:17,0.39,Partially cloudy,Partly cloudy throughout the day.,partly-cloudy-day,"48820099999,48823099999,48825099999,48831099999,VVNB"
cầu giấy,2023-03-05,26,16,20.8,26,16,20.8,14.9,71.4,0.1,100,4.17,rain,0,0,26.6,18.4,143.7,1022,53.4,6.8,170,14.6,7,10,2023-03-05T06:14:29,2023-03-05T18:02:40,0.42,"Rain, Partially cloudy",Partly cloudy throughout the day with afternoon rain.,rain,"48820099999,48823099999,48825099999,48831099999,VVNB"
cầu giấy,2023-03-06,26,18,21.5,26,18,21.5,16.2,72.3,0,0,0,,0,0,35.3,24.1,122.1,1019.3,50.5,7.2,172.1,14.9,8,10,2023-03-06T06:13:40,2023-03-06T18:03:02,0.46,Partially cloudy,Partly cloudy throughout the day.,partly-cloudy-day,"48820099999,48823099999,48825099999,48831099999,VVNB"
cầu giấy,2023-03-07,26,19.3,22,26,19.3,22,16.1,69.7,0.2,100,8.33,rain,0,0,29.9,22.3,135.9,1018.2,88.7,9.4,104.3,8.9,4,10,2023-03-07T06:12:50,2023-03-07T18:03:24,0.5,"Rain, Partially cloudy",Partly cloudy throughout the day with rain in the morning and afternoon.,rain,"48820099999,48823099999,48825099999,48831099999,VVNB"
cầu giấy,2023-03-08,23.7,20,21.6,23.7,20,21.6,18.4,82.1,0.1,100,4.17,rain,0,0,28.4,18.4,119.9,1018.4,93.7,7.8,124.5,10.7,5,10,2023-03-08T06:11:59,2023-03-08T18:03:46,0.52,"Rain, Overcast",Cloudy skies throughout the day with morning rain.,rain,"48820099999,48823099999,48825099999,48831099999,VVNB"
cầu giấy,2023-03-09,29,19,23.5,29.7,19,23.7,18.6,76.1,0.1,100,4.17,rain,0,0,22,18.4,110.2,1018,48,6.2,182.6,15.5,7,10,2023-03-09T06:11:08,2023-03-09T18:04:07,0.56,"Rain, Partially cloudy",Partly cloudy throughout the day with morning rain.,rain,"48820099999,48823099999,48825099999,48831099999,VVNB"
cầu giấy,2023-03-10,29,20,23.3,29.8,20,23.5,18.3,75.1,0,0,0,,0,0,37.8,22.3,123,1014.8,41.8,6.2,207.9,17.9,9,10,2023-03-10T06:10:17,2023-03-10T18:04:28,0.59,Partially cloudy,Partly cloudy throughout the day.,partly-cloudy-day,"48820099999,48823099999,48825099999,48831099999,VVNB"
cầu giấy,2023-03-11,22.5,20.7,21.7,22.5,20.7,21.7,19.3,86.4,0.7,100,20.83,rain,0,0,30.6,16.6,117,1016.1,90.1,5.3,81.8,7.1,3,10,2023-03-11T06:09:25,2023-03-11T18:04:49,0.63,"Rain, Overcast",Cloudy skies throughout the day with rain in the morning and afternoon.,rain,"48820099999,48823099999,48825099999,48831099999,VVNB"
cầu giấy,2023-03-12,27,20.3,23.3,28.2,20.3,23.4,18.8,77,0.099,100,4.17,rain,0,0,45.7,25.9,53.1,1018.7,67.3,6.5,142.8,12.5,5,10,2023-03-12T06:08:33,2023-03-12T18:05:09,0.66,"Rain, Partially cloudy",Partly cloudy throughout the day with early morning rain.,rain,"48820099999,48823099999,48825099999,48831099999,VVNB"
cầu giấy,2023-03-13,22,17,19.6,22,17,19.6,11.6,60.9,0.01,100,4.17,rain,0,0,31,22.3,17.6,1021.4,79.6,10,79.2,7,4,10,2023-03-13T06:07:40,2023-03-13T18:05:29,0.7,"Rain, Partially cloudy",Partly cloudy throughout the day with early morning rain.,rain,"48820099999,48823099999,48825099999,48831099999,VVNB"
cầu giấy,2023-03-14,26,16,20.7,26,16,20.7,14.3,68.7,0,0,0,,0,0,37.1,16.6,132.3,1014.2,36.6,8.1,239.7,20.7,9,10,2023-03-14T06:06:48,2023-03-14T18:05:49,0.74,Partially cloudy,Partly cloudy throughout the day.,partly-cloudy-day,"48820099999,48823099999,48825099999,48831099999,VVNB"
cầu giấy,2023-03-15,25,18,21.6,25,18,21.6,18.9,85.2,0.099,100,4.17,rain,0,0,30.6,18.4,122.5,1014.2,84.3,9.8,111.6,9.7,5,10,2023-03-15T06:05:54,2023-03-15T18:06:09,0.75,"Rain, Partially cloudy",Partly cloudy throughout the day with late afternoon rain.,rain,"48820099999,48823099999,48825099999,48831099999,VVNB,remote"
cầu giấy,2023-03-16,28,21,23.8,29.2,21,24.1,19.8,79.2,0.516,100,8.33,rain,0,0,36.7,18.4,142.7,1015.4,81.6,10.7,107.4,9.3,4,10,2023-03-16T06:05:01,2023-03-16T18:06:29,0.81,"Rain, Partially cloudy",Partly cloudy throughout the day with rain.,rain,"48820099999,48823099999,48825099999,48831099999,VVNB,remote"
cầu giấy,2023-03-17,26,21,23.5,26,21,23.5,20.4,83.1,0,0,0,rain,0,0,33.8,20.5,126.7,1014.1,90,8.5,150.1,13,6,10,2023-03-17T06:04:08,2023-03-17T18:06:48,0.84,Partially cloudy,Partly cloudy throughout the day.,partly-cloudy-day,"48820099999,48823099999,48825099999,48831099999,VVNB"
cầu giấy,2023-03-18,25,22,23.3,25,22,23.3,20.2,82.8,0.4,100,16.67,rain,0,0,33.8,18.4,134.2,1012.9,98.2,8.9,90.3,7.8,4,10,2023-03-18T06:03:14,2023-03-18T18:07:07,0.88,"Rain, Overcast",Cloudy skies throughout the day with rain clearing later.,rain,"48820099999,48823099999,48825099999,48831099999,VVNB"
cầu giấy,2023-03-19,27,22,24.1,28.5,22,24.2,20.2,79.7,0.1,100,4.17,rain,0,0,36.7,18.4,133.6,1011,94.7,8.8,125.9,10.9,5,10,2023-03-19T06:02:20,2023-03-19T18:07:26,0.91,"Rain, Overcast",Cloudy skies throughout the day with morning rain.,rain,"48820099999,48823099999,48825099999,48831099999,VVNB"
cầu giấy,2023-03-20,28,23,24.9,30.7,23,25.5,21.9,83.6,0.1,100,4.17,rain,0,0,32,22.3,129.2,1007.9,96.9,8.4,131.3,11.2,5,30,2023-03-20T06:01:26,2023-03-20T18:07:45,0.95,"Rain, Overcast",Cloudy skies throughout the day with morning rain.,rain,"48820099999,48823099999,48825099999,48831099999,VVNB"
cầu giấy,2023-03-21,29.3,23,25.7,33.2,23,26.8,23.1,86.1,0.102,100,8.33,rain,0,0,23.8,20.5,113.4,1005.5,91.8,6,202,17.4,8,60,2023-03-21T06:00:32,2023-03-21T18:08:04,0.98,"Rain, Overcast",Cloudy skies throughout the day with rain.,rain,"48820099999,48823099999,48825099999,48831099999,VVNB"
cầu giấy,2023-03-22,34,24,27.5,40.6,24,29.8,23.4,80.1,0,0,0,,0,0,26.3,20.5,101.4,1003.2,55.4,6.1,260.2,22.4,9,15,2023-03-22T05:59:37,2023-03-22T18:08:22,0,Partially cloudy,Clearing in the afternoon.,partly-cloudy-day,"48820099999,48823099999,48825099999,48831099999,VVNB"
cầu giấy,2023-03-23,32.5,24.7,27.2,40,24.7,29.4,23.6,81,0.1,100,4.17,rain,0,0,22.3,20.5,99.5,1003.3,80.5,6.9,268.8,23.2,9,30,2023-03-23T05:58:43,2023-03-23T18:08:41,0.05,"Rain, Partially cloudy",Partly cloudy throughout the day with late afternoon rain.,rain,"48820099999,48823099999,48825099999,48831099999,VVNB"
cầu giấy,2023-03-24,30,24.7,26.8,34.1,24.7,28.3,23.2,81.1,0,0,0,,0,0,29.5,22.3,102.8,1005.8,92.5,6.9,265,22.9,9,30,2023-03-24T05:57:49,2023-03-24T18:08:59,0.08,Overcast,Cloudy skies throughout the day.,cloudy,"48820099999,48823099999,48825099999,48831099999,VVNB"
cầu giấy,2023-03-25,26.2,22,25,26.2,22,25,22.9,88.1,1.682,100,4.17,rain,0,0,25.2,20.5,117.6,1009.2,95.4,7.2,73.3,6.5,3,30,2023-03-25T05:56:54,2023-03-25T18:09:18,0.11,"Rain, Overcast",Cloudy skies throughout the day with late afternoon rain.,rain,"48820099999,48823099999,48825099999,48831099999,VVNB"
cầu giấy,2023-03-26,21,18,19.6,21,18,19.6,16.9,84.6,2.102,100,12.5,rain,0,0,31.7,20.5,48.5,1011.7,99.9,9.2,57.2,5,3,10,2023-03-26T05:56:00,2023-03-26T18:09:36,0.14,"Rain, Overcast",Cloudy skies throughout the day with rain.,rain,"48820099999,48823099999,48825099999,48831099999,VVNB"
cầu giấy,2023-03-27,21,17,18.8,21,17,18.8,15,79.3,1.137,100,16.67,rain,0,0,26.6,14.8,34.8,1014.8,99.7,9.5,52.7,4.6,2,10,2023-03-27T05:55:05,2023-03-27T18:09:54,0.18,"Rain, Overcast",Cloudy skies throughout the day with a chance of rain throughout the day.,rain,"48820099999,48823099999,48825099999,48831099999,VVNB"
cầu giấy,2023-03-28,19.8,17,18.7,19.8,17,18.7,14.1,74.8,0.004,100,4.17,rain,0,0,16.2,16.6,43.5,1016.4,99.1,9.8,53.8,4.6,2,10,2023-03-28T05:54:11,2023-03-28T18:10:12,0.21,"Rain, Overcast",Cloudy skies throughout the day with early morning rain.,rain,"48820099999,48823099999,48825099999,48831099999,VVNB"
cầu giấy,2023-03-29,22.7,16,19.1,22.7,16,19.1,15.8,81.8,1.387,100,8.33,rain,0,0,16.9,13,45.9,1014.7,95.6,9.7,113.2,9.8,5,10,2023-03-29T05:53:17,2023-03-29T18:10:31,0.25,"Rain, Overcast",Cloudy skies throughout the day with rain.,rain,"48820099999,48823099999,48825099999,48831099999,VVNB"
cầu giấy,2023-03-30,22,17,19.4,22,17,19.4,16,81.1,0.735,100,16.67,rain,0,0,16.9,14.8,65.8,1012.4,100,9.2,102.3,8.9,5,10,2023-03-30T05:52:22,2023-03-30T18:10:49,0.27,"Rain, Overcast",Cloudy skies throughout the day with a chance of rain throughout the day.,rain,"48820099999,48823099999,48825099999,48831099999,VVNB"
cầu giấy,2023-03-31,22,18.7,20.3,22,18.7,20.3,18.6,90.3,1.298,100,12.5,rain,0,0,19.1,7.6,98.1,1011.4,95.6,3.9,82.5,7.2,3,10,2023-03-31T05:51:28,2023-03-31T18:11:07,0.31,"Rain, Overcast",Cloudy skies throughout the day with rain.,rain,"48820099999,48823099999,48825099999,48831099999,VVNB"
cầu giấy,2023-04-01,22.8,20,21.1,22.8,20,21.1,20.3,95.3,1.29,100,12.5,rain,0,0,18,7.2,101.8,1009.7,95.9,3.4,85.9,7.6,4,30,2023-04-01T05:50:34,2023-04-01T18:11:25,0.34,"Rain, Overcast",Cloudy skies throughout the day with rain.,rain,"48820099999,48823099999,48825099999,48831099999,VVNB"
cầu giấy,2023-04-02,26.3,22,23.8,26.3,22,23.8,22.5,92.6,0.401,100,12.5,rain,0,0,31,16.6,120.8,1006.9,96.3,5.1,137.1,11.7,5,30,2023-04-02T05:49:41,2023-04-02T18:11:43,0.37,"Rain, Overcast",Cloudy skies throughout the day with rain.,rain,"48820099999,48823099999,48825099999,48831099999,VVNB"
cầu giấy,2023-04-03,30,23,25.9,35.1,23,27.2,23.4,86.7,0.099,100,4.17,rain,0,0,29.5,20.5,114.6,1005.3,94.8,6.7,226.7,19.8,8,60,2023-04-03T05:48:47,2023-04-03T18:12:01,0.4,"Rain, Overcast",Cloudy skies throughout the day with early morning rain.,rain,"48820099999,48823099999,48825099999,48831099999,VVNB"
cầu giấy,2023-04-04,30,24,26.6,35.1,24,28.3,23.5,83.8,0.001,100,4.17,rain,0,0,28.8,16.6,106.1,1004,95,6.7,248.6,21.4,9,30,2023-04-04T05:47:54,2023-04-04T18:12:20,0.44,"Rain, Overcast",Cloudy skies throughout the day with afternoon rain.,rain,"48820099999,48823099999,48825099999,48831099999,VVNB"
cầu giấy,2023-04-05,32,25,27.5,37.9,25,29.5,23.5,80.1,0,0,0,,0,0,25.9,20.5,108.2,1004.8,91.8,7.1,282.2,24.5,10,10,2023-04-05T05:47:01,2023-04-05T18:12:38,0.47,Overcast,Cloudy skies throughout the day.,cloudy,"48820099999,48823099999,48825099999,48831099999,VVNB"
cầu giấy,2023-04-06,32,25,27.9,37.9,25,30.4,23.6,78.7,0.5,100,12.5,rain,0,0,44.6,20.5,110.6,1008.3,93.5,7.3,164.6,14.4,6,30,2023-04-06T05:46:08,2023-04-06T18:12:57,0.5,"Rain, Overcast",Cloudy skies throughout the day with rain in the morning and afternoon.,rain,"48820099999,48823099999,48825099999,48831099999,VVNB"
cầu giấy,2023-04-07,25,21.9,23.8,25,21.9,23.8,16,62,0,0,0,rain,0,0,22,18.4,63.7,1013.8,89.3,9.8,84.8,7.3,4,10,2023-04-07T05:45:16,2023-04-07T18:13:15,0.54,Partially cloudy,Partly cloudy throughout the day.,partly-cloudy-day,"48820099999,48823099999,48825099999,48831099999,VVNB"
cầu giấy,2023-04-08,23,19,20.9,23,19,20.9,15.7,72.7,0.014,100,8.33,rain,0,0,28.8,22.3,33,1018.9,100,9.7,46.1,3.9,2,10,2023-04-08T05:44:23,2023-04-08T18:13:34,0.57,"Rain, Overcast",Cloudy skies throughout the day with rain in the morning and afternoon.,rain,"48820099999,48823099999,48825099999,48831099999,VVNB"
cầu giấy,2023-04-09,20.4,18,19,20.4,18,19,16.5,85.4,0.007,100,4.17,rain,0,0,13.3,11.2,65.5,1017.1,99.9,7.2,68.4,5.9,3,10,2023-04-09T05:43:32,2023-04-09T18:13:53,0.61,"Rain, Overcast",Cloudy skies throughout the day with early morning rain.,rain,"48820099999,48823099999,48825099999,48831099999,VVNB"
cầu giấy,2023-04-10,22.7,18,20.4,22.7,18,20.4,18.9,91.3,0.597,100,8.33,rain,0,0,14.8,9.4,58.9,1011.8,99.5,4.3,98.2,8.5,4,10,2023-04-10T05:42:40,2023-04-10T18:14:12,0.64,"Rain, Overcast",Cloudy skies throughout the day with rain.,rain,"48820099999,48823099999,48825099999,48831099999,VVNB"
cầu giấy,2023-04-11,26,21,22.8,26,21,22.8,21.5,92.6,0.501,100,8.33,rain,0,0,22.3,9.4,50.7,1009.3,98.5,3.5,111.3,9.6,4,10,2023-04-11T05:41:49,2023-04-11T18:14:31,0.68,"Rain, Overcast",Cloudy skies throughout the day with rain.,rain,"48820099999,48823099999,48825099999,48831099999,VVNB"
cầu giấy,2023-04-12,26,23,24.3,26,23,24.3,23.3,94.4,4.308,100,8.33,rain,0,0,30.2,14.8,125.1,1009.7,96.6,3.7,76.9,6.8,3,10,2023-04-12T05:40:59,2023-04-12T18:14:50,0.72,"Rain, Overcast",Cloudy skies throughout the day with rain in the morning and afternoon.,rain,"48820099999,48823099999,48825099999,48831099999,VVNB"
cầu giấy,2023-04-13,25,23,24,25,23,24,23.4,96.2,3.032,100,12.5,rain,0,0,43.2,18.4,124,1008.7,98.9,3.2,103.3,8.9,5,60,2023-04-13T05:40:08,2023-04-13T18:15:09,0.75,"Rain, Overcast",Cloudy skies throughout the day with a chance of rain throughout the day.,rain,"48820099999,48823099999,48825099999,48831099999,VVNB"
cầu giấy,2023-04-14,25.5,23.6,24.4,25.5,23.6,24.4,23.8,96,1.996,100,12.5,rain,0,0,29.2,14.8,104.5,1008.2,97.4,2.9,78.9,6.9,4,75,2023-04-14T05:39:19,2023-04-14T18:15:29,0.79,"Rain, Overcast",Cloudy skies throughout the day with a chance of rain throughout the day.,rain,"48820099999,48823099999,48825099999,48831099999,VVNB"
cầu giấy,2023-04-15,29,24,25.7,32.7,24,26.5,23.3,87.3,9.169,100,16.67,rain,0,0,28.8,14.8,56,1010.6,79.4,7,65.1,5.6,4,30,2023-04-15T05:38:29,2023-04-15T18:15:48,0.82,"Rain, Partially cloudy",Partly cloudy throughout the day with a chance of rain throughout the day.,rain,"48820099999,48823099999,48825099999,48831099999,VVNB"
cầu giấy,2023-04-16,30,22,25.9,33.3,22,27,21.8,79.2,0.001,100,4.17,rain,0,0,24.5,14.8,145.5,1009.1,50.1,7.6,199.2,17.4,8,30,2023-04-16T05:37:41,2023-04-16T18:16:08,0.86,"Rain, Partially cloudy",Partly cloudy throughout the day with early morning rain.,rain,"48820099999,48823099999,48825099999,48831099999,VVNB"
cầu giấy,2023-04-17,28.6,23,25.5,33.2,23,26.9,23.1,86.6,0,0,0,rain,0,0,31,20.5,118.5,1006.9,83.6,6.2,181.5,15.8,6,75,2023-04-17T05:36:53,2023-04-17T18:16:28,0.89,Partially cloudy,Partly cloudy throughout the day.,partly-cloudy-day,"48820099999,48823099999,48825099999,48831099999,VVNB"
cầu giấy,2023-04-18,30.6,25,27.2,37.5,25,29.9,25,88.3,0,0,0,rain,0,0,31,18.4,113.2,1004.8,95.8,6.3,243.9,21,8,75,2023-04-18T05:36:05,2023-04-18T18:16:48,0.93,Overcast,Cloudy skies throughout the day.,cloudy,"48820099999,48823099999,48825099999,48831099999,VVNB"
cầu giấy,2023-04-19,32,26,28.2,39.2,26,31.7,24.8,82.3,0,0,0,rain,0,0,24.1,16.6,111.5,1001.9,86.4,6.5,272.5,23.6,9,75,2023-04-19T05:35:18,2023-04-19T18:17:09,0.97,Partially cloudy,Partly cloudy throughout the day.,partly-cloudy-day,"48820099999,48823099999,48825099999,48831099999,VVNB"
cầu giấy,2023-04-20,30.5,25,27.7,37.3,25,31,24.4,82.3,0,0,0,rain,0,0,25.2,18.4,121.8,1001,91.4,6.6,193.7,16.9,7,75,2023-04-20T05:34:32,2023-04-20T18:17:29,0,Overcast,Cloudy skies throughout the day.,cloudy,"48820099999,48823099999,48825099999,48831099999,VVNB"
cầu giấy,2023-04-21,32,25.6,28.3,39.2,25.6,32.3,24.8,81.9,0,0,0,rain,0,0,31.3,20.5,117.8,1001.4,87.5,6.3,234,20.2,9,75,2023-04-21T05:33:46,2023-04-21T18:17:50,0.03,Partially cloudy,Partly cloudy throughout the day.,partly-cloudy-day,"48820099999,48823099999,48825099999,48831099999,VVNB"
cầu giấy,2023-04-22,31.5,26,28.2,39.1,26,32.4,25,83.4,0,0,0,rain,0,0,30.2,20.5,112,1003.7,85,7.5,271.4,23.2,9,75,2023-04-22T05:33:01,2023-04-22T18:18:11,0.07,Partially cloudy,Partly cloudy throughout the day.,partly-cloudy-day,"48820099999,48823099999,48825099999,48831099999,VVNB"
cầu giấy,2023-04-23,31.1,27,28.4,37.8,30.1,33.1,24.9,82,0,0,0,rain,0,0,32.4,20.5,121,1007.8,79.3,8.4,218.8,18.8,8,60,2023-04-23T05:32:16,2023-04-23T18:18:33,0.1,Partially cloudy,Partly cloudy throughout the day.,partly-cloudy-day,"48820099999,48823099999,48825099999,48831099999,VVNB"
cầu giấy,2023-04-24,33,26,28.4,40.6,26,32,24.8,82.1,12.5,100,37.5,rain,0,0,33.1,24.1,123.8,1010.2,73.7,8.7,140.9,12.3,8,60,2023-04-24T05:31:32,2023-04-24T18:18:54,0.13,"Rain, Partially cloudy",Partly cloudy throughout the day with rain.,rain,"48820099999,48823099999,48825099999,48831099999,VVNB"
cầu giấy,2023-04-25,27,18,21.8,30.1,18,22,19.5,86.8,3.979,100,4.17,rain,0,0,33.1,25.9,57.7,1013.9,92.7,9.5,47.2,3.9,2,30,2023-04-25T05:30:49,2023-04-25T18:19:16,0.16,"Rain, Overcast",Cloudy skies throughout the day with afternoon rain.,rain,"48820099999,48823099999,48825099999,48831099999,VVNB"
cầu giấy,2023-04-26,26.1,20,22.8,26.1,20,22.8,16.9,71.5,0.6,100,12.5,rain,0,0,19.1,9.4,318.7,1014.2,56.7,9.1,197.4,17,8,10,2023-04-26T05:30:07,2023-04-26T18:19:38,0.19,"Rain, Partially cloudy",Partly cloudy throughout the day with afternoon rain.,rain,"48820099999,48823099999,48825099999,48831099999,VVNB"
cầu giấy,2023-04-27,31,21,25.2,34.6,21,26.2,20.4,76.1,0,0,0,,0,0,36.4,24.1,114.6,1011.1,37.6,10,208.7,18,7,10,2023-04-27T05:29:25,2023-04-27T18:20:00,0.23,Partially cloudy,Partly cloudy throughout the day.,partly-cloudy-day,"48820099999,48823099999,48825099999,48831099999,VVNB,remote"
cầu giấy,2023-04-28,30.1,24,26.6,36.2,24,29,23.8,84.9,0.021,100,4.17,rain,0,0,37.8,22.3,126.2,1009.8,89.8,8.6,174.3,14.8,6,60,2023-04-28T05:28:45,2023-04-28T18:20:22,0.25,"Rain, Partially cloudy",Partly cloudy throughout the day with afternoon rain.,rain,"48820099999,48823099999,48825099999,48831099999,VVNB"
cầu giấy,2023-04-29,29,22,25.4,32,22,26,22.2,83,53.559,100,8.33,rain,0,0,34.2,18.4,90,1011.2,90.1,9,109,9.3,5,30,2023-04-29T05:28:04,2023-04-29T18:20:45,0.29,"Rain, Overcast",Cloudy skies throughout the day with rain.,rain,"48820099999,48823099999,48825099999,48831099999,VVNB"
cầu giấy,2023-04-30,25.5,21,23.5,25.5,21,23.5,18,72.2,0.506,100,8.33,rain,0,0,19.4,13,40.2,1013.2,80.4,10,217.2,18.8,9,10,2023-04-30T05:27:25,2023-04-30T18:21:07,0.32,"Rain, Partially cloudy",Partly cloudy throughout the day with rain.,rain,"48820099999,48823099999,48825099999,48831099999,VVNB"
cầu giấy,2023-05-01,30,22,25.5,31.9,22,26.2,19.7,71.3,0,0,0,,0,0,28.1,18.4,110.2,1011.7,50.4,9.6,221.3,19.3,8,10,2023-05-01T05:26:47,2023-05-01T18:21:31,0.35,Partially cloudy,Partly cloudy throughout the day.,partly-cloudy-day,"48820099999,48823099999,48825099999,48831099999,VVNB"
cầu giấy,2023-05-02,31,22,26,35.5,22,27.3,22,79.7,0,0,0,rain,0,0,37.1,18.4,135.7,1011.3,69.7,9.3,186.8,16,6,10,2023-05-02T05:26:09,2023-05-02T18:21:54,0.39,Partially cloudy,Partly cloudy throughout the day.,partly-cloudy-day,"48820099999,48823099999,48825099999,48831099999,VVNB"
cầu giấy,2023-05-03,32,25,28,37.9,25,31.2,24.1,80.3,0.1,100,4.17,rain,0,0,42.8,25.9,137.1,1009.4,73.2,8.9,196.8,16.9,6,30,2023-05-03T05:25:33,2023-05-03T18:22:17,0.42,"Rain, Partially cloudy",Partly cloudy throughout the day with afternoon rain.,rain,"48820099999,48823099999,48825099999,48831099999,VVNB"
cầu giấy,2023-05-04,34,26,29,45.3,26,34.5,25.5,82.2,0,0,0,,0,0,42.5,25.9,121,1004.2,74.5,10,252.4,21.7,9,75,2023-05-04T05:24:57,2023-05-04T18:22:41,0.45,Partially cloudy,Partly cloudy throughout the day.,partly-cloudy-day,"48820099999,48823099999,48825099999,48831099999,VVNB"
cầu giấy,2023-05-05,36.1,26.6,30.1,50.4,26.6,37.3,26.1,80.4,0,0,0,,0,0,22.7,18.4,101.4,999.7,47.5,10.2,309,26.7,10,60,2023-05-05T05:24:22,2023-05-05T18:23:05,0.48,Partially cloudy,Partly cloudy throughout the day.,partly-cloudy-day,"48820099999,48823099999,48825099999,48831099999,VVNB"
cầu giấy,2023-05-06,39,27,31.6,51.5,30.6,40.2,26.5,76.5,0,0,0,,0,0,24.5,22.3,110.7,998.4,28.3,11.4,312.7,26.9,10,75,2023-05-06T05:23:48,2023-05-06T18:23:29,0.5,Partially cloudy,Clearing in the afternoon.,partly-cloudy-day,"48820099999,48823099999,48825099999,48831099999,VVNB"
cầu giấy,2023-05-07,35.3,26.8,30.7,45.9,30.1,38.7,26.3,78.6,2.7,100,16.67,rain,0,0,36.7,27.7,111.1,1001.3,70.9,9.6,282.9,24.5,9,100,2023-05-07T05:23:15,2023-05-07T18:23:53,0.55,"Rain, Partially cloudy",Partly cloudy throughout the day with late afternoon rain.,rain,"48820099999,48823099999,48825099999,48831099999,VVNB"
cầu giấy,2023-05-08,28,23,25.2,33.6,23,25.8,22.9,87.1,26.294,100,16.67,rain,0,0,32.4,18.4,59.9,1008,91.3,9.8,67.1,5.9,3,10,2023-05-08T05:22:42,2023-05-08T18:24:17,0.59,"Rain, Overcast",Cloudy skies throughout the day with a chance of rain throughout the day.,rain,"48820099999,48823099999,48825099999,48831099999,VVNB"
cầu giấy,2023-05-09,26,21,23.4,26,21,23.4,21.7,90.3,11.675,100,4.17,rain,0,0,21.2,14.8,69.5,1010.5,98.2,7.9,115.8,10,6,10,2023-05-09T05:22:11,2023-05-09T18:24:42,0.62,"Rain, Overcast",Cloudy skies throughout the day with late afternoon rain.,rain,"48820099999,48823099999,48825099999,48831099999,VVNB"
cầu giấy,2023-05-10,30,24,26.8,37.4,24,29.9,24.7,88.8,0.297,100,4.17,rain,0,0,28.8,14.8,102.9,1009.3,92.8,7.6,187.4,16.2,8,60,2023-05-10T05:21:41,2023-05-10T18:25:07,0.66,"Rain, Overcast",Cloudy skies throughout the day with late afternoon rain.,rain,"48820099999,48823099999,48825099999,48831099999,VVNB"
cầu giấy,2023-05-11,32.3,24,27.4,39.2,24,29.2,23.6,81,0.064,100,12.5,rain,0,0,42.8,25.9,78.3,1011.2,86.4,9.2,128.6,11.1,5,30,2023-05-11T05:21:12,2023-05-11T18:25:32,0.7,"Rain, Partially cloudy",Partly cloudy throughout the day with a chance of rain throughout the day.,rain,"48820099999,48823099999,48825099999,48831099999,VVNB"
cầu giấy,2023-05-12,29,24,26.1,30.3,24,26.4,18.8,64.8,0.032,100,8.33,rain,0,0,27.4,22.3,42.5,1014.1,96.6,10,121.6,10.6,6,10,2023-05-12T05:20:44,2023-05-12T18:25:57,0.75,"Rain, Overcast",Cloudy skies throughout the day with rain.,rain,"48820099999,48823099999,48825099999,48831099999,VVNB"
cầu giấy,2023-05-13,25.5,22,23.6,25.5,22,23.6,18.6,73.8,0.119,100,12.5,rain,0,0,28.1,16.6,47.5,1014.2,99,10,102.8,8.9,4,10,2023-05-13T05:20:16,2023-05-13T18:26:22,0.77,"Rain, Overcast",Cloudy skies throughout the day with a chance of rain throughout the day.,rain,"48820099999,48823099999,48825099999,48831099999,VVNB"
cầu giấy,2023-05-14,26.1,20,23.3,26.1,20,23.3,20.3,83.3,0.198,100,4.17,rain,0,0,25.9,13,332.7,1012.7,94.4,9,189.2,16.3,9,10,2023-05-14T05:19:50,2023-05-14T18:26:47,0.8,"Rain, Overcast",Cloudy skies throughout the day with late afternoon rain.,rain,"48820099999,48823099999,48825099999,48831099999,VVNB"
cầu giấy,2023-05-15,32,22,26.7,35.9,22,28.4,22.2,77.7,1.1,100,4.17,rain,0,0,27,24.1,122.6,1009,52.4,9.3,228.2,19.8,8,10,2023-05-15T05:19:25,2023-05-15T18:27:12,0.84,"Rain, Partially cloudy",Partly cloudy throughout the day with early morning rain.,rain,"48820099999,48823099999,48825099999,48831099999,VVNB"
cầu giấy,2023-05-16,36.1,25,29.7,44.9,25,34.4,24.7,76.5,0.198,100,4.17,rain,0,0,25.6,20.5,124.7,1005.1,65.7,9,284.8,24.6,9,30,2023-05-16T05:19:01,2023-05-16T18:27:38,0.88,"Rain, Partially cloudy",Partly cloudy throughout the day with late afternoon rain.,rain,"48820099999,48823099999,48825099999,48831099999,VVNB"
cầu giấy,2023-05-17,39.5,26,32.3,43.4,26,36.1,23.2,64.3,0,0,0,,0,0,24.5,18.4,103.4,1002.9,7.5,9.9,317.3,27.4,10,10,2023-05-17T05:18:38,2023-05-17T18:28:03,0.91,Clear,Clear conditions throughout the day.,clear-day,"48820099999,48823099999,48825099999,48831099999,VVNB"
cầu giấy,2023-05-18,39,27,32.8,43.4,30.1,38.4,23.8,62.3,0,0,0,,0,0,18,14.8,80.6,1002.8,6.9,12,309.9,26.9,10,10,2023-05-18T05:18:16,2023-05-18T18:28:29,0.95,Clear,Clear conditions throughout the day.,clear-day,"48820099999,48823099999,48825099999,48831099999,VVNB"
cầu giấy,2023-05-19,36,27,31,46.3,30.6,38.8,25.9,75.1,0,0,0,rain,0,0,20.5,20.5,104.3,1003.5,34.9,9.7,282,24.2,9,75,2023-05-19T05:17:55,2023-05-19T18:28:55,0,Partially cloudy,Partly cloudy throughout the day.,partly-cloudy-day,"48820099999,48823099999,48825099999,48831099999,VVNB"
cầu giấy,2023-05-20,36,27.8,30.6,48.1,33.6,38.7,26.5,79.6,0.099,100,4.17,rain,0,0,26.3,22.3,113.2,1003.9,61.7,8.6,270.7,23.4,9,75,2023-05-20T05:17:35,2023-05-20T18:29:20,0.02,"Rain, Partially cloudy",Partly cloudy throughout the day with late afternoon rain.,rain,"48820099999,48823099999,48825099999,48831099999,VVNB"
cầu giấy,2023-05-21,36.4,28,31.5,50.2,34.5,41.8,27.4,79.9,0,0,0,,0,0,32.8,24.1,110.7,1004.5,58.9,9.5,299.2,26,10,75,2023-05-21T05:17:16,2023-05-21T18:29:46,0.05,Partially cloudy,Partly cloudy throughout the day.,partly-cloudy-day,"48820099999,48823099999,48825099999,48831099999,VVNB"
cầu giấy,2023-05-22,38,28,32.3,50.8,33.6,42.4,27.1,75.9,0,0,0,,0,0,33.1,22.3,104.4,1003.9,24.7,11.6,309,26.7,10,75,2023-05-22T05:16:58,2023-05-22T18:30:12,0.08,Partially cloudy,Clearing in the afternoon.,partly-cloudy-day,"48820099999,48823099999,48825099999,48831099999,VVNB"
cầu giấy,2023-05-23,35,28.7,30.7,45.9,35.4,39.3,26.5,79,0.099,100,4.17,rain,0,0,41.8,22.3,100.7,1004.9,59.6,10.2,158.3,13.7,6,100,2023-05-23T05:16:41,2023-05-23T18:30:37,0.11,"Rain, Partially cloudy",Partly cloudy throughout the day with late afternoon rain.,rain,"48820099999,48823099999,48825099999,48831099999,VVNB"
cầu giấy,2023-05-24,33,24,28.4,43.8,24,32.9,25.3,84,3.76,100,4.17,rain,0,0,25.6,22.3,114.8,1006.6,86.1,9,114.6,9.9,6,75,2023-05-24T05:16:26,2023-05-24T18:31:03,0.15,"Rain, Partially cloudy",Partly cloudy throughout the day with late afternoon rain.,rain,"48820099999,48823099999,48825099999,48831099999,VVNB"
cầu giấy,2023-05-25,32.4,24,27.7,41.5,24,31.4,24.8,84.9,7.653,100,12.5,rain,0,0,27.4,16.6,114.6,1007.5,63.7,8.9,216.3,18.7,7,60,2023-05-25T05:16:11,2023-05-25T18:31:28,0.18,"Rain, Partially cloudy",Partly cloudy throughout the day with rain.,rain,"48820099999,48823099999,48825099999,48831099999,VVNB"
cầu giấy,2023-05-26,32.4,25,28.3,42.3,25,33,25.3,84.3,4.76,100,8.33,rain,0,0,27.7,22.3,112,1007.9,59.6,9.6,188.6,16.2,6,30,2023-05-26T05:15:58,2023-05-26T18:31:53,0.21,"Rain, Partially cloudy",Partly cloudy throughout the day with rain.,rain,"48820099999,48823099999,48825099999,48831099999,VVNB"
cầu giấy,2023-05-27,33,26,29.5,42.1,26,36.1,26,82.1,0.006,100,8.33,rain,0,0,33.8,24.1,110.8,1006.7,50.3,9.4,216.8,18.7,7,30,2023-05-27T05:15:46,2023-05-27T18:32:19,0.25,"Rain, Partially cloudy",Partly cloudy throughout the day with rain in the morning and afternoon.,rain,"48820099999,48823099999,48825099999,48831099999,VVNB"
cầu giấy,2023-05-28,34,27,29.9,42.1,31.2,36.6,25.8,79.9,0.11,100,8.33,rain,0,0,30.2,18.4,114.6,1007.4,55.3,9.4,266.7,22.9,9,30,2023-05-28T05:15:34,2023-05-28T18:32:44,0.28,"Rain, Partially cloudy",Partly cloudy throughout the day with rain.,rain,"48820099999,48823099999,48825099999,48831099999,VVNB"
cầu giấy,2023-05-29,35.3,27,30.9,43.3,31.2,37.6,25.5,74.8,0.005,100,4.17,rain,0,0,19.4,16.6,116.6,1007.7,30.3,10.9,294.6,25.3,9,30,2023-05-29T05:15:24,2023-05-29T18:33:09,0.31,"Rain, Partially cloudy",Partly cloudy throughout the day with late afternoon rain.,rain,"48820099999,48823099999,48825099999,48831099999,VVNB"
cầu giấy,2023-05-30,36.4,27,31.6,43.2,31.2,38,25,71.1,0,0,0,,0,0,19.1,16.6,113.3,1005.7,16,11.7,304.8,26.4,9,30,2023-05-30T05:15:15,2023-05-30T18:33:33,0.34,Clear,Clear conditions throughout the day.,clear-day,"48820099999,48823099999,48825099999,48831099999,VVNB"
cầu giấy,2023-05-31,37,27,31.8,47.6,31.2,38.9,25.4,70.6,0,0,0,,0,0,23.4,22.3,114.8,1002.7,15.6,10.5,310.7,26.7,10,30,2023-05-31T05:15:07,2023-05-31T18:33:58,0.37,Clear,Clear conditions throughout the day.,clear-day,"48820099999,48823099999,48825099999,48831099999,VVNB"
cầu giấy,2023-06-01,37.1,28,31.9,51.5,33.6,41.4,26.8,75.9,0,0,0,,0,0,22.7,25.9,105.5,1001,33.5,9.1,265.1,22.8,8,75,2023-06-01T05:15:00,2023-06-01T18:34:22,0.4,Partially cloudy,Partly cloudy throughout the day.,partly-cloudy-day,"48820099999,48823099999,48825099999,48831099999,VVNB"
cầu giấy,2023-06-02,38,29,32.5,49,32,42.1,26.6,73.1,0.2,100,4.17,rain,0,0,26.6,22.3,111.8,1001.8,52.2,10.9,267.5,23.2,9,75,2023-06-02T05:14:54,2023-06-02T18:34:46,0.44,"Rain, Partially cloudy",Partly cloudy throughout the day with late afternoon rain.,rain,"48820099999,48823099999,48825099999,48831099999,VVNB"
cầu giấy,2023-06-03,37,25.5,30.6,46,25.5,35.5,24.2,70.2,1.979,100,4.17,rain,0,0,23,25.9,110.8,1004.9,49,10.5,286.3,24.7,9,75,2023-06-03T05:14:50,2023-06-03T18:35:09,0.47,"Rain, Partially cloudy",Partly cloudy throughout the day with early morning rain.,rain,"48820099999,48823099999,48825099999,48831099999,VVNB"
cầu giấy,2023-06-04,36,26,30.4,44.7,26,36,24.6,72.6,2.968,100,4.17,rain,0,0,35.3,22.3,120.4,1005,69.2,10.8,161.3,14,6,30,2023-06-04T05:14:46,2023-06-04T18:35:33,0.5,"Rain, Partially cloudy",Partly cloudy throughout the day with late afternoon rain.,rain,"48820099999,48823099999,48825099999,48831099999,VVNB"
cầu giấy,2023-06-05,34.1,26,29.7,42,26,35.4,25.2,77.8,8.2,100,62.5,rain,0,0,22.3,14.8,102.8,1004.9,71.4,9.6,193,16.5,7,30,2023-06-05T05:14:43,2023-06-05T18:35:56,0.54,"Rain, Partially cloudy",Partly cloudy throughout the day with a chance of rain throughout the day.,rain,"48820099999,48823099999,48825099999,48831099999,VVNB"
cầu giấy,2023-06-06,34,27,28.9,42,30.6,34.8,25.6,83,16.99,100,8.33,rain,0,0,22.7,18.4,345.9,1005.6,60,8.9,162.7,14,7,30,2023-06-06T05:14:42,2023-06-06T18:36:18,0.57,"Rain, Partially cloudy",Partly cloudy throughout the day with rain in the morning and afternoon.,rain,"48820099999,48823099999,48825099999,48831099999,VVNB"
cầu giấy,2023-06-07,36,27,31,43.2,30.6,36.8,24.7,71.2,0.3,100,12.5,rain,0,0,27.4,22.3,57.4,1005,67.5,9.7,229.6,19.9,8,30,2023-06-07T05:14:41,2023-06-07T18:36:40,0.61,"Rain, Partially cloudy",Partly cloudy throughout the day with rain clearing later.,rain,"48820099999,48823099999,48825099999,48831099999,VVNB"
cầu giấy,2023-06-08,35,27,30.3,44.9,30.1,37.9,26.3,80.4,5.8,100,29.17,rain,0,0,59.4,27.7,65.9,1003.9,66.8,7.6,229.1,20,8,60,2023-06-08T05:14:42,2023-06-08T18:37:02,0.64,"Rain, Partially cloudy",Partly cloudy throughout the day with rain.,rain,"48820099999,48823099999,48825099999,48831099999,VVNB"
cầu giấy,2023-06-09,33,25,28.9,42.1,25,33.2,25,80.8,51.831,100,16.67,rain,0,0,31.3,18.4,287.4,1003.2,73.7,10.4,116.4,10,4,30,2023-06-09T05:14:43,2023-06-09T18:37:23,0.68,"Rain, Partially cloudy",Partly cloudy throughout the day with a chance of rain throughout the day.,rain,"48820099999,48823099999,48825099999,48831099999,VVNB"
cầu giấy,2023-06-10,36,27.7,31.7,46.2,32.5,38.7,25.2,70.4,0.1,100,4.17,rain,0,0,22.7,16.6,304.4,1001.3,47.2,9.6,284.8,24.5,9,30,2023-06-10T05:14:45,2023-06-10T18:37:44,0.72,"Rain, Partially cloudy",Partly cloudy throughout the day with afternoon rain.,rain,"48820099999,48823099999,48825099999,48831099999,VVNB"
cầu giấy,2023-06-11,37,28,32,47.6,34.5,40.7,26.3,73.4,0.6,100,8.33,rain,0,0,20.9,20.5,106.4,1000.9,43.9,8.9,291.2,25.1,9,30,2023-06-11T05:14:49,2023-06-11T18:38:04,0.75,"Rain, Partially cloudy",Partly cloudy throughout the day with rain.,rain,"48820099999,48823099999,48825099999,48831099999,VVNB"
cầu giấy,2023-06-12,34,28,30.4,45.8,32.7,38.6,26.5,80.1,0.697,100,4.17,rain,0,0,25.2,18.4,116.8,1001.5,64,9.4,234.7,20.3,8,30,2023-06-12T05:14:53,2023-06-12T18:38:24,0.79,"Rain, Partially cloudy",Partly cloudy throughout the day with late afternoon rain.,rain,"48820099999,48823099999,48825099999,48831099999,VVNB"
cầu giấy,2023-06-13,34.1,25,29.4,43.5,25,34.7,25.5,81.2,0.251,100,4.17,rain,0,0,28.1,18.4,309.4,1001.9,66.5,9.5,157.1,13.7,7,30,2023-06-13T05:14:58,2023-06-13T18:38:43,0.82,"Rain, Partially cloudy",Partly cloudy throughout the day with late afternoon rain.,rain,"48820099999,48823099999,48825099999,48831099999,VVNB"
cầu giấy,2023-06-14,29.7,25,27.3,35.9,25,30.1,24.9,87.3,27.007,100,8.33,rain,0,0,23,13,5.8,1004.5,87.1,9.4,163,14.1,6,30,2023-06-14T05:15:05,2023-06-14T18:39:01,0.86,"Rain, Partially cloudy",Partly cloudy throughout the day with rain.,rain,"48820099999,48823099999,48825099999,48831099999,VVNB"
cầu giấy,2023-06-15,34,26,29.5,43.5,26,35,25.6,80.3,0.296,100,4.17,rain,0,0,30.2,13.9,133.2,1003.4,65.7,8.7,191,16.4,7,60,2023-06-15T05:15:12,2023-06-15T18:39:19,0.89,"Rain, Partially cloudy",Partly cloudy throughout the day with early morning rain.,rain,"48820099999,48823099999,48825099999,48831099999,VVNB"
cầu giấy,2023-06-16,35,28,31.2,46.7,32.7,39.4,26.2,75.8,4.2,100,16.67,rain,0,0,29.9,20.5,113.4,1001.8,70.6,9.1,203.3,17.4,7,60,2023-06-16T05:15:20,2023-06-16T18:39:37,0.93,"Rain, Partially cloudy",Partly cloudy throughout the day with rain in the morning and afternoon.,rain,"48820099999,48823099999,48825099999,48831099999,VVNB"
cầu giấy,2023-06-17,36.1,25,31,45.8,25,39.2,26.4,77.9,0.9,100,12.5,rain,0,0,25.6,24.1,118.8,1002.9,70.9,10.3,231.9,20.2,8,60,2023-06-17T05:15:29,2023-06-17T18:39:53,0.96,"Rain, Partially cloudy",Partly cloudy throughout the day with rain.,rain,"48820099999,48823099999,48825099999,48831099999,VVNB"
cầu giấy,2023-06-18,33,25,28.4,43.8,25,33.2,25.4,84.3,15.937,100,8.33,rain,0,0,24.8,18.5,113.6,1004,83.3,9.7,191.8,16.6,7,75,2023-06-18T05:15:38,2023-06-18T18:40:09,0,"Rain, Partially cloudy",Partly cloudy throughout the day with rain.,rain,"48820099999,48823099999,48825099999,48831099999,VVNB"
cầu giấy,2023-06-19,31.1,27,28.8,40.6,30.1,35.8,26.4,87,0.2,100,8.33,rain,0,0,25.6,13,80.5,1003.4,70.4,9.3,172.2,14.7,8,60,2023-06-19T05:15:49,2023-06-19T18:40:24,0.03,"Rain, Partially cloudy",Partly cloudy throughout the day with afternoon rain.,rain,"48820099999,48823099999,48825099999,48831099999,VVNB"
cầu giấy,2023-06-20,36,26,30.4,45.3,26,37.6,26,79.2,6.629,100,4.17,rain,0,0,51.8,22.3,94.1,1003.2,59,9.2,221.4,19.1,8,75,2023-06-20T05:16:00,2023-06-20T18:40:38,0.07,"Rain, Partially cloudy",Partly cloudy throughout the day with late afternoon rain.,rain,"48820099999,48823099999,48825099999,48831099999,VVNB"
cầu giấy,2023-06-21,35.1,25,28.7,45.8,25,33.8,25.4,83.1,18.898,100,4.17,rain,0,0,20.5,37.1,86.3,1004.3,80.1,9.4,225.5,19.3,8,75,2023-06-21T05:16:12,2023-06-21T18:40:52,0.1,"Rain, Partially cloudy",Partly cloudy throughout the day with late afternoon rain.,rain,"48820099999,48823099999,48825099999,48831099999,VVNB"
cầu giấy,2023-06-22,33.9,26,30,45.3,26,37.3,26.3,81.2,17.81,100,4.17,rain,0,0,23.4,9.4,67,1003.4,68.5,9.5,190.3,16.4,7,60,2023-06-22T05:16:25,2023-06-22T18:41:05,0.13,"Rain, Partially cloudy",Partly cloudy throughout the day with late afternoon rain.,rain,"48820099999,48823099999,48825099999,48831099999,VVNB"
cầu giấy,2023-06-23,30.8,24.7,27.7,40.4,24.7,31.5,24.7,84,1.172,100,8.33,rain,0,0,29.2,20.5,63.5,1003.9,74.3,10,128.4,11.1,5,60,2023-06-23T05:16:39,2023-06-23T18:41:17,0.16,"Rain, Partially cloudy",Partly cloudy throughout the day with rain.,rain,"48820099999,48823099999,48825099999,48831099999,VVNB"
cầu giấy,2023-06-24,28.8,25,26.5,34.7,25,28.5,25.2,93.1,40.345,100,12.5,rain,0,0,22.7,11.2,85.3,1003.7,90.8,7.9,42.5,3.6,2,10,2023-06-24T05:16:53,2023-06-24T18:41:28,0.2,"Rain, Overcast",Cloudy skies throughout the day with rain.,rain,"48820099999,48823099999,48825099999,48831099999,VVNB"
cầu giấy,2023-06-25,27.9,25,26.1,32.6,25,27.5,24.8,92.3,29.81,100,12.5,rain,0,0,18.7,11.2,339.8,1005.3,90.1,9.1,40.6,3.5,2,10,2023-06-25T05:17:08,2023-06-25T18:41:38,0.23,"Rain, Overcast",Cloudy skies throughout the day with a chance of rain throughout the day.,rain,"48820099999,48823099999,48825099999,48831099999,VVNB"
cầu giấy,2023-06-26,30,25,27.4,36.2,25,30.4,25,87.2,13.939,100,12.5,rain,0,0,19.8,18.4,104.8,1006.3,77,9.4,69.2,5.7,2,10,2023-06-26T05:17:24,2023-06-26T18:41:47,0.25,"Rain, Partially cloudy",Partly cloudy throughout the day with rain.,rain,"48820099999,48823099999,48825099999,48831099999,VVNB"
cầu giấy,2023-06-27,30,26,27.8,36.5,26,31.9,25.4,87.1,0.1,100,8.33,rain,0,0,24.8,22.3,109.3,1007.2,85.1,9.3,106.8,9.4,4,60,2023-06-27T05:17:40,2023-06-27T18:41:56,0.29,"Rain, Partially cloudy",Partly cloudy throughout the day with rain.,rain,"48820099999,48823099999,48825099999,48831099999,VVNB"
cầu giấy,2023-06-28,34,26,29.6,43.7,26,35.7,25.9,81.1,6.424,100,12.5,rain,0,0,33.1,20.5,131.9,1007.4,67.9,9.8,249.3,21.7,9,60,2023-06-28T05:17:57,2023-06-28T18:42:03,0.33,"Rain, Partially cloudy",Partly cloudy throughout the day with rain.,rain,"48820099999,48823099999,48825099999,48831099999,VVNB"
cầu giấy,2023-06-29,36,28,31.2,46.3,34.5,39.8,26.6,77.8,0.2,100,8.33,rain,0,0,31.3,24.1,135,1004.3,60.6,11,277.3,24,9,60,2023-06-29T05:18:15,2023-06-29T18:42:10,0.36,"Rain, Partially cloudy",Partly cloudy throughout the day with rain in the morning and afternoon.,rain,"48820099999,48823099999,48825099999,48831099999,VVNB"
cầu giấy,2023-06-30,36.9,29,31.9,50.2,36.8,43,27.6,79.1,0,0,0,,0,0,26.6,20.5,113.7,1001.8,81.7,10.7,274.8,23.8,9,75,2023-06-30T05:18:33,2023-06-30T18:42:15,0.39,Partially cloudy,Partly cloudy throughout the day.,partly-cloudy-day,"48823099999,48820099999,48825099999,48831099999,VVNB"
cầu giấy,2023-07-01,37,28,32,51.5,34.5,42.6,27.4,77.8,0.396,100,4.17,rain,0,0,30.6,18.4,108.3,1001.9,75.3,9.9,249.2,21.6,8,75,2023-07-01T05:18:51,2023-07-01T18:42:20,0.43,"Rain, Partially cloudy",Partly cloudy throughout the day with late afternoon rain.,rain,"48820099999,48823099999,48825099999,48831099999,VVNB"
cầu giấy,2023-07-02,36.9,28,30.9,47.6,31.3,39.6,26.4,77.6,0.099,100,4.17,rain,0,0,27,18.4,103.2,1003,66.7,10.9,266.7,23.2,9,60,2023-07-02T05:19:10,2023-07-02T18:42:24,0.46,"Rain, Partially cloudy",Partly cloudy throughout the day with late afternoon rain.,rain,"48820099999,48823099999,48825099999,48831099999,VVNB"
cầu giấy,2023-07-03,34.5,27,30.7,45.8,29.6,39.9,26.9,81,1.979,100,4.17,rain,0,0,24.8,22.3,103.3,1003.6,81.2,10,172.5,14.9,5,60,2023-07-03T05:19:30,2023-07-03T18:42:26,0.5,"Rain, Partially cloudy",Partly cloudy throughout the day with late afternoon rain.,rain,"48820099999,48823099999,48825099999,48831099999,VVNB"
cầu giấy,2023-07-04,35.3,27,30.5,46.7,30.6,38,26,77.7,2.7,100,37.5,rain,0,0,25.9,22.3,90.4,1004.1,65.8,10.6,258.7,22.4,8,60,2023-07-04T05:19:50,2023-07-04T18:42:28,0.53,"Rain, Partially cloudy",Partly cloudy throughout the day with a chance of rain throughout the day.,rain,"48820099999,48823099999,48825099999,48831099999,VVNB"
cầu giấy,2023-07-05,35.4,26,29.7,45.3,26,36.5,26.2,82.8,2.474,100,4.17,rain,0,0,25.2,22.3,111.6,1004.5,63,9.9,257.9,22.1,9,30,2023-07-05T05:20:10,2023-07-05T18:42:28,0.56,"Rain, Partially cloudy",Partly cloudy throughout the day with late afternoon rain.,rain,"48820099999,48823099999,48825099999,48831099999,VVNB"
cầu giấy,2023-07-06,36.5,27.8,31.7,46.3,33.3,39.7,26.1,74.1,0.198,100,4.17,rain,0,0,35.3,24.1,133.8,1004.7,31.4,10.6,295.9,25.5,9,75,2023-07-06T05:20:31,2023-07-06T18:42:28,0.6,"Rain, Partially cloudy",Partly cloudy throughout the day with late afternoon rain.,rain,"48820099999,48823099999,48825099999,48831099999,VVNB"
cầu giấy,2023-07-07,37.3,28,32.3,46.7,33.6,40.9,26.1,71.3,0,0,0,,0,0,30.6,25.9,135.9,1004.8,29.9,11.3,299.3,26,9,75,2023-07-07T05:20:53,2023-07-07T18:42:26,0.63,Partially cloudy,Partly cloudy throughout the day.,partly-cloudy-day,"48820099999,48823099999,48825099999,48831099999,VVNB"
cầu giấy,2023-07-08,34.9,25,30.1,47.9,25,37.5,26.2,79.9,0.099,100,4.17,rain,0,0,31.7,22.3,129.9,1006.5,62.4,9.9,280.2,24.3,9,75,2023-07-08T05:21:14,2023-07-08T18:42:23,0.67,"Rain, Partially cloudy",Partly cloudy throughout the day with late afternoon rain.,rain,"48820099999,48823099999,48825099999,48831099999,VVNB"
cầu giấy,2023-07-09,34.5,26,30,43.7,26,35.5,25,75.7,0.099,100,4.17,rain,0,0,25.6,18.4,126.1,1007.1,66.1,10,233.6,20.2,8,60,2023-07-09T05:21:36,2023-07-09T18:42:19,0.7,"Rain, Partially cloudy",Partly cloudy throughout the day with late afternoon rain.,rain,"48820099999,48823099999,48825099999,48831099999,VVNB"
cầu giấy,2023-07-10,36,27,31,48.1,30.1,37.9,25.3,72.7,15.636,100,8.33,rain,0,0,46.4,25.9,125.7,1006.1,60.5,11.2,270.1,23.6,9,60,2023-07-10T05:21:58,2023-07-10T18:42:15,0.75,"Rain, Partially cloudy",Partly cloudy throughout the day with rain.,rain,"48820099999,48823099999,48825099999,48831099999,VVNB"
cầu giấy,2023-07-11,37,27,31.5,46,31.2,39.2,25.8,73,5.64,100,4.17,rain,0,0,29.9,27.7,133.7,1005,43.5,11.5,288.5,25.1,9,60,2023-07-11T05:22:20,2023-07-11T18:42:09,0.77,"Rain, Partially cloudy",Partly cloudy throughout the day with late afternoon rain.,rain,"48820099999,48823099999,48825099999,48831099999,VVNB"
cầu giấy,2023-07-12,37,27,32.1,44.7,29.6,39.1,25.2,69.5,0,0,0,,0,0,34.6,31.7,143.7,1004.4,33.6,11.3,295.3,25.6,9,75,2023-07-12T05:22:43,2023-07-12T18:42:01,0.81,Partially cloudy,Partly cloudy throughout the day.,partly-cloudy-day,"48820099999,48823099999,48825099999,48831099999,VVNB"
cầu giấy,2023-07-13,36.1,25,30.8,44.7,25,36.3,24.9,72.8,1.286,100,4.17,rain,0,0,27.7,20.5,104.1,1003.5,46.2,10.9,299.9,26.1,9,15,2023-07-13T05:23:06,2023-07-13T18:41:53,0.84,"Rain, Partially cloudy",Partly cloudy throughout the day with late afternoon rain.,rain,"48820099999,48823099999,48825099999,48831099999,VVNB"
cầu giấy,2023-07-14,35.3,27.1,30.7,45.8,31,38.8,26.2,77.6,0.106,100,4.17,rain,0,0,22.7,25.9,89.5,1003,66.6,11.3,256.4,22.1,8,60,2023-07-14T05:23:29,2023-07-14T18:41:44,0.88,"Rain, Partially cloudy",Partly cloudy throughout the day with late afternoon rain.,rain,"48820099999,48823099999,48825099999,48831099999,VVNB"
cầu giấy,2023-07-15,34,27,30.6,43.8,31.1,38,25.9,77,0.106,100,4.17,rain,0,0,29.2,18.4,315.5,1002.2,55.6,10.7,225,19.5,8,60,2023-07-15T05:23:52,2023-07-15T18:41:33,0.91,"Rain, Partially cloudy",Partly cloudy throughout the day with early morning rain.,rain,"48820099999,48823099999,48825099999,48831099999,VVNB"
cầu giấy,2023-07-16,36,28,31.9,46.3,33.6,39.8,25.7,70.8,0.001,100,4.17,rain,0,0,36,13,298.9,1000.1,77.8,9.9,272.4,23.6,9,30,2023-07-16T05:24:15,2023-07-16T18:41:22,0.95,"Rain, Partially cloudy",Partly cloudy throughout the day with late afternoon rain.,rain,"48820099999,48823099999,48825099999,48831099999,VVNB"
cầu giấy,2023-07-17,38,29,33.2,43.8,35.6,39.3,23.7,60.3,0.1,100,4.17,rain,0,0,39.6,16.6,319.6,997.8,72.5,9.7,241.8,21,8,10,2023-07-17T05:24:39,2023-07-17T18:41:09,0.98,"Rain, Partially cloudy",Partly cloudy throughout the day with morning rain.,rain,"48820099999,48823099999,48825099999,48831099999,VVNB"
cầu giấy,2023-07-18,32,25,28.4,39.7,25,31.1,23,73.7,2.671,100,4.17,rain,0,0,39.2,24.1,304.5,998.2,92.6,10,77.5,6.7,3,10,2023-07-18T05:25:02,2023-07-18T18:40:55,0,"Rain, Overcast",Cloudy skies throughout the day with late afternoon rain.,rain,"48820099999,48823099999,48825099999,48831099999,VVNB"
cầu giấy,2023-07-19,29,24.7,26.4,34.5,24.7,28.4,24.4,89,14.595,100,16.67,rain,0,0,22,13,81.5,1003.6,91.5,8.8,113.8,9.9,4,30,2023-07-19T05:25:26,2023-07-19T18:40:40,0.05,"Rain, Overcast",Cloudy skies throughout the day with a chance of rain throughout the day.,rain,"48820099999,48823099999,48825099999,48831099999,VVNB"
cầu giấy,2023-07-20,29,26,27.5,35.8,26,31.8,25.5,88.9,7.106,100,12.5,rain,0,0,22.7,9.4,45.6,1006.3,56.4,8.9,87.7,7.6,5,30,2023-07-20T05:25:50,2023-07-20T18:40:24,0.08,"Rain, Partially cloudy",Partly cloudy throughout the day with rain.,rain,"48820099999,48823099999,48825099999,48831099999,VVNB"
cầu giấy,2023-07-21,33.1,26,29.2,40.6,26,34.7,25.6,81.6,4.8,100,33.33,rain,0,0,19.8,9.4,34.1,1008.6,63.6,9.5,146.7,12.7,6,60,2023-07-21T05:26:13,2023-07-21T18:40:07,0.11,"Rain, Partially cloudy",Partly cloudy throughout the day with a chance of rain throughout the day.,rain,"48820099999,48823099999,48825099999,48831099999,VVNB"
cầu giấy,2023-07-22,35,27,30.9,42,31.2,37.5,25.3,73.7,0.004,100,4.17,rain,0,0,23,16.6,131.2,1009.3,56.3,10.7,267.7,23.2,9,60,2023-07-22T05:26:37,2023-07-22T18:39:49,0.15,"Rain, Partially cloudy",Partly cloudy throughout the day with morning rain.,rain,"48820099999,48823099999,48825099999,48831099999,VVNB"
cầu giấy,2023-07-23,36,27,31.7,43.2,31.2,38.4,25,69.6,0,0,0,,0,0,25.2,16.6,137.6,1007.8,24.2,12.3,282.3,24.4,9,30,2023-07-23T05:27:00,2023-07-23T18:39:29,0.18,Partially cloudy,Partly cloudy throughout the day.,partly-cloudy-day,"48820099999,48823099999,48825099999,48831099999,VVNB"
cầu giấy,2023-07-24,35.4,27,31.7,43.3,31.2,38.5,25.1,69.7,0,0,0,,0,0,23.4,14.8,139.3,1006.1,38.3,11.8,289,24.9,9,30,2023-07-24T05:27:24,2023-07-24T18:39:08,0.21,Partially cloudy,Partly cloudy throughout the day.,partly-cloudy-day,"48820099999,48823099999,48825099999,48831099999,VVNB"
cầu giấy,2023-07-25,37,28,32,43.2,33.4,38.5,24.8,67.8,0,0,0,,0,0,23.4,14.8,124.2,1005.4,51.4,10.8,266.3,23,8,30,2023-07-25T05:27:47,2023-07-25T18:38:47,0.25,Partially cloudy,Partly cloudy throughout the day.,partly-cloudy-day,"48820099999,48823099999,48825099999,48831099999,VVNB"
cầu giấy,2023-07-26,37,27,32.1,46,31.2,39.3,25.3,68.7,0,0,0,,0,0,22,22.3,115,1003.6,49.2,12,304,26.3,10,30,2023-07-26T05:28:11,2023-07-26T18:38:24,0.25,Partially cloudy,Partly cloudy throughout the day.,partly-cloudy-day,"48820099999,48823099999,48825099999,48831099999,VVNB"
cầu giấy,2023-07-27,37,28,32.3,47.6,33.6,40.9,26.1,71.1,2.4,100,8.33,rain,0,0,20.5,11.2,81.8,1000.2,46.7,11.8,285.2,24.6,9,30,2023-07-27T05:28:34,2023-07-27T18:38:00,0.31,"Rain, Partially cloudy",Partly cloudy throughout the day with late afternoon rain.,rain,"48820099999,48823099999,48825099999,48831099999,VVNB"
cầu giấy,2023-07-28,31.1,28,29.3,39.1,32.7,35.6,25.5,80,0.099,100,4.17,rain,0,0,24.5,18.4,313.6,998.7,74.4,9.7,238.5,20.6,8,30,2023-07-28T05:28:57,2023-07-28T18:37:35,0.35,"Rain, Partially cloudy",Partly cloudy throughout the day with late afternoon rain.,rain,"48820099999,48823099999,48825099999,48831099999,VVNB"
cầu giấy,2023-07-29,36,27,30.5,46.3,31.2,38.3,26.4,79.9,2.77,100,4.17,rain,0,0,23,11.2,328.6,1000,53.8,9,207.5,17.9,8,60,2023-07-29T05:29:21,2023-07-29T18:37:09,0.38,"Rain, Partially cloudy",Partly cloudy throughout the day with late afternoon rain.,rain,"48820099999,48823099999,48825099999,48831099999,VVNB"
cầu giấy,2023-07-30,33,28,30.2,45.8,33.6,38.7,26.8,83,12.071,100,4.17,rain,0,0,23,16.6,95.2,1001.4,59.5,8.8,138,12,6,60,2023-07-30T05:29:44,2023-07-30T18:36:42,0.41,"Rain, Partially cloudy",Partly cloudy throughout the day with late afternoon rain.,rain,"48820099999,48823099999,48825099999,48831099999,VVNB"
cầu giấy,2023-07-31,34.1,25,28.5,45.3,25,33.3,26,87,71.539,100,8.33,rain,0,0,23,35.3,102.2,1003,70.1,9.3,95.6,8.2,5,60,2023-07-31T05:30:06,2023-07-31T18:36:14,0.45,"Rain, Partially cloudy",Partly cloudy throughout the day with rain.,rain,"48820099999,48823099999,48825099999,48831099999,VVNB"
cầu giấy,2023-08-01,33,26,28,42.1,26,32,25.6,87.5,3.54,100,12.5,rain,0,0,30.2,14.8,86.5,1002.9,83.2,7.6,85.3,7.4,5,30,2023-08-01T05:30:29,2023-08-01T18:35:45,0.48,"Rain, Partially cloudy",Partly cloudy throughout the day with rain.,rain,"48820099999,48823099999,48825099999,48831099999,VVNB"
cầu giấy,2023-08-02,33,27,28.8,42.1,30.6,34.6,25.8,84.7,4.781,100,8.33,rain,0,0,21.6,20.5,64.8,1001.9,73.1,9,141.7,12.2,6,30,2023-08-02T05:30:51,2023-08-02T18:35:14,0.5,"Rain, Partially cloudy",Partly cloudy throughout the day with rain.,rain,"48820099999,48823099999,48825099999,48831099999,VVNB"
cầu giấy,2023-08-03,33.7,27,28.5,41.1,30.6,34,25.9,86.5,13.003,100,12.5,rain,0,0,22.3,20.5,342.2,1001.2,60,8.9,118.5,10.3,5,30,2023-08-03T05:31:14,2023-08-03T18:34:43,0.55,"Rain, Partially cloudy",Partly cloudy throughout the day with rain.,rain,"48820099999,48823099999,48825099999,48831099999,VVNB"
cầu giấy,2023-08-04,28,25,26.7,33.8,25,29.4,25.7,94.6,25.29,100,12.5,rain,0,0,17.3,20.5,277.3,1002,89.3,8,48.9,4.2,3,30,2023-08-04T05:31:36,2023-08-04T18:34:11,0.58,"Rain, Partially cloudy",Partly cloudy throughout the day with rain.,rain,"48820099999,48823099999,48825099999,48831099999,VVNB"
cầu giấy,2023-08-05,30,26,27.4,36.4,26,31,25.7,90.2,55.571,100,12.5,rain,0,0,30.2,11.2,229.2,1001.3,86.3,9.5,125,10.7,6,10,2023-08-05T05:31:58,2023-08-05T18:33:37,0.62,"Rain, Partially cloudy",Partly cloudy throughout the day with rain.,rain,"48820099999,48823099999,48825099999,48831099999,VVNB"
cầu giấy,2023-08-06,31.5,26,28.2,39.7,26,32.6,25.6,86.5,4.5,100,33.33,rain,0,0,31.3,9.4,92.3,998.7,73.8,8.7,113.4,9.7,4,10,2023-08-06T05:32:19,2023-08-06T18:33:03,0.65,"Rain, Partially cloudy",Partly cloudy throughout the day with rain in the morning and afternoon.,rain,"48820099999,48823099999,48825099999,48831099999,VVNB"
cầu giấy,2023-08-07,31,26,28.6,37.7,26,33.7,25.5,83.8,4.2,100,29.17,rain,0,0,23.4,10.1,92.8,998.3,69.8,9.2,133.4,11.7,5,30,2023-08-07T05:32:41,2023-08-07T18:32:28,0.69,"Rain, Partially cloudy",Partly cloudy throughout the day with rain.,rain,"48820099999,48823099999,48825099999,48831099999,VVNB"
cầu giấy,2023-08-08,33.6,27,29.1,40.7,30.9,34.9,25.6,82.7,1.3,100,16.67,rain,0,0,28.1,22.3,66.9,1000.2,62.9,10.4,237.5,20.5,9,30,2023-08-08T05:33:02,2023-08-08T18:31:52,0.75,"Rain, Partially cloudy",Partly cloudy throughout the day with rain in the morning and afternoon.,rain,"48820099999,48823099999,48825099999,48831099999,VVNB"
cầu giấy,2023-08-09,35,27,30.4,44.9,31.2,37.7,26,78.5,4.8,100,16.67,rain,0,0,27.7,11.2,71.6,1002.2,57.6,11,233.7,19.9,8,60,2023-08-09T05:33:23,2023-08-09T18:31:15,0.75,"Rain, Partially cloudy",Partly cloudy throughout the day with rain.,rain,"48820099999,48823099999,48825099999,48831099999,VVNB"
cầu giấy,2023-08-10,32.1,28,29,40.6,33.6,36.6,26.9,88.5,5,100,4.17,rain,0,0,18.7,16.6,33.1,1003.4,66.4,8.6,157.5,13.6,6,30,2023-08-10T05:33:44,2023-08-10T18:30:37,0.79,"Rain, Partially cloudy",Partly cloudy throughout the day with late afternoon rain.,rain,"48820099999,48823099999,48825099999,48831099999,VVNB"
cầu giấy,2023-08-11,32,26,27.7,42.3,26,32.6,26.4,93,79.349,100,8.33,rain,0,0,22.3,11.5,81.5,1002.2,71.7,6.8,119.9,10.3,5,30,2023-08-11T05:34:04,2023-08-11T18:29:58,0.82,"Rain, Partially cloudy",Partly cloudy throughout the day with rain.,rain,"48820099999,48823099999,48825099999,48831099999,VVNB"
cầu giấy,2023-08-12,33,26,28.3,42.1,26,32.1,25.3,84.6,6.233,100,4.17,rain,0,0,24.1,25.9,298.4,1001.8,69.5,9,211.6,18.3,8,60,2023-08-12T05:34:24,2023-08-12T18:29:18,0.86,"Rain, Partially cloudy",Partly cloudy throughout the day with late afternoon rain.,rain,"48820099999,48823099999,48825099999,48831099999,VVNB"
cầu giấy,2023-08-13,34.9,26,29.8,43.5,26,35.3,25.5,78.8,3,100,25,rain,0,0,18.7,16.6,102.3,1002.1,53.6,8.8,239.9,20.7,8,30,2023-08-13T05:34:44,2023-08-13T18:28:37,0.89,"Rain, Partially cloudy",Partly cloudy throughout the day with a chance of rain throughout the day.,rain,"48820099999,48823099999,48825099999,48831099999,VVNB"
cầu giấy,2023-08-14,35,23,29.3,44.9,23,34.9,25.3,80.6,1.067,100,4.17,rain,0,0,17.6,16.6,103.1,1002.6,59.1,9.2,192.5,16.6,8,75,2023-08-14T05:35:04,2023-08-14T18:27:56,0.93,"Rain, Partially cloudy",Partly cloudy throughout the day with late afternoon rain.,rain,"48820099999,48823099999,48825099999,48831099999,VVNB"
cầu giấy,2023-08-15,32.7,25,28.4,40.6,25,33.1,25.3,83.8,10.989,100,8.33,rain,0,0,16.2,14.8,340.9,1004.4,56.5,8.9,101.9,8.9,6,60,2023-08-15T05:35:24,2023-08-15T18:27:14,0.96,"Rain, Partially cloudy",Partly cloudy throughout the day with rain.,rain,"48820099999,48823099999,48825099999,48831099999,VVNB"
cầu giấy,2023-08-16,33.9,27,29.4,43.8,31.2,36.8,26.7,85.9,0.396,100,4.17,rain,0,0,25.6,14.8,82.3,1005.2,69.2,8.1,181.6,15.7,6,60,2023-08-16T05:35:43,2023-08-16T18:26:31,0,"Rain, Partially cloudy",Partly cloudy throughout the day with late afternoon rain.,rain,"48820099999,48823099999,48825099999,48831099999,VVNB"
cầu giấy,2023-08-17,36.9,27,31.7,46.7,31.8,40.9,26.9,77.6,0.2,100,8.33,rain,0,0,23,13.9,95.3,1004.5,53.6,9.6,240.8,20.9,9,75,2023-08-17T05:36:02,2023-08-17T18:25:47,0.03,"Rain, Partially cloudy",Partly cloudy throughout the day with rain in the morning and afternoon.,rain,"48820099999,48823099999,48825099999,48831099999,VVNB"
cầu giấy,2023-08-18,34.3,28,30.7,42.6,34.5,39.1,26.5,79.1,7,100,4.17,rain,0,0,20.5,11.2,32.5,1003.5,56,10.3,227.1,19.6,8,75,2023-08-18T05:36:20,2023-08-18T18:25:02,0.06,"Rain, Partially cloudy",Partly cloudy throughout the day with late afternoon rain.,rain,"48820099999,48823099999,48825099999,48831099999,VVNB"
cầu giấy,2023-08-19,31.5,26,29.3,42.8,26,37.6,27.3,88.9,0.904,100,12.5,rain,0,0,18,11.2,31.4,1004.4,56.3,8.6,146.2,12.5,6,75,2023-08-19T05:36:39,2023-08-19T18:24:17,0.1,"Rain, Partially cloudy",Partly cloudy throughout the day with rain.,rain,"48820099999,48823099999,48825099999,48831099999,VVNB"
cầu giấy,2023-08-20,29,25,26.8,36.8,25,29.5,25.6,93.5,46.078,100,8.33,rain,0,0,19.1,25.9,66.1,1005.6,75.3,7.4,102,8.9,6,30,2023-08-20T05:36:57,2023-08-20T18:23:31,0.13,"Rain, Partially cloudy",Partly cloudy throughout the day with rain.,rain,"48820099999,48823099999,48825099999,48831099999,VVNB"
cầu giấy,2023-08-21,33,25,28.9,42.1,25,34.2,25.7,84,2.5,100,25,rain,0,0,23.4,13,106.2,1006.2,70.5,8.5,219.9,19.1,7,75,2023-08-21T05:37:15,2023-08-21T18:22:44,0.16,"Rain, Partially cloudy",Partly cloudy throughout the day with rain in the morning and afternoon.,rain,"48820099999,48823099999,48825099999,48831099999,VVNB"
cầu giấy,2023-08-22,34,27,30.4,45.3,31.8,38.9,26.8,82.1,0.6,100,16.67,rain,0,0,22,11.2,108.1,1004.5,51,10,233.5,20.3,8,60,2023-08-22T05:37:33,2023-08-22T18:21:56,0.2,"Rain, Partially cloudy",Partly cloudy throughout the day with rain in the morning and afternoon.,rain,"48820099999,48823099999,48825099999,48831099999,VVNB"
cầu giấy,2023-08-23,36,26,30.8,48.1,26,38.9,26.4,78.8,5.2,100,25,rain,0,0,27,27.7,70.6,1002.8,61.4,9.7,184.6,16,6,75,2023-08-23T05:37:50,2023-08-23T18:21:08,0.23,"Rain, Partially cloudy",Partly cloudy throughout the day with a chance of rain throughout the day.,rain,"48820099999,48823099999,48825099999,48831099999,VVNB"
cầu giấy,2023-08-24,33,25,28.1,42.1,25,32.1,25.1,84.2,16.3,100,70.83,rain,0,0,21.2,18.4,75.9,1004.4,70.3,9.7,144,12.5,7,60,2023-08-24T05:38:07,2023-08-24T18:20:19,0.25,"Rain, Partially cloudy",Partly cloudy throughout the day with a chance of rain throughout the day.,rain,"48820099999,48823099999,48825099999,48831099999,VVNB"
cầu giấy,2023-08-25,33,25,29.1,43.8,25,34.9,26.1,84.5,0.481,100,12.5,rain,0,0,22.3,20.5,116.7,1004.8,72.1,10,178.5,15.2,8,60,2023-08-25T05:38:24,2023-08-25T18:19:30,0.3,"Rain, Partially cloudy",Partly cloudy throughout the day with rain.,rain,"48820099999,48823099999,48825099999,48831099999,VVNB"
cầu giấy,2023-08-26,34,24,28.8,45.3,24,34.6,26,85.7,2.078,100,4.17,rain,0,0,27.4,16.6,97.4,1002.7,77.1,10.3,194.9,16.9,7,60,2023-08-26T05:38:41,2023-08-26T18:18:40,0.33,"Rain, Partially cloudy",Partly cloudy throughout the day with late afternoon rain.,rain,"48820099999,48823099999,48825099999,48831099999,VVNB"
cầu giấy,2023-08-27,35.2,27,30.7,45.3,31,38.8,26.4,79.1,17.81,100,4.17,rain,0,0,24.5,13,80.2,1000.1,60.2,11.3,237.1,20.4,9,60,2023-08-27T05:38:58,2023-08-27T18:17:49,0.37,"Rain, Partially cloudy",Partly cloudy throughout the day with late afternoon rain.,rain,"48820099999,48823099999,48825099999,48831099999,VVNB"
cầu giấy,2023-08-28,31.9,24,28.1,38.9,24,32.5,25.2,85.3,12.891,100,12.5,rain,0,0,28.4,33.5,323,1002.3,88.3,10.4,129.7,11.2,5,30,2023-08-28T05:39:14,2023-08-28T18:16:58,0.4,"Rain, Partially cloudy",Partly cloudy throughout the day with rain.,rain,"48820099999,48823099999,48825099999,48831099999,VVNB"
cầu giấy,2023-08-29,31.7,27,28.9,35.5,29.6,32.9,23.6,74.1,0,0,0,,0,0,31.3,18.4,32.9,1004.5,73,10.6,239.5,20.7,8,10,2023-08-29T05:39:30,2023-08-29T18:16:07,0.44,Partially cloudy,Partly cloudy throughout the day.,partly-cloudy-day,"48820099999,48823099999,48825099999,48831099999,VVNB"
cầu giấy,2023-08-30,34,26,29.8,36.1,26,32.2,21.3,61.9,0,0,0,,0,0,32.8,14.8,20.2,1006.8,47.2,10.1,252.9,21.8,8,10,2023-08-30T05:39:46,2023-08-30T18:15:15,0.47,Partially cloudy,Becoming cloudy in the afternoon.,partly-cloudy-day,"48820099999,48823099999,48825099999,48831099999,VVNB"
cầu giấy,2023-08-31,34.8,25,29.7,36.5,25,31.3,20.9,62.1,0,0,0,,0,0,25.9,20.5,1.2,1006.3,12.7,11.4,258,22.2,9,10,2023-08-31T05:40:02,2023-08-31T18:14:22,0.5,Clear,Clear conditions throughout the day.,clear-day,"48820099999,48823099999,48825099999,48831099999,VVNB"
cầu giấy,2023-09-01,35,25,30.3,39.5,25,33.4,22.5,65.3,0,0,0,,0,0,28.4,16.6,317.2,1005.3,23.4,11.3,236.7,20.5,8,10,2023-09-01T05:40:18,2023-09-01T18:13:29,0.54,Partially cloudy,Partly cloudy throughout the day.,partly-cloudy-day,"48820099999,48823099999,48825099999,48831099999,VVNB"
cầu giấy,2023-09-02,36.3,27,31.5,40.8,30.6,36.3,23.3,63.8,0,0,0,,0,0,37.1,14.8,323.2,1003,43.2,9.7,252.2,21.9,9,10,2023-09-02T05:40:33,2023-09-02T18:12:35,0.57,Partially cloudy,Partly cloudy throughout the day.,partly-cloudy-day,"48820099999,48823099999,48825099999,48831099999,VVNB"
cầu giấy,2023-09-03,31.3,26,28.5,35.6,26,31.3,23.2,74.2,0.099,100,4.17,rain,0,0,34.9,18.4,41,1002.8,86.8,9.9,56.7,4.9,2,10,2023-09-03T05:40:48,2023-09-03T18:11:41,0.6,"Rain, Partially cloudy",Partly cloudy throughout the day with late afternoon rain.,rain,"48820099999,48823099999,48825099999,48831099999,VVNB"
cầu giấy,2023-09-04,28,23,25.6,31.9,23,26.7,23.4,87.8,13.728,100,12.5,rain,0,0,33.8,16.6,326,1005.5,98.4,9.1,63.4,5.5,4,10,2023-09-04T05:41:03,2023-09-04T18:10:47,0.64,"Rain, Overcast",Cloudy skies throughout the day with rain.,rain,"48820099999,48823099999,48825099999,48831099999,VVNB"
cầu giấy,2023-09-05,35,26,29.3,43.3,26,33.1,24.5,77.1,0.007,100,4.17,rain,0,0,27,13,321,1006.1,54.1,9.5,181.3,15.7,8,30,2023-09-05T05:41:18,2023-09-05T18:09:53,0.67,"Rain, Partially cloudy",Partly cloudy throughout the day with late afternoon rain.,rain,"48820099999,48823099999,48825099999,48831099999,VVNB"
cầu giấy,2023-09-06,36,26.7,30.8,44.7,26.7,36.5,24.8,72.2,0.2,100,8.33,rain,0,0,26.6,14.8,346.8,1006.6,37.1,10,236.7,20.4,8,30,2023-09-06T05:41:33,2023-09-06T18:08:58,0.7,"Rain, Partially cloudy",Partly cloudy throughout the day with afternoon rain.,rain,"48820099999,48823099999,48825099999,48831099999,VVNB"
cầu giấy,2023-09-07,36.1,27,31,44.9,30.1,37.6,25.2,72.5,0.008,100,4.17,rain,0,0,25.6,20.5,340.8,1006.4,53,10.9,247.1,21.4,9,30,2023-09-07T05:41:48,2023-09-07T18:08:02,0.75,"Rain, Partially cloudy",Partly cloudy throughout the day with early morning rain.,rain,"48820099999,48823099999,48825099999,48831099999,VVNB"
cầu giấy,2023-09-08,34,25,28.9,42,25,33.2,25.1,81.3,36.079,100,4.17,rain,0,0,28.4,25.9,341.3,1006.4,71.2,9.5,204.1,17.8,9,30,2023-09-08T05:42:03,2023-09-08T18:07:07,0.77,"Rain, Partially cloudy",Partly cloudy throughout the day with late afternoon rain.,rain,"48820099999,48823099999,48825099999,48831099999,VVNB"
cầu giấy,2023-09-09,33,27,29.1,42.1,30.6,35.3,25.8,83.1,0.688,100,4.17,rain,0,0,26.6,14.8,279.8,1005,74.3,9.1,176.1,15.2,7,30,2023-09-09T05:42:17,2023-09-09T18:06:11,0.8,"Rain, Partially cloudy",Partly cloudy throughout the day with afternoon rain.,rain,"48820099999,48823099999,48825099999,48831099999,VVNB"
cầu giấy,2023-09-10,33.2,26.7,29.3,42.1,30.4,35.4,25.8,82.3,14.842,100,8.33,rain,0,0,23.8,11.2,13.7,1004.1,60.5,8.7,182.8,15.8,7,60,2023-09-10T05:42:32,2023-09-10T18:05:15,0.84,"Rain, Partially cloudy",Partly cloudy throughout the day with rain.,rain,"48820099999,48823099999,48825099999,48831099999,VVNB"
cầu giấy,2023-09-11,34,26,28.7,43.5,26,34.4,26,86.5,0.01,100,4.17,rain,0,0,21.6,11.2,72.6,1003,58.7,8.3,132.6,11.5,6,75,2023-09-11T05:42:46,2023-09-11T18:04:18,0.87,"Rain, Partially cloudy",Partly cloudy throughout the day with early morning rain.,rain,"48820099999,48823099999,48825099999,48831099999,VVNB"
cầu giấy,2023-09-12,30.3,27,28.4,40.1,31.2,34.3,26.1,88,0.003,100,4.17,rain,0,0,19.8,11.2,57.4,1003.5,64.1,6.8,50.6,4.3,2,60,2023-09-12T05:43:01,2023-09-12T18:03:22,0.9,"Rain, Partially cloudy",Partly cloudy throughout the day with early morning rain.,rain,"48820099999,48823099999,48825099999,48831099999,VVNB"
cầu giấy,2023-09-13,28,24,25.9,33.8,24,27.4,24.3,90.9,11.036,100,12.5,rain,0,0,35.3,20.5,312.3,1005.6,89.1,8.9,47.1,4.1,2,10,2023-09-13T05:43:15,2023-09-13T18:02:25,0.94,"Rain, Partially cloudy",Partly cloudy throughout the day with rain.,rain,"48820099999,48823099999,48825099999,48831099999,VVNB"
cầu giấy,2023-09-14,25,24,24.3,25,24,24.3,23.3,94.4,65.546,100,16.67,rain,0,0,31,14.8,318.2,1007.4,93.7,7.4,25.8,2,1,10,2023-09-14T05:43:29,2023-09-14T18:01:28,0.97,"Rain, Overcast",Cloudy skies throughout the day with a chance of rain throughout the day.,rain,"48820099999,48823099999,48825099999,48831099999,VVNB"
cầu giấy,2023-09-15,28,24,25.9,31.3,24,27.1,23.4,86.5,2.723,100,12.5,rain,0,0,24.1,14.8,324.5,1008.7,79.8,9.3,62.4,5.5,3,10,2023-09-15T05:43:44,2023-09-15T18:00:31,0,"Rain, Partially cloudy",Partly cloudy throughout the day with a chance of rain throughout the day.,rain,"48820099999,48823099999,48825099999,48831099999,VVNB"
cầu giấy,2023-09-16,31,25,27.2,36.5,25,29.4,24.3,84.9,0.159,100,8.33,rain,0,0,21.6,22.3,330.8,1009.4,69.2,9.3,70.4,6.2,2,10,2023-09-16T05:43:58,2023-09-16T17:59:34,0.04,"Rain, Partially cloudy",Partly cloudy throughout the day with rain.,rain,"48820099999,48823099999,48825099999,48831099999,VVNB"
cầu giấy,2023-09-17,33,25,27.8,39.3,25,30.8,25,85.7,10.011,100,12.5,rain,0,0,23,18.4,20.3,1008.9,71.1,8.9,130.2,11.2,7,30,2023-09-17T05:44:12,2023-09-17T17:58:37,0.07,"Rain, Partially cloudy",Partly cloudy throughout the day with rain.,rain,"48820099999,48823099999,48825099999,48831099999,VVNB"
cầu giấy,2023-09-18,32.1,25,28.1,39.1,25,32.1,25.4,86.1,2.997,100,12.5,rain,0,0,22,11.2,98.5,1009.3,57,8.4,145.9,12.7,6,60,2023-09-18T05:44:27,2023-09-18T17:57:40,0.11,"Rain, Partially cloudy",Partly cloudy throughout the day with rain.,rain,"48820099999,48823099999,48825099999,48831099999,VVNB"
cầu giấy,2023-09-19,34,26,29.3,45.3,26,35.1,25.9,82.6,0.9,100,29.17,rain,0,0,22.7,20.5,120.4,1009.6,63,8.8,205.5,17.7,7,60,2023-09-19T05:44:41,2023-09-19T17:56:43,0.14,"Rain, Partially cloudy",Partly cloudy throughout the day with a chance of rain throughout the day.,rain,"48820099999,48823099999,48825099999,48831099999,VVNB"
cầu giấy,2023-09-20,34,27,30.1,43.5,31,37,25.9,79.2,0.116,100,4.17,rain,0,0,25.2,18.4,123.2,1009.3,56.7,9.6,228.7,19.7,8,60,2023-09-20T05:44:55,2023-09-20T17:55:45,0.18,"Rain, Partially cloudy",Partly cloudy throughout the day with afternoon rain.,rain,"48823099999,48820099999,48825099999,48831099999,VVNB"
cầu giấy,2023-09-21,35,27,30.4,41.9,31.2,36.9,25.5,76.3,1.3,100,25,rain,0,0,25.2,14.8,128.4,1009.7,39.8,11.2,211.5,18.2,8,60,2023-09-21T05:45:10,2023-09-21T17:54:48,0.21,"Rain, Partially cloudy",Partly cloudy throughout the day with rain.,rain,"48820099999,48823099999,48825099999,48831099999,VVNB"
cầu giấy,2023-09-22,35,27,30.7,43.3,31.2,37.3,25.5,75.8,0.2,100,8.33,rain,0,0,21.6,16.6,117.1,1009.1,33.5,11.9,208,17.8,7,60,2023-09-22T05:45:25,2023-09-22T17:53:51,0.25,"Rain, Partially cloudy",Partly cloudy throughout the day with afternoon rain.,rain,"48820099999,48823099999,48825099999,48831099999,VVNB"
cầu giấy,2023-09-23,34.3,27,30.3,43.5,30.6,36.3,25,74.8,0.2,100,4.17,rain,0,0,23.4,20.5,115.8,1009.3,27.8,12.4,234.4,20.1,8,30,2023-09-23T05:45:39,2023-09-23T17:52:54,0.25,"Rain, Partially cloudy",Partly cloudy throughout the day with afternoon rain.,rain,"48820099999,48823099999,48825099999,48831099999,VVNB"
cầu giấy,2023-09-24,34,26,29.5,39.4,26,34.2,24.5,75.7,0.9,100,25,rain,0,0,24.5,18.4,113.1,1008.8,57.1,9.9,224.4,19.4,8,30,2023-09-24T05:45:54,2023-09-24T17:51:57,0.32,"Rain, Partially cloudy",Partly cloudy throughout the day with rain.,rain,"48820099999,48823099999,48825099999,48831099999,VVNB"
cầu giấy,2023-09-25,34.1,25.4,28.6,40.6,25.4,32.4,24.8,81.8,20.778,100,4.17,rain,0,0,33.5,11.2,5.7,1008.5,61.9,9.8,150,12.9,6,30,2023-09-25T05:46:09,2023-09-25T17:51:00,0.35,"Rain, Partially cloudy",Partly cloudy throughout the day with late afternoon rain.,rain,"48820099999,48823099999,48825099999,48831099999,VVNB"
cầu giấy,2023-09-26,30,25.5,27.4,36.8,25.5,30.1,24.7,85.4,10.585,100,12.5,rain,0,0,45.7,19.5,16.2,1008.4,80.1,9.8,24.4,2.1,1,10,2023-09-26T05:46:24,2023-09-26T17:50:03,0.39,"Rain, Partially cloudy",Partly cloudy throughout the day with rain.,rain,"48820099999,48823099999,48825099999,48831099999,VVNB"
cầu giấy,2023-09-27,29.5,25.4,26.9,34.9,25.4,29,24.6,87.5,14.75,100,16.67,rain,0,0,27.4,19.4,57.2,1009,87.2,9.8,50.2,4.2,3,10,2023-09-27T05:46:40,2023-09-27T17:49:07,0.42,"Rain, Partially cloudy",Partly cloudy throughout the day with a chance of rain throughout the day.,rain,"48820099999,48823099999,48825099999,48831099999,VVNB"
cầu giấy,2023-09-28,26,23.5,24.9,26,23.5,24.9,24.3,96,173.159,100,12.5,rain,0,0,23.4,13.9,354.5,1011.4,79.4,7.3,45.1,3.8,2,10,2023-09-28T05:46:55,2023-09-28T17:48:11,0.46,"Rain, Partially cloudy",Partly cloudy throughout the day with a chance of rain throughout the day.,rain,"48820099999,48823099999,48825099999,48831099999,VVNB"
cầu giấy,2023-09-29,32,24,26.8,39.2,24,29.1,24.7,89.1,0.595,100,12.5,rain,0,0,22,12.9,313.6,1012.2,70.6,9.5,98.3,8.5,4,30,2023-09-29T05:47:11,2023-09-29T17:47:15,0.5,"Rain, Partially cloudy",Partly cloudy throughout the day with a chance of rain throughout the day.,rain,"48820099999,48823099999,48825099999,48831099999,VVNB"
cầu giấy,2023-09-30,33,25,28.7,40.6,25,32.8,25.1,82.2,0.127,100,4.17,rain,0,0,19.4,11.2,118.2,1010.8,53.8,8.7,192.8,16.6,8,30,2023-09-30T05:47:27,2023-09-30T17:46:19,0.53,"Rain, Partially cloudy",Partly cloudy throughout the day with late afternoon rain.,rain,"48820099999,48823099999,48825099999,48831099999,VVNB"
cầu giấy,2023-10-01,34,25.7,29.6,40.6,25.7,33.6,24.6,76.6,0,0,0,,0,0,20.2,13,106.8,1009.2,28,9.6,219.5,19.1,7,30,2023-10-01T05:47:43,2023-10-01T17:45:23,0.56,Partially cloudy,Partly cloudy throughout the day.,partly-cloudy-day,"48820099999,48823099999,48825099999,48831099999,VVNB"
cầu giấy,2023-10-02,33.7,26,29.5,39.3,26,33.6,24.4,76.1,0,0,0,,0,0,17.6,10.3,100.1,1010.1,28.2,8.9,215.6,18.7,8,10,2023-10-02T05:47:59,2023-10-02T17:44:28,0.59,Partially cloudy,Partly cloudy throughout the day.,partly-cloudy-day,"48820099999,48823099999,48825099999,48831099999,VVNB"
cầu giấy,2023-10-03,33.7,26,29.7,38.2,26,33.5,24,73.1,0,0,0,,0,0,14,11.2,100.3,1010.3,26.8,8.6,244.5,21.1,9,10,2023-10-03T05:48:16,2023-10-03T17:43:33,0.62,Partially cloudy,Partly cloudy throughout the day.,partly-cloudy-day,"48820099999,48823099999,48825099999,48831099999,VVNB"
cầu giấy,2023-10-04,34.4,26,30,40.6,26,34.6,24.8,75.4,0.011,100,4.17,rain,0,0,19.4,15.7,110.2,1009.7,19.9,9.5,250.3,21.6,9,10,2023-10-04T05:48:33,2023-10-04T17:42:39,0.66,Rain,Clear conditions throughout the day with morning rain.,rain,"48820099999,48823099999,48825099999,48831099999,VVNB"
cầu giấy,2023-10-05,35,27,30.6,42.6,30.9,37,25.4,75.4,0.1,100,4.17,rain,0,0,19.4,12.1,110.9,1008.1,31.2,10.7,237.3,20.5,8,30,2023-10-05T05:48:50,2023-10-05T17:41:44,0.69,"Rain, Partially cloudy",Partly cloudy throughout the day with morning rain.,rain,"48820099999,48823099999,48825099999,48831099999,VVNB,remote"
cầu giấy,2023-10-06,35,27,30.4,43.3,31,37,25.6,77.2,6.3,100,33.33,rain,0,0,23.4,19.4,118.2,1008,34.1,8.7,188.9,16.3,6,10,2023-10-06T05:49:07,2023-10-06T17:40:51,0.75,"Rain, Partially cloudy",Partly cloudy throughout the day with rain.,rain,"48820099999,48823099999,48825099999,48831099999,VVNB"
cầu giấy,2023-10-07,29,25,26.9,36.1,25,29.4,23.4,81.6,0.989,100,4.17,rain,0,0,37.8,24.1,25.3,1011,86.5,8.9,63.7,5.7,3,10,2023-10-07T05:49:25,2023-10-07T17:39:57,0.75,"Rain, Partially cloudy",Partly cloudy throughout the day with afternoon rain.,rain,"48820099999,48823099999,48825099999,48831099999,VVNB"
cầu giấy,2023-10-08,31,24,27.3,32.7,24,28,19.8,65,0.4,100,4.17,rain,0,0,26.3,19.4,9,1013.5,59.7,10.1,156.8,13.7,7,10,2023-10-08T05:49:43,2023-10-08T17:39:05,0.79,"Rain, Partially cloudy",Partly cloudy throughout the day with early morning rain.,rain,"48820099999,48823099999,48825099999,48831099999,VVNB"
cầu giấy,2023-10-09,31,24,27.5,32.7,24,28.3,18.6,58.7,0,0,0,,0,0,28.4,16.6,22.3,1015,60.5,11,229.2,19.7,9,10,2023-10-09T05:50:02,2023-10-09T17:38:12,0.82,Partially cloudy,Partly cloudy throughout the day.,partly-cloudy-day,"48820099999,48823099999,48825099999,48831099999,VVNB"
cầu giấy,2023-10-10,30,24.1,26.9,31.1,24.1,27.4,18.6,61.1,0.099,100,4.17,rain,0,0,44.6,19.4,36.4,1016.1,90.7,9.8,80.4,7.1,5,10,2023-10-10T05:50:21,2023-10-10T17:37:20,0.85,"Rain, Overcast",Cloudy skies throughout the day with late afternoon rain.,rain,"48820099999,48823099999,48825099999,48831099999,VVNB"
cầu giấy,2023-10-11,29.4,24,26.2,30.3,24,26.7,18.5,63.1,0,0,0,,0,0,26.3,20.3,42.6,1017.1,84.1,10.4,115,9.9,4,10,2023-10-11T05:50:40,2023-10-11T17:36:29,0.88,Partially cloudy,Partly cloudy throughout the day.,partly-cloudy-day,"48820099999,48823099999,48825099999,48831099999,VVNB"
cầu giấy,2023-10-12,25,23,23.9,25,23,23.9,20.2,80.3,0.099,100,4.17,rain,0,0,20.2,15.7,43.5,1017.9,98.4,9.8,105.3,9.1,5,10,2023-10-12T05:50:59,2023-10-12T17:35:38,0.92,"Rain, Overcast",Cloudy skies throughout the day with late afternoon rain.,rain,"48820099999,48823099999,48825099999,48831099999,VVNB"
cầu giấy,2023-10-13,29,23,25.5,31.4,23,26.3,21.4,78.4,0.1,100,4.17,rain,0,0,19.4,12.9,353.2,1016,58.4,10,188.7,16.2,8,10,2023-10-13T05:51:19,2023-10-13T17:34:48,0.95,"Rain, Partially cloudy",Partly cloudy throughout the day with afternoon rain.,rain,"48823099999,48820099999,48825099999,48831099999,VVNB"
cầu giấy,2023-10-14,29.1,23,25.6,31.7,23,26.3,20.9,76,0.1,100,4.17,rain,0,0,27.7,25,20.7,1014,79.7,9.8,158.9,13.6,6,10,2023-10-14T05:51:40,2023-10-14T17:33:59,0.98,"Rain, Partially cloudy",Partly cloudy throughout the day with early morning rain.,rain,"48820099999,48823099999,48825099999,48831099999,VVNB"
cầu giấy,2023-10-15,30,22.7,25.8,30.8,22.7,26.1,19.2,69,0.003,100,4.17,rain,0,0,25.2,16.6,346.3,1014.1,67.1,10,156.7,13.7,7,10,2023-10-15T05:52:00,2023-10-15T17:33:10,0,"Rain, Partially cloudy",Partly cloudy throughout the day with early morning rain.,rain,"48820099999,48823099999,48825099999,48831099999,VVNB"
cầu giấy,2023-10-16,31.5,22.5,26.6,32.7,22.5,27.1,19.7,67.8,0,0,0,,0,0,23,13,1.9,1014.2,75.1,9.8,191.4,16.7,8,10,2023-10-16T05:52:22,2023-10-16T17:32:22,0.05,Partially cloudy,Partly cloudy throughout the day.,partly-cloudy-day,"48820099999,48823099999,48825099999,48831099999,VVNB"
cầu giấy,2023-10-17,32.1,22,27.2,32.7,22,27.7,19.8,66.6,0,0,0,,0,0,19.4,10.1,8.8,1013.8,34.5,9.5,210.1,17.9,8,10,2023-10-17T05:52:43,2023-10-17T17:31:35,0.09,Partially cloudy,Partly cloudy throughout the day.,partly-cloudy-day,"48820099999,48823099999,48825099999,48831099999,VVNB"
cầu giấy,2023-10-18,32.5,22.5,27.6,35.1,22.5,28.9,20.8,68.4,0,0,0,,0,0,22.7,10.3,352.7,1012.6,49.1,8.7,213.4,18.3,8,10,2023-10-18T05:53:06,2023-10-18T17:30:48,0.12,Partially cloudy,Partly cloudy throughout the day.,partly-cloudy-day,"48820099999,48823099999,48825099999,48831099999,VVNB"
cầu giấy,2023-10-19,33,24,28.2,38.1,24,30.3,22.3,71.6,0,0,0,,0,0,32.4,14.8,16.4,1011.2,40.7,9.1,213.8,18.4,8,10,2023-10-19T05:53:28,2023-10-19T17:30:02,0.16,Partially cloudy,Partly cloudy throughout the day.,partly-cloudy-day,"48820099999,48823099999,48825099999,48831099999,VVNB"
cầu giấy,2023-10-20,31.4,24.5,27.8,33.6,24.5,28.8,19.8,63.6,0,0,0,,0,0,47.5,22.2,11.5,1014.7,57.3,10.5,170.2,14.8,7,10,2023-10-20T05:53:51,2023-10-20T17:29:17,0.19,Partially cloudy,Partly cloudy throughout the day.,partly-cloudy-day,"48820099999,48823099999,48825099999,48831099999,VVNB"
cầu giấy,2023-10-21,28.6,24,26,28.4,24,26,14.2,48.5,0,0,0,,0,0,29.9,18.4,19.2,1018.2,60.9,10,115.1,10,5,10,2023-10-21T05:54:15,2023-10-21T17:28:32,0.23,Partially cloudy,Partly cloudy throughout the day.,partly-cloudy-day,"48820099999,48823099999,48825099999,48831099999,VVNB"
cầu giấy,2023-10-22,28,23.5,25.4,29.1,23.5,25.5,17.4,61.5,0,0,0,,0,0,22,13,46.1,1018.3,92.7,10,96,8.3,5,10,2023-10-22T05:54:39,2023-10-22T17:27:49,0.25,Overcast,Cloudy skies throughout the day.,cloudy,"48820099999,48823099999,48825099999,48831099999,VVNB"
cầu giấy,2023-10-23,28,23,25.4,29.9,23,25.8,20.6,74.9,0,0,0,,0,0,22.3,12.1,33.8,1017.2,94.2,9.6,133.6,11.5,5,10,2023-10-23T05:55:03,2023-10-23T17:27:06,0.3,Overcast,Cloudy skies throughout the day.,cloudy,"48820099999,48823099999,48825099999,48831099999,VVNB"
cầu giấy,2023-10-24,31,23,26.8,34.1,23,28.1,22,76.3,0.099,100,4.17,rain,0,0,16.9,11.2,20.4,1015.8,66.1,8.9,168.9,14.4,7,10,2023-10-24T05:55:28,2023-10-24T17:26:24,0.34,"Rain, Partially cloudy",Partly cloudy throughout the day with late afternoon rain.,rain,"48820099999,48823099999,48825099999,48831099999,VVNB"
cầu giấy,2023-10-25,31.5,24,27.8,35.2,24,29.8,22.7,75.4,0.693,100,4.17,rain,0,0,22,13,291.3,1014.7,50.9,8.4,166.1,14.2,6,10,2023-10-25T05:55:54,2023-10-25T17:25:44,0.37,"Rain, Partially cloudy",Partly cloudy throughout the day with late afternoon rain.,rain,"48820099999,48823099999,48825099999,48831099999,VVNB"
cầu giấy,2023-10-26,33.5,25.4,28.6,36.3,25.4,30.1,21.5,66.8,0.4,100,12.5,rain,0,0,20.5,14.8,124.7,1013.7,62.7,9.8,215.8,18.6,7,10,2023-10-26T05:56:20,2023-10-26T17:25:04,0.41,"Rain, Partially cloudy",Partly cloudy throughout the day with rain.,rain,"48820099999,48823099999,48825099999,48831099999,VVNB"
cầu giấy,2023-10-27,32.5,23.5,27.9,35.5,23.5,29.9,22.1,72.2,0,0,0,,0,0,16.9,11.2,74.4,1012.9,36,8.7,206.1,17.6,8,10,2023-10-27T05:56:47,2023-10-27T17:24:25,0.44,Partially cloudy,Partly cloudy throughout the day.,partly-cloudy-day,"48820099999,48823099999,48825099999,48831099999,VVNB"
cầu giấy,2023-10-28,27.5,23.5,25.8,30.3,23.5,26.5,22.6,83,2.594,100,8.33,rain,0,0,24.1,19.4,32,1014,81.5,8.9,136.8,11.7,6,10,2023-10-28T05:57:14,2023-10-28T17:23:47,0.48,"Rain, Partially cloudy",Partly cloudy throughout the day with rain.,rain,"48820099999,48823099999,48825099999,48831099999,VVNB"
cầu giấy,2023-10-29,26,22.7,24.1,26,22.7,24.1,22.2,89.4,4.177,100,12.5,rain,0,0,26.6,15.7,13.2,1015.4,97.6,9.6,39.3,3.4,2,10,2023-10-29T05:57:41,2023-10-29T17:23:10,0.5,"Rain, Overcast",Cloudy skies throughout the day with rain.,rain,"48820099999,48823099999,48825099999,48831099999,VVNB,remote"
cầu giấy,2023-10-30,29.5,23,25.6,30.8,23,26,19.8,71.5,13.854,100,8.33,rain,0,0,22,13,1,1017.7,90.8,10,106,9.1,5,10,2023-10-30T05:58:09,2023-10-30T17:22:34,0.54,"Rain, Overcast",Cloudy skies throughout the day with rain clearing later.,rain,"48820099999,48823099999,48825099999,48831099999,VVNB"
cầu giấy,2023-10-31,30.2,21,25.6,30.8,21,26,19.1,69.6,0.1,100,4.17,rain,0,0,23,13,9.5,1018.3,44,11.1,194.7,16.7,7,10,2023-10-31T05:58:38,2023-10-31T17:21:59,0.58,"Rain, Partially cloudy",Partly cloudy throughout the day with early morning rain.,rain,"48820099999,48823099999,48825099999,48831099999,VVNB"
cầu giấy,2023-11-01,29.8,22.5,25.7,31.3,22.5,26.1,20.1,72.5,0.1,100,4.17,rain,0,0,17.6,12.1,107.6,1017.2,36.4,9.1,198.7,17,7,10,2023-11-01T05:59:07,2023-11-01T17:21:25,0.61,"Rain, Partially cloudy",Partly cloudy throughout the day with morning rain.,rain,"48820099999,48823099999,48825099999,48831099999,VVNB"
cầu giấy,2023-11-02,30.5,22,26,32.2,22,26.6,20.5,74,0,0,0,,0,0,21.6,13,112.6,1014.2,26.6,7.6,184.5,15.9,7,10,2023-11-02T05:59:37,2023-11-02T17:20:52,0.64,Partially cloudy,Partly cloudy throughout the day.,partly-cloudy-day,"48820099999,48823099999,48825099999,48831099999,VVNB"
cầu giấy,2023-11-03,31.5,23,27.1,34.3,23,28.7,22.5,77.7,0,0,0,rain,0,0,23.8,19.4,127.6,1011.3,54.2,7.8,164.4,14.2,6,10,2023-11-03T06:00:07,2023-11-03T17:20:21,0.67,Partially cloudy,Partly cloudy throughout the day.,partly-cloudy-day,"48820099999,48823099999,48825099999,48831099999,VVNB"
cầu giấy,2023-11-04,32,25.5,28.1,37.3,25.5,30.8,23.9,79,1.3,100,20.83,rain,0,0,29.9,16.5,135.7,1011.4,67.9,9.1,141.5,12.2,6,30,2023-11-04T06:00:38,2023-11-04T17:19:50,0.7,"Rain, Partially cloudy",Partly cloudy throughout the day with rain in the morning and afternoon.,rain,"48820099999,48823099999,48825099999,48831099999,VVNB"
cầu giấy,2023-11-05,31.7,25,27.9,37.2,25,30.5,24.1,80.8,0.1,100,4.17,rain,0,0,28.8,17.5,125.6,1012.3,72,9.3,154.4,13.4,6,30,2023-11-05T06:01:09,2023-11-05T17:19:21,0.75,"Rain, Partially cloudy",Partly cloudy throughout the day with morning rain.,rain,"48820099999,48823099999,48825099999,48831099999,VVNB"
cầu giấy,2023-11-06,31,22,25.8,36,22,26.8,23.2,86.3,7.619,100,8.33,rain,0,0,24.5,18.4,66.6,1014.9,88,7.8,97.1,8.3,4,30,2023-11-06T06:01:41,2023-11-06T17:18:53,0.77,"Rain, Partially cloudy",Partly cloudy throughout the day with rain.,rain,"48820099999,48823099999,48825099999,48831099999,VVNB"
cầu giấy,2023-11-07,25.2,22,23,25.2,22,23,20.8,87.8,22.767,100,4.17,rain,0,0,22,18.4,0.9,1015.9,89.4,9.8,61.8,5.3,2,10,2023-11-07T06:02:14,2023-11-07T17:18:26,0.8,"Rain, Partially cloudy",Partly cloudy throughout the day with morning rain.,rain,"48820099999,48823099999,48825099999,48831099999,VVNB"
cầu giấy,2023-11-08,31,22.5,26,34.6,22.5,27,22.2,80.8,0,0,0,rain,0,0,17.3,13,67.2,1013.2,52.9,8.6,133.1,11.4,5,10,2023-11-08T06:02:46,2023-11-08T17:18:00,0.83,Partially cloudy,Partly cloudy throughout the day.,partly-cloudy-day,"48820099999,48823099999,48825099999,48831099999,VVNB"
cầu giấy,2023-11-09,31.9,24,27.8,36,24,30.3,23.8,79.7,0,0,0,,0,0,20.9,13,116.8,1012.6,54.4,8,146.1,12.6,5,10,2023-11-09T06:03:20,2023-11-09T17:17:36,0.87,Partially cloudy,Partly cloudy throughout the day.,partly-cloudy-day,"48820099999,48823099999,48825099999,48831099999,VVNB"
cầu giấy,2023-11-10,33,24.5,28.3,37.5,24.5,30.9,24,79.5,0,0,0,,0,0,24.5,17.5,123.4,1014,50.2,8.6,176,15,7,30,2023-11-10T06:03:53,2023-11-10T17:17:12,0.9,Partially cloudy,Partly cloudy throughout the day.,partly-cloudy-day,"48820099999,48823099999,48825099999,48831099999,VVNB"
cầu giấy,2023-11-11,32.5,25,28.2,37.4,25,31,24.1,80.1,0,0,0,,0,0,24.5,16.6,125.7,1014.9,52.6,8.5,166.3,14.3,6,10,2023-11-11T06:04:28,2023-11-11T17:16:50,0.93,Partially cloudy,Partly cloudy throughout the day.,partly-cloudy-day,"48820099999,48823099999,48825099999,48831099999,VVNB"
cầu giấy,2023-11-12,32.5,23.5,26.9,38,23.5,28.3,23.8,84.3,29.685,100,4.17,rain,0,0,35.6,18.5,99.6,1017.1,67.4,8.2,81.6,7,4,10,2023-11-12T06:05:02,2023-11-12T17:16:30,0.96,"Rain, Partially cloudy",Partly cloudy throughout the day with late afternoon rain.,rain,"48820099999,48823099999,48825099999,48831099999,VVNB"
cầu giấy,2023-11-13,23,15.9,18.3,23,15.9,18.3,15,80.9,9.031,100,16.67,rain,0,0,29.5,25.9,26.9,1023,99.4,9.7,20.4,1.7,1,10,2023-11-13T06:05:37,2023-11-13T17:16:10,0,"Rain, Overcast",Cloudy skies throughout the day with a chance of rain throughout the day.,rain,"48820099999,48823099999,48825099999,48831099999,VVNB"
cầu giấy,2023-11-14,20.5,16.5,18.6,20.5,16.5,18.6,12.5,67.8,0.001,100,4.17,rain,0,0,19.4,16.5,14.6,1023.2,85.6,10,61.4,5.4,3,10,2023-11-14T06:06:13,2023-11-14T17:15:52,0.03,"Rain, Partially cloudy",Partly cloudy throughout the day with early morning rain.,rain,"48820099999,48823099999,48825099999,48831099999,VVNB"
cầu giấy,2023-11-15,21.9,18,20.1,21.9,18,20.1,16.1,78.1,0,0,0,,0,0,15.1,11.2,26.3,1021,94.1,9.2,103.5,9.1,4,10,2023-11-15T06:06:49,2023-11-15T17:15:35,0.06,Overcast,Cloudy skies throughout the day.,cloudy,"48820099999,48823099999,48825099999,48831099999,VVNB"
cầu giấy,2023-11-16,23,18,20.4,23,18,20.4,12.6,63.2,0.329,100,8.33,rain,0,0,46.4,25.9,1.5,1027.1,92.9,9.6,38,3.4,2,10,2023-11-16T06:07:25,2023-11-16T17:15:20,0.1,"Rain, Overcast",Cloudy skies throughout the day with rain.,rain,"48820099999,48823099999,48825099999,48831099999,VVNB"
cầu giấy,2023-11-17,25.5,16,20.4,25.5,16,20.4,9.5,52.3,0,0,0,,0,0,31,15.7,347.6,1026,32.7,9.8,208.8,18.1,8,10,2023-11-17T06:08:02,2023-11-17T17:15:06,0.14,Partially cloudy,Partly cloudy throughout the day.,partly-cloudy-day,"48820099999,48823099999,48825099999,48831099999,VVNB"
cầu giấy,2023-11-18,26,13,19.5,26,13,19.5,9.6,59.3,0,0,0,,0,0,19.8,9.4,355.2,1023.1,11.8,9.4,209.7,18.2,8,10,2023-11-18T06:08:39,2023-11-18T17:14:53,0.17,Clear,Clear conditions throughout the day.,clear-day,"48820099999,48823099999,48825099999,48831099999,VVNB"
cầu giấy,2023-11-19,26,14.9,20,26,14.9,20,12,63.6,0,0,0,,0,0,20.9,10.3,291.6,1021,12.7,10.5,190.3,16.4,7,10,2023-11-19T06:09:16,2023-11-19T17:14:42,0.21,Clear,Clear conditions throughout the day.,clear-day,"48820099999,48823099999,48825099999,48831099999,VVNB"
cầu giấy,2023-11-20,27,15.3,21,27,15.3,21,13.8,66,0,0,0,,0,0,15.8,15.7,201.9,1018.8,6,11.2,206.7,17.8,8,10,2023-11-20T06:09:54,2023-11-20T17:14:31,0.25,Clear,Clear conditions throughout the day.,clear-day,"48820099999,48823099999,48825099999,48831099999,VVNB"
cầu giấy,2023-11-21,27,15.5,21.2,27,15.5,21.2,15.1,71,0,0,0,,0,0,22,12.1,137.8,1016.1,12.8,7.4,199.3,17.1,7,10,2023-11-21T06:10:32,2023-11-21T17:14:23,0.28,Clear,Clear conditions throughout the day.,clear-day,"48820099999,48823099999,48825099999,48831099999,VVNB"
cầu giấy,2023-11-22,24.1,18,20.8,24.1,18,20.8,17.7,82.7,0,0,0,,0,0,14.4,10.3,28.3,1015.1,66.3,6.8,165.2,14.3,6,10,2023-11-22T06:11:10,2023-11-22T17:14:15,0.31,Partially cloudy,Partly cloudy throughout the day.,partly-cloudy-day,"48820099999,48823099999,48825099999,48831099999,VVNB"
cầu giấy,2023-11-23,28.5,20,23.6,29.4,20,23.8,18.6,75.3,0,0,0,,0,0,19.8,9.3,300.6,1016.2,41.6,7.6,141,12.2,6,10,2023-11-23T06:11:49,2023-11-23T17:14:09,0.35,Partially cloudy,Partly cloudy throughout the day.,partly-cloudy-day,"48820099999,48823099999,48825099999,48831099999,VVNB"
cầu giấy,2023-11-24,26.5,20.6,23.5,26.5,20.6,23.5,19.3,78.6,0.1,100,4.17,rain,0,0,19.8,11.2,323.2,1018.1,67.9,7.3,155.8,13.5,6,10,2023-11-24T06:12:27,2023-11-24T17:14:05,0.39,"Rain, Partially cloudy",Partly cloudy throughout the day with morning rain.,rain,"48820099999,48823099999,48825099999,48831099999,VVNB"
cầu giấy,2023-11-25,28,20.1,24,29.1,20.1,24.2,18.4,72.6,0.2,100,8.33,rain,0,0,20.2,11.2,131.7,1018.7,32.1,7.9,150.3,13,6,10,2023-11-25T06:13:06,2023-11-25T17:14:02,0.42,"Rain, Partially cloudy",Partly cloudy throughout the day with morning rain.,rain,"48820099999,48823099999,48825099999,48831099999,VVNB"
cầu giấy,2023-11-26,28.5,19.5,23.7,29.4,19.5,23.9,18.4,74,0,0,0,,0,0,20.9,10.3,318,1019.6,27.7,7.6,150.4,13,6,10,2023-11-26T06:13:45,2023-11-26T17:14:00,0.46,Partially cloudy,Partly cloudy throughout the day.,partly-cloudy-day,"48820099999,48823099999,48825099999,48831099999,VVNB"
cầu giấy,2023-11-27,28.5,19.5,23.7,29.2,19.5,23.8,18.5,74.5,0.3,100,4.17,rain,0,0,20.5,8.5,32.9,1018.7,37.9,7.5,157.2,13.5,6,10,2023-11-27T06:14:24,2023-11-27T17:13:59,0.5,"Rain, Partially cloudy",Partly cloudy throughout the day with morning rain.,rain,"48820099999,48823099999,48825099999,48831099999,VVNB"
cầu giấy,2023-11-28,28,19.2,23.1,27.6,19.2,23.1,16.7,70.4,0,0,0,,0,0,29.5,12.1,98.9,1018,20.3,7.2,184.8,15.9,7,10,2023-11-28T06:15:03,2023-11-28T17:14:00,0.53,Partially cloudy,Clearing in the afternoon.,partly-cloudy-day,"48820099999,48823099999,48825099999,48831099999,VVNB"
cầu giấy,2023-11-29,27.1,18.5,22.6,27.8,18.5,22.7,18.3,78.3,0.1,100,4.17,rain,0,0,18.4,13,84.8,1016.9,34.8,5.3,124.3,10.7,5,10,2023-11-29T06:15:42,2023-11-29T17:14:02,0.56,"Rain, Partially cloudy",Partly cloudy throughout the day with late afternoon rain.,rain,"48820099999,48823099999,48825099999,48831099999,VVNB"
cầu giấy,2023-11-30,26.5,21.5,23.5,26.5,21.5,23.5,19.7,80,0.006,100,4.17,rain,0,0,22.3,13,19,1018.9,81.4,6.4,88.1,7.5,4,10,2023-11-30T06:16:22,2023-11-30T17:14:06,0.59,"Rain, Partially cloudy",Partly cloudy throughout the day with late afternoon rain.,rain,"48820099999,48823099999,48825099999,48831099999,VVNB"
cầu giấy,2023-12-01,21,17,18.7,21,17,18.7,17.6,93.6,19.22,100,8.33,rain,0,0,24.5,19.4,24.9,1020.9,100,6.9,26.8,2.4,2,10,2023-12-01T06:17:01,2023-12-01T17:14:11,0.62,"Rain, Overcast",Cloudy skies throughout the day with rain.,rain,"48820099999,48823099999,48825099999,48831099999,VVNB"
cầu giấy,2023-12-02,18.5,16,17.5,18.5,16,17.5,14.8,84.7,0,0,0,rain,0,0,16.6,15.7,21.3,1021.3,100,8.6,24.7,2,1,10,2023-12-02T06:17:40,2023-12-02T17:14:17,0.65,Overcast,Cloudy skies throughout the day.,cloudy,"48820099999,48823099999,48825099999,48831099999,VVNB"
cầu giấy,2023-12-03,19,17,18.1,19,17,18.1,15.6,85.7,0,0,0,,0,0,19.1,14.8,22.2,1020.3,99.7,8.7,47.3,4.1,2,10,2023-12-03T06:18:19,2023-12-03T17:14:25,0.69,Overcast,Cloudy skies throughout the day.,cloudy,"48820099999,48823099999,48825099999,48831099999,VVNB"
cầu giấy,2023-12-04,20.5,17.5,18.9,20.5,17.5,18.9,15.9,83,0,0,0,rain,0,0,18.7,14.8,27.3,1018.2,99,10,50.3,4.3,3,10,2023-12-04T06:18:58,2023-12-04T17:14:34,0.72,Overcast,Cloudy skies throughout the day.,cloudy,"48820099999,48823099999,48825099999,48831099999,VVNB,remote"
cầu giấy,2023-12-05,19.9,18,18.9,19.9,18,18.9,16,83.8,0,0,0,,0,0,15.5,11.2,39.2,1015.8,99.3,8.6,65.5,5.7,3,10,2023-12-05T06:19:37,2023-12-05T17:14:44,0.75,Overcast,Cloudy skies throughout the day.,cloudy,"48820099999,48823099999,48825099999,48831099999,VVNB"
cầu giấy,2023-12-06,24.5,18.5,20.8,24.5,18.5,20.8,17,79.9,1.7,100,8.33,rain,0,0,28.4,14.8,2.7,1018.8,84.1,8.8,42.4,3.6,2,10,2023-12-06T06:20:15,2023-12-06T17:14:56,0.78,"Rain, Partially cloudy",Partly cloudy throughout the day with rain in the morning and afternoon.,rain,"48820099999,48823099999,48825099999,48831099999,VVNB"
cầu giấy,2023-12-07,26,15.5,20.3,26,15.5,20.3,14.6,72.8,0,0,0,,0,0,18,10.3,230.8,1018.7,46.2,7.8,186.7,16.3,7,10,2023-12-07T06:20:54,2023-12-07T17:15:09,0.81,Partially cloudy,Partly cloudy throughout the day.,partly-cloudy-day,"48820099999,48823099999,48825099999,48831099999,VVNB"
cầu giấy,2023-12-08,27,16.4,21.7,27.1,16.4,21.7,15.2,68.6,0,0,0,,0,0,27,16.5,125.2,1014.5,16.9,9.7,187.1,16.3,7,10,2023-12-08T06:21:32,2023-12-08T17:15:23,0.85,Clear,Clear conditions throughout the day.,clear-day,"48820099999,48823099999,48825099999,48831099999,VVNB"
cầu giấy,2023-12-09,27,19,22.5,28.5,19,22.6,19.5,83.7,0,0,0,,0,0,28.8,15.7,96,1012.1,64.4,6.9,158.5,13.8,6,10,2023-12-09T06:22:09,2023-12-09T17:15:38,0.88,Partially cloudy,Partly cloudy throughout the day.,partly-cloudy-day,"48820099999,48823099999,48825099999,48831099999,VVNB"
cầu giấy,2023-12-10,27.3,23,24.4,29.7,23,24.7,22.5,89.3,0,0,0,rain,0,0,30.6,15.7,134.1,1010.6,88.1,6.5,89,7.7,4,10,2023-12-10T06:22:47,2023-12-10T17:15:55,0.91,Partially cloudy,Partly cloudy throughout the day.,partly-cloudy-day,"48820099999,48823099999,48825099999,48831099999,VVNB"
cầu giấy,2023-12-11,27,23,25,29.6,23,25.6,22.8,88,0.5,100,12.5,rain,0,0,26.3,13.9,107.1,1013,92.5,7.3,79.8,6.9,4,10,2023-12-11T06:23:24,2023-12-11T17:16:13,0.94,"Rain, Overcast",Cloudy skies throughout the day with afternoon rain.,rain,"48820099999,48823099999,48825099999,48831099999,VVNB"
cầu giấy,2023-12-12,27,22,24.5,29.6,22,24.7,22.5,88.7,0.5,100,16.67,rain,0,0,32.8,17.5,109.2,1014.9,79.7,7.2,114.8,10,4,10,2023-12-12T06:24:00,2023-12-12T17:16:32,0.98,"Rain, Partially cloudy",Partly cloudy throughout the day with rain in the morning and afternoon.,rain,"48820099999,48823099999,48825099999,48831099999,VVNB"
cầu giấy,2023-12-13,28,22.3,24.7,30.1,22.3,25.1,21.5,83.2,0.7,100,25,rain,0,0,31.3,16.6,137,1016.4,70.3,7.3,95.2,8.3,4,10,2023-12-13T06:24:37,2023-12-13T17:16:52,0,"Rain, Partially cloudy",Partly cloudy throughout the day with rain in the morning and afternoon.,rain,"48820099999,48823099999,48825099999,48831099999,VVNB"
cầu giấy,2023-12-14,30,21,25,32.6,21,25.7,21.4,81.8,0,0,0,,0,0,32.8,17.5,128.8,1015.6,52.2,7.1,113.2,9.8,4,10,2023-12-14T06:25:12,2023-12-14T17:17:13,0.04,Partially cloudy,Partly cloudy throughout the day.,partly-cloudy-day,"48820099999,48823099999,48825099999,48831099999,VVNB"
cầu giấy,2023-12-15,29.2,22.5,25.1,31.3,22.5,25.7,22.1,84.6,0,0,0,,0,0,24.5,14.8,120.1,1014,66.8,7.6,140.5,12.3,5,10,2023-12-15T06:25:47,2023-12-15T17:17:36,0.08,Partially cloudy,Partly cloudy throughout the day.,partly-cloudy-day,"48820099999,48823099999,48825099999,48831099999,VVNB"
cầu giấy,2023-12-16,24.8,14,20,24.8,14,20,15.8,77.3,0.032,100,8.33,rain,0,0,69.1,33.5,50.8,1018.8,91.8,8.8,93.3,8.1,5,10,2023-12-16T06:26:22,2023-12-16T17:17:59,0.11,"Rain, Overcast",Cloudy skies throughout the day with rain.,rain,"48820099999,48823099999,48825099999,48831099999,VVNB"
cầu giấy,2023-12-17,16,12.7,13.9,16,12.7,13.9,7.7,66.3,0.001,100,4.17,rain,0,0,28.4,17.5,37.4,1024.5,98.9,10,40.3,3.5,2,10,2023-12-17T06:26:56,2023-12-17T17:18:24,0.15,"Rain, Overcast",Cloudy skies throughout the day with early morning rain.,rain,"48820099999,48823099999,48825099999,48831099999,VVNB"
cầu giấy,2023-12-18,17.6,13,15,17.6,13,15,10.3,73.5,0,0,0,,0,0,17.6,12.1,25.9,1021.9,99,9.6,81.1,7.1,4,10,2023-12-18T06:27:29,2023-12-18T17:18:50,0.19,Overcast,Cloudy skies throughout the day.,cloudy,"48820099999,48823099999,48825099999,48831099999,VVNB"
cầu giấy,2023-12-19,15.5,12,13.7,15.5,12,13.7,9.5,77,0.002,100,4.17,rain,0,0,25.6,21.4,22.7,1023.1,98.7,9,45,3.8,2,10,2023-12-19T06:28:02,2023-12-19T17:19:17,0.22,"Rain, Overcast",Cloudy skies throughout the day with morning rain.,rain,"48820099999,48823099999,48825099999,48831099999,VVNB"
cầu giấy,2023-12-20,18,12,15,18,12,15,7.4,60.8,0,0,0,rain,0,0,29.9,19.4,6,1025.2,87.8,10,68,5.9,3,10,2023-12-20T06:28:33,2023-12-20T17:19:44,0.25,Partially cloudy,Partly cloudy throughout the day.,partly-cloudy-day,"48820099999,48823099999,48825099999,48831099999,VVNB"
cầu giấy,2023-12-21,24.6,12.5,15.2,24.6,12.5,15.2,3.9,48.2,0,0,0,,0,0,33.8,19.4,1.6,1027,59.9,9.6,176.7,15.2,7,10,2023-12-21T06:29:05,2023-12-21T17:20:13,0.29,Partially cloudy,Partly cloudy throughout the day.,partly-cloudy-day,"48820099999,48823099999,48825099999,48831099999,VVNB"
cầu giấy,2023-12-22,17,10.5,13.2,17,10.5,13.2,0.7,43.3,0,0,0,,0,0,33.1,17.5,40.1,1030.7,26.4,10,192.4,16.6,7,10,2023-12-22T06:29:35,2023-12-22T17:20:42,0.33,Partially cloudy,Clearing in the afternoon.,partly-cloudy-day,"48820099999,48823099999,48825099999,48831099999,VVNB"
cầu giấy,2023-12-23,19,8,13.6,19,8,13.6,2.2,48,0,0,0,,0,0,35.3,14.8,4.3,1030.2,27.3,9.8,188.1,16.2,7,10,2023-12-23T06:30:04,2023-12-23T17:21:13,0.36,Partially cloudy,Partly cloudy throughout the day.,partly-cloudy-day,"48820099999,48823099999,48825099999,48831099999,VVNB"
cầu giấy,2023-12-24,19,14,16.3,19,14,16.3,2.3,39.8,0,0,0,,0,0,30.2,19.4,355.9,1030.1,80.2,9.8,88.4,7.8,4,10,2023-12-24T06:30:33,2023-12-24T17:21:44,0.4,Partially cloudy,Partly cloudy throughout the day.,partly-cloudy-day,"48820099999,48823099999,48825099999,48831099999,VVNB"
cầu giấy,2023-12-25,21,14,16.8,21,14,16.8,2.2,40.4,0,0,0,,0,0,23.4,14.8,65.3,1026.3,46.4,11.5,187.1,16.1,7,10,2023-12-25T06:31:01,2023-12-25T17:22:16,0.44,Partially cloudy,Clearing in the afternoon.,partly-cloudy-day,"48820099999,48823099999,48825099999,48831099999,VVNB"
cầu giấy,2023-12-26,22,9,15.6,22,9,15.6,6.2,57.5,0,0,0,,0,0,17.3,9.3,48.9,1024.1,21.3,8,179.8,15.4,6,10,2023-12-26T06:31:28,2023-12-26T17:22:49,0.47,Partially cloudy,Partly cloudy throughout the day.,partly-cloudy-day,"48820099999,48823099999,48825099999,48831099999,VVNB"
cầu giấy,2023-12-27,23.5,12,17.3,23.5,12,17.3,11.7,71.5,0,0,0,,0,0,17.6,11.2,116.2,1023.4,27,6.6,174.4,15,7,10,2023-12-27T06:31:53,2023-12-27T17:23:23,0.5,Partially cloudy,Partly cloudy throughout the day.,partly-cloudy-day,"48820099999,48823099999,48825099999,48831099999,VVNB"
cầu giấy,2023-12-28,25,13.8,19,25,13.8,19,13.4,72.9,0,0,0,,0,0,16.9,8.5,131.4,1021.4,14.2,6.8,177.3,15.1,7,10,2023-12-28T06:32:18,2023-12-28T17:23:57,0.54,Clear,Clear conditions throughout the day.,clear-day,"48820099999,48823099999,48825099999,48831099999,VVNB"
cầu giấy,2023-12-29,24.5,16,20.5,24.5,16,20.5,16,76.6,0.004,100,8.33,rain,0,0,18.7,7.6,257.5,1019.6,77.5,5.5,109.2,9.4,5,10,2023-12-29T06:32:42,2023-12-29T17:24:32,0.57,"Rain, Partially cloudy",Partly cloudy throughout the day with rain in the morning and afternoon.,rain,"48820099999,48823099999,48825099999,48831099999,VVNB"
cầu giấy,2023-12-30,23.5,19.4,21.4,23.5,19.4,21.4,18.4,83.6,0.727,100,16.67,rain,0,0,11.2,10.3,257.7,1018,88.1,4.7,44.2,3.9,2,10,2023-12-30T06:33:05,2023-12-30T17:25:08,0.6,"Rain, Partially cloudy",Partly cloudy throughout the day with a chance of rain throughout the day.,rain,"48820099999,48823099999,48825099999,48831099999,VVNB"
cầu giấy,2023-12-31,25.5,20,22.3,25.5,20,22.3,18.6,80.5,0.1,100,8.33,rain,0,0,14,12.1,139.6,1017.3,65.5,6.2,74.9,6.5,3,10,2023-12-31T06:33:27,2023-12-31T17:25:44,0.64,"Rain, Partially cloudy",Partly cloudy throughout the day with rain.,rain,"48820099999,48823099999,48825099999,48831099999,VVNB"
cầu giấy,2024-01-01,28,19,22.8,28.6,19,22.9,17.8,74.4,0,0,0,,0,0,27.4,20.5,126.6,1016.9,66.7,7.7,127.8,11.1,6,10,2024-01-01T06:33:47,2024-01-01T17:26:21,0.67,Partially cloudy,Partly cloudy throughout the day.,partly-cloudy-day,"48820099999,48823099999,48825099999,48831099999,VVNB"
cầu giấy,2024-01-02,27,21,23.3,28.2,21,23.5,19.6,80.7,0.6,100,25,rain,0,0,25.9,16.6,128,1016,81.9,8.2,120.6,10.1,5,10,2024-01-02T06:34:07,2024-01-02T17:26:58,0.7,"Rain, Partially cloudy",Partly cloudy throughout the day with a chance of rain throughout the day.,rain,"48820099999,48823099999,48825099999,48831099999,VVNB"
cầu giấy,2024-01-03,22,17,19.4,22,17,19.4,15,76.5,4.057,100,4.17,rain,0,0,36.7,24.1,36.4,1019.9,90.8,9.3,30.3,2.7,2,10,2024-01-03T06:34:25,2024-01-03T17:27:36,0.73,"Rain, Overcast",Cloudy skies throughout the day with late afternoon rain.,rain,"48820099999,48823099999,48825099999,48831099999,VVNB"
cầu giấy,2024-01-04,21,17,19.2,21,17,19.2,13.8,71.2,0,0,0,,0,0,22,14.8,101.2,1019.1,99.3,9.4,59.4,5.2,2,10,2024-01-04T06:34:43,2024-01-04T17:28:15,0.75,Overcast,Cloudy skies throughout the day.,cloudy,"48820099999,48823099999,48825099999,48831099999,VVNB"
cầu giấy,2024-01-05,24.6,18,20.5,24.6,18,20.5,17.7,84.2,0.4,100,16.67,rain,0,0,19.8,11.2,108.6,1017.6,94.2,5.3,68.9,5.9,3,10,2024-01-05T06:34:59,2024-01-05T17:28:53,0.8,"Rain, Overcast",Cloudy skies throughout the day with a chance of rain throughout the day.,rain,"48820099999,48823099999,48825099999,48831099999,VVNB"
cầu giấy,2024-01-06,26,19.7,22.1,26,19.7,22.1,18.7,81.8,0.9,100,25,rain,0,0,23.4,11.2,152.4,1018.4,82.5,6.6,71.1,6,3,10,2024-01-06T06:35:13,2024-01-06T17:29:32,0.83,"Rain, Partially cloudy",Partly cloudy throughout the day with rain in the morning and afternoon.,rain,"48820099999,48823099999,48825099999,48831099999,VVNB"
cầu giấy,2024-01-07,25,19,22,25,19,22,18.3,80.6,0.9,100,25,rain,0,0,28.4,16.6,133.3,1018.2,70,8.2,116,10,4,10,2024-01-07T06:35:27,2024-01-07T17:30:12,0.86,"Rain, Partially cloudy",Partly cloudy throughout the day with rain in the morning and afternoon.,rain,"48820099999,48823099999,48825099999,48831099999,VVNB"
cầu giấy,2024-01-08,26,20,22.6,26,20,22.6,19.2,81.6,0.3,100,12.5,rain,0,0,29.2,20.5,131.8,1016.1,85.7,8.4,105.3,9,4,10,2024-01-08T06:35:39,2024-01-08T17:30:52,0.89,"Rain, Partially cloudy",Partly cloudy throughout the day with rain in the morning and afternoon.,rain,"48820099999,48823099999,48825099999,48831099999,VVNB"
cầu giấy,2024-01-09,26.1,21,23.1,26.1,21,23.1,20,83.3,0.7,100,29.17,rain,0,0,25.2,18.4,130.7,1014.9,70.3,8.2,98.3,8.6,4,10,2024-01-09T06:35:51,2024-01-09T17:31:32,0.93,"Rain, Partially cloudy",Partly cloudy throughout the day with rain.,rain,"48820099999,48823099999,48825099999,48831099999,VVNB"
cầu giấy,2024-01-10,22,18,19.9,22,18,19.9,18.8,93.6,3.813,100,8.33,rain,0,0,27.4,18.4,65.7,1016.4,96.9,7.8,22,2,1,10,2024-01-10T06:36:00,2024-01-10T17:32:12,0.96,"Rain, Overcast",Cloudy skies throughout the day with rain.,rain,"48820099999,48823099999,48825099999,48831099999,VVNB"
cầu giấy,2024-01-11,18.1,17,17.5,18.1,17,17.5,16.5,93.7,7.975,100,16.67,rain,0,0,30.6,14.8,21.5,1017.6,100,7.8,24.2,2.1,1,10,2024-01-11T06:36:09,2024-01-11T17:32:52,0,"Rain, Overcast",Cloudy skies throughout the day with a chance of rain throughout the day.,rain,"48820099999,48823099999,48825099999,48831099999,VVNB"
cầu giấy,2024-01-12,18.5,17,17.7,18.5,17,17.7,17,95.8,7.792,100,12.5,rain,0,0,18,9.4,10.7,1017.1,100,5.5,19.5,1.8,1,10,2024-01-12T06:36:16,2024-01-12T17:33:33,0.02,"Rain, Overcast",Cloudy skies throughout the day with rain.,rain,"48820099999,48823099999,48825099999,48831099999,VVNB"
cầu giấy,2024-01-13,19.1,18,18.4,19.1,18,18.4,17.5,94.9,3.574,100,12.5,rain,0,0,19.8,11.2,32.6,1018.1,99.5,6.6,23.2,1.8,1,10,2024-01-13T06:36:22,2024-01-13T17:34:13,0.06,"Rain, Overcast",Cloudy skies throughout the day with rain.,rain,"48820099999,48823099999,48825099999,48831099999,VVNB"
cầu giấy,2024-01-14,20.5,18,19.3,20.5,18,19.3,18.1,92.7,1.558,100,12.5,rain,0,0,12.6,9.4,35.1,1019.6,98.9,6.7,37.7,3.2,2,10,2024-01-14T06:36:27,2024-01-14T17:34:54,0.1,"Rain, Overcast",Cloudy skies throughout the day with rain.,rain,"48820099999,48823099999,48825099999,48831099999,VVNB"
cầu giấy,2024-01-15,24,19,21.3,24,19,21.3,18.7,85.8,0.099,100,4.17,rain,0,0,28.4,11.2,116.6,1019.6,75.1,7.2,116.1,10,5,10,2024-01-15T06:36:30,2024-01-15T17:35:35,0.13,"Rain, Partially cloudy",Partly cloudy throughout the day with late afternoon rain.,rain,"48820099999,48823099999,48825099999,48831099999,VVNB"
cầu giấy,2024-01-16,23,18,20.5,23,18,20.5,17.9,85.9,2.187,100,4.17,rain,0,0,22.3,13,109.9,1018.8,84.3,8.5,39,3.3,2,10,2024-01-16T06:36:32,2024-01-16T17:36:16,0.17,"Rain, Partially cloudy",Partly cloudy throughout the day with late afternoon rain.,rain,"48820099999,48823099999,48825099999,48831099999,VVNB"
cầu giấy,2024-01-17,22,19,20.4,22,19,20.4,19.4,93.9,8.909,100,8.33,rain,0,0,29.9,16.6,118.6,1017.2,96,6.3,79.8,6.8,4,10,2024-01-17T06:36:33,2024-01-17T17:36:57,0.2,"Rain, Overcast",Cloudy skies throughout the day with rain.,rain,"48820099999,48823099999,48825099999,48831099999,VVNB"
cầu giấy,2024-01-18,27,20,22.5,28.2,20,22.5,19.5,84.3,0.693,100,4.17,rain,0,0,31.3,20.5,138,1015.2,72.8,8.5,122.7,10.7,5,10,2024-01-18T06:36:33,2024-01-18T17:37:37,0.25,"Rain, Partially cloudy",Partly cloudy throughout the day with afternoon rain.,rain,"48820099999,48823099999,48825099999,48831099999,VVNB"
cầu giấy,2024-01-19,27,20,22.7,28.3,20,22.8,19.9,85.2,0.032,100,4.17,rain,0,0,32,22.3,125.1,1014,79.1,8.3,137.5,12,5,10,2024-01-19T06:36:31,2024-01-19T17:38:18,0.27,"Rain, Partially cloudy",Partly cloudy throughout the day with morning rain.,rain,"48820099999,48823099999,48825099999,48831099999,VVNB"
cầu giấy,2024-01-20,26.8,19,23.1,28.1,19,23.1,19.7,82.4,1.7,100,29.17,rain,0,0,40.3,20.5,124.3,1014.7,87.3,8.9,118.1,10.1,5,10,2024-01-20T06:36:27,2024-01-20T17:38:59,0.31,"Rain, Partially cloudy",Partly cloudy throughout the day with rain.,rain,"48820099999,48823099999,48825099999,48831099999,VVNB"
cầu giấy,2024-01-21,20,14,16.2,20,14,16.2,14.9,92,0.99,100,8.33,rain,0,0,21.2,20.5,57.5,1018.3,100,7.8,26.8,2.2,1,10,2024-01-21T06:36:23,2024-01-21T17:39:39,0.34,"Rain, Overcast",Cloudy skies throughout the day with rain in the morning and afternoon.,rain,"48820099999,48823099999,48825099999,48831099999,VVNB"
cầu giấy,2024-01-22,14.8,10,12.3,14.8,8.2,12.3,9.2,81.9,3.792,100,12.5,rain,0,0,36.4,22.3,34.3,1023.4,100,8.4,19.6,2,1,10,2024-01-22T06:36:17,2024-01-22T17:40:19,0.38,"Rain, Overcast",Cloudy skies throughout the day with a chance of rain throughout the day.,rain,"48820099999,48823099999,48825099999,48831099999,VVNB"
cầu giấy,2024-01-23,12.5,8,10.3,12.5,6.4,9.3,4.2,66.5,0.198,100,4.17,rain,0,0,27.4,16.6,28.9,1029,89.1,10,33.1,2.9,2,10,2024-01-23T06:36:10,2024-01-23T17:40:59,0.41,"Rain, Partially cloudy",Partly cloudy throughout the day with afternoon rain.,rain,"48820099999,48823099999,48825099999,48831099999,VVNB"
cầu giấy,2024-01-24,12,9,10.2,12,6.5,9.1,3.9,65.2,0,0,0,,0,0,23.4,18.4,20.2,1029.3,99.1,10,73.9,6.2,3,10,2024-01-24T06:36:01,2024-01-24T17:41:39,0.45,Overcast,Cloudy skies throughout the day.,cloudy,"48820099999,48823099999,48825099999,48831099999,VVNB"
cầu giấy,2024-01-25,13,9.9,11.3,13,8.2,10.9,4.4,62.6,0,0,0,,0,0,20.9,13,19.3,1029.1,96.1,9.9,82.8,7.1,4,10,2024-01-25T06:35:51,2024-01-25T17:42:19,0.48,Overcast,Cloudy skies throughout the day.,cloudy,"48820099999,48823099999,48825099999,48831099999,VVNB"
cầu giấy,2024-01-26,14,11,12.1,14,11,12.1,5.6,65.1,0.001,100,4.17,rain,0,0,20.5,18.4,17.1,1027.9,99,10,61.4,5.2,2,10,2024-01-26T06:35:40,2024-01-26T17:42:58,0.5,"Rain, Overcast",Cloudy skies throughout the day with morning rain.,rain,"48820099999,48823099999,48825099999,48831099999,VVNB"
cầu giấy,2024-01-27,12,9,10.8,12,6.7,10.4,7.4,80.2,2.386,100,12.5,rain,0,0,19.8,16.6,22.2,1026.9,99.1,8.6,37.5,3.1,2,10,2024-01-27T06:35:27,2024-01-27T17:43:37,0.55,"Rain, Overcast",Cloudy skies throughout the day with rain.,rain,"48820099999,48823099999,48825099999,48831099999,VVNB"
cầu giấy,2024-01-28,14.4,11,12.4,14.4,11,12.4,7.2,70.8,0.9,100,12.5,rain,0,0,21.6,16.6,20.4,1026.7,99.8,10,38,3.4,2,10,2024-01-28T06:35:13,2024-01-28T17:44:16,0.58,"Rain, Overcast",Cloudy skies throughout the day with rain.,rain,"48820099999,48823099999,48825099999,48831099999,VVNB"
cầu giấy,2024-01-29,15.1,11,13,15.1,11,13,10.1,83,4.057,100,4.17,rain,0,0,19.1,11.2,6.4,1023.1,99.2,9,94.6,8.2,5,10,2024-01-29T06:34:58,2024-01-29T17:44:54,0.61,"Rain, Overcast",Cloudy skies throughout the day with late afternoon rain.,rain,"48820099999,48823099999,48825099999,48831099999,VVNB"
cầu giấy,2024-01-30,16.8,13,14.9,16.8,13,14.9,13.1,89.2,0.1,100,8.33,rain,0,0,15.8,7.6,3.7,1019.5,97,5.3,103.1,8.9,5,10,2024-01-30T06:34:42,2024-01-30T17:45:32,0.65,"Rain, Overcast",Cloudy skies throughout the day with rain.,rain,"48820099999,48823099999,48825099999,48831099999,VVNB"
cầu giấy,2024-01-31,19.1,15,16.8,19.1,15,16.8,15.6,92.8,0.303,100,12.5,rain,0,0,18.7,11.2,296.4,1017.1,94.1,4.3,79.3,6.7,4,10,2024-01-31T06:34:24,2024-01-31T17:46:10,0.68,"Rain, Overcast",Cloudy skies throughout the day with rain.,rain,"48820099999,48823099999,48825099999,48831099999,VVNB"
cầu giấy,2024-02-01,21.4,17,19,21.4,17,19,17.7,92.5,0.497,100,8.33,rain,0,0,20.2,11.2,271.3,1016.1,93.1,3.7,91.7,7.9,3,10,2024-02-01T06:34:05,2024-02-01T17:46:47,0.71,"Rain, Overcast",Cloudy skies throughout the day with rain.,rain,"48820099999,48823099999,48825099999,48831099999,VVNB"
cầu giấy,2024-02-02,26.7,19.7,21.9,28.2,19.7,22,20,89.7,0.5,100,16.67,rain,0,0,34.6,22.3,128.8,1014.4,83.9,4.3,107.8,9.3,5,10,2024-02-02T06:33:45,2024-02-02T17:47:24,0.75,"Rain, Partially cloudy",Partly cloudy throughout the day with rain in the morning and afternoon.,rain,"48820099999,48823099999,48825099999,48831099999,VVNB"
cầu giấy,2024-02-03,25,21,22.2,25,21,22.2,20.6,91.2,0.605,100,12.5,rain,0,0,40.7,22.3,124.5,1014.8,96.9,7.8,79,6.9,4,10,2024-02-03T06:33:23,2024-02-03T17:48:00,0.75,"Rain, Overcast",Cloudy skies throughout the day with rain.,rain,"48820099999,48823099999,48825099999,48831099999,VVNB"
cầu giấy,2024-02-04,28.4,21,23.7,30.7,21,24.1,21.1,86.3,0.407,100,8.33,rain,0,0,28.1,20.5,132.4,1013.7,73.6,7.5,153.1,13.2,7,10,2024-02-04T06:33:00,2024-02-04T17:48:36,0.81,"Rain, Partially cloudy",Partly cloudy throughout the day with rain.,rain,"48820099999,48823099999,48825099999,48831099999,VVNB"
cầu giấy,2024-02-05,27,21,23.6,28.8,21,23.7,21.5,88.5,2.5,100,50,rain,0,0,34.2,22.3,135.6,1014.4,90.9,7.5,70.1,6,3,10,2024-02-05T06:32:37,2024-02-05T17:49:12,0.84,"Rain, Overcast",Cloudy skies throughout the day with a chance of rain throughout the day.,rain,"48820099999,48823099999,48825099999,48831099999,VVNB"
cầu giấy,2024-02-06,24,19,21.2,24,19,21.2,19.9,92.4,0.103,100,8.33,rain,0,0,29.5,20.5,116.2,1015.5,99.2,5.4,54.8,4.8,3,10,2024-02-06T06:32:11,2024-02-06T17:49:47,0.88,"Rain, Overcast",Cloudy skies throughout the day with rain.,rain,"48820099999,48823099999,48825099999,48831099999,VVNB"
cầu giấy,2024-02-07,18,13,15.9,18,13,15.9,14.4,91.1,0.396,100,4.17,rain,0,0,26.3,22.3,57.4,1015.6,100,7.2,36.9,3.1,2,10,2024-02-07T06:31:45,2024-02-07T17:50:21,0.91,"Rain, Overcast",Cloudy skies throughout the day with late afternoon rain.,rain,"48820099999,48823099999,48825099999,48831099999,VVNB"
cầu giấy,2024-02-08,15.1,12,13.4,15.1,12,13.4,9.2,76.2,0.105,100,12.5,rain,0,0,24.1,22.3,49.4,1018.5,100,9.9,51.1,4.2,2,10,2024-02-08T06:31:18,2024-02-08T17:50:56,0.94,"Rain, Overcast",Cloudy skies throughout the day with rain.,rain,"48820099999,48823099999,48825099999,48831099999,VVNB"
cầu giấy,2024-02-09,17,12,14.7,17,12,14.7,8.7,67.8,0.002,100,4.17,rain,0,0,27.4,18.4,3.5,1024.7,95,10,79.4,6.9,4,10,2024-02-09T06:30:49,2024-02-09T17:51:29,0.98,"Rain, Overcast",Cloudy skies throughout the day with early morning rain.,rain,"48820099999,48823099999,48825099999,48831099999,VVNB"
cầu giấy,2024-02-10,21,15,17.5,21,15,17.5,9.7,62.7,0,0,0,,0,0,23.8,11.2,350.9,1027.3,52.9,8.9,113.3,9.7,5,10,2024-02-10T06:30:20,2024-02-10T17:52:02,0,Partially cloudy,Partly cloudy throughout the day.,partly-cloudy-day,"48820099999,48823099999,48825099999,48831099999,VVNB"
cầu giấy,2024-02-11,23.5,15.7,19.1,23.5,15.7,19.1,9.2,55.5,0,0,0,,0,0,19.1,14.8,59.4,1026.8,55.5,10.4,163.2,14,6,10,2024-02-11T06:29:49,2024-02-11T17:52:35,0.04,Partially cloudy,Partly cloudy throughout the day.,partly-cloudy-day,"48820099999,48823099999,48825099999,48831099999,VVNB"
cầu giấy,2024-02-12,24,12,18.5,24,12,18.5,12.3,70,0,0,0,,0,0,28.8,18.4,123.9,1023.4,9.6,9.4,222,19.1,8,10,2024-02-12T06:29:17,2024-02-12T17:53:07,0.08,Clear,Clear conditions throughout the day.,clear-day,"48820099999,48823099999,48825099999,48831099999,VVNB"
cầu giấy,2024-02-13,26,16,20.7,26,16,20.7,16.7,79.5,0,0,0,,0,0,31.7,18.4,136.8,1019.9,69.2,8.6,126.1,10.7,6,10,2024-02-13T06:28:44,2024-02-13T17:53:39,0.11,Partially cloudy,Partly cloudy throughout the day.,partly-cloudy-day,"48820099999,48823099999,48825099999,48831099999,VVNB"
cầu giấy,2024-02-14,24.5,20,21.8,24.5,20,21.8,18.3,80.8,0.4,100,12.5,rain,0,0,36.7,18.4,134.2,1017.5,92.3,10,91.9,8,4,10,2024-02-14T06:28:10,2024-02-14T17:54:10,0.15,"Rain, Overcast",Cloudy skies throughout the day with rain in the morning and afternoon.,rain,"48820099999,48823099999,48825099999,48831099999,VVNB"
cầu giấy,2024-02-15,24,19,21.3,24,19,21.3,19.1,87.8,1.6,100,29.17,rain,0,0,17.6,14.8,115.2,1018.5,79.7,8.3,57.3,5.1,2,10,2024-02-15T06:27:35,2024-02-15T17:54:41,0.18,"Rain, Partially cloudy",Partly cloudy throughout the day with a chance of rain throughout the day.,rain,"48820099999,48823099999,48825099999,48831099999,VVNB"
cầu giấy,2024-02-16,25,19,21.3,25,19,21.3,18.2,83.5,1,100,16.67,rain,0,0,27,14.8,119.2,1018.7,55.5,6.8,89.7,7.7,4,10,2024-02-16T06:26:59,2024-02-16T17:55:11,0.25,"Rain, Partially cloudy",Partly cloudy throughout the day with early morning rain.,rain,"48820099999,48823099999,48825099999,48831099999,VVNB"
cầu giấy,2024-02-17,25,17,21.3,25,17,21.3,18.2,83.5,0,0,0,,0,0,36.4,22.3,119.2,1013.3,85,7.8,111.5,9.8,4,10,2024-02-17T06:26:23,2024-02-17T17:55:41,0.25,Partially cloudy,Partly cloudy throughout the day.,partly-cloudy-day,"48820099999,48823099999,48825099999,48831099999,VVNB"
cầu giấy,2024-02-18,27.3,21,23.5,29.7,21,23.6,20.9,86.3,0,0,0,,0,0,28.1,18.4,121.2,1011.3,91.8,7.6,176.5,15.3,8,10,2024-02-18T06:25:45,2024-02-18T17:56:10,0.28,Overcast,Cloudy skies throughout the day.,cloudy,"48820099999,48823099999,48825099999,48831099999,VVNB"
cầu giấy,2024-02-19,27,22,24.3,29.2,22,24.4,22.4,89.3,0,0,0,,0,0,34.9,22.3,121.6,1010.8,90.7,8,182.9,15.8,8,8,2024-02-19T06:25:06,2024-02-19T17:56:39,0.32,Overcast,Cloudy skies throughout the day.,cloudy,"48820099999,48823099999,48825099999,48831099999,VVNB"
cầu giấy,2024-02-20,26.2,23,24.1,26.2,23,24.1,22.7,92.1,0.002,100,4.17,rain,0,0,37.4,22.3,119.1,1009.1,93.6,5.2,195.2,17,8,30,2024-02-20T06:24:26,2024-02-20T17:57:08,0.35,"Rain, Overcast",Cloudy skies throughout the day with afternoon rain.,rain,"48820099999,48823099999,48825099999,48831099999,VVNB"
cầu giấy,2024-02-21,28,24,25.2,31.5,24,25.7,22.9,87.3,0.3,100,4.17,rain,0,0,31,20.5,116.2,1009.4,95.1,7.9,213.4,18.5,8,30,2024-02-21T06:23:46,2024-02-21T17:57:35,0.39,"Rain, Overcast",Cloudy skies throughout the day with afternoon rain.,rain,"48820099999,48823099999,48825099999,48831099999,VVNB"
cầu giấy,2024-02-22,25.1,22.7,23.9,25.1,22.7,23.9,23,94.6,0.793,100,12.5,rain,0,0,35.6,18.4,113.9,1012.6,96.8,4.8,114.8,9.8,5,10,2024-02-22T06:23:05,2024-02-22T17:58:03,0.42,"Rain, Overcast",Cloudy skies throughout the day with rain.,rain,"48820099999,48823099999,48825099999,48831099999,VVNB"
cầu giấy,2024-02-23,23,15,18.8,23,15,18.8,18,95.4,6.932,100,8.33,rain,0,0,26.3,22.3,68.7,1016.4,97.9,4.2,40.5,3.6,2,10,2024-02-23T06:22:22,2024-02-23T17:58:30,0.45,"Rain, Overcast",Cloudy skies throughout the day with rain.,rain,"48820099999,48823099999,48825099999,48831099999,VVNB"
cầu giấy,2024-02-24,14.8,12,13,14.8,12,13,12.2,94.8,1.653,100,12.5,rain,0,0,22.7,22.3,43.1,1020.4,99.4,6.4,33.9,2.8,2,10,2024-02-24T06:21:39,2024-02-24T17:58:56,0.5,"Rain, Overcast",Cloudy skies throughout the day with a chance of rain throughout the day.,rain,"48820099999,48823099999,48825099999,48831099999,VVNB"
cầu giấy,2024-02-25,14.5,11,13,14.5,11,13,11.1,88.4,0.714,100,4.17,rain,0,0,18.7,13,42.1,1021,99.5,9.3,43.4,3.6,2,10,2024-02-25T06:20:56,2024-02-25T17:59:22,0.52,"Rain, Overcast",Cloudy skies throughout the day with early morning rain.,rain,"48820099999,48823099999,48825099999,48831099999,VVNB"
cầu giấy,2024-02-26,15.3,12,13.6,15.3,12,13.6,11.8,89.2,0.204,100,8.33,rain,0,0,19.4,16.6,43.6,1020.7,100,7.6,68.7,5.8,3,10,2024-02-26T06:20:11,2024-02-26T17:59:48,0.56,"Rain, Overcast",Cloudy skies throughout the day with rain in the morning and afternoon.,rain,"48820099999,48823099999,48825099999,48831099999,VVNB"
cầu giấy,2024-02-27,15.1,12,13.1,15.1,12,13.1,10.4,83.8,0.603,100,12.5,rain,0,0,21.2,18.4,42.6,1021,99.5,9.8,47.8,3.9,2,10,2024-02-27T06:19:26,2024-02-27T18:00:13,0.59,"Rain, Overcast",Cloudy skies throughout the day with a chance of rain throughout the day.,rain,"48820099999,48823099999,48825099999,48831099999,VVNB,remote"
cầu giấy,2024-02-28,15.8,12,13.6,15.8,12,13.6,12.2,91.2,0.103,100,8.33,rain,0,0,14.4,13,54.3,1017.1,100,7.6,68.2,5.9,3,10,2024-02-28T06:18:40,2024-02-28T18:00:37,0.62,"Rain, Overcast",Cloudy skies throughout the day with rain.,rain,"48820099999,48823099999,48825099999,48831099999,VVNB"
cầu giấy,2024-02-29,16,13,14.6,16,13,14.6,11.9,84.5,0.8,100,12.5,rain,0,0,27.4,18.4,29.9,1018.5,100,8.2,53,4.6,2,10,2024-02-29T06:17:54,2024-02-29T18:01:02,0.66,"Rain, Overcast",Cloudy skies throughout the day with rain.,rain,"48820099999,48823099999,48825099999,48831099999,VVNB"
cầu giấy,2024-03-01,16,13,14.4,16,13,14.4,8.9,69.5,0.002,100,4.17,rain,0,0,25.2,18.4,37.4,1022.2,100,10,56.3,5,2,10,2024-03-01T06:17:07,2024-03-01T18:01:26,0.69,"Rain, Overcast",Cloudy skies throughout the day with early morning rain.,rain,"48820099999,48823099999,48825099999,48831099999,VVNB"
cầu giấy,2024-03-02,17,13,14.7,17,13,14.7,7.7,63.2,0,0,0,,0,0,25.6,18.4,62.9,1022,97.4,9.9,97.7,8.5,3,10,2024-03-02T06:16:19,2024-03-02T18:01:49,0.73,Overcast,Cloudy skies throughout the day.,cloudy,"48820099999,48823099999,48825099999,48831099999,VVNB"
cầu giấy,2024-03-03,19.4,14,16.8,19.4,14,16.8,12.6,76.7,0,0,0,,0,0,32,18.4,143,1014.8,97.4,7.8,178,15.5,7,10,2024-03-03T06:15:31,2024-03-03T18:02:12,0.75,Overcast,Cloudy skies throughout the day.,cloudy,"48820099999,48823099999,48825099999,48831099999,VVNB"
cầu giấy,2024-03-04,20.9,15.7,18.1,20.9,15.7,18.1,16.9,92.9,0.5,100,12.5,rain,0,0,25.9,13,138.3,1007.5,95.9,3.8,242.1,21,9,10,2024-03-04T06:14:42,2024-03-04T18:02:35,0.79,"Rain, Overcast",Cloudy skies throughout the day with a chance of rain throughout the day.,rain,"48820099999,48823099999,48825099999,48831099999,VVNB"
cầu giấy,2024-03-05,30.1,18.5,23,32.1,18.5,23.5,19.7,83.1,0,0,0,,0,0,18,9.4,354,1004.6,46.6,5.1,258.4,22.3,9,10,2024-03-05T06:13:52,2024-03-05T18:02:57,0.83,Partially cloudy,Clearing in the afternoon.,partly-cloudy-day,"48820099999,48823099999,48825099999,48831099999,VVNB"
cầu giấy,2024-03-06,29.3,20,24.3,30.1,20,24.7,19.3,75.7,0,0,0,,0,0,39.6,16.6,70.2,1008,37.6,6.5,249.9,21.6,9,10,2024-03-06T06:13:02,2024-03-06T18:03:19,0.86,Partially cloudy,Partly cloudy throughout the day.,partly-cloudy-day,"48820099999,48823099999,48825099999,48831099999,VVNB"
cầu giấy,2024-03-07,24,20,21.9,24,20,21.9,14.9,65.3,0,0,0,rain,0,0,23.4,16.6,91.8,1014.3,87.1,9.1,87.4,7.5,3,10,2024-03-07T06:12:12,2024-03-07T18:03:41,0.89,Partially cloudy,Partly cloudy throughout the day.,partly-cloudy-day,"48820099999,48823099999,48825099999,48831099999,VVNB"
cầu giấy,2024-03-08,21,18,19.6,21,18,19.6,15,75.1,0,0,0,,0,0,20.2,13,86.3,1017,81.5,7.5,50,4.3,2,10,2024-03-08T06:11:21,2024-03-08T18:04:02,0.93,Partially cloudy,Partly cloudy throughout the day.,partly-cloudy-day,"48820099999,48823099999,48825099999,48831099999,VVNB"
cầu giấy,2024-03-09,19,16,17.3,19,16,17.3,15.1,87.1,0.003,100,8.33,rain,0,0,20.5,14.8,36.3,1016.9,95.3,7.1,51.2,4.3,2,10,2024-03-09T06:10:30,2024-03-09T18:04:24,0.96,"Rain, Overcast",Cloudy skies throughout the day with rain in the morning and afternoon.,rain,"48820099999,48823099999,48825099999,48831099999,VVNB"
cầu giấy,2024-03-10,18,16,16.8,18,16,16.8,15.2,90.1,0.398,100,4.17,rain,0,0,19.4,13,35.5,1018.5,99,8.7,48.9,4.2,2,10,2024-03-10T06:09:38,2024-03-10T18:04:44,0,"Rain, Overcast",Cloudy skies throughout the day with early morning rain.,rain,"48820099999,48823099999,48825099999,48831099999,VVNB"
cầu giấy,2024-03-11,24.7,16,19.8,24.7,16,19.8,15.1,75.8,0.111,100,8.33,rain,0,0,29.9,18.4,309.8,1020,63,10.3,130.4,11.2,6,10,2024-03-11T06:08:46,2024-03-11T18:05:05,0.03,"Rain, Partially cloudy",Partly cloudy throughout the day with rain.,rain,"48820099999,48823099999,48825099999,48831099999,VVNB,remote"
cầu giấy,2024-03-12,25.5,16.7,20.8,25.5,16.7,20.8,16.3,76.9,0,0,0,rain,0,0,27.7,20.5,110.5,1016.8,26.1,7.7,176.4,15.4,8,10,2024-03-12T06:07:54,2024-03-12T18:05:25,0.06,Partially cloudy,Partly cloudy throughout the day.,partly-cloudy-day,"48820099999,48823099999,48825099999,48831099999,VVNB"
cầu giấy,2024-03-13,24,19,20.6,24,19,20.6,18.4,88,0.2,100,8.33,rain,0,0,22,14.8,103.8,1014.3,80.3,5.7,95.2,8.1,4,10,2024-03-13T06:07:01,2024-03-13T18:05:45,0.09,"Rain, Partially cloudy",Partly cloudy throughout the day with rain.,rain,"48820099999,48823099999,48825099999,48831099999,VVNB"
cầu giấy,2024-03-14,22.3,19,20.4,22.3,19,20.4,20,97.8,1.198,100,8.33,rain,0,0,20.9,13,52,1013.7,98.9,4.3,56.1,4.8,3,10,2024-03-14T06:06:08,2024-03-14T18:06:05,0.13,"Rain, Overcast",Cloudy skies throughout the day with rain.,rain,"48820099999,48823099999,48825099999,48831099999,VVNB"
cầu giấy,2024-03-15,23.7,19,21.2,23.7,19,21.2,20.4,95.5,2.095,100,8.33,rain,0,0,22,13,81.8,1013.2,95.4,4.6,52.9,4.5,2,10,2024-03-15T06:05:15,2024-03-15T18:06:25,0.16,"Rain, Overcast",Cloudy skies throughout the day with rain.,rain,"48820099999,48823099999,48825099999,48831099999,VVNB"
cầu giấy,2024-03-16,25,21.9,23.2,25,21.9,23.2,22.2,94.6,0.1,100,8.33,rain,0,0,34.9,16.6,137.8,1014.2,92.9,4.7,106.1,9,4,10,2024-03-16T06:04:21,2024-03-16T18:06:44,0.2,"Rain, Overcast",Cloudy skies throughout the day with rain clearing later.,rain,"48820099999,48823099999,48825099999,48831099999,VVNB"
cầu giấy,2024-03-17,25.1,22,23.4,25.1,22,23.4,22.3,93.7,0.5,100,20.83,rain,0,0,31.7,13,125.9,1013.7,89.1,5,78.3,6.7,3,10,2024-03-17T06:03:27,2024-03-17T18:07:03,0.25,"Rain, Partially cloudy",Partly cloudy throughout the day with rain in the morning and afternoon.,rain,"48820099999,48823099999,48825099999,48831099999,VVNB"
cầu giấy,2024-03-18,26,23,23.9,26,23,23.9,22.8,93.4,0.402,100,12.5,rain,0,0,27.4,16.6,125.9,1013.1,92.4,6.2,75.9,6.6,3,10,2024-03-18T06:02:34,2024-03-18T18:07:22,0.26,"Rain, Overcast",Cloudy skies throughout the day with rain.,rain,"48820099999,48823099999,48825099999,48831099999,VVNB"
cầu giấy,2024-03-19,23,17,19.6,23,17,19.6,18.3,92.3,28.203,100,16.67,rain,0,0,47.2,33.5,48.7,1019.6,97.1,7.6,31.5,2.5,1,10,2024-03-19T06:01:39,2024-03-19T18:07:41,0.3,"Rain, Overcast",Cloudy skies throughout the day with a chance of rain throughout the day.,rain,"48820099999,48823099999,48825099999,48831099999,VVNB"
cầu giấy,2024-03-20,23,18,20,23,18,20,14.5,72.2,0.101,100,8.33,rain,0,0,17.3,9.4,16.2,1022.4,99.2,9.8,47.6,4.1,2,10,2024-03-20T06:00:45,2024-03-20T18:08:00,0.33,"Rain, Overcast",Cloudy skies throughout the day with rain.,rain,"48820099999,48823099999,48825099999,48831099999,VVNB"
cầu giấy,2024-03-21,26,17,21.5,26,17,21.5,16.3,73.9,0,0,0,,0,0,33.1,22.3,117.7,1015.4,37.4,10,260.8,22.6,9,10,2024-03-21T05:59:51,2024-03-21T18:08:19,0.36,Partially cloudy,Partly cloudy throughout the day.,partly-cloudy-day,"48820099999,48823099999,48825099999,48831099999,VVNB"
cầu giấy,2024-03-22,24.1,18,20.9,24.1,18,20.9,19.5,91.6,0.001,100,4.17,rain,0,0,32,16.6,108.8,1009.3,83.6,5.5,161.8,13.9,6,10,2024-03-22T05:58:57,2024-03-22T18:08:37,0.4,"Rain, Partially cloudy",Partly cloudy throughout the day with afternoon rain.,rain,"48820099999,48823099999,48825099999,48831099999,VVNB"
cầu giấy,2024-03-23,29.2,22,25.1,33.2,22,26.2,22.3,85.4,0.021,100,4.17,rain,0,0,33.5,24.1,114.6,1007.8,82.3,7.6,208.4,18.1,8,30,2024-03-23T05:58:02,2024-03-23T18:08:56,0.43,"Rain, Partially cloudy",Partly cloudy throughout the day with early morning rain.,rain,"48820099999,48823099999,48825099999,48831099999,VVNB"
cầu giấy,2024-03-24,26.6,24,24.7,26.6,24,24.7,23.5,92.7,0.198,100,8.33,rain,0,0,33.8,18.4,108.5,1010.4,90.6,5.3,186.8,16.1,8,30,2024-03-24T05:57:08,2024-03-24T18:09:14,0.46,"Rain, Overcast",Cloudy skies throughout the day with rain in the morning and afternoon.,rain,"48820099999,48823099999,48825099999,48831099999,VVNB"
cầu giấy,2024-03-25,30,23,26.3,34.7,23,27.8,23.6,85.9,0.101,100,8.33,rain,0,0,25.2,22.3,122.5,1012,73.7,7.4,130.7,11.3,5,30,2024-03-25T05:56:13,2024-03-25T18:09:32,0.5,"Rain, Partially cloudy",Partly cloudy throughout the day with rain clearing later.,rain,"48820099999,48823099999,48825099999,48831099999,VVNB"
cầu giấy,2024-03-26,30,23,26.5,33.3,23,27.8,22.5,80.1,0.3,100,12.5,rain,0,0,36.4,24.1,136.6,1015.4,62.5,8.1,162.5,14,6,10,2024-03-26T05:55:19,2024-03-26T18:09:50,0.53,"Rain, Partially cloudy",Partly cloudy throughout the day with morning rain.,rain,"48820099999,48823099999,48825099999,48831099999,VVNB"
cầu giấy,2024-03-27,29,24,26,32.7,24,27.2,22.8,82.9,0.2,100,4.17,rain,0,0,37.1,24.1,131.9,1014.4,73.8,7.7,167.3,14.4,8,30,2024-03-27T05:54:25,2024-03-27T18:10:09,0.57,"Rain, Partially cloudy",Partly cloudy throughout the day with afternoon rain.,rain,"48820099999,48823099999,48825099999,48831099999,VVNB"
cầu giấy,2024-03-28,26,23,24.4,26,23,24.4,22.9,91.6,8.3,100,75,rain,0,0,25.9,18.4,90,1012.6,80.3,5.5,137.5,11.9,5,60,2024-03-28T05:53:30,2024-03-28T18:10:27,0.6,"Rain, Partially cloudy",Partly cloudy throughout the day with a chance of rain throughout the day.,rain,"48820099999,VVNB"
cầu giấy,2024-03-29,27,21,23.2,29.1,21,23.3,21.5,90.4,4.6,100,45.83,rain,0,0,48.2,25.9,33.9,1013.2,69,7.1,100.6,8.8,5,30,2024-03-29T05:52:36,2024-03-29T18:10:45,0.64,"Rain, Partially cloudy",Partly cloudy throughout the day with a chance of rain throughout the day.,rain,VVNB
cầu giấy,2024-03-30,30,22,25.4,35,22,27,22.9,86.9,0,0,0,,0,0,25.2,20.5,115.5,1010.6,75.3,6.5,163.7,14.3,6,60,2024-03-30T05:51:42,2024-03-30T18:11:03,0.67,Partially cloudy,Partly cloudy throughout the day.,partly-cloudy-day,"VVNB,remote"
cầu giấy,2024-03-31,32,24,27.4,40.5,24,30.2,24.4,84.5,0,0,0,,0,0,25.6,18.4,96.3,1007.5,63.3,5.2,237.4,20.3,9,60,2024-03-31T05:50:48,2024-03-31T18:11:21,0.7,Partially cloudy,Partly cloudy throughout the day.,partly-cloudy-day,VVNB
cầu giấy,2024-04-01,33,24.6,27.8,42,24.6,31.1,24.7,84.1,0,0,0,,0,0,33.1,18.4,95.2,1004,55.3,6.7,284.5,24.6,9,30,2024-04-01T05:49:54,2024-04-01T18:11:39,0.74,Partially cloudy,Partly cloudy throughout the day.,partly-cloudy-day,"VVNB,remote"
cầu giấy,2024-04-02,33,25,27.7,42,25,30.7,24.6,84.2,0,0,0,,0,0,37.4,20.5,100.2,1002.8,53.9,7.9,289.4,25,10,30,2024-04-02T05:49:01,2024-04-02T18:11:58,0.75,Partially cloudy,Partly cloudy throughout the day.,partly-cloudy-day,"48820099999,48823099999,48825099999,48831099999,VVNB"
cầu giấy,2024-04-03,32.5,26,28.1,41.2,26,32,25.1,84.1,0,0,0,,0,0,29.9,20.5,96.8,1004.3,84,7.7,283.9,24.4,10,60,2024-04-03T05:48:07,2024-04-03T18:12:16,0.81,Partially cloudy,Partly cloudy throughout the day.,partly-cloudy-day,"48820099999,48823099999,48825099999,48831099999,VVNB"
cầu giấy,2024-04-04,31,26,27.8,39.1,26,31.5,25.3,86.8,0,0,0,,0,0,28.4,20.5,108.6,1005.1,95.5,7.9,289.3,24.8,10,75,2024-04-04T05:47:14,2024-04-04T18:12:34,0.84,Overcast,Cloudy skies throughout the day.,cloudy,"48820099999,48823099999,48825099999,48831099999,VVNB"
cầu giấy,2024-04-05,28,25,26.7,32.7,25,28.9,24.9,89.6,0.198,100,8.33,rain,0,0,32.4,24.1,135.7,1007.3,97.8,8.1,87.4,7.6,4,60,2024-04-05T05:46:21,2024-04-05T18:12:53,0.88,"Rain, Overcast",Cloudy skies throughout the day with rain.,rain,"48820099999,48823099999,48825099999,48831099999,VVNB"
cầu giấy,2024-04-06,28,24,25.7,32,24,26.8,24,90.4,0.997,100,8.33,rain,0,0,33.1,22.3,136.7,1008.6,97.4,7.4,97.6,8.3,4,30,2024-04-06T05:45:29,2024-04-06T18:13:11,0.91,"Rain, Overcast",Cloudy skies throughout the day with rain clearing later.,rain,"48820099999,48823099999,48825099999,48831099999,VVNB"
cầu giấy,2024-04-07,25.8,23,24.3,25.8,23,24.3,23.7,96.7,0.204,100,8.33,rain,0,0,29.2,16.6,93.7,1007.7,95,3.8,61.2,5.2,2,15,2024-04-07T05:44:37,2024-04-07T18:13:30,0.95,"Rain, Overcast",Cloudy skies throughout the day with rain.,rain,"48820099999,48823099999,48825099999,48831099999,VVNB"
cầu giấy,2024-04-08,24.4,21,22.9,24.4,21,22.9,20.1,84.8,0.834,100,8.33,rain,0,0,28.8,24.1,49.3,1011.9,99.5,8.6,68.6,5.9,3,10,2024-04-08T05:43:45,2024-04-08T18:13:49,0.98,"Rain, Overcast",Cloudy skies throughout the day with rain.,rain,"48820099999,48823099999,48825099999,48831099999,VVNB"
cầu giấy,2024-04-09,25,21,23,25,21,23,20.5,86.3,1.002,100,12.5,rain,0,0,14.4,16.6,38.6,1014.6,97.9,9.2,62.2,5.5,2,10,2024-04-09T05:42:53,2024-04-09T18:14:08,0,"Rain, Overcast",Cloudy skies throughout the day with rain.,rain,"48820099999,48823099999,48825099999,48831099999,VVNB"
cầu giấy,2024-04-10,24.8,21.9,23.3,24.8,21.9,23.3,21.9,91.9,0.204,100,12.5,rain,0,0,23.8,9.4,99.8,1014.5,89.7,5.2,128.7,11.1,5,10,2024-04-10T05:42:02,2024-04-10T18:14:27,0.05,"Rain, Partially cloudy",Partly cloudy throughout the day with a chance of rain throughout the day.,rain,"48820099999,48823099999,48825099999,48831099999,VVNB"
cầu giấy,2024-04-11,29.5,23,25.5,34.1,23,26.8,23.6,89.3,0.4,100,12.5,rain,0,0,31.3,18.4,120,1013.2,76.3,5.7,167.1,14.3,7,30,2024-04-11T05:41:11,2024-04-11T18:14:46,0.08,"Rain, Partially cloudy",Partly cloudy throughout the day with afternoon rain.,rain,"48820099999,48823099999,48825099999,48831099999,VVNB"
cầu giấy,2024-04-12,31,24,27.1,36.5,24,29.4,24,83.8,0,0,0,rain,0,0,35.3,18.4,134,1011.4,83.1,8.1,160,13.7,5,60,2024-04-12T05:40:21,2024-04-12T18:15:05,0.11,Partially cloudy,Partly cloudy throughout the day.,partly-cloudy-day,"48820099999,48823099999,48825099999,48831099999,VVNB"
cầu giấy,2024-04-13,31,25.9,27.6,39.1,25.9,30.6,24.5,83.4,0,0,0,rain,0,0,36,22.3,136.9,1008.5,87.9,9.2,187.5,16.1,7,75,2024-04-13T05:39:31,2024-04-13T18:15:25,0.15,Partially cloudy,Partly cloudy throughout the day.,partly-cloudy-day,"48820099999,48823099999,48825099999,48831099999,VVNB"
cầu giấy,2024-04-14,30.8,26,27.4,37.4,26,30.7,25.1,87.4,0,0,0,,0,0,28.8,22.3,113.8,1008.6,95.5,7.7,195,16.9,7,100,2024-04-14T05:38:42,2024-04-14T18:15:44,0.18,Overcast,Cloudy skies throughout the day.,cloudy,"48820099999,48823099999,48825099999,48831099999,VVNB"
cầu giấy,2024-04-15,29.5,26,27.1,35.6,26,29.6,24.9,88,0.2,100,8.33,rain,0,0,36.7,20.5,120.4,1009.7,93,7.9,163.8,14.3,5,75,2024-04-15T05:37:53,2024-04-15T18:16:04,0.21,"Rain, Overcast",Cloudy skies throughout the day with rain in the morning and afternoon.,rain,"48820099999,48823099999,48825099999,48831099999,VVNB"
cầu giấy,2024-04-16,33,25,28.3,38.1,25,30.6,23.6,77.9,2.977,100,4.17,rain,0,0,38.9,25.9,136.1,1007.9,45.5,10.4,185.9,16,9,75,2024-04-16T05:37:05,2024-04-16T18:16:24,0.25,"Rain, Partially cloudy",Partly cloudy throughout the day with morning rain.,rain,"48820099999,48823099999,48825099999,48831099999,VVNB"
cầu giấy,2024-04-17,30,25,27.3,37.4,25,30.4,25.1,88.1,0,0,0,rain,0,0,29.2,20.5,122.3,1006.7,89.1,8.2,219.8,18.9,8,75,2024-04-17T05:36:17,2024-04-17T18:16:44,0.28,Partially cloudy,Partly cloudy throughout the day.,partly-cloudy-day,"48820099999,48823099999,48825099999,48831099999,VVNB"
cầu giấy,2024-04-18,32,24,27.3,39.2,24,29.9,24.5,86,13.915,100,8.33,rain,0,0,33.1,24.1,123,1004.9,61.4,8.1,177,15.3,8,100,2024-04-18T05:35:30,2024-04-18T18:17:05,0.31,"Rain, Partially cloudy",Partly cloudy throughout the day with rain clearing later.,rain,"48820099999,48823099999,48825099999,48831099999,VVNB"
cầu giấy,2024-04-19,33.1,26,28.4,42.4,26,33.6,25.6,85.2,0,0,0,,0,0,29.9,24.1,120.6,1002.3,77.2,8.4,273.6,23.5,10,100,2024-04-19T05:34:43,2024-04-19T18:17:25,0.34,Partially cloudy,Partly cloudy throughout the day.,partly-cloudy-day,"48820099999,48823099999,48825099999,48831099999,VVNB"
cầu giấy,2024-04-20,34.4,24,28.9,45.3,24,34.6,25.6,83.1,8.905,100,4.17,rain,0,0,57.6,38.9,96.6,1002.2,75.8,8.3,272.4,23.5,9,75,2024-04-20T05:33:57,2024-04-20T18:17:46,0.38,"Rain, Partially cloudy",Partly cloudy throughout the day with late afternoon rain.,rain,"48820099999,48823099999,48825099999,48831099999,VVNB"
cầu giấy,2024-04-21,32,24,27.4,42.3,24,31,24.8,86.5,40.567,100,4.17,rain,0,0,33.5,22.3,93.2,1004.2,90.4,8.7,244.6,21.1,9,75,2024-04-21T05:33:12,2024-04-21T18:18:07,0.41,"Rain, Overcast",Cloudy skies throughout the day with early morning rain.,rain,"48820099999,48823099999,48825099999,48831099999,VVNB"
cầu giấy,2024-04-22,29,24,26.7,34.5,24,29.1,24.3,86.7,0.022,100,8.33,rain,0,0,24.8,14.8,91.8,1006,95.8,9,97,8.4,4,60,2024-04-22T05:32:27,2024-04-22T18:18:28,0.44,"Rain, Overcast",Cloudy skies throughout the day with rain.,rain,"48820099999,48823099999,48825099999,48831099999,VVNB"
cầu giấy,2024-04-23,31.7,26,28.2,39.1,26,32.2,25,83.4,2.5,100,33.33,rain,0,0,32.8,18.4,86.7,1006.1,90.9,8.3,134.6,11.6,7,75,2024-04-23T05:31:44,2024-04-23T18:18:49,0.47,"Rain, Overcast",Cloudy skies throughout the day with rain.,rain,"48820099999,48823099999,48825099999,48831099999,VVNB"
cầu giấy,2024-04-24,28.6,23,25.8,33.4,23,26.4,23.9,89.4,2.97,100,12.5,rain,0,0,22,13,65.2,1006.9,82.8,8.3,90.2,7.7,3,60,2024-04-24T05:31:00,2024-04-24T18:19:11,0.5,"Rain, Partially cloudy",Partly cloudy throughout the day with rain.,rain,"48820099999,48823099999,48825099999,48831099999,VVNB"
cầu giấy,2024-04-25,34,25,28.9,45.8,25,34.3,25.7,83.9,5.94,100,8.33,rain,0,0,26.3,20.5,116.7,1004.1,65.7,7.7,208.5,18,8,75,2024-04-25T05:30:18,2024-04-25T18:19:33,0.54,"Rain, Partially cloudy",Partly cloudy throughout the day with rain clearing later.,rain,"48820099999,48823099999,48825099999,48831099999,VVNB"
cầu giấy,2024-04-26,36.7,27,31.1,48.1,31.2,39.7,26.7,79.2,0,0,0,,0,0,27.7,18.4,112.7,1001,50.9,7.1,289.3,25.1,10,60,2024-04-26T05:29:36,2024-04-26T18:19:55,0.58,Partially cloudy,Partly cloudy throughout the day.,partly-cloudy-day,"48820099999,48823099999,48825099999,48831099999,VVNB"
cầu giấy,2024-04-27,40,27,32.2,44.7,31.2,38.6,24.6,69.4,0,0,0,,0,0,27,16.6,97.9,999.6,9,7.8,316.6,27.5,10,30,2024-04-27T05:28:55,2024-04-27T18:20:17,0.61,Clear,Clear conditions throughout the day.,clear-day,"48820099999,48823099999,48825099999,48831099999,VVNB"
cầu giấy,2024-04-28,35.8,27,30.7,51,30.6,39.6,26.9,80.9,0,0,0,,0,0,25.9,20.5,98.6,1002,45.3,10.4,304.7,26.2,10,60,2024-04-28T05:28:15,2024-04-28T18:20:40,0.65,Partially cloudy,Partly cloudy throughout the day.,partly-cloudy-day,"48820099999,48823099999,48825099999,48831099999,VVNB"
cầu giấy,2024-04-29,34,28,30.2,49.5,34.3,39.4,27.2,84.5,0.2,100,8.33,rain,0,0,32,20.5,108.3,1002.1,66.7,9.7,291.5,25.1,10,75,2024-04-29T05:27:35,2024-04-29T18:21:03,0.68,"Rain, Partially cloudy",Partly cloudy throughout the day with afternoon rain.,rain,"48820099999,48823099999,48825099999,48831099999,VVNB"
cầu giấy,2024-04-30,37.2,27,31.1,50.2,31.2,40.1,26.7,78.6,0.8,100,4.17,rain,0,0,33.5,18.4,84.8,999.1,43,9.5,306.5,26.4,10,30,2024-04-30T05:26:57,2024-04-30T18:21:26,0.72,"Rain, Partially cloudy",Clearing in the afternoon with late afternoon rain.,rain,"48820099999,48823099999,48825099999,48831099999,VVNB"
cầu giấy,2024-05-01,28.4,24,26,32.8,24,27.1,22.8,82.9,2.2,100,41.67,rain,0,0,31,18.4,41.9,1004.9,93,9.5,74.7,6.5,4,10,2024-05-01T05:26:19,2024-05-01T18:21:49,0.75,"Rain, Overcast",Cloudy skies throughout the day with rain.,rain,"48820099999,48823099999,48825099999,48831099999,VVNB"
cầu giấy,2024-05-02,26.3,22,24.1,26.3,22,24.1,22.5,91.1,32.473,100,8.33,rain,0,0,15.8,16.6,61.6,1008.1,89.2,8.5,73.7,6.4,3,10,2024-05-02T05:25:42,2024-05-02T18:22:12,0.79,"Rain, Partially cloudy",Partly cloudy throughout the day with rain in the morning and afternoon.,rain,"48820099999,48823099999,48825099999,48831099999,VVNB"
cầu giấy,2024-05-03,27.8,23,25.1,31.1,23,25.6,23.6,91.6,34.2,100,12.5,rain,0,0,32,22.3,103.6,1007.9,93.3,8,92.6,8,4,60,2024-05-03T05:25:06,2024-05-03T18:22:36,0.83,"Rain, Overcast",Cloudy skies throughout the day with a chance of rain throughout the day.,rain,"48820099999,48823099999,48825099999,48831099999,VVNB"
cầu giấy,2024-05-04,33,25,28.2,42.1,25,32.1,25.1,84.1,0.1,100,4.17,rain,0,0,27,22.3,118.5,1004.6,72.5,8.8,255.8,22,9,100,2024-05-04T05:24:31,2024-05-04T18:23:00,0.86,"Rain, Partially cloudy",Partly cloudy throughout the day with morning rain.,rain,"48820099999,48823099999,48825099999,48831099999,VVNB"
cầu giấy,2024-05-05,28.8,24,26.5,31.7,24,27.9,22.2,77.4,1.1,100,33.33,rain,0,0,28.1,16.6,52.3,1008.3,85,9.9,86,7.4,4,10,2024-05-05T05:23:56,2024-05-05T18:23:24,0.9,"Rain, Partially cloudy",Partly cloudy throughout the day with a chance of rain throughout the day.,rain,"48820099999,48823099999,48825099999,48831099999,VVNB"
cầu giấy,2024-05-06,28.9,24.5,26.1,32.4,24.5,27,23.5,86.4,2.106,100,4.17,rain,0,0,32.4,16.6,51.9,1011,79.7,9.3,87.7,7.6,3,30,2024-05-06T05:23:23,2024-05-06T18:23:48,0.93,"Rain, Partially cloudy",Partly cloudy throughout the day with afternoon rain.,rain,"48820099999,48823099999,48825099999,48831099999,VVNB"
cầu giấy,2024-05-07,30.5,25,27.3,36.8,25,30.3,24.7,85.9,4.947,100,4.17,rain,0,0,22.7,13,72.2,1012.7,82,9.2,136.6,11.7,5,30,2024-05-07T05:22:51,2024-05-07T18:24:12,0.97,"Rain, Partially cloudy",Partly cloudy throughout the day with late afternoon rain.,rain,"48820099999,48823099999,48825099999,48831099999,VVNB"
cầu giấy,2024-05-08,30,26,27.3,37.4,26,30.5,25.4,89.7,5.095,100,4.17,rain,0,0,26.6,14.8,99.5,1011.7,82.3,7.8,171.2,14.6,6,30,2024-05-08T05:22:19,2024-05-08T18:24:37,0,"Rain, Partially cloudy",Partly cloudy throughout the day with afternoon rain.,rain,"48820099999,48823099999,48825099999,48831099999,VVNB"
cầu giấy,2024-05-09,31,23,26.1,37.7,23,27.6,23.7,87,2.997,100,8.33,rain,0,0,23.8,20.5,73.8,1012.7,89.2,9.6,132.7,11.3,5,30,2024-05-09T05:21:49,2024-05-09T18:25:01,0.03,"Rain, Partially cloudy",Partly cloudy throughout the day with rain in the morning and afternoon.,rain,"48820099999,48823099999,48825099999,48831099999,VVNB"
cầu giấy,2024-05-10,31.8,24,27.9,39.1,24,31.2,24.5,82.8,0.131,100,8.33,rain,0,0,34.2,24.1,121.6,1011.5,66.7,9.1,248.4,21.3,8,30,2024-05-10T05:21:19,2024-05-10T18:25:26,0.07,"Rain, Partially cloudy",Partly cloudy throughout the day with rain clearing later.,rain,"48820099999,48823099999,48825099999,48831099999,VVNB"
cầu giấy,2024-05-11,33,26,29.2,42.1,26,34.7,25.6,82.3,0.3,100,12.5,rain,0,0,27.4,20.5,144.6,1010.7,60.4,9.3,228.6,19.9,8,60,2024-05-11T05:20:51,2024-05-11T18:25:51,0.1,"Rain, Partially cloudy",Partly cloudy throughout the day with rain in the morning and afternoon.,rain,"48820099999,48823099999,48825099999,48831099999,VVNB"
cầu giấy,2024-05-12,34.3,24.5,28.5,43.5,24.5,33.1,25.5,84.7,17.074,100,4.17,rain,0,0,25.9,24.1,102.5,1010.3,70.8,8.7,178.3,15.3,6,60,2024-05-12T05:20:23,2024-05-12T18:26:16,0.13,"Rain, Partially cloudy",Partly cloudy throughout the day with late afternoon rain.,rain,"48820099999,48823099999,48825099999,48831099999,VVNB"
cầu giấy,2024-05-13,30.1,23,26.7,34.1,23,28.5,22.9,80.8,144.501,100,16.67,rain,0,0,20.9,16.6,326.8,1012,63,9.5,69.7,6,3,10,2024-05-13T05:19:57,2024-05-13T18:26:42,0.16,"Rain, Partially cloudy",Partly cloudy throughout the day with a chance of rain throughout the day.,rain,"48820099999,48823099999,48825099999,48831099999,VVNB"
cầu giấy,2024-05-14,32,24,28.1,37.9,24,31.1,23.8,78.6,0.1,100,4.17,rain,0,0,27,14.8,137.8,1011.2,46.3,9.9,246.9,21.4,8,30,2024-05-14T05:19:32,2024-05-14T18:27:07,0.2,"Rain, Partially cloudy",Partly cloudy throughout the day with morning rain.,rain,"48820099999,48823099999,48825099999,48831099999,VVNB"
cầu giấy,2024-05-15,31.1,24,27.5,39.1,24,30.8,25.1,87.2,0.792,100,4.17,rain,0,0,27.7,22.3,93.5,1012.3,76.7,8.3,202,17.4,8,30,2024-05-15T05:19:07,2024-05-15T18:27:33,0.25,"Rain, Partially cloudy",Partly cloudy throughout the day with late afternoon rain.,rain,"48820099999,48823099999,48825099999,48831099999,VVNB"
cầu giấy,2024-05-16,31.1,25,27.5,35,25,29.2,23.2,78.5,0.198,100,4.17,rain,0,0,33.8,16.6,25.2,1012.8,85.2,9.9,90.2,7.8,5,10,2024-05-16T05:18:44,2024-05-16T18:27:58,0.26,"Rain, Partially cloudy",Partly cloudy throughout the day with early morning rain.,rain,"48820099999,48823099999,48825099999,48831099999,VVNB"
cầu giấy,2024-05-17,31.1,25,27.9,34.7,25,30.1,22.8,74.6,0.7,100,20.83,rain,0,0,27,20.5,140.8,1009.9,71,9.3,220.9,19.2,7,10,2024-05-17T05:18:21,2024-05-17T18:28:24,0.29,"Rain, Partially cloudy",Partly cloudy throughout the day with rain in the morning and afternoon.,rain,"48820099999,48823099999,48825099999,48831099999,VVNB"
cầu giấy,2024-05-18,32.4,26.9,29.1,42.2,30.6,35.7,26,84,9.4,100,41.67,rain,0,0,34.9,22.3,133.7,1004.8,89.4,9.9,193.3,16.8,8,75,2024-05-18T05:18:00,2024-05-18T18:28:49,0.33,"Rain, Partially cloudy",Partly cloudy throughout the day with rain.,rain,"48820099999,48823099999,48825099999,48831099999,VVNB"
cầu giấy,2024-05-19,32,25,28.4,44.1,25,34.3,26.2,88.1,43.841,100,8.33,rain,0,0,31.3,25.9,84.4,1002.4,84.7,9.8,136.8,11.9,7,75,2024-05-19T05:17:40,2024-05-19T18:29:15,0.36,"Rain, Partially cloudy",Partly cloudy throughout the day with rain.,rain,"48820099999,48823099999,48825099999,48831099999,VVNB"
cầu giấy,2024-05-20,31,25,27.7,37.7,25,30.9,24.7,84.7,7.927,100,8.33,rain,0,0,30.2,16.6,301.3,1005.8,51.7,8.6,207.2,17.9,7,10,2024-05-20T05:17:21,2024-05-20T18:29:41,0.39,"Rain, Partially cloudy",Partly cloudy throughout the day with rain clearing later.,rain,"48820099999,48823099999,48825099999,48831099999,VVNB"
cầu giấy,2024-05-21,34,26,28.4,42,26,32.4,24.7,81.2,1,100,12.5,rain,0,0,28.1,9.4,72.5,1007.7,72.5,8.4,198.2,17,8,10,2024-05-21T05:17:03,2024-05-21T18:30:06,0.42,"Rain, Partially cloudy",Partly cloudy throughout the day with rain.,rain,"48820099999,48823099999,48825099999,48831099999,VVNB"
cầu giấy,2024-05-22,33.3,25,28.7,38.3,25,31.8,23.8,76.3,0.021,100,4.17,rain,0,0,21.2,16.6,15.1,1008.7,53.6,8.8,224.7,19.4,8,10,2024-05-22T05:16:46,2024-05-22T18:30:32,0.46,"Rain, Partially cloudy",Partly cloudy throughout the day with early morning rain.,rain,"48820099999,48823099999,48825099999,48831099999,VVNB"
cầu giấy,2024-05-23,32,25.6,27.9,40.6,25.6,31.5,24.6,82.6,5.939,100,8.33,rain,0,0,20.5,14.8,272.6,1008.1,61.7,8.7,198.9,17.2,8,10,2024-05-23T05:16:30,2024-05-23T18:30:57,0.5,"Rain, Partially cloudy",Partly cloudy throughout the day with rain clearing later.,rain,"48820099999,48823099999,48825099999,48831099999,VVNB"
cầu giấy,2024-05-24,35,26,29.3,39.5,26,33.6,24.8,78.8,0.9,100,16.67,rain,0,0,42.5,22.3,130.8,1007.6,57.5,7.8,247.5,21.3,8,30,2024-05-24T05:16:15,2024-05-24T18:31:23,0.52,"Rain, Partially cloudy",Partly cloudy throughout the day with rain in the morning and afternoon.,rain,"48820099999,48823099999,48825099999,48831099999,VVNB"
cầu giấy,2024-05-25,32,26,28.2,40.5,26,33.8,26.2,89.4,13.968,100,8.33,rain,0,0,31.7,20.5,134.6,1007.5,71.7,8.8,129.9,11.2,6,30,2024-05-25T05:16:02,2024-05-25T18:31:48,0.56,"Rain, Partially cloudy",Partly cloudy throughout the day with rain.,rain,"48820099999,48823099999,48825099999,48831099999,VVNB"
cầu giấy,2024-05-26,35,26,30.7,46.3,26,38.9,26.9,81.5,10.472,100,8.33,rain,0,0,31.7,13,159.2,1004.9,64.4,9.7,215.9,18.8,8,30,2024-05-26T05:15:49,2024-05-26T18:32:13,0.59,"Rain, Partially cloudy",Partly cloudy throughout the day with rain.,rain,"48820099999,48823099999,48825099999,48831099999,VVNB"
cầu giấy,2024-05-27,36.1,28,32.1,44.9,34.5,40.8,26.2,73.1,0.198,100,4.17,rain,0,0,25.2,14.8,231,1001.2,70.8,9.5,210.2,18.1,7,30,2024-05-27T05:15:38,2024-05-27T18:32:38,0.63,"Rain, Partially cloudy",Partly cloudy throughout the day with late afternoon rain.,rain,"48820099999,48823099999,48825099999,48831099999,VVNB"
cầu giấy,2024-05-28,35,29,31.8,47.3,36.8,41.6,26.9,76,0.2,100,8.33,rain,0,0,28.8,14.8,52.3,1000.9,57.9,9.9,178.6,15.5,7,60,2024-05-28T05:15:27,2024-05-28T18:33:03,0.67,"Rain, Partially cloudy",Partly cloudy throughout the day with rain in the morning and afternoon.,rain,"48820099999,48823099999,48825099999,48831099999,VVNB"
cầu giấy,2024-05-29,36,29,32,50.8,36.8,42.9,27.6,78.4,0,0,0,rain,0,0,28.8,24.1,120.2,1000.7,76.6,11,244.5,21,8,75,2024-05-29T05:15:18,2024-05-29T18:33:28,0.7,Partially cloudy,Partly cloudy throughout the day.,partly-cloudy-day,"48820099999,48823099999,48825099999,48831099999,VVNB"
cầu giấy,2024-05-30,35,26,30.2,47.8,26,38,26.4,80.7,57.387,100,4.17,rain,0,0,32,29.5,92.7,1002,80,9.2,177.9,15.3,6,60,2024-05-30T05:15:10,2024-05-30T18:33:53,0.74,"Rain, Partially cloudy",Partly cloudy throughout the day with late afternoon rain.,rain,"48820099999,48823099999,48825099999,48831099999,VVNB"
cầu giấy,2024-05-31,29,23.9,26.6,33.6,23.9,28.6,23.7,84.7,31.694,100,12.5,rain,0,0,24.5,13,294.6,1006.2,90.2,9.8,96.1,8.2,4,10,2024-05-31T05:15:03,2024-05-31T18:34:17,0.75,"Rain, Overcast",Cloudy skies throughout the day with a chance of rain throughout the day.,rain,"48820099999,48823099999,48825099999,48831099999,VVNB"
cầu giấy,2024-06-01,34,26.3,30,39.4,26.3,34.4,24.3,73.5,0.1,100,4.17,rain,0,0,16.9,11.2,100.3,1007.3,50.2,9.7,247,21.2,8,10,2024-06-01T05:14:56,2024-06-01T18:34:41,0.81,"Rain, Partially cloudy",Partly cloudy throughout the day with early morning rain.,rain,"48820099999,48823099999,48825099999,48831099999,VVNB"
cầu giấy,2024-06-02,36,27,31,48.1,31.2,39.6,26.6,78.3,0.6,100,25,rain,0,0,40.7,22.3,130.1,1005.9,53.9,9.8,225.1,19.3,7,60,2024-06-02T05:14:51,2024-06-02T18:35:05,0.85,"Rain, Partially cloudy",Partly cloudy throughout the day with a chance of rain throughout the day.,rain,"48820099999,48823099999,48825099999,48831099999,VVNB"
cầu giấy,2024-06-03,36,27,30.9,45.5,31.2,38.8,26.3,78.3,0.011,100,4.17,rain,0,0,25.2,29.5,103,1003,60,9,202,17.6,8,60,2024-06-03T05:14:47,2024-06-03T18:35:28,0.88,"Rain, Partially cloudy",Partly cloudy throughout the day with late afternoon rain.,rain,"48820099999,48823099999,48825099999,48831099999,VVNB"
cầu giấy,2024-06-04,33.5,27,29.1,44.7,31,35.6,26.1,84.5,12.594,100,8.33,rain,0,0,29.9,14.8,62.9,1004,67,9.9,118.2,10.2,5,60,2024-06-04T05:14:45,2024-06-04T18:35:51,0.92,"Rain, Partially cloudy",Partly cloudy throughout the day with rain.,rain,"48820099999,48823099999,48825099999,48831099999,VVNB"
cầu giấy,2024-06-05,29,25.8,27.2,36.8,25.8,30.6,25.1,88.6,69.268,100,12.5,rain,0,0,23,20.5,23.5,1007,91.8,9.8,41.1,3.6,2,30,2024-06-05T05:14:43,2024-06-05T18:36:14,0.95,"Rain, Overcast",Cloudy skies throughout the day with a chance of rain throughout the day.,rain,"48820099999,48823099999,48825099999,48831099999,VVNB"
cầu giấy,2024-06-06,28,24,26.3,32.7,24,28.1,24.3,88.6,5.676,100,12.5,rain,0,0,23,16.6,339.4,1008.6,94.4,9.8,113.2,9.7,6,10,2024-06-06T05:14:42,2024-06-06T18:36:36,0,"Rain, Overcast",Cloudy skies throughout the day with a chance of rain throughout the day.,rain,"48820099999,48823099999,48825099999,48831099999,VVNB"
cầu giấy,2024-06-07,33,26,28.5,41.4,26,33.3,25.8,85.7,9.2,100,41.67,rain,0,0,21.2,22.3,108.5,1005,79.6,7.7,169.6,14.6,6,60,2024-06-07T05:14:42,2024-06-07T18:36:58,0.02,"Rain, Partially cloudy",Partly cloudy throughout the day with a chance of rain throughout the day.,rain,"48820099999,48823099999,48825099999,48831099999,VVNB"
cầu giấy,2024-06-08,33,26,29,42.4,26,34.9,26,84.6,39.631,100,8.33,rain,0,0,22.3,14.8,130.7,1002.8,77.7,8.9,80.8,6.8,3,30,2024-06-08T05:14:43,2024-06-08T18:37:19,0.05,"Rain, Partially cloudy",Partly cloudy throughout the day with rain.,rain,"48820099999,48823099999,48825099999,48831099999,VVNB"
cầu giấy,2024-06-09,27.5,26,26.3,32.3,26,27.1,25.4,95.2,31.782,100,12.5,rain,0,0,21.6,13,70.8,1003.9,89.1,8.6,85.6,7.3,4,30,2024-06-09T05:14:45,2024-06-09T18:37:40,0.09,"Rain, Partially cloudy",Partly cloudy throughout the day with a chance of rain throughout the day.,rain,"48820099999,48823099999,48825099999,48831099999,VVNB"
cầu giấy,2024-06-10,31.4,26,28.1,41.2,26,33.1,26.3,89.8,15.959,100,16.67,rain,0,0,29.9,16.6,103,1005.3,85.1,8.3,177.4,15.3,7,60,2024-06-10T05:14:49,2024-06-10T18:38:00,0.12,"Rain, Partially cloudy",Partly cloudy throughout the day with a chance of rain throughout the day.,rain,"48820099999,48823099999,48825099999,48831099999,VVNB"
cầu giấy,2024-06-11,35,27.9,30.3,46.7,33.6,39.1,27.2,84.3,10.884,100,8.33,rain,0,0,27,18.4,115.2,1004.9,69,8.5,204.5,17.8,8,60,2024-06-11T05:14:53,2024-06-11T18:38:20,0.15,"Rain, Partially cloudy",Partly cloudy throughout the day with rain.,rain,"48820099999,48823099999,48825099999,48831099999,VVNB"
cầu giấy,2024-06-12,35.8,28,31.7,46.7,34.5,40.4,26.6,76.1,0.198,100,4.17,rain,0,0,25.9,11.2,100.9,1003.8,65.3,9.1,251.7,21.8,8,60,2024-06-12T05:14:58,2024-06-12T18:38:39,0.18,"Rain, Partially cloudy",Partly cloudy throughout the day with early morning rain.,rain,"48820099999,48823099999,48825099999,48831099999,VVNB"
cầu giấy,2024-06-13,38,28.9,32.9,46.1,36.5,41,25.5,67.2,0,0,0,,0,0,28.8,13,242.8,1000.9,52.2,9.7,249.6,21.5,8,30,2024-06-13T05:15:04,2024-06-13T18:38:58,0.22,Partially cloudy,Partly cloudy throughout the day.,partly-cloudy-day,"48820099999,48823099999,48825099999,48831099999,VVNB"
cầu giấy,2024-06-14,37,30,33.3,47.3,35.1,41.5,25.2,63.6,0,0,0,,0,0,24.8,11.2,219,999.4,67.9,10.4,216.6,18.7,7,30,2024-06-14T05:15:11,2024-06-14T18:39:16,0.25,Partially cloudy,Partly cloudy throughout the day.,partly-cloudy-day,"48820099999,48823099999,48825099999,48831099999,VVNB"
cầu giấy,2024-06-15,34.9,29,31.6,47.7,36.8,43,27.9,81.1,0.2,100,8.33,rain,0,0,21.2,13,28.8,1001.1,51,7.4,161,13.9,6,60,2024-06-15T05:15:18,2024-06-15T18:39:33,0.28,"Rain, Partially cloudy",Partly cloudy throughout the day with morning rain.,rain,"48820099999,48823099999,48825099999,48831099999,VVNB"
cầu giấy,2024-06-16,37.3,27,31.4,50.7,30.6,41.8,27.3,80.1,0.099,100,4.17,rain,0,0,16.6,16.6,78.4,1002.1,52.6,8.5,219.9,19.1,8,60,2024-06-16T05:15:27,2024-06-16T18:39:50,0.31,"Rain, Partially cloudy",Partly cloudy throughout the day with late afternoon rain.,rain,"48820099999,48823099999,48825099999,48831099999,VVNB"
cầu giấy,2024-06-17,37.3,26,30.7,49.5,26,38.1,26.5,80.3,1.979,100,4.17,rain,0,0,23,37.1,90,1001.6,60.7,9.2,232,20.1,8,60,2024-06-17T05:15:37,2024-06-17T18:40:06,0.34,"Rain, Partially cloudy",Partly cloudy throughout the day with early morning rain.,rain,"48820099999,48823099999,48825099999,48831099999,VVNB"
cầu giấy,2024-06-18,35.5,26,30.1,47.4,26,37.8,26.6,82.8,7.916,100,4.17,rain,0,0,28.4,14.8,66.4,1000.9,67.8,10.9,146.8,12.5,6,60,2024-06-18T05:15:47,2024-06-18T18:40:21,0.38,"Rain, Partially cloudy",Partly cloudy throughout the day with early morning rain.,rain,"48820099999,48823099999,48825099999,48831099999,VVNB"
cầu giấy,2024-06-19,38,24,31.6,48.8,24,40.8,26.8,77.6,0.1,100,4.17,rain,0,0,37.1,24.1,97.2,1000.3,68.9,10.4,252.9,22.1,8,60,2024-06-19T05:15:58,2024-06-19T18:40:36,0.41,"Rain, Partially cloudy",Partly cloudy throughout the day with afternoon rain.,rain,"48820099999,48823099999,48825099999,48831099999,VVNB"
cầu giấy,2024-06-20,36,26,31,48.8,26,40.3,27.1,80.9,0.798,100,4.17,rain,0,0,28.8,16.6,100.8,1000.5,75.1,9.9,238.3,20.5,8,75,2024-06-20T05:16:10,2024-06-20T18:40:50,0.44,"Rain, Partially cloudy",Partly cloudy throughout the day with early morning rain.,rain,"48820099999,48823099999,48825099999,48831099999,VVNB"
cầu giấy,2024-06-21,35.2,29,31,49.5,36.8,42.6,28.2,85.7,3.958,100,8.33,rain,0,0,28.4,18.4,108.3,1001.3,76.8,9.6,238.1,20.5,8,75,2024-06-21T05:16:23,2024-06-21T18:41:03,0.47,"Rain, Partially cloudy",Partly cloudy throughout the day with rain.,rain,"48820099999,48823099999,48825099999,48831099999,VVNB"
cầu giấy,2024-06-22,34.8,29,31.6,46.3,38.2,42.1,27.4,79.4,1.2,100,37.5,rain,0,0,29.2,18.4,125.7,1002.8,78.3,11.1,232.5,20.2,9,60,2024-06-22T05:16:36,2024-06-22T18:41:15,0.5,"Rain, Partially cloudy",Partly cloudy throughout the day with a chance of rain throughout the day.,rain,"48820099999,48823099999,48825099999,48831099999,VVNB"
cầu giấy,2024-06-23,35,28,30.7,48.8,34.5,39.5,26.9,80.9,51.514,100,8.33,rain,0,0,27,22.3,114.9,1003,64.5,10.3,245.9,21.4,9,30,2024-06-23T05:16:50,2024-06-23T18:41:26,0.54,"Rain, Partially cloudy",Partly cloudy throughout the day with rain.,rain,"48820099999,48823099999,48825099999,48831099999,VVNB"
cầu giấy,2024-06-24,32,27,28.8,40.6,31.2,35.2,26.2,85.9,12.126,100,12.5,rain,0,0,18.4,14.8,101.4,1002.9,80.1,9.4,56.2,4.9,4,30,2024-06-24T05:17:05,2024-06-24T18:41:36,0.58,"Rain, Partially cloudy",Partly cloudy throughout the day with a chance of rain throughout the day.,rain,"48820099999,48823099999,48825099999,48831099999,VVNB"
cầu giấy,2024-06-25,31.1,26.1,27.9,39.3,26.1,33.3,26.2,90.4,11.951,100,12.5,rain,0,0,26.6,16.6,82.2,1004.6,70.4,9.5,122.6,10.7,4,30,2024-06-25T05:17:21,2024-06-25T18:41:46,0.61,"Rain, Partially cloudy",Partly cloudy throughout the day with rain.,rain,"48820099999,48823099999,48825099999,48831099999,VVNB"
cầu giấy,2024-06-26,30,26,28,38.8,26,32.8,25.7,88,6.264,100,8.33,rain,0,0,29.5,16.6,85.6,1007.7,79.7,10,104.7,9,4,30,2024-06-26T05:17:37,2024-06-26T18:41:55,0.65,"Rain, Partially cloudy",Partly cloudy throughout the day with rain in the morning and afternoon.,rain,"48820099999,48823099999,48825099999,48831099999,VVNB"
cầu giấy,2024-06-27,33,25,28.7,43.8,25,34.1,25.9,85.8,6,100,12.5,rain,0,0,29.5,18.4,104.8,1008.4,66.8,9.5,141.5,12.2,5,30,2024-06-27T05:17:54,2024-06-27T18:42:02,0.69,"Rain, Partially cloudy",Partly cloudy throughout the day with a chance of rain throughout the day.,rain,"48820099999,48823099999,48825099999,48831099999,VVNB"
cầu giấy,2024-06-28,33,27.7,30,42.3,33,37.9,26.6,82.3,0.297,100,4.17,rain,0,0,34.2,24.1,131.6,1005.8,67.9,10,197.3,16.9,8,60,2024-06-28T05:18:11,2024-06-28T18:42:09,0.72,"Rain, Partially cloudy",Partly cloudy throughout the day with early morning rain.,rain,"48820099999,48823099999,48825099999,48831099999,VVNB"
cầu giấy,2024-06-29,36,28.5,31.4,48,34.1,40.6,26.8,77.7,9.894,100,4.17,rain,0,0,28.4,16.6,143.5,1003.3,65.6,11,267.6,23.2,9,60,2024-06-29T05:18:29,2024-06-29T18:42:15,0.75,"Rain, Partially cloudy",Partly cloudy throughout the day with late afternoon rain.,rain,"48820099999,48823099999,48825099999,48831099999,VVNB"
cầu giấy,2024-06-30,36,28,32,45.7,34.5,40.9,26.4,73.5,3.068,100,4.17,rain,0,0,36.4,13,164.6,1002,97.3,10,255.8,22.1,9,30,2024-06-30T05:18:48,2024-06-30T18:42:20,0.79,"Rain, Overcast",Cloudy skies throughout the day with late afternoon rain.,rain,"48820099999,48823099999,48825099999,48831099999,VVNB"
cầu giấy,2024-07-01,35.5,30,32.4,43.8,36.2,39.9,25.1,66,0,0,0,,0,0,26.6,13,176.4,1000.2,90.3,10,154.1,13.4,6,5,2024-07-01T05:19:07,2024-07-01T18:42:24,0.83,Overcast,Cloudy skies throughout the day.,cloudy,"48820099999,48823099999,48825099999,48831099999,VVNB"
cầu giấy,2024-07-02,32.8,27,29.6,43.7,30.6,37.3,26.5,83.4,4.4,100,20.83,rain,0,0,22,16.6,72.4,1001.8,82.8,9.8,156.1,13.3,6,30,2024-07-02T05:19:26,2024-07-02T18:42:26,0.87,"Rain, Partially cloudy",Partly cloudy throughout the day with rain.,rain,"48820099999,48823099999,48825099999,48831099999,VVNB"
cầu giấy,2024-07-03,29.6,26,27.4,40.1,26,31.8,26.1,92.8,7.818,100,8.33,rain,0,0,40.7,22.3,76,1006.7,80.6,8.1,109.9,9.3,5,60,2024-07-03T05:19:46,2024-07-03T18:42:28,0.9,"Rain, Partially cloudy",Partly cloudy throughout the day with rain.,rain,"48820099999,48823099999,48825099999,48831099999,VVNB"
cầu giấy,2024-07-04,34,26,30.1,43,26,36.6,25.8,79.3,2.922,100,8.33,rain,0,0,30.6,25.9,137,1008.5,54.5,9.3,213.1,18.4,7,30,2024-07-04T05:20:06,2024-07-04T18:42:29,0.94,"Rain, Partially cloudy",Partly cloudy throughout the day with rain.,rain,"48820099999,48823099999,48825099999,48831099999,VVNB"
cầu giấy,2024-07-05,35,26,29.9,43.9,26,35.7,25.4,77.9,0.1,100,12.5,rain,0,0,31.3,25.9,125.8,1006,47.6,11.1,256.2,22.2,8,30,2024-07-05T05:20:27,2024-07-05T18:42:29,0.97,"Rain, Partially cloudy",Partly cloudy throughout the day with a chance of rain throughout the day.,rain,"48820099999,48823099999,48825099999,48831099999,VVNB"
cầu giấy,2024-07-06,35,27,30.6,44.9,31.2,38.5,26.3,78.6,0.158,100,12.5,rain,0,0,27,20.5,122.6,1005.4,53,12.5,236,20.4,7,30,2024-07-06T05:20:48,2024-07-06T18:42:27,0,"Rain, Partially cloudy",Partly cloudy throughout the day with rain.,rain,"48820099999,48823099999,48825099999,48831099999,VVNB"
cầu giấy,2024-07-07,35,28,31.3,45.2,34.5,39.3,26,74.9,0,0,0,rain,0,0,36.4,25.9,138.8,1005.9,45.5,10.6,282.7,24.5,9,60,2024-07-07T05:21:10,2024-07-07T18:42:25,0.04,Partially cloudy,Partly cloudy throughout the day.,partly-cloudy-day,"48820099999,48823099999,48825099999,48831099999,VVNB"
cầu giấy,2024-07-08,35,28,31.2,44.9,33.6,39.6,26.4,76.5,0.396,100,4.17,rain,0,0,30.6,22.3,135.7,1005.1,56.3,11,278.6,24.2,9,60,2024-07-08T05:21:31,2024-07-08T18:42:21,0.07,"Rain, Partially cloudy",Partly cloudy throughout the day with late afternoon rain.,rain,"48820099999,48823099999,48825099999,48831099999,VVNB"
cầu giấy,2024-07-09,36,28.7,31,48.1,36.2,40.4,27,80.2,10.983,100,4.17,rain,0,0,24.8,22.3,121.4,1004.7,66.4,9.8,272.1,23.5,9,60,2024-07-09T05:21:53,2024-07-09T18:42:17,0.11,"Rain, Partially cloudy",Partly cloudy throughout the day with late afternoon rain.,rain,"48820099999,48823099999,48825099999,48831099999,VVNB"
cầu giấy,2024-07-10,32.5,26,29.7,44.1,26,38.3,27,85.8,0.747,100,4.17,rain,0,0,24.5,14.8,112.9,1004.8,60.9,11.1,260.1,22.6,9,60,2024-07-10T05:22:16,2024-07-10T18:42:11,0.14,"Rain, Partially cloudy",Partly cloudy throughout the day with late afternoon rain.,rain,"48820099999,48823099999,48825099999,48831099999,VVNB,remote"
cầu giấy,2024-07-11,36.1,27,30.6,48.1,30.1,38.3,26.2,78.3,9.598,100,4.17,rain,0,0,27,18.4,108.2,1003.1,50.1,10.4,270.5,23.4,9,60,2024-07-11T05:22:38,2024-07-11T18:42:04,0.17,"Rain, Partially cloudy",Partly cloudy throughout the day with late afternoon rain.,rain,"48820099999,48823099999,48825099999,48831099999,VVNB"
cầu giấy,2024-07-12,36,27.7,31.5,46.3,32.9,40.3,26.5,75.8,1.413,100,8.33,rain,0,0,22.7,20.5,136.2,1001.2,76.4,11.2,238.7,20.5,8,60,2024-07-12T05:23:01,2024-07-12T18:41:56,0.2,"Rain, Partially cloudy",Partly cloudy throughout the day with rain.,rain,"48820099999,48823099999,48825099999,48831099999,VVNB"
cầu giấy,2024-07-13,35,29,31.6,46.7,36.7,40.9,26.8,76.4,15.337,100,8.33,rain,0,0,23.4,25.9,116.3,1000.9,65.1,10.2,217.9,18.8,7,60,2024-07-13T05:23:24,2024-07-13T18:41:47,0.23,"Rain, Partially cloudy",Partly cloudy throughout the day with rain.,rain,"48820099999,48823099999,48825099999,48831099999,VVNB"
cầu giấy,2024-07-14,33,26,29.8,42.1,26,36.9,26.2,81.8,1.927,100,8.33,rain,0,0,34.9,20.5,108,1004,60.1,9.7,168.9,14.7,6,30,2024-07-14T05:23:47,2024-07-14T18:41:37,0.25,"Rain, Partially cloudy",Partly cloudy throughout the day with rain.,rain,"48820099999,48823099999,48825099999,48831099999,VVNB"
cầu giấy,2024-07-15,35,26,29.3,44.9,26,35.5,26.1,83.7,25.717,100,12.5,rain,0,0,33.1,18.4,353,1005.5,76.9,10,177.3,15.2,6,30,2024-07-15T05:24:11,2024-07-15T18:41:26,0.3,"Rain, Partially cloudy",Partly cloudy throughout the day with rain.,rain,"48820099999,48823099999,48825099999,48831099999,VVNB"
cầu giấy,2024-07-16,35,27,29.6,42.1,31.2,36.2,26.1,82.5,7.97,100,12.5,rain,0,0,32,18.4,45.1,1005.6,75.9,9.6,152.1,13.1,5,30,2024-07-16T05:24:34,2024-07-16T18:41:13,0.33,"Rain, Partially cloudy",Partly cloudy throughout the day with rain.,rain,"48820099999,48823099999,48825099999,48831099999,VVNB"
cầu giấy,2024-07-17,32,26,28.9,40.6,26,35.1,26.1,85.7,2.222,100,16.67,rain,0,0,29.2,16.6,51.3,1004.8,80.6,10,94.1,7.9,3,30,2024-07-17T05:24:57,2024-07-17T18:40:59,0.36,"Rain, Partially cloudy",Partly cloudy throughout the day with a chance of rain throughout the day.,rain,"48820099999,48823099999,48825099999,48831099999,VVNB"
cầu giấy,2024-07-18,30,25.9,27.7,38.8,25.9,32.3,25.8,89.9,24.287,100,16.67,rain,0,0,23,22.3,67.1,1003.9,88,9.2,103,8.8,5,30,2024-07-18T05:25:21,2024-07-18T18:40:45,0.4,"Rain, Partially cloudy",Partly cloudy throughout the day with a chance of rain throughout the day.,rain,"48820099999,48823099999,48825099999,48831099999,VVNB"
cầu giấy,2024-07-19,32,26,28.2,42.3,26,33.5,26.2,88.9,11.491,100,12.5,rain,0,0,26.3,16.6,77.3,1004,75,9.9,105.8,9.3,4,30,2024-07-19T05:25:45,2024-07-19T18:40:29,0.43,"Rain, Partially cloudy",Partly cloudy throughout the day with rain.,rain,"48820099999,48823099999,48825099999,48831099999,VVNB"
cầu giấy,2024-07-20,32,27,28.6,42.3,31,35.2,26.5,88.5,11.894,100,12.5,rain,0,0,22.3,25.9,70.7,1004.8,63.6,10.2,148,12.7,6,60,2024-07-20T05:26:08,2024-07-20T18:40:12,0.46,"Rain, Partially cloudy",Partly cloudy throughout the day with rain.,rain,"48820099999,48823099999,48825099999,48831099999,VVNB"
cầu giấy,2024-07-21,36,27,30.6,46.3,30.6,38.3,26.3,79.3,2.474,100,4.17,rain,0,0,23.8,14.8,69.6,1004.8,55.3,11.6,208.6,18.2,8,60,2024-07-21T05:26:32,2024-07-21T18:39:54,0.5,"Rain, Partially cloudy",Partly cloudy throughout the day with late afternoon rain.,rain,"48820099999,48823099999,48825099999,48831099999,VVNB"
cầu giấy,2024-07-22,33.4,26.9,29.6,43.5,30.6,36.9,26.4,83.8,3.986,100,8.33,rain,0,0,28.8,13,309.6,1002.4,72,9.8,175.3,15.2,7,30,2024-07-22T05:26:56,2024-07-22T18:39:35,0.53,"Rain, Partially cloudy",Partly cloudy throughout the day with late afternoon rain.,rain,"48820099999,48823099999,48825099999,48831099999,VVNB"
cầu giấy,2024-07-23,29,25,26.6,37.2,25,28.5,25.6,94.2,188.332,100,16.67,rain,0,0,28.4,22.3,280.6,997.8,90.6,5.7,27,2.4,1,10,2024-07-23T05:27:19,2024-07-23T18:39:14,0.56,"Rain, Overcast",Cloudy skies throughout the day with rain.,rain,"48820099999,48823099999,48825099999,48831099999,VVNB"
cầu giấy,2024-07-24,32,25.4,27.9,42.3,25.4,32.2,26,90,100.843,100,16.67,rain,0,0,26.3,14.8,287.3,995.6,91.3,8.3,76.1,6.6,4,30,2024-07-24T05:27:43,2024-07-24T18:38:53,0.6,"Rain, Overcast",Cloudy skies throughout the day with a chance of rain throughout the day.,rain,"48820099999,48823099999,48825099999,48831099999,VVNB"
cầu giấy,2024-07-25,33,27,29.7,44.2,31.2,37.5,26.7,84.7,23.566,100,12.5,rain,0,0,29.9,13,288.1,995,78.4,9.7,185.8,16,7,60,2024-07-25T05:28:06,2024-07-25T18:38:30,0.63,"Rain, Partially cloudy",Partly cloudy throughout the day with rain.,rain,"48820099999,48823099999,48825099999,48831099999,VVNB"
cầu giấy,2024-07-26,37.8,27,32.5,49.2,31.8,42.5,27.1,75.2,0,0,0,,0,0,23.8,16.6,263.4,995.5,60.1,10.5,305.9,26.3,10,60,2024-07-26T05:28:29,2024-07-26T18:38:07,0.67,Partially cloudy,Partly cloudy throughout the day.,partly-cloudy-day,"48820099999,48823099999,48825099999,48831099999,VVNB"
cầu giấy,2024-07-27,37.3,28,32.9,52.5,34.5,46.2,28.5,78.7,0,0,0,,0,0,21.6,27.7,46.8,998.7,67.9,9.5,278.4,23.9,9,60,2024-07-27T05:28:53,2024-07-27T18:37:42,0.71,Partially cloudy,Partly cloudy throughout the day.,partly-cloudy-day,"48820099999,48823099999,48825099999,48831099999,VVNB"
cầu giấy,2024-07-28,32.2,24,28.4,42.4,24,34.2,26.1,87.8,34.531,100,4.17,rain,0,0,30.2,22.3,55.3,1001.9,82.6,9,114.7,9.8,3,60,2024-07-28T05:29:16,2024-07-28T18:37:16,0.75,"Rain, Partially cloudy",Partly cloudy throughout the day with late afternoon rain.,rain,"48820099999,48823099999,48825099999,48831099999,VVNB"
cầu giấy,2024-07-29,29.6,26,27.8,39.3,26,33.1,26.3,92,27.129,100,12.5,rain,0,0,24.1,16.6,113.6,1001.3,82.9,9.4,86,7.5,3,30,2024-07-29T05:29:39,2024-07-29T18:36:49,0.78,"Rain, Partially cloudy",Partly cloudy throughout the day with rain.,rain,"48820099999,48823099999,48825099999,48831099999,VVNB"
cầu giấy,2024-07-30,31,26,27.6,40.6,26,32,26.1,91.7,1.987,100,12.5,rain,0,0,32.8,22.3,131.1,1001.3,91.3,8.7,67.6,5.9,2,30,2024-07-30T05:30:02,2024-07-30T18:36:21,0.81,"Rain, Overcast",Cloudy skies throughout the day with a chance of rain throughout the day.,rain,"48820099999,48823099999,48825099999,48831099999,VVNB"
cầu giấy,2024-07-31,31,26,28.7,39.9,26,34.4,25.9,85.3,0.408,100,12.5,rain,0,0,28.8,13,145.3,1002.4,86.7,10,109.9,9.6,4,30,2024-07-31T05:30:24,2024-07-31T18:35:52,0.85,"Rain, Partially cloudy",Partly cloudy throughout the day with rain.,rain,"48820099999,48823099999,48825099999,48831099999,VVNB"
cầu giấy,2024-08-01,31,27,29.2,37.9,31.2,35.2,25.5,80.9,0.396,100,4.17,rain,0,0,42.8,14.8,165.2,1003.3,87,10,82.3,7.2,3,30,2024-08-01T05:30:47,2024-08-01T18:35:22,0.88,"Rain, Partially cloudy",Partly cloudy throughout the day with late afternoon rain.,rain,"48820099999,48823099999,48825099999,48831099999,VVNB"
cầu giấy,2024-08-02,29,26,27.3,35.6,26,30.8,24.9,86.6,13.3,100,12.5,rain,0,0,41.8,16.6,166.9,1003.4,89.1,9.7,88.8,7.6,3,10,2024-08-02T05:31:09,2024-08-02T18:34:51,0.92,"Rain, Partially cloudy",Partly cloudy throughout the day with rain.,rain,"48820099999,48823099999,48825099999,48831099999,VVNB"
cầu giấy,2024-08-03,32.7,26,28.7,42.3,26,33.4,25.4,83.1,0.001,100,4.17,rain,0,0,30.6,14.8,75.8,1005,64.2,11,185.3,16.1,7,30,2024-08-03T05:31:31,2024-08-03T18:34:19,0.96,"Rain, Partially cloudy",Partly cloudy throughout the day with morning rain.,rain,"48820099999,48823099999,48825099999,48831099999,VVNB"
cầu giấy,2024-08-04,35,27,30.6,43.5,31,37.5,25.7,76.6,0.6,100,16.67,rain,0,0,22.3,24.1,114.7,1006.3,64.9,10.8,265.8,22.9,9,30,2024-08-04T05:31:53,2024-08-04T18:33:46,0,"Rain, Partially cloudy",Partly cloudy throughout the day with rain in the morning and afternoon.,rain,"48820099999,48823099999,48825099999,48831099999,VVNB"
cầu giấy,2024-08-05,34.5,28,30.8,47.3,34.3,39.5,26.7,79.4,4.7,100,12.5,rain,0,0,19.4,16.6,95.9,1005.7,59.7,10.5,230.6,19.8,8,75,2024-08-05T05:32:15,2024-08-05T18:33:12,0.02,"Rain, Partially cloudy",Partly cloudy throughout the day with a chance of rain throughout the day.,rain,"48820099999,48823099999,48825099999,48831099999,VVNB"
cầu giấy,2024-08-06,35.9,27,31.1,48.8,31.8,40.1,26.9,79.3,0.9,100,29.17,rain,0,0,24.5,25.9,106.1,1004.9,45.6,10.2,253.6,21.7,9,75,2024-08-06T05:32:36,2024-08-06T18:32:37,0.06,"Rain, Partially cloudy",Partly cloudy throughout the day with a chance of rain throughout the day.,rain,"48820099999,48823099999,48825099999,48831099999,VVNB"
cầu giấy,2024-08-07,35.7,28,30.6,46.7,32.7,38.9,26.6,79.9,1.7,100,20.83,rain,0,0,22,24.1,115,1005.3,45.4,9.9,270.7,23.4,9,75,2024-08-07T05:32:58,2024-08-07T18:32:01,0.09,"Rain, Partially cloudy",Partly cloudy throughout the day with rain.,rain,"48820099999,48823099999,48825099999,48831099999,VVNB"
cầu giấy,2024-08-08,37,26,31.4,46.7,26,39.8,26.5,77.1,0.1,100,4.17,rain,0,0,40.7,16.6,142.9,1005,40.9,10.9,280.4,24.2,9,75,2024-08-08T05:33:19,2024-08-08T18:31:25,0.12,"Rain, Partially cloudy",Partly cloudy throughout the day with morning rain.,rain,"48820099999,48823099999,48825099999,48831099999,VVNB"
cầu giấy,2024-08-09,38,27,32.7,47.3,31.2,41.5,26.3,71.6,0,0,0,,0,0,27.4,18.4,137.4,1002.2,44.4,12,294,25.3,9,75,2024-08-09T05:33:39,2024-08-09T18:30:47,0.15,Partially cloudy,Partly cloudy throughout the day.,partly-cloudy-day,"48820099999,48823099999,48825099999,48831099999,VVNB"
cầu giấy,2024-08-10,38,27,32.9,49.5,31.2,43.2,27.1,73.6,4.5,100,16.67,rain,0,0,22,31.7,85.3,1000.3,57,11,288.4,24.8,9,60,2024-08-10T05:34:00,2024-08-10T18:30:08,0.19,"Rain, Partially cloudy",Partly cloudy throughout the day with late afternoon rain.,rain,"48820099999,48823099999,48825099999,48831099999,VVNB"
cầu giấy,2024-08-11,32,24,28.2,40.6,24,32.9,25.3,84.9,0.6,100,12.5,rain,0,0,32.4,31.7,313.5,1001.5,64.7,9.8,179.3,15.5,7,60,2024-08-11T05:34:20,2024-08-11T18:29:28,0.22,"Rain, Partially cloudy",Partly cloudy throughout the day with rain.,rain,"48820099999,VVNB"
cầu giấy,2024-08-12,33,27,29.7,44,31,37.2,26.5,83.5,0.388,100,4.17,rain,0,0,21.6,16.6,71.7,1001.7,72.9,9.8,144.1,12.4,6,30,2024-08-12T05:34:40,2024-08-12T18:28:48,0.25,"Rain, Partially cloudy",Partly cloudy throughout the day with late afternoon rain.,rain,"48820099999,48823099999,48825099999,48831099999,VVNB"
cầu giấy,2024-08-13,32.4,26,28.8,44.1,26,35.7,26.6,88.3,19.566,100,4.17,rain,0,0,17.6,16.6,340.4,1004.4,79.6,9.7,148.7,12.7,5,60,2024-08-13T05:35:00,2024-08-13T18:28:07,0.29,"Rain, Partially cloudy",Partly cloudy throughout the day with late afternoon rain.,rain,"48823099999,48820099999,48825099999,48831099999,VVNB,remote"
cầu giấy,2024-08-14,30.7,26,27.8,38.8,26,32.9,26,90.4,13.082,100,8.33,rain,0,0,22,13,312.4,1005.7,89.9,9.1,130,11.2,6,30,2024-08-14T05:35:20,2024-08-14T18:27:25,0.32,"Rain, Partially cloudy",Partly cloudy throughout the day with rain.,rain,"48820099999,48823099999,48825099999,48831099999,VVNB"
cầu giấy,2024-08-15,34,26,29,42.7,26,34.6,26,85.2,0.548,100,12.5,rain,0,0,22.7,14.8,327.3,1004.6,80.7,9.5,208.1,18,8,30,2024-08-15T05:35:39,2024-08-15T18:26:42,0.35,"Rain, Partially cloudy",Partly cloudy throughout the day with rain.,rain,"48820099999,48823099999,48825099999,48831099999,VVNB"
cầu giấy,2024-08-16,34,26,30.2,42.5,26,36.4,25.4,76.8,2,100,25,rain,0,0,22.7,11.2,14,1004.2,73.6,10,233.8,20,8,30,2024-08-16T05:35:58,2024-08-16T18:25:58,0.38,"Rain, Partially cloudy",Partly cloudy throughout the day with rain.,rain,"48820099999,48823099999,48825099999,48831099999,VVNB"
cầu giấy,2024-08-17,33.4,27,29.6,44.3,30.6,36.9,26.2,82.4,33.839,100,4.17,rain,0,0,17.6,14.8,60.8,1005.5,75.1,8.8,224.6,19.3,7,60,2024-08-17T05:36:17,2024-08-17T18:25:14,0.42,"Rain, Partially cloudy",Partly cloudy throughout the day with late afternoon rain.,rain,"48820099999,48823099999,48825099999,48831099999,VVNB"
cầu giấy,2024-08-18,34.2,28,30.3,47.3,33.6,38.7,26.8,82.6,5.2,100,41.67,rain,0,0,19.4,13,38.1,1005.5,75.2,8.5,181.6,15.7,6,60,2024-08-18T05:36:35,2024-08-18T18:24:28,0.45,"Rain, Partially cloudy",Partly cloudy throughout the day with a chance of rain throughout the day.,rain,"48820099999,48823099999,48825099999,48831099999,VVNB,remote"
cầu giấy,2024-08-19,33.2,27,29.6,45.4,31.2,37.2,26.6,84.6,0.444,100,4.17,rain,0,0,27,11.2,321.1,1003.8,58.8,8.5,191.3,16.4,7,60,2024-08-19T05:36:53,2024-08-19T18:23:42,0.48,"Rain, Partially cloudy",Partly cloudy throughout the day with afternoon rain.,rain,"48820099999,48823099999,48825099999,48831099999,VVNB"
cầu giấy,2024-08-20,33.5,26.7,29.5,44,30.2,36.3,26.2,83.5,4.314,100,8.33,rain,0,0,23,14.8,118.1,1004.3,66.8,10.3,220.7,19.1,8,60,2024-08-20T05:37:11,2024-08-20T18:22:56,0.5,"Rain, Partially cloudy",Partly cloudy throughout the day with rain.,rain,"48823099999,48820099999,48825099999,48831099999,remote,VVNB"
cầu giấy,2024-08-21,33,26.7,28.9,43.8,26.7,35.3,26.3,86.7,37.5,100,4.17,rain,0,0,27.7,13,325.7,1005.9,79,9.1,128.3,11.1,6,60,2024-08-21T05:37:29,2024-08-21T18:22:09,0.55,"Rain, Partially cloudy",Partly cloudy throughout the day with late afternoon rain.,rain,"48820099999,48823099999,48825099999,48831099999,VVNB"
cầu giấy,2024-08-22,35.4,24,29.9,45,24,37.3,26.4,82.9,3.9,100,33.33,rain,0,0,61.2,20.5,91.7,1006.9,65.7,8.4,182.2,15.9,7,60,2024-08-22T05:37:47,2024-08-22T18:21:21,0.59,"Rain, Partially cloudy",Partly cloudy throughout the day with a chance of rain throughout the day.,rain,"48820099999,48823099999,48825099999,48831099999,VVNB"
cầu giấy,2024-08-23,27.3,24,25.4,31.6,24,25.9,24.4,94.3,102.336,100,12.5,rain,0,0,23.8,14.8,84.2,1009.6,84.8,8.8,67.4,5.9,2,60,2024-08-23T05:38:04,2024-08-23T18:20:32,0.62,"Rain, Partially cloudy",Partly cloudy throughout the day with rain.,rain,"48820099999,48823099999,48825099999,48831099999,VVNB"
cầu giấy,2024-08-24,32,24,26.8,40.6,24,29.6,24.8,89.3,31.845,100,12.5,rain,0,0,19.8,13,107.8,1008.4,64.8,9.4,91.9,8,4,60,2024-08-24T05:38:21,2024-08-24T18:19:43,0.66,"Rain, Partially cloudy",Partly cloudy throughout the day with rain.,rain,"48820099999,48823099999,48825099999,48831099999,VVNB"
cầu giấy,2024-08-25,31.6,25,27.9,39.1,25,31.9,25.1,85.2,8.127,100,8.33,rain,0,0,25.6,16.6,114.6,1006.8,73.1,9.9,154,13.4,7,10,2024-08-25T05:38:38,2024-08-25T18:18:53,0.69,"Rain, Partially cloudy",Partly cloudy throughout the day with rain clearing later.,rain,"48820099999,48823099999,48825099999,48831099999,VVNB"
cầu giấy,2024-08-26,35,26.2,29.8,44.9,26.2,35.9,25.5,79,40.567,100,4.17,rain,0,0,20.5,14.8,112.7,1006.1,60.8,9.7,185.6,16.1,6,60,2024-08-26T05:38:55,2024-08-26T18:18:02,0.75,"Rain, Partially cloudy",Partly cloudy throughout the day with late afternoon rain.,rain,"48820099999,48823099999,48825099999,48831099999,VVNB"
cầu giấy,2024-08-27,35.8,26.4,30.6,43.8,26.4,37.9,26.2,78.9,8.905,100,4.17,rain,0,0,22.3,14.8,109.6,1005.6,48,10,200.4,17.2,8,60,2024-08-27T05:39:11,2024-08-27T18:17:11,0.76,"Rain, Partially cloudy",Partly cloudy throughout the day with early morning rain.,rain,"48820099999,48823099999,48825099999,48831099999,VVNB,remote"
cầu giấy,2024-08-28,36.3,28,31.8,47.3,34.5,41.2,26.8,76.2,0,0,0,,0,0,19.8,14.8,97.5,1004.1,37.1,9,263.1,22.7,9,75,2024-08-28T05:39:27,2024-08-28T18:16:20,0.79,Partially cloudy,Partly cloudy throughout the day.,partly-cloudy-day,"48820099999,48823099999,48825099999,48831099999,VVNB"
cầu giấy,2024-08-29,35,28,31.4,48,34.5,42.3,27.7,81.2,0,0,0,rain,0,0,18.4,11.2,83.5,1004,53.4,8.9,222.5,19.3,9,75,2024-08-29T05:39:43,2024-08-29T18:15:28,0.83,Partially cloudy,Partly cloudy throughout the day.,partly-cloudy-day,"48820099999,48823099999,48825099999,48831099999,VVNB"
cầu giấy,2024-08-30,32.3,25,29,42.5,25,34.8,25.6,82.4,38.799,100,8.33,rain,0,0,22.7,18.4,220.9,1005.5,71.7,9,147.5,12.7,6,75,2024-08-30T05:39:59,2024-08-30T18:14:35,0.86,"Rain, Partially cloudy",Partly cloudy throughout the day with rain in the morning and afternoon.,rain,"48820099999,48823099999,48825099999,48831099999,VVNB"
cầu giấy,2024-08-31,35,27,30.1,43.3,30.6,36.2,25.4,77.8,0.89,100,4.17,rain,0,0,20.2,13,80.6,1006.6,46.1,9.3,158.9,13.7,7,30,2024-08-31T05:40:15,2024-08-31T18:13:42,0.9,"Rain, Partially cloudy",Partly cloudy throughout the day with late afternoon rain.,rain,"48820099999,48823099999,48825099999,48831099999,VVNB"
cầu giấy,2024-09-01,33,26.9,29.4,40.6,30.6,35.5,25.6,80.8,5.096,100,12.5,rain,0,0,20.9,14.8,60.7,1007.3,76.1,9.9,158.2,13.5,8,60,2024-09-01T05:40:30,2024-09-01T18:12:49,0.93,"Rain, Partially cloudy",Partly cloudy throughout the day with a chance of rain throughout the day.,rain,"48820099999,48823099999,48825099999,48831099999,VVNB"
cầu giấy,2024-09-02,35,27,31,45,31.2,38.7,26.1,76.3,1.982,100,12.5,rain,0,0,16.9,11.2,81.5,1007.6,58.3,10.6,208.1,18,7,60,2024-09-02T05:40:45,2024-09-02T18:11:55,0.97,"Rain, Partially cloudy",Partly cloudy throughout the day with rain.,rain,"48820099999,48823099999,48825099999,48831099999,VVNB"
cầu giấy,2024-09-03,34,25,29.1,43.5,25,34.7,25.6,82.5,39.776,100,8.33,rain,0,0,22,22.3,299,1007.3,59.1,9.7,246.2,21.4,9,60,2024-09-03T05:41:01,2024-09-03T18:11:01,0,"Rain, Partially cloudy",Partly cloudy throughout the day with rain in the morning and afternoon.,rain,"48820099999,48823099999,48825099999,48831099999,VVNB"
cầu giấy,2024-09-04,36.1,26,30.7,44.9,26,37.2,25.7,76.4,0,0,0,,0,0,16.6,13,338.8,1003.4,43.3,10.5,269.3,23.4,9,30,2024-09-04T05:41:16,2024-09-04T18:10:06,0.04,Partially cloudy,Partly cloudy throughout the day.,partly-cloudy-day,"48820099999,48823099999,48825099999,48831099999,VVNB"
cầu giấy,2024-09-05,37,27,31.5,47.6,30.1,40,26.3,75.3,0.2,100,4.17,rain,0,0,29.9,14.8,306.8,1001.1,48.2,10.8,274.9,23.9,9,60,2024-09-05T05:41:30,2024-09-05T18:09:12,0.07,"Rain, Partially cloudy",Partly cloudy throughout the day with late afternoon rain.,rain,"48820099999,48823099999,48825099999,48831099999,VVNB"
cầu giấy,2024-09-06,37,26,29.7,47.3,26,35.7,25.7,81.1,18.14,100,20.83,rain,0,0,46.4,25.9,315.8,999.8,71.5,9.5,223.9,19.4,9,60,2024-09-06T05:41:45,2024-09-06T18:08:16,0.1,"Rain, Partially cloudy",Partly cloudy throughout the day with rain.,rain,"48820099999,48823099999,48825099999,48831099999,VVNB"
cầu giấy,2024-09-07,28,25,26.4,33.6,25,28.2,25.1,92.7,255.269,100,29.17,rain,0,0,88.9,53.6,322.2,992.8,98.1,7.9,18.7,1.5,1,10,2024-09-07T05:42:00,2024-09-07T18:07:21,0.14,"Rain, Overcast",Cloudy skies throughout the day with a chance of rain throughout the day.,rain,"48820099999,48823099999,48825099999,48831099999,VVNB"
cầu giấy,2024-09-08,30,25,27.3,38.8,25,31.5,26,92.9,20.063,100,16.67,rain,0,0,57.6,38.9,127.6,998.8,95.6,9.4,38.3,3.1,1,60,2024-09-08T05:42:15,2024-09-08T18:06:25,0.17,"Rain, Overcast",Cloudy skies throughout the day with rain.,rain,"48820099999,48823099999,48825099999,48831099999,VVNB,remote"
cầu giấy,2024-09-09,30.5,25,27.8,40.4,25,32.8,26.4,92.6,27.704,100,4.17,rain,0,0,32,32.7,94.2,1003.4,75.4,9.5,76.9,6.7,3,75,2024-09-09T05:42:29,2024-09-09T18:05:29,0.2,"Rain, Partially cloudy",Partly cloudy throughout the day with late afternoon rain.,rain,"48820099999,48823099999,48825099999,48831099999,VVNB"
cầu giấy,2024-09-10,28,24,25.5,32.7,24,26.2,24.5,94.3,116.932,100,16.67,rain,0,0,19.8,14.8,71.2,1006.1,90.3,8.8,36.7,3.1,2,10,2024-09-10T05:42:44,2024-09-10T18:04:33,0.24,"Rain, Overcast",Cloudy skies throughout the day with a chance of rain throughout the day.,rain,"48820099999,48823099999,48825099999,48831099999,VVNB"
cầu giấy,2024-09-11,26,24,25.1,26,24,25.1,24.3,95.3,64.042,100,16.67,rain,0,0,30.6,14.8,36.3,1007.8,94.2,8.1,23.1,1.9,1,10,2024-09-11T05:42:58,2024-09-11T18:03:36,0.25,"Rain, Overcast",Cloudy skies throughout the day with a chance of rain throughout the day.,rain,"48820099999,48823099999,48825099999,48831099999,VVNB"
cầu giấy,2024-09-12,32,24.9,27.6,38.8,24.9,31.1,25.1,86.9,0.246,100,16.67,rain,0,0,27.7,13,312.3,1007.5,60.7,9.9,90.7,7.9,4,30,2024-09-12T05:43:12,2024-09-12T18:02:39,0.3,"Rain, Partially cloudy",Partly cloudy throughout the day with a chance of rain throughout the day.,rain,"48820099999,48823099999,48825099999,48831099999,VVNB,remote"
cầu giấy,2024-09-13,33,25,28.4,41.1,25,32.8,25.2,83.3,45.546,100,4.17,rain,0,0,25.9,20.5,328.6,1005.2,63.6,9.9,183.6,16,7,30,2024-09-13T05:43:27,2024-09-13T18:01:43,0.34,"Rain, Partially cloudy",Partly cloudy throughout the day with early morning rain.,rain,"48820099999,48823099999,48825099999,48831099999,VVNB"
cầu giấy,2024-09-14,34.1,25,29.6,45.3,25,35.2,25.5,79.7,2.201,100,4.17,rain,0,0,20.9,18.4,24.2,1003,61.5,9.7,204.8,17.8,7,60,2024-09-14T05:43:41,2024-09-14T18:00:46,0.37,"Rain, Partially cloudy",Partly cloudy throughout the day with late afternoon rain.,rain,"48820099999,48823099999,48825099999,48831099999,VVNB"
cầu giấy,2024-09-15,35,27,30.2,46.7,30.6,37.6,26.2,79.9,5.9,100,25,rain,0,0,16.9,13,72.5,1002.4,36.6,8.2,241.9,20.8,9,75,2024-09-15T05:43:55,2024-09-15T17:59:49,0.4,"Rain, Partially cloudy",Partly cloudy throughout the day with rain.,rain,"48820099999,48823099999,48825099999,48831099999,VVNB"
cầu giấy,2024-09-16,33.2,24,28.4,42.1,24,33.2,25.4,85.1,96.771,100,8.33,rain,0,0,30.6,20.5,293,1004.6,68.6,8.7,184,15.9,8,30,2024-09-16T05:44:10,2024-09-16T17:58:51,0.44,"Rain, Partially cloudy",Partly cloudy throughout the day with rain.,rain,"48820099999,48823099999,48825099999,48831099999,VVNB"
cầu giấy,2024-09-17,33,26,28.8,40.6,26,34.1,25.5,83.3,4.496,100,16.67,rain,0,0,34.2,18.4,341.9,1005.4,82.2,9.7,103.8,8.9,5,60,2024-09-17T05:44:24,2024-09-17T17:57:54,0.47,"Rain, Partially cloudy",Partly cloudy throughout the day with a chance of rain throughout the day.,rain,"48820099999,48823099999,48825099999,48831099999,VVNB"
cầu giấy,2024-09-18,34.1,27,29.9,41,31.2,36.2,25.7,79.2,2.31,100,12.5,rain,0,0,33.8,13,339.9,1003.9,68.2,10.1,166.7,14.3,7,30,2024-09-18T05:44:38,2024-09-18T17:56:57,0.5,"Rain, Partially cloudy",Partly cloudy throughout the day with rain.,rain,"48820099999,48823099999,48825099999,48831099999,VVNB"
cầu giấy,2024-09-19,35,27.5,30.6,42,31.9,36.8,25,73,0.236,100,8.33,rain,0,0,46.8,18.4,18.5,1002.9,61.4,9.7,183.4,16,8,60,2024-09-19T05:44:53,2024-09-19T17:56:00,0.54,"Rain, Partially cloudy",Partly cloudy throughout the day with rain.,rain,"48820099999,48823099999,48825099999,48831099999,VVNB"
cầu giấy,2024-09-20,34.5,26,29,45.3,26,34.4,25.7,83.6,56.451,100,8.33,rain,0,0,39.2,24.1,324.1,1003.2,65.8,9.6,185.1,16.1,7,60,2024-09-20T05:45:07,2024-09-20T17:55:03,0.57,"Rain, Partially cloudy",Partly cloudy throughout the day with rain.,rain,"48820099999,48823099999,48825099999,48831099999,VVNB"
cầu giấy,2024-09-21,34,25,28.1,43.5,25,32.3,26.1,90,75.026,100,8.33,rain,0,0,41,37.1,304.2,1004.7,77.2,8.9,151.1,13,6,60,2024-09-21T05:45:22,2024-09-21T17:54:05,0.61,"Rain, Partially cloudy",Partly cloudy throughout the day with rain.,rain,"48820099999,48823099999,48825099999,48831099999,VVNB"
cầu giấy,2024-09-22,28,25.7,26.7,32.8,25.7,28.6,24.8,89.3,34.395,100,16.67,rain,0,0,41.4,18.4,0,1006.1,96.2,9.5,30.8,2.7,2,10,2024-09-22T05:45:37,2024-09-22T17:53:08,0.64,"Rain, Overcast",Cloudy skies throughout the day with a chance of rain throughout the day.,rain,"48820099999,48823099999,48825099999,48831099999,VVNB"
cầu giấy,2024-09-23,29,23.9,26.2,30.8,23.9,27.2,22.1,78.9,15.919,100,16.67,rain,0,0,35.3,13,32.2,1009.5,85.1,9.8,59.9,5.2,3,10,2024-09-23T05:45:51,2024-09-23T17:52:11,0.67,"Rain, Partially cloudy",Partly cloudy throughout the day with a chance of rain throughout the day.,rain,"48820099999,48823099999,48825099999,48831099999,VVNB"
cầu giấy,2024-09-24,33,23,27.6,34.5,23,28.5,21.2,71.5,0,0,0,rain,0,0,20.5,18.4,101.5,1010,32.7,9.2,241.5,20.9,9,10,2024-09-24T05:46:06,2024-09-24T17:51:15,0.71,Partially cloudy,Partly cloudy throughout the day.,partly-cloudy-day,"48820099999,48823099999,48825099999,48831099999,VVNB"
cầu giấy,2024-09-25,29.1,25,27.1,33.6,25,29.1,23.4,80.7,0.1,100,4.17,rain,0,0,11.5,9.4,99.7,1011.1,45.7,7.7,60,5.1,2,10,2024-09-25T05:46:21,2024-09-25T17:50:18,0.75,"Rain, Partially cloudy",Partly cloudy throughout the day with early morning rain.,rain,"48820099999,48823099999,48825099999,48831099999,VVNB"
cầu giấy,2024-09-26,32.5,25,28.5,37.9,25,31.5,23.9,77.7,0,0,0,rain,0,0,15.8,16.6,110.5,1011.1,25.8,7.8,245,21.1,8,30,2024-09-26T05:46:37,2024-09-26T17:49:21,0.78,Partially cloudy,Partly cloudy throughout the day.,partly-cloudy-day,"48820099999,48823099999,48825099999,48831099999,VVNB"
cầu giấy,2024-09-27,34.3,25,29.1,40.6,25,33.3,24.8,78.7,0,0,0,,0,0,24.5,18.4,119.2,1010.1,37.2,8.8,212.8,18.4,7,60,2024-09-27T05:46:52,2024-09-27T17:48:25,0.81,Partially cloudy,Partly cloudy throughout the day.,partly-cloudy-day,"48820099999,48823099999,48825099999,48831099999,VVNB"
cầu giấy,2024-09-28,35,27,29.8,46.7,31.2,36.9,26.2,81.7,0,0,0,,0,0,25.6,16.6,129.3,1007.9,64,9.9,206.8,17.9,7,60,2024-09-28T05:47:08,2024-09-28T17:47:29,0.84,Partially cloudy,Partly cloudy throughout the day.,partly-cloudy-day,"48820099999,48823099999,48825099999,48831099999,VVNB"
cầu giấy,2024-09-29,34,26.3,29.5,46.1,26.3,36.5,26.3,83.5,30.475,100,4.17,rain,0,0,26.6,25.9,135.7,1006.5,85.9,9.7,130.4,11.3,5,75,2024-09-29T05:47:24,2024-09-29T17:46:33,0.88,"Rain, Partially cloudy",Partly cloudy throughout the day with late afternoon rain.,rain,"48820099999,48823099999,48825099999,48831099999,VVNB"
cầu giấy,2024-09-30,30,26.7,27.7,38.8,30.4,33,26.2,91.5,3.989,100,12.5,rain,0,0,23,16.6,104.4,1005.8,87.1,9.2,123.3,10.6,5,60,2024-09-30T05:47:40,2024-09-30T17:45:37,0.91,"Rain, Partially cloudy",Partly cloudy throughout the day with rain.,rain,"48820099999,48823099999,48825099999,48831099999,VVNB"
cầu giấy,2024-10-01,32.7,24.9,27.7,41.6,24.9,30.9,23.4,78.6,5.876,100,12.5,rain,0,0,42.5,27.7,19.5,1009.3,79.8,9.7,130,11.2,6,30,2024-10-01T05:47:56,2024-10-01T17:44:42,0.95,"Rain, Partially cloudy",Partly cloudy throughout the day with rain.,rain,"48820099999,48823099999,48825099999,48831099999,VVNB"
cầu giấy,2024-10-02,29.3,23.7,25.9,30.2,23.7,26.1,17.9,62.1,0.099,100,4.17,rain,0,0,36.4,20.5,2.2,1015.1,47.2,10.4,235.3,20.4,9,10,2024-10-02T05:48:13,2024-10-02T17:43:47,0.98,"Rain, Partially cloudy",Partly cloudy throughout the day with late afternoon rain.,rain,"48820099999,48823099999,48825099999,48831099999,VVNB"
cầu giấy,2024-10-03,29.5,22,25.6,29.1,22,25.5,15.2,54.1,0,0,0,,0,0,28.1,18.4,25.9,1015.7,40.9,9.9,264.3,22.7,9,10,2024-10-03T05:48:29,2024-10-03T17:42:52,0,Partially cloudy,Partly cloudy throughout the day.,partly-cloudy-day,"48820099999,48823099999,48825099999,48831099999,VVNB"
cầu giấy,2024-10-04,30.5,20,25.6,29.8,20,25.4,16.3,60,0,0,0,,0,0,20.5,16.6,67.5,1015.4,41,11.5,262,22.6,9,10,2024-10-04T05:48:46,2024-10-04T17:41:58,0.05,Partially cloudy,Partly cloudy throughout the day.,partly-cloudy-day,"48820099999,48823099999,48825099999,48831099999,VVNB"
cầu giấy,2024-10-05,31.8,21,25.9,31.4,21,25.9,17.5,63.2,0,0,0,,0,0,12.6,11.2,16.5,1014.3,0.3,10.2,271.5,23.5,9,10,2024-10-05T05:49:04,2024-10-05T17:41:04,0.08,Clear,Clear conditions throughout the day.,clear-day,"48820099999,48823099999,48825099999,48831099999,VVNB"
cầu giấy,2024-10-06,33,21,26.8,34,21,27.3,19.2,65.8,0,0,0,,0,0,22.7,11.2,348.2,1014.7,10.6,9.4,247.4,21.5,9,10,2024-10-06T05:49:22,2024-10-06T17:40:11,0.12,Clear,Clear conditions throughout the day.,clear-day,"48820099999,48823099999,48825099999,48831099999,VVNB"
cầu giấy,2024-10-07,33,23,28,34.8,23,29.1,20.3,65.1,0,0,0,,0,0,28.8,14.8,356.5,1015.6,16.9,9.7,236.5,20.5,9,10,2024-10-07T05:49:40,2024-10-07T17:39:18,0.15,Clear,Clear conditions throughout the day.,clear-day,"48820099999,48823099999,48825099999,48831099999,VVNB"
cầu giấy,2024-10-08,32,25,28,33.5,25,28.6,19.2,60,0,0,0,,0,0,28.8,18.4,21.5,1014.9,8.1,12.1,249.3,21.5,9,10,2024-10-08T05:49:58,2024-10-08T17:38:25,0.18,Clear,Clear conditions throughout the day.,clear-day,"48820099999,48823099999,48825099999,48831099999,VVNB"
cầu giấy,2024-10-09,30.3,24,26.9,32.3,24,27.7,20.4,68.6,0,0,0,,0,0,24.5,14.8,32.6,1014.1,21.2,9.8,230.9,19.9,8,10,2024-10-09T05:50:17,2024-10-09T17:37:34,0.22,Partially cloudy,Partly cloudy throughout the day.,partly-cloudy-day,"48820099999,48823099999,48825099999,48831099999,VVNB"
cầu giấy,2024-10-10,31,22,26.6,32.6,22,27.5,21.1,73.9,0,0,0,,0,0,17.6,13,15.1,1013.2,21.6,7.5,229.2,19.9,8,10,2024-10-10T05:50:36,2024-10-10T17:36:42,0.25,Partially cloudy,Partly cloudy throughout the day.,partly-cloudy-day,"48820099999,48823099999,48825099999,48831099999,VVNB"
cầu giấy,2024-10-11,32,23,27.3,34.2,23,28.4,20.8,69.2,0,0,0,,0,0,16.9,13,101.9,1012.8,18,7.2,235.1,20.2,9,10,2024-10-11T05:50:55,2024-10-11T17:35:51,0.25,Clear,Clear conditions throughout the day.,clear-day,"48820099999,48823099999,48825099999,48831099999,VVNB"
cầu giấy,2024-10-12,32,23,27.6,35.2,23,29.1,21.6,71.5,0.9,100,16.67,rain,0,0,21.2,16.6,130.9,1013.7,24.6,7.6,177.2,15.2,7,10,2024-10-12T05:51:15,2024-10-12T17:35:01,0.32,"Rain, Partially cloudy",Partly cloudy throughout the day with rain in the morning and afternoon.,rain,"48820099999,48823099999,48825099999,48831099999,VVNB"
cầu giấy,2024-10-13,33,24,28,36.1,24,30,22.5,73.7,0.2,100,8.33,rain,0,0,27,18.4,133,1013.3,43.7,8.8,159.8,13.7,8,10,2024-10-13T05:51:35,2024-10-13T17:34:11,0.35,"Rain, Partially cloudy",Partly cloudy throughout the day with afternoon rain.,rain,"48820099999,48823099999,48825099999,48831099999,VVNB"
cầu giấy,2024-10-14,33,24.5,28.4,36.6,24.5,31.1,23,73.9,0,0,0,rain,0,0,22,13,122,1012.1,49.2,9.8,204.6,17.7,7,10,2024-10-14T05:51:56,2024-10-14T17:33:22,0.39,Partially cloudy,Partly cloudy throughout the day.,partly-cloudy-day,"48820099999,48823099999,48825099999,48831099999,VVNB,remote"
cầu giấy,2024-10-15,32,25,27.2,38.1,25,29.4,24.5,85.9,29.585,100,8.33,rain,0,0,23.4,20.5,79,1012.6,65.2,8.9,152.7,13.2,7,10,2024-10-15T05:52:17,2024-10-15T17:32:34,0.42,"Rain, Partially cloudy",Partly cloudy throughout the day with rain.,rain,"48820099999,48823099999,48825099999,48831099999,VVNB"
cầu giấy,2024-10-16,31,24.7,27.2,34.6,24.7,29.2,23.2,79.5,1.922,100,4.17,rain,0,0,22.7,13,31.9,1013.4,75,9.9,156.6,13.4,6,10,2024-10-16T05:52:39,2024-10-16T17:31:46,0.46,"Rain, Partially cloudy",Partly cloudy throughout the day with late afternoon rain.,rain,"48820099999,48823099999,48825099999,48831099999,VVNB"
cầu giấy,2024-10-17,33,26,28.7,38.1,26,32,24.2,77.8,1,100,33.33,rain,0,0,20.5,18.4,111.2,1011.4,59.3,9.3,172.5,14.9,7,10,2024-10-17T05:53:01,2024-10-17T17:31:00,0.5,"Rain, Partially cloudy",Partly cloudy throughout the day with a chance of rain throughout the day.,rain,"48820099999,48823099999,48825099999,48831099999,VVNB"
cầu giấy,2024-10-18,34,25,29.2,40.6,25,33.2,24.8,78.5,0.6,100,16.67,rain,0,0,20.9,18.4,121.2,1011,43,9.4,156.1,13.7,6,10,2024-10-18T05:53:23,2024-10-18T17:30:13,0.52,"Rain, Partially cloudy",Partly cloudy throughout the day with rain in the morning and afternoon.,rain,"48820099999,48823099999,48825099999,48831099999,VVNB"
cầu giấy,2024-10-19,34,25,28.8,39.4,25,32.6,24.5,79.3,0.331,100,8.33,rain,0,0,27.7,18.4,122.9,1013.2,40.9,10.3,139.8,11.9,5,30,2024-10-19T05:53:46,2024-10-19T17:29:28,0.56,"Rain, Partially cloudy",Partly cloudy throughout the day with rain.,rain,"48820099999,48823099999,48825099999,48831099999,VVNB"
cầu giấy,2024-10-20,34,25.6,29.1,37.5,25.6,31.9,23.3,72.8,1.1,100,37.5,rain,0,0,23,14.8,108,1015.2,49.8,9.8,185.5,16,7,10,2024-10-20T05:54:10,2024-10-20T17:28:44,0.59,"Rain, Partially cloudy",Partly cloudy throughout the day with a chance of rain throughout the day.,rain,"48820099999,48823099999,48825099999,48831099999,VVNB"
cầu giấy,2024-10-21,29,25,26.3,33.9,25,27.7,24.5,90,33.146,100,4.17,rain,0,0,16.6,10,53.7,1014.5,68.6,8.7,72.5,6.4,3,10,2024-10-21T05:54:34,2024-10-21T17:28:00,0.62,"Rain, Partially cloudy",Partly cloudy throughout the day with late afternoon rain.,rain,"48820099999,48823099999,48825099999,48831099999,VVNB"
cầu giấy,2024-10-22,33,24,28,37.3,24,30.6,23.5,78.7,1.8,100,20.83,rain,0,0,25.6,11.2,342.2,1014.6,39.5,8.1,178.7,15.5,8,10,2024-10-22T05:54:58,2024-10-22T17:27:17,0.66,"Rain, Partially cloudy",Partly cloudy throughout the day with rain.,rain,"48820099999,48823099999,48825099999,48831099999,VVNB"
cầu giấy,2024-10-23,30,24,27.2,31.3,24,27.7,19,61.5,0.001,100,4.17,rain,0,0,34.2,27.2,24.8,1015.2,47.2,11.7,202.4,17.4,7,10,2024-10-23T05:55:23,2024-10-23T17:26:35,0.69,"Rain, Partially cloudy",Becoming cloudy in the afternoon with afternoon rain.,rain,"48820099999,48823099999,48825099999,48831099999,VVNB"
cầu giấy,2024-10-24,32,20,25.5,30.1,20,25.2,13.9,52.5,0,0,0,,0,0,20.5,18.4,10.2,1012.7,58.7,11.4,241.2,20.8,8,10,2024-10-24T05:55:48,2024-10-24T17:25:54,0.75,Partially cloudy,Partly cloudy throughout the day.,partly-cloudy-day,"48820099999,48823099999,48825099999,48831099999,VVNB"
cầu giấy,2024-10-25,32,18,24.5,30.4,18,24.2,15.3,61.4,0,0,0,,0,0,22.3,11.2,344.7,1010.1,53,10,238.4,20.6,8,10,2024-10-25T05:56:14,2024-10-25T17:25:14,0.76,Partially cloudy,Partly cloudy throughout the day.,partly-cloudy-day,"48820099999,48823099999,48825099999,48831099999,VVNB"
cầu giấy,2024-10-26,32,20,26.2,31.4,20,26.1,16,57.1,0,0,0,rain,0,0,36.4,20.5,336,1008.4,66.5,10,238,20.6,8,10,2024-10-26T05:56:41,2024-10-26T17:24:35,0.79,Partially cloudy,Partly cloudy throughout the day.,partly-cloudy-day,"48820099999,48823099999,48825099999,48831099999,VVNB"
cầu giấy,2024-10-27,28,20,23.9,27.7,20,23.9,16.6,66.1,1.956,100,4.17,rain,0,0,47.9,25.9,340.8,1010.3,94.4,10,48.3,4.3,3,10,2024-10-27T05:57:08,2024-10-27T17:23:56,0.82,"Rain, Overcast",Cloudy skies throughout the day with late afternoon rain.,rain,"48820099999,48823099999,48825099999,48831099999,VVNB"
cầu giấy,2024-10-28,25,20.6,22.5,25,20.6,22.5,17.5,73.8,2.178,100,8.33,rain,0,0,34.2,20.5,358.8,1011.9,91.1,10,44,3.8,3,10,2024-10-28T05:57:35,2024-10-28T17:23:19,0.86,"Rain, Overcast",Cloudy skies throughout the day with rain.,rain,"48820099999,48823099999,48825099999,48831099999,VVNB"
cầu giấy,2024-10-29,27,21,24.2,27.9,21,24.4,18.1,69.2,0.231,100,4.17,rain,0,0,31.3,18.4,355.9,1011.6,72.7,9.9,80.9,7.1,4,10,2024-10-29T05:58:03,2024-10-29T17:22:43,0.89,"Rain, Partially cloudy",Partly cloudy throughout the day with late afternoon rain.,rain,"48820099999,48823099999,48825099999,48831099999,VVNB"
cầu giấy,2024-10-30,32,21.5,26.1,32.9,21.5,26.6,19.2,67.7,0.011,100,4.17,rain,0,0,23.4,14.8,356.2,1011.7,46,10.2,186.1,16,7,10,2024-10-30T05:58:32,2024-10-30T17:22:08,0.92,"Rain, Partially cloudy",Partly cloudy throughout the day with morning rain.,rain,"48820099999,48823099999,48825099999,48831099999,VVNB,remote"
cầu giấy,2024-10-31,32,22,26.5,35.1,22,27.7,21.6,76.2,0,0,0,,0,0,18,9.4,339.3,1010.1,10,8.6,217,18.7,8,10,2024-10-31T05:59:01,2024-10-31T17:21:34,0.96,Clear,Clear conditions throughout the day.,clear-day,"48820099999,48823099999,48825099999,48831099999,VVNB"
cầu giấy,2024-11-01,33,22,27.4,32.3,22,27.5,19,64.7,0,0,0,,0,0,27,16.6,19.5,1012.3,1.8,9.4,227.5,19.6,8,10,2024-11-01T05:59:30,2024-11-01T17:21:01,0,Clear,Clear conditions throughout the day.,clear-day,"48820099999,48823099999,48825099999,48831099999,VVNB"
cầu giấy,2024-11-02,31,20,25.5,29.8,20,25.2,15.5,58.1,0,0,0,,0,0,29.2,20.5,51.4,1016.9,6,9.6,228.9,19.7,8,10,2024-11-02T06:00:01,2024-11-02T17:20:29,0.02,Clear,Clear conditions throughout the day.,clear-day,"48820099999,48823099999,48825099999,48831099999,VVNB"
cầu giấy,2024-11-03,27.1,20,24.4,27.5,20,24.5,17,65.2,0,0,0,,0,0,21.6,16.6,2.7,1017.5,51.5,9.5,150.3,12.9,7,10,2024-11-03T06:00:31,2024-11-03T17:19:58,0.06,Partially cloudy,Partly cloudy throughout the day.,partly-cloudy-day,"48820099999,48823099999,48825099999,48831099999,VVNB"
cầu giấy,2024-11-04,28,23,25,28.9,23,25.2,18.9,69.6,0.003,100,4.17,rain,0,0,26.6,14.8,358.5,1017.5,74,9.3,57.8,5.1,3,10,2024-11-04T06:01:02,2024-11-04T17:19:28,0.09,"Rain, Partially cloudy",Partly cloudy throughout the day with late afternoon rain.,rain,"48820099999,48823099999,48825099999,48831099999,VVNB"
cầu giấy,2024-11-05,27,21.8,24,27.7,21.8,24.1,19,74.7,1.204,100,12.5,rain,0,0,18.7,16.6,1.1,1019.1,63.5,8.6,44,3.8,2,10,2024-11-05T06:01:34,2024-11-05T17:19:00,0.13,"Rain, Partially cloudy",Partly cloudy throughout the day with rain.,rain,"48820099999,48823099999,48825099999,48831099999,VVNB"
cầu giấy,2024-11-06,28,22,25.1,28.3,22,25.2,17.5,64.1,0,0,0,,0,0,21.6,16.6,356.6,1019.4,61.3,9.1,73.6,6.3,4,10,2024-11-06T06:02:06,2024-11-06T17:18:33,0.16,Partially cloudy,Partly cloudy throughout the day.,partly-cloudy-day,"48820099999,48823099999,48825099999,48831099999,VVNB"
cầu giấy,2024-11-07,29.1,23,25.5,29.2,23,25.6,17.3,61.6,0,0,0,,0,0,23,16.6,50.8,1019.1,20.2,8.9,191.9,16.4,7,10,2024-11-07T06:02:39,2024-11-07T17:18:07,0.2,Partially cloudy,Partly cloudy throughout the day.,partly-cloudy-day,"48820099999,48823099999,48825099999,48831099999,VVNB"
cầu giấy,2024-11-08,29,19,24.3,28.8,19,24.2,16.7,65.6,0,0,0,,0,0,19.8,11.2,347.7,1017.7,5,8.4,212.4,18.3,8,10,2024-11-08T06:03:12,2024-11-08T17:17:42,0.23,Clear,Clear conditions throughout the day.,clear-day,"48820099999,48823099999,48825099999,48831099999,VVNB"
cầu giấy,2024-11-09,30,19,24.3,30.4,19,24.5,17.5,68,0,0,0,,0,0,18.4,11.2,334.8,1015.3,2.6,7.7,216,18.6,8,10,2024-11-09T06:03:46,2024-11-09T17:17:18,0.25,Clear,Clear conditions throughout the day.,clear-day,"48820099999,48823099999,48825099999,48831099999,VVNB"
cầu giấy,2024-11-10,32,19,25,31,19,25,16.7,62.8,0,0,0,,0,0,22.3,13,320.1,1015.2,1.3,7.6,214.9,18.6,8,10,2024-11-10T06:04:20,2024-11-10T17:16:56,0.3,Clear,Clear conditions throughout the day.,clear-day,"48820099999,48823099999,48825099999,48831099999,VVNB"
cầu giấy,2024-11-11,32,20,26,32.9,20,26.5,18.5,65.3,0,0,0,,0,0,16.9,9.4,334.7,1014.1,4.3,8.8,207.3,17.8,7,10,2024-11-11T06:04:55,2024-11-11T17:16:35,0.34,Clear,Clear conditions throughout the day.,clear-day,"48820099999,48823099999,48825099999,48831099999,VVNB"
cầu giấy,2024-11-12,31,21.9,26.6,33.1,21.9,27.9,21,72.5,0,0,0,,0,0,18.4,11.2,146.4,1012.6,13.1,7.5,193.7,16.9,7,10,2024-11-12T06:05:30,2024-11-12T17:16:15,0.37,Clear,Clear conditions throughout the day.,clear-day,"48820099999,48823099999,48825099999,48831099999,VVNB"
cầu giấy,2024-11-13,32,22.7,26.7,34.9,22.7,27.9,21.6,75.4,0,0,0,,0,0,24.1,14.8,120.3,1011,9.8,6.9,202.2,17.4,7,10,2024-11-13T06:06:05,2024-11-13T17:15:57,0.41,Clear,Clear conditions throughout the day.,clear-day,"48820099999,48823099999,48825099999,48831099999,VVNB"
cầu giấy,2024-11-14,31,23,27,35,23,28.7,22.5,77.9,0,0,0,,0,0,17.3,14.8,124.4,1010.5,44.6,5.9,151.3,13.1,6,10,2024-11-14T06:06:41,2024-11-14T17:15:40,0.44,Partially cloudy,Partly cloudy throughout the day.,partly-cloudy-day,"48820099999,48823099999,48825099999,48831099999,VVNB"
cầu giấy,2024-11-15,32,24,27.4,36.8,24,29.3,23.1,78.7,0,0,0,,0,0,19.8,14.8,113.3,1009.6,37.4,7,149.7,13,6,10,2024-11-15T06:07:17,2024-11-15T17:15:24,0.48,Partially cloudy,Partly cloudy throughout the day.,partly-cloudy-day,"48820099999,48823099999,48825099999,48831099999,VVNB"
cầu giấy,2024-11-16,31.5,24.6,27.5,34.6,24.6,29.2,23,78.1,0.3,100,12.5,rain,0,0,22.7,18.4,114.4,1010.9,38.2,8.8,139.9,11.9,6,10,2024-11-16T06:07:54,2024-11-16T17:15:10,0.5,"Rain, Partially cloudy",Partly cloudy throughout the day with rain in the morning and afternoon.,rain,"48820099999,48823099999,48825099999,48831099999,VVNB"
cầu giấy,2024-11-17,32,23,27.2,34.3,23,28.3,21.5,73.5,0,0,0,,0,0,24.1,11.2,82,1013.5,21.3,7.6,217.4,18.7,8,10,2024-11-17T06:08:31,2024-11-17T17:14:56,0.54,Partially cloudy,Partly cloudy throughout the day.,partly-cloudy-day,"48820099999,48823099999,48825099999,48831099999,VVNB"
cầu giấy,2024-11-18,30,22.7,25.6,33.2,22.7,26.4,21,76.3,4.4,100,50,rain,0,0,29.9,25.9,64.8,1015.9,39.7,8.2,97.2,8.4,4,10,2024-11-18T06:09:08,2024-11-18T17:14:45,0.58,"Rain, Partially cloudy",Partly cloudy throughout the day with a chance of rain throughout the day.,rain,"48820099999,48823099999,48825099999,48831099999,VVNB"
cầu giấy,2024-11-19,30,23,26,30.8,23,26.2,18.4,64,0,0,0,,0,0,24.1,18.4,44.4,1017.2,29.8,9.8,171.4,14.7,7,10,2024-11-19T06:09:46,2024-11-19T17:14:34,0.61,Partially cloudy,Partly cloudy throughout the day.,partly-cloudy-day,VVNB
cầu giấy,2024-11-20,28,20,24.3,28,20,24.3,16.7,64.2,0,0,0,,0,0,28.1,18.4,69.5,1018,34.7,9.7,164.6,14.3,6,10,2024-11-20T06:10:23,2024-11-20T17:14:25,0.64,Partially cloudy,Clearing in the afternoon.,partly-cloudy-day,VVNB
cầu giấy,2024-11-21,26,19,22.5,26,19,22.5,15.1,63.6,0,0,0,,0,0,24.8,18.4,35.1,1018.2,11.4,10,187.6,16.3,7,10,2024-11-21T06:11:02,2024-11-21T17:14:18,0.67,Clear,Clear conditions throughout the day.,clear-day,VVNB
cầu giấy,2024-11-22,27,20,23.1,27.1,20,23.1,14.5,59.4,0,0,0,,0,0,26.6,14.8,27.5,1018.4,55.1,9.7,198.9,17.2,8,10,2024-11-22T06:11:40,2024-11-22T17:14:11,0.71,Partially cloudy,Partly cloudy throughout the day.,partly-cloudy-day,"48820099999,48823099999,48825099999,48831099999,VVNB"
cầu giấy,2024-11-23,26,20,23.3,26,20,23.3,15.3,61.7,0,0,0,,0,0,21.6,16.6,58.2,1018.7,48.5,9.6,133.3,11.5,6,10,2024-11-23T06:12:18,2024-11-23T17:14:06,0.75,Partially cloudy,Partly cloudy throughout the day.,partly-cloudy-day,"48820099999,48823099999,48825099999,48831099999,VVNB"
cầu giấy,2024-11-24,25,19,22.5,25,19,22.5,17.6,74.5,0.002,100,4.17,rain,0,0,21.2,11.2,61,1017.9,68.3,8.3,110.5,9.6,5,10,2024-11-24T06:12:57,2024-11-24T17:14:03,0.77,"Rain, Partially cloudy",Partly cloudy throughout the day with late afternoon rain.,rain,"48820099999,48823099999,48825099999,48831099999,VVNB"
cầu giấy,2024-11-25,28,22,24.2,29.2,22,24.5,19.6,76.2,1.3,100,12.5,rain,0,0,15.8,9.4,69.7,1017.1,74.2,7.2,108,9.3,4,10,2024-11-25T06:13:36,2024-11-25T17:14:01,0.8,"Rain, Partially cloudy",Partly cloudy throughout the day with rain.,rain,"48820099999,48823099999,48825099999,48831099999,VVNB"
cầu giấy,2024-11-26,23.4,19,21,23.4,19,21,16.2,74.5,1.3,100,12.5,rain,0,0,41,22.3,3.8,1019.1,92.7,9.4,21.8,1.9,1,10,2024-11-26T06:14:15,2024-11-26T17:14:00,0.84,"Rain, Overcast",Cloudy skies throughout the day with rain clearing later.,rain,"48820099999,48823099999,48825099999,48831099999,VVNB"
cầu giấy,2024-11-27,22.1,19.9,20.5,22.1,19.9,20.5,12.6,61.3,0,0,0,,0,0,28.4,16.6,7.2,1021.2,83.2,10,61.1,5.2,3,10,2024-11-27T06:14:54,2024-11-27T17:14:00,0.87,Partially cloudy,Partly cloudy throughout the day.,partly-cloudy-day,"48820099999,48823099999,48825099999,48831099999,VVNB"
cầu giấy,2024-11-28,22.7,18,19.9,22.7,18,19.9,9.3,50.6,0,0,0,,0,0,30.6,20.5,351.6,1024.1,60.4,10.1,167.3,14.5,7,10,2024-11-28T06:15:33,2024-11-28T17:14:02,0.9,Partially cloudy,Partly cloudy throughout the day.,partly-cloudy-day,"48820099999,48823099999,48825099999,48831099999,VVNB"
cầu giấy,2024-11-29,26,17.7,21,26,17.7,21,10,52.3,0,0,0,,0,0,23,13,349,1021.4,21.1,9.9,191.6,16.5,7,10,2024-11-29T06:16:13,2024-11-29T17:14:06,0.93,Partially cloudy,Clearing in the afternoon.,partly-cloudy-day,"48820099999,48823099999,48825099999,48831099999,VVNB"
cầu giấy,2024-11-30,25.1,15,20.4,25.1,15,20.4,12,60.3,0,0,0,,0,0,18.4,13,113.3,1016.7,30.5,9.2,194.3,16.7,7,10,2024-11-30T06:16:52,2024-11-30T17:14:10,0.97,Partially cloudy,Becoming cloudy in the afternoon.,partly-cloudy-day,"48820099999,48823099999,48825099999,48831099999,VVNB"
cầu giấy,2024-12-01,26,15,20.7,26,15,20.7,15.5,73.6,0,0,0,,0,0,25.2,16.6,126.1,1013.1,36.2,7.7,173.4,14.9,7,10,2024-12-01T06:17:31,2024-12-01T17:14:16,0,Partially cloudy,Partly cloudy throughout the day.,partly-cloudy-day,"48820099999,48823099999,48825099999,48831099999,VVNB"
cầu giấy,2024-12-02,26,20,22.6,26,20,22.6,17.5,73.5,0.3,100,8.33,rain,0,0,18,13,98.7,1013.4,78.9,8.9,97.6,8.5,4,10,2024-12-02T06:18:10,2024-12-02T17:14:24,0.03,"Rain, Partially cloudy",Partly cloudy throughout the day with rain in the morning and afternoon.,rain,"48820099999,48823099999,48825099999,48831099999,VVNB"
cầu giấy,2024-12-03,27.4,21,23.8,28.6,21,23.9,19.7,78.3,0.6,100,20.83,rain,0,0,22.7,18.4,116.1,1013.8,80.2,9,109.1,9.3,4,10,2024-12-03T06:18:49,2024-12-03T17:14:32,0.07,"Rain, Partially cloudy",Partly cloudy throughout the day with rain in the morning and afternoon.,rain,"48820099999,48823099999,48825099999,48831099999,VVNB,remote"
cầu giấy,2024-12-04,27,21,23.5,27.9,21,23.7,19.1,77.5,0.5,100,20.83,rain,0,0,28.4,16.6,123.9,1014.4,73.9,9.3,65.1,5.5,2,10,2024-12-04T06:19:28,2024-12-04T17:14:42,0.1,"Rain, Partially cloudy",Partly cloudy throughout the day with a chance of rain throughout the day.,rain,"48820099999,48823099999,48825099999,48831099999,VVNB,remote"
cầu giấy,2024-12-05,27,20,23.3,27.9,20,23.3,18.7,76.5,0,0,0,,0,0,31.7,24.6,125.9,1014.5,51.5,8.5,79.7,6.8,3,10,2024-12-05T06:20:06,2024-12-05T17:14:53,0.14,Partially cloudy,Partly cloudy throughout the day.,partly-cloudy-day,"48820099999,48823099999,48825099999,48831099999,VVNB"
cầu giấy,2024-12-06,23.9,19,21.5,23.9,19,21.5,18.9,85.6,0.004,100,4.17,rain,0,0,29.2,18.4,68,1014.3,81.6,6.9,55.3,4.7,2,10,2024-12-06T06:20:45,2024-12-06T17:15:06,0.18,"Rain, Partially cloudy",Partly cloudy throughout the day with late afternoon rain.,rain,"48820099999,48823099999,48825099999,48831099999,VVNB"
cầu giấy,2024-12-07,20.4,18,18.9,20.4,18,18.9,14.4,75.2,0.2,100,4.17,rain,0,0,29.2,22.3,27.1,1017.8,98.1,9,32.3,2.7,1,10,2024-12-07T06:21:23,2024-12-07T17:15:20,0.21,"Rain, Overcast",Cloudy skies throughout the day with afternoon rain.,rain,"48820099999,48823099999,48825099999,48831099999,VVNB"
cầu giấy,2024-12-08,18,16,17,18,16,17,10.4,65.2,0.4,100,16.67,rain,0,0,24.5,20.5,17.1,1021.7,98.4,10,42.6,3.7,2,10,2024-12-08T06:22:01,2024-12-08T17:15:35,0.25,"Rain, Overcast",Cloudy skies throughout the day with early morning rain.,rain,"48820099999,48823099999,48825099999,48831099999,VVNB"
cầu giấy,2024-12-09,21,16,18.2,21,16,18.2,12,67.5,0,0,0,,0,0,13.3,9.4,20.5,1018.2,96.1,11.2,83.1,7.2,3,10,2024-12-09T06:22:38,2024-12-09T17:15:51,0.28,Overcast,Cloudy skies throughout the day.,cloudy,"48820099999,48823099999,48825099999,48831099999,VVNB,remote"
cầu giấy,2024-12-10,25,17.5,20.5,25,17.5,20.5,16.4,77.8,0.3,100,12.5,rain,0,0,17.3,11.2,62.3,1013.7,89.9,5.8,73.6,6.3,4,10,2024-12-10T06:23:15,2024-12-10T17:16:09,0.32,"Rain, Partially cloudy",Partly cloudy throughout the day with rain in the morning and afternoon.,rain,"48820099999,48823099999,48825099999,48831099999,VVNB"
cầu giấy,2024-12-11,20.1,17,19,20.1,17,19,15.4,80.4,2.976,100,8.33,rain,0,0,45.7,24.1,8.4,1016.3,96,7.2,79.7,6.8,4,10,2024-12-11T06:23:52,2024-12-11T17:16:28,0.35,"Rain, Overcast",Cloudy skies throughout the day with rain.,rain,"48820099999,48823099999,48825099999,48831099999,VVNB"
cầu giấy,2024-12-12,17.7,16,16.7,17.7,16,16.7,11,69.3,0.4,100,16.67,rain,0,0,20.5,18.4,7.3,1018.5,100,10,32.9,2.7,1,10,2024-12-12T06:24:28,2024-12-12T17:16:48,0.39,"Rain, Overcast",Cloudy skies throughout the day with rain.,rain,"48820099999,48823099999,48825099999,48831099999,VVNB"
cầu giấy,2024-12-13,18.3,15,16.5,18.3,15,16.5,10.2,66.6,0.1,100,4.17,rain,0,0,29.9,22.3,10.7,1021.6,98.6,9.9,42.6,3.7,2,10,2024-12-13T06:25:04,2024-12-13T17:17:09,0.42,"Rain, Overcast",Cloudy skies throughout the day with late afternoon rain.,rain,"48820099999,48823099999,48825099999,48831099999,VVNB"
cầu giấy,2024-12-14,17,15,16.2,17,15,16.2,7.7,57.5,0,0,0,,0,0,32,22.3,16.7,1025.9,95.3,9.8,22.2,2,1,10,2024-12-14T06:25:39,2024-12-14T17:17:31,0.46,Overcast,Cloudy skies throughout the day.,cloudy,"48820099999,48823099999,48825099999,48831099999,VVNB"
cầu giấy,2024-12-15,18,14,16,18,14,16,6.9,55.9,0.004,100,8.33,rain,0,0,24.5,14.8,356.8,1026.5,78.2,9.6,24.6,2.1,1,10,2024-12-15T06:26:14,2024-12-15T17:17:54,0.5,"Rain, Partially cloudy",Partly cloudy throughout the day with rain.,rain,"48820099999,48823099999,48825099999,48831099999,VVNB"
cầu giấy,2024-12-16,22,13.9,16.8,22,13.9,16.8,7.9,58.2,0.002,100,4.17,rain,0,0,22,11.2,331.3,1023.5,44.9,10.9,143.5,12.3,6,10,2024-12-16T06:26:48,2024-12-16T17:18:19,0.53,"Rain, Partially cloudy",Partly cloudy throughout the day with early morning rain.,rain,"48820099999,48823099999,48825099999,48831099999,VVNB"
cầu giấy,2024-12-17,22.4,15,18.5,22.4,15,18.5,8.9,55.2,0,0,0,,0,0,16.6,14.8,41.8,1020.3,28.3,8.3,183.8,15.8,7,10,2024-12-17T06:27:22,2024-12-17T17:18:44,0.56,Partially cloudy,Partly cloudy throughout the day.,partly-cloudy-day,"48820099999,48823099999,48825099999,48831099999,VVNB"
cầu giấy,2024-12-18,24,16,19.6,24,16,19.6,8.3,49.4,0,0,0,,0,0,27.7,20.5,14.5,1021.2,35.7,9.4,159.9,13.7,6,10,2024-12-18T06:27:54,2024-12-18T17:19:10,0.59,Partially cloudy,Partly cloudy throughout the day.,partly-cloudy-day,"48820099999,48823099999,48825099999,48831099999,VVNB"
cầu giấy,2024-12-19,23,12,17.5,23,12,17.5,7.8,56.3,0,0,0,,0,0,25.9,16.6,55.9,1021.3,17,9.3,151.2,13.1,6,10,2024-12-19T06:28:26,2024-12-19T17:19:38,0.62,Clear,Clear conditions throughout the day.,clear-day,"48820099999,48823099999,48825099999,48831099999,VVNB"
cầu giấy,2024-12-20,22,12.6,17.6,22,12.6,17.6,9.2,59.9,0,0,0,,0,0,24.5,18.4,113.8,1019.4,24.7,8.7,181,15.5,7,10,2024-12-20T06:28:58,2024-12-20T17:20:06,0.66,Partially cloudy,Partly cloudy throughout the day.,partly-cloudy-day,"48820099999,48823099999,48825099999,48831099999,VVNB"
cầu giấy,2024-12-21,22,15.7,17.8,22,15.7,17.8,10.1,61.7,0,0,0,,0,0,17.6,13,20.5,1020,53.6,7.8,135.7,11.7,5,10,2024-12-21T06:29:28,2024-12-21T17:20:36,0.69,Partially cloudy,Partly cloudy throughout the day.,partly-cloudy-day,"48820099999,48823099999,48825099999,48831099999,VVNB"
cầu giấy,2024-12-22,22,12,17.1,22,12,17.1,9.3,63.7,0,0,0,,0,0,22.3,13,96.9,1020.3,26.1,6.9,192.7,16.6,7,10,2024-12-22T06:29:58,2024-12-22T17:21:06,0.72,Partially cloudy,Partly cloudy throughout the day.,partly-cloudy-day,"48820099999,48823099999,48825099999,48831099999,VVNB"
cầu giấy,2024-12-23,22.3,11,16.5,22.3,11,16.5,9.2,64.9,0,0,0,,0,0,21.6,11.2,22.8,1019.8,3.2,6.7,194.6,16.7,7,10,2024-12-23T06:30:27,2024-12-23T17:21:37,0.75,Clear,Clear conditions throughout the day.,clear-day,"48820099999,48823099999,48825099999,48831099999,VVNB"
cầu giấy,2024-12-24,21.3,14.1,18.5,21.3,14.1,18.5,8.5,53.2,0,0,0,,0,0,24.1,16.6,0.6,1021.1,42.5,8.5,177.4,15.3,7,10,2024-12-24T06:30:55,2024-12-24T17:22:09,0.78,Partially cloudy,Partly cloudy throughout the day.,partly-cloudy-day,"48820099999,48823099999,48825099999,48831099999,VVNB"
cầu giấy,2024-12-25,25,17,20.1,25,17,20.1,11.5,58.9,0,0,0,,0,0,16.6,13,108.6,1020.1,29.4,6.7,184.4,15.9,7,10,2024-12-25T06:31:22,2024-12-25T17:22:42,0.82,Partially cloudy,Partly cloudy throughout the day.,partly-cloudy-day,"48820099999,48823099999,48825099999,48831099999,VVNB"
cầu giấy,2024-12-26,24,18,20.8,24,18,20.8,12.9,61,0,0,0,,0,0,24.1,13,14.5,1021.9,89.5,8.1,112.3,9.8,5,10,2024-12-26T06:31:48,2024-12-26T17:23:15,0.85,Partially cloudy,Partly cloudy throughout the day.,partly-cloudy-day,"48820099999,48823099999,48825099999,48831099999,VVNB"
cầu giấy,2024-12-27,20.3,16.9,18.5,20.3,16.9,18.5,12.6,68.9,0.002,100,4.17,rain,0,0,28.1,20.5,27,1024.3,98.5,9.6,41.5,3.6,2,10,2024-12-27T06:32:13,2024-12-27T17:23:49,0.88,"Rain, Overcast",Cloudy skies throughout the day with morning rain.,rain,"48820099999,48823099999,48825099999,48831099999,VVNB"
cầu giấy,2024-12-28,23,14.9,18.7,23,14.9,18.7,9.4,57.2,0.011,100,4.17,rain,0,0,29.2,18.4,358.8,1025.9,57.1,10.9,129.1,11.1,6,10,2024-12-28T06:32:37,2024-12-28T17:24:24,0.91,"Rain, Partially cloudy",Partly cloudy throughout the day with early morning rain.,rain,"48820099999,48823099999,48825099999,48831099999,VVNB"
cầu giấy,2024-12-29,22,15,18,22,15,18,9.9,60.6,0,0,0,,0,0,31.7,16.6,120.6,1021.5,21.7,8.4,191.3,16.5,7,10,2024-12-29T06:33:00,2024-12-29T17:25:00,0.94,Partially cloudy,Partly cloudy throughout the day.,partly-cloudy-day,"48820099999,48823099999,48825099999,48831099999,VVNB"
cầu giấy,2024-12-30,21,13,17.6,21,13,17.6,12.6,73.5,0,0,0,rain,0,0,20.2,11.2,3.8,1020.6,66.9,6.2,84.9,7.3,4,10,2024-12-30T06:33:22,2024-12-30T17:25:36,0.98,Partially cloudy,Partly cloudy throughout the day.,partly-cloudy-day,"48820099999,48823099999,48825099999,48831099999,remote,VVNB"
cầu giấy,2024-12-31,20.1,14.7,18.1,20.1,14.7,18.1,12.3,69.9,0,0,0,,0,0,24.8,18.4,349.7,1021.1,52.8,6.1,81.7,7.1,4,10,2024-12-31T06:33:43,2024-12-31T17:26:13,0,Partially cloudy,Partly cloudy throughout the day.,partly-cloudy-day,"48820099999,48823099999,48825099999,48831099999,VVNB"
cầu giấy,2025-01-01,25,12,17.9,25,12,17.9,12.5,73.7,0,0,0,,0,0,17.6,13,132.5,1017.3,12.2,5.1,193,16.7,7,10,2025-01-01T06:34:03,2025-01-01T17:26:50,0.05,Clear,Clear conditions throughout the day.,clear-day,"VMI0000VVNB,48820099999,48823099999,48825099999,48831099999,VVNB,VMM00048825"
cầu giấy,2025-01-02,24.5,14.7,19.4,24.5,14.7,19.4,13.6,71.3,0,0,0,,0,0,16.2,9.4,27.1,1018.4,23.8,5,189.6,16.3,7,10,2025-01-02T06:34:21,2025-01-02T17:27:28,0.08,Partially cloudy,Becoming cloudy in the afternoon.,partly-cloudy-day,"VMI0000VVNB,48820099999,48825099999,VVNB,VMM00048825"
cầu giấy,2025-01-03,26,15,20.2,26,15,20.2,12.4,64.3,0,0,0,,0,0,26.6,13,34.8,1019.8,9.6,7,190.7,16.4,7,10,2025-01-03T06:34:39,2025-01-03T17:28:06,0.12,Clear,Clear conditions throughout the day.,clear-day,"VMI0000VVNB,48820099999,48825099999,VVNB,VMM00048825"
cầu giấy,2025-01-04,24,13,18.8,24,13,18.8,11.9,66.1,0,0,0,,0,0,24.5,14.8,130.9,1018.9,10.6,6.8,168,14.6,7,10,2025-01-04T06:34:55,2025-01-04T17:28:44,0.15,Clear,Clear conditions throughout the day.,clear-day,"VMI0000VVNB,48820099999,48825099999,VVNB,VMM00048825"
cầu giấy,2025-01-05,24.5,14.1,19,24.5,14.1,19,11.1,63.8,0,0,0,,0,0,25.9,11.2,278.9,1020.4,15,6.8,195.8,16.8,7,10,2025-01-05T06:35:10,2025-01-05T17:29:23,0.19,Clear,Clear conditions throughout the day.,clear-day,"VMI0000VVNB,48820099999,48823099999,48825099999,VMM00048823,VVNB,VMM00048825"
cầu giấy,2025-01-06,24,13,18.6,24,13,18.6,10.8,63.5,0,0,0,,0,0,22,16.6,99,1017.8,9.4,6.3,199.7,17.1,7,10,2025-01-06T06:35:24,2025-01-06T17:30:03,0.22,Clear,Clear conditions throughout the day.,clear-day,"VMI0000VVNB,48820099999,48825099999,VVNB,VMM00048825"
cầu giấy,2025-01-07,23,13,18.3,23,13,18.3,13.4,74.6,0,0,0,rain,0,0,22.3,11.2,113.8,1017.3,36.8,5.5,127.7,11.2,6,10,2025-01-07T06:35:37,2025-01-07T17:30:42,0.25,Partially cloudy,Partly cloudy throughout the day.,partly-cloudy-day,"VMI0000VVNB,48820099999,48825099999,VVNB,VMM00048825"
cầu giấy,2025-01-08,24,17,20.1,24,17,20.1,15.4,75.4,0.6,100,20.83,rain,0,0,22.7,16.6,111.8,1018,71.1,7.2,102.1,8.9,4,10,2025-01-08T06:35:48,2025-01-08T17:31:22,0.3,"Rain, Partially cloudy",Partly cloudy throughout the day with rain in the morning and afternoon.,rain,"VMI0000VVNB,48820099999,48825099999,VVNB,VMM00048825"
cầu giấy,2025-01-09,23,17,19.5,23,17,19.5,11.3,60.4,0,0,0,,0,0,38.2,20.5,47.6,1021.3,56.5,8.3,74.2,6.5,3,10,2025-01-09T06:35:59,2025-01-09T17:32:03,0.33,Partially cloudy,Partly cloudy throughout the day.,partly-cloudy-day,"VMI0000VVNB,48820099999,48825099999,VVNB,VMM00048825"
cầu giấy,2025-01-10,18,15,16.5,18,15,16.5,6.5,51.8,0,0,0,,0,0,31.7,20.5,24,1027.9,35.2,10,103.6,8.8,5,10,2025-01-10T06:36:08,2025-01-10T17:32:43,0.37,Partially cloudy,Partly cloudy throughout the day.,partly-cloudy-day,"VMI0000VVNB,48820099999,48825099999,VVNB,VMM00048825"
cầu giấy,2025-01-11,19,12,15.6,19,12,15.6,5.3,51,0,0,0,,0,0,33.5,22.3,13.6,1030.5,23.7,9.9,94.6,8,3,10,2025-01-11T06:36:15,2025-01-11T17:33:23,0.4,Partially cloudy,Partly cloudy throughout the day.,partly-cloudy-day,"VMI0000VVNB,48820099999,48825099999,VVNB,VMM00048825"
cầu giấy,2025-01-12,21,8.9,14.5,21,8.9,14.5,3.4,53.2,0,0,0,,0,0,26.6,16.6,343.3,1026.9,3.7,10.5,211,18.3,8,10,2025-01-12T06:36:22,2025-01-12T17:34:04,0.44,Clear,Clear conditions throughout the day.,clear-day,"VMI0000VVNB,48820099999,48825099999,VVNB,VMM00048825"
cầu giấy,2025-01-13,21.1,7,14.9,21.1,7,14.9,6.6,60.6,0,0,0,,0,0,24.1,9.4,135,1022,2.8,8.8,211.5,18.2,8,10,2025-01-13T06:36:27,2025-01-13T17:34:45,0.47,Clear,Clear conditions throughout the day.,clear-day,"VMI0000VVNB,48820099999,48825099999,VVNB,VMM00048825"
cầu giấy,2025-01-14,22,12,16.3,22,12,16.3,10.9,72.3,0,0,0,,0,0,17.6,11.2,2.3,1021.1,14.7,7.4,200.4,17.1,8,10,2025-01-14T06:36:30,2025-01-14T17:35:26,0.5,Clear,Clear conditions throughout the day.,clear-day,"VMI0000VVNB,48820099999,48825099999,VVNB,VMM00048825"
cầu giấy,2025-01-15,24.1,15,19.5,24.1,15,19.5,10.7,60.3,0.1,100,4.17,rain,0,0,30.6,16.6,57.5,1024.2,30.7,7.9,75.6,6.4,3,10,2025-01-15T06:36:33,2025-01-15T17:36:06,0.54,"Rain, Partially cloudy",Partly cloudy throughout the day with early morning rain.,rain,"VMI0000VVNB,48820099999,48825099999,VVNB,VMM00048825"
cầu giấy,2025-01-16,23.5,13,18.6,23.5,13,18.6,7.6,51.3,0,0,0,,0,0,26.6,20.5,30.9,1024.7,13.3,8.9,168.1,14.6,6,10,2025-01-16T06:36:34,2025-01-16T17:36:47,0.57,Clear,Clear conditions throughout the day.,clear-day,"VMI0000VVNB,48820099999,48825099999,VVNB,VMM00048825"
cầu giấy,2025-01-17,22,11.7,17.4,22,11.7,17.4,10.4,66.8,0,0,0,,0,0,30.6,18.4,122.1,1021,5.9,7.2,210.9,18.2,8,10,2025-01-17T06:36:33,2025-01-17T17:37:28,0.6,Clear,Clear conditions throughout the day.,clear-day,"VMI0000VVNB,48820099999,48825099999,VVNB,VMM00048825"
cầu giấy,2025-01-18,18,13,16,18,13,16,11,72.9,0,0,0,,0,0,21.2,14.8,346.9,1019.1,64.8,6.5,112.8,9.5,5,10,2025-01-18T06:36:32,2025-01-18T17:38:09,0.64,Partially cloudy,Partly cloudy throughout the day.,partly-cloudy-day,"VMI0000VVNB,48820099999,48825099999,VVNB,VMM00048825"
cầu giấy,2025-01-19,23,15.7,18.3,23,15.7,18.3,11.6,66.6,0,0,0,,0,0,19.1,13,265.5,1017.1,39.3,6.4,183.6,15.9,7,10,2025-01-19T06:36:29,2025-01-19T17:38:49,0.67,Partially cloudy,Partly cloudy throughout the day.,partly-cloudy-day,"VMI0000VVNB,48820099999,48825099999,VVNB,VMM00048825"
cầu giấy,2025-01-20,24,15,19.1,24,15,19.1,11.6,63.4,0,0,0,,0,0,19.4,11.2,88.8,1015.5,19.1,6.1,203.7,17.6,7,10,2025-01-20T06:36:24,2025-01-20T17:39:30,0.7,Clear,Clear conditions throughout the day.,clear-day,"VMI0000VVNB,48820099999,48825099999,VVNB,VMM00048825"
cầu giấy,2025-01-21,25,14,19.3,25,14,19.3,12.1,66.5,0,0,0,,0,0,29.2,18.4,122.6,1014.9,7.8,7.4,208.8,18.1,8,10,2025-01-21T06:36:19,2025-01-21T17:40:10,0.73,Clear,Clear conditions throughout the day.,clear-day,"VMI0000VVNB,48820099999,48825099999,VVNB,VMM00048825"
cầu giấy,2025-01-22,22.3,16,19,22.3,16,19,15.5,81.3,0.3,100,12.5,rain,0,0,18.4,14.8,97.3,1015.3,78.5,5.2,66.2,5.7,3,10,2025-01-22T06:36:12,2025-01-22T17:40:50,0.75,"Rain, Partially cloudy",Partly cloudy throughout the day with rain.,rain,"VMI0000VVNB,48820099999,48825099999,VVNB,VMM00048825"
cầu giấy,2025-01-23,22.5,18,19.9,22.5,18,19.9,16.9,83.2,0,0,0,rain,0,0,25.2,20.5,119.5,1014.4,86.2,6.5,71.7,6.2,3,10,2025-01-23T06:36:04,2025-01-23T17:41:30,0.8,Partially cloudy,Partly cloudy throughout the day.,partly-cloudy-day,"VMI0000VVNB,48820099999,48823099999,48825099999,VMM00048823,48831099999,VVNB,VMM00048825"
cầu giấy,2025-01-24,24.1,18,20.5,24.1,18,20.5,18.3,87.4,0.1,100,4.17,rain,0,0,29.2,20.5,114.1,1011.2,89.6,5.6,100.6,8.7,5,10,2025-01-24T06:35:54,2025-01-24T17:42:10,0.83,"Rain, Partially cloudy",Partly cloudy throughout the day with late afternoon rain.,rain,"VMI0000VVNB,48820099999,48825099999,VVNB,VMM00048825"
cầu giấy,2025-01-25,24,20,21.8,24,20,21.8,19.3,86.1,1.4,100,4.17,rain,0,0,29.5,20.5,121.8,1012.7,94.3,7.7,60.7,5.3,3,10,2025-01-25T06:35:43,2025-01-25T17:42:49,0.86,"Rain, Overcast",Cloudy skies throughout the day with late afternoon rain.,rain,"VMI0000VVNB,48820099999,48825099999,VVNB,VMM00048825"
cầu giấy,2025-01-26,21,14,16.1,21,14,16.1,9.7,66.9,1.9,100,4.17,rain,0,0,49,38.9,17.2,1023.3,63.8,9.4,25,2,1,10,2025-01-26T06:35:31,2025-01-26T17:43:28,0.89,"Rain, Partially cloudy",Partly cloudy throughout the day with late afternoon rain.,rain,"VMI0000VVNB,48820099999,48825099999,VVNB,VMM00048825"
cầu giấy,2025-01-27,19,14,15.6,19,14,15.6,3,44.1,0,0,0,,0,0,23.8,22.3,13.5,1023.7,18.4,10,89.9,7.8,5,10,2025-01-27T06:35:17,2025-01-27T17:44:07,0.93,Clear,Clear conditions throughout the day.,clear-day,"VMI0000VVNB,48820099999,48825099999,VVNB,VMM00048825"
cầu giấy,2025-01-28,17.5,12,14.6,17.5,12,14.6,3.3,47.8,0,0,0,,0,0,26.6,20.5,24.4,1025,25.1,9.9,151.1,13.2,6,10,2025-01-28T06:35:02,2025-01-28T17:44:45,0.96,Partially cloudy,Partly cloudy throughout the day.,partly-cloudy-day,"VMI0000VVNB,48820099999,48825099999,VVNB,VMM00048825"
cầu giấy,2025-01-29,19,11,14.3,19,11,14.3,6.1,59.5,0,0,0,,0,0,22.7,11.2,337.9,1023.4,21.6,9.2,185.5,16,7,10,2025-01-29T06:34:46,2025-01-29T17:45:23,0,Partially cloudy,Partly cloudy throughout the day.,partly-cloudy-day,"VMI0000VVNB,48820099999,48825099999,VVNB,VMM00048825"
cầu giấy,2025-01-30,23,10.5,17,23,10.5,17,10.3,66.4,0,0,0,,0,0,35.3,18.4,127.6,1016.3,30.9,10.5,145.4,12.4,6,10,2025-01-30T06:34:29,2025-01-30T17:46:01,0.02,Partially cloudy,Partly cloudy throughout the day.,partly-cloudy-day,"VMI0000VVNB,48820099999,48825099999,VVNB,VMM00048825"
cầu giấy,2025-01-31,25,17.9,20.6,25,17.9,20.6,16.8,80.3,0.1,100,4.17,rain,0,0,33.5,20.5,123.5,1012.5,75,8.8,106.7,9.3,4,10,2025-01-31T06:34:10,2025-01-31T17:46:38,0.06,"Rain, Partially cloudy",Partly cloudy throughout the day with morning rain.,rain,"VMI0000VVNB,48820099999,48825099999,VVNB,VMM00048825"
cầu giấy,2025-02-01,24,18.7,20.5,24,18.7,20.5,18.2,86.9,2.6,100,8.33,rain,0,0,31.3,18.4,123.1,1010.8,95.1,7.6,94.7,8,4,10,2025-02-01T06:33:50,2025-02-01T17:47:15,0.1,"Rain, Overcast",Cloudy skies throughout the day with rain in the morning and afternoon.,rain,"VMI0000VVNB,48820099999,48825099999,VVNB,VMM00048825"
cầu giấy,2025-02-02,24,19.9,21.4,24,19.9,21.4,17.9,80.5,0.9,100,25,rain,0,0,31,18.4,130.9,1012,96,9.9,63.2,5.6,3,10,2025-02-02T06:33:29,2025-02-02T17:47:52,0.13,"Rain, Overcast",Cloudy skies throughout the day with a chance of rain throughout the day.,rain,"VMI0000VVNB,48820099999,48825099999,VVNB,VMM00048825"
cầu giấy,2025-02-03,20,15,17,20,15,17,10.4,65.8,3.6,100,33.33,rain,0,0,31.7,27.7,35,1020,80.6,10,30.2,2.8,1,10,2025-02-03T06:33:07,2025-02-03T17:48:28,0.17,"Rain, Partially cloudy",Partly cloudy throughout the day with a chance of rain throughout the day.,rain,"VMI0000VVNB,48820099999,48825099999,VVNB,VMM00048825"
cầu giấy,2025-02-04,20,15,17,20,15,17,6.2,49.7,0,0,0,,0,0,25.9,18.4,78.3,1021.8,22,10.7,112.6,9.7,5,10,2025-02-04T06:32:43,2025-02-04T17:49:04,0.2,Partially cloudy,Clearing in the afternoon.,partly-cloudy-day,"VMI0000VVNB,48820099999,48825099999,VVNB,VMM00048825"
cầu giấy,2025-02-05,19,15,16.7,19,15,16.7,11.4,70.9,0,0,0,,0,0,19.8,18.4,107.4,1017,76.8,9.1,84,7.3,3,10,2025-02-05T06:32:18,2025-02-05T17:49:39,0.25,Partially cloudy,Partly cloudy throughout the day.,partly-cloudy-day,"VMI0000VVNB,48820099999,48825099999,VVNB,VMM00048825"
cầu giấy,2025-02-06,16.5,14,15.4,16.5,14,15.4,14.4,93.8,1.8,100,4.17,rain,0,0,19.4,13.5,53.6,1015.6,100,4.7,40.8,3.6,2,10,2025-02-06T06:31:52,2025-02-06T17:50:14,0.27,"Rain, Overcast",Cloudy skies throughout the day with late afternoon rain.,rain,"VMI0000VVNB,48820099999,48823099999,48825099999,VVNB,VMM00048825"
cầu giấy,2025-02-07,17,13,14.5,17,13,14.5,10.2,76.7,2.6,100,4.17,rain,0,0,27,18.4,27.6,1021.7,100,9,36.9,3.3,2,10,2025-02-07T06:31:25,2025-02-07T17:50:48,0.31,"Rain, Overcast",Cloudy skies throughout the day with late afternoon rain.,rain,"VMI0000VVNB,48820099999,48825099999,VVNB,VMM00048825"
cầu giấy,2025-02-08,16,13,14.3,16,13,14.3,7.5,63.9,0.4,100,12.5,rain,0,0,27,20.5,36.8,1025,78.5,10,42.4,3.6,2,10,2025-02-08T06:30:57,2025-02-08T17:51:22,0.34,"Rain, Partially cloudy",Partly cloudy throughout the day with early morning rain.,rain,"VMI0000VVNB,48820099999,48825099999,VVNB,VMM00048825"
cầu giấy,2025-02-09,17.5,12.7,14.7,17.5,12.7,14.7,5.8,55.8,0,0,0,,0,0,21.2,16.6,56.3,1023.6,80.5,10,95.2,8.2,4,10,2025-02-09T06:30:27,2025-02-09T17:51:55,0.38,Partially cloudy,Partly cloudy throughout the day.,partly-cloudy-day,"VMI0000VVNB,48820099999,48825099999,VVNB,VMM00048825"
cầu giấy,2025-02-10,18,12.9,15.4,18,12.9,15.4,8.5,64.4,0,0,0,,0,0,15.8,11.2,50.1,1020.4,89,8.7,142.5,12.3,7,10,2025-02-10T06:29:57,2025-02-10T17:52:28,0.42,Partially cloudy,Partly cloudy throughout the day.,partly-cloudy-day,"VMI0000VVNB,48820099999,48823099999,48825099999,VMM00048823,VVNB,VMM00048825"
cầu giấy,2025-02-11,23.5,15,18.4,23.5,15,18.4,13.2,72.2,0,0,0,rain,0,0,26.3,16.6,144.1,1017,89.8,7,109.4,9.3,4,10,2025-02-11T06:29:25,2025-02-11T17:53:00,0.45,Partially cloudy,Partly cloudy throughout the day.,partly-cloudy-day,"VMI0000VVNB,48820099999,48823099999,48825099999,VMM00048823,48831099999,VVNB,VMM00048825"
cầu giấy,2025-02-12,22,16,19.1,22,16,19.1,16.1,83,0.1,100,4.17,rain,0,0,15.1,13,296.6,1016.8,85.1,5.3,91.1,7.9,4,10,2025-02-12T06:28:53,2025-02-12T17:53:32,0.5,"Rain, Partially cloudy",Partly cloudy throughout the day with late afternoon rain.,rain,"VMI0000VVNB,48820099999,48823099999,48825099999,48831099999,VMM00048831,VVNB,VMM00048825"
cầu giấy,2025-02-13,22.5,18,19.4,22.5,18,19.4,15.7,79.8,1.3,100,16.67,rain,0,0,29.5,18.4,32.3,1017.5,64.6,7.7,82.9,7.2,5,10,2025-02-13T06:28:19,2025-02-13T17:54:03,0.52,"Rain, Partially cloudy",Partly cloudy throughout the day with rain clearing later.,rain,"VMI0000VVNB,48820099999,48825099999,VVNB,VMM00048825"
cầu giấy,2025-02-14,22,18,19.9,22,18,19.9,16.8,82.6,0,0,0,rain,0,0,22.7,16.6,115.2,1015.4,93.5,7.2,65.9,5.8,3,10,2025-02-14T06:27:44,2025-02-14T17:54:34,0.55,Overcast,Cloudy skies throughout the day.,cloudy,"VMI0000VVNB,48820099999,48825099999,VVNB,VMM00048825"
cầu giấy,2025-02-15,23,19,20.6,23,19,20.6,18.9,90.2,0.1,100,4.17,rain,0,0,26.3,20.5,122.5,1013.2,95.5,4.4,59.7,5.2,3,10,2025-02-15T06:27:09,2025-02-15T17:55:05,0.59,"Rain, Overcast",Cloudy skies throughout the day with late afternoon rain.,rain,"VMI0000VVNB,48820099999,48825099999,VVNB,VMM00048825"
cầu giấy,2025-02-16,21,15,16.8,21,15,16.8,15.3,90.9,5.2,100,4.17,rain,0,0,23,22.3,43.3,1016.9,98.5,8,32.1,2.8,1,10,2025-02-16T06:26:32,2025-02-16T17:55:35,0.62,"Rain, Overcast",Cloudy skies throughout the day with late afternoon rain.,rain,"VMI0000VVNB,48820099999,48825099999,VVNB,VMM00048825"
cầu giấy,2025-02-17,17.5,15,16,17.5,15,16,14.5,90.9,1.9,100,4.17,rain,0,0,15.1,14.8,22.4,1019.3,99.3,6.6,80.3,6.9,4,10,2025-02-17T06:25:54,2025-02-17T17:56:04,0.65,"Rain, Overcast",Cloudy skies throughout the day with late afternoon rain.,rain,"VMI0000VVNB,48820099999,48825099999,VVNB,VMM00048825"
cầu giấy,2025-02-18,16.5,15,15.4,16.5,15,15.4,14.3,93.3,5,100,4.17,rain,0,0,19.1,14.8,31.2,1020.3,98.3,6.9,39.3,3.2,2,10,2025-02-18T06:25:16,2025-02-18T17:56:33,0.68,"Rain, Overcast",Cloudy skies throughout the day with afternoon rain.,rain,"VMI0000VVNB,48820099999,48825099999,VVNB,VMM00048825"
cầu giấy,2025-02-19,16.9,15,15.7,16.9,15,15.7,15,95.4,0.6,100,4.17,rain,0,0,14,9.4,35.9,1019,98.5,4,41.8,3.6,2,10,2025-02-19T06:24:37,2025-02-19T17:57:01,0.71,"Rain, Overcast",Cloudy skies throughout the day with late afternoon rain.,rain,"VMI0000VVNB,48820099999,48825099999,VVNB,VMM00048825"
cầu giấy,2025-02-20,21,16,18.4,21,16,18.4,17.4,93.9,0.6,100,4.17,rain,0,0,23.4,11.2,112.1,1018.7,95.5,3.2,81.1,7,4,10,2025-02-20T06:23:56,2025-02-20T17:57:29,0.75,"Rain, Overcast",Cloudy skies throughout the day with afternoon rain.,rain,"VMI0000VVNB,48820099999,48825099999,VVNB,VMM00048825"
cầu giấy,2025-02-21,21.3,17,18.9,21.3,17,18.9,17.5,91.6,1.6,100,4.17,rain,0,0,21.2,16.6,62,1019.6,93.6,5.4,41.9,3.7,1,10,2025-02-21T06:23:15,2025-02-21T17:57:57,0.75,"Rain, Overcast",Cloudy skies throughout the day with late afternoon rain.,rain,"VMI0000VVNB,48820099999,48823099999,48825099999,VMM00048823,48831099999,VVNB,VMM00048825"
cầu giấy,2025-02-22,19.1,16,18,19.1,16,18,16.8,92.6,4.3,100,4.17,rain,0,0,18.4,16.6,68,1020.3,95.3,5.1,48.1,4.2,2,10,2025-02-22T06:22:33,2025-02-22T17:58:24,0.81,"Rain, Overcast",Cloudy skies throughout the day with late afternoon rain.,rain,"VMI0000VVNB,48820099999,48825099999,VVNB,VMM00048825"
cầu giấy,2025-02-23,18.5,13.9,16.3,18.5,13.9,16.3,14.1,87.2,5.1,100,4.17,rain,0,0,27.7,24.1,37.2,1024.6,99.5,7.7,40.9,3.4,2,10,2025-02-23T06:21:50,2025-02-23T17:58:50,0.84,"Rain, Overcast",Cloudy skies throughout the day with late afternoon rain.,rain,"VMI0000VVNB,48820099999,48825099999,VVNB,VMM00048825"
cầu giấy,2025-02-24,14.5,12,13.6,14.5,12,13.6,10.9,84.1,1.2,100,4.17,rain,0,0,21.6,16.6,22.1,1027.7,100,9.1,41.8,3.6,2,10,2025-02-24T06:21:07,2025-02-24T17:59:16,0.88,"Rain, Overcast",Cloudy skies throughout the day with late afternoon rain.,rain,"VMI0000VVNB,48820099999,48825099999,VVNB,VMM00048825"
cầu giấy,2025-02-25,15,13,13.9,15,13,13.9,12.6,92.3,11.4,100,4.17,rain,0,0,15.1,9.4,20.9,1025.8,98,7.4,34,3,1,10,2025-02-25T06:20:23,2025-02-25T17:59:42,0.91,"Rain, Overcast",Cloudy skies throughout the day with late afternoon rain.,rain,"VMI0000VVNB,48820099999,48825099999,VVNB,VMM00048825"
cầu giấy,2025-02-26,17.5,13,14.9,17.5,13,14.9,13,88.8,1.2,100,4.17,rain,0,0,15.8,13,42.9,1022.8,97.9,8.2,53.5,4.7,2,10,2025-02-26T06:19:38,2025-02-26T18:00:07,0.94,"Rain, Overcast",Cloudy skies throughout the day with late afternoon rain.,rain,"VMI0000VVNB,48820099999,48825099999,VVNB,VMM00048825"
cầu giấy,2025-02-27,21,15,18.1,21,15,18.1,15.7,86.5,0,0,0,,0,0,24.8,16.6,118.7,1017.3,95.6,5.2,125.2,10.7,5,10,2025-02-27T06:18:52,2025-02-27T18:00:32,0.97,Overcast,Cloudy skies throughout the day.,cloudy,"VMI0000VVNB,48820099999,48825099999,VVNB,remote,VMM00048825"
cầu giấy,2025-02-28,23.1,18,20.4,23.1,18,20.4,17.9,86.2,0,0,0,rain,0,0,31,16.6,131.9,1015,98.9,5.4,123.1,10.6,4,10,2025-02-28T06:18:06,2025-02-28T18:00:56,0,Overcast,Cloudy skies throughout the day.,cloudy,"VMI0000VVNB,48820099999,48825099999,VVNB,VMM00048825"
cầu giấy,2025-03-01,25.1,20,21.5,25.1,20,21.5,19.9,90.9,0.6,100,4.17,rain,0,0,35.3,16.6,129.4,1011.5,94.7,6.5,139,12,6,5,2025-03-01T06:17:19,2025-03-01T18:01:20,0.04,"Rain, Overcast",Cloudy skies throughout the day with afternoon rain.,rain,"VMI0000VVNB,48820099999,48823099999,48825099999,48831099999,VMM00048831,VVNB,remote,VMM00048825"
cầu giấy,2025-03-02,24.5,20,22.1,24.5,20,22.1,21,93.4,1.2,100,4.17,rain,0,0,31.3,16.6,113.5,1009.6,98.1,5.2,146.4,12.6,6,10,2025-03-02T06:16:31,2025-03-02T18:01:44,0.08,"Rain, Overcast",Cloudy skies throughout the day with late afternoon rain.,rain,"VMI0000VVNB,48820099999,48823099999,48825099999,VMM00048823,VVNB,VMM00048825"
cầu giấy,2025-03-03,27,21.7,23.8,29.2,21.7,23.9,21.9,89.7,0.2,100,4.17,rain,0,0,22,16.6,116.6,1008.6,97,6.8,163,14.1,7,5,2025-03-03T06:15:43,2025-03-03T18:02:07,0.11,"Rain, Overcast",Cloudy skies throughout the day with late afternoon rain.,rain,"VMI0000VVNB,48820099999,48823099999,48825099999,VMM00048823,VVNB,VMM00048825"
cầu giấy,2025-03-04,29,22.6,24.9,32,22.6,25.5,22.2,85.8,0.1,100,4.17,rain,0,0,29.2,18.4,128.5,1007.2,91.6,7.3,171.8,14.8,6,10,2025-03-04T06:14:54,2025-03-04T18:02:30,0.15,"Rain, Overcast",Cloudy skies throughout the day with late afternoon rain.,rain,"VMI0000VVNB,48820099999,48825099999,VVNB,VMM00048825"
cầu giấy,2025-03-05,28,21,23.9,30.7,21,24.1,21.4,86.3,0.1,100,4.17,rain,0,0,30.6,22.3,119.9,1008.9,98.4,6.4,72.2,6.2,3,10,2025-03-05T06:14:05,2025-03-05T18:02:52,0.18,"Rain, Overcast",Cloudy skies throughout the day with late afternoon rain.,rain,"VMI0000VVNB,48820099999,48825099999,VVNB,VMM00048825"
cầu giấy,2025-03-06,20,15,17.3,20,15,17.3,10.5,64.8,0.604,100,8.33,rain,0,0,32,27.7,58.7,1019,87,9.9,45.8,4,2,10,2025-03-06T06:13:15,2025-03-06T18:03:15,0.25,"Rain, Partially cloudy",Partly cloudy throughout the day with rain.,rain,"VMI0000VVNB,48820099999,48823099999,48825099999,VMM00048823,48831099999,VMM00048831,VVNB,VMM00048825"
cầu giấy,2025-03-07,19,15,16.8,19,15,16.8,7.6,54.9,0.4,100,16.67,rain,0,0,24.1,14.8,52.7,1021.3,43.4,10,59.9,5.2,3,10,2025-03-07T06:12:25,2025-03-07T18:03:36,0.25,"Rain, Partially cloudy",Partly cloudy throughout the day with early morning rain.,rain,"VMI0000VVNB,48820099999,48825099999,VVNB,VMM00048825"
cầu giấy,2025-03-08,18.3,14.2,16.3,18.3,14.2,16.3,10.9,70.8,0,0,0,,0,0,16.9,9.4,58.2,1020.3,73.9,9.4,91.4,7.8,4,10,2025-03-08T06:11:34,2025-03-08T18:03:58,0.29,Partially cloudy,Partly cloudy throughout the day.,partly-cloudy-day,"VMI0000VVNB,48820099999,48823099999,48825099999,VMM00048823,48831099999,VVNB,VMM00048825"
cầu giấy,2025-03-09,21.1,16,18.4,21.1,16,18.4,14.9,80.4,0.3,100,8.33,rain,0,0,17.6,11.2,99.5,1020.4,92.1,5.7,64,5.6,3,10,2025-03-09T06:10:43,2025-03-09T18:04:19,0.32,"Rain, Overcast",Cloudy skies throughout the day with morning rain.,rain,"VMI0000VVNB,48820099999,48825099999,VVNB,VMM00048825"
cầu giấy,2025-03-10,22.1,18,19.9,22.1,18,19.9,17.8,88.3,0.4,100,12.5,rain,0,0,20.5,13,132.5,1019.1,95.2,4.2,86.8,7.4,4,10,2025-03-10T06:09:51,2025-03-10T18:04:40,0.36,"Rain, Overcast",Cloudy skies throughout the day with a chance of rain throughout the day.,rain,"VMI0000VVNB,48820099999,48823099999,48825099999,48831099999,VMM00048831,VVNB,VMM00048825"
cầu giấy,2025-03-11,24.7,19.5,21.7,24.7,19.5,21.7,19.1,85.3,0.3,100,12.5,rain,0,0,28.4,18.4,125.7,1014.5,91.6,5.2,100.3,8.6,3,10,2025-03-11T06:08:59,2025-03-11T18:05:01,0.39,"Rain, Overcast",Cloudy skies throughout the day with afternoon rain.,rain,"VMI0000VVNB,48820099999,48825099999,VVNB,VMM00048825"
cầu giấy,2025-03-12,26,20.7,22.4,26,20.7,22.4,20.8,91.4,0.1,100,4.17,rain,0,0,30.2,20.5,122.5,1011.4,97.4,5,98.8,8.4,4,5,2025-03-12T06:08:07,2025-03-12T18:05:21,0.43,"Rain, Overcast",Cloudy skies throughout the day with late afternoon rain.,rain,"VMI0000VVNB,48820099999,48825099999,VVNB,VMM00048825"
cầu giấy,2025-03-13,24,22,22.9,24,22,22.9,22.1,94.9,1.6,100,4.17,rain,0,0,34.6,18.4,122.8,1011.2,98.5,4.7,72.8,6.3,3,30,2025-03-13T06:07:14,2025-03-13T18:05:41,0.46,"Rain, Overcast",Cloudy skies throughout the day with late afternoon rain.,rain,"VMI0000VVNB,48820099999,48823099999,48825099999,VMM00048823,VVNB,VMM00048825"
cầu giấy,2025-03-14,27.9,22.7,24.7,31.5,22.7,25.2,22.6,88.6,0.1,100,4.17,rain,0,0,28.8,22.3,122.4,1010.8,93.1,6.8,102.3,8.8,3,30,2025-03-14T06:06:21,2025-03-14T18:06:01,0.5,"Rain, Overcast",Cloudy skies throughout the day with late afternoon rain.,rain,"VMI0000VVNB,48820099999,48825099999,VVNB,VMM00048825"
cầu giấy,2025-03-15,27.5,21.7,24.6,30.5,21.7,25,21.6,84.1,0.1,100,4.17,rain,0,0,35.6,29.5,93,1012.7,93.3,6.8,65.1,5.7,3,10,2025-03-15T06:05:28,2025-03-15T18:06:21,0.53,"Rain, Overcast",Cloudy skies throughout the day with late afternoon rain.,rain,"VMI0000VVNB,48820099999,48825099999,VVNB,VMM00048825"
cầu giấy,2025-03-16,22,18,20.2,22,18,20.2,11.2,56.7,11.1,100,4.17,rain,0,0,27.4,22.3,46.8,1019.3,45.3,10,102.7,9,5,10,2025-03-16T06:04:35,2025-03-16T18:06:40,0.56,"Rain, Partially cloudy",Partly cloudy throughout the day with late afternoon rain.,rain,"VMI0000VVNB,48820099999,48825099999,VVNB,VMM00048825"
cầu giấy,2025-03-17,20,17,18.1,20,17,18.1,10.7,63.2,0.1,100,4.17,rain,0,0,23.4,13,86.4,1020.6,35.4,10,110.9,9.7,5,10,2025-03-17T06:03:41,2025-03-17T18:06:59,0.6,"Rain, Partially cloudy",Partly cloudy throughout the day with late afternoon rain.,rain,"VMI0000VVNB,48820099999,48825099999,VVNB,VMM00048825"
cầu giấy,2025-03-18,20,16,18.2,20,16,18.2,9.2,56.3,0,0,0,,0,0,26.3,14.8,15.8,1023.9,38.3,9.9,92.1,7.9,3,10,2025-03-18T06:02:47,2025-03-18T18:07:18,0.63,Partially cloudy,Partly cloudy throughout the day.,partly-cloudy-day,"VMI0000VVNB,48820099999,48825099999,VVNB,VMM00048825"
cầu giấy,2025-03-19,22.6,16,19.4,22.6,16,19.4,8.9,51.9,0,0,0,,0,0,28.8,18.4,332.3,1025.7,30,10,251.9,21.7,9,10,2025-03-19T06:01:53,2025-03-19T18:07:37,0.66,Partially cloudy,Partly cloudy throughout the day.,partly-cloudy-day,"VMI0000VVNB,48820099999,48825099999,VVNB,VMM00048825"
cầu giấy,2025-03-20,26,17,21,26,17,21,9.4,50.4,0,0,0,,0,0,22.7,11.2,291.9,1024,23.7,9.9,277.5,24.1,9,10,2025-03-20T06:00:59,2025-03-20T18:07:56,0.7,Partially cloudy,Partly cloudy throughout the day.,partly-cloudy-day,"VMI0000VVNB,48820099999,48825099999,VVNB,VMM00048825"
cầu giấy,2025-03-21,27,14.6,21.3,26.4,14.6,21.2,9.8,51,0,0,0,,0,0,24.1,16.6,144.6,1021.9,7,8.8,281.6,24.3,9,10,2025-03-21T06:00:05,2025-03-21T18:08:15,0.73,Clear,Clear conditions throughout the day.,clear-day,"VMI0000VVNB,48820099999,48823099999,48825099999,VMM00048823,VVNB,VMM00048825"
cầu giấy,2025-03-22,27,16,21.7,27,16,21.7,12.9,59.8,0,0,0,,0,0,23.8,14.8,109.1,1019.5,2.7,9.2,283.5,24.5,9,10,2025-03-22T05:59:10,2025-03-22T18:08:33,0.75,Clear,Clear conditions throughout the day.,clear-day,"VMI0000VVNB,48820099999,48825099999,VVNB,VMM00048825"
cầu giấy,2025-03-23,28,18,22.2,28.1,18,22.3,17,74.4,0,0,0,,0,0,28.8,18.4,132.7,1016.8,37.2,7.7,276.9,23.9,9,10,2025-03-23T05:58:16,2025-03-23T18:08:52,0.79,Partially cloudy,Partly cloudy throughout the day.,partly-cloudy-day,"VMI0000VVNB,48820099999,48825099999,VVNB,VMM00048825"
cầu giấy,2025-03-24,30,19,23.8,30.9,19,24.1,18.3,73.2,0,0,0,,0,0,28.8,18.4,126.5,1013.2,10.2,6.5,266.4,22.9,9,10,2025-03-24T05:57:22,2025-03-24T18:09:10,0.83,Clear,Clear conditions throughout the day.,clear-day,"VMI0000VVNB,48820099999,48825099999,VVNB,VMM00048825"
cầu giấy,2025-03-25,27.3,20,23.5,29.2,20,23.8,19.5,79.1,0,0,0,,0,0,30.2,16.6,110.6,1008.1,45.7,6.1,235.3,20.4,9,10,2025-03-25T05:56:27,2025-03-25T18:09:28,0.86,Partially cloudy,Partly cloudy throughout the day.,partly-cloudy-day,"VMI0000VVNB,48820099999,48825099999,VVNB,VMM00048825"
cầu giấy,2025-03-26,26,21.5,23.4,26,21.5,23.4,20.4,83.5,0,0,0,,0,0,29.9,20.5,129.7,1005.5,91.7,7.3,248.6,21.6,9,10,2025-03-26T05:55:33,2025-03-26T18:09:47,0.89,Overcast,Cloudy skies throughout the day.,cloudy,"VMI0000VVNB,48820099999,48825099999,VVNB,VMM00048825"
cầu giấy,2025-03-27,25.5,22,23.6,25.5,22,23.6,22.2,91.9,0,0,0,,0,0,28.1,18.4,120.2,1002.9,98.4,5.3,242.9,21,9,10,2025-03-27T05:54:38,2025-03-27T18:10:05,0.93,Overcast,Cloudy skies throughout the day.,cloudy,"VMI0000VVNB,48820099999,48825099999,VVNB,VMM00048825"
cầu giấy,2025-03-28,29,23,25.3,32.8,23,26.2,23,87.8,0.2,100,4.17,rain,0,0,37.1,20.5,116.7,1006.6,90.9,5.8,137,12,5,5,2025-03-28T05:53:44,2025-03-28T18:10:23,0.96,"Rain, Overcast",Cloudy skies throughout the day with afternoon rain.,rain,"VMI0000VVNB,48820099999,48823099999,48825099999,VMM00048823,48831099999,VMM00048831,VVNB,VMM00048825"
cầu giấy,2025-03-29,25,14,18.2,25,14,18.2,15.4,84,3,100,4.17,rain,0,0,38.2,31.7,48.8,1015,98.7,8.4,41.8,3.5,2,10,2025-03-29T05:52:50,2025-03-29T18:10:41,0,"Rain, Overcast",Cloudy skies throughout the day with morning rain.,rain,"VMI0000VVNB,48820099999,48825099999,VVNB,VMM00048825"
cầu giấy,2025-03-30,18,13,15.3,18,13,15.3,9.8,70.3,0.2,100,4.17,rain,0,0,25.6,18.4,36.9,1021.3,98.3,10,60.6,5.4,2,10,2025-03-30T05:51:56,2025-03-30T18:10:59,0.03,"Rain, Overcast",Cloudy skies throughout the day with early morning rain.,rain,"VMI0000VVNB,48820099999,48825099999,VVNB,VMM00048825"
cầu giấy,2025-03-31,19,14,16.6,19,14,16.6,9.1,61.8,0,0,0,,0,0,23,14.8,25.1,1020.4,77.1,10,130.4,11.4,5,10,2025-03-31T05:51:02,2025-03-31T18:11:18,0.06,Partially cloudy,Partly cloudy throughout the day.,partly-cloudy-day,"VMI0000VVNB,48820099999,48825099999,VVNB,VMM00048825"
cầu giấy,2025-04-01,23,16,19.4,23,16,19.4,10.7,57.5,0,0,0,,0,0,23.4,13,318.3,1019.2,37.8,9.9,196.3,17.1,8,10,2025-04-01T05:50:08,2025-04-01T18:11:36,0.09,Partially cloudy,Partly cloudy throughout the day.,partly-cloudy-day,"VMI0000VVNB,48820099999,48825099999,VVNB,VMM00048825"
cầu giấy,2025-04-02,26,18,21.3,26,18,21.3,13.8,63.9,0,0,0,,0,0,18,18.4,282.5,1018.7,25.6,7.6,264.1,22.8,9,10,2025-04-02T05:49:14,2025-04-02T18:11:54,0.13,Partially cloudy,Partly cloudy throughout the day.,partly-cloudy-day,"VMI0000VVNB,48820099999,48825099999,VVNB,VMM00048825"
cầu giấy,2025-04-03,27,19,22.6,27,19,22.6,13.8,58.3,0,0,0,,0,0,29.5,20.5,141.2,1017.5,15.3,10.7,287,24.5,9,10,2025-04-03T05:48:21,2025-04-03T18:12:12,0.16,Clear,Clear conditions throughout the day.,clear-day,"VMI0000VVNB,48820099999,48825099999,VVNB,VMM00048825"
cầu giấy,2025-04-04,26,18,22,26,18,22,17.2,75,0,0,0,,0,0,36,20.5,120,1013.2,55.8,8.8,182.6,15.7,6,10,2025-04-04T05:47:28,2025-04-04T18:12:31,0.2,Partially cloudy,Partly cloudy throughout the day.,partly-cloudy-day,"VMI0000VVNB,48820099999,48825099999,VVNB,VMM00048825"
cầu giấy,2025-04-05,23,20,21.3,23,20,21.3,20.1,93.2,1.1,100,4.17,rain,0,0,18,16.6,79.7,1014.1,92,4.8,55.8,4.8,2,10,2025-04-05T05:46:35,2025-04-05T18:12:49,0.25,"Rain, Overcast",Cloudy skies throughout the day with late afternoon rain.,rain,"VMI0000VVNB,48820099999,48825099999,VVNB,VMM00048825"
cầu giấy,2025-04-06,25,20.7,22.3,25,20.7,22.3,20,87.2,3.8,100,4.17,rain,0,0,23.4,18.4,118,1014.7,89.9,6.1,124,10.6,6,10,2025-04-06T05:45:42,2025-04-06T18:13:08,0.27,"Rain, Partially cloudy",Partly cloudy throughout the day with late afternoon rain.,rain,"VMI0000VVNB,48820099999,48825099999,VVNB,VMM00048825"
cầu giấy,2025-04-07,24.3,20,21.8,24.3,20,21.8,20.2,90.3,1.4,100,4.17,rain,0,0,21.6,11.2,134.9,1015.6,90.6,5,81,7,4,10,2025-04-07T05:44:50,2025-04-07T18:13:26,0.3,"Rain, Overcast",Cloudy skies throughout the day with late afternoon rain.,rain,"VMI0000VVNB,48820099999,48823099999,48825099999,VVNB,VMM00048825"
cầu giấy,2025-04-08,28,20.7,23.9,30.7,20.7,24.4,20.7,82.6,0,0,0,rain,0,0,30.2,14.8,123.2,1014.6,85.4,6.1,134.7,11.5,5,10,2025-04-08T05:43:58,2025-04-08T18:13:45,0.33,Partially cloudy,Partly cloudy throughout the day.,partly-cloudy-day,"VMI0000VVNB,48820099999,48825099999,VVNB,VMM00048825"
cầu giấy,2025-04-09,27.1,22.7,24.8,29.7,22.7,25.4,22.1,85,0,0,0,,0,0,33.8,18.4,126.9,1010.7,95.6,6.9,133.6,11.5,4,10,2025-04-09T05:43:06,2025-04-09T18:14:04,0.37,Overcast,Cloudy skies throughout the day.,cloudy,"VMI0000VVNB,48820099999,48825099999,VVNB,VMM00048825"
cầu giấy,2025-04-10,28,23,24.5,31.3,23,25.1,22.6,89.5,0.2,100,4.17,rain,0,0,25.2,22.3,120.2,1007.1,97.4,5.5,103.1,9,4,8,2025-04-10T05:42:15,2025-04-10T18:14:23,0.4,"Rain, Overcast",Cloudy skies throughout the day with late afternoon rain.,rain,"VMI0000VVNB,48820099999,48825099999,VVNB,VMM00048825"
cầu giấy,2025-04-11,28,23,25.2,32,23,26,23.2,89.6,0.3,100,4.17,rain,0,0,25.9,18.4,119.5,1005.3,96.3,5.5,195.3,16.9,9,30,2025-04-11T05:41:24,2025-04-11T18:14:42,0.44,"Rain, Overcast",Cloudy skies throughout the day with late afternoon rain.,rain,"VMI0000VVNB,48820099999,48825099999,VVNB,VMM00048825"
cầu giấy,2025-04-12,30,23,26,35.2,23,27.6,22.2,80.5,0.1,100,4.17,rain,0,0,51.5,25.9,20.7,1008.3,74.8,6.5,238.3,20.6,9,60,2025-04-12T05:40:34,2025-04-12T18:15:01,0.47,"Rain, Partially cloudy",Partly cloudy throughout the day with late afternoon rain.,rain,"VMI0000VVNB,48820099999,48825099999,VVNB,VMM00048825"
cầu giấy,2025-04-13,27,20.6,23.1,26.5,20.6,23.1,14.5,60.5,1.9,100,4.17,rain,0,0,40.3,18.4,308.9,1017,35.2,9.9,248.5,21.4,9,10,2025-04-13T05:39:44,2025-04-13T18:15:21,0.5,"Rain, Partially cloudy",Partly cloudy throughout the day with late afternoon rain.,rain,"VMI0000VVNB,48820099999,48825099999,VVNB,VMM00048825"
cầu giấy,2025-04-14,29,20,24.2,28.6,20,24.1,14.9,57.8,0.2,100,8.33,rain,0,0,15.8,11.2,272.3,1014.6,24.7,9.7,167.6,14.5,6,10,2025-04-14T05:38:54,2025-04-14T18:15:40,0.54,"Rain, Partially cloudy",Partly cloudy throughout the day with rain clearing later.,rain,"VMI0000VVNB,48820099999,48825099999,VVNB,VMM00048825"
cầu giấy,2025-04-15,33.2,19,25.8,32.3,19,25.6,15.6,58.4,0,0,0,,0,0,21.2,18.4,149.7,1012.2,11.7,10.9,297.6,25.7,9,10,2025-04-15T05:38:06,2025-04-15T18:16:00,0.57,Clear,Clear conditions throughout the day.,clear-day,"VMI0000VVNB,48820099999,48825099999,VVNB,VMM00048825"
cầu giấy,2025-04-16,32,20,25.6,31.6,20,25.5,16.6,60.9,0,0,0,,0,0,33.5,24.1,105.1,1008.9,17.6,10.7,277.9,24.1,9,10,2025-04-16T05:37:17,2025-04-16T18:16:20,0.61,Clear,Clear conditions throughout the day.,clear-day,"VMI0000VVNB,48820099999,48825099999,VVNB,VMM00048825"
cầu giấy,2025-04-17,29.1,23,25.4,33.3,23,26.3,22.2,82.4,0.3,100,4.17,rain,0,0,29.2,20.5,117.3,1006.4,85.5,8.6,266.4,22.9,9,30,2025-04-17T05:36:29,2025-04-17T18:16:40,0.64,"Rain, Partially cloudy",Partly cloudy throughout the day with afternoon rain.,rain,"VMI0000VVNB,48820099999,48825099999,VVNB,VMM00048825"
cầu giấy,2025-04-18,32,24,27,38.9,24,29.3,23.9,83.9,0.1,100,4.17,rain,0,0,31,18.4,108.5,1005.3,85,7.1,184.4,16,8,60,2025-04-18T05:35:42,2025-04-18T18:17:00,0.68,"Rain, Partially cloudy",Partly cloudy throughout the day with late afternoon rain.,rain,"VMI0000VVNB,48820099999,48825099999,VVNB,VMM00048825"
cầu giấy,2025-04-19,34.5,25,28.3,43.6,25,31.9,24.6,81.8,0.1,100,4.17,rain,0,0,31,22.3,95.2,1005.4,54.9,8.1,253.4,21.9,9,60,2025-04-19T05:34:55,2025-04-19T18:17:21,0.71,"Rain, Partially cloudy",Partly cloudy throughout the day with late afternoon rain.,rain,"VMI0000VVNB,48820099999,48825099999,VVNB,VMM00048825"
cầu giấy,2025-04-20,34.5,25,28.6,43.6,25,32.2,24.6,80.2,0.2,100,4.17,rain,0,0,32.4,27.7,108.4,1006.6,59.1,10,247.3,21.3,9,60,2025-04-20T05:34:09,2025-04-20T18:17:42,0.74,"Rain, Partially cloudy",Partly cloudy throughout the day with late afternoon rain.,rain,"VMI0000VVNB,48820099999,48825099999,VVNB,VMM00048825"
cầu giấy,2025-04-21,31,24.3,26.7,37.8,24.3,28.4,24.1,85.9,10.8,100,4.17,rain,0,0,35.6,22.3,119.5,1008.8,81.7,9.1,244.1,21.3,8,75,2025-04-21T05:33:24,2025-04-21T18:18:03,0.75,"Rain, Partially cloudy",Partly cloudy throughout the day with late afternoon rain.,rain,"VMI0000VVNB,48820099999,48825099999,VVNB,VMM00048825"
cầu giấy,2025-04-22,31,25,27.4,39.2,25,30.8,24.8,86.3,0,0,0,,0,0,29.9,18.4,115.1,1007.7,91.6,6.7,259,22.5,9,60,2025-04-22T05:32:39,2025-04-22T18:18:24,0.81,Overcast,Cloudy skies throughout the day.,cloudy,"VMI0000VVNB,48820099999,48825099999,VVNB,VMM00048825"
cầu giấy,2025-04-23,34,25,28.3,43.6,25,32,24.7,81.7,15,100,16.67,rain,0,0,24.8,24.1,107.4,1005.7,64.7,8.1,270.1,23.2,10,75,2025-04-23T05:31:55,2025-04-23T18:18:45,0.84,"Rain, Partially cloudy",Partly cloudy throughout the day with rain.,rain,"VMI0000VVNB,48820099999,48825099999,VVNB,VMM00048825"
cầu giấy,2025-04-24,31,26,27.7,38.2,26,30.9,24.7,83.9,0.1,100,4.17,rain,0,0,23.8,18.4,97.3,1006.4,84.5,9.2,172.7,15,7,75,2025-04-24T05:31:11,2025-04-24T18:19:07,0.88,"Rain, Partially cloudy",Partly cloudy throughout the day with late afternoon rain.,rain,"VMI0000VVNB,48820099999,48825099999,VVNB,VMM00048825"
cầu giấy,2025-04-25,29,22,25.8,32,22,26.9,22,80.1,18.5,100,4.17,rain,0,0,31.3,18.4,33.7,1010.3,88.9,9.6,114.8,9.9,5,10,2025-04-25T05:30:29,2025-04-25T18:19:28,0.91,"Rain, Partially cloudy",Partly cloudy throughout the day with late afternoon rain.,rain,"VMI0000VVNB,48820099999,48825099999,VVNB,VMM00048825"
cầu giấy,2025-04-26,28.1,24,26.2,32.2,24,27.4,23.2,83.6,0.3,100,12.5,rain,0,0,29.9,22.3,128.2,1010.6,98.2,9,89.1,7.6,3,30,2025-04-26T05:29:47,2025-04-26T18:19:50,0.95,"Rain, Overcast",Cloudy skies throughout the day with rain in the morning and afternoon.,rain,"VMI0000VVNB,48820099999,48825099999,VVNB,VMM00048825"
cầu giấy,2025-04-27,31,25,27.4,38,25,30.4,24.9,86.9,0.2,100,4.17,rain,0,0,28.1,22.3,120.6,1010,93.6,7.9,154.5,13.3,5,60,2025-04-27T05:29:05,2025-04-27T18:20:13,0.98,"Rain, Overcast",Cloudy skies throughout the day with late afternoon rain.,rain,"VMI0000VVNB,48820099999,48825099999,VVNB,VMM00048825"
cầu giấy,2025-04-28,28,23,25.5,30.7,23,25.8,23.4,88.5,6.6,100,4.17,rain,0,0,29.5,25.9,5.2,1011.7,72.5,8.8,37.9,3.1,2,30,2025-04-28T05:28:25,2025-04-28T18:20:35,0,"Rain, Partially cloudy",Partly cloudy throughout the day with late afternoon rain.,rain,"VMI0000VVNB,48820099999,48825099999,VVNB,VMM00048825"
cầu giấy,2025-04-29,28.7,24,25.6,32,24,26.2,23.1,86.4,0.1,100,4.17,rain,0,0,18.7,22.3,306.7,1012.2,56.5,7.9,206.9,17.8,7,10,2025-04-29T05:27:45,2025-04-29T18:20:58,0.05,"Rain, Partially cloudy",Partly cloudy throughout the day with late afternoon rain.,rain,"VMI0000VVNB,48820099999,48823099999,48825099999,VMM00048823,VVNB,VMM00048825"
cầu giấy,2025-04-30,31.3,25,27.3,37.3,25,29.8,24.3,84.5,0.4,100,4.17,rain,0,0,28.4,13,112.4,1011.2,69.6,7,216.8,18.7,8,30,2025-04-30T05:27:07,2025-04-30T18:21:21,0.08,"Rain, Partially cloudy",Partly cloudy throughout the day with late afternoon rain.,rain,"VMI0000VVNB,48820099999,48823099999,48825099999,VMM00048823,VVNB,VMM00048825"
cầu giấy,2025-05-01,30,22,25.8,33.3,22,26.9,22.8,84.2,35.4,100,4.17,rain,0,0,23.4,27.7,319,1013.5,49.4,9,137.1,11.9,5,10,2025-05-01T05:26:29,2025-05-01T18:21:44,0.11,"Rain, Partially cloudy",Partly cloudy throughout the day with late afternoon rain.,rain,"VMI0000VVNB,48820099999,48825099999,VVNB,VMM00048825"
cầu giấy,2025-05-02,33,23,27.8,36,23,29.9,22.3,74.1,0,0,0,,0,0,22.7,16.6,144.4,1010.2,10,10.9,279.5,24.2,10,10,2025-05-02T05:25:51,2025-05-02T18:22:07,0.15,Clear,Clear conditions throughout the day.,clear-day,"VMI0000VVNB,48820099999,48823099999,48825099999,VVNB,VMM00048825"
cầu giấy,2025-05-03,33,25,28.2,40.6,25,31.9,24.5,81,0,0,0,,0,0,26.6,25.9,125.7,1007.3,57.7,9.1,230.3,19.7,8,60,2025-05-03T05:25:15,2025-05-03T18:22:31,0.18,Partially cloudy,Partly cloudy throughout the day.,partly-cloudy-day,"VMI0000VVNB,48820099999,48825099999,VVNB,VMM00048825"
cầu giấy,2025-05-04,33,26,28.6,42.2,26,33.4,24.9,81,1.6,100,4.17,rain,0,0,29.2,18.4,125.2,1005.4,64.6,9.5,266,23,9,75,2025-05-04T05:24:40,2025-05-04T18:22:55,0.25,"Rain, Partially cloudy",Partly cloudy throughout the day with late afternoon rain.,rain,"VMI0000VVNB,48820099999,48825099999,VVNB,VMM00048825"
cầu giấy,2025-05-05,35,24,29.5,45.2,24,34.6,25.5,80.9,0,0,0,rain,0,0,27.7,24.1,108.4,1004.6,50,8.4,274.7,23.6,10,100,2025-05-05T05:24:05,2025-05-05T18:23:19,0.25,Partially cloudy,Partly cloudy throughout the day.,partly-cloudy-day,"VMI0000VVNB,48820099999,48823099999,48825099999,VVNB,VMM00048825"
cầu giấy,2025-05-06,33.1,26,29.4,42.8,26,35.5,26,82.7,0.3,100,8.33,rain,0,0,25.6,22.3,114.8,1005.1,65.6,9.2,222.5,19.2,8,100,2025-05-06T05:23:32,2025-05-06T18:23:43,0.28,"Rain, Partially cloudy",Partly cloudy throughout the day with rain.,rain,"VMI0000VVNB,48820099999,48825099999,VVNB,VMM00048825"
cầu giấy,2025-05-07,34,27,29.9,45.4,31.2,37.5,26.4,82.2,1.2,100,29.17,rain,0,0,26.6,22.3,114,1003.5,82.7,9.8,198.9,17,6,100,2025-05-07T05:22:59,2025-05-07T18:24:07,0.32,"Rain, Partially cloudy",Partly cloudy throughout the day with a chance of rain throughout the day.,rain,"VMI0000VVNB,48820099999,48825099999,VVNB,VMM00048825"
cầu giấy,2025-05-08,36,28,31,50.2,33.6,40.2,26.9,79.8,0,0,0,rain,0,0,29.2,22.3,115.4,1002.3,65.3,10,284.5,24.7,10,100,2025-05-08T05:22:28,2025-05-08T18:24:32,0.35,Partially cloudy,Partly cloudy throughout the day.,partly-cloudy-day,"VMI0000VVNB,48820099999,48825099999,VVNB,VMM00048825"
cầu giấy,2025-05-09,35,28,30.7,45.4,33.6,38,25.8,76.5,2.2,100,12.5,rain,0,0,33.8,18.4,84.6,1004.8,61.8,10,236.6,20.6,8,100,2025-05-09T05:21:57,2025-05-09T18:24:56,0.38,"Rain, Partially cloudy",Partly cloudy throughout the day with rain.,rain,"VMI0000VVNB,48820099999,48825099999,VVNB,VMM00048825"
cầu giấy,2025-05-10,30,23.3,27.4,35.1,23.3,30.5,23.9,81.6,4.4,100,4.17,rain,0,0,38.5,20.5,70.4,1008.3,94.1,9.5,180.2,15.5,8,60,2025-05-10T05:21:27,2025-05-10T18:25:21,0.42,"Rain, Overcast",Cloudy skies throughout the day with late afternoon rain.,rain,"VMI0000VVNB,48820099999,48825099999,VVNB,VMM00048825"
cầu giấy,2025-05-11,27,21,23.7,27.7,21,23.7,18.6,74.3,50.3,100,4.17,rain,0,0,41,18.4,3.3,1012.3,47.5,10.8,126.9,11,6,10,2025-05-11T05:20:58,2025-05-11T18:25:46,0.45,"Rain, Partially cloudy",Partly cloudy throughout the day with late afternoon rain.,rain,"VMI0000VVNB,48820099999,48825099999,VVNB,VMM00048825"
cầu giấy,2025-05-12,31,19,25.3,30.3,19,25.3,16.8,62.5,0,0,0,,0,0,22.3,22.3,111.7,1010.4,14.2,11.4,321.5,27.8,10,10,2025-05-12T05:20:31,2025-05-12T18:26:11,0.5,Clear,Clear conditions throughout the day.,clear-day,"VMI0000VVNB,48820099999,48825099999,VVNB,VMM00048825"
cầu giấy,2025-05-13,31.1,22,26.5,34.1,22,27.8,20.4,70.8,0,0,0,,0,0,29.5,24.1,118.9,1009.9,23.1,10.7,235.1,20.2,9,10,2025-05-13T05:20:04,2025-05-13T18:26:36,0.52,Partially cloudy,Partly cloudy throughout the day.,partly-cloudy-day,"VMI0000VVNB,48820099999,48825099999,VVNB,VMM00048825"
cầu giấy,2025-05-14,31,25,27.6,37.8,25,30.7,24.3,83.1,0.2,100,8.33,rain,0,0,25.6,14.8,116.9,1010.1,73.9,9.2,193.3,16.9,7,30,2025-05-14T05:19:38,2025-05-14T18:27:02,0.55,"Rain, Partially cloudy",Partly cloudy throughout the day with afternoon rain.,rain,"VMI0000VVNB,48820099999,48825099999,VVNB,VMM00048825"
cầu giấy,2025-05-15,33,25,28,40.7,25,31.4,25,84.7,3.6,100,29.17,rain,0,0,23.8,18.4,121.6,1009.5,68.9,9.3,138.2,11.9,6,30,2025-05-15T05:19:14,2025-05-15T18:27:27,0.59,"Rain, Partially cloudy",Partly cloudy throughout the day with rain in the morning and afternoon.,rain,"VMI0000VVNB,48820099999,48823099999,48825099999,VMM00048823,VVNB,VMM00048825"
cầu giấy,2025-05-16,32,25,28.1,40.7,25,32.3,25.2,85,0.2,100,4.17,rain,0,0,21.2,18.4,135.4,1008.4,76.7,9.3,109.5,9.5,4,60,2025-05-16T05:18:50,2025-05-16T18:27:53,0.62,"Rain, Partially cloudy",Partly cloudy throughout the day with late afternoon rain.,rain,"VMI0000VVNB,48820099999,48825099999,VVNB,VMM00048825"
cầu giấy,2025-05-17,34,24,28,45.4,24,32.2,25.3,86.3,10.2,100,4.17,rain,0,0,25.9,22.3,128.4,1008.2,71.7,9.3,124.3,10.7,7,30,2025-05-17T05:18:27,2025-05-17T18:28:18,0.66,"Rain, Partially cloudy",Partly cloudy throughout the day with late afternoon rain.,rain,"VMI0000VVNB,48820099999,48825099999,VVNB,VMM00048825"
cầu giấy,2025-05-18,34,25.5,28.8,43.6,25.5,33.2,25.2,81.8,5,100,4.17,rain,0,0,26.3,14.8,119.1,1007.8,58.3,10,146.4,12.6,6,30,2025-05-18T05:18:06,2025-05-18T18:28:44,0.69,"Rain, Partially cloudy",Partly cloudy throughout the day with late afternoon rain.,rain,"VMI0000VVNB,48820099999,48825099999,VVNB,VMM00048825"
cầu giấy,2025-05-19,31.5,24,27.5,39.2,24,31.6,25.1,87,1.2,100,4.17,rain,0,0,25.2,18.4,105.9,1007,86.8,9.5,141.4,12.1,5,60,2025-05-19T05:17:46,2025-05-19T18:29:09,0.73,"Rain, Partially cloudy",Partly cloudy throughout the day with late afternoon rain.,rain,"VMI0000VVNB,48820099999,48825099999,VVNB,VMM00048825"
cầu giấy,2025-05-20,35,27,29.4,45.4,31.2,36.4,26.4,84.5,11.2,100,4.17,rain,0,0,32,22.3,123.5,1004.9,70.8,8.9,239.6,20.7,9,75,2025-05-20T05:17:26,2025-05-20T18:29:35,0.75,"Rain, Partially cloudy",Partly cloudy throughout the day with late afternoon rain.,rain,"VMI0000VVNB,48820099999,48825099999,VVNB,VMM00048825"
cầu giấy,2025-05-21,33.5,26.9,29.3,45.8,30.1,36.4,26.3,84.3,37,100,4.17,rain,0,0,30.6,27.7,120.4,1005.2,56.5,9.5,255.3,22,8,75,2025-05-21T05:17:08,2025-05-21T18:30:01,0.79,"Rain, Partially cloudy",Partly cloudy throughout the day with late afternoon rain.,rain,"VMI0000VVNB,48820099999,48825099999,VVNB,VMM00048825"
cầu giấy,2025-05-22,33.3,26,29.5,43.9,26,36,25.8,80.9,0.2,100,8.33,rain,0,0,27,22.3,122,1004.3,55.6,9.9,199.4,17.2,7,60,2025-05-22T05:16:51,2025-05-22T18:30:26,0.83,"Rain, Partially cloudy",Partly cloudy throughout the day with rain.,rain,"VMI0000VVNB,48820099999,48825099999,VVNB,VMM00048825"
cầu giấy,2025-05-23,29,24,26.5,36.9,24,29.3,25.3,92.9,41,100,4.17,rain,0,0,22,16.3,86.4,1005.6,74,9.5,112.9,9.8,5,60,2025-05-23T05:16:35,2025-05-23T18:30:52,0.86,"Rain, Partially cloudy",Partly cloudy throughout the day with afternoon rain.,rain,"VMI0000VVNB,48820099999,48823099999,48825099999,VMM00048823,VVNB,VMM00048825"
cầu giấy,2025-05-24,26.1,22,24.5,26.1,22,24.5,22.3,87.9,45,100,12.5,rain,0,0,33.1,16.6,355.8,1010.6,90.5,9.1,65.6,5.6,3,10,2025-05-24T05:16:20,2025-05-24T18:31:17,0.9,"Rain, Overcast",Cloudy skies throughout the day with rain.,rain,"VMI0000VVNB,48820099999,48825099999,VVNB,VMM00048825"
cầu giấy,2025-05-25,26,20,23.4,26,20,23.4,19.3,78.6,7.7,100,4.17,rain,0,0,29.9,24.1,4.1,1014.7,77.3,9.3,68.8,6,2,10,2025-05-25T05:16:06,2025-05-25T18:31:43,0.93,"Rain, Partially cloudy",Partly cloudy throughout the day with late afternoon rain.,rain,"VMI0000VVNB,48820099999,48825099999,VVNB,VMM00048825"
cầu giấy,2025-05-26,27.3,22,24.9,28.5,22,25.2,18.8,69,0,0,0,,0,0,22.7,13,22.3,1014.2,56.4,10,135.9,11.7,6,10,2025-05-26T05:15:53,2025-05-26T18:32:08,0.97,Partially cloudy,Partly cloudy throughout the day.,partly-cloudy-day,"VMI0000VVNB,48820099999,48825099999,VVNB,VMM00048825"
cầu giấy,2025-05-27,26,23,24.4,26,23,24.4,21.5,83.8,7.6,100,37.5,rain,0,0,33.5,9.4,330.4,1011.6,98.3,8.6,44.7,3.9,2,10,2025-05-27T05:15:41,2025-05-27T18:32:33,0,"Rain, Overcast",Cloudy skies throughout the day with a chance of rain throughout the day.,rain,"VMI0000VVNB,48820099999,48823099999,48825099999,VMM00048823,VVNB,VMM00048825"
cầu giấy,2025-05-28,32,23,27.1,38,23,30.1,23.9,84.1,1.3,100,4.17,rain,0,0,24.1,20.5,134.5,1007.8,75.9,7.8,204.7,17.6,7,30,2025-05-28T05:15:30,2025-05-28T18:32:58,0.04,"Rain, Partially cloudy",Partly cloudy throughout the day with late afternoon rain.,rain,"VMI0000VVNB,48820099999,48825099999,VVNB,VMM00048825"
cầu giấy,2025-05-29,30.4,24.7,26.8,37.9,24.7,28.9,24.5,87.3,3.8,100,4.17,rain,0,0,32,24.1,47.4,1007.2,87.9,8.4,108.9,9.5,4,10,2025-05-29T05:15:21,2025-05-29T18:33:23,0.07,"Rain, Partially cloudy",Partly cloudy throughout the day with late afternoon rain.,rain,"VMI0000VVNB,48820099999,48825099999,VVNB,VMM00048825"
cầu giấy,2025-05-30,30.9,23,26.6,38.3,23,29.4,24,86.6,6.3,100,4.17,rain,0,0,19.1,16.6,89.3,1007.3,88,9.7,79,6.9,3,30,2025-05-30T05:15:12,2025-05-30T18:33:47,0.1,"Rain, Partially cloudy",Partly cloudy throughout the day with late afternoon rain.,rain,"VMI0000VVNB,48820099999,48825099999,VVNB,VMM00048825"
cầu giấy,2025-05-31,35,26,29.6,45.7,26,35.8,26.1,82.7,0,0,0,rain,0,0,31,22.3,123.7,1003.8,74,10.2,239.9,20.6,8,60,2025-05-31T05:15:05,2025-05-31T18:34:12,0.13,Partially cloudy,Partly cloudy throughout the day.,partly-cloudy-day,"VMI0000VVNB,48820099999,48825099999,VVNB,VMM00048825"
cầu giấy,2025-06-01,39.5,27,33,47.3,31.2,40.2,25.3,67.5,0,0,0,,0,0,36.7,25.9,239.7,999.4,14.5,12.1,301.9,26.1,9,60,2025-06-01T05:14:59,2025-06-01T18:34:36,0.17,Clear,Clear conditions throughout the day.,clear-day,"VMI0000VVNB,48820099999,48825099999,VVNB,VMM00048825"
cầu giấy,2025-06-02,39,31,34.6,49,36.6,42.8,25,58.3,2,100,12.5,rain,0,0,29.5,20.5,269.2,999,19,11.6,295.7,25.5,9,60,2025-06-02T05:14:53,2025-06-02T18:35:00,0.2,Rain,Clear conditions throughout the day with late afternoon rain.,rain,"VMI0000VVNB,48820099999,48825099999,VVNB,VMM00048825"
cầu giấy,2025-06-03,33.3,26.6,30.3,42.7,26.6,36.5,25,74,15.1,100,4.17,rain,0,0,29.5,16.6,64.5,1003.2,62.9,10,157.6,13.6,6,30,2025-06-03T05:14:49,2025-06-03T18:35:23,0.25,"Rain, Partially cloudy",Partly cloudy throughout the day with late afternoon rain.,rain,"VMI0000VVNB,48820099999,48825099999,VVNB,VMM00048825"
cầu giấy,2025-06-04,32,26,28.7,39.2,26,33.5,25.2,81.9,10.9,100,4.17,rain,0,0,20.2,13,53.2,1006.2,70.6,9.6,168.5,14.6,6,30,2025-06-04T05:14:46,2025-06-04T18:35:46,0.27,"Rain, Partially cloudy",Partly cloudy throughout the day with late afternoon rain.,rain,"VMI0000VVNB,48820099999,48825099999,VVNB,VMM00048825"
cầu giấy,2025-06-05,34.3,26,29.7,45.5,26,36.1,26,81.3,2.5,100,20.83,rain,0,0,24.1,22.3,159.4,1006.6,55,9.6,198.1,17.1,8,30,2025-06-05T05:14:44,2025-06-05T18:36:09,0.3,"Rain, Partially cloudy",Partly cloudy throughout the day with rain.,rain,"VMI0000VVNB,48820099999,48825099999,VVNB,VMM00048825"
cầu giấy,2025-06-06,34.8,28,30.5,47.4,33.6,39.1,26.8,81.3,1.3,100,12.5,rain,0,0,28.1,20.5,118.4,1005.6,53.4,10,233.6,20.1,8,60,2025-06-06T05:14:43,2025-06-06T18:36:31,0.33,"Rain, Partially cloudy",Partly cloudy throughout the day with rain in the morning and afternoon.,rain,"VMI0000VVNB,48820099999,48825099999,VVNB,VMM00048825"
cầu giấy,2025-06-07,34.5,27,29.8,47.4,30.6,38.1,26.9,84.8,18.8,100,4.17,rain,0,0,22,18.4,113.3,1004.6,70.9,10,237.4,20.5,7,75,2025-06-07T05:14:43,2025-06-07T18:36:53,0.36,"Rain, Partially cloudy",Partly cloudy throughout the day with late afternoon rain.,rain,"VMI0000VVNB,48820099999,48825099999,VVNB,VMM00048825"
cầu giấy,2025-06-08,34,26,28.6,47.4,26,34.4,26.2,87.7,0.411,100,4.17,rain,0,0,19.8,16.6,100.4,1003.8,69.9,9.5,184.5,16,6,60,2025-06-08T05:14:44,2025-06-08T18:37:15,0.4,"Rain, Partially cloudy",Partly cloudy throughout the day with late afternoon rain.,rain,"VMI0000VVNB,48820099999,48823099999,48825099999,48831099999,VMM00048831,VVNB,VMM00048825"
cầu giấy,2025-06-09,33,25,29.2,42.2,25,33.9,25,79.1,0.2,100,4.17,rain,0,0,25.9,11.2,261.7,1004,53.9,9.9,107.7,9.4,4,60,2025-06-09T05:14:46,2025-06-09T18:37:36,0.43,"Rain, Partially cloudy",Partly cloudy throughout the day with late afternoon rain.,rain,"VMI0000VVNB,48820099999,48823099999,48825099999,VMM00048823,VVNB,VMM00048825"
cầu giấy,2025-06-10,29.5,26,27.7,36.3,26,31.3,24.6,83.6,26.5,100,50,rain,0,0,33.8,25.9,317,1005,68.9,10.1,73.2,6.4,3,30,2025-06-10T05:14:48,2025-06-10T18:37:56,0.46,"Rain, Partially cloudy",Partly cloudy throughout the day with a chance of rain throughout the day.,rain,"VMI0000VVNB,48820099999,48825099999,VVNB,VMM00048825"
cầu giấy,2025-06-11,33.7,25,28.7,42.2,25,32.7,24.5,78.9,2.2,100,12.5,rain,0,0,33.8,20.5,306,1004.2,30.5,9.8,274.6,23.7,9,30,2025-06-11T05:14:52,2025-06-11T18:38:16,0.5,"Rain, Partially cloudy",Partly cloudy throughout the day with rain.,rain,"VMI0000VVNB,48820099999,48825099999,VVNB,VMM00048825"
cầu giấy,2025-06-12,34.5,26,29.5,43.4,26,34.2,24.9,77.6,9,100,4.17,rain,0,0,35.3,16.6,342.2,1003.1,59.7,9.3,158.7,13.7,5,30,2025-06-12T05:14:57,2025-06-12T18:38:35,0.53,"Rain, Partially cloudy",Partly cloudy throughout the day with late afternoon rain.,rain,"VMI0000VVNB,48820099999,48825099999,VVNB,VMM00048825"
cầu giấy,2025-06-13,34,26.9,30.1,42.2,30.7,35.9,25,75.1,2,100,4.17,rain,0,0,39.2,20.5,347.1,1002.1,38.8,10.6,159.2,13.8,6,30,2025-06-13T05:15:03,2025-06-13T18:38:54,0.57,"Rain, Partially cloudy",Partly cloudy throughout the day with early morning rain.,rain,"VMI0000VVNB,48820099999,48825099999,VVNB,VMM00048825"
cầu giấy,2025-06-14,36,28.7,32.2,44.7,33.6,39.2,24.8,65.7,0,0,0,,0,0,25.9,16.6,34.2,1000.8,22.6,9.8,272,23.6,9,60,2025-06-14T05:15:10,2025-06-14T18:39:12,0.6,Partially cloudy,Clearing in the afternoon.,partly-cloudy-day,"VMI0000VVNB,48820099999,48825099999,VVNB,VMM00048825"
cầu giấy,2025-06-15,37.1,24,30.3,50.2,24,37.5,26.2,80.4,4,100,4.17,rain,0,0,19.4,24.1,64.3,1001.9,35,10,273.3,23.7,8,75,2025-06-15T05:15:17,2025-06-15T18:39:30,0.64,"Rain, Partially cloudy",Partly cloudy throughout the day with late afternoon rain.,rain,"VMI0000VVNB,48820099999,48825099999,VVNB,VMM00048825"
cầu giấy,2025-06-16,30.1,25,26.5,37.5,25,28.5,24.9,91.1,9,100,8.33,rain,0,0,22.7,13,11.9,1004.8,83.2,9.7,130.8,11.2,5,60,2025-06-16T05:15:26,2025-06-16T18:39:47,0.67,"Rain, Partially cloudy",Partly cloudy throughout the day with rain.,rain,"VMI0000VVNB,48820099999,48825099999,VVNB,VMM00048825"
cầu giấy,2025-06-17,34,26,29.1,45.8,26,34.9,26.1,84.9,1.032,100,8.33,rain,0,0,26.3,18.4,136.4,1004.3,63.3,8,161.6,14,4,75,2025-06-17T05:15:35,2025-06-17T18:40:03,0.71,"Rain, Partially cloudy",Partly cloudy throughout the day with rain.,rain,"VMI0000VVNB,48820099999,48823099999,48825099999,VMM00048823,48831099999,VMM00048831,VVNB,VMM00048825"
cầu giấy,2025-06-18,35,27,31,43.6,30.7,38.2,25.7,74.9,2,100,29.17,rain,0,0,30.2,20.5,149,1003.4,33.3,9.9,159.9,13.7,6,60,2025-06-18T05:15:45,2025-06-18T18:40:18,0.74,"Rain, Partially cloudy",Partly cloudy throughout the day with rain.,rain,"VMI0000VVNB,48820099999,48825099999,VVNB,VMM00048825"
cầu giấy,2025-06-19,35,29,31.1,45.4,35.7,39.7,26.5,78.2,0.1,100,4.17,rain,0,0,38.2,18.4,138.4,1002.9,57.5,9.2,234.8,20.3,9,60,2025-06-19T05:15:56,2025-06-19T18:40:33,0.75,"Rain, Partially cloudy",Partly cloudy throughout the day with early morning rain.,rain,"VMI0000VVNB,48820099999,48825099999,VVNB,VMM00048825"
cầu giấy,2025-06-20,35,28,30.3,45,33.6,38.4,26.5,81,1.7,100,16.67,rain,0,0,29.2,18.4,122.2,1003.1,62.8,9.9,172,14.6,7,60,2025-06-20T05:16:08,2025-06-20T18:40:47,0.81,"Rain, Partially cloudy",Partly cloudy throughout the day with rain.,rain,"VMI0000VVNB,48820099999,48825099999,VVNB,VMM00048825"
cầu giấy,2025-06-21,32.1,24,27.7,42.1,24,32.6,26.1,91.2,19.5,100,8.33,rain,0,0,24.1,22.3,106.4,1004.4,81.4,8.8,138.6,11.9,6,30,2025-06-21T05:16:20,2025-06-21T18:41:00,0.85,"Rain, Partially cloudy",Partly cloudy throughout the day with rain in the morning and afternoon.,rain,"VMI0000VVNB,48820099999,48825099999,VVNB,VMM00048825"
