name,datetime,tempmax,tempmin,temp,feelslikemax,feelslikemin,feelslike,dew,humidity,precip,precipprob,precipcover,preciptype,snow,snowdepth,windgust,windspeed,winddir,sealevelpressure,cloudcover,visibility,solarradiation,solarenergy,uvindex,severerisk,sunrise,sunset,moonphase,conditions,description,icon,stations
cầu giấy,2020-01-01,23,19.9,21.1,23,19.9,21.1,17.4,79.9,0.198,100,4.17,rain,0,0,14.8,10.3,136.1,1023.8,83.9,5.7,54.1,4.6,2,,2020-01-01T06:33:45,2020-01-01T17:26:18,0.19,"Rain, Partially cloudy",Partly cloudy throughout the day with afternoon rain.,rain,"48820099999,48823099999,48825099999,48831099999,VVNB"
cầu giấy,2020-01-02,24,19.7,21.6,24,19.7,21.6,18.4,82.5,0.198,100,8.33,rain,0,0,21.6,15.7,92.7,1022.2,70.7,5.3,68.3,6.1,3,,2020-01-02T06:34:04,2020-01-02T17:26:56,0.22,"Rain, Partially cloudy",Partly cloudy throughout the day with rain.,rain,"48820099999,48823099999,48825099999,48831099999,VVNB"
cầu giấy,2020-01-03,25.5,20.3,22.6,25.5,20.3,22.6,18.5,78,0.8,100,33.33,rain,0,0,29.9,19.4,130.2,1020.2,73.2,8.9,94.3,8.1,4,,2020-01-03T06:34:23,2020-01-03T17:27:34,0.25,"Rain, Partially cloudy",Partly cloudy throughout the day with a chance of rain throughout the day.,rain,"48820099999,48823099999,48825099999,48831099999,VVNB"
cầu giấy,2020-01-04,24.5,20,21.4,24.5,20,21.4,19.2,87.3,6.948,100,8.33,rain,0,0,30.2,21.4,102.8,1018.5,67.2,6.7,82.3,7,5,,2020-01-04T06:34:40,2020-01-04T17:28:12,0.29,"Rain, Partially cloudy",Partly cloudy throughout the day with rain in the morning and afternoon.,rain,"48820099999,48823099999,48825099999,48831099999,VVNB"
cầu giấy,2020-01-05,24.5,19,21.3,24.5,19,21.3,19.2,88.1,2.969,100,8.33,rain,0,0,34.9,16.6,128.5,1017.4,69.9,6,112.1,9.7,4,,2020-01-05T06:34:56,2020-01-05T17:28:51,0.32,"Rain, Partially cloudy",Partly cloudy throughout the day with rain.,rain,"48820099999,48823099999,48825099999,48831099999,VVNB"
cầu giấy,2020-01-06,26.5,20,22.6,26.5,20,22.6,19,81.2,0.7,100,16.67,rain,0,0,40.3,23.2,125.5,1016,58.1,7.5,124.4,10.6,5,,2020-01-06T06:35:11,2020-01-06T17:29:30,0.35,"Rain, Partially cloudy",Partly cloudy throughout the day with rain in the morning and afternoon.,rain,"48820099999,48823099999,48825099999,48831099999,VVNB"
cầu giấy,2020-01-07,25.9,20,22.2,25.9,20,22.2,19.9,87.4,2.869,100,8.33,rain,0,0,18.4,13,96.7,1016.2,70.3,5.6,71.8,6.2,3,,2020-01-07T06:35:25,2020-01-07T17:30:09,0.38,"Rain, Partially cloudy",Partly cloudy throughout the day with rain in the morning and afternoon.,rain,"48820099999,48823099999,48825099999,48831099999,VVNB"
cầu giấy,2020-01-08,28,21,23.4,29.2,21,23.6,18.9,77,1.2,100,29.17,rain,0,0,32.4,25,127.2,1016.4,44,8,114,9.7,5,,2020-01-08T06:35:37,2020-01-08T17:30:49,0.42,"Rain, Partially cloudy",Partly cloudy throughout the day with a chance of rain throughout the day.,rain,"48820099999,48823099999,48825099999,48831099999,VVNB"
cầu giấy,2020-01-09,28,21,23.6,28.9,21,23.8,19,76.3,0.001,100,4.17,rain,0,0,32.4,16.6,119.2,1014.7,68.1,8.3,137.5,11.8,5,,2020-01-09T06:35:48,2020-01-09T17:31:29,0.45,"Rain, Partially cloudy",Partly cloudy throughout the day with morning rain.,rain,"48820099999,48823099999,48825099999,48831099999,VVNB"
cầu giấy,2020-01-10,28,21,24,28.6,21,24.2,18.8,74.5,0,0,0,,0,0,33.8,19.4,136.6,1013.1,52.5,8.5,122.4,10.7,5,,2020-01-10T06:35:58,2020-01-10T17:32:09,0.48,Partially cloudy,Partly cloudy throughout the day.,partly-cloudy-day,"48820099999,48823099999,48825099999,48831099999,VVNB"
cầu giấy,2020-01-11,26.7,16.5,21.4,26.7,16.5,21.4,17.6,79.7,1.6,100,37.5,rain,0,0,50.4,26.8,78.6,1014.1,73,7.8,118.2,10.2,5,,2020-01-11T06:36:07,2020-01-11T17:32:49,0.5,"Rain, Partially cloudy",Partly cloudy throughout the day with rain.,rain,"48820099999,48823099999,48825099999,48831099999,VVNB"
cầu giấy,2020-01-12,18.3,14,16.4,18.3,14,16.4,10.6,68.8,0.933,100,4.17,rain,0,0,21.2,19.4,23,1017.7,88.9,10,48.7,4.1,2,,2020-01-12T06:36:14,2020-01-12T17:33:30,0.55,"Rain, Partially cloudy",Partly cloudy throughout the day with morning rain.,rain,"48820099999,48823099999,48825099999,48831099999,remote,VVNB"
cầu giấy,2020-01-13,18.1,15,16.6,18.1,15,16.6,14.3,86.7,0.297,100,4.17,rain,0,0,17.6,10.3,32.8,1015.7,81.5,5,52.5,4.5,2,,2020-01-13T06:36:20,2020-01-13T17:34:11,0.59,"Rain, Partially cloudy",Partly cloudy throughout the day with afternoon rain.,rain,"48820099999,48823099999,48825099999,48831099999,VVNB"
cầu giấy,2020-01-14,22.5,17,19.3,22.5,17,19.3,17.2,87.9,0.297,100,4.17,rain,0,0,25.9,11.1,330,1014.7,75,3.3,66.9,6,2,,2020-01-14T06:36:25,2020-01-14T17:34:51,0.62,"Rain, Partially cloudy",Partly cloudy throughout the day with early morning rain.,rain,"48820099999,48823099999,48825099999,48831099999,VVNB"
cầu giấy,2020-01-15,26,20,22.7,26,20,22.7,19,80.2,0.4,100,16.67,rain,0,0,49,25.9,133.1,1012.9,62.3,8.4,98.3,8.6,4,,2020-01-15T06:36:28,2020-01-15T17:35:32,0.66,"Rain, Partially cloudy",Partly cloudy throughout the day with rain in the morning and afternoon.,rain,"48820099999,48823099999,48825099999,48831099999,VVNB"
cầu giấy,2020-01-16,26.4,18.1,22.8,26.4,18.1,22.8,18.9,78.8,3.4,100,33.33,rain,0,0,38.9,22.3,103.4,1014.9,70.5,9.1,103.7,8.9,5,,2020-01-16T06:36:30,2020-01-16T17:36:13,0.69,"Rain, Partially cloudy",Partly cloudy throughout the day with rain.,rain,"48820099999,48823099999,48825099999,48831099999,VVNB"
cầu giấy,2020-01-17,18.8,14,16.2,18.8,14,16.2,12.3,77.7,0.002,100,4.17,rain,0,0,19.8,22.3,39,1019.1,86.6,8.9,34,3,2,,2020-01-17T06:36:31,2020-01-17T17:36:54,0.75,"Rain, Partially cloudy",Partly cloudy throughout the day with morning rain.,rain,"48820099999,48823099999,48825099999,48831099999,VVNB"
cầu giấy,2020-01-18,23.5,14,15.1,23.5,14,15.1,13.5,91,0.397,100,4.17,rain,0,0,16.2,13,42.8,1017.9,78.1,4.6,39.9,3.4,1,,2020-01-18T06:36:31,2020-01-18T17:37:34,0.76,"Rain, Partially cloudy",Partly cloudy throughout the day with morning rain.,rain,"48820099999,48823099999,48825099999,48831099999,VVNB"
cầu giấy,2020-01-19,16,13.5,14.9,16,13.5,14.9,11.3,79.7,0.303,100,8.33,rain,0,0,22,17.5,22,1020.4,81.6,9.2,38,3.1,1,,2020-01-19T06:36:29,2020-01-19T17:38:15,0.8,"Rain, Partially cloudy",Partly cloudy throughout the day with rain.,rain,"48820099999,48823099999,48825099999,48831099999,VVNB"
cầu giấy,2020-01-20,15.1,13,14.4,15.1,13,14.4,12.6,89.5,0.3,100,12.5,rain,0,0,13.7,10.3,34.3,1020.3,75.1,5.7,45.5,3.9,2,,2020-01-20T06:36:25,2020-01-20T17:38:56,0.83,"Rain, Partially cloudy",Partly cloudy throughout the day with rain clearing later.,rain,"48820099999,48823099999,48825099999,48831099999,VVNB"
cầu giấy,2020-01-21,21.9,15,17.9,21.9,15,17.9,16,88.5,0.099,100,4.17,rain,0,0,27,13.9,96.5,1018.9,76.5,3.1,76.2,6.4,3,,2020-01-21T06:36:21,2020-01-21T17:39:36,0.87,"Rain, Partially cloudy",Partly cloudy throughout the day with afternoon rain.,rain,"48820099999,48823099999,48825099999,48831099999,VVNB"
cầu giấy,2020-01-22,24.1,17.7,20.7,24.1,17.7,20.7,18.3,86.5,0.099,100,4.17,rain,0,0,32,13.9,190.6,1016.1,82,4.7,93.4,8,4,,2020-01-22T06:36:15,2020-01-22T17:40:16,0.9,"Rain, Partially cloudy",Partly cloudy throughout the day with morning rain.,rain,"48820099999,48823099999,48825099999,48831099999,VVNB"
cầu giấy,2020-01-23,27,21,23.4,28.2,21,23.5,20,81.7,0.5,100,20.83,rain,0,0,34.2,22.3,126.5,1014,75.5,7.9,92.8,7.9,4,,2020-01-23T06:36:08,2020-01-23T17:40:56,0.94,"Rain, Partially cloudy",Partly cloudy throughout the day with rain in the morning and afternoon.,rain,"48820099999,48823099999,48825099999,48831099999,VVNB"
cầu giấy,2020-01-24,23,21,21.9,23,21,21.9,20.6,92.3,6.929,100,8.33,rain,0,0,38.5,20.4,105.4,1013.8,75.1,6,48.3,4.2,3,,2020-01-24T06:35:59,2020-01-24T17:41:36,0.98,"Rain, Partially cloudy",Partly cloudy throughout the day with rain.,rain,"48820099999,48823099999,48825099999,48831099999,VVNB"
cầu giấy,2020-01-25,21.6,13.5,17.7,21.6,13.5,17.7,15.3,85.9,58.643,100,16.67,rain,0,0,41,26.8,37.6,1014.1,72.2,8.6,36.4,3.1,3,,2020-01-25T06:35:49,2020-01-25T17:42:16,0,"Rain, Partially cloudy",Partly cloudy throughout the day with a chance of rain throughout the day.,rain,"48820099999,48823099999,48825099999,48831099999,VVNB"
cầu giấy,2020-01-26,19,13,15.8,19,13,15.8,8.7,63.2,8.053,100,4.17,rain,0,0,30.2,23.2,18.3,1018.1,69.3,10,162.9,14.2,7,,2020-01-26T06:35:38,2020-01-26T17:42:55,0.04,"Rain, Partially cloudy",Partly cloudy throughout the day with early morning rain.,rain,"48820099999,48823099999,48825099999,48831099999,VVNB"
cầu giấy,2020-01-27,16.5,13,14.8,16.5,13,14.8,7.1,60.2,0,0,0,,0,0,26.6,16.5,32.4,1016.9,68.5,10,138.8,12.1,6,,2020-01-27T06:35:25,2020-01-27T17:43:34,0.07,Partially cloudy,Partly cloudy throughout the day.,partly-cloudy-day,"48820099999,48823099999,48825099999,48831099999,VVNB"
cầu giấy,2020-01-28,16,14,14.8,16,14,14.8,7.4,61.4,0.01,100,4.17,rain,0,0,24.5,17,23.7,1018.8,94.2,10,120.3,10.4,6,,2020-01-28T06:35:12,2020-01-28T17:44:13,0.11,"Rain, Overcast",Cloudy skies throughout the day with afternoon rain.,rain,"48820099999,48823099999,48825099999,48831099999,VVNB"
cầu giấy,2020-01-29,16.1,14,14.7,16.1,14,14.7,7.5,62.3,0.3,100,8.33,rain,0,0,25.2,14.8,358.9,1022.3,83.1,9.7,99.2,8.6,4,,2020-01-29T06:34:56,2020-01-29T17:44:51,0.14,"Rain, Partially cloudy",Partly cloudy throughout the day with early morning rain.,rain,"48820099999,48823099999,48825099999,48831099999,VVNB"
cầu giấy,2020-01-30,20.4,10.5,15.4,20.4,10.5,15.4,7.3,63.2,0,0,0,,0,0,22.7,12.1,17.1,1021.9,16.5,9.1,193.8,16.7,8,,2020-01-30T06:34:40,2020-01-30T17:45:29,0.17,Clear,Clear conditions throughout the day.,clear-day,"48820099999,48823099999,48825099999,48831099999,VVNB"
cầu giấy,2020-01-31,20.8,11.5,16.5,20.8,11.5,16.5,9.8,66.2,0,0,0,,0,0,23.8,13,115.5,1020.2,35.2,8.7,145.2,12.5,7,,2020-01-31T06:34:22,2020-01-31T17:46:07,0.2,Partially cloudy,Partly cloudy throughout the day.,partly-cloudy-day,"48820099999,48823099999,48825099999,48831099999,VVNB"
cầu giấy,2020-02-01,16.9,14.9,16,16.9,14.9,16,13.1,82.7,0.099,100,4.17,rain,0,0,14.4,9.4,17.5,1018.9,82.5,6.3,43.5,3.6,2,,2020-02-01T06:34:03,2020-02-01T17:46:44,0.24,"Rain, Partially cloudy",Partly cloudy throughout the day with afternoon rain.,rain,"48820099999,48823099999,48825099999,48831099999,VVNB"
cầu giấy,2020-02-02,20,16,17.7,20,16,17.7,15.6,87.9,0.1,100,4.17,rain,0,0,20.9,7.6,22.1,1018.4,84.1,3.3,79,6.8,3,,2020-02-02T06:33:43,2020-02-02T17:47:21,0.25,"Rain, Partially cloudy",Partly cloudy throughout the day with afternoon rain.,rain,"48820099999,48823099999,48825099999,48831099999,VVNB"
cầu giấy,2020-02-03,20.3,15,17.6,20.3,15,17.6,16.4,92.9,0.793,100,8.33,rain,0,0,40.3,24.1,24.1,1017.2,78.9,4.9,47.2,4.1,3,,2020-02-03T06:33:22,2020-02-03T17:47:57,0.3,"Rain, Partially cloudy",Partly cloudy throughout the day with rain in the morning and afternoon.,rain,"48820099999,48823099999,48825099999,48831099999,VVNB"
cầu giấy,2020-02-04,14.5,13.5,14.1,14.5,13.5,14.1,12.6,90.9,4.252,100,12.5,rain,0,0,21.6,17.5,18.8,1019.2,70.5,8.7,26.8,2.2,1,,2020-02-04T06:32:59,2020-02-04T17:48:33,0.33,"Rain, Partially cloudy",Partly cloudy throughout the day with a chance of rain throughout the day.,rain,"48820099999,48823099999,48825099999,48831099999,VVNB"
cầu giấy,2020-02-05,15,14,14.3,15,14,14.3,13.2,93.1,1.592,100,8.33,rain,0,0,15.5,11.2,37.9,1018.2,77.7,7.4,32.8,2.9,1,,2020-02-05T06:32:35,2020-02-05T17:49:09,0.37,"Rain, Partially cloudy",Partly cloudy throughout the day with rain.,rain,"48820099999,48823099999,48825099999,48831099999,VVNB"
cầu giấy,2020-02-06,19.5,15,16.9,19.5,15,16.9,15.4,90.9,0.099,100,4.17,rain,0,0,19.4,10,314.4,1016.2,80.3,4.8,81.8,7.1,3,,2020-02-06T06:32:10,2020-02-06T17:49:44,0.4,"Rain, Partially cloudy",Partly cloudy throughout the day with early morning rain.,rain,"48820099999,48823099999,48825099999,48831099999,VVNB"
cầu giấy,2020-02-07,20,17,18.7,20,17,18.7,17.4,92.4,0.696,100,8.33,rain,0,0,26.6,14.5,327.2,1018.5,83.2,4.6,20.2,1.8,1,,2020-02-07T06:31:44,2020-02-07T17:50:18,0.43,"Rain, Partially cloudy",Partly cloudy throughout the day with rain in the morning and afternoon.,rain,"48820099999,48823099999,48825099999,48831099999,VVNB"
cầu giấy,2020-02-08,19.2,16.5,17.6,19.2,16.5,17.6,15.6,88.3,2.969,100,12.5,rain,0,0,25.9,20.4,44.8,1021.8,82.9,7.8,30.3,2.6,1,,2020-02-08T06:31:17,2020-02-08T17:50:53,0.46,"Rain, Partially cloudy",Partly cloudy throughout the day with rain.,rain,"48820099999,48823099999,48825099999,48831099999,VVNB"
cầu giấy,2020-02-09,16,14,15.1,16,14,15.1,12,82,1.152,100,8.33,rain,0,0,25.9,18.4,28.8,1025.5,80.3,9.1,46.9,3.9,2,,2020-02-09T06:30:48,2020-02-09T17:51:26,0.5,"Rain, Partially cloudy",Partly cloudy throughout the day with rain.,rain,"48820099999,48823099999,48825099999,48831099999,VVNB"
cầu giấy,2020-02-10,18.6,14,16.3,18.6,14,16.3,12.4,78,0.099,100,4.17,rain,0,0,16.9,12.1,65.8,1021.7,77.6,8.3,109,9.3,5,,2020-02-10T06:30:18,2020-02-10T17:52:00,0.53,"Rain, Partially cloudy",Partly cloudy throughout the day with late afternoon rain.,rain,"48820099999,48823099999,48825099999,48831099999,VVNB"
cầu giấy,2020-02-11,23.7,16,18.9,23.7,16,18.9,16.3,85.5,0.1,100,4.17,rain,0,0,23.8,14.8,102.1,1018,80.7,4.7,92,8,4,,2020-02-11T06:29:48,2020-02-11T17:52:32,0.57,"Rain, Partially cloudy",Partly cloudy throughout the day with early morning rain.,rain,"48820099999,48823099999,48825099999,48831099999,VVNB"
cầu giấy,2020-02-12,23.4,18,20.4,23.4,18,20.4,18.4,88.9,0.397,100,12.5,rain,0,0,19.1,12.9,125.2,1015.1,78.3,4,68.6,5.9,3,,2020-02-12T06:29:16,2020-02-12T17:53:04,0.6,"Rain, Partially cloudy",Partly cloudy throughout the day with a chance of rain throughout the day.,rain,"48820099999,48823099999,48825099999,48831099999,VVNB"
cầu giấy,2020-02-13,22.5,20,21.2,22.5,20,21.2,20.3,94.6,3.07,100,8.33,rain,0,0,29.5,14.8,107.6,1011.1,92.7,2.9,78.8,6.9,4,,2020-02-13T06:28:43,2020-02-13T17:53:36,0.64,"Rain, Overcast",Cloudy skies throughout the day with rain.,rain,"48820099999,48823099999,48825099999,48831099999,VVNB"
cầu giấy,2020-02-14,26.8,22,23.5,29,22,23.6,21.7,90.1,0.7,100,8.33,rain,0,0,24.5,22.3,103.2,1007.6,88.1,5.4,162.4,14.1,6,,2020-02-14T06:28:09,2020-02-14T17:54:07,0.67,"Rain, Partially cloudy",Partly cloudy throughout the day with rain.,rain,"48820099999,48823099999,48825099999,48831099999,VVNB"
cầu giấy,2020-02-15,28.5,23,24.9,31.1,23,25.4,22,84.9,0.002,100,4.17,rain,0,0,53.6,19.4,99.6,1009.4,68.6,7.2,133.1,11.5,6,,2020-02-15T06:27:34,2020-02-15T17:54:38,0.71,"Rain, Partially cloudy",Partly cloudy throughout the day with afternoon rain.,rain,"48820099999,48823099999,48825099999,48831099999,VVNB"
cầu giấy,2020-02-16,22,17,18.9,22,17,18.9,8,49.8,0.23,100,8.33,rain,0,0,40.3,28.6,26,1020.9,63.5,10,162,14.1,6,,2020-02-16T06:26:58,2020-02-16T17:55:09,0.75,"Rain, Partially cloudy",Partly cloudy throughout the day with rain clearing later.,rain,"48820099999,48823099999,48825099999,48831099999,VVNB"
cầu giấy,2020-02-17,20.5,16,17.6,20.5,16,17.6,5.8,46.3,0,0,0,,0,0,28.8,18.6,38.8,1026.1,75.4,10,149.1,13,6,,2020-02-17T06:26:22,2020-02-17T17:55:38,0.78,Partially cloudy,Partly cloudy throughout the day.,partly-cloudy-day,"48820099999,48823099999,48825099999,48831099999,VVNB"
cầu giấy,2020-02-18,21.1,15,17.8,21.1,15,17.8,5.5,46.1,0,0,0,,0,0,19.1,16.6,84.9,1024.8,59.6,10.1,177.7,15.4,8,,2020-02-18T06:25:44,2020-02-18T17:56:08,0.81,Partially cloudy,Clearing in the afternoon.,partly-cloudy-day,"48820099999,48823099999,48825099999,48831099999,VVNB"
cầu giấy,2020-02-19,21.9,15,18.2,21.9,15,18.2,11.1,64.3,0,0,0,,0,0,16.9,10.3,62.2,1022.3,72.5,9.2,156,13.5,5,,2020-02-19T06:25:05,2020-02-19T17:56:36,0.85,Partially cloudy,Partly cloudy throughout the day.,partly-cloudy-day,"48820099999,48823099999,48825099999,48831099999,VVNB"
cầu giấy,2020-02-20,19.8,17.7,18.5,19.8,17.7,18.5,16,85.3,0.099,100,4.17,rain,0,0,16.2,12.1,304.1,1022.1,76,3.8,70.6,6,3,,2020-02-20T06:24:26,2020-02-20T17:57:05,0.88,"Rain, Partially cloudy",Partly cloudy throughout the day with late afternoon rain.,rain,"48820099999,48823099999,48825099999,48831099999,VVNB"
cầu giấy,2020-02-21,22.5,17,19.2,22.5,17,19.2,16.8,86.7,0.099,100,4.17,rain,0,0,30.2,13.9,288.3,1025,57.4,2.8,86.4,7.4,5,,2020-02-21T06:23:45,2020-02-21T17:57:32,0.91,"Rain, Partially cloudy",Partly cloudy throughout the day with early morning rain.,rain,"48820099999,48823099999,48825099999,48831099999,VVNB"
cầu giấy,2020-02-22,24.1,17,19.7,24.1,17,19.7,17.1,86,0.1,100,4.17,rain,0,0,22,11.1,290.5,1025.5,56.4,3.6,176.5,15.4,7,,2020-02-22T06:23:04,2020-02-22T17:58:00,0.95,"Rain, Partially cloudy",Partly cloudy throughout the day with afternoon rain.,rain,"48820099999,48823099999,48825099999,48831099999,VVNB"
cầu giấy,2020-02-23,25.5,15.5,20.4,25.5,15.5,20.4,16.1,78.5,0,0,0,,0,0,28.1,13,125.9,1022.6,36.2,6.1,198.4,17.1,8,,2020-02-23T06:22:22,2020-02-23T17:58:27,0,Partially cloudy,Partly cloudy throughout the day.,partly-cloudy-day,"48820099999,48823099999,48825099999,48831099999,VVNB"
cầu giấy,2020-02-24,26.1,17.5,21.8,26.1,17.5,21.8,17.1,77,0,0,0,,0,0,31.7,18.6,121.8,1018.3,36.4,7.6,162.8,14,6,,2020-02-24T06:21:39,2020-02-24T17:58:53,0.02,Partially cloudy,Partly cloudy throughout the day.,partly-cloudy-day,"48820099999,48823099999,48825099999,48831099999,VVNB"
cầu giấy,2020-02-25,26,18.5,22,26,18.5,22,18.2,80.7,0,0,0,,0,0,29.2,14.8,119.7,1016.5,55.9,7.4,133.3,11.5,5,,2020-02-25T06:20:55,2020-02-25T17:59:19,0.05,Partially cloudy,Partly cloudy throughout the day.,partly-cloudy-day,"48820099999,48823099999,48825099999,48831099999,VVNB"
cầu giấy,2020-02-26,27,18.5,22.4,28,18.5,22.5,18.2,78.6,0.1,100,4.17,rain,0,0,22,14.8,108.5,1016.9,49.1,7,126.4,10.9,5,,2020-02-26T06:20:11,2020-02-26T17:59:45,0.08,"Rain, Partially cloudy",Partly cloudy throughout the day with afternoon rain.,rain,"48820099999,48823099999,48825099999,48831099999,VVNB"
cầu giấy,2020-02-27,28,20,23.9,29,20,24.1,18.2,71.5,0.6,100,12.5,rain,0,0,25.9,16.6,124.8,1016.8,55.9,9.5,137.2,11.8,6,,2020-02-27T06:19:25,2020-02-27T18:00:10,0.12,"Rain, Partially cloudy",Partly cloudy throughout the day with afternoon rain.,rain,"48820099999,48823099999,48825099999,48831099999,VVNB"
cầu giấy,2020-02-28,27,21,23.8,28.2,21,23.9,18.8,74.2,0.099,100,4.17,rain,0,0,32,17.5,131.6,1015.2,53.7,9.5,136,11.8,5,,2020-02-28T06:18:40,2020-02-28T18:00:35,0.15,"Rain, Partially cloudy",Partly cloudy throughout the day with afternoon rain.,rain,"48820099999,48823099999,48825099999,48831099999,VVNB"
cầu giấy,2020-02-29,27.1,21,23.7,28.2,21,23.9,19.4,77.9,1,100,25,rain,0,0,26.6,16.6,127.2,1012.9,57.7,8.7,108.2,9.3,4,,2020-02-29T06:17:53,2020-02-29T18:00:59,0.18,"Rain, Partially cloudy",Partly cloudy throughout the day with a chance of rain throughout the day.,rain,"48820099999,48823099999,48825099999,48831099999,VVNB"
cầu giấy,2020-03-01,27.2,22,24,29.1,22,24.2,20.6,81.9,0.3,100,12.5,rain,0,0,28.1,20.4,116.6,1012.6,73.6,8,120.8,10.5,4,,2020-03-01T06:17:06,2020-03-01T18:01:23,0.22,"Rain, Partially cloudy",Partly cloudy throughout the day with rain in the morning and afternoon.,rain,"48820099999,48823099999,48825099999,48831099999,VVNB"
cầu giấy,2020-03-02,25.5,21.8,23.5,25.5,21.8,23.5,20.5,83.6,0.198,100,4.17,rain,0,0,37.4,20.6,125.8,1013.2,81.1,9.3,105.8,9.1,5,,2020-03-02T06:16:18,2020-03-02T18:01:46,0.25,"Rain, Partially cloudy",Partly cloudy throughout the day with late afternoon rain.,rain,"48820099999,48823099999,48825099999,48831099999,VVNB"
cầu giấy,2020-03-03,26.3,20.5,22.6,26.3,20.5,22.6,20.6,89.1,98.181,100,16.67,rain,0,0,34.6,21.3,113,1013.5,73.2,8.1,64.8,5.6,2,,2020-03-03T06:15:30,2020-03-03T18:02:09,0.25,"Rain, Partially cloudy",Partly cloudy throughout the day with a chance of rain throughout the day.,rain,"48820099999,48823099999,48825099999,48831099999,VVNB"
cầu giấy,2020-03-04,23,17,19.1,23,17,19.1,16.9,87.2,19.317,100,16.67,rain,0,0,41.8,31.7,38.2,1016.7,75.3,9.2,48.9,4.2,3,,2020-03-04T06:14:41,2020-03-04T18:02:32,0.32,"Rain, Partially cloudy",Partly cloudy throughout the day with a chance of rain throughout the day.,rain,"48820099999,48823099999,48825099999,48831099999,VVNB"
cầu giấy,2020-03-05,18,15,16.7,18,15,16.7,13.9,83.9,0.502,100,8.33,rain,0,0,18.4,17.5,36.9,1018.6,80.5,9.8,34.2,3.2,2,,2020-03-05T06:13:52,2020-03-05T18:02:54,0.35,"Rain, Partially cloudy",Partly cloudy throughout the day with rain.,rain,"48820099999,48823099999,48825099999,48831099999,VVNB"
cầu giấy,2020-03-06,23.3,16,19.6,23.3,16,19.6,16.4,82.7,0.101,100,4.17,rain,0,0,23.8,15.7,95.6,1014.5,82.2,6.7,141.6,12.2,7,,2020-03-06T06:13:02,2020-03-06T18:03:16,0.38,"Rain, Partially cloudy",Partly cloudy throughout the day with early morning rain.,rain,"48820099999,48823099999,48825099999,48831099999,VVNB"
cầu giấy,2020-03-07,24,19,21.6,24,19,21.6,18.8,84.4,0.199,100,8.33,rain,0,0,23.8,12.1,118.1,1010.9,82.3,5.7,175.2,15.2,7,,2020-03-07T06:12:11,2020-03-07T18:03:38,0.42,"Rain, Partially cloudy",Partly cloudy throughout the day with rain in the morning and afternoon.,rain,"48820099999,48823099999,48825099999,48831099999,VVNB"
cầu giấy,2020-03-08,29.5,21,24.5,32.7,21,25.2,21,82.3,0.099,100,4.17,rain,0,0,21.6,16.6,105.6,1005.3,50.4,5.5,230.4,20,9,,2020-03-08T06:11:20,2020-03-08T18:04:00,0.45,"Rain, Partially cloudy",Clearing in the afternoon with morning rain.,rain,"48820099999,48823099999,48825099999,48831099999,VVNB"
cầu giấy,2020-03-09,33.8,22.5,27.1,35.1,22.5,28.2,21.4,73.7,0,0,0,,0,0,26.6,12.1,70.6,1004.2,29,5.7,256.1,22.1,9,,2020-03-09T06:10:29,2020-03-09T18:04:21,0.48,Partially cloudy,Partly cloudy throughout the day.,partly-cloudy-day,"48820099999,48823099999,48825099999,48831099999,VVNB"
cầu giấy,2020-03-10,26.4,22.5,24.3,26.4,22.5,24.3,16.8,65,1.4,100,16.67,rain,0,0,31,25,37.8,1012.4,80.5,8.5,65.3,5.7,2,,2020-03-10T06:09:38,2020-03-10T18:04:41,0.5,"Rain, Partially cloudy",Partly cloudy throughout the day with rain clearing later.,rain,"48820099999,48823099999,48825099999,48831099999,VVNB"
cầu giấy,2020-03-11,24.1,21,22.4,24.1,21,22.4,16.4,69.3,0,0,0,,0,0,14,16.6,119.2,1014.3,75.1,8.6,70.6,6.1,3,,2020-03-11T06:08:46,2020-03-11T18:05:02,0.55,Partially cloudy,Partly cloudy throughout the day.,partly-cloudy-day,"48820099999,48823099999,48825099999,48831099999,VVNB"
cầu giấy,2020-03-12,25.1,20,22.6,25.1,20,22.6,19.6,84,0.099,100,4.17,rain,0,0,24.8,13,110.8,1011.8,86.6,5.4,158.8,13.7,6,,2020-03-12T06:07:53,2020-03-12T18:05:22,0.58,"Rain, Partially cloudy",Partly cloudy throughout the day with morning rain.,rain,"48820099999,48823099999,48825099999,48831099999,VVNB"
cầu giấy,2020-03-13,28,22.7,24.8,30.9,22.7,25.4,22.1,85.6,0.201,100,8.33,rain,0,0,25.2,16.6,90.1,1012.6,80,5.1,143.7,12.4,5,,2020-03-13T06:07:00,2020-03-13T18:05:42,0.62,"Rain, Partially cloudy",Partly cloudy throughout the day with rain in the morning and afternoon.,rain,"48820099999,48823099999,48825099999,48831099999,VVNB"
cầu giấy,2020-03-14,25,21,22.5,25,21,22.5,17.8,75.1,0.51,100,8.33,rain,0,0,27,18.4,40.2,1016.8,92.8,9.1,48,4.1,2,,2020-03-14T06:06:07,2020-03-14T18:06:02,0.65,"Rain, Overcast",Cloudy skies throughout the day with rain in the morning and afternoon.,rain,"48820099999,48823099999,48825099999,48831099999,VVNB"
cầu giấy,2020-03-15,21.5,19,20.1,21.5,19,20.1,16.4,79.3,0.8,100,25,rain,0,0,15.5,10.3,54.5,1017.4,90,7.4,53.7,4.7,2,,2020-03-15T06:05:14,2020-03-15T18:06:22,0.69,"Rain, Partially cloudy",Partly cloudy throughout the day with rain clearing later.,rain,"48820099999,48823099999,48825099999,48831099999,VVNB"
cầu giấy,2020-03-16,21.8,19,20.3,21.8,19,20.3,19,92.4,0.199,100,12.5,rain,0,0,23,9.4,71.2,1015.4,86,2.6,100.2,8.5,5,,2020-03-16T06:04:21,2020-03-16T18:06:41,0.75,"Rain, Partially cloudy",Partly cloudy throughout the day with a chance of rain throughout the day.,rain,"48820099999,48823099999,48825099999,48831099999,VVNB"
cầu giấy,2020-03-17,23.5,20,21.7,23.5,20,21.7,20.7,93.8,3.063,100,12.5,rain,0,0,31,19.4,61.3,1014.9,90.9,3.2,99.9,8.6,6,,2020-03-17T06:03:27,2020-03-17T18:07:00,0.75,"Rain, Overcast",Cloudy skies throughout the day with rain.,rain,"48820099999,48823099999,48825099999,48831099999,VVNB"
cầu giấy,2020-03-18,19.9,18,18.8,19.9,18,18.8,17.5,92.7,11.892,100,8.33,rain,0,0,26.6,20.4,41.5,1013.4,78,7,38.5,3.2,1,,2020-03-18T06:02:33,2020-03-18T18:07:19,0.79,"Rain, Partially cloudy",Partly cloudy throughout the day with rain.,rain,"48820099999,48823099999,48825099999,48831099999,VVNB"
cầu giấy,2020-03-19,21.5,18,19.5,21.5,18,19.5,17,85.7,1.745,100,8.33,rain,0,0,23,15.7,358.5,1014,84.6,8.2,46,4,2,,2020-03-19T06:01:39,2020-03-19T18:07:38,0.82,"Rain, Partially cloudy",Partly cloudy throughout the day with rain.,rain,"48820099999,48823099999,48825099999,48831099999,VVNB"
cầu giấy,2020-03-20,25,19,21.9,25,19,21.9,17.9,79.1,0.2,100,8.33,rain,0,0,20.5,18.4,94.5,1013.2,80.5,8.7,103.8,8.9,4,,2020-03-20T06:00:45,2020-03-20T18:07:57,0.86,"Rain, Partially cloudy",Partly cloudy throughout the day with rain clearing later.,rain,"48820099999,48823099999,48825099999,48831099999,VVNB"
cầu giấy,2020-03-21,27.2,21,23.9,29.4,21,24.2,21,84.1,0.004,100,8.33,rain,0,0,27.4,17.5,129,1011.8,74,6.2,134.8,11.5,5,,2020-03-21T05:59:51,2020-03-21T18:08:16,0.89,"Rain, Partially cloudy",Partly cloudy throughout the day with rain in the morning and afternoon.,rain,"48820099999,48823099999,48825099999,48831099999,VVNB"
cầu giấy,2020-03-22,28.5,23.6,25.3,31.9,23.6,26,22.7,85.5,2.977,100,12.5,rain,0,0,24.8,19.4,129.3,1011.7,80.3,6.8,140.4,12.1,6,,2020-03-22T05:58:56,2020-03-22T18:08:34,0.93,"Rain, Partially cloudy",Partly cloudy throughout the day with rain.,rain,"48820099999,48823099999,48825099999,48831099999,VVNB"
cầu giấy,2020-03-23,27.5,23,24.7,30,23,25,22.2,86.6,2.078,100,8.33,rain,0,0,29.5,14.7,122.5,1012.3,63.8,6.5,123,10.6,6,,2020-03-23T05:58:02,2020-03-23T18:08:53,0.96,"Rain, Partially cloudy",Partly cloudy throughout the day with rain.,rain,"48820099999,48823099999,48825099999,48831099999,VVNB"
cầu giấy,2020-03-24,29,22.5,25.6,31,22.5,26.2,21.2,78.4,0.396,100,4.17,rain,0,0,34.9,22.3,130.8,1011.6,50.6,8.2,186.7,16.1,8,,2020-03-24T05:57:07,2020-03-24T18:09:11,0,"Rain, Partially cloudy",Partly cloudy throughout the day with early morning rain.,rain,"48820099999,48823099999,48825099999,48831099999,VVNB"
cầu giấy,2020-03-25,28.2,24,25.7,30.9,24,26.4,22,81,7,100,54.17,rain,0,0,40.7,25.9,145.9,1009.7,62,9.2,158.8,13.8,7,,2020-03-25T05:56:13,2020-03-25T18:09:29,0.03,"Rain, Partially cloudy",Partly cloudy throughout the day with a chance of rain throughout the day.,rain,"48820099999,48823099999,48825099999,48831099999,VVNB"
cầu giấy,2020-03-26,29.2,24,26.4,33.4,24,27.6,22.7,80.2,0.989,100,4.17,rain,0,0,31.7,23.2,138.8,1008.9,75.6,10,194.8,16.9,7,,2020-03-26T05:55:18,2020-03-26T18:09:48,0.06,"Rain, Partially cloudy",Partly cloudy throughout the day with early morning rain.,rain,"48820099999,48823099999,48825099999,48831099999,VVNB"
cầu giấy,2020-03-27,29.4,25,26.8,33.3,25,28.2,23.1,80.9,0.2,100,8.33,rain,0,0,24.1,18.4,123.2,1008.6,74.5,9.5,206.7,17.8,8,,2020-03-27T05:54:24,2020-03-27T18:10:06,0.1,"Rain, Partially cloudy",Partly cloudy throughout the day with rain clearing later.,rain,"48820099999,48823099999,48825099999,48831099999,VVNB"
cầu giấy,2020-03-28,28.5,24,25.9,31.1,24,26.5,22.5,81.8,4.6,100,45.83,rain,0,0,38.5,22.3,123.8,1009.8,79.3,8.4,46.7,3.9,2,,2020-03-28T05:53:30,2020-03-28T18:10:24,0.13,"Rain, Partially cloudy",Partly cloudy throughout the day with a chance of rain throughout the day.,rain,"48820099999,48823099999,48825099999,48831099999,VVNB"
cầu giấy,2020-03-29,28,22,24.7,31.8,22,25.2,22.4,86.8,0.002,100,4.17,rain,0,0,31,25.9,127.1,1008,87.1,7.8,95.4,8.2,4,,2020-03-29T05:52:36,2020-03-29T18:10:42,0.16,"Rain, Partially cloudy",Partly cloudy throughout the day with early morning rain.,rain,"48820099999,48823099999,48825099999,48831099999,VVNB"
cầu giấy,2020-03-30,25.4,17,20.8,25.4,17,20.8,18.5,86.9,0.001,100,4.17,rain,0,0,32.8,26.8,63.3,1009.1,88,8.2,63.1,5.4,3,,2020-03-30T05:51:41,2020-03-30T18:11:00,0.2,"Rain, Partially cloudy",Partly cloudy throughout the day with morning rain.,rain,"48820099999,48823099999,48825099999,48831099999,VVNB"
cầu giấy,2020-03-31,19.5,17.5,18.5,19.5,17.5,18.5,15.7,84,0.793,100,4.17,rain,0,0,25.2,19.4,30.1,1012.2,87.9,8.6,63.2,5.4,2,,2020-03-31T05:50:48,2020-03-31T18:11:18,0.23,"Rain, Partially cloudy",Partly cloudy throughout the day with morning rain.,rain,"48820099999,48823099999,48825099999,48831099999,VVNB"
cầu giấy,2020-04-01,21.7,17,19.3,21.7,17,19.3,15.9,80.7,0.001,100,4.17,rain,0,0,18,13,32.4,1012.9,84,9.2,82.1,7,3,,2020-04-01T05:49:54,2020-04-01T18:11:36,0.25,"Rain, Partially cloudy",Partly cloudy throughout the day with morning rain.,rain,"48820099999,48823099999,48825099999,48831099999,VVNB"
cầu giấy,2020-04-02,21.1,18,19.8,21.1,18,19.8,18.5,92.2,0.796,100,12.5,rain,0,0,14.8,8.5,42.6,1012.9,84.8,5.3,56.2,4.9,2,,2020-04-02T05:49:00,2020-04-02T18:11:55,0.3,"Rain, Partially cloudy",Partly cloudy throughout the day with a chance of rain throughout the day.,rain,"48820099999,48823099999,48825099999,48831099999,VVNB"
cầu giấy,2020-04-03,22.7,20,21.1,22.7,20,21.1,20.1,93.9,1.401,100,8.33,rain,0,0,24.1,19.4,43.6,1013.2,85.4,4.2,74.7,6.4,4,,2020-04-03T05:48:07,2020-04-03T18:12:13,0.33,"Rain, Partially cloudy",Partly cloudy throughout the day with rain in the morning and afternoon.,rain,"48820099999,48823099999,48825099999,48831099999,VVNB"
cầu giấy,2020-04-04,21,17.9,19.2,21,17.9,19.2,16.8,86,2.406,100,12.5,rain,0,0,27.4,20.5,29.7,1016.3,80.3,9,47.4,4,2,,2020-04-04T05:47:14,2020-04-04T18:12:31,0.37,"Rain, Partially cloudy",Partly cloudy throughout the day with a chance of rain throughout the day.,rain,"48820099999,48823099999,48825099999,48831099999,VVNB"
cầu giấy,2020-04-05,19.4,16,18.2,19.4,16,18.2,13.5,74.4,0.409,100,8.33,rain,0,0,23.4,16.6,9,1018.5,88.3,10,54.9,4.6,2,,2020-04-05T05:46:21,2020-04-05T18:12:50,0.4,"Rain, Partially cloudy",Partly cloudy throughout the day with rain.,rain,"48820099999,48823099999,48825099999,48831099999,VVNB"
cầu giấy,2020-04-06,19.9,16,17.4,19.9,16,17.4,14.9,85.2,1.397,100,8.33,rain,0,0,22.7,10.3,3.2,1016.7,81.9,9,96.6,8.4,4,,2020-04-06T05:45:28,2020-04-06T18:13:08,0.44,"Rain, Partially cloudy",Partly cloudy throughout the day with rain.,rain,"48820099999,48823099999,48825099999,48831099999,VVNB"
cầu giấy,2020-04-07,23,17,19.5,23,17,19.5,15.6,78.8,0.606,100,8.33,rain,0,0,21.6,11.2,7.6,1015.6,65.9,8.6,127.4,11.1,6,,2020-04-07T05:44:36,2020-04-07T18:13:27,0.47,"Rain, Partially cloudy",Partly cloudy throughout the day with rain in the morning and afternoon.,rain,"48820099999,48823099999,48825099999,48831099999,VVNB"
cầu giấy,2020-04-08,23,18,20.3,23,18,20.3,17.6,84.8,4.063,100,4.17,rain,0,0,15.5,9.4,274.3,1016,60.7,5.5,127.7,10.9,8,,2020-04-08T05:43:44,2020-04-08T18:13:46,0.5,"Rain, Partially cloudy",Partly cloudy throughout the day with afternoon rain.,rain,"48820099999,48823099999,48825099999,48831099999,VVNB"
cầu giấy,2020-04-09,26,20,22.6,26,20,22.6,18.6,78.7,0,0,0,,0,0,23,13,207.5,1016.4,51.6,5.8,146.3,12.5,5,,2020-04-09T05:42:53,2020-04-09T18:14:05,0.54,Partially cloudy,Partly cloudy throughout the day.,partly-cloudy-day,"48820099999,48823099999,48825099999,48831099999,VVNB"
cầu giấy,2020-04-10,28.3,21,23.9,30.9,21,24.1,20,79.2,0.1,100,4.17,rain,0,0,28.1,15.9,96.3,1014.7,73.9,6.7,160.6,13.9,5,,2020-04-10T05:42:01,2020-04-10T18:14:24,0.57,"Rain, Partially cloudy",Partly cloudy throughout the day with afternoon rain.,rain,"48820099999,48823099999,48825099999,48831099999,VVNB"
cầu giấy,2020-04-11,29,22,25.3,32,22,26.2,21.9,81.8,1.9,100,12.5,rain,0,0,27.4,13.9,103.8,1013.3,65,5.8,161.1,14,5,,2020-04-11T05:41:11,2020-04-11T18:14:43,0.6,"Rain, Partially cloudy",Partly cloudy throughout the day with late afternoon rain.,rain,"48820099999,48823099999,48825099999,48831099999,VVNB"
cầu giấy,2020-04-12,24.1,18,20.3,24.1,18,20.3,16.6,80.1,25.821,100,12.5,rain,0,0,43.9,25.9,19.6,1018.4,60,9,146,12.7,6,,2020-04-12T05:40:20,2020-04-12T18:15:02,0.64,"Rain, Partially cloudy",Partly cloudy throughout the day with rain.,rain,"48820099999,48823099999,48825099999,48831099999,VVNB"
cầu giấy,2020-04-13,18.1,15,16.6,18.1,15,16.6,13.4,82.2,7.028,100,12.5,rain,0,0,30.6,15.7,313.6,1020.9,70.3,9.7,181.8,15.8,8,,2020-04-13T05:39:31,2020-04-13T18:15:21,0.67,"Rain, Partially cloudy",Partly cloudy throughout the day with rain.,rain,"48820099999,48823099999,48825099999,48831099999,VVNB"
cầu giấy,2020-04-14,25,14,19.2,25,14,19.2,13.1,70.3,0,0,0,,0,0,18.7,13.8,204.6,1017.1,33.5,9.2,251.2,21.5,10,,2020-04-14T05:38:41,2020-04-14T18:15:41,0.7,Partially cloudy,Partly cloudy throughout the day.,partly-cloudy-day,"48820099999,48823099999,48825099999,48831099999,VVNB"
cầu giấy,2020-04-15,26,17,21.6,26,17,21.6,16.7,74.3,0,0,0,,0,0,33.8,19.4,108,1014.1,71.6,7,234.1,20.2,9,,2020-04-15T05:37:52,2020-04-15T18:16:01,0.75,Partially cloudy,Partly cloudy throughout the day.,partly-cloudy-day,"48820099999,48823099999,48825099999,48831099999,VVNB"
cầu giấy,2020-04-16,25.6,21,23.1,25.6,21,23.1,20.5,85.3,0.4,100,12.5,rain,0,0,33.8,13,107.6,1011.2,81.1,5,120.8,10.4,4,,2020-04-16T05:37:04,2020-04-16T18:16:21,0.77,"Rain, Partially cloudy",Partly cloudy throughout the day with rain in the morning and afternoon.,rain,"48820099999,48823099999,48825099999,48831099999,VVNB"
cầu giấy,2020-04-17,26,23,24.3,26,23,24.3,22.5,89.7,0.201,100,12.5,rain,0,0,30.6,17.5,130.6,1011.3,81.4,6.9,109.4,9.4,5,,2020-04-17T05:36:16,2020-04-17T18:16:41,0.8,"Rain, Partially cloudy",Partly cloudy throughout the day with rain.,rain,"48820099999,48823099999,48825099999,48831099999,VVNB"
cầu giấy,2020-04-18,32,23,26.4,36.3,23,28,22.6,80.5,0.495,100,4.17,rain,0,0,31.3,21.4,125,1010.2,65.7,8.6,175.8,15.2,6,,2020-04-18T05:35:29,2020-04-18T18:17:01,0.84,"Rain, Partially cloudy",Partly cloudy throughout the day with early morning rain.,rain,"48820099999,48823099999,48825099999,48831099999,VVNB"
cầu giấy,2020-04-19,28.9,24.5,26.1,34,24.5,27.2,23.6,86.1,0,0,0,,0,0,25.9,18.5,104.5,1009.3,76,7.3,175.2,15.1,6,,2020-04-19T05:34:43,2020-04-19T18:17:22,0.87,Partially cloudy,Partly cloudy throughout the day.,partly-cloudy-day,"48820099999,48823099999,48825099999,48831099999,VVNB"
cầu giấy,2020-04-20,30.1,24,27,35.4,24,29.3,23.6,82.2,0.099,100,4.17,rain,0,0,27.7,18.4,124.9,1009.8,69.9,8.4,160.3,13.8,6,,2020-04-20T05:33:57,2020-04-20T18:17:43,0.9,"Rain, Partially cloudy",Partly cloudy throughout the day with morning rain.,rain,"48820099999,48823099999,48825099999,48831099999,VVNB"
cầu giấy,2020-04-21,29.8,25.3,27,35.4,25.3,29.1,24.1,84.5,0.099,100,4.17,rain,0,0,33.5,20.5,111.5,1008.9,76.7,7.2,213.1,18.3,8,,2020-04-21T05:33:11,2020-04-21T18:18:04,0.94,"Rain, Partially cloudy",Partly cloudy throughout the day with early morning rain.,rain,"48820099999,48823099999,48825099999,48831099999,VVNB"
cầu giấy,2020-04-22,26.5,21.5,24.7,26.5,21.5,24.7,22.4,87.4,1.088,100,8.33,rain,0,0,31,18.5,85.1,1011.1,73.7,7.9,91.8,7.9,5,,2020-04-22T05:32:27,2020-04-22T18:18:25,0.97,"Rain, Partially cloudy",Partly cloudy throughout the day with rain.,rain,"48820099999,48823099999,48825099999,48831099999,VVNB"
cầu giấy,2020-04-23,22.3,19,20.8,22.3,19,20.8,17.6,82.3,4.065,100,8.33,rain,0,0,27.7,24.1,40.2,1015.8,79.5,9.8,42.3,3.7,2,,2020-04-23T05:31:43,2020-04-23T18:18:46,0,"Rain, Partially cloudy",Partly cloudy throughout the day with rain.,rain,"48820099999,48823099999,48825099999,48831099999,VVNB"
cầu giấy,2020-04-24,19,16.5,17.6,19,16.5,17.6,15,84.7,21.905,100,12.5,rain,0,0,26.6,18.4,356.9,1020.6,70.1,9.1,56,4.9,2,,2020-04-24T05:30:59,2020-04-24T18:19:08,0.04,"Rain, Partially cloudy",Partly cloudy throughout the day with a chance of rain throughout the day.,rain,"48820099999,48823099999,48825099999,48831099999,VVNB"
cầu giấy,2020-04-25,21.3,17,18.8,21.3,17,18.8,15,79.4,1.586,100,12.5,rain,0,0,21.6,9.3,320.2,1019.7,65.7,9.2,91.9,7.9,3,,2020-04-25T05:30:17,2020-04-25T18:19:30,0.07,"Rain, Partially cloudy",Partly cloudy throughout the day with a chance of rain throughout the day.,rain,"48820099999,48823099999,48825099999,48831099999,VVNB"
cầu giấy,2020-04-26,23,18,20,23,18,20,16.5,81,0.495,100,8.33,rain,0,0,27.4,13.9,303.5,1019.9,60.6,9,97.7,8.5,5,,2020-04-26T05:29:35,2020-04-26T18:19:52,0.11,"Rain, Partially cloudy",Partly cloudy throughout the day with rain in the morning and afternoon.,rain,"48820099999,48823099999,48825099999,48831099999,VVNB"
cầu giấy,2020-04-27,29.4,16.5,23,29.3,16.5,23,16.2,68.7,0.099,100,4.17,rain,0,0,25.9,13.9,291.4,1018.2,36.7,8.6,287.6,24.7,9,,2020-04-27T05:28:54,2020-04-27T18:20:14,0.14,"Rain, Partially cloudy",Partly cloudy throughout the day with early morning rain.,rain,"48820099999,48823099999,48825099999,48831099999,VVNB"
cầu giấy,2020-04-28,31,19,25.2,30.4,19,25.2,17,62.9,0,0,0,,0,0,16.2,13.9,121.1,1016.2,31.6,9.1,293.6,25.3,10,,2020-04-28T05:28:14,2020-04-28T18:20:36,0.18,Partially cloudy,Becoming cloudy in the afternoon.,partly-cloudy-day,"48820099999,48823099999,48825099999,48831099999,VVNB"
cầu giấy,2020-04-29,30,21,25.5,31,21,25.9,19.1,69.2,1.2,100,8.33,rain,0,0,20.2,14.2,115.6,1015.1,27,8.3,260.1,22.2,10,,2020-04-29T05:27:34,2020-04-29T18:20:59,0.21,"Rain, Partially cloudy",Partly cloudy throughout the day with rain.,rain,"48820099999,48823099999,48825099999,48831099999,VVNB"
cầu giấy,2020-04-30,29.8,22.5,25.5,32.1,22.5,26.3,20.9,76.7,0.099,100,4.17,rain,0,0,25.6,13.9,117.8,1013.7,49.1,8.6,206.8,17.9,7,,2020-04-30T05:26:56,2020-04-30T18:21:22,0.25,"Rain, Partially cloudy",Partly cloudy throughout the day with afternoon rain.,rain,"48820099999,48823099999,48825099999,48831099999,VVNB"
cầu giấy,2020-05-01,27,23,24.3,29.3,23,24.4,22.1,87.6,11.093,100,8.33,rain,0,0,34.2,13,98.6,1010.9,68.3,7.3,164.6,14.1,7,,2020-05-01T05:26:18,2020-05-01T18:21:45,0.25,"Rain, Partially cloudy",Partly cloudy throughout the day with rain.,rain,"48820099999,48823099999,48825099999,48831099999,VVNB"
cầu giấy,2020-05-02,32.1,23,27.1,36.8,23,28.8,22.4,76.8,0,0,0,,0,0,25.6,16.6,130.7,1008.5,54,7.6,182.3,15.7,5,,2020-05-02T05:25:41,2020-05-02T18:22:09,0.32,Partially cloudy,Partly cloudy throughout the day.,partly-cloudy-day,"48820099999,48823099999,48825099999,48831099999,VVNB"
cầu giấy,2020-05-03,31,25.5,28,37.1,25.5,31.1,24.1,79.8,0,0,0,,0,0,25.6,16.6,129.3,1007.9,70.8,9,226.3,19.5,7,,2020-05-03T05:25:05,2020-05-03T18:22:32,0.35,Partially cloudy,Partly cloudy throughout the day.,partly-cloudy-day,"48820099999,48823099999,48825099999,48831099999,VVNB"
cầu giấy,2020-05-04,34.7,26,29.4,43.6,26,34.2,24.9,77.4,0,0,0,,0,0,29.9,25.9,119.7,1007.3,59,9,252.9,21.8,9,,2020-05-04T05:24:30,2020-05-04T18:22:56,0.39,Partially cloudy,Partly cloudy throughout the day.,partly-cloudy-day,"48820099999,48823099999,48825099999,48831099999,VVNB"
cầu giấy,2020-05-05,33.1,27,29.2,43.1,30.1,34.8,25.3,80.1,0,0,0,,0,0,32.8,21.4,113,1006.3,68.8,8.6,278.2,24,9,,2020-05-05T05:23:55,2020-05-05T18:23:20,0.42,Partially cloudy,Partly cloudy throughout the day.,partly-cloudy-day,"48820099999,48823099999,48825099999,48831099999,VVNB"
cầu giấy,2020-05-06,32.4,26,28.6,41.8,26,33,24.9,80.9,0,0,0,,0,0,30.2,21.4,105.2,1005.1,58.6,9.8,285.7,24.7,10,,2020-05-06T05:23:22,2020-05-06T18:23:44,0.46,Partially cloudy,Partly cloudy throughout the day.,partly-cloudy-day,"48820099999,48823099999,48825099999,48831099999,VVNB"
cầu giấy,2020-05-07,32.7,26,28.9,43.8,26,34.5,25.6,82.9,0,0,0,,0,0,33.1,18.4,96,1004.4,79.5,9.1,286.4,24.6,10,,2020-05-07T05:22:50,2020-05-07T18:24:09,0.5,Partially cloudy,Partly cloudy throughout the day.,partly-cloudy-day,"48820099999,48823099999,48825099999,48831099999,VVNB"
cầu giấy,2020-05-08,33.7,24,28.9,44.9,24,34.3,25.2,81.3,0,0,0,,0,0,28.8,30.5,101,1004.3,63.7,9.6,276.1,23.9,9,,2020-05-08T05:22:18,2020-05-08T18:24:33,0.52,Partially cloudy,Partly cloudy throughout the day.,partly-cloudy-day,"48820099999,48823099999,48825099999,48831099999,VVNB"
cầu giấy,2020-05-09,34.5,24,28.4,44.7,24,33,24.5,80.2,8.015,100,8.33,rain,0,0,23.8,17.5,97.7,1006.4,52.9,8.5,297.6,25.7,10,,2020-05-09T05:21:48,2020-05-09T18:24:58,0.56,"Rain, Partially cloudy",Partly cloudy throughout the day with rain.,rain,"48820099999,48823099999,48825099999,48831099999,VVNB"
cầu giấy,2020-05-10,35.4,27,30.6,43.3,29.4,36.4,24.7,72.4,0.099,100,4.17,rain,0,0,23.4,19.4,100.3,1006.8,44.2,8.6,293.8,25.4,10,,2020-05-10T05:21:18,2020-05-10T18:25:23,0.59,"Rain, Partially cloudy",Partly cloudy throughout the day with early morning rain.,rain,"48820099999,48823099999,48825099999,48831099999,VVNB"
cầu giấy,2020-05-11,32.5,27,29.4,41.6,30.6,35.5,25.4,79.5,1,100,4.17,rain,0,0,31,20.5,114.4,1008.1,70.4,9.5,232,20.1,7,,2020-05-11T05:20:50,2020-05-11T18:25:48,0.62,"Rain, Partially cloudy",Partly cloudy throughout the day with late afternoon rain.,rain,"48820099999,48823099999,48825099999,48831099999,VVNB"
cầu giấy,2020-05-12,30.4,23.2,27.5,34.9,23.2,30.5,23.4,78.9,36.158,100,8.33,rain,0,0,25.9,13.9,84.4,1010.5,66,9.7,80.9,6.9,3,,2020-05-12T05:20:22,2020-05-12T18:26:13,0.66,"Rain, Partially cloudy",Partly cloudy throughout the day with rain in the morning and afternoon.,rain,"48820099999,48823099999,48825099999,48831099999,VVNB"
cầu giấy,2020-05-13,33,23,27.3,39.9,23,29.6,23.7,81.1,8.212,100,4.17,rain,0,0,35.6,23.1,147.2,1009.4,70,8.9,236.2,20.3,8,,2020-05-13T05:19:55,2020-05-13T18:26:38,0.69,"Rain, Partially cloudy",Partly cloudy throughout the day with late afternoon rain.,rain,"48820099999,48823099999,48825099999,48831099999,VVNB"
cầu giấy,2020-05-14,32.7,24,28,36.5,24,30.2,22.4,73.2,3.063,100,4.17,rain,0,0,37.1,18.6,122.2,1007.2,61.5,9.7,257.4,22.4,9,,2020-05-14T05:19:30,2020-05-14T18:27:03,0.75,"Rain, Partially cloudy",Partly cloudy throughout the day with early morning rain.,rain,"48820099999,48823099999,48825099999,48831099999,VVNB"
cầu giấy,2020-05-15,33.3,24,29.1,41.8,24,34.3,24.8,78.4,0,0,0,,0,0,50,23.2,123,1004.1,68.4,9.5,265.5,23,9,,2020-05-15T05:19:06,2020-05-15T18:27:29,0.75,Partially cloudy,Partly cloudy throughout the day.,partly-cloudy-day,"48820099999,48823099999,48825099999,48831099999,VVNB"
cầu giấy,2020-05-16,33,23,28.6,41.7,23,33.2,24.5,79.2,2.968,100,4.17,rain,0,0,28.8,21.4,115.1,1004.2,62.7,9.4,244.3,21.1,8,,2020-05-16T05:18:42,2020-05-16T18:27:54,0.79,"Rain, Partially cloudy",Partly cloudy throughout the day with early morning rain.,rain,"48820099999,48823099999,48825099999,48831099999,VVNB"
cầu giấy,2020-05-17,31.1,27,28.8,39.1,29,33.2,24,76.1,50.4,100,50,rain,0,0,29.5,35.3,106.1,1003.8,63.9,9.9,150.5,13.1,7,,2020-05-17T05:18:20,2020-05-17T18:28:20,0.82,"Rain, Partially cloudy",Partly cloudy throughout the day with a chance of rain throughout the day.,rain,"48820099999,48823099999,48825099999,48831099999,VVNB"
cầu giấy,2020-05-18,33.5,23,28.7,40.9,23,32.4,23.6,74.9,2.375,100,8.33,rain,0,0,27,17.7,79.3,1003.2,54.6,10.9,164.6,14.2,7,,2020-05-18T05:17:59,2020-05-18T18:28:46,0.85,"Rain, Partially cloudy",Partly cloudy throughout the day with rain in the morning and afternoon.,rain,"48820099999,48823099999,48825099999,48831099999,VVNB"
cầu giấy,2020-05-19,33,25.5,29.1,42.2,25.5,34.3,25.2,80.3,0.992,100,4.17,rain,0,0,26.3,18.4,105.9,1003.2,67,8.5,193.2,16.6,8,,2020-05-19T05:17:38,2020-05-19T18:29:11,0.88,"Rain, Partially cloudy",Partly cloudy throughout the day with morning rain.,rain,"48820099999,48823099999,48825099999,48831099999,VVNB"
cầu giấy,2020-05-20,37.4,28,32.2,46.6,33.6,39.9,25.7,70.6,0,0,0,,0,0,24.5,14.8,127.9,1001.2,52.9,10.9,271.3,23.3,9,,2020-05-20T05:17:19,2020-05-20T18:29:37,0.92,Partially cloudy,Partly cloudy throughout the day.,partly-cloudy-day,"48820099999,48823099999,48825099999,48831099999,VVNB"
cầu giấy,2020-05-21,39.9,28,34,46.9,33.6,41.6,25,62.1,0,0,0,,0,0,27,12.1,165.6,999.8,60.7,11.7,305.5,26.2,10,,2020-05-21T05:17:01,2020-05-21T18:30:02,0.95,Partially cloudy,Partly cloudy throughout the day.,partly-cloudy-day,"48820099999,48823099999,48825099999,48831099999,VVNB"
cầu giấy,2020-05-22,34.1,26.5,31.7,44.4,26.5,39.2,25.4,69.8,1.2,100,8.33,rain,0,0,38.9,15.7,82.2,1002.8,72.1,9.7,200.5,17.4,7,,2020-05-22T05:16:44,2020-05-22T18:30:28,0.98,"Rain, Partially cloudy",Partly cloudy throughout the day with late afternoon rain.,rain,"48820099999,48823099999,48825099999,48831099999,VVNB"
cầu giấy,2020-05-23,31.9,26,28.6,39.3,26,33.2,24.9,80.7,3.958,100,4.17,rain,0,0,16.9,13.9,81.2,1005.9,67.2,8.8,119,10.2,5,,2020-05-23T05:16:28,2020-05-23T18:30:54,0,"Rain, Partially cloudy",Partly cloudy throughout the day with early morning rain.,rain,"48820099999,48823099999,48825099999,48831099999,VVNB"
cầu giấy,2020-05-24,33.4,25,29.3,42.9,25,34.6,24.8,77.5,0.297,100,4.17,rain,0,0,25.6,19.4,96,1006.1,51,9.2,165.8,14.2,5,,2020-05-24T05:16:13,2020-05-24T18:31:19,0.05,"Rain, Partially cloudy",Partly cloudy throughout the day with early morning rain.,rain,"48820099999,48823099999,48825099999,48831099999,VVNB"
cầu giấy,2020-05-25,36.9,26,31,45,26,37.7,25.3,73.6,8.7,100,12.5,rain,0,0,46.4,22.2,98.5,1005.5,50,9.2,258.2,22.4,8,,2020-05-25T05:16:00,2020-05-25T18:31:44,0.09,"Rain, Partially cloudy",Partly cloudy throughout the day with rain.,rain,"48820099999,48823099999,48825099999,48831099999,VVNB"
cầu giấy,2020-05-26,31.5,24.5,28.3,35.8,24.5,31,22.5,71.3,3.067,100,8.33,rain,0,0,32.8,16.6,38.2,1007.8,65.8,10,186.8,16,8,,2020-05-26T05:15:47,2020-05-26T18:32:10,0.12,"Rain, Partially cloudy",Partly cloudy throughout the day with rain.,rain,"48820099999,48823099999,48825099999,48831099999,VVNB"
cầu giấy,2020-05-27,29.8,23,26.3,32.7,23,27.7,22.3,79.5,6.01,100,8.33,rain,0,0,22.3,17.7,314.6,1010.3,57.5,9.6,176.1,15.2,8,,2020-05-27T05:15:36,2020-05-27T18:32:35,0.16,"Rain, Partially cloudy",Partly cloudy throughout the day with rain clearing later.,rain,"48820099999,48823099999,48825099999,48831099999,VVNB"
cầu giấy,2020-05-28,31.4,25,28.2,35.7,25,30.8,22.8,73.4,0.1,100,4.17,rain,0,0,22.7,12.1,170.1,1009.4,57.6,8.9,175.4,15.1,6,,2020-05-28T05:15:25,2020-05-28T18:33:00,0.19,"Rain, Partially cloudy",Partly cloudy throughout the day with afternoon rain.,rain,"48820099999,48823099999,48825099999,48831099999,VVNB"
cầu giấy,2020-05-29,34.1,26,29.7,40.8,26,34.1,24.2,73.5,0.297,100,8.33,rain,0,0,32.4,18.4,139.3,1006.9,48.5,8.7,194.2,16.7,6,,2020-05-29T05:15:16,2020-05-29T18:33:24,0.23,"Rain, Partially cloudy",Partly cloudy throughout the day with rain.,rain,"48820099999,48823099999,48825099999,48831099999,VVNB"
cầu giấy,2020-05-30,36,27,30.7,41.9,30.6,36,24.3,70.7,0.1,100,4.17,rain,0,0,30.2,15.6,111.7,1007,48,10.1,250.7,21.7,8,,2020-05-30T05:15:07,2020-05-30T18:33:49,0.25,"Rain, Partially cloudy",Partly cloudy throughout the day with afternoon rain.,rain,"48820099999,48823099999,48825099999,48831099999,VVNB"
cầu giấy,2020-05-31,35.4,27,31.2,43.1,30.6,37.6,25,71.1,0.396,100,4.17,rain,0,0,23.8,18.4,113.7,1006.9,58.3,9.4,274.4,23.7,9,,2020-05-31T05:15:00,2020-05-31T18:34:13,0.3,"Rain, Partially cloudy",Partly cloudy throughout the day with early morning rain.,rain,"48820099999,48823099999,48825099999,48831099999,VVNB"
cầu giấy,2020-06-01,36.5,26,30.4,43.8,26,35.2,24.2,71.4,1.187,100,4.17,rain,0,0,28.1,21.3,122.4,1005.6,41,10,281,24.1,9,,2020-06-01T05:14:54,2020-06-01T18:34:37,0.34,"Rain, Partially cloudy",Clearing in the afternoon with late afternoon rain.,rain,"48820099999,48823099999,48825099999,48831099999,VVNB"
cầu giấy,2020-06-02,37.4,26,30.5,43,26,34.9,23.8,69.5,1.979,100,4.17,rain,0,0,37.1,16.5,126.7,1004.1,48.8,10.2,290.5,25.2,9,,2020-06-02T05:14:49,2020-06-02T18:35:01,0.37,"Rain, Partially cloudy",Partly cloudy throughout the day with early morning rain.,rain,"48820099999,48823099999,48825099999,48831099999,remote,VVNB"
cầu giấy,2020-06-03,36.4,27,31.3,43.3,30.9,37.5,24.7,69.5,0.6,100,8.33,rain,0,0,24.8,22.3,90.2,1003.4,35.2,9.5,289.6,25.1,9,,2020-06-03T05:14:45,2020-06-03T18:35:24,0.41,"Rain, Partially cloudy",Partly cloudy throughout the day with late afternoon rain.,rain,"48820099999,48823099999,48825099999,48831099999,VVNB"
cầu giấy,2020-06-04,37,28,31.8,46.8,32.7,38.7,25.1,69.1,0.2,100,8.33,rain,0,0,31.7,22.3,114,1002.9,60.9,9.7,252.8,21.8,8,,2020-06-04T05:14:42,2020-06-04T18:35:47,0.44,"Rain, Partially cloudy",Partly cloudy throughout the day with rain.,rain,"48820099999,48823099999,48825099999,48831099999,VVNB"
cầu giấy,2020-06-05,35.9,28,31.5,44.3,32.7,38.2,25,69.6,0,0,0,,0,0,25.2,15.7,86.4,1002.9,49.4,10.5,253.2,21.7,9,,2020-06-05T05:14:40,2020-06-05T18:36:10,0.48,Partially cloudy,Partly cloudy throughout the day.,partly-cloudy-day,"48820099999,48823099999,48825099999,48831099999,VVNB"
cầu giấy,2020-06-06,35.3,28,31.5,44.4,32.7,38.7,25.3,70.9,0,0,0,,0,0,22.7,13.9,96.6,1002.4,47,11.2,243.1,20.9,8,,2020-06-06T05:14:39,2020-06-06T18:36:32,0.5,Partially cloudy,Partly cloudy throughout the day.,partly-cloudy-day,"48820099999,48823099999,48825099999,48831099999,VVNB"
cầu giấy,2020-06-07,37.8,28,32.9,43.9,31.9,38.7,23.8,61,0,0,0,,0,0,33.8,16.6,171.8,1000.5,48.3,10.2,287.8,25,9,,2020-06-07T05:14:39,2020-06-07T18:36:54,0.55,Partially cloudy,Partly cloudy throughout the day.,partly-cloudy-day,"48820099999,48823099999,48825099999,48831099999,VVNB"
cầu giấy,2020-06-08,39.4,29,34,45.5,33.5,39.3,23,54.4,0,0,0,,0,0,36,18.5,209.6,1000.4,60,10.3,295.1,25.6,10,,2020-06-08T05:14:41,2020-06-08T18:37:15,0.58,Partially cloudy,Partly cloudy throughout the day.,partly-cloudy-day,"48820099999,48823099999,48825099999,48831099999,VVNB"
cầu giấy,2020-06-09,38,28,32.3,44.1,31.9,37.7,23.6,61.8,0.1,100,4.17,rain,0,0,25.9,20.6,110.1,1003.3,77.1,9.8,254,22,9,,2020-06-09T05:14:43,2020-06-09T18:37:36,0.61,"Rain, Partially cloudy",Partly cloudy throughout the day with late afternoon rain.,rain,"48820099999,48823099999,48825099999,48831099999,VVNB"
cầu giấy,2020-06-10,37.1,24.5,30.5,45.1,24.5,35.9,24.7,73,0.495,100,4.17,rain,0,0,24.8,29.5,139.6,1005.1,50.8,9.9,209,18,7,,2020-06-10T05:14:46,2020-06-10T18:37:56,0.64,"Rain, Partially cloudy",Partly cloudy throughout the day with late afternoon rain.,rain,"48820099999,48823099999,48825099999,48831099999,VVNB"
cầu giấy,2020-06-11,35.1,25,29,44.2,25,33.2,24.6,78.1,4.328,100,8.33,rain,0,0,33.1,29.7,96.8,1004.2,63.7,9.8,222.2,19.2,8,,2020-06-11T05:14:50,2020-06-11T18:38:16,0.67,"Rain, Partially cloudy",Partly cloudy throughout the day with rain clearing later.,rain,"48820099999,48823099999,48825099999,48831099999,VVNB"
cầu giấy,2020-06-12,36.3,25,29.9,43.5,25,33.9,24,72.6,1.01,100,8.33,rain,0,0,29.9,20.4,129.4,1001.7,60,9.9,192.1,16.6,7,,2020-06-12T05:14:55,2020-06-12T18:38:35,0.71,"Rain, Partially cloudy",Partly cloudy throughout the day with rain.,rain,"48820099999,48823099999,48825099999,48831099999,VVNB"
cầu giấy,2020-06-13,35,27,30.8,43.3,29.9,37.1,24.9,72,8.7,100,8.33,rain,0,0,28.8,24.1,114.7,1001.3,47.1,10.5,263.2,22.8,9,,2020-06-13T05:15:01,2020-06-13T18:38:54,0.75,"Rain, Partially cloudy",Partly cloudy throughout the day with rain.,rain,"48820099999,48823099999,48825099999,48831099999,VVNB"
cầu giấy,2020-06-14,32.5,25.3,28.5,41.4,25.3,33,25,81.4,0.001,100,4.17,rain,0,0,39.2,20.4,71.9,1004,65.7,9.8,106,9.2,5,,2020-06-14T05:15:08,2020-06-14T18:39:12,0.77,"Rain, Partially cloudy",Partly cloudy throughout the day with early morning rain.,rain,"48820099999,48823099999,48825099999,48831099999,VVNB"
cầu giấy,2020-06-15,30.5,24,27.2,37.4,24,29.8,24.3,84.3,18.08,100,12.5,rain,0,0,23,15.7,90.3,1006.1,65.7,8.7,98.3,8.5,4,,2020-06-15T05:15:15,2020-06-15T18:39:30,0.8,"Rain, Partially cloudy",Partly cloudy throughout the day with a chance of rain throughout the day.,rain,"48820099999,48823099999,48825099999,48831099999,VVNB"
cầu giấy,2020-06-16,35,27.5,30.3,41.1,31.7,36.2,24.9,73.8,1.1,100,12.5,rain,0,0,31,24.1,121.7,1004.2,54.8,10.9,256.7,22.3,9,,2020-06-16T05:15:24,2020-06-16T18:39:46,0.84,"Rain, Partially cloudy",Partly cloudy throughout the day with rain.,rain,"48820099999,48823099999,48825099999,48831099999,VVNB"
cầu giấy,2020-06-17,34,27,30.8,40.2,30.6,36.7,24.6,70.4,1.4,100,16.67,rain,0,0,34.2,21.4,130.3,1002.4,68.6,11.7,257.4,22.2,8,,2020-06-17T05:15:34,2020-06-17T18:40:02,0.87,"Rain, Partially cloudy",Partly cloudy throughout the day with a chance of rain throughout the day.,rain,"48820099999,48823099999,48825099999,48831099999,VVNB"
cầu giấy,2020-06-18,35.2,28,31,43,31.9,37.4,24.9,71.1,0.5,100,20.83,rain,0,0,28.1,23.2,104.1,1003.5,46.9,11.3,279.5,24.3,8,,2020-06-18T05:15:44,2020-06-18T18:40:18,0.9,"Rain, Partially cloudy",Partly cloudy throughout the day with a chance of rain throughout the day.,rain,"48820099999,48823099999,48825099999,48831099999,VVNB"
cầu giấy,2020-06-19,34.5,28,30.7,41.9,32.7,36.7,24.8,72,3.1,100,33.33,rain,0,0,26.3,23.2,114.2,1005.3,55.2,10.4,222.9,19.4,8,,2020-06-19T05:15:55,2020-06-19T18:40:32,0.93,"Rain, Partially cloudy",Partly cloudy throughout the day with rain.,rain,"48820099999,48823099999,48825099999,48831099999,VVNB"
cầu giấy,2020-06-20,36,28.5,31.5,45.2,33.6,38.3,25,69.8,0.1,100,4.17,rain,0,0,30.6,25.9,136.3,1004.5,54.1,9.9,275.7,23.7,9,,2020-06-20T05:16:07,2020-06-20T18:40:46,0.97,"Rain, Partially cloudy",Partly cloudy throughout the day with afternoon rain.,rain,"48820099999,48823099999,48825099999,48831099999,VVNB"
cầu giấy,2020-06-21,36.5,29,32.2,45.9,34.5,39.5,25.1,67.3,0.1,100,4.17,rain,0,0,29.2,20.4,137.4,1001.8,57.1,11.6,289,24.9,9,,2020-06-21T05:16:20,2020-06-21T18:40:59,0,"Rain, Partially cloudy",Partly cloudy throughout the day with early morning rain.,rain,"48820099999,48823099999,48825099999,48831099999,VVNB"
cầu giấy,2020-06-22,39,28.5,33.2,44.6,32,40.1,24.6,63.2,0,0,0,,0,0,35.3,22.3,130.2,1001.3,53.4,11.9,302.4,26.2,10,,2020-06-22T05:16:33,2020-06-22T18:41:11,0.03,Partially cloudy,Partly cloudy throughout the day.,partly-cloudy-day,"48820099999,48823099999,48825099999,48831099999,VVNB"
cầu giấy,2020-06-23,38.5,28,32.7,46.4,31.3,38.7,23.9,61.5,0.1,100,4.17,rain,0,0,29.9,21.4,124.5,1002.8,77.9,11.3,294.7,25.3,10,,2020-06-23T05:16:47,2020-06-23T18:41:22,0.07,"Rain, Partially cloudy",Partly cloudy throughout the day with afternoon rain.,rain,"48820099999,48823099999,48825099999,48831099999,VVNB"
cầu giấy,2020-06-24,37.5,29,33.1,44.6,33.7,38.8,23.5,58.8,1.979,100,4.17,rain,0,0,29.9,16.6,141.8,1001.7,86.6,10.7,282.1,24.3,9,,2020-06-24T05:17:02,2020-06-24T18:41:33,0.11,"Rain, Partially cloudy",Partly cloudy throughout the day with early morning rain.,rain,"48820099999,48823099999,48825099999,48831099999,VVNB"
cầu giấy,2020-06-25,33.7,29,30.5,43.8,34.5,38.2,25.9,76.7,0.2,100,8.33,rain,0,0,19.8,15.7,81.3,1001.3,65.3,8.6,177,15.2,7,,2020-06-25T05:17:18,2020-06-25T18:41:43,0.14,"Rain, Partially cloudy",Partly cloudy throughout the day with afternoon rain.,rain,"48820099999,48823099999,48825099999,48831099999,VVNB"
cầu giấy,2020-06-26,38,28,32.3,43.4,31.9,37.7,23.7,63,2.968,100,4.17,rain,0,0,32.4,27.9,143,1001.8,79.2,11.5,274.3,23.7,9,,2020-06-26T05:17:34,2020-06-26T18:41:51,0.18,"Rain, Partially cloudy",Partly cloudy throughout the day with early morning rain.,rain,"48820099999,48823099999,48825099999,48831099999,VVNB"
cầu giấy,2020-06-27,37.5,28.5,32.6,45.1,32.8,38.7,24.1,62.3,0,0,0,,0,0,34.6,25,134.8,1002.9,67.9,12,295.7,25.7,10,,2020-06-27T05:17:50,2020-06-27T18:41:59,0.21,Partially cloudy,Partly cloudy throughout the day.,partly-cloudy-day,"48820099999,48823099999,48825099999,48831099999,VVNB"
cầu giấy,2020-06-28,37.5,29,32.4,45.6,33.6,39.1,24.6,65.2,0.1,100,4.17,rain,0,0,31,25,138,1003.3,54,12.3,292.3,25.4,10,,2020-06-28T05:18:08,2020-06-28T18:42:06,0.25,"Rain, Partially cloudy",Partly cloudy throughout the day with afternoon rain.,rain,"48820099999,48823099999,48825099999,48831099999,VVNB"
cầu giấy,2020-06-29,36,28,31.8,45.1,32.7,39.5,25.5,70.6,0.099,100,4.17,rain,0,0,29.5,23.2,125.3,1002.8,59.5,11,270.6,23.3,9,,2020-06-29T05:18:26,2020-06-29T18:42:12,0.28,"Rain, Partially cloudy",Partly cloudy throughout the day with morning rain.,rain,"48820099999,48823099999,48825099999,48831099999,VVNB"
cầu giấy,2020-06-30,36.1,29,31.9,46.2,31.9,39.4,25.3,69.1,0.7,100,12.5,rain,0,0,26.3,24.1,120.4,1001.6,58.9,10,249.4,21.4,9,,2020-06-30T05:18:44,2020-06-30T18:42:16,0.32,"Rain, Partially cloudy",Partly cloudy throughout the day with late afternoon rain.,rain,"48820099999,48823099999,48825099999,48831099999,VVNB"
cầu giấy,2020-07-01,33.9,27,29.3,43.8,29.9,34.9,24.8,77.1,0.222,100,4.17,rain,0,0,25.9,15.7,90.6,1001.1,62.3,9.6,213.8,18.6,8,,2020-07-01T05:19:03,2020-07-01T18:42:20,0.36,"Rain, Partially cloudy",Partly cloudy throughout the day with late afternoon rain.,rain,"48820099999,48823099999,48825099999,48831099999,VVNB"
cầu giấy,2020-07-02,34.3,26.5,29.9,42.7,26.5,35.8,25.1,76.1,0.084,100,4.17,rain,0,0,21.2,16.5,96.9,1001.4,51.5,9.1,166.6,14.4,6,,2020-07-02T05:19:23,2020-07-02T18:42:23,0.39,"Rain, Partially cloudy",Partly cloudy throughout the day with early morning rain.,rain,"48820099999,48823099999,48825099999,48831099999,VVNB"
cầu giấy,2020-07-03,33.9,28,30,42.6,33.6,36.6,25.5,77.2,0.533,100,12.5,rain,0,0,22.7,20.5,102.6,1004.1,58.2,9.2,132.6,11.4,7,,2020-07-03T05:19:42,2020-07-03T18:42:25,0.43,"Rain, Partially cloudy",Partly cloudy throughout the day with rain.,rain,"48820099999,48823099999,48825099999,48831099999,VVNB"
cầu giấy,2020-07-04,31.9,26,28.8,39.1,26,33.9,25.2,81.2,41.56,100,12.5,rain,0,0,23,13.2,97,1005.5,58.9,9.5,152.3,13,6,,2020-07-04T05:20:03,2020-07-04T18:42:26,0.46,"Rain, Partially cloudy",Partly cloudy throughout the day with a chance of rain throughout the day.,rain,"48820099999,48823099999,48825099999,48831099999,VVNB"
cầu giấy,2020-07-05,34.4,28,30.7,44,32.7,37.4,25.3,74.1,1.3,100,25,rain,0,0,24.8,25.9,119.6,1003.6,61.4,9.9,217.6,18.9,8,,2020-07-05T05:20:23,2020-07-05T18:42:25,0.5,"Rain, Partially cloudy",Partly cloudy throughout the day with rain in the morning and afternoon.,rain,"48820099999,48823099999,48825099999,48831099999,VVNB"
cầu giấy,2020-07-06,35,27.5,31.2,43.7,29.7,37.9,25.1,70.8,1,100,8.33,rain,0,0,31.3,21.4,126.6,1003.2,54.6,10.4,246.6,21.4,8,,2020-07-06T05:20:45,2020-07-06T18:42:24,0.53,"Rain, Partially cloudy",Partly cloudy throughout the day with afternoon rain.,rain,"48820099999,48823099999,48825099999,48831099999,VVNB"
cầu giấy,2020-07-07,36,29,31.8,46,35.1,39.6,25.6,70.6,0,0,0,,0,0,35.3,25.9,138.5,1005.3,58.7,10.4,288.6,25.1,9,,2020-07-07T05:21:06,2020-07-07T18:42:22,0.56,Partially cloudy,Partly cloudy throughout the day.,partly-cloudy-day,"48820099999,48823099999,48825099999,48831099999,VVNB"
cầu giấy,2020-07-08,37,29,32.6,43.9,34.5,39.5,24.8,65.2,0,0,0,,0,0,28.1,24.1,146.7,1003.7,75.1,11.3,283,24.6,9,,2020-07-08T05:21:28,2020-07-08T18:42:18,0.6,Partially cloudy,Partly cloudy throughout the day.,partly-cloudy-day,"48820099999,48823099999,48825099999,48831099999,VVNB"
cầu giấy,2020-07-09,37.6,28.5,33.5,43.8,33.6,39.4,23.6,58.7,0,0,0,,0,0,30.2,22.3,199.8,1000.3,73.8,10,275.8,23.7,9,,2020-07-09T05:21:50,2020-07-09T18:42:14,0.63,Partially cloudy,Partly cloudy throughout the day.,partly-cloudy-day,"48820099999,48823099999,48825099999,48831099999,VVNB"
cầu giấy,2020-07-10,37,29,33,42.2,34.5,38.5,23.5,59.1,0,0,0,,0,0,29.9,18.5,210.1,1000.2,86.7,11.7,209.7,18.2,7,,2020-07-10T05:22:12,2020-07-10T18:42:08,0.66,Partially cloudy,Partly cloudy throughout the day.,partly-cloudy-day,"48820099999,48823099999,48825099999,48831099999,VVNB"
cầu giấy,2020-07-11,33,29,31.2,40.3,32.7,35.6,22.8,61.6,0.194,100,8.33,rain,0,0,27.7,17.5,217,1001.9,87.4,10.1,128.5,11,5,,2020-07-11T05:22:35,2020-07-11T18:42:01,0.69,"Rain, Partially cloudy",Partly cloudy throughout the day with rain in the morning and afternoon.,rain,"48820099999,48823099999,48825099999,48831099999,VVNB"
cầu giấy,2020-07-12,33,28.5,30.7,39.3,32.5,36.1,23.8,67.6,0,0,0,,0,0,24.8,16.5,193.8,1003,52.7,9.8,165.7,14.1,7,,2020-07-12T05:22:58,2020-07-12T18:41:53,0.73,Partially cloudy,Partly cloudy throughout the day.,partly-cloudy-day,"48820099999,48823099999,48825099999,48831099999,VVNB"
cầu giấy,2020-07-13,37,28,31.9,42.6,32.3,37.7,24.2,65.7,0.3,100,4.17,rain,0,0,26.3,21.4,138.1,1004.9,34.2,11.2,289,25.1,9,,2020-07-13T05:23:20,2020-07-13T18:41:44,0.75,"Rain, Partially cloudy",Partly cloudy throughout the day with late afternoon rain.,rain,"48820099999,48823099999,48825099999,48831099999,VVNB"
cầu giấy,2020-07-14,35.5,25,30.8,42.3,25,35.7,24,68.3,0.4,100,16.67,rain,0,0,22.3,20.4,188.8,1006.1,37.4,10.7,264.7,22.8,8,,2020-07-14T05:23:44,2020-07-14T18:41:34,0.79,"Rain, Partially cloudy",Partly cloudy throughout the day with rain clearing later.,rain,"48820099999,48823099999,48825099999,48831099999,VVNB"
cầu giấy,2020-07-15,37,28.5,32.2,44.7,34.1,39.1,25,67.4,0.1,100,4.17,rain,0,0,30.2,24.1,134.3,1004,39.9,10.2,285.7,24.6,9,,2020-07-15T05:24:07,2020-07-15T18:41:23,0.82,"Rain, Partially cloudy",Partly cloudy throughout the day with afternoon rain.,rain,"48820099999,48823099999,48825099999,48831099999,VVNB"
cầu giấy,2020-07-16,36,28.5,31.8,44,34.1,38.8,25.1,68.9,0.1,100,4.17,rain,0,0,30.6,22.3,126.5,1003.4,55,10.5,271.8,23.3,9,,2020-07-16T05:24:30,2020-07-16T18:41:10,0.85,"Rain, Partially cloudy",Partly cloudy throughout the day with afternoon rain.,rain,"48820099999,48823099999,48825099999,48831099999,VVNB"
cầu giấy,2020-07-17,37.5,29,32.5,43.4,35.1,39.2,24.6,64.9,0,0,0,,0,0,30.6,24.1,139.8,1003.9,65.8,11.3,290.9,25.1,9,,2020-07-17T05:24:54,2020-07-17T18:40:57,0.89,Partially cloudy,Partly cloudy throughout the day.,partly-cloudy-day,"48820099999,48823099999,48825099999,48831099999,VVNB"
cầu giấy,2020-07-18,37.5,29,33,43.6,35.1,39.7,24.4,63,0.2,100,4.17,rain,0,0,29.2,20.5,152.8,1004.1,71.6,11,293.7,25.3,9,,2020-07-18T05:25:17,2020-07-18T18:40:42,0.92,"Rain, Partially cloudy",Partly cloudy throughout the day with afternoon rain.,rain,"48820099999,48823099999,48825099999,48831099999,VVNB"
cầu giấy,2020-07-19,36.5,29.5,32.7,42.2,35.4,39.3,24.3,63.2,4.1,100,16.67,rain,0,0,34.9,20.5,150.2,1003.4,67.6,11,279.8,24.1,9,,2020-07-19T05:25:41,2020-07-19T18:40:26,0.95,"Rain, Partially cloudy",Partly cloudy throughout the day with late afternoon rain.,rain,"48820099999,48823099999,48825099999,48831099999,VVNB"
cầu giấy,2020-07-20,34.1,26,28.9,42.1,26,33.6,24.7,78.8,0.198,100,8.33,rain,0,0,24.5,18.6,96.1,1005.3,52.2,9.5,169.2,14.4,7,,2020-07-20T05:26:05,2020-07-20T18:40:09,0.98,"Rain, Partially cloudy",Partly cloudy throughout the day with rain.,rain,"48820099999,48823099999,48825099999,48831099999,VVNB"
cầu giấy,2020-07-21,34.6,26,29.9,44.3,26,35.7,25,75.7,0.693,100,8.33,rain,0,0,35.3,27.7,126.9,1007.3,47.4,9.5,236.2,20.3,8,,2020-07-21T05:26:28,2020-07-21T18:39:51,0,"Rain, Partially cloudy",Partly cloudy throughout the day with rain in the morning and afternoon.,rain,"48820099999,48823099999,48825099999,48831099999,VVNB"
cầu giấy,2020-07-22,35,27.5,30.8,40.6,31.7,36.4,24.3,69.5,0.5,100,12.5,rain,0,0,33.8,20.5,137.6,1007.1,36.1,10.6,276,23.8,9,,2020-07-22T05:26:52,2020-07-22T18:39:32,0.05,"Rain, Partially cloudy",Partly cloudy throughout the day with afternoon rain.,rain,"48820099999,48823099999,48825099999,48831099999,VVNB"
cầu giấy,2020-07-23,35.5,27,31,43.1,30.3,36.4,24.1,68.3,0.3,100,12.5,rain,0,0,28.1,18.4,127.4,1007,33.3,9.8,273.8,23.8,8,,2020-07-23T05:27:15,2020-07-23T18:39:12,0.09,"Rain, Partially cloudy",Partly cloudy throughout the day with rain in the morning and afternoon.,rain,"48820099999,48823099999,48825099999,48831099999,VVNB,remote"
cầu giấy,2020-07-24,35.5,27,31.2,42,30.6,36.9,24.4,68.8,0,0,0,,0,0,27,19.4,127.9,1007.2,37.2,9.7,251.6,21.9,9,,2020-07-24T05:27:39,2020-07-24T18:38:51,0.12,Partially cloudy,Partly cloudy throughout the day.,partly-cloudy-day,"48820099999,48823099999,48825099999,48831099999,VVNB"
cầu giấy,2020-07-25,36.1,27,31.5,43.3,30.6,37.9,24.8,69.2,0,0,0,,0,0,29.9,21.4,123,1006.1,47.6,9.6,266.4,23.1,9,,2020-07-25T05:28:02,2020-07-25T18:38:28,0.16,Partially cloudy,Partly cloudy throughout the day.,partly-cloudy-day,"48820099999,48823099999,48825099999,48831099999,VVNB"
cầu giấy,2020-07-26,35.5,25.9,30,44.6,25.9,35.1,24.7,74.2,0.011,100,4.17,rain,0,0,50,27,126.8,1004.7,72.6,9.8,267,23.1,9,,2020-07-26T05:28:26,2020-07-26T18:38:04,0.2,"Rain, Partially cloudy",Partly cloudy throughout the day with late afternoon rain.,rain,"48820099999,48823099999,48825099999,48831099999,VVNB"
cầu giấy,2020-07-27,31.5,26,28.5,37.2,26,32.4,24.1,77.2,3,100,16.67,rain,0,0,26.3,13,44.2,1004.2,69,8.9,179.3,15.6,7,,2020-07-27T05:28:49,2020-07-27T18:37:40,0.25,"Rain, Partially cloudy",Partly cloudy throughout the day with rain.,rain,"48820099999,48823099999,48825099999,48831099999,VVNB,remote"
cầu giấy,2020-07-28,35,26,29.1,41,26,33.2,24.2,75.7,0.084,100,8.33,rain,0,0,22.7,17.5,78.3,1005.4,55.9,7.7,116.5,10,4,,2020-07-28T05:29:12,2020-07-28T18:37:14,0.27,"Rain, Partially cloudy",Partly cloudy throughout the day with rain.,rain,"48820099999,48823099999,48825099999,48831099999,remote,VVNB"
cầu giấy,2020-07-29,34.4,27,29.9,41,30.1,35.3,24.6,74.3,8.4,100,37.5,rain,0,0,22,14.8,107.5,1005.4,51.6,8,228.3,19.6,8,,2020-07-29T05:29:35,2020-07-29T18:36:47,0.3,"Rain, Partially cloudy",Partly cloudy throughout the day with a chance of rain throughout the day.,rain,"48820099999,48823099999,48825099999,48831099999,VVNB"
cầu giấy,2020-07-30,36,27,31.6,41.3,30.6,37.4,24.3,67.4,1.2,100,20.83,rain,0,0,23.4,18.5,109.1,1004.9,51.1,9.3,254.7,22,9,,2020-07-30T05:29:58,2020-07-30T18:36:19,0.34,"Rain, Partially cloudy",Partly cloudy throughout the day with rain in the morning and afternoon.,rain,"48820099999,48823099999,48825099999,48831099999,VVNB"
cầu giấy,2020-07-31,34.5,28,30,40.1,32.7,36.1,25.1,76.1,19.81,100,8.33,rain,0,0,22,16.8,56.4,1003.3,36.5,9,238,20.3,8,,2020-07-31T05:30:21,2020-07-31T18:35:50,0.38,"Rain, Partially cloudy",Partly cloudy throughout the day with rain.,rain,"48820099999,48823099999,48825099999,48831099999,VVNB"
cầu giấy,2020-08-01,33,26.5,29.3,38.2,26.5,34,24.3,75.2,8.067,100,12.5,rain,0,0,36.7,21.2,3.1,999.3,72.1,9.7,60.9,5.2,4,,2020-08-01T05:30:43,2020-08-01T18:35:20,0.41,"Rain, Partially cloudy",Partly cloudy throughout the day with rain.,rain,"48820099999,48823099999,48825099999,48831099999,VVNB"
cầu giấy,2020-08-02,28.9,25.5,26.8,33.9,25.5,28.6,24.3,86.3,66.526,100,29.17,rain,0,0,61.2,28.6,25.8,997.7,61.8,8.5,55.9,4.8,2,,2020-08-02T05:31:05,2020-08-02T18:34:49,0.45,"Rain, Partially cloudy",Partly cloudy throughout the day with a chance of rain throughout the day.,rain,"48820099999,48823099999,48825099999,48831099999,VVNB"
cầu giấy,2020-08-03,30.3,25,27.1,36.7,25,29.7,24.5,85.8,3.96,100,8.33,rain,0,0,21.6,17.6,57.8,999.8,69.7,9.5,78.5,6.7,3,,2020-08-03T05:31:28,2020-08-03T18:34:17,0.5,"Rain, Partially cloudy",Partly cloudy throughout the day with rain clearing later.,rain,"48820099999,48823099999,48825099999,48831099999,VVNB"
cầu giấy,2020-08-04,30,26,27.5,36.2,26,31.2,25,86.5,6.19,100,12.5,rain,0,0,24.1,16.5,101.1,1001.1,72.7,9.5,74.4,6.5,3,,2020-08-04T05:31:50,2020-08-04T18:33:44,0.52,"Rain, Partially cloudy",Partly cloudy throughout the day with rain.,rain,"48820099999,48823099999,48825099999,48831099999,VVNB"
cầu giấy,2020-08-05,28.5,26,27.2,35.1,26,30.1,25.1,88.3,41.863,100,12.5,rain,0,0,19.8,13,115.9,1003.3,72.5,7.7,58.1,5,2,,2020-08-05T05:32:11,2020-08-05T18:33:10,0.55,"Rain, Partially cloudy",Partly cloudy throughout the day with rain.,rain,"48820099999,48823099999,48825099999,48831099999,VVNB"
cầu giấy,2020-08-06,29,25.5,27,35.7,25.5,29.8,25.2,89.9,3.515,100,12.5,rain,0,0,22,14.8,102.3,1005.6,74.8,8.5,68.1,5.9,2,,2020-08-06T05:32:33,2020-08-06T18:32:35,0.58,"Rain, Partially cloudy",Partly cloudy throughout the day with a chance of rain throughout the day.,rain,"48820099999,48823099999,48825099999,48831099999,VVNB"
cầu giấy,2020-08-07,29.7,26,27.3,37.1,26,30.7,24.9,87,35.063,100,12.5,rain,0,0,31,14.7,90.8,1005.8,63.2,9.6,166.2,14.3,6,,2020-08-07T05:32:54,2020-08-07T18:32:00,0.61,"Rain, Partially cloudy",Partly cloudy throughout the day with a chance of rain throughout the day.,rain,"48820099999,48823099999,48825099999,48831099999,VVNB"
cầu giấy,2020-08-08,33.8,26,29.8,41.3,26,35,25,76.8,0.5,100,8.33,rain,0,0,30.2,17.5,117.9,1004.3,58.2,9.1,227.7,19.4,8,,2020-08-08T05:33:15,2020-08-08T18:31:23,0.65,"Rain, Partially cloudy",Partly cloudy throughout the day with afternoon rain.,rain,"48820099999,48823099999,48825099999,48831099999,VVNB"
cầu giấy,2020-08-09,34.8,27,30.3,44.5,30.6,37.1,25.7,77.2,0.297,100,4.17,rain,0,0,24.1,18.5,117.1,1002.4,42.9,9.1,222.3,19.3,9,,2020-08-09T05:33:36,2020-08-09T18:30:45,0.68,"Rain, Partially cloudy",Partly cloudy throughout the day with late afternoon rain.,rain,"48820099999,48823099999,48825099999,48831099999,VVNB"
cầu giấy,2020-08-10,36.5,27,31.2,49.1,30,38.5,25.6,73.3,0.198,100,4.17,rain,0,0,22.7,18.5,134.8,1001.2,48.8,9.8,251.9,21.6,9,,2020-08-10T05:33:56,2020-08-10T18:30:06,0.71,"Rain, Partially cloudy",Partly cloudy throughout the day with early morning rain.,rain,"48820099999,48823099999,48825099999,48831099999,VVNB"
cầu giấy,2020-08-11,35.5,25.8,29.6,43.2,25.8,33.5,24.4,75.4,28.452,100,8.33,rain,0,0,28.1,25,107.1,1001.8,48.8,10,261.7,22.5,8,,2020-08-11T05:34:17,2020-08-11T18:29:27,0.75,"Rain, Partially cloudy",Partly cloudy throughout the day with rain.,rain,"48820099999,48823099999,48825099999,48831099999,VVNB"
cầu giấy,2020-08-12,34.5,26.5,30.1,45,26.5,36.7,25.7,77.8,19.852,100,4.17,rain,0,0,25.6,19.5,107.8,1004,62.5,10.2,249.5,21.5,9,,2020-08-12T05:34:37,2020-08-12T18:28:46,0.78,"Rain, Partially cloudy",Partly cloudy throughout the day with early morning rain.,rain,"48820099999,48823099999,48825099999,48831099999,VVNB"
cầu giấy,2020-08-13,30,25,27.5,37.1,25,30.8,24.5,84,14.356,100,8.33,rain,0,0,20.5,24.1,108.7,1005.6,69.8,9.8,137.9,11.9,4,,2020-08-13T05:34:56,2020-08-13T18:28:05,0.81,"Rain, Partially cloudy",Partly cloudy throughout the day with rain in the morning and afternoon.,rain,"48820099999,48823099999,48825099999,48831099999,VVNB"
cầu giấy,2020-08-14,29,25,26.6,34.1,25,28.2,24,86.2,8.486,100,12.5,rain,0,0,26.3,19.4,121.1,1006.1,73,9.1,109.3,9.4,5,,2020-08-14T05:35:16,2020-08-14T18:27:23,0.84,"Rain, Partially cloudy",Partly cloudy throughout the day with a chance of rain throughout the day.,rain,"48820099999,48823099999,48825099999,48831099999,VVNB"
cầu giấy,2020-08-15,30.5,24.5,27.3,36.8,24.5,29.9,24.3,84.1,0.001,100,4.17,rain,0,0,30.2,20.3,98.4,1005.2,66.6,9.5,208.8,17.9,9,,2020-08-15T05:35:35,2020-08-15T18:26:40,0.87,"Rain, Partially cloudy",Partly cloudy throughout the day with afternoon rain.,rain,"48820099999,48823099999,48825099999,48831099999,VVNB"
cầu giấy,2020-08-16,30.8,25,27.1,36.7,25,29.2,24,83.7,18.697,100,12.5,rain,0,0,29.9,16.6,93.8,1004.4,61.4,9.3,142,12,5,,2020-08-16T05:35:54,2020-08-16T18:25:57,0.91,"Rain, Partially cloudy",Partly cloudy throughout the day with rain.,rain,"48820099999,48823099999,48825099999,48831099999,VVNB"
cầu giấy,2020-08-17,29.6,25,26.4,34.5,25,27.5,24,87.3,4.948,100,8.33,rain,0,0,37.1,19.4,96.8,1004.5,70.5,8.3,157.5,13.6,7,,2020-08-17T05:36:13,2020-08-17T18:25:12,0.94,"Rain, Partially cloudy",Partly cloudy throughout the day with rain.,rain,"48820099999,48823099999,48825099999,48831099999,VVNB"
cầu giấy,2020-08-18,28.5,25,26.3,33.2,25,27.6,24.1,87.7,52.094,100,12.5,rain,0,0,29.2,18.5,92.1,1005.2,73.4,9.5,97.7,8.5,4,,2020-08-18T05:36:32,2020-08-18T18:24:27,0.97,"Rain, Partially cloudy",Partly cloudy throughout the day with rain.,rain,"48820099999,48823099999,48825099999,48831099999,VVNB"
cầu giấy,2020-08-19,31,25.6,27.5,36.1,25.6,30.2,24,81.7,47.422,100,16.67,rain,0,0,20.2,11.2,61.2,1005,61.6,9.5,73,6.2,3,,2020-08-19T05:36:50,2020-08-19T18:23:41,0,"Rain, Partially cloudy",Partly cloudy throughout the day with a chance of rain throughout the day.,rain,"48820099999,48823099999,48825099999,48831099999,VVNB"
cầu giấy,2020-08-20,32.5,26,28.4,38,26,31.8,24.3,79.3,0.1,100,8.33,rain,0,0,18.7,13.9,114.3,1006.4,54.3,9.1,133.3,11.6,5,,2020-08-20T05:37:08,2020-08-20T18:22:55,0.04,"Rain, Partially cloudy",Partly cloudy throughout the day with rain.,rain,"48820099999,48823099999,48825099999,48831099999,VVNB"
cầu giấy,2020-08-21,32.5,25.5,28.3,38,25.5,31.4,23.8,77.5,50.492,100,8.33,rain,0,0,23,12.1,116.5,1008,67,9.8,87.7,7.6,5,,2020-08-21T05:37:26,2020-08-21T18:22:07,0.07,"Rain, Partially cloudy",Partly cloudy throughout the day with rain in the morning and afternoon.,rain,"48820099999,48823099999,48825099999,48831099999,VVNB"
cầu giấy,2020-08-22,32.9,25.7,28.5,39.2,25.7,32,24.3,79.2,6.781,100,12.5,rain,0,0,20.9,13,306.4,1007.8,56,9.1,140.8,12,6,,2020-08-22T05:37:43,2020-08-22T18:21:19,0.11,"Rain, Partially cloudy",Partly cloudy throughout the day with rain.,rain,"48820099999,48823099999,48825099999,48831099999,VVNB"
cầu giấy,2020-08-23,34,26,30,40.6,26,35,24.6,74.5,0.099,100,4.17,rain,0,0,27.7,17.5,121.3,1006.1,42.2,8.9,218.3,18.8,7,,2020-08-23T05:38:01,2020-08-23T18:20:31,0.15,"Rain, Partially cloudy",Partly cloudy throughout the day with early morning rain.,rain,"48820099999,48823099999,48825099999,48831099999,VVNB"
cầu giấy,2020-08-24,35.8,25.9,30.6,42.1,25.9,36.2,24.7,72.6,0.099,100,4.17,rain,0,0,38.9,22.2,139.4,1003.9,44.7,10,255.3,22,8,,2020-08-24T05:38:18,2020-08-24T18:19:41,0.18,"Rain, Partially cloudy",Partly cloudy throughout the day with late afternoon rain.,rain,"48820099999,48823099999,48825099999,48831099999,VVNB"
cầu giấy,2020-08-25,35.7,25.7,29.5,43.4,25.7,33.4,23.9,72.9,11.873,100,4.17,rain,0,0,24.8,15.7,298.5,1002.8,67.8,9.9,250.9,21.6,8,,2020-08-25T05:38:34,2020-08-25T18:18:52,0.22,"Rain, Partially cloudy",Partly cloudy throughout the day with early morning rain.,rain,"48820099999,48823099999,48825099999,48831099999,VVNB"
cầu giấy,2020-08-26,36.5,27,31.3,43.4,29.9,36.8,24.1,67.6,0.1,100,4.17,rain,0,0,27.7,13.9,347.6,1001.4,61.4,10.1,253.1,21.9,8,,2020-08-26T05:38:51,2020-08-26T18:18:01,0.25,"Rain, Partially cloudy",Partly cloudy throughout the day with morning rain.,rain,"48820099999,48823099999,48825099999,48831099999,VVNB"
cầu giấy,2020-08-27,36,28,31.5,45.3,32.7,38.7,25.4,71.6,0,0,0,,0,0,26.6,14.8,125.4,1000.4,25.9,8.9,277.8,24.1,9,,2020-08-27T05:39:07,2020-08-27T18:17:10,0.29,Partially cloudy,Partly cloudy throughout the day.,partly-cloudy-day,"48820099999,48823099999,48825099999,48831099999,VVNB"
cầu giấy,2020-08-28,35,28,31,45.8,33.1,39,26.1,76.1,1.66,100,8.33,rain,0,0,25.6,15.7,97.6,1001.7,36.6,9,232.5,20.1,8,,2020-08-28T05:39:24,2020-08-28T18:16:19,0.32,"Rain, Partially cloudy",Partly cloudy throughout the day with rain.,rain,"48820099999,48823099999,48825099999,48831099999,VVNB"
cầu giấy,2020-08-29,35,28,31.3,44.1,32.7,39,25.8,73.8,3.1,100,33.33,rain,0,0,27,17.5,115.1,1003.6,47.9,9.5,224.5,19.3,8,,2020-08-29T05:39:40,2020-08-29T18:15:27,0.36,"Rain, Partially cloudy",Partly cloudy throughout the day with a chance of rain throughout the day.,rain,"48820099999,48823099999,48825099999,48831099999,VVNB"
cầu giấy,2020-08-30,35.1,27.5,31,43.5,32,37.8,25.3,72.7,0.099,100,4.17,rain,0,0,27.7,14.8,108.1,1004.8,44.5,9.3,187.8,16.2,8,,2020-08-30T05:39:56,2020-08-30T18:14:34,0.39,"Rain, Partially cloudy",Partly cloudy throughout the day with afternoon rain.,rain,"48820099999,48823099999,48825099999,48831099999,VVNB"
cầu giấy,2020-08-31,34.1,28,30.5,42,31.6,36.8,25,73.6,2.4,100,25,rain,0,0,25.2,14.8,336.3,1006.7,51.6,9.3,180.7,15.6,7,,2020-08-31T05:40:11,2020-08-31T18:13:41,0.43,"Rain, Partially cloudy",Partly cloudy throughout the day with a chance of rain throughout the day.,rain,"48820099999,48823099999,48825099999,48831099999,VVNB"
cầu giấy,2020-09-01,36,25,30.5,42.5,25,34.7,23.3,67.2,0.1,100,4.17,rain,0,0,24.5,13,300.3,1006.7,34,9.5,273.2,23.6,9,,2020-09-01T05:40:27,2020-09-01T18:12:48,0.46,"Rain, Partially cloudy",Partly cloudy throughout the day with early morning rain.,rain,"48820099999,48823099999,48825099999,48831099999,VVNB"
cầu giấy,2020-09-02,36,27.5,31.5,44.2,31,37.9,24.7,68.5,0.099,100,4.17,rain,0,0,19.8,12.1,50.4,1006.7,13.9,7.1,275,23.6,9,,2020-09-02T05:40:42,2020-09-02T18:11:54,0.5,Rain,Clear conditions throughout the day with late afternoon rain.,rain,"48820099999,48823099999,48825099999,48831099999,VVNB"
cầu giấy,2020-09-03,35.5,28,30.8,42.8,31.9,37.8,25.3,73.6,0.989,100,4.17,rain,0,0,18.7,11.2,59,1007.7,24.6,6.5,230.1,19.9,8,,2020-09-03T05:40:57,2020-09-03T18:11:00,0.53,"Rain, Partially cloudy",Partly cloudy throughout the day with afternoon rain.,rain,"48820099999,48823099999,48825099999,48831099999,VVNB"
cầu giấy,2020-09-04,35,28,31,41.9,32.7,37.7,25.1,71.6,0.7,100,20.83,rain,0,0,22,19.5,101.5,1007.1,34.5,8.1,226.5,19.6,9,,2020-09-04T05:41:12,2020-09-04T18:10:06,0.57,"Rain, Partially cloudy",Partly cloudy throughout the day with rain in the morning and afternoon.,rain,"48820099999,48823099999,48825099999,48831099999,VVNB"
cầu giấy,2020-09-05,36,28,31.5,44.4,32.7,38.1,25,69.9,4.1,100,29.17,rain,0,0,23,15.7,133.5,1005.1,29.2,9,218.5,18.7,8,,2020-09-05T05:41:27,2020-09-05T18:09:11,0.6,"Rain, Partially cloudy",Partly cloudy throughout the day with rain.,rain,"48820099999,48823099999,48825099999,48831099999,VVNB"
cầu giấy,2020-09-06,35.8,26.3,31.1,45.4,26.3,38.2,25.4,72.8,4.4,100,20.83,rain,0,0,24.5,25.9,120.2,1003.2,64.7,9.5,194.9,16.8,7,,2020-09-06T05:41:42,2020-09-06T18:08:15,0.63,"Rain, Partially cloudy",Partly cloudy throughout the day with rain.,rain,"48820099999,48823099999,48825099999,48831099999,VVNB"
cầu giấy,2020-09-07,28.1,25,26.6,31.9,25,27.9,23.9,85.4,33.651,100,8.33,rain,0,0,33.8,12.1,354.4,1005.4,73.5,9.6,78.7,6.7,3,,2020-09-07T05:41:57,2020-09-07T18:07:20,0.66,"Rain, Partially cloudy",Partly cloudy throughout the day with rain.,rain,"48820099999,48823099999,48825099999,48831099999,VVNB"
cầu giấy,2020-09-08,31.3,25,28,38.4,25,31.4,24.5,82,12.9,100,50,rain,0,0,17.6,14.8,61.2,1008.3,64.8,9,104.6,9,4,,2020-09-08T05:42:11,2020-09-08T18:06:24,0.7,"Rain, Partially cloudy",Partly cloudy throughout the day with rain.,rain,"48820099999,48823099999,48825099999,48831099999,VVNB"
cầu giấy,2020-09-09,31,26,28.4,39.1,26,32.6,24.8,81.2,0.032,100,4.17,rain,0,0,24.5,19.5,114.7,1008.2,68.2,9.2,139.4,11.9,6,,2020-09-09T05:42:26,2020-09-09T18:05:28,0.73,"Rain, Partially cloudy",Partly cloudy throughout the day with early morning rain.,rain,"48820099999,48823099999,48825099999,48831099999,VVNB"
cầu giấy,2020-09-10,33.7,26.5,29.2,41,26.5,34.4,25.2,80.4,0.099,100,4.17,rain,0,0,27.4,14.8,119.2,1004.9,60.5,9.4,159.4,13.9,8,,2020-09-10T05:42:40,2020-09-10T18:04:32,0.75,"Rain, Partially cloudy",Partly cloudy throughout the day with late afternoon rain.,rain,"48820099999,48823099999,48825099999,48831099999,VVNB"
cầu giấy,2020-09-11,33.2,26,28.9,42.9,26,33.9,24.9,79.3,8.5,100,45.83,rain,0,0,25.2,14.3,93.1,1005.7,44.6,9.1,97.1,8.3,5,,2020-09-11T05:42:55,2020-09-11T18:03:35,0.79,"Rain, Partially cloudy",Partly cloudy throughout the day with a chance of rain throughout the day.,rain,"48820099999,48823099999,48825099999,48831099999,VVNB"
cầu giấy,2020-09-12,33.5,25.5,29.3,42.8,25.5,35.7,25.9,82.6,0.297,100,4.17,rain,0,0,20.2,14.8,83.5,1008.6,46.5,8.6,121.2,10.6,4,,2020-09-12T05:43:09,2020-09-12T18:02:39,0.83,"Rain, Partially cloudy",Partly cloudy throughout the day with late afternoon rain.,rain,"48820099999,48823099999,48825099999,48831099999,VVNB"
cầu giấy,2020-09-13,32.8,25,28.7,40.7,25,32.8,24.9,81.2,2.194,100,8.33,rain,0,0,28.1,18.4,107.1,1009.8,65.6,9.5,175.6,15.2,7,,2020-09-13T05:43:23,2020-09-13T18:01:42,0.86,"Rain, Partially cloudy",Partly cloudy throughout the day with rain in the morning and afternoon.,rain,"48820099999,48823099999,48825099999,48831099999,VVNB"
cầu giấy,2020-09-14,33.5,26,28.5,40.2,26,32.5,24.5,80.1,12.567,100,12.5,rain,0,0,26.6,15.9,121.5,1008.4,57.5,9.6,150.9,13.3,6,,2020-09-14T05:43:38,2020-09-14T18:00:45,0.89,"Rain, Partially cloudy",Partly cloudy throughout the day with rain.,rain,"48820099999,48823099999,48825099999,48831099999,VVNB"
cầu giấy,2020-09-15,33.5,26,29.6,41.8,26,35.1,25.3,78.4,0.3,100,8.33,rain,0,0,24.5,18.4,120.8,1007,60.2,9,173.7,15,6,,2020-09-15T05:43:52,2020-09-15T17:59:48,0.93,"Rain, Partially cloudy",Partly cloudy throughout the day with rain clearing later.,rain,"48820099999,48823099999,48825099999,48831099999,VVNB"
cầu giấy,2020-09-16,34.5,27,29.9,45,29.4,35.9,25.2,77,0.099,100,4.17,rain,0,0,24.1,23.2,124.7,1005.6,48.4,9.7,202.6,17.4,7,,2020-09-16T05:44:06,2020-09-16T17:58:51,0.96,"Rain, Partially cloudy",Partly cloudy throughout the day with late afternoon rain.,rain,"48820099999,48823099999,48825099999,48831099999,VVNB"
cầu giấy,2020-09-17,34.5,27,30.3,42.2,29.6,35.7,24.5,72.8,8.1,100,50,rain,0,0,24.8,15.7,73,1004.8,47.4,9.3,191.8,16.6,7,,2020-09-17T05:44:21,2020-09-17T17:57:54,0,"Rain, Partially cloudy",Partly cloudy throughout the day with a chance of rain throughout the day.,rain,"48820099999,48823099999,48825099999,48831099999,VVNB"
cầu giấy,2020-09-18,29,26,27.4,33.9,26,28.8,20.8,67.6,0.469,100,12.5,rain,0,0,55.4,23.2,6,1006.5,78.9,10,137.2,11.9,6,,2020-09-18T05:44:35,2020-09-18T17:56:56,0.03,"Rain, Partially cloudy",Partly cloudy throughout the day with a chance of rain throughout the day.,rain,"48820099999,48823099999,48825099999,48831099999,VVNB"
cầu giấy,2020-09-19,25.5,24,24.8,25.5,24,24.8,21.4,81.7,33.676,100,16.67,rain,0,0,35.3,22.3,0.7,1008.2,76.9,9.3,43.1,3.8,2,,2020-09-19T05:44:49,2020-09-19T17:55:59,0.06,"Rain, Partially cloudy",Partly cloudy throughout the day with a chance of rain throughout the day.,rain,"48820099999,48823099999,48825099999,48831099999,VVNB"
cầu giấy,2020-09-20,26.6,24,25.3,26.6,24,25.3,23.1,88,2.48,100,12.5,rain,0,0,20.2,10.3,23.3,1009.4,67.2,8,54,4.7,3,,2020-09-20T05:45:04,2020-09-20T17:55:02,0.1,"Rain, Partially cloudy",Partly cloudy throughout the day with a chance of rain throughout the day.,rain,"48820099999,48823099999,48825099999,48831099999,VVNB"
cầu giấy,2020-09-21,32.5,25,28.2,38.6,25,31.6,24.3,80.9,4.5,100,33.33,rain,0,0,28.4,17.5,127.9,1008.4,62.1,7.6,123.8,10.6,5,,2020-09-21T05:45:19,2020-09-21T17:54:05,0.13,"Rain, Partially cloudy",Partly cloudy throughout the day with rain clearing later.,rain,"48820099999,48823099999,48825099999,48831099999,VVNB"
cầu giấy,2020-09-22,32,25,27.8,40.1,25,31.8,25.1,85.8,0.198,100,8.33,rain,0,0,25.6,15.6,126.9,1007.8,59.3,8.9,95.6,8.4,4,,2020-09-22T05:45:33,2020-09-22T17:53:08,0.16,"Rain, Partially cloudy",Partly cloudy throughout the day with rain in the morning and afternoon.,rain,"48820099999,48823099999,48825099999,48831099999,VVNB"
cầu giấy,2020-09-23,31.2,25,27.3,38.6,25,30.2,24.6,85.3,0.594,100,4.17,rain,0,0,24.8,18.4,57.3,1008.6,57.5,9.1,53.6,4.5,2,,2020-09-23T05:45:48,2020-09-23T17:52:11,0.2,"Rain, Partially cloudy",Partly cloudy throughout the day with early morning rain.,rain,"48820099999,48823099999,48825099999,48831099999,VVNB"
cầu giấy,2020-09-24,28.5,23,25.8,32.3,23,26.5,22.1,80.3,6.926,100,8.33,rain,0,0,22.3,18.4,339.6,1010.9,68.7,9.7,92.9,8,5,,2020-09-24T05:46:03,2020-09-24T17:51:14,0.25,"Rain, Partially cloudy",Partly cloudy throughout the day with rain clearing later.,rain,"48820099999,48823099999,48825099999,48831099999,VVNB"
cầu giấy,2020-09-25,33,25,28.4,39.3,25,31.8,23.7,76.4,0.198,100,4.17,rain,0,0,27.4,16.5,121.1,1007.8,62.6,9.7,164.5,14.3,7,,2020-09-25T05:46:18,2020-09-25T17:50:17,0.27,"Rain, Partially cloudy",Partly cloudy throughout the day with afternoon rain.,rain,"48820099999,48823099999,48825099999,48831099999,VVNB"
cầu giấy,2020-09-26,32.9,25,28.9,41.1,25,33.6,24.8,79.4,0.851,100,4.17,rain,0,0,20.5,16.8,110.8,1006.3,58,10.3,138.2,12.1,6,,2020-09-26T05:46:34,2020-09-26T17:49:21,0.3,"Rain, Partially cloudy",Partly cloudy throughout the day with morning rain.,rain,"48820099999,48823099999,48825099999,48831099999,VVNB"
cầu giấy,2020-09-27,28.4,24,26.1,35.8,24,27.5,23.2,84.1,35.169,100,8.33,rain,0,0,25.6,21.4,30.1,1008.6,68.5,9.8,75,6.6,3,,2020-09-27T05:46:49,2020-09-27T17:48:24,0.34,"Rain, Partially cloudy",Partly cloudy throughout the day with rain in the morning and afternoon.,rain,"48820099999,48823099999,48825099999,48831099999,VVNB"
cầu giấy,2020-09-28,30,24,26.6,34.5,24,28.5,23.1,81.5,1.12,100,8.33,rain,0,0,24.1,13,33.2,1008.7,70.1,9.5,79.3,6.7,3,,2020-09-28T05:47:05,2020-09-28T17:47:28,0.37,"Rain, Partially cloudy",Partly cloudy throughout the day with rain.,rain,"48820099999,48823099999,48825099999,48831099999,VVNB"
cầu giấy,2020-09-29,33,25.8,29,38.6,25.8,32.4,24.3,77.4,0.01,100,4.17,rain,0,0,26.6,16.6,95.4,1006.9,55.8,8,151.1,12.9,6,,2020-09-29T05:47:20,2020-09-29T17:46:32,0.41,"Rain, Partially cloudy",Partly cloudy throughout the day with late afternoon rain.,rain,"48820099999,48823099999,48825099999,48831099999,VVNB"
cầu giấy,2020-09-30,34.1,26,29.9,41.6,26,35.4,24.9,75.9,0.085,100,8.33,rain,0,0,19.1,16.6,107.9,1005.6,37.9,9,96.1,8.2,4,,2020-09-30T05:47:37,2020-09-30T17:45:37,0.44,"Rain, Partially cloudy",Partly cloudy throughout the day with rain.,rain,"48820099999,48823099999,48825099999,48831099999,VVNB"
cầu giấy,2020-10-01,31,25,27.9,36.5,25,31.1,24.4,82.1,21.042,100,8.33,rain,0,0,23.8,16.5,95.8,1007.1,60.6,9.3,101.1,8.5,4,,2020-10-01T05:47:53,2020-10-01T17:44:41,0.48,"Rain, Partially cloudy",Partly cloudy throughout the day with rain in the morning and afternoon.,rain,"48820099999,48823099999,48825099999,48831099999,VVNB"
cầu giấy,2020-10-02,32,26,28.4,38,26,31.8,24.5,80.3,0.095,100,12.5,rain,0,0,23.4,13.9,97.1,1008,58.4,8.2,146.5,12.7,7,,2020-10-02T05:48:09,2020-10-02T17:43:46,0.5,"Rain, Partially cloudy",Partly cloudy throughout the day with rain.,rain,"48820099999,48823099999,48825099999,48831099999,VVNB"
cầu giấy,2020-10-03,31,25.5,27.2,37.3,25.5,29.7,24.8,87.5,8.117,100,8.33,rain,0,0,26.3,13.8,86,1009,49.9,8.1,125,10.9,6,,2020-10-03T05:48:26,2020-10-03T17:42:52,0.54,"Rain, Partially cloudy",Partly cloudy throughout the day with rain in the morning and afternoon.,rain,"48820099999,48823099999,48825099999,48831099999,VVNB"
cầu giấy,2020-10-04,33,25,28.6,39.1,25,32,24.7,80.6,0.21,100,8.33,rain,0,0,22.3,13.9,115.1,1009,70.6,8.6,120.9,10.5,5,,2020-10-04T05:48:43,2020-10-04T17:41:58,0.58,"Rain, Partially cloudy",Partly cloudy throughout the day with rain in the morning and afternoon.,rain,"48820099999,48823099999,48825099999,48831099999,VVNB"
cầu giấy,2020-10-05,32.5,26,27.9,38.5,26,31.4,24.5,82.7,0.998,100,8.33,rain,0,0,19.8,18.6,86.2,1009.7,48,9.2,58.4,5,2,,2020-10-05T05:49:01,2020-10-05T17:41:04,0.61,"Rain, Partially cloudy",Partly cloudy throughout the day with rain.,rain,"48820099999,48823099999,48825099999,48831099999,VVNB"
cầu giấy,2020-10-06,29.4,24,26.2,32.4,24,26.9,20.7,72.2,0.004,100,4.17,rain,0,0,24.5,18.6,28.2,1012.8,54.9,10,86.9,7.4,4,,2020-10-06T05:49:18,2020-10-06T17:40:10,0.64,"Rain, Partially cloudy",Partly cloudy throughout the day with afternoon rain.,rain,"48820099999,48823099999,48825099999,48831099999,VVNB"
cầu giấy,2020-10-07,28.1,23,25.1,29.5,23,25.5,18.6,67.6,0.4,100,16.67,rain,0,0,31,20.5,27.1,1014.7,61.6,10,162.5,14.1,7,,2020-10-07T05:49:36,2020-10-07T17:39:17,0.68,"Rain, Partially cloudy",Partly cloudy throughout the day with rain clearing later.,rain,"48820099999,48823099999,48825099999,48831099999,VVNB"
cầu giấy,2020-10-08,27.5,22,24.2,28.3,22,24.3,16.2,61.3,0,0,0,,0,0,34.6,24.1,20.7,1015.5,78.9,10,199,17.1,8,,2020-10-08T05:49:55,2020-10-08T17:38:25,0.71,Partially cloudy,Partly cloudy throughout the day.,partly-cloudy-day,"48820099999,48823099999,48825099999,48831099999,VVNB"
cầu giấy,2020-10-09,27.5,21,24.1,28.3,21,24.3,15.9,60.5,0,0,0,,0,0,38.9,21.4,9.2,1016.1,45.5,10,213.2,18.5,8,,2020-10-09T05:50:14,2020-10-09T17:37:33,0.75,Partially cloudy,Partly cloudy throughout the day.,partly-cloudy-day,"48820099999,48823099999,48825099999,48831099999,VVNB"
cầu giấy,2020-10-10,27.1,20,23.4,27.7,20,23.5,15.3,61.2,0,0,0,,0,0,31.7,24.1,13,1014.5,31.5,11,220.8,19,8,,2020-10-10T05:50:33,2020-10-10T17:36:42,0.75,Partially cloudy,Clearing in the afternoon.,partly-cloudy-day,"48820099999,48823099999,48825099999,48831099999,VVNB"
cầu giấy,2020-10-11,27.5,20.5,23.9,28.1,20.5,24,15.4,59.6,0,0,0,,0,0,29.9,17.5,359.6,1011.9,55.9,10.7,189,16.3,8,,2020-10-11T05:50:52,2020-10-11T17:35:51,0.81,Partially cloudy,Partly cloudy throughout the day.,partly-cloudy-day,"48820099999,48823099999,48825099999,48831099999,VVNB"
cầu giấy,2020-10-12,29.4,21.5,25.3,30.4,21.5,25.6,17.6,63.3,0,0,0,,0,0,32.8,19.4,338.8,1010.2,71.5,9.7,159.4,14,5,,2020-10-12T05:51:12,2020-10-12T17:35:00,0.85,Partially cloudy,Partly cloudy throughout the day.,partly-cloudy-day,"48820099999,48823099999,48825099999,48831099999,VVNB"
cầu giấy,2020-10-13,30.5,24.9,27.6,31.7,24.9,28,18,56.8,1.7,100,8.33,rain,0,0,37.4,21.4,4.4,1008.9,58,9.7,214.5,18.6,8,,2020-10-13T05:51:32,2020-10-13T17:34:11,0.88,"Rain, Partially cloudy",Partly cloudy throughout the day with late afternoon rain.,rain,"48820099999,48823099999,48825099999,48831099999,VVNB"
cầu giấy,2020-10-14,27,22.5,23.6,27.9,22.5,23.7,20.7,84.3,55.415,100,25,rain,0,0,62.3,23.2,351.2,1007.2,94.2,7.9,26,2.1,1,,2020-10-14T05:51:53,2020-10-14T17:33:22,0.91,"Rain, Overcast",Cloudy skies throughout the day with a chance of rain throughout the day.,rain,"48820099999,48823099999,48825099999,48831099999,VVNB"
cầu giấy,2020-10-15,25,22.4,23.3,25,22.4,23.3,20.9,86.8,40.529,100,16.67,rain,0,0,38.9,19.4,3.3,1010.6,93.8,8.6,38,3.2,2,,2020-10-15T05:52:14,2020-10-15T17:32:33,0.95,"Rain, Overcast",Cloudy skies throughout the day with a chance of rain throughout the day.,rain,"48820099999,48823099999,48825099999,48831099999,remote,VVNB"
cầu giấy,2020-10-16,27,22.7,24.9,28.5,22.7,25,19.5,73.2,54.655,100,8.33,rain,0,0,39.6,25,2.6,1013,92,9.8,49.5,4.2,3,,2020-10-16T05:52:36,2020-10-16T17:31:46,0.98,"Rain, Overcast",Cloudy skies throughout the day with rain clearing later.,rain,"48820099999,48823099999,48825099999,48831099999,VVNB"
cầu giấy,2020-10-17,24.5,21,23.1,24.5,21,23.1,15.1,60.5,0.099,100,4.17,rain,0,0,34.2,21.4,355.4,1015.6,94.3,10,32.2,2.7,1,,2020-10-17T05:52:58,2020-10-17T17:30:59,0,"Rain, Overcast",Cloudy skies throughout the day with afternoon rain.,rain,"48820099999,48823099999,48825099999,48831099999,VVNB"
cầu giấy,2020-10-18,24,20.4,22.2,24,20.4,22.2,16.2,70.2,14.17,100,8.33,rain,0,0,40.7,23.2,358.7,1015.8,96.8,9.5,21.9,1.9,1,,2020-10-18T05:53:20,2020-10-18T17:30:13,0.05,"Rain, Overcast",Cloudy skies throughout the day with rain.,rain,"48820099999,48823099999,48825099999,48831099999,VVNB"
cầu giấy,2020-10-19,23,20.9,21.9,23,20.9,21.9,15.3,66.8,0.697,100,8.33,rain,0,0,31,18.4,346.5,1016.6,99,10,31.3,2.8,1,,2020-10-19T05:53:43,2020-10-19T17:29:27,0.08,"Rain, Overcast",Cloudy skies throughout the day with rain.,rain,"48820099999,48823099999,48825099999,48831099999,VVNB"
cầu giấy,2020-10-20,24.5,21.3,22.8,24.5,21.3,22.8,14.1,58.4,0.099,100,4.17,rain,0,0,32.4,15.7,356.2,1017.1,99.2,10,65.9,5.6,4,,2020-10-20T05:54:06,2020-10-20T17:28:43,0.11,"Rain, Overcast",Cloudy skies throughout the day with morning rain.,rain,"48820099999,48823099999,48825099999,48831099999,VVNB"
cầu giấy,2020-10-21,27.5,21.5,24,27.4,21.5,23.9,13.9,54.2,0,0,0,,0,0,34.6,21.3,348,1016.4,48.2,10,216,18.6,8,,2020-10-21T05:54:30,2020-10-21T17:27:59,0.15,Partially cloudy,Clearing in the afternoon.,partly-cloudy-day,"48820099999,48823099999,48825099999,48831099999,VVNB"
cầu giấy,2020-10-22,29,18,23.8,27.8,18,23.5,12,51.7,0,0,0,,0,0,36.7,20.5,343.8,1013.8,30.5,10.8,239.6,20.6,8,,2020-10-22T05:54:55,2020-10-22T17:27:16,0.18,Partially cloudy,Partly cloudy throughout the day.,partly-cloudy-day,"48820099999,48823099999,48825099999,48831099999,VVNB"
cầu giấy,2020-10-23,29,17,23.1,27.7,17,22.7,12,54.9,0,0,0,,0,0,35.6,19.4,1.5,1013.8,29.2,10.9,242.6,21,9,,2020-10-23T05:55:20,2020-10-23T17:26:34,0.25,Partially cloudy,Partly cloudy throughout the day.,partly-cloudy-day,"48820099999,48823099999,48825099999,48831099999,VVNB"
cầu giấy,2020-10-24,28.5,16.5,22.3,27.5,16.5,22.1,13.1,60.2,0,0,0,,0,0,22.3,13,346.5,1014.3,41.3,10.8,240.3,20.9,8,,2020-10-24T05:55:45,2020-10-24T17:25:53,0.25,Partially cloudy,Partly cloudy throughout the day.,partly-cloudy-day,"48820099999,48823099999,48825099999,48831099999,VVNB"
cầu giấy,2020-10-25,24.2,19,21.9,24.2,19,21.9,16.5,71.4,0.099,100,4.17,rain,0,0,16.9,14.8,331.7,1014,81,9.2,47.5,4.3,2,,2020-10-25T05:56:11,2020-10-25T17:25:13,0.28,"Rain, Partially cloudy",Partly cloudy throughout the day with late afternoon rain.,rain,"48820099999,48823099999,48825099999,48831099999,VVNB"
cầu giấy,2020-10-26,24,22,22.8,24,22,22.8,19.1,80.6,0.104,100,8.33,rain,0,0,22,12.1,352.9,1014.2,87.6,9.1,50.8,4.3,2,,2020-10-26T05:56:37,2020-10-26T17:24:34,0.32,"Rain, Partially cloudy",Partly cloudy throughout the day with rain.,rain,"48820099999,48823099999,48825099999,48831099999,VVNB"
cầu giấy,2020-10-27,29.9,22,25.2,32.3,22,26,21.4,80.7,0.992,100,4.17,rain,0,0,21.6,12.1,311.7,1012.7,49.4,8.2,151,13.2,6,,2020-10-27T05:57:04,2020-10-27T17:23:56,0.35,"Rain, Partially cloudy",Partly cloudy throughout the day with early morning rain.,rain,"48820099999,48823099999,48825099999,48831099999,VVNB"
cầu giấy,2020-10-28,30.5,22.5,26.1,32.1,22.5,26.8,20.9,74.8,0.625,100,4.17,rain,0,0,38.5,20.3,3.1,1012.5,64.8,9.1,133.6,11.6,6,,2020-10-28T05:57:32,2020-10-28T17:23:18,0.38,"Rain, Partially cloudy",Partly cloudy throughout the day with late afternoon rain.,rain,"48820099999,48823099999,48825099999,48831099999,VVNB"
cầu giấy,2020-10-29,24,22,22.8,24,22,22.8,18.4,76.5,18.866,100,12.5,rain,0,0,46.1,23.2,14.6,1015,92.2,9.4,30.7,2.6,1,,2020-10-29T05:58:00,2020-10-29T17:22:42,0.42,"Rain, Overcast",Cloudy skies throughout the day with a chance of rain throughout the day.,rain,"48820099999,48823099999,48825099999,48831099999,VVNB"
cầu giấy,2020-10-30,22,20,20.8,22,20,20.8,19.5,92.2,8.948,100,16.67,rain,0,0,33.5,12.1,337.6,1018.1,95.7,8.4,40,3.5,2,,2020-10-30T05:58:28,2020-10-30T17:22:07,0.45,"Rain, Overcast",Cloudy skies throughout the day with a chance of rain throughout the day.,rain,"48820099999,48823099999,48825099999,48831099999,VVNB"
cầu giấy,2020-10-31,24.5,20.6,22.3,24.5,20.6,22.3,19.9,86.6,2.088,100,8.33,rain,0,0,15.8,9.4,336.5,1017.8,73.7,8.6,28.1,2.3,1,,2020-10-31T05:58:58,2020-10-31T17:21:33,0.5,"Rain, Partially cloudy",Partly cloudy throughout the day with rain.,rain,"48820099999,48823099999,48825099999,48831099999,VVNB"
cầu giấy,2020-11-01,28.5,21,24.2,30.2,21,24.6,20.7,82.1,0,0,0,,0,0,16.6,11.2,84.9,1015.8,60.5,5.7,129.2,11.2,6,,2020-11-01T05:59:27,2020-11-01T17:21:00,0.52,Partially cloudy,Partly cloudy throughout the day.,partly-cloudy-day,"48820099999,48823099999,48825099999,48831099999,VVNB"
cầu giấy,2020-11-02,28,22,23.7,30.4,22,23.9,19.6,79,2.282,100,4.17,rain,0,0,32.8,19.4,33.6,1016.6,58.7,6.9,76.1,6.5,3,,2020-11-02T05:59:57,2020-11-02T17:20:28,0.55,"Rain, Partially cloudy",Partly cloudy throughout the day with late afternoon rain.,rain,"48820099999,48823099999,48825099999,48831099999,VVNB"
cầu giấy,2020-11-03,24.9,21,22.3,24.9,21,22.3,14,59.9,0.001,100,4.17,rain,0,0,24.8,15.7,1,1018.8,73.9,10,145,12.3,6,,2020-11-03T06:00:28,2020-11-03T17:19:57,0.59,"Rain, Partially cloudy",Partly cloudy throughout the day with early morning rain.,rain,"48820099999,48823099999,48825099999,48831099999,VVNB"
cầu giấy,2020-11-04,24.9,20.5,22.4,24.9,20.5,22.4,14.1,60,0,0,0,,0,0,22.7,15.7,358.6,1017.7,68.4,9.7,130.2,11.2,6,,2020-11-04T06:00:59,2020-11-04T17:19:27,0.62,Partially cloudy,Partly cloudy throughout the day.,partly-cloudy-day,"48820099999,48823099999,48825099999,48831099999,VVNB"
cầu giấy,2020-11-05,26.7,19,22.8,27.3,19,22.8,16.9,71,0,0,0,,0,0,14,10.3,77.1,1016.8,35.6,7.6,144.2,12.4,7,,2020-11-05T06:01:31,2020-11-05T17:18:59,0.66,Partially cloudy,Partly cloudy throughout the day.,partly-cloudy-day,"48820099999,48823099999,48825099999,48831099999,VVNB"
cầu giấy,2020-11-06,26,22,23.8,26,22,23.8,19.1,75.2,0.1,100,4.17,rain,0,0,23.4,10.4,312.8,1018,28.9,5.4,152.2,13.1,6,,2020-11-06T06:02:03,2020-11-06T17:18:32,0.69,"Rain, Partially cloudy",Partly cloudy throughout the day with afternoon rain.,rain,"48820099999,48823099999,48825099999,48831099999,VVNB"
cầu giấy,2020-11-07,28.1,22,25,28.4,22,25,16.7,61.5,0,0,0,,0,0,32,20.3,1,1018.9,33.4,9.7,177.4,15.2,7,,2020-11-07T06:02:36,2020-11-07T17:18:06,0.73,Partially cloudy,Partly cloudy throughout the day.,partly-cloudy-day,"48820099999,48823099999,48825099999,48831099999,VVNB"
cầu giấy,2020-11-08,29,21.5,25,28.6,21.5,24.9,14.7,54.5,0,0,0,,0,0,32.8,17.7,6.1,1019.2,20.6,10,205,17.8,7,,2020-11-08T06:03:09,2020-11-08T17:17:41,0.75,Partially cloudy,Partly cloudy throughout the day.,partly-cloudy-day,"48820099999,48823099999,48825099999,48831099999,VVNB"
cầu giấy,2020-11-09,28.2,20,23.7,27.3,20,23.5,11.9,50.2,0,0,0,,0,0,35.6,19.4,4.5,1018.8,2.8,10.9,217.7,18.8,8,,2020-11-09T06:03:42,2020-11-09T17:17:17,0.79,Clear,Clear conditions throughout the day.,clear-day,"48820099999,48823099999,48825099999,48831099999,VVNB"
cầu giấy,2020-11-10,27.3,17,22,26.5,17,21.9,10,49.4,0,0,0,,0,0,31.7,17.5,355,1019.4,69.1,9.8,213,18.5,7,,2020-11-10T06:04:17,2020-11-10T17:16:55,0.83,Partially cloudy,Partly cloudy throughout the day.,partly-cloudy-day,"48820099999,48823099999,48825099999,48831099999,VVNB"
cầu giấy,2020-11-11,27,18.5,22.7,26.6,18.5,22.7,11.7,52.4,0.2,100,4.17,rain,0,0,22,12.1,322,1020.6,59.5,9.3,124.4,10.9,5,,2020-11-11T06:04:51,2020-11-11T17:16:34,0.86,"Rain, Partially cloudy",Partly cloudy throughout the day with morning rain.,rain,"48820099999,48823099999,48825099999,48831099999,VVNB"
cầu giấy,2020-11-12,28.5,19,23.4,27.3,19,23.1,12.1,52.6,0,0,0,,0,0,23,13.9,339.8,1019.7,21,10.1,187.9,16.3,7,,2020-11-12T06:05:26,2020-11-12T17:16:14,0.9,Partially cloudy,Partly cloudy throughout the day.,partly-cloudy-day,"48820099999,48823099999,48825099999,48831099999,VVNB"
cầu giấy,2020-11-13,29.1,18.5,23.2,27.7,18.5,23,11.7,52.2,0,0,0,,0,0,26.3,16.6,348.8,1017.8,3.8,11,212.2,18.4,8,,2020-11-13T06:06:02,2020-11-13T17:15:56,0.93,Clear,Clear conditions throughout the day.,clear-day,"48820099999,48823099999,48825099999,48831099999,VVNB"
cầu giấy,2020-11-14,28,15.5,22.7,27.1,15.5,22.5,11.3,52.6,0,0,0,,0,0,28.8,18.6,2.2,1017.5,31.9,11.2,194.8,16.8,8,,2020-11-14T06:06:37,2020-11-14T17:15:39,0.97,Partially cloudy,Partly cloudy throughout the day.,partly-cloudy-day,"48820099999,48823099999,48825099999,48831099999,VVNB"
cầu giấy,2020-11-15,19.6,18.6,19,19.6,18.6,19,17.3,90.3,7.99,100,12.5,rain,0,0,35.6,18.5,313.6,1018.5,96.3,7.2,32.9,2.8,2,,2020-11-15T06:07:14,2020-11-15T17:15:23,0,"Rain, Overcast",Cloudy skies throughout the day with a chance of rain throughout the day.,rain,"48820099999,48823099999,48825099999,48831099999,VVNB"
cầu giấy,2020-11-16,21,19,20.2,21,19,20.2,19.4,94.8,32.857,100,16.67,rain,0,0,42.8,8.5,302.8,1016.9,94.1,5.6,15.7,1.3,1,,2020-11-16T06:07:50,2020-11-16T17:15:08,0.03,"Rain, Overcast",Cloudy skies throughout the day with a chance of rain throughout the day.,rain,"48820099999,48823099999,48825099999,48831099999,VVNB"
cầu giấy,2020-11-17,27.1,20.6,23.3,29.3,20.6,23.5,21.4,89.2,4.042,100,4.17,rain,0,0,27,18.6,130,1013,79.6,6.2,131.3,11.5,5,,2020-11-17T06:08:27,2020-11-17T17:14:55,0.07,"Rain, Partially cloudy",Partly cloudy throughout the day with morning rain.,rain,"48820099999,48823099999,48825099999,48831099999,VVNB"
cầu giấy,2020-11-18,28.9,22.7,25.2,31.1,22.7,25.9,21.6,81.4,0,0,0,,0,0,28.1,13.9,123.9,1011.3,67.8,8.2,110.9,9.7,4,,2020-11-18T06:09:05,2020-11-18T17:14:43,0.1,Partially cloudy,Partly cloudy throughout the day.,partly-cloudy-day,"48820099999,48823099999,48825099999,48831099999,VVNB"
cầu giấy,2020-11-19,28,22.7,24.9,29.9,22.7,25.3,21.7,83.6,0.099,100,4.17,rain,0,0,16.9,12.1,127,1010.8,68.9,7.4,97.4,8.6,4,,2020-11-19T06:09:42,2020-11-19T17:14:33,0.13,"Rain, Partially cloudy",Partly cloudy throughout the day with afternoon rain.,rain,"48820099999,48823099999,48825099999,48831099999,VVNB"
cầu giấy,2020-11-20,29,23,25.5,31.5,23,26.2,21.9,81.5,0,0,0,,0,0,26.6,16.6,137.4,1011.2,72.6,7.8,126.1,11,5,,2020-11-20T06:10:20,2020-11-20T17:14:24,0.16,Partially cloudy,Partly cloudy throughout the day.,partly-cloudy-day,"48820099999,48823099999,48825099999,48831099999,VVNB"
cầu giấy,2020-11-21,30,24,25.9,33.1,24,26.7,22.2,81.5,0,0,0,,0,0,24.5,19.4,125.8,1012.1,67.3,8.2,124.3,10.7,5,,2020-11-21T06:10:58,2020-11-21T17:14:16,0.2,Partially cloudy,Partly cloudy throughout the day.,partly-cloudy-day,"48820099999,48823099999,48825099999,48831099999,VVNB"
cầu giấy,2020-11-22,29,23,25.6,31.4,23,26.3,22.1,81.9,1.1,100,25,rain,0,0,22,14.8,109.3,1015.2,64.4,8.1,124.9,10.7,5,,2020-11-22T06:11:37,2020-11-22T17:14:10,0.25,"Rain, Partially cloudy",Partly cloudy throughout the day with rain in the morning and afternoon.,rain,"48820099999,48823099999,48825099999,48831099999,VVNB"
cầu giấy,2020-11-23,29,23.5,25.9,30.8,23.5,26.5,21.3,76.9,2.5,100,45.83,rain,0,0,27.7,16.6,118.3,1017.1,56.5,9.5,103.7,9.1,4,,2020-11-23T06:12:15,2020-11-23T17:14:05,0.26,"Rain, Partially cloudy",Partly cloudy throughout the day with a chance of rain throughout the day.,rain,"48820099999,48823099999,48825099999,48831099999,VVNB"
cầu giấy,2020-11-24,26.5,23,24.6,26.5,23,24.6,20,76,0.3,100,12.5,rain,0,0,23.8,15.7,123.6,1017.5,69.6,7.7,54.2,4.6,3,,2020-11-24T06:12:54,2020-11-24T17:14:01,0.3,"Rain, Partially cloudy",Partly cloudy throughout the day with early morning rain.,rain,"48820099999,48823099999,48825099999,48831099999,VVNB"
cầu giấy,2020-11-25,27,22,24.3,28.4,22,24.6,20,77.4,0.4,100,8.33,rain,0,0,22.7,13.9,136.1,1017,53.9,7.3,120.3,10.3,6,,2020-11-25T06:13:33,2020-11-25T17:13:59,0.33,"Rain, Partially cloudy",Partly cloudy throughout the day with rain in the morning and afternoon.,rain,"48820099999,48823099999,48825099999,48831099999,VVNB"
cầu giấy,2020-11-26,28.5,22,25.1,29.6,22,25.5,19.8,73.7,0.8,100,33.33,rain,0,0,23,12.1,104,1018.2,58.3,7.4,118.5,10.1,5,,2020-11-26T06:14:12,2020-11-26T17:13:58,0.36,"Rain, Partially cloudy",Partly cloudy throughout the day with a chance of rain throughout the day.,rain,"48820099999,48823099999,48825099999,48831099999,VVNB"
cầu giấy,2020-11-27,27.2,19,23.5,28.2,19,23.6,17.8,71.2,0,0,0,,0,0,26.3,19.4,59,1020.3,39.9,8.4,138.4,12,6,,2020-11-27T06:14:51,2020-11-27T17:13:59,0.4,Partially cloudy,Partly cloudy throughout the day.,partly-cloudy-day,"48820099999,48823099999,48825099999,48831099999,VVNB"
cầu giấy,2020-11-28,22.5,18,20.2,22.5,18,20.2,13.5,65.9,0,0,0,,0,0,32.8,20.5,33.8,1022.4,83.7,10,141,12.3,5,,2020-11-28T06:15:30,2020-11-28T17:14:00,0.43,Partially cloudy,Partly cloudy throughout the day.,partly-cloudy-day,"48820099999,48823099999,48825099999,48831099999,VVNB"
cầu giấy,2020-11-29,22.3,17,19.4,22.3,17,19.4,9.3,52.8,0,0,0,,0,0,26.6,21.4,11.7,1022.7,41.4,10.7,178.3,15.5,7,,2020-11-29T06:16:09,2020-11-29T17:14:04,0.46,Partially cloudy,Partly cloudy throughout the day.,partly-cloudy-day,"48820099999,48823099999,48825099999,48831099999,VVNB"
cầu giấy,2020-11-30,23.3,16,19.7,23.3,16,19.7,8.4,48.9,0,0,0,,0,0,29.5,22.3,21.2,1022.9,45.1,11.4,183.3,15.7,7,,2020-11-30T06:16:49,2020-11-30T17:14:08,0.5,Partially cloudy,Clearing in the afternoon.,partly-cloudy-day,"48820099999,48823099999,48825099999,48831099999,VVNB"
cầu giấy,2020-12-01,21,17.5,19.1,21,17.5,19.1,9.1,52.4,0,0,0,,0,0,23.4,18.4,35.2,1022.2,74.3,9.4,107.3,9.5,4,,2020-12-01T06:17:28,2020-12-01T17:14:14,0.53,Partially cloudy,Partly cloudy throughout the day.,partly-cloudy-day,"48820099999,48823099999,48825099999,48831099999,VVNB"
cầu giấy,2020-12-02,21,16,18.6,21,16,18.6,11.7,64.6,0.2,100,8.33,rain,0,0,22.7,14.8,17.5,1021.2,63.7,8.4,75.9,6.7,3,,2020-12-02T06:18:07,2020-12-02T17:14:22,0.56,"Rain, Partially cloudy",Partly cloudy throughout the day with late afternoon rain.,rain,"48820099999,48823099999,48825099999,48831099999,VVNB"
cầu giấy,2020-12-03,22,18,19.5,22,18,19.5,10.3,55.5,0.1,100,4.17,rain,0,0,28.8,18.4,28,1021.6,69.8,9.9,116.7,9.9,6,,2020-12-03T06:18:46,2020-12-03T17:14:30,0.6,"Rain, Partially cloudy",Partly cloudy throughout the day with early morning rain.,rain,"48820099999,48823099999,48825099999,48831099999,VVNB"
cầu giấy,2020-12-04,20.2,14.5,17.7,20.2,14.5,17.7,8.5,55.2,0,0,0,,0,0,25.9,18.6,22.2,1022.4,71.6,9.9,123.6,10.7,6,,2020-12-04T06:19:25,2020-12-04T17:14:40,0.63,Partially cloudy,Partly cloudy throughout the day.,partly-cloudy-day,"48820099999,48823099999,48825099999,48831099999,VVNB"
cầu giấy,2020-12-05,20,13,15.7,20,13,15.7,7.2,57.6,0,0,0,,0,0,24.1,20.5,29.1,1022.7,33.7,10.1,175.4,15.3,7,,2020-12-05T06:20:03,2020-12-05T17:14:51,0.67,Partially cloudy,Clearing in the afternoon.,partly-cloudy-day,"48820099999,48823099999,48825099999,48831099999,VVNB"
cầu giấy,2020-12-06,22,11,16.4,22,11,16.4,9.3,65.5,0,0,0,,0,0,17.3,10.4,97,1020.5,0.7,9.8,192.2,16.6,7,,2020-12-06T06:20:42,2020-12-06T17:15:04,0.7,Clear,Clear conditions throughout the day.,clear-day,"48820099999,48823099999,48825099999,48831099999,VVNB"
cầu giấy,2020-12-07,23,15.1,18.4,23,15.1,18.4,11,63.8,0,0,0,,0,0,27,15.7,348.9,1021.9,43.9,8.2,174.6,15.1,7,,2020-12-07T06:21:20,2020-12-07T17:15:18,0.74,Partially cloudy,Partly cloudy throughout the day.,partly-cloudy-day,"48820099999,48823099999,48825099999,48831099999,VVNB"
cầu giấy,2020-12-08,22,15.5,18.4,22,15.5,18.4,11.2,64.2,0,0,0,,0,0,25.9,16.6,350.4,1021.1,14.9,8,169,14.6,7,,2020-12-08T06:21:58,2020-12-08T17:15:33,0.75,Clear,Clear conditions throughout the day.,clear-day,"48820099999,48823099999,48825099999,48831099999,VVNB"
cầu giấy,2020-12-09,23.3,13,18.3,23.3,13,18.3,12.2,69.5,0,0,0,,0,0,16.2,13,78.9,1017.3,25.8,7,179.3,15.6,7,,2020-12-09T06:22:35,2020-12-09T17:15:49,0.81,Partially cloudy,Becoming cloudy in the afternoon.,partly-cloudy-day,"48820099999,48823099999,48825099999,48831099999,VVNB"
cầu giấy,2020-12-10,24,16.9,20.1,24,16.9,20.1,13.6,67.9,0,0,0,,0,0,21.6,9.4,43.4,1016.8,25.3,6.3,151.3,13.1,6,,2020-12-10T06:23:12,2020-12-10T17:16:07,0.84,Partially cloudy,Partly cloudy throughout the day.,partly-cloudy-day,"48820099999,48823099999,48825099999,48831099999,VVNB"
cầu giấy,2020-12-11,24.8,16.5,20.6,24.8,16.5,20.6,15.8,75.5,0,0,0,,0,0,23.4,19.4,111,1014.9,60.5,5.4,149.1,13,6,,2020-12-11T06:23:49,2020-12-11T17:16:25,0.88,Partially cloudy,Partly cloudy throughout the day.,partly-cloudy-day,"48820099999,48823099999,48825099999,48831099999,VVNB"
cầu giấy,2020-12-12,26.1,19.5,22.2,26.1,19.5,22.2,17,73.6,0.1,100,4.17,rain,0,0,23.4,15.7,121.4,1013.4,63.4,6.5,77.4,6.6,3,,2020-12-12T06:24:25,2020-12-12T17:16:45,0.91,"Rain, Partially cloudy",Partly cloudy throughout the day with early morning rain.,rain,"48820099999,48823099999,48825099999,48831099999,VVNB"
cầu giấy,2020-12-13,28,19,23.2,28.9,19,23.3,19.2,80.3,0.3,100,12.5,rain,0,0,20.2,14.7,123.2,1010.9,59,6.2,103.7,9,4,,2020-12-13T06:25:01,2020-12-13T17:17:06,0.95,"Rain, Partially cloudy",Partly cloudy throughout the day with rain clearing later.,rain,"48820099999,48823099999,48825099999,48831099999,VVNB"
cầu giấy,2020-12-14,27.2,17,22,29.1,17,22.1,18,78.7,0.001,100,4.17,rain,0,0,40.7,25,54.6,1014.9,89.1,6.7,31.8,2.7,1,,2020-12-14T06:25:36,2020-12-14T17:17:28,0,"Rain, Partially cloudy",Partly cloudy throughout the day with afternoon rain.,rain,"48820099999,48823099999,48825099999,48831099999,VVNB"
cầu giấy,2020-12-15,17.9,13,14.2,17.9,13,14.2,9.9,75.9,0.272,100,16.67,rain,0,0,25.9,21.4,40.4,1021.6,95.4,9.2,25.4,2.2,1,,2020-12-15T06:26:11,2020-12-15T17:17:52,0.02,"Rain, Overcast",Cloudy skies throughout the day with a chance of rain throughout the day.,rain,"48820099999,48823099999,48825099999,48831099999,VVNB"
cầu giấy,2020-12-16,15.1,11,13.2,15.1,11,13.2,7.1,67.7,0.2,100,12.5,rain,0,0,24.1,17.5,24.3,1024.1,98.2,10,40.1,3.5,2,,2020-12-16T06:26:45,2020-12-16T17:18:16,0.05,"Rain, Overcast",Cloudy skies throughout the day with a chance of rain throughout the day.,rain,"48820099999,48823099999,48825099999,48831099999,VVNB"
cầu giấy,2020-12-17,15,11.5,12.9,15,11.5,12.9,6.5,65.4,0.1,100,4.17,rain,0,0,20.2,16.6,18.6,1022.8,96.1,10,67.6,5.9,3,,2020-12-17T06:27:18,2020-12-17T17:18:42,0.08,"Rain, Overcast",Cloudy skies throughout the day with early morning rain.,rain,"48820099999,48823099999,48825099999,48831099999,VVNB"
cầu giấy,2020-12-18,16,10.6,12.9,16,10.6,12.9,6.6,66.2,0.099,100,4.17,rain,0,0,30.2,21.4,0.6,1024.1,83.2,9.7,54.3,4.6,2,,2020-12-18T06:27:51,2020-12-18T17:19:08,0.11,"Rain, Partially cloudy",Partly cloudy throughout the day with morning rain.,rain,"48820099999,48823099999,48825099999,48831099999,VVNB"
cầu giấy,2020-12-19,16.5,13,14.5,16.5,13,14.5,4.6,51.6,0,0,0,,0,0,31.3,18.5,356.5,1026.1,94.9,10,88.6,7.6,3,,2020-12-19T06:28:23,2020-12-19T17:19:35,0.15,Overcast,Cloudy skies throughout the day.,cloudy,"48820099999,48823099999,48825099999,48831099999,VVNB"
cầu giấy,2020-12-20,17.1,14,15.3,17.1,14,15.3,3.3,44.6,0,0,0,,0,0,33.8,21.4,359,1026.5,79.1,10,122.7,10.8,5,,2020-12-20T06:28:55,2020-12-20T17:20:04,0.18,Partially cloudy,Partly cloudy throughout the day.,partly-cloudy-day,"48820099999,48823099999,48825099999,48831099999,VVNB"
cầu giấy,2020-12-21,19,14,16.1,19,14,16.1,2.2,40,0,0,0,,0,0,34.9,18.4,353.6,1024.3,39.5,9.8,187.9,16.2,7,,2020-12-21T06:29:25,2020-12-21T17:20:33,0.21,Partially cloudy,Partly cloudy throughout the day.,partly-cloudy-day,"48820099999,48823099999,48825099999,48831099999,VVNB"
cầu giấy,2020-12-22,21,14,18,21,14,18,7.3,51.2,0,0,0,,0,0,20.9,8.5,287.3,1020,48.9,8.9,99,8.5,4,,2020-12-22T06:29:55,2020-12-22T17:21:03,0.25,Partially cloudy,Partly cloudy throughout the day.,partly-cloudy-day,"48820099999,48823099999,48825099999,48831099999,VVNB"
cầu giấy,2020-12-23,20.5,17,18.5,20.5,17,18.5,10.1,58.7,0,0,0,,0,0,18,13.9,73.8,1017.4,89.8,8,115.4,10,4,,2020-12-23T06:30:24,2020-12-23T17:21:34,0.28,Partially cloudy,Partly cloudy throughout the day.,partly-cloudy-day,"48820099999,48823099999,48825099999,48831099999,VVNB"
cầu giấy,2020-12-24,22,17,19.1,22,17,19.1,11.1,60.9,0,0,0,,0,0,19.4,12.1,13.6,1017.6,60.3,8.8,87.4,7.4,4,,2020-12-24T06:30:52,2020-12-24T17:22:06,0.31,Partially cloudy,Partly cloudy throughout the day.,partly-cloudy-day,"48820099999,48823099999,48825099999,48831099999,VVNB"
cầu giấy,2020-12-25,22.1,17,19.4,22.1,17,19.4,12.2,64.5,0,0,0,,0,0,17.6,12.9,98.2,1017.5,36.4,7.3,114.6,9.9,4,,2020-12-25T06:31:19,2020-12-25T17:22:39,0.34,Partially cloudy,Partly cloudy throughout the day.,partly-cloudy-day,"48820099999,48823099999,48825099999,48831099999,VVNB"
cầu giấy,2020-12-26,21.9,15.5,19.1,21.9,15.5,19.1,14.7,76.2,0,0,0,,0,0,16.9,11.2,71,1015.9,80.4,5.5,101.7,8.9,4,,2020-12-26T06:31:45,2020-12-26T17:23:12,0.37,Partially cloudy,Partly cloudy throughout the day.,partly-cloudy-day,"48820099999,48823099999,48825099999,48831099999,VVNB"
cầu giấy,2020-12-27,21,18,19.7,21,18,19.7,17.9,89.4,0.297,100,8.33,rain,0,0,16.2,11.2,40.3,1014.7,79.1,3.6,34.1,2.8,2,,2020-12-27T06:32:10,2020-12-27T17:23:47,0.41,"Rain, Partially cloudy",Partly cloudy throughout the day with rain in the morning and afternoon.,rain,"48820099999,48823099999,48825099999,48831099999,VVNB"
cầu giấy,2020-12-28,25.3,19.7,21.6,25.3,19.7,21.6,19.1,86.1,0.104,100,12.5,rain,0,0,31,18.1,116.6,1012.1,81.8,5.1,76.8,6.6,3,,2020-12-28T06:32:34,2020-12-28T17:24:21,0.44,"Rain, Partially cloudy",Partly cloudy throughout the day with a chance of rain throughout the day.,rain,"48820099999,48823099999,48825099999,48831099999,VVNB"
cầu giấy,2020-12-29,27,20,22.8,27.7,20,22.8,18.8,79.9,0.198,100,8.33,rain,0,0,51.8,17.5,110.1,1013.7,68.5,7.4,94,8.1,4,,2020-12-29T06:32:57,2020-12-29T17:24:57,0.47,"Rain, Partially cloudy",Partly cloudy throughout the day with rain in the morning and afternoon.,rain,"48820099999,48823099999,48825099999,48831099999,VVNB"
cầu giấy,2020-12-30,21.4,14.5,18.3,21.4,14.5,18.3,5.2,43.8,2.975,100,8.33,rain,0,0,44.6,30.6,34.6,1023.2,92.7,9.8,42.8,3.7,2,,2020-12-30T06:33:19,2020-12-30T17:25:33,0.5,"Rain, Overcast",Cloudy skies throughout the day with rain clearing later.,rain,"48820099999,48823099999,48825099999,48831099999,VVNB"
cầu giấy,2020-12-31,18,11,14.7,18,11,14.7,1.5,42.5,0,0,0,,0,0,29.2,16.5,52.9,1026.1,50.3,9.7,155.3,13.3,7,,2020-12-31T06:33:40,2020-12-31T17:26:10,0.54,Partially cloudy,Partly cloudy throughout the day.,partly-cloudy-day,"48820099999,48823099999,48825099999,48831099999,VVNB"
cầu giấy,2021-01-01,18.4,9.5,13.4,18.4,7.5,13.3,-0.4,42.6,0,0,0,,0,0,24.8,14.8,9.5,1025.5,8,9.3,202.6,17.4,7,,2021-01-01T06:34:00,2021-01-01T17:26:47,0.57,Clear,Clear conditions throughout the day.,clear-day,"48820099999,48823099999,48825099999,48831099999,VVNB"
cầu giấy,2021-01-02,20,7.7,13.5,20,7.7,13.4,3.9,56.8,0,0,0,,0,0,16.2,9.4,76.2,1022.1,0,7.4,201.9,17.4,7,,2021-01-02T06:34:19,2021-01-02T17:27:25,0.61,Clear,Clear conditions throughout the day.,clear-day,"48820099999,48823099999,48825099999,48831099999,VVNB"
cầu giấy,2021-01-03,21,9.7,15.1,21,9.7,15.1,5.6,55,0,0,0,,0,0,22.3,18.4,55.1,1021.8,27.8,7.7,131.1,11.3,5,,2021-01-03T06:34:36,2021-01-03T17:28:03,0.64,Partially cloudy,Becoming cloudy in the afternoon.,partly-cloudy-day,"48820099999,48823099999,48825099999,48831099999,VVNB"
cầu giấy,2021-01-04,20,13.7,16.9,20,13.7,16.9,6.1,50.4,0,0,0,,0,0,17.3,9.5,19.9,1021.2,46.6,8.6,147.6,12.7,6,,2021-01-04T06:34:53,2021-01-04T17:28:41,0.68,Partially cloudy,Partly cloudy throughout the day.,partly-cloudy-day,"48820099999,48823099999,48825099999,48831099999,VVNB"
cầu giấy,2021-01-05,19.7,14,17.2,19.7,14,17.2,10,63.3,0,0,0,,0,0,16.2,11.2,347.3,1020.3,90.3,5.4,94.8,8.1,4,,2021-01-05T06:35:08,2021-01-05T17:29:20,0.72,Overcast,Cloudy skies throughout the day.,cloudy,"48820099999,48823099999,48825099999,48831099999,VVNB"
cầu giấy,2021-01-06,17.8,16,16.5,17.8,16,16.5,10,65.9,0,0,0,,0,0,19.4,13,11.4,1019.1,88,7,81.3,7.1,3,,2021-01-06T06:35:22,2021-01-06T17:30:00,0.75,Partially cloudy,Partly cloudy throughout the day.,partly-cloudy-day,"48820099999,48823099999,48825099999,48831099999,VVNB"
cầu giấy,2021-01-07,16.5,12,14.5,16.5,12,14.5,7.7,64,0.004,100,4.17,rain,0,0,27.4,20.5,29.7,1020.1,90,7.9,49.8,4.4,3,,2021-01-07T06:35:35,2021-01-07T17:30:39,0.79,"Rain, Partially cloudy",Partly cloudy throughout the day with afternoon rain.,rain,"48820099999,48823099999,48825099999,48831099999,VVNB"
cầu giấy,2021-01-08,12.1,10,11.1,12.1,7.2,10.6,2.1,54.3,0.7,100,25,rain,0,0,30.2,22.3,17.9,1025.6,97.1,10,41.7,3.5,2,,2021-01-08T06:35:46,2021-01-08T17:31:19,0.82,"Rain, Overcast",Cloudy skies throughout the day with rain clearing later.,rain,"48820099999,48823099999,48825099999,48831099999,VVNB"
cầu giấy,2021-01-09,12,9,10.4,12,6.7,9.5,-2,42.5,0,0,0,,0,0,24.8,14.8,28.6,1025.2,92.5,10,84.3,7.1,3,,2021-01-09T06:35:56,2021-01-09T17:32:00,0.86,Overcast,Cloudy skies throughout the day.,cloudy,"48820099999,48823099999,48825099999,48831099999,VVNB"
cầu giấy,2021-01-10,12.5,10,11,12.5,8.2,10.6,-1.8,41.3,0,0,0,,0,0,24.8,13,1.8,1024.3,87.4,10,124.7,10.8,5,,2021-01-10T06:36:05,2021-01-10T17:32:40,0.89,Partially cloudy,Partly cloudy throughout the day.,partly-cloudy-day,"48820099999,48823099999,48825099999,48831099999,VVNB"
cầu giấy,2021-01-11,16,11,12.9,16,11,12.9,-1.6,38.1,0,0,0,,0,0,38.5,20.5,352.5,1028.8,89.2,10,62.1,5.3,3,,2021-01-11T06:36:13,2021-01-11T17:33:20,0.93,Partially cloudy,Partly cloudy throughout the day.,partly-cloudy-day,"48820099999,48823099999,48825099999,48831099999,VVNB"
cầu giấy,2021-01-12,19,10.7,14.6,19,10.7,14.6,-1.3,36.7,0,0,0,,0,0,28.1,16.6,316.5,1026.4,58,9.9,170.7,14.6,6,,2021-01-12T06:36:19,2021-01-12T17:34:01,0.96,Partially cloudy,Partly cloudy throughout the day.,partly-cloudy-day,"48820099999,48823099999,48825099999,48831099999,VVNB,remote"
cầu giấy,2021-01-13,21,9.3,15.3,21,8.8,15.2,3,47.2,0,0,0,,0,0,20.9,18.4,121.9,1018.6,14.8,8.3,203.7,17.6,8,,2021-01-13T06:36:24,2021-01-13T17:34:42,0,Clear,Clear conditions throughout the day.,clear-day,"48820099999,48823099999,48825099999,48831099999,VVNB"
cầu giấy,2021-01-14,21,10.8,15.8,21,10.8,15.8,7.5,59.7,0,0,0,,0,0,16.2,11.2,126.3,1017.1,13.1,7.1,194.4,16.8,7,,2021-01-14T06:36:28,2021-01-14T17:35:23,0.03,Clear,Clear conditions throughout the day.,clear-day,"48820099999,48823099999,48825099999,48831099999,VVNB"
cầu giấy,2021-01-15,19,11.9,16.1,19,11.9,16.1,12.1,78.1,0,0,0,,0,0,19.1,14.8,98.7,1015.4,49.7,4.5,130.3,11,6,,2021-01-15T06:36:31,2021-01-15T17:36:03,0.06,Partially cloudy,Partly cloudy throughout the day.,partly-cloudy-day,"48820099999,48823099999,48825099999,48831099999,VVNB,remote"
cầu giấy,2021-01-16,20.3,16,18.1,20.3,16,18.1,13.3,73.6,0.1,100,4.17,rain,0,0,17.3,9.4,18.3,1016,67.7,4.6,54.8,4.8,3,,2021-01-16T06:36:32,2021-01-16T17:36:44,0.1,"Rain, Partially cloudy",Partly cloudy throughout the day with early morning rain.,rain,"48820099999,48823099999,48825099999,48831099999,VVNB"
cầu giấy,2021-01-17,18,13,15.7,18,13,15.7,9.9,70.3,2.672,100,8.33,rain,0,0,43.9,22.3,3.6,1024.8,86.4,7.2,23.9,2,1,,2021-01-17T06:36:31,2021-01-17T17:37:25,0.13,"Rain, Partially cloudy",Partly cloudy throughout the day with rain in the morning and afternoon.,rain,"48820099999,48823099999,48825099999,48831099999,VVNB"
cầu giấy,2021-01-18,19.7,10,15.1,19.7,10,15.1,3.7,47.6,0,0,0,,0,0,24.1,13.9,351.7,1024.3,21.9,9.6,209.1,18.1,8,,2021-01-18T06:36:30,2021-01-18T17:38:06,0.16,Partially cloudy,Partly cloudy throughout the day.,partly-cloudy-day,"48820099999,48823099999,48825099999,48831099999,VVNB"
cầu giấy,2021-01-19,21,10,15.2,21,9.1,15.2,7.9,64.9,0,0,0,,0,0,27.4,16.6,111,1018.7,0,7,212,18.3,8,,2021-01-19T06:36:27,2021-01-19T17:38:46,0.19,Clear,Clear conditions throughout the day.,clear-day,"48820099999,48823099999,48825099999,48831099999,VVNB,remote"
cầu giấy,2021-01-20,20.6,12,16.3,20.6,12,16.3,11.3,73.2,0,0,0,,0,0,18.7,11.2,77.3,1016.9,38.7,5,107.7,9.3,5,,2021-01-20T06:36:23,2021-01-20T17:39:27,0.22,Partially cloudy,Partly cloudy throughout the day.,partly-cloudy-day,"48820099999,48823099999,48825099999,48831099999,VVNB"
cầu giấy,2021-01-21,18.1,16,16.9,18.1,16,16.9,13.5,80.6,0,0,0,,0,0,11.9,9.4,296.2,1015.9,55.9,3.6,67.8,5.7,3,,2021-01-21T06:36:17,2021-01-21T17:40:07,0.25,Partially cloudy,Partly cloudy throughout the day.,partly-cloudy-day,"48820099999,48823099999,48825099999,48831099999,VVNB"
cầu giấy,2021-01-22,23,16,18.8,23,16,18.8,13.9,74.1,0,0,0,,0,0,19.1,11.2,294.4,1015.4,25.4,4.1,113.3,9.6,4,,2021-01-22T06:36:10,2021-01-22T17:40:47,0.29,Partially cloudy,Partly cloudy throughout the day.,partly-cloudy-day,"48820099999,48823099999,48825099999,48831099999,VVNB"
cầu giấy,2021-01-23,23.7,14,18.9,23.7,14,18.9,13.2,71.4,0,0,0,,0,0,20.9,11.2,85.5,1014.5,19.9,4.8,138.7,11.8,6,,2021-01-23T06:36:02,2021-01-23T17:41:27,0.32,Clear,Clear conditions throughout the day.,clear-day,"48820099999,48823099999,48825099999,48831099999,VVNB"
cầu giấy,2021-01-24,24.5,16,20.1,24.5,16,20.1,14.4,71,0,0,0,,0,0,33.1,18.4,116,1013.1,24.5,5.5,151.1,13.1,6,,2021-01-24T06:35:52,2021-01-24T17:42:06,0.35,Partially cloudy,Partly cloudy throughout the day.,partly-cloudy-day,"48820099999,48823099999,48825099999,48831099999,VVNB"
cầu giấy,2021-01-25,22,19,20.5,22,19,20.5,18.1,86.2,0.1,100,8.33,rain,0,0,19.1,14.8,127,1014.9,71.7,4.3,50,4.4,3,,2021-01-25T06:35:41,2021-01-25T17:42:46,0.38,"Rain, Partially cloudy",Partly cloudy throughout the day with rain in the morning and afternoon.,rain,"48820099999,48823099999,48825099999,48831099999,VVNB"
cầu giấy,2021-01-26,25,19,21.3,25,19,21.3,16.9,77,0.8,100,25,rain,0,0,25.9,20.5,140.2,1016.1,57,7.3,105.4,9.1,4,,2021-01-26T06:35:29,2021-01-26T17:43:25,0.42,"Rain, Partially cloudy",Partly cloudy throughout the day with a chance of rain throughout the day.,rain,"48820099999,48823099999,48825099999,48831099999,VVNB"
cầu giấy,2021-01-27,23.8,18,20.7,23.8,18,20.7,15.7,73.6,0,0,0,,0,0,24.1,16.6,118.1,1015.8,89.5,8.5,85.3,7.2,3,,2021-01-27T06:35:16,2021-01-27T17:44:04,0.45,Partially cloudy,Partly cloudy throughout the day.,partly-cloudy-day,"48820099999,48823099999,48825099999,48831099999,VVNB"
cầu giấy,2021-01-28,20,16,18.4,20,16,18.4,13.7,74.7,0.297,100,4.17,rain,0,0,36.4,22.3,45.7,1021.1,93.7,8.3,36.8,3.1,2,,2021-01-28T06:35:01,2021-01-28T17:44:42,0.48,"Rain, Overcast",Cloudy skies throughout the day with afternoon rain.,rain,"48820099999,48823099999,48825099999,48831099999,VVNB"
cầu giấy,2021-01-29,22,16,18.4,22,16,18.4,11.8,67.2,0,0,0,,0,0,18.7,14.8,104.8,1020.9,73.8,8.2,97.6,8.5,4,,2021-01-29T06:34:45,2021-01-29T17:45:20,0.5,Partially cloudy,Partly cloudy throughout the day.,partly-cloudy-day,"48820099999,48823099999,48825099999,48831099999,VVNB"
cầu giấy,2021-01-30,19.4,15,17.5,19.4,15,17.5,14.4,82.8,0.001,100,4.17,rain,0,0,22.7,14.8,83.9,1019.8,81.6,5,73,6.3,4,,2021-01-30T06:34:27,2021-01-30T17:45:58,0.55,"Rain, Partially cloudy",Partly cloudy throughout the day with afternoon rain.,rain,"48820099999,48823099999,48825099999,48831099999,VVNB"
cầu giấy,2021-01-31,19,17,18.3,19,17,18.3,15.9,86.5,0.99,100,4.17,rain,0,0,20.5,9.4,99.4,1019.3,87.1,3.9,41.9,3.7,3,,2021-01-31T06:34:09,2021-01-31T17:46:35,0.59,"Rain, Partially cloudy",Partly cloudy throughout the day with afternoon rain.,rain,"48820099999,48823099999,48825099999,48831099999,VVNB"
cầu giấy,2021-02-01,23.1,18,20.2,23.1,18,20.2,16.7,80.8,0.3,100,12.5,rain,0,0,21.2,14.8,129.8,1018.2,71.8,5.7,87.2,7.4,3,,2021-02-01T06:33:49,2021-02-01T17:47:12,0.62,"Rain, Partially cloudy",Partly cloudy throughout the day with rain in the morning and afternoon.,rain,"48820099999,48823099999,48825099999,48831099999,VVNB"
cầu giấy,2021-02-02,23,18.7,20.6,23,18.7,20.6,16.8,79.4,0.4,100,16.67,rain,0,0,22.3,13,117.7,1018.8,71.3,7,87.7,7.4,4,,2021-02-02T06:33:28,2021-02-02T17:47:49,0.66,"Rain, Partially cloudy",Partly cloudy throughout the day with rain in the morning and afternoon.,rain,"48820099999,48823099999,48825099999,48831099999,VVNB"
cầu giấy,2021-02-03,26,18,21.1,26,18,21.1,16.1,75.2,0,0,0,,0,0,21.6,16.6,129.1,1019.3,42.3,7.3,95.4,8.3,5,,2021-02-03T06:33:05,2021-02-03T17:48:25,0.69,Partially cloudy,Partly cloudy throughout the day.,partly-cloudy-day,"48820099999,48823099999,48825099999,48831099999,remote,VVNB"
cầu giấy,2021-02-04,24,17,20.1,24,17,20.1,16.5,80.7,0.099,100,4.17,rain,0,0,23,13,103.6,1020,51.6,6.4,91.1,7.9,3,,2021-02-04T06:32:42,2021-02-04T17:49:01,0.73,"Rain, Partially cloudy",Partly cloudy throughout the day with afternoon rain.,rain,"48820099999,48823099999,48825099999,48831099999,VVNB"
cầu giấy,2021-02-05,26,17,21.1,26,17,21.1,15.7,73.5,0,0,0,,0,0,19.4,14.8,115.2,1018.1,42.4,6.9,101.8,8.7,5,,2021-02-05T06:32:17,2021-02-05T17:49:36,0.75,Partially cloudy,Partly cloudy throughout the day.,partly-cloudy-day,"48820099999,48823099999,48825099999,48831099999,VVNB"
cầu giấy,2021-02-06,24.7,17,20.3,24.7,17,20.3,15.7,76.1,0,0,0,,0,0,20.5,14.8,113.6,1017,36.7,6.7,167.8,14.4,7,,2021-02-06T06:31:51,2021-02-06T17:50:10,0.8,Partially cloudy,Partly cloudy throughout the day.,partly-cloudy-day,"48820099999,48823099999,48825099999,48831099999,VVNB"
cầu giấy,2021-02-07,26,17,21.3,26,17,21.3,15.6,71.8,0,0,0,,0,0,19.1,13,103.4,1016,47.5,6,124.3,10.8,6,,2021-02-07T06:31:24,2021-02-07T17:50:45,0.84,Partially cloudy,Partly cloudy throughout the day.,partly-cloudy-day,"48820099999,48823099999,48825099999,48831099999,VVNB"
cầu giấy,2021-02-08,23.6,16.7,20.5,23.6,16.7,20.5,16.6,78.4,1.984,100,8.33,rain,0,0,20.9,24.1,298.8,1017.6,59.2,6.7,132.9,11.4,6,,2021-02-08T06:30:56,2021-02-08T17:51:19,0.87,"Rain, Partially cloudy",Partly cloudy throughout the day with rain.,rain,"48820099999,48823099999,48825099999,48831099999,VVNB"
cầu giấy,2021-02-09,17,15,15.9,17,15,15.9,14.3,90,42.863,100,16.67,rain,0,0,29.9,20.5,303.2,1017.2,88.4,8,35.6,3.2,2,,2021-02-09T06:30:26,2021-02-09T17:51:52,0.91,"Rain, Partially cloudy",Partly cloudy throughout the day with a chance of rain throughout the day.,rain,"48820099999,48823099999,48825099999,48831099999,VVNB"
cầu giấy,2021-02-10,23.8,14,17.9,23.8,14,17.9,12.9,75,0.002,100,4.17,rain,0,0,29.5,13,283.9,1015.7,39.1,6.7,189.1,16.3,7,,2021-02-10T06:29:56,2021-02-10T17:52:25,0.94,"Rain, Partially cloudy",Clearing in the afternoon with early morning rain.,rain,"48820099999,48823099999,48825099999,48831099999,VVNB"
cầu giấy,2021-02-11,24,14.7,19.4,24,14.7,19.4,13.2,69.8,0,0,0,,0,0,16.2,14.8,80.7,1016.2,34.8,7.7,171.8,14.7,7,,2021-02-11T06:29:24,2021-02-11T17:52:57,0.98,Partially cloudy,Partly cloudy throughout the day.,partly-cloudy-day,"48820099999,48823099999,48825099999,48831099999,VVNB"
cầu giấy,2021-02-12,22,17,19.3,22,17,19.3,14.5,74.4,0,0,0,,0,0,19.1,16.6,118.4,1017.1,52.3,7.4,91,7.8,3,,2021-02-12T06:28:52,2021-02-12T17:53:29,0,Partially cloudy,Partly cloudy throughout the day.,partly-cloudy-day,VVNB
cầu giấy,2021-02-13,23,15,19.5,23,15,19.5,13.2,68.8,0,0,0,,0,0,25.9,16.6,114.1,1016.9,50.4,8.5,174.4,15.2,7,,2021-02-13T06:28:18,2021-02-13T17:54:00,0.05,Partially cloudy,Partly cloudy throughout the day.,partly-cloudy-day,"48820099999,48823099999,48825099999,48831099999,VVNB"
cầu giấy,2021-02-14,26,19,21.8,26,19,21.8,13.4,60.4,0,0,0,,0,0,17.6,13,148.8,1016.2,38.2,10.1,179.7,15.7,7,,2021-02-14T06:27:43,2021-02-14T17:54:31,0.08,Partially cloudy,Partly cloudy throughout the day.,partly-cloudy-day,"48820099999,48823099999,48825099999,48831099999,VVNB"
cầu giấy,2021-02-15,22.5,17,20.2,22.5,17,20.2,17,82,0,0,0,,0,0,29.5,13,98.9,1013.7,65.4,6.7,133.9,11.6,5,,2021-02-15T06:27:08,2021-02-15T17:55:02,0.11,Partially cloudy,Partly cloudy throughout the day.,partly-cloudy-day,"48820099999,48823099999,48825099999,48831099999,VVNB"
cầu giấy,2021-02-16,22.6,19,20.3,22.6,19,20.3,17.3,83,0.495,100,8.33,rain,0,0,23,11.2,75.4,1014.8,83.6,6.9,70.5,6.1,4,,2021-02-16T06:26:31,2021-02-16T17:55:32,0.14,"Rain, Partially cloudy",Partly cloudy throughout the day with rain in the morning and afternoon.,rain,"48820099999,48823099999,48825099999,48831099999,VVNB"
cầu giấy,2021-02-17,21.5,19,20,21.5,19,20,14.2,69.8,1.5,100,25,rain,0,0,33.5,20.5,347.4,1020.1,81.7,9.2,60.6,5.3,3,,2021-02-17T06:25:54,2021-02-17T17:56:01,0.17,"Rain, Partially cloudy",Partly cloudy throughout the day with rain clearing later.,rain,"48820099999,48823099999,48825099999,48831099999,VVNB"
cầu giấy,2021-02-18,23,18,20.2,23,18,20.2,13.7,66.8,0,0,0,,0,0,16.6,11.2,290.7,1023.3,63.3,9.2,87.8,7.6,4,,2021-02-18T06:25:15,2021-02-18T17:56:30,0.21,Partially cloudy,Partly cloudy throughout the day.,partly-cloudy-day,"48820099999,48823099999,48825099999,48831099999,VVNB"
cầu giấy,2021-02-19,23.1,18,20.4,23.1,18,20.4,15.2,73.2,0,0,0,,0,0,18.4,13,134.7,1022.8,49.4,6.5,133.7,11.5,7,,2021-02-19T06:24:36,2021-02-19T17:56:58,0.24,Partially cloudy,Partly cloudy throughout the day.,partly-cloudy-day,"48820099999,48823099999,48825099999,48831099999,VVNB"
cầu giấy,2021-02-20,25,16,20.6,25,16,20.6,12.5,62.9,0,0,0,,0,0,23.8,14.8,132.7,1019.4,34.8,6.2,223.7,19.3,8,,2021-02-20T06:23:55,2021-02-20T17:57:26,0.25,Partially cloudy,Partly cloudy throughout the day.,partly-cloudy-day,"48823099999,48825099999,VVNB"
cầu giấy,2021-02-21,27,17,21.4,26.9,17,21.3,14.2,66.1,0,0,0,,0,0,33.1,22.3,120.4,1015.4,21.8,8.1,237.6,20.6,9,,2021-02-21T06:23:14,2021-02-21T17:57:54,0.3,Partially cloudy,Partly cloudy throughout the day.,partly-cloudy-day,"48823099999,48825099999,48831099999,remote,VVNB"
cầu giấy,2021-02-22,25.3,20,22,25.3,20,22,16.9,73.6,0.1,100,4.17,rain,0,0,24.8,20.5,130.8,1014.5,87.1,7.6,112.9,9.7,4,,2021-02-22T06:22:32,2021-02-22T17:58:21,0.33,"Rain, Partially cloudy",Partly cloudy throughout the day with morning rain.,rain,"48820099999,48823099999,48825099999,48831099999,VVNB"
cầu giấy,2021-02-23,25.5,20,22.4,25.5,20,22.4,17.2,73.3,0,0,0,,0,0,20.9,13,120.6,1014.1,89.5,7.1,152.7,13.3,6,,2021-02-23T06:21:50,2021-02-23T17:58:47,0.37,Partially cloudy,Partly cloudy throughout the day.,partly-cloudy-day,"48820099999,48823099999,48825099999,48831099999,VVNB"
cầu giấy,2021-02-24,25.4,20.7,22.6,25.4,20.7,22.6,17.8,75.1,0,0,0,,0,0,38.5,22.3,137.6,1010.5,83.2,8.8,121.9,10.4,5,,2021-02-24T06:21:06,2021-02-24T17:59:13,0.4,Partially cloudy,Partly cloudy throughout the day.,partly-cloudy-day,"48820099999,48823099999,48825099999,48831099999,VVNB"
cầu giấy,2021-02-25,26.2,20.7,23,26.2,20.7,23,19.2,79.7,0.099,100,4.17,rain,0,0,34.9,18.4,125.9,1006.9,91.7,8.4,131.2,11.3,6,,2021-02-25T06:20:22,2021-02-25T17:59:39,0.43,"Rain, Overcast",Cloudy skies throughout the day with afternoon rain.,rain,"48820099999,48823099999,48825099999,48831099999,VVNB,remote"
cầu giấy,2021-02-26,27,21.7,23.8,28,21.7,23.9,19.4,77.6,0.099,100,4.17,rain,0,0,34.2,16.6,120.8,1006.9,76,7.9,83.6,7.2,4,,2021-02-26T06:19:37,2021-02-26T18:00:04,0.46,"Rain, Partially cloudy",Partly cloudy throughout the day with early morning rain.,rain,"48820099999,48823099999,48825099999,48831099999,VVNB"
cầu giấy,2021-02-27,23.1,16,18.9,23.1,16,18.9,15.8,82,5.937,100,8.33,rain,0,0,32.4,20.5,66.8,1011.5,89,8.6,39.9,3.5,2,,2021-02-27T06:18:51,2021-02-27T18:00:29,0.5,"Rain, Partially cloudy",Partly cloudy throughout the day with rain in the morning and afternoon.,rain,"48820099999,48823099999,48825099999,48831099999,VVNB,remote"
cầu giấy,2021-02-28,18.8,16,17.3,18.8,16,17.3,16.3,94.2,1.272,100,8.33,rain,0,0,11.2,13,67.1,1012.2,93.8,3.3,32.7,2.7,2,,2021-02-28T06:18:05,2021-02-28T18:00:53,0.53,"Rain, Overcast",Cloudy skies throughout the day with rain.,rain,"48820099999,48823099999,48825099999,48831099999,VVNB"
cầu giấy,2021-03-01,23.2,18,20.6,23.2,18,20.6,19.7,95,0.703,100,8.33,rain,0,0,39.2,13,326.8,1014.1,94.8,3.3,70.2,6.2,3,,2021-03-01T06:17:18,2021-03-01T18:01:17,0.57,"Rain, Overcast",Cloudy skies throughout the day with rain.,rain,"48820099999,48823099999,48825099999,48831099999,VVNB"
cầu giấy,2021-03-02,21,18.9,19.9,21,18.9,19.9,12.3,62.7,0.882,100,12.5,rain,0,0,27.4,24.1,42.7,1018.4,97.8,9.8,64.8,5.4,3,,2021-03-02T06:16:30,2021-03-02T18:01:41,0.6,"Rain, Overcast",Cloudy skies throughout the day with a chance of rain throughout the day.,rain,"48820099999,48823099999,48825099999,48831099999,VVNB"
cầu giấy,2021-03-03,19,16.9,18.1,19,16.9,18.1,14.4,79.4,0.001,100,4.17,rain,0,0,17.6,14.8,58.5,1018.4,92.5,7.1,44.8,3.8,2,,2021-03-03T06:15:42,2021-03-03T18:02:04,0.64,"Rain, Overcast",Cloudy skies throughout the day with afternoon rain.,rain,"48820099999,48823099999,48825099999,48831099999,VVNB"
cầu giấy,2021-03-04,18.9,16,17.1,18.9,16,17.1,15.3,89.5,4,100,8.33,rain,0,0,18.4,11.2,48.6,1016.3,93.4,5.9,61.6,5.3,2,,2021-03-04T06:14:53,2021-03-04T18:02:27,0.67,"Rain, Overcast",Cloudy skies throughout the day with rain clearing later.,rain,"48820099999,48823099999,48825099999,48831099999,VVNB,remote"
cầu giấy,2021-03-05,20.8,17,19.2,20.8,17,19.2,18.2,93.8,0.694,100,4.17,rain,0,0,20.2,11.2,68.7,1012.9,96,2.7,89.6,7.7,3,,2021-03-05T06:14:04,2021-03-05T18:02:49,0.71,"Rain, Overcast",Cloudy skies throughout the day with early morning rain.,rain,"48820099999,48823099999,48825099999,48831099999,VVNB"
cầu giấy,2021-03-06,27.1,19.9,23,28.8,19.9,23.2,20.3,85.8,0.398,100,8.33,rain,0,0,21.2,18.4,50.2,1013.7,78.2,5.6,143,12.3,6,,2021-03-06T06:13:14,2021-03-06T18:03:12,0.75,"Rain, Partially cloudy",Partly cloudy throughout the day with rain.,rain,"48820099999,48823099999,48825099999,48831099999,VVNB"
cầu giấy,2021-03-07,25,22,22.9,25,22,22.9,17.7,73.7,0.219,100,4.17,rain,0,0,28.1,18.4,93.7,1016.5,77.4,8.7,58.3,5,3,,2021-03-07T06:12:24,2021-03-07T18:03:33,0.78,"Rain, Partially cloudy",Partly cloudy throughout the day with morning rain.,rain,"48820099999,48823099999,48825099999,48831099999,VVNB"
cầu giấy,2021-03-08,24,19.9,21.6,24,19.9,21.6,20.5,93.2,0.003,100,4.17,rain,0,0,23.8,18.4,130.5,1016.2,94,5.2,57.9,5,2,,2021-03-08T06:11:33,2021-03-08T18:03:55,0.81,"Rain, Overcast",Cloudy skies throughout the day with afternoon rain.,rain,"48820099999,48823099999,48825099999,48831099999,VVNB"
cầu giấy,2021-03-09,26,21.7,23.4,26,21.7,23.4,21.8,90.7,1.5,100,37.5,rain,0,0,38.2,20.5,130.7,1015.7,91.6,7.1,129.7,11.3,6,,2021-03-09T06:10:42,2021-03-09T18:04:16,0.85,"Rain, Overcast",Cloudy skies throughout the day with a chance of rain throughout the day.,rain,"48820099999,48823099999,48825099999,48831099999,VVNB"
cầu giấy,2021-03-10,27.1,22,24,29.1,22,24.3,20.8,83.5,0.002,100,4.17,rain,0,0,40.3,25.9,125.9,1015.3,83.1,7.7,118.3,10.2,5,,2021-03-10T06:09:51,2021-03-10T18:04:37,0.89,"Rain, Partially cloudy",Partly cloudy throughout the day with morning rain.,rain,"48820099999,48823099999,48825099999,48831099999,VVNB"
cầu giấy,2021-03-11,26,22,23.8,26,22,23.8,20.8,83.9,0.792,100,4.17,rain,0,0,32.8,18.4,125.2,1016.7,78.1,8.3,91.7,7.8,4,,2021-03-11T06:08:59,2021-03-11T18:04:58,0.92,"Rain, Partially cloudy",Partly cloudy throughout the day with afternoon rain.,rain,"48820099999,48823099999,48825099999,48831099999,VVNB"
cầu giấy,2021-03-12,28,21.9,24.3,28.9,21.9,24.4,20.2,79.8,0.4,100,12.5,rain,0,0,25.2,18.4,141.9,1017.1,64.3,7.6,166.1,14.3,8,,2021-03-12T06:08:06,2021-03-12T18:05:18,0.96,"Rain, Partially cloudy",Partly cloudy throughout the day with rain in the morning and afternoon.,rain,"48820099999,48823099999,48825099999,48831099999,VVNB"
cầu giấy,2021-03-13,25,21.7,23.2,25,21.7,23.2,20.7,86.3,0.001,100,4.17,rain,0,0,23,13,122.5,1016.7,59.5,6.9,135.5,11.8,5,,2021-03-13T06:07:14,2021-03-13T18:05:38,0,"Rain, Partially cloudy",Partly cloudy throughout the day with afternoon rain.,rain,"48820099999,48823099999,48825099999,48831099999,VVNB"
cầu giấy,2021-03-14,27,19,23.3,27.7,19,23.3,19.2,79.6,0.1,100,4.17,rain,0,0,27.7,18.4,132,1014,31.3,7.3,142.8,12.4,5,,2021-03-14T06:06:21,2021-03-14T18:05:58,0.03,"Rain, Partially cloudy",Partly cloudy throughout the day with afternoon rain.,rain,"48820099999,48823099999,48825099999,48831099999,VVNB"
cầu giấy,2021-03-15,26,21,23.7,26,21,23.7,19.9,80.1,0.2,100,8.33,rain,0,0,36.7,18.4,133.4,1011.2,75.8,7.8,122.1,10.6,4,,2021-03-15T06:05:28,2021-03-15T18:06:18,0.06,"Rain, Partially cloudy",Partly cloudy throughout the day with afternoon rain.,rain,"48820099999,48823099999,48825099999,48831099999,VVNB"
cầu giấy,2021-03-16,24,22,23.3,24,22,23.3,22,92.3,1.984,100,8.33,rain,0,0,35.6,18.4,130.1,1010.9,90.9,6,90.8,7.8,3,,2021-03-16T06:04:34,2021-03-16T18:06:37,0.09,"Rain, Overcast",Cloudy skies throughout the day with rain in the morning and afternoon.,rain,"48820099999,48823099999,48825099999,48831099999,VVNB"
cầu giấy,2021-03-17,26,23,24.3,26,23,24.3,22.1,87.3,0.5,100,20.83,rain,0,0,34.9,18.4,129.9,1010.7,89.3,7.4,83.1,7.2,3,,2021-03-17T06:03:41,2021-03-17T18:06:56,0.12,"Rain, Partially cloudy",Partly cloudy throughout the day with rain in the morning and afternoon.,rain,"48820099999,48823099999,48825099999,48831099999,VVNB"
cầu giấy,2021-03-18,26.3,23,24.3,26.3,23,24.3,22.4,89.4,0.396,100,8.33,rain,0,0,29.5,18.4,128.7,1010.3,90.2,6.7,106.8,9.2,4,,2021-03-18T06:02:47,2021-03-18T18:07:15,0.16,"Rain, Overcast",Cloudy skies throughout the day with rain in the morning and afternoon.,rain,"48820099999,48823099999,48825099999,48831099999,VVNB"
cầu giấy,2021-03-19,27,23,24.7,29.6,23,25.1,22.4,87.6,0.198,100,8.33,rain,0,0,34.6,20.5,133.6,1009,93.3,7.5,115.9,10,5,,2021-03-19T06:01:53,2021-03-19T18:07:34,0.19,"Rain, Overcast",Cloudy skies throughout the day with rain.,rain,"48820099999,48823099999,48825099999,48831099999,VVNB"
cầu giấy,2021-03-20,26,23,24.2,26,23,24.2,23.3,94.6,0.598,100,8.33,rain,0,0,30.2,14.8,129.8,1008.5,92.5,5.8,81.6,6.9,3,,2021-03-20T06:00:59,2021-03-20T18:07:53,0.22,"Rain, Overcast",Cloudy skies throughout the day with rain in the morning and afternoon.,rain,"48820099999,48823099999,48825099999,48831099999,VVNB"
cầu giấy,2021-03-21,24,18,20.9,24,18,20.9,16.6,77.5,13.905,100,8.33,rain,0,0,49,33.5,43.5,1015.2,98,8,34.6,2.9,2,,2021-03-21T06:00:04,2021-03-21T18:08:12,0.25,"Rain, Overcast",Cloudy skies throughout the day with rain.,rain,"48820099999,48823099999,48825099999,48831099999,VVNB"
cầu giấy,2021-03-22,20.1,17,18.3,20.1,17,18.3,6.5,46.2,0.1,100,4.17,rain,0,0,31.3,18.4,7.5,1023.9,95.1,10,61.9,5.4,3,,2021-03-22T05:59:10,2021-03-22T18:08:30,0.29,"Rain, Overcast",Cloudy skies throughout the day with early morning rain.,rain,"48820099999,48823099999,48825099999,48831099999,VVNB"
cầu giấy,2021-03-23,22.7,17,19.2,22.7,17,19.2,7.9,49.2,0,0,0,,0,0,20.2,11.2,64.9,1020.5,49.8,9.8,215,18.6,8,,2021-03-23T05:58:16,2021-03-23T18:08:49,0.32,Partially cloudy,Clearing in the afternoon.,partly-cloudy-day,"48820099999,48823099999,48825099999,48831099999,VVNB"
cầu giấy,2021-03-24,21.3,18,19.8,21.3,18,19.8,14.3,71.1,0,0,0,,0,0,22.7,11.2,120.2,1015.9,92.5,6.9,180.2,15.7,7,,2021-03-24T05:57:21,2021-03-24T18:09:07,0.35,Overcast,Cloudy skies throughout the day.,cloudy,"48820099999,48823099999,48825099999,48831099999,VVNB"
cầu giấy,2021-03-25,22.3,19,20.1,22.3,19,20.1,18.9,92.8,0.002,100,4.17,rain,0,0,19.4,13,88.8,1013.9,98.7,3.3,63.2,5.6,3,,2021-03-25T05:56:27,2021-03-25T18:09:25,0.38,"Rain, Overcast",Cloudy skies throughout the day with afternoon rain.,rain,"48820099999,48823099999,48825099999,48831099999,VVNB"
cầu giấy,2021-03-26,25,20,22.9,25,20,22.9,21.7,93.2,0.996,100,12.5,rain,0,0,33.8,18.4,132.3,1011.3,95.4,5,72.3,6.3,3,,2021-03-26T05:55:32,2021-03-26T18:09:44,0.42,"Rain, Overcast",Cloudy skies throughout the day with a chance of rain throughout the day.,rain,"48820099999,48823099999,48825099999,48831099999,VVNB,remote"
cầu giấy,2021-03-27,25.3,22,23.2,25.3,22,23.2,22.5,95.4,0.302,100,8.33,rain,0,0,33.8,18.4,131.1,1009.2,94.4,5.2,95,8.1,4,,2021-03-27T05:54:38,2021-03-27T18:10:02,0.45,"Rain, Overcast",Cloudy skies throughout the day with rain in the morning and afternoon.,rain,"48820099999,48823099999,48825099999,48831099999,VVNB"
cầu giấy,2021-03-28,24.5,22,23.5,24.5,22,23.5,22.8,96.3,0.607,100,12.5,rain,0,0,31,13,118.7,1008.2,96.5,4.6,74.2,6.4,3,,2021-03-28T05:53:43,2021-03-28T18:10:20,0.48,"Rain, Overcast",Cloudy skies throughout the day with a chance of rain throughout the day.,rain,"48820099999,48823099999,48825099999,48831099999,VVNB"
cầu giấy,2021-03-29,29,23,25.3,34.5,23,26.5,23.7,91.5,0.1,100,4.17,rain,0,0,28.1,14.8,113.4,1004.4,91.8,5.1,211.4,18.3,8,,2021-03-29T05:52:49,2021-03-29T18:10:38,0.5,"Rain, Overcast",Cloudy skies throughout the day with early morning rain.,rain,"48820099999,48823099999,48825099999,48831099999,VVNB"
cầu giấy,2021-03-30,27.7,24,25.2,31.4,24,25.5,24.1,93.8,0,0,0,,0,0,24.8,14.8,98.1,1002.1,93.2,4.2,221.8,19.2,9,,2021-03-30T05:51:55,2021-03-30T18:10:56,0.55,Overcast,Cloudy skies throughout the day.,cloudy,"48820099999,48823099999,48825099999,48831099999,VVNB"
cầu giấy,2021-03-31,29.8,24,26,35.8,24,27.5,24.4,91.1,0,0,0,,0,0,28.4,18.4,99.5,1001.7,91,6.1,269.1,23.3,9,,2021-03-31T05:51:01,2021-03-31T18:11:14,0.58,Overcast,Cloudy skies throughout the day.,cloudy,"48820099999,48823099999,48825099999,48831099999,VVNB,remote"
cầu giấy,2021-04-01,29,24,26.2,34.5,24,27.7,24.4,89.9,0,0,0,,0,0,25.6,16.6,113.2,1003.4,90,6.7,252.6,21.8,9,,2021-04-01T05:50:07,2021-04-01T18:11:33,0.62,Partially cloudy,Partly cloudy throughout the day.,partly-cloudy-day,"48820099999,48823099999,48825099999,48831099999,VVNB"
cầu giấy,2021-04-02,27.2,24.9,25.5,31.2,24.9,25.9,24.6,95.3,0.105,100,8.33,rain,0,0,26.6,14.8,116.4,1006.5,95.1,5.2,144.8,12.5,5,,2021-04-02T05:49:14,2021-04-02T18:11:51,0.65,"Rain, Overcast",Cloudy skies throughout the day with rain in the morning and afternoon.,rain,"48820099999,48823099999,48825099999,48831099999,VVNB"
cầu giấy,2021-04-03,27.2,25,25.3,30.6,25,25.6,24.3,94.4,0.496,100,8.33,rain,0,0,28.8,16.6,112.6,1009.6,93.6,6.5,66.8,5.8,4,,2021-04-03T05:48:20,2021-04-03T18:12:09,0.69,"Rain, Overcast",Cloudy skies throughout the day with rain.,rain,"48820099999,48823099999,48825099999,48831099999,VVNB"
cầu giấy,2021-04-04,29.5,22,25.6,33.6,22,26.8,23.5,88.7,11.1,100,37.5,rain,0,0,28.4,16.6,102.6,1012.1,81.6,6.2,127,10.9,4,,2021-04-04T05:47:27,2021-04-04T18:12:27,0.75,"Rain, Partially cloudy",Partly cloudy throughout the day with rain.,rain,"48820099999,48823099999,48825099999,48831099999,VVNB"
cầu giấy,2021-04-05,25.1,21,22.8,25.1,21,22.8,21,90.1,7.025,100,8.33,rain,0,0,27.7,14.8,65.6,1015.2,82.1,8.3,149.7,13.1,6,,2021-04-05T05:46:34,2021-04-05T18:12:46,0.76,"Rain, Partially cloudy",Partly cloudy throughout the day with rain.,rain,"48820099999,48823099999,48825099999,48831099999,VVNB"
cầu giấy,2021-04-06,30,22,25,32.6,22,25.8,21.7,82.8,0.198,100,4.17,rain,0,0,32,22.3,99.9,1014.8,72.7,7.6,114.4,9.8,5,,2021-04-06T05:45:41,2021-04-06T18:13:04,0.79,"Rain, Partially cloudy",Partly cloudy throughout the day with morning rain.,rain,"48820099999,48823099999,48825099999,48831099999,VVNB"
cầu giấy,2021-04-07,30,23.9,25.8,32.2,23.9,26.5,22.3,82.4,0.1,100,4.17,rain,0,0,30.2,18.4,128.3,1012.9,60,8.3,147.2,12.6,6,,2021-04-07T05:44:49,2021-04-07T18:13:23,0.83,"Rain, Partially cloudy",Partly cloudy throughout the day with afternoon rain.,rain,"48820099999,48823099999,48825099999,48831099999,VVNB"
cầu giấy,2021-04-08,30,24,26.2,33.2,24,27.6,23,83.6,0.645,100,4.17,rain,0,0,34.9,20.5,121.7,1011,75.6,8.1,193.7,16.7,8,,2021-04-08T05:43:57,2021-04-08T18:13:42,0.86,"Rain, Partially cloudy",Partly cloudy throughout the day with afternoon rain.,rain,"48820099999,48823099999,48825099999,48831099999,VVNB"
cầu giấy,2021-04-09,24.3,19,20.8,24.3,19,20.8,18.5,86.9,10.191,100,8.33,rain,0,0,20.9,22.3,38.1,1014.5,98.1,9.1,48.2,4.1,2,,2021-04-09T05:43:06,2021-04-09T18:14:01,0.9,"Rain, Overcast",Cloudy skies throughout the day with rain in the morning and afternoon.,rain,"48820099999,48823099999,48825099999,48831099999,VVNB"
cầu giấy,2021-04-10,21,18,19.5,21,18,19.5,18.7,95.2,1.45,100,12.5,rain,0,0,16.6,13,43,1016.2,95.4,4.4,69.2,5.8,3,,2021-04-10T05:42:14,2021-04-10T18:14:19,0.93,"Rain, Overcast",Cloudy skies throughout the day with a chance of rain throughout the day.,rain,"48820099999,48823099999,48825099999,48831099999,VVNB"
cầu giấy,2021-04-11,29,20,24.3,32.2,20,25.3,22.1,88,0.795,100,8.33,rain,0,0,34.9,20.5,123.4,1015.2,83.6,6.2,143.4,12.5,6,,2021-04-11T05:41:24,2021-04-11T18:14:39,0.97,"Rain, Partially cloudy",Partly cloudy throughout the day with rain.,rain,"48820099999,48823099999,48825099999,48831099999,VVNB,remote"
cầu giấy,2021-04-12,30,23,26.4,33.2,23,27.8,22.6,80.8,0.1,100,4.17,rain,0,0,33.1,20.5,133.1,1013.1,87.3,8.5,151.9,13.1,5,,2021-04-12T05:40:33,2021-04-12T18:14:58,0,"Rain, Partially cloudy",Partly cloudy throughout the day with morning rain.,rain,"48820099999,48823099999,48825099999,48831099999,VVNB"
cầu giấy,2021-04-13,27.7,24,25.8,30.8,24,26.6,23.7,88.8,0,0,0,,0,0,33.5,18.4,124.5,1011.9,93.2,9,139.1,12,5,,2021-04-13T05:39:43,2021-04-13T18:15:17,0.04,Overcast,Cloudy skies throughout the day.,cloudy,"48820099999,48823099999,48825099999,48831099999,VVNB"
cầu giấy,2021-04-14,30,24.5,26.8,34.8,24.5,28.4,23.6,83.5,0.4,100,12.5,rain,0,0,31.7,20.5,114.5,1009.9,83.8,8.9,147.9,12.8,5,,2021-04-14T05:38:54,2021-04-14T18:15:37,0.07,"Rain, Partially cloudy",Partly cloudy throughout the day with rain in the morning and afternoon.,rain,"48820099999,48823099999,48825099999,48831099999,VVNB"
cầu giấy,2021-04-15,27.5,24.9,25.9,31.4,24.9,27.2,24.5,91.8,3.661,100,8.33,rain,0,0,34.9,18.4,119,1009,91.2,8.8,142.8,12.2,6,,2021-04-15T05:38:05,2021-04-15T18:15:57,0.1,"Rain, Overcast",Cloudy skies throughout the day with rain in the morning and afternoon.,rain,"48820099999,48823099999,48825099999,48831099999,VVNB"
cầu giấy,2021-04-16,30,25,27.1,34,25,28.9,23.7,83.1,3.7,100,54.17,rain,0,0,29.5,20.5,125.7,1010.4,80.8,8.8,87,7.4,4,,2021-04-16T05:37:16,2021-04-16T18:16:16,0.14,"Rain, Partially cloudy",Partly cloudy throughout the day with a chance of rain throughout the day.,rain,"48820099999,48823099999,48825099999,48831099999,VVNB"
cầu giấy,2021-04-17,25.7,22,23,25.7,22,23,21.7,92.5,124.229,100,12.5,rain,0,0,23,18.4,44,1014.3,88.5,8.4,31.8,2.9,2,,2021-04-17T05:36:28,2021-04-17T18:16:37,0.17,"Rain, Partially cloudy",Partly cloudy throughout the day with rain.,rain,"48820099999,48823099999,48825099999,48831099999,VVNB"
cầu giấy,2021-04-18,24.9,20.5,22.4,24.9,20.5,22.4,20.3,88.1,0.893,100,4.17,rain,0,0,15.8,11.2,59.1,1012.8,93.5,8.7,97.2,8.5,5,,2021-04-18T05:35:41,2021-04-18T18:16:57,0.2,"Rain, Overcast",Cloudy skies throughout the day with early morning rain.,rain,"48820099999,48823099999,48825099999,48831099999,VVNB"
cầu giấy,2021-04-19,31,22,26.1,35.5,22,27.7,23,84.2,0.198,100,4.17,rain,0,0,28.8,16.6,121,1008.1,75.6,7.7,172.5,15,6,,2021-04-19T05:34:54,2021-04-19T18:17:17,0.24,"Rain, Partially cloudy",Partly cloudy throughout the day with morning rain.,rain,"48820099999,48823099999,48825099999,48831099999,VVNB"
cầu giấy,2021-04-20,32,25,28.2,37.7,25,31.2,24.3,80.8,0.3,100,12.5,rain,0,0,29.2,24.1,130.7,1007.4,69.3,9.5,210.4,18.2,7,,2021-04-20T05:34:08,2021-04-20T18:17:38,0.25,"Rain, Partially cloudy",Partly cloudy throughout the day with rain in the morning and afternoon.,rain,"48820099999,48823099999,48825099999,48831099999,VVNB"
cầu giấy,2021-04-21,32.3,26,28.7,39.4,26,32.9,24.6,79.8,1.2,100,20.83,rain,0,0,36.7,24.1,131.9,1008.2,73.3,10.1,188.6,16.2,7,,2021-04-21T05:33:23,2021-04-21T18:17:59,0.3,"Rain, Partially cloudy",Partly cloudy throughout the day with rain in the morning and afternoon.,rain,"48820099999,48823099999,48825099999,48831099999,VVNB"
cầu giấy,2021-04-22,32,26.7,28.4,38.3,29.6,32.9,24.8,81.7,0.7,100,20.83,rain,0,0,33.8,22.3,129,1007.7,75.9,10,190.7,16.6,7,,2021-04-22T05:32:38,2021-04-22T18:18:20,0.34,"Rain, Partially cloudy",Partly cloudy throughout the day with a chance of rain throughout the day.,rain,"48820099999,48823099999,48825099999,48831099999,VVNB"
cầu giấy,2021-04-23,31,26,27.8,39.1,26,31.9,25.5,87.7,0.202,100,4.17,rain,0,0,37.1,22.3,125.1,1005.7,89.4,9.8,199,17.1,8,,2021-04-23T05:31:54,2021-04-23T18:18:42,0.37,"Rain, Partially cloudy",Partly cloudy throughout the day with morning rain.,rain,"48820099999,48823099999,48825099999,48831099999,VVNB"
cầu giấy,2021-04-24,30.9,26,28.2,38.8,26,33.9,26.1,88.5,0.2,100,8.33,rain,0,0,31,20.5,120.3,1005.6,90.6,9.1,202.1,17.3,7,,2021-04-24T05:31:10,2021-04-24T18:19:03,0.4,"Rain, Overcast",Cloudy skies throughout the day with morning rain.,rain,"48820099999,48823099999,48825099999,48831099999,VVNB"
cầu giấy,2021-04-25,29,25,26.9,36.8,25,30.2,26.1,95.3,1.516,100,12.5,rain,0,0,31.3,16.6,102.6,1008.2,94.7,7,108.2,9.3,4,,2021-04-25T05:30:28,2021-04-25T18:19:25,0.44,"Rain, Overcast",Cloudy skies throughout the day with a chance of rain throughout the day.,rain,"48820099999,48823099999,48825099999,48831099999,VVNB"
cầu giấy,2021-04-26,26.5,21,23.8,26.5,21,23.8,22.7,93.6,41.852,100,16.67,rain,0,0,48.2,14.8,76.7,1010.3,84,8.2,36.1,3,2,,2021-04-26T05:29:46,2021-04-26T18:19:47,0.47,"Rain, Partially cloudy",Partly cloudy throughout the day with a chance of rain throughout the day.,rain,"48820099999,48823099999,48825099999,48831099999,VVNB"
cầu giấy,2021-04-27,27.3,21,24.2,29.4,21,24.5,20.8,82,0.6,100,4.17,rain,0,0,25.6,11.2,52.3,1013.1,93,10,65.7,5.7,3,,2021-04-27T05:29:04,2021-04-27T18:20:09,0.5,"Rain, Overcast",Cloudy skies throughout the day with early morning rain.,rain,"48820099999,48823099999,48825099999,48831099999,VVNB"
cầu giấy,2021-04-28,25.9,21.9,23.2,25.9,21.9,23.2,20.5,84.9,5.937,100,8.33,rain,0,0,37.1,20.5,24.9,1015,94.5,9.6,145.9,12.6,6,,2021-04-28T05:28:24,2021-04-28T18:20:32,0.54,"Rain, Overcast",Cloudy skies throughout the day with rain clearing later.,rain,"48820099999,48823099999,48825099999,48831099999,VVNB,remote"
cầu giấy,2021-04-29,28.8,20,24.1,29,20,24.2,17.7,69.7,0.331,100,8.33,rain,0,0,22.7,14.8,337.7,1015.4,77.1,10,159.2,13.7,8,,2021-04-29T05:27:44,2021-04-29T18:20:54,0.57,"Rain, Partially cloudy",Partly cloudy throughout the day with rain clearing later.,rain,"48820099999,48823099999,48825099999,48831099999,VVNB"
cầu giấy,2021-04-30,30,21,25.3,31.8,21,25.9,20.2,75.4,0.4,100,4.17,rain,0,0,24.1,20.5,114.6,1011.8,34.5,8.4,265.5,22.7,10,,2021-04-30T05:27:05,2021-04-30T18:21:17,0.6,"Rain, Partially cloudy",Partly cloudy throughout the day with afternoon rain.,rain,"48820099999,48823099999,48825099999,48831099999,VVNB"
cầu giấy,2021-05-01,29,23,25.5,32,23,26.5,22.6,84.3,0.12,100,8.33,rain,0,0,21.2,14.8,120,1011.5,68.9,8.6,166.7,14.3,5,,2021-05-01T05:26:27,2021-05-01T18:21:40,0.64,"Rain, Partially cloudy",Partly cloudy throughout the day with rain.,rain,"48820099999,48823099999,48825099999,48831099999,VVNB"
cầu giấy,2021-05-02,32,24.7,27.6,37.8,24.7,30.3,24.3,83.6,3.983,100,12.5,rain,0,0,30.2,20.5,124,1009.7,68.1,7.8,194.6,16.8,7,,2021-05-02T05:25:50,2021-05-02T18:22:04,0.67,"Rain, Partially cloudy",Partly cloudy throughout the day with a chance of rain throughout the day.,rain,"48820099999,48823099999,48825099999,48831099999,VVNB,remote"
cầu giấy,2021-05-03,33.2,26.7,29.1,40,26.7,33.9,24.9,79.4,0.8,100,12.5,rain,0,0,33.8,24.1,140,1007.2,75.4,9.9,241.7,20.8,9,,2021-05-03T05:25:14,2021-05-03T18:22:27,0.71,"Rain, Partially cloudy",Partly cloudy throughout the day with rain in the morning and afternoon.,rain,"48820099999,48823099999,48825099999,48831099999,VVNB,remote"
cầu giấy,2021-05-04,34,26,29.3,39.4,26,33,24.3,76.3,3.7,100,4.17,rain,0,0,26.3,24.1,118.8,1007.3,59.4,10,241.7,20.9,9,,2021-05-04T05:24:39,2021-05-04T18:22:51,0.75,"Rain, Partially cloudy",Partly cloudy throughout the day with late afternoon rain.,rain,"48820099999,48823099999,48825099999,48831099999,VVNB,remote"
cầu giấy,2021-05-05,27.5,22.5,24.7,32.2,22.5,25.8,23.3,91.9,42.507,100,8.33,rain,0,0,30.2,22.3,80.9,1011.4,83.8,9.2,53.1,4.6,2,,2021-05-05T05:24:04,2021-05-05T18:23:15,0.78,"Rain, Partially cloudy",Partly cloudy throughout the day with rain.,rain,"48820099999,48823099999,48825099999,48831099999,VVNB"
cầu giấy,2021-05-06,32.1,22.9,26.8,36.6,22.9,28.4,22.4,79.1,0.298,100,4.17,rain,0,0,27,16.6,141.7,1012.7,59.1,9.1,202.1,17.5,6,,2021-05-06T05:23:30,2021-05-06T18:23:39,0.81,"Rain, Partially cloudy",Partly cloudy throughout the day with early morning rain.,rain,"48820099999,48823099999,48825099999,48831099999,VVNB"
cầu giấy,2021-05-07,32,25,28,36.8,25,30.7,24.1,80.7,0,0,0,,0,0,28.1,16.6,131.9,1011.5,53.6,8.3,228.2,19.8,8,,2021-05-07T05:22:58,2021-05-07T18:24:03,0.84,Partially cloudy,Partly cloudy throughout the day.,partly-cloudy-day,"48820099999,48823099999,48825099999,48831099999,VVNB"
cầu giấy,2021-05-08,31,25,27.9,39.1,25,31.7,25.2,85.6,0,0,0,,0,0,24.5,16.6,116.8,1008.6,64.9,8.6,216.7,18.6,7,,2021-05-08T05:22:26,2021-05-08T18:24:28,0.88,Partially cloudy,Partly cloudy throughout the day.,partly-cloudy-day,"48820099999,48823099999,48825099999,48831099999,VVNB"
cầu giấy,2021-05-09,33,26,29,42.3,26,33.8,25.5,82.6,0.3,100,8.33,rain,0,0,28.4,20.5,118.5,1006.5,68.9,9.8,226.7,19.5,7,,2021-05-09T05:21:55,2021-05-09T18:24:53,0.91,"Rain, Partially cloudy",Partly cloudy throughout the day with rain in the morning and afternoon.,rain,"48820099999,48823099999,48825099999,48831099999,VVNB"
cầu giấy,2021-05-10,35,26,30.1,43.8,26,36.2,25.5,78.6,0.1,100,4.17,rain,0,0,29.5,25.9,123.2,1004.8,50.7,10.4,282.8,24.5,10,,2021-05-10T05:21:26,2021-05-10T18:25:17,0.95,"Rain, Partially cloudy",Clearing in the afternoon with late afternoon rain.,rain,"48820099999,48823099999,48825099999,48831099999,VVNB"
cầu giấy,2021-05-11,36,24.9,29.3,43.3,24.9,34.2,25,79.3,24.736,100,4.17,rain,0,0,27.4,27.7,117,1004.2,52.8,9.2,290.6,25.1,10,,2021-05-11T05:20:57,2021-05-11T18:25:42,0.98,"Rain, Partially cloudy",Partly cloudy throughout the day with late afternoon rain.,rain,"48820099999,48823099999,48825099999,48831099999,VVNB"
cầu giấy,2021-05-12,34.1,25,29.3,43.8,25,35.3,25.7,81.8,2.37,100,4.17,rain,0,0,30.6,20.5,110.1,1003.9,48,9.5,274.8,23.6,9,,2021-05-12T05:20:29,2021-05-12T18:26:07,0,"Rain, Partially cloudy",Partly cloudy throughout the day with early morning rain.,rain,"48820099999,48823099999,48825099999,48831099999,VVNB"
cầu giấy,2021-05-13,32.6,24,27.4,42.4,24,31.2,25.3,88.5,6.827,100,8.33,rain,0,0,28.8,23.2,95.3,1005,81,9.4,259.7,22.5,9,,2021-05-13T05:20:02,2021-05-13T18:26:33,0.05,"Rain, Partially cloudy",Partly cloudy throughout the day with rain.,rain,"48820099999,48823099999,48825099999,48831099999,VVNB"
cầu giấy,2021-05-14,34,25,29.2,41.9,25,33.9,24.9,79.2,0.131,100,4.17,rain,0,0,38.5,24.1,132.4,1004.7,41.9,9.4,262.7,22.6,9,,2021-05-14T05:19:37,2021-05-14T18:26:58,0.08,"Rain, Partially cloudy",Partly cloudy throughout the day with early morning rain.,rain,"48820099999,48823099999,48825099999,48831099999,VVNB"
cầu giấy,2021-05-15,34,27.7,30,42.1,33,37.3,26.2,81.2,0.099,100,4.17,rain,0,0,31.7,24.1,131.9,1005,66,10.4,270.5,23.5,9,,2021-05-15T05:19:12,2021-05-15T18:27:23,0.12,"Rain, Partially cloudy",Partly cloudy throughout the day with late afternoon rain.,rain,"48820099999,48823099999,48825099999,48831099999,VVNB"
cầu giấy,2021-05-16,35,27,30.4,43.7,31.2,37.6,26,78.4,0.198,100,4.17,rain,0,0,34.6,22.3,120.9,1005.1,66.7,10,270,23.2,9,,2021-05-16T05:18:48,2021-05-16T18:27:49,0.15,"Rain, Partially cloudy",Partly cloudy throughout the day with early morning rain.,rain,"48820099999,48823099999,48825099999,48831099999,remote,VVNB"
cầu giấy,2021-05-17,34,27,29.9,42.7,31.2,37.1,26.2,81.7,0.79,100,4.17,rain,0,0,34.9,20.5,123.2,1006.4,68.5,9.8,213.5,18.6,7,,2021-05-17T05:18:26,2021-05-17T18:28:14,0.18,"Rain, Partially cloudy",Partly cloudy throughout the day with morning rain.,rain,"48820099999,48823099999,48825099999,48831099999,VVNB"
cầu giấy,2021-05-18,33.1,28,30.1,42.1,33.6,37.6,26.2,80.6,0.2,100,8.33,rain,0,0,32.8,24.1,128.1,1005.9,80.1,10,193.4,16.8,7,,2021-05-18T05:18:04,2021-05-18T18:28:40,0.22,"Rain, Partially cloudy",Partly cloudy throughout the day with morning rain.,rain,"48820099999,48823099999,48825099999,48831099999,VVNB"
cầu giấy,2021-05-19,35.1,27,30.7,45.9,30.6,38.6,26.2,77.8,0,0,0,,0,0,34.2,24.1,127.4,1003.4,54.7,10.7,264,22.9,9,,2021-05-19T05:17:44,2021-05-19T18:29:06,0.25,Partially cloudy,Partly cloudy throughout the day.,partly-cloudy-day,"48820099999,48823099999,48825099999,48831099999,VVNB"
cầu giấy,2021-05-20,35.5,27,31,43.8,30.6,38.7,26,76.2,4.1,100,12.5,rain,0,0,33.8,22.3,108,1003.4,51.5,10,176.2,15.2,6,,2021-05-20T05:17:24,2021-05-20T18:29:31,0.25,"Rain, Partially cloudy",Partly cloudy throughout the day with late afternoon rain.,rain,"48820099999,48823099999,48825099999,48831099999,VVNB"
cầu giấy,2021-05-21,33.5,28,30.1,45.8,34.3,38.8,27,83.8,0.035,100,8.33,rain,0,0,32,20.5,109.7,1003.2,65.1,9.6,249.3,21.6,8,,2021-05-21T05:17:06,2021-05-21T18:29:57,0.32,"Rain, Partially cloudy",Partly cloudy throughout the day with rain in the morning and afternoon.,rain,"48820099999,48823099999,48825099999,48831099999,VVNB"
cầu giấy,2021-05-22,36.3,27.7,31.4,48.6,32.7,40.1,26.6,77.1,0,0,0,,0,0,34.2,27.7,116.4,1001.5,35.1,11.3,295.2,25.7,10,,2021-05-22T05:16:49,2021-05-22T18:30:22,0.35,Partially cloudy,Becoming cloudy in the afternoon.,partly-cloudy-day,"48820099999,48823099999,48825099999,48831099999,VVNB"
cầu giấy,2021-05-23,35,28.7,30.9,45.3,35.6,39.8,26.8,79.9,0.396,100,4.17,rain,0,0,33.8,24.1,115.8,1003.8,68,10.9,223.8,19.3,8,,2021-05-23T05:16:33,2021-05-23T18:30:48,0.39,"Rain, Partially cloudy",Partly cloudy throughout the day with early morning rain.,rain,"48820099999,48823099999,48825099999,48831099999,VVNB"
cầu giấy,2021-05-24,29.5,25,27.4,36.9,25,30,23.6,80.9,8.906,100,4.17,rain,0,0,33.1,22.3,356.8,1009,88.2,9.7,157.4,13.7,7,,2021-05-24T05:16:17,2021-05-24T18:31:14,0.42,"Rain, Partially cloudy",Partly cloudy throughout the day with morning rain.,rain,"48820099999,48823099999,48825099999,48831099999,VVNB"
cầu giấy,2021-05-25,27.9,23,25.8,30.7,23,26.6,22.6,83.4,10.29,100,12.5,rain,0,0,32,16.6,344.2,1009.1,86.1,8.4,104.9,9.2,4,,2021-05-25T05:16:03,2021-05-25T18:31:39,0.46,"Rain, Partially cloudy",Partly cloudy throughout the day with rain.,rain,"48820099999,48823099999,48825099999,48831099999,VVNB"
cầu giấy,2021-05-26,34,25,28.9,40.6,25,33.1,25,81.2,2.971,100,4.17,rain,0,0,29.9,22.3,124.1,1006.8,50.8,9.8,242.4,21,8,,2021-05-26T05:15:51,2021-05-26T18:32:04,0.5,"Rain, Partially cloudy",Partly cloudy throughout the day with early morning rain.,rain,"48820099999,48823099999,48825099999,48831099999,VVNB"
cầu giấy,2021-05-27,33.6,27,29.9,44.1,31.2,36.4,25.7,79.1,1,100,12.5,rain,0,0,33.8,20.5,123,1007.6,44.1,11,236.5,20.5,9,,2021-05-27T05:15:39,2021-05-27T18:32:29,0.52,"Rain, Partially cloudy",Partly cloudy throughout the day with rain.,rain,"48820099999,48823099999,48825099999,48831099999,VVNB"
cầu giấy,2021-05-28,34.5,27,30.3,42,31.2,36.6,25.4,77,1,100,25,rain,0,0,25.9,18.4,119,1007.7,50.7,9.5,242.3,20.9,9,,2021-05-28T05:15:28,2021-05-28T18:32:54,0.56,"Rain, Partially cloudy",Partly cloudy throughout the day with a chance of rain throughout the day.,rain,"48820099999,48823099999,48825099999,48831099999,VVNB"
cầu giấy,2021-05-29,36.2,28,31.2,43.9,34.5,38.9,26,75.9,1.385,100,4.17,rain,0,0,25.9,25.9,122.8,1004.9,60.5,9.4,255.9,22,8,,2021-05-29T05:15:18,2021-05-29T18:33:19,0.59,"Rain, Partially cloudy",Partly cloudy throughout the day with late afternoon rain.,rain,"48820099999,48823099999,48825099999,48831099999,VVNB"
cầu giấy,2021-05-30,38.8,28,32.4,44.3,34.5,39.9,25.4,69.8,0,0,0,,0,0,24.1,16.6,106.8,1002.2,43.2,11.2,261,22.5,9,,2021-05-30T05:15:10,2021-05-30T18:33:44,0.62,Partially cloudy,Partly cloudy throughout the day.,partly-cloudy-day,"48820099999,48823099999,48825099999,48831099999,VVNB"
cầu giấy,2021-05-31,39,29,33.7,46.1,36.8,41.4,24.9,63.7,0,0,0,,0,0,20.9,16.6,120.2,1000.4,65.5,12.1,260.5,22.6,8,,2021-05-31T05:15:02,2021-05-31T18:34:08,0.66,Partially cloudy,Partly cloudy throughout the day.,partly-cloudy-day,"48820099999,48823099999,48825099999,48831099999,VVNB,remote"
cầu giấy,2021-06-01,39.4,29,34.5,45.8,37.7,41.9,24.5,59.7,0,0,0,,0,0,27,20.5,165.9,1000.6,66.9,10.7,302.3,26.2,9,,2021-06-01T05:14:56,2021-06-01T18:34:32,0.69,Partially cloudy,Partly cloudy throughout the day.,partly-cloudy-day,"48820099999,48823099999,48825099999,48831099999,VVNB"
cầu giấy,2021-06-02,40,29,33.5,47.9,38.2,42.8,26,67.2,0,0,0,,0,0,24.5,14.8,114,1001.4,60.3,9.5,256.7,22,9,,2021-06-02T05:14:51,2021-06-02T18:34:56,0.75,Partially cloudy,Partly cloudy throughout the day.,partly-cloudy-day,"48820099999,48823099999,48825099999,48831099999,VVNB"
cầu giấy,2021-06-03,40,30,34.2,47.9,40.4,43.8,26,65.9,0.8,100,12.5,rain,0,0,24.8,18.4,110.9,1001.6,55.8,10.3,300.8,25.9,10,,2021-06-03T05:14:47,2021-06-03T18:35:19,0.76,"Rain, Partially cloudy",Partly cloudy throughout the day with late afternoon rain.,rain,"48820099999,48823099999,48825099999,48831099999,VVNB"
cầu giấy,2021-06-04,31.4,26,27.7,43.3,26,29.9,21.8,71.3,0.297,100,4.17,rain,0,0,49.7,37.1,7.3,1006.5,79.1,10,191.1,16.5,8,,2021-06-04T05:14:43,2021-06-04T18:35:42,0.79,"Rain, Partially cloudy",Partly cloudy throughout the day with early morning rain.,rain,"48820099999,48823099999,48825099999,48831099999,VVNB,remote"
cầu giấy,2021-06-05,32.1,25,28.5,40.7,25,29.8,20.4,63.4,0.011,100,4.17,rain,0,0,19.1,7.6,48.6,1006.1,73.4,9.4,227.6,19.7,8,,2021-06-05T05:14:41,2021-06-05T18:36:05,0.83,"Rain, Partially cloudy",Partly cloudy throughout the day with afternoon rain.,rain,"48820099999,48823099999,48825099999,48831099999,VVNB"
cầu giấy,2021-06-06,33.1,27,29.6,42.4,30.1,34.5,24.2,74.1,9.8,100,29.17,rain,0,0,24.5,11.2,102.4,1003.8,65.9,6.7,235.2,20.5,7,,2021-06-06T05:14:40,2021-06-06T18:36:27,0.86,"Rain, Partially cloudy",Partly cloudy throughout the day with a chance of rain throughout the day.,rain,"48820099999,48823099999,48825099999,48831099999,VVNB,remote"
cầu giấy,2021-06-07,34,25.7,28.7,39.7,25.7,32.7,24.7,80.8,53.956,100,8.33,rain,0,0,28.4,18.4,82.7,1004.6,57.6,8.8,136.5,11.7,6,,2021-06-07T05:14:40,2021-06-07T18:36:49,0.89,"Rain, Partially cloudy",Partly cloudy throughout the day with rain.,rain,"48820099999,48823099999,48825099999,48831099999,VVNB,remote"
cầu giấy,2021-06-08,34,25.6,28,37.9,25.6,31.2,24.6,83.3,39.241,100,16.67,rain,0,0,22.7,13,11.4,1005.7,71.1,8.6,97.1,8.3,3,,2021-06-08T05:14:41,2021-06-08T18:37:11,0.93,"Rain, Partially cloudy",Partly cloudy throughout the day with a chance of rain throughout the day.,rain,"48820099999,48823099999,48825099999,48831099999,VVNB"
cầu giấy,2021-06-09,32,25.7,28.3,39.2,25.7,32.1,25.1,83.9,36.016,100,12.5,rain,0,0,19.1,16.6,68.8,1004.3,77.5,9,116.9,10,6,,2021-06-09T05:14:43,2021-06-09T18:37:32,0.96,"Rain, Partially cloudy",Partly cloudy throughout the day with a chance of rain throughout the day.,rain,"48820099999,48823099999,48825099999,48831099999,VVNB"
cầu giấy,2021-06-10,32,27,28.6,40.6,31.2,34.7,26.2,87.4,0.285,100,8.33,rain,0,0,20.5,9.4,97.2,1002.8,67.9,9.4,159.6,13.8,7,,2021-06-10T05:14:46,2021-06-10T18:37:52,0,"Rain, Partially cloudy",Partly cloudy throughout the day with rain in the morning and afternoon.,rain,"48820099999,48823099999,48825099999,48831099999,VVNB"
cầu giấy,2021-06-11,34,27,29.4,39.7,31.2,35.2,25.5,80.9,1.989,100,4.17,rain,0,0,24.8,14.8,82.3,1003.4,55.9,9.6,105.5,9.1,5,,2021-06-11T05:14:49,2021-06-11T18:38:12,0.03,"Rain, Partially cloudy",Partly cloudy throughout the day with morning rain.,rain,"48820099999,48823099999,48825099999,48831099999,VVNB"
cầu giấy,2021-06-12,35,25.7,28.8,40.6,25.7,34.2,25.7,84.3,30.596,100,16.67,rain,0,0,38.2,18.4,327,1002.7,77.5,8.9,147.9,12.8,6,,2021-06-12T05:14:54,2021-06-12T18:38:32,0.06,"Rain, Partially cloudy",Partly cloudy throughout the day with rain.,rain,"48820099999,48823099999,48825099999,48831099999,VVNB"
cầu giấy,2021-06-13,31,26,27.7,37.9,26,31.8,25.3,87.2,56.958,100,20.83,rain,0,0,42.5,24.1,59.8,1002,85.9,9.5,169,14.7,7,,2021-06-13T05:15:00,2021-06-13T18:38:50,0.1,"Rain, Partially cloudy",Partly cloudy throughout the day with a chance of rain throughout the day.,rain,"48820099999,48823099999,48825099999,48831099999,VVNB"
cầu giấy,2021-06-14,34.1,26,29.7,40.6,26,33.9,24.6,76.6,0,0,0,,0,0,28.8,22.3,129.5,1001.3,68,10.9,253.4,22,9,,2021-06-14T05:15:07,2021-06-14T18:39:09,0.13,Partially cloudy,Partly cloudy throughout the day.,partly-cloudy-day,"48820099999,48823099999,48825099999,48831099999,VVNB"
cầu giấy,2021-06-15,35,27,30.8,41.3,30.8,35.8,24,69.5,0.099,100,4.17,rain,0,0,31,14.8,131,999.5,53.3,11.5,266.4,23.3,9,,2021-06-15T05:15:14,2021-06-15T18:39:26,0.17,"Rain, Partially cloudy",Partly cloudy throughout the day with early morning rain.,rain,"48820099999,48823099999,48825099999,48831099999,VVNB"
cầu giấy,2021-06-16,37,28,32.3,43.9,34.5,38.7,24.5,66.5,0,0,0,,0,0,29.9,18.4,127.3,1001.1,69.1,10.5,286,24.8,9,,2021-06-16T05:15:23,2021-06-16T18:39:43,0.2,Partially cloudy,Partly cloudy throughout the day.,partly-cloudy-day,"48820099999,48823099999,48825099999,48831099999,VVNB,remote"
cầu giấy,2021-06-17,37.1,28,32.9,44.1,34.5,39.8,24.6,64.3,0,0,0,,0,0,28.4,18.4,125.6,1002.9,48.9,11,296.6,25.6,10,,2021-06-17T05:15:32,2021-06-17T18:39:59,0.24,Partially cloudy,Partly cloudy throughout the day.,partly-cloudy-day,"48820099999,48823099999,48825099999,48831099999,VVNB"
cầu giấy,2021-06-18,38,29,33.5,44.1,36.8,40.8,24.6,62.8,0,0,0,,0,0,26.6,16.6,139.9,1003,31.1,12,307,26.5,10,,2021-06-18T05:15:42,2021-06-18T18:40:15,0.25,Partially cloudy,Clearing in the afternoon.,partly-cloudy-day,"48820099999,48823099999,48825099999,48831099999,VVNB"
cầu giấy,2021-06-19,39.4,29,34.5,45.5,36.1,40,22.9,54.2,0,0,0,,0,0,28.4,14.8,219.3,1000.7,23,12.3,316.3,27.5,10,,2021-06-19T05:15:53,2021-06-19T18:40:30,0.31,Partially cloudy,Partly cloudy throughout the day.,partly-cloudy-day,"48820099999,48823099999,48825099999,48831099999,VVNB"
cầu giấy,2021-06-20,40,30,35.2,45.2,34.6,40.1,22.1,48.7,0,0,0,,0,0,31,14.8,226.1,998.7,34.1,11.9,318.1,27.6,10,,2021-06-20T05:16:05,2021-06-20T18:40:44,0.34,Partially cloudy,Partly cloudy throughout the day.,partly-cloudy-day,"48820099999,48823099999,48825099999,48831099999,VVNB"
cầu giấy,2021-06-21,38.8,30,34.3,44.9,38.8,41.5,24.3,58.5,0,0,0,,0,0,24.8,16.6,196.3,999.3,65.1,11.3,302.4,26.2,10,,2021-06-21T05:16:17,2021-06-21T18:40:57,0.38,Partially cloudy,Partly cloudy throughout the day.,partly-cloudy-day,"48820099999,48823099999,48825099999,48831099999,VVNB"
cầu giấy,2021-06-22,37,26.1,32.3,46.8,26.1,39.5,25,66.8,2.4,100,25,rain,0,0,26.3,18.4,64.1,1002.5,79.5,11,201.2,17.3,7,,2021-06-22T05:16:30,2021-06-22T18:41:09,0.41,"Rain, Partially cloudy",Partly cloudy throughout the day with rain.,rain,"48820099999,48823099999,48825099999,48831099999,VVNB,remote"
cầu giấy,2021-06-23,34,26,29.8,40.6,26,34.7,24.7,75.4,42.588,100,8.33,rain,0,0,23.8,13,174.6,1003.6,75.8,10,116.2,9.9,5,,2021-06-23T05:16:44,2021-06-23T18:41:21,0.45,"Rain, Partially cloudy",Partly cloudy throughout the day with rain clearing later.,rain,"48820099999,48823099999,48825099999,48831099999,VVNB"
cầu giấy,2021-06-24,33,26,28.2,44.1,26,33.1,25.9,88.2,0.911,100,4.17,rain,0,0,26.6,14.8,70.4,1002.6,72,9.8,164,14.1,6,,2021-06-24T05:16:59,2021-06-24T18:41:31,0.48,"Rain, Partially cloudy",Partly cloudy throughout the day with late afternoon rain.,rain,"48820099999,48823099999,48825099999,48831099999,VVNB"
cầu giấy,2021-06-25,32,25,28.3,40.3,25,32.2,25.1,83.7,0.042,100,4.17,rain,0,0,26.6,25.9,104.6,1002.6,68.6,8.9,168,14.6,7,,2021-06-25T05:17:14,2021-06-25T18:41:41,0.5,"Rain, Partially cloudy",Partly cloudy throughout the day with morning rain.,rain,"48820099999,48823099999,48825099999,48831099999,VVNB"
cầu giấy,2021-06-26,35,25,28.9,42.3,25,32.6,24.3,77.8,38.59,100,8.33,rain,0,0,34.2,14.8,125.1,1003.5,65.4,10.8,241.5,20.7,9,,2021-06-26T05:17:30,2021-06-26T18:41:50,0.55,"Rain, Partially cloudy",Partly cloudy throughout the day with rain.,rain,"48820099999,48823099999,48825099999,48831099999,VVNB"
cầu giấy,2021-06-27,37,26,32,43.6,26,36.8,23.7,64.6,6.926,100,4.17,rain,0,0,36,14.8,174.9,1002.1,76.5,10.8,286.8,24.9,9,,2021-06-27T05:17:47,2021-06-27T18:41:58,0.58,"Rain, Partially cloudy",Partly cloudy throughout the day with early morning rain.,rain,"48820099999,48823099999,48825099999,48831099999,VVNB"
cầu giấy,2021-06-28,37.5,29,33.6,44.5,34.5,39,23.1,55.5,1,100,4.17,rain,0,0,31.3,11.2,211.7,999.2,90.5,10.7,279.2,24.1,9,,2021-06-28T05:18:04,2021-06-28T18:42:05,0.61,"Rain, Overcast",Cloudy skies throughout the day with afternoon rain.,rain,"48820099999,48823099999,48825099999,48831099999,VVNB"
cầu giấy,2021-06-29,35.5,30,32.5,43.5,33.7,38.1,23.5,59.9,0.078,100,4.17,rain,0,0,26.6,16.6,130.7,999.5,95.5,10,205.9,17.8,7,,2021-06-29T05:18:22,2021-06-29T18:42:11,0.65,"Rain, Overcast",Cloudy skies throughout the day with late afternoon rain.,rain,"48820099999,48823099999,48825099999,48831099999,VVNB"
cầu giấy,2021-06-30,36,28,32,42.4,32.7,37.8,24.1,65.1,0.011,100,4.17,rain,0,0,31.7,16.6,142,1000,92.9,10,209.1,17.9,7,,2021-06-30T05:18:40,2021-06-30T18:42:16,0.68,"Rain, Overcast",Cloudy skies throughout the day with early morning rain.,rain,"48820099999,48823099999,48825099999,48831099999,VVNB"
cầu giấy,2021-07-01,36,30.2,32.8,41.6,34.6,37.8,22.9,57.1,0,0,0,,0,0,31,18.4,177.6,1000.6,94,10,216.1,18.6,7,,2021-07-01T05:18:59,2021-07-01T18:42:20,0.71,Overcast,Cloudy skies throughout the day.,cloudy,"48820099999,48823099999,48825099999,48831099999,VVNB"
cầu giấy,2021-07-02,38,30,33.6,43.6,33.3,38.4,22.4,53.3,0,0,0,,0,0,35.3,22.3,217.2,1001.8,93.4,10.7,280.4,24.2,9,,2021-07-02T05:19:18,2021-07-02T18:42:23,0.75,Overcast,Cloudy skies throughout the day.,cloudy,"48820099999,48823099999,48825099999,48831099999,VVNB"
cầu giấy,2021-07-03,37,30,32.9,44.2,36.8,39.5,24.3,62.1,0,0,0,,0,0,31.3,13,311.9,1001.9,78.5,10.5,273.6,23.7,9,,2021-07-03T05:19:38,2021-07-03T18:42:25,0.78,Partially cloudy,Partly cloudy throughout the day.,partly-cloudy-day,"48820099999,48823099999,48825099999,48831099999,VVNB"
cầu giấy,2021-07-04,37,29,32.7,45.3,36.5,40.7,25.4,67.3,0.1,100,4.17,rain,0,0,24.8,18.4,119.5,1002.6,73.3,10.7,272.6,23.6,9,,2021-07-04T05:19:58,2021-07-04T18:42:26,0.81,"Rain, Partially cloudy",Partly cloudy throughout the day with late afternoon rain.,rain,"48820099999,48823099999,48825099999,48831099999,VVNB"
cầu giấy,2021-07-05,33,26,30.2,42.4,26,37.4,25.7,77.9,3.99,100,8.33,rain,0,0,25.6,20.5,125.1,1004.3,76,9.7,207.7,17.9,8,,2021-07-05T05:20:19,2021-07-05T18:42:26,0.84,"Rain, Partially cloudy",Partly cloudy throughout the day with rain.,rain,"48820099999,48823099999,48825099999,48831099999,VVNB"
cầu giấy,2021-07-06,35,27.7,31.3,42.3,32.9,37.4,24.6,69.7,0.4,100,8.33,rain,0,0,25.9,16.6,119.9,1003.9,53.5,10.3,256.2,22.2,8,,2021-07-06T05:20:40,2021-07-06T18:42:25,0.87,"Rain, Partially cloudy",Partly cloudy throughout the day with rain.,rain,"48820099999,48823099999,48825099999,48831099999,VVNB"
cầu giấy,2021-07-07,34,27,29.6,40.6,31.2,35.9,25.6,80.6,24.019,100,12.5,rain,0,0,30.2,11.2,316.6,1004.4,71.4,9.9,187.9,16.2,7,,2021-07-07T05:21:01,2021-07-07T18:42:23,0.91,"Rain, Partially cloudy",Partly cloudy throughout the day with rain.,rain,"48820099999,48823099999,48825099999,48831099999,VVNB,remote"
cầu giấy,2021-07-08,29.4,24.7,27.2,35.7,24.7,30.9,25.6,91.1,54.075,100,20.83,rain,0,0,43.6,20.5,100.2,1006.1,87.4,8.9,136,11.7,4,,2021-07-08T05:21:23,2021-07-08T18:42:20,0.94,"Rain, Partially cloudy",Partly cloudy throughout the day with a chance of rain throughout the day.,rain,"48820099999,48823099999,48825099999,48831099999,VVNB"
cầu giấy,2021-07-09,33,26,29,42.3,26,34.3,25.6,82.9,7.01,100,12.5,rain,0,0,34.2,16.6,124.3,1008.3,54.1,9.7,181.9,15.7,7,,2021-07-09T05:21:45,2021-07-09T18:42:16,0.97,"Rain, Partially cloudy",Partly cloudy throughout the day with a chance of rain throughout the day.,rain,"48820099999,48823099999,48825099999,48831099999,VVNB"
cầu giấy,2021-07-10,32.6,26,29.1,39.8,26,34.3,25.1,80.1,11.926,100,4.17,rain,0,0,31.3,14.8,90.5,1008.8,41.4,9.9,240.6,20.6,8,,2021-07-10T05:22:07,2021-07-10T18:42:10,0,"Rain, Partially cloudy",Partly cloudy throughout the day with afternoon rain.,rain,"48820099999,48823099999,48825099999,48831099999,VVNB"
cầu giấy,2021-07-11,35,26,30.4,39.8,26,34.6,23.9,70.7,0.3,100,8.33,rain,0,0,30.6,16.6,143.7,1009.6,42.3,11.2,272.6,23.6,8,,2021-07-11T05:22:30,2021-07-11T18:42:04,0.04,"Rain, Partially cloudy",Partly cloudy throughout the day with morning rain.,rain,"48820099999,48823099999,48825099999,48831099999,VVNB,remote"
cầu giấy,2021-07-12,35,27,30.8,41.7,31.2,36.3,24.5,71.1,0,0,0,,0,0,35.3,20.5,141.1,1008.4,26.3,12.1,301.6,26.1,9,,2021-07-12T05:22:53,2021-07-12T18:41:56,0.08,Partially cloudy,Partly cloudy throughout the day.,partly-cloudy-day,"48820099999,48823099999,48825099999,48831099999,VVNB"
cầu giấy,2021-07-13,35,27.8,30.9,42.2,33.6,37.5,25.3,73.8,0.9,100,4.17,rain,0,0,29.2,20.5,138,1006.2,41.2,10.4,279.6,24.2,9,,2021-07-13T05:23:16,2021-07-13T18:41:47,0.11,"Rain, Partially cloudy",Partly cloudy throughout the day with afternoon rain.,rain,"48820099999,48823099999,48825099999,48831099999,VVNB"
cầu giấy,2021-07-14,35,28,31.3,41.8,34.1,37.7,25,71.3,0.9,100,16.67,rain,0,0,31.7,24.1,131.8,1005.7,42.4,10.4,251.7,21.5,8,,2021-07-14T05:23:39,2021-07-14T18:41:37,0.15,"Rain, Partially cloudy",Partly cloudy throughout the day with rain.,rain,"48820099999,48823099999,48825099999,48831099999,VVNB"
cầu giấy,2021-07-15,35,27,31.2,40.3,31.8,37.1,24.5,69.6,0,0,0,,0,0,33.1,20.5,136.1,1007.2,42,11.7,264.8,22.8,9,,2021-07-15T05:24:02,2021-07-15T18:41:26,0.18,Partially cloudy,Partly cloudy throughout the day.,partly-cloudy-day,"48820099999,48823099999,48825099999,48831099999,VVNB"
cầu giấy,2021-07-16,36,27,31.3,43,31.2,37,24.3,68.9,0.2,100,8.33,rain,0,0,25.2,14.8,127.7,1007.5,33.1,12.4,279.1,24.2,9,,2021-07-16T05:24:25,2021-07-16T18:41:14,0.22,"Rain, Partially cloudy",Partly cloudy throughout the day with rain in the morning and afternoon.,rain,"48820099999,48823099999,48825099999,48831099999,VVNB"
cầu giấy,2021-07-17,35.7,27,31.3,43.4,31.2,37.3,24.7,69.7,0.6,100,4.17,rain,0,0,23.8,22.3,117.3,1003.9,50.5,11.1,288.5,24.9,9,,2021-07-17T05:24:49,2021-07-17T18:41:01,0.25,"Rain, Partially cloudy",Partly cloudy throughout the day with late afternoon rain.,rain,"48820099999,48823099999,48825099999,48831099999,VVNB"
cầu giấy,2021-07-18,31.6,25,27.9,42.4,25,33.2,26.2,90.6,0.767,100,4.17,rain,0,0,23.4,18.4,102.6,1001.7,79.4,9.6,189.6,16.3,8,,2021-07-18T05:25:12,2021-07-18T18:40:47,0.29,"Rain, Partially cloudy",Partly cloudy throughout the day with late afternoon rain.,rain,"48820099999,48823099999,48825099999,48831099999,VVNB"
cầu giấy,2021-07-19,34.5,25,28.8,40.6,25,32.9,24.5,79.1,14.3,100,50,rain,0,0,22.7,16.6,77.1,1001.8,60.1,9.7,187.7,16.2,7,,2021-07-19T05:25:36,2021-07-19T18:40:31,0.33,"Rain, Partially cloudy",Partly cloudy throughout the day with a chance of rain throughout the day.,rain,"48820099999,48823099999,48825099999,48831099999,VVNB"
cầu giấy,2021-07-20,35,26,29.3,42.5,26,34.7,25.5,81.8,0.099,100,4.17,rain,0,0,20.5,22.3,304.4,1002.2,71.7,9.7,179.4,15.6,6,,2021-07-20T05:25:59,2021-07-20T18:40:14,0.36,"Rain, Partially cloudy",Partly cloudy throughout the day with late afternoon rain.,rain,"48820099999,48823099999,48825099999,48831099999,VVNB"
cầu giấy,2021-07-21,35.3,26,29.1,41.3,26,33.1,24.9,80.6,0.074,100,4.17,rain,0,0,21.6,22.3,323.8,1001.4,65.1,9.5,147.4,12.7,6,,2021-07-21T05:26:23,2021-07-21T18:39:57,0.4,"Rain, Partially cloudy",Partly cloudy throughout the day with late afternoon rain.,rain,"48820099999,48823099999,48825099999,48831099999,VVNB,remote"
cầu giấy,2021-07-22,32.3,26,28.2,41.5,26,33.4,26.3,89.9,32.514,100,8.33,rain,0,0,20.9,13,358.7,999.9,56.3,9,66.3,5.7,2,,2021-07-22T05:26:47,2021-07-22T18:39:38,0.43,"Rain, Partially cloudy",Partly cloudy throughout the day with rain.,rain,"48820099999,48823099999,48825099999,48831099999,VVNB"
cầu giấy,2021-07-23,27,26,26.7,31.8,26,29.4,26.3,97.8,50.588,100,16.67,rain,0,0,37.1,18.4,291.1,998.3,86.3,8,30.5,2.5,1,,2021-07-23T05:27:10,2021-07-23T18:39:18,0.47,"Rain, Partially cloudy",Partly cloudy throughout the day with a chance of rain throughout the day.,rain,"48820099999,48823099999,48825099999,48831099999,VVNB"
cầu giấy,2021-07-24,36,26.7,30,43.2,30.3,36.7,26.1,81.7,1.979,100,4.17,rain,0,0,40,24.1,331,998.4,53.1,8.9,228.2,19.8,8,,2021-07-24T05:27:34,2021-07-24T18:38:57,0.5,"Rain, Partially cloudy",Partly cloudy throughout the day with early morning rain.,rain,"48820099999,48823099999,48825099999,48831099999,VVNB,remote"
cầu giấy,2021-07-25,35,27,30.1,47.3,31.2,36.6,25.4,77.6,5.2,100,25,rain,0,0,23.8,14.8,326,999.8,61.2,9.9,262.7,22.6,9,,2021-07-25T05:27:57,2021-07-25T18:38:34,0.54,"Rain, Partially cloudy",Partly cloudy throughout the day with rain.,rain,"48820099999,48823099999,48825099999,48831099999,VVNB"
cầu giấy,2021-07-26,35.1,26,30.2,42.2,26,35.7,25,75.9,0.106,100,4.17,rain,0,0,20.9,14.8,272.3,999.4,61.2,10,225.6,19.3,7,,2021-07-26T05:28:21,2021-07-26T18:38:11,0.57,"Rain, Partially cloudy",Partly cloudy throughout the day with early morning rain.,rain,"48820099999,48823099999,48825099999,48831099999,VVNB"
cầu giấy,2021-07-27,36.5,27,31.5,45.8,31.8,38.5,25.4,72.7,0.198,100,4.17,rain,0,0,25.6,11.2,259.1,997.5,66.5,11.7,268.5,23.1,8,,2021-07-27T05:28:44,2021-07-27T18:37:47,0.6,"Rain, Partially cloudy",Partly cloudy throughout the day with early morning rain.,rain,"48820099999,48823099999,48825099999,48831099999,VVNB,remote"
cầu giấy,2021-07-28,36.5,27.9,31,46,32.5,38.2,25.6,74.8,0.095,100,4.17,rain,0,0,24.5,18.4,7.5,997.4,65.8,11.3,235.9,20.4,8,,2021-07-28T05:29:07,2021-07-28T18:37:21,0.63,"Rain, Partially cloudy",Partly cloudy throughout the day with early morning rain.,rain,"48820099999,48823099999,48825099999,48831099999,VVNB"
cầu giấy,2021-07-29,35,28,30.2,47.3,33.6,38,26.5,81.9,7.055,100,8.33,rain,0,0,25.6,20.5,76.3,999,67.8,9.9,194.2,16.8,8,,2021-07-29T05:29:30,2021-07-29T18:36:55,0.66,"Rain, Partially cloudy",Partly cloudy throughout the day with rain.,rain,"48820099999,48823099999,48825099999,48831099999,VVNB"
cầu giấy,2021-07-30,36.2,27.3,31.2,45.8,32.4,38.5,25.8,75.4,0.003,100,4.17,rain,0,0,21.6,11.2,131.1,999.6,64.2,8.8,234.2,20.2,7,,2021-07-30T05:29:53,2021-07-30T18:36:27,0.7,"Rain, Partially cloudy",Partly cloudy throughout the day with early morning rain.,rain,"48820099999,48823099999,48825099999,48831099999,VVNB"
cầu giấy,2021-07-31,37,28,31.9,47.3,34.5,41.6,26.8,76,0,0,0,,0,0,22.3,14.8,60.3,998.3,63.3,9.8,253.2,21.7,8,,2021-07-31T05:30:16,2021-07-31T18:35:58,0.75,Partially cloudy,Partly cloudy throughout the day.,partly-cloudy-day,"48820099999,48823099999,48825099999,48831099999,VVNB"
cầu giấy,2021-08-01,31,25,28,44.3,25,32.9,26.1,90,16.111,100,8.33,rain,0,0,27,13.5,301.7,999.2,90.3,9.6,52.6,4.5,3,,2021-08-01T05:30:38,2021-08-01T18:35:28,0.76,"Rain, Overcast",Cloudy skies throughout the day with rain in the morning and afternoon.,rain,"48820099999,48823099999,48825099999,48831099999,VVNB"
cầu giấy,2021-08-02,36.4,27,30.9,43.3,31.8,38.3,26.1,77.7,0,0,0,,0,0,29.5,14.4,275.2,998.5,52.4,9.7,256.9,22.2,8,,2021-08-02T05:31:01,2021-08-02T18:34:58,0.79,Partially cloudy,Partly cloudy throughout the day.,partly-cloudy-day,"48820099999,48823099999,48825099999,48831099999,VVNB"
cầu giấy,2021-08-03,36.8,27,31.5,44.3,30.1,38.1,25,70.6,0,0,0,,0,0,23.8,13,297.2,999.4,63.1,9.8,285.7,24.7,9,,2021-08-03T05:31:23,2021-08-03T18:34:26,0.83,Partially cloudy,Partly cloudy throughout the day.,partly-cloudy-day,"48820099999,48823099999,48825099999,48831099999,VVNB"
cầu giấy,2021-08-04,37.7,28,32.8,46.9,35.6,41.9,26.3,71,0,0,0,,0,0,23.8,13,294.2,999.5,51.8,11.2,299.4,25.9,9,,2021-08-04T05:31:45,2021-08-04T18:33:53,0.86,Partially cloudy,Partly cloudy throughout the day.,partly-cloudy-day,"48820099999,48823099999,48825099999,48831099999,VVNB,remote"
cầu giấy,2021-08-05,36.9,29,33,47.9,38.2,43.1,26.6,71.4,0,0,0,,0,0,27.4,16.6,306.6,998.1,50.7,9.2,291.5,25,10,,2021-08-05T05:32:07,2021-08-05T18:33:19,0.89,Partially cloudy,Partly cloudy throughout the day.,partly-cloudy-day,"48820099999,48823099999,48825099999,48831099999,VVNB"
cầu giấy,2021-08-06,38.3,29,33.9,46.2,39.5,42.4,25.3,64.2,0,0,0,,0,0,29.2,20.5,264.1,998.7,60,9,253.9,21.9,8,,2021-08-06T05:32:28,2021-08-06T18:32:45,0.92,Partially cloudy,Partly cloudy throughout the day.,partly-cloudy-day,"48820099999,48823099999,48825099999,48831099999,VVNB"
cầu giấy,2021-08-07,38.8,30,34.2,47.3,36.5,42.3,24.9,61.8,0,0,0,,0,0,26.3,14.8,240.4,999.9,68.7,10.7,259.1,22.3,9,,2021-08-07T05:32:50,2021-08-07T18:32:09,0.96,Partially cloudy,Partly cloudy throughout the day.,partly-cloudy-day,"48820099999,48823099999,48825099999,48831099999,VVNB"
cầu giấy,2021-08-08,34.6,27,30.6,52,30.6,41.4,27.9,86,6.2,100,8.33,rain,0,0,22.7,14.8,70.7,1001.3,68.8,10.2,250.8,21.6,9,,2021-08-08T05:33:11,2021-08-08T18:31:33,0,"Rain, Partially cloudy",Partly cloudy throughout the day with rain.,rain,"48820099999,48823099999,48825099999,48831099999,VVNB"
cầu giấy,2021-08-09,32.5,27,30.1,46.5,30.6,40,27.6,86.6,9.1,100,12.5,rain,0,0,35.6,13,78.8,1001.7,76.5,8.6,160.5,13.8,7,,2021-08-09T05:33:31,2021-08-09T18:30:55,0.02,"Rain, Partially cloudy",Partly cloudy throughout the day with rain clearing later.,rain,"48820099999,48823099999,48825099999,48831099999,VVNB"
cầu giấy,2021-08-10,30.1,25,27.4,40.4,25,31.8,25.9,92,22.943,100,16.67,rain,0,0,31,24.1,132.9,1002.3,86.6,9.3,116.2,10,5,,2021-08-10T05:33:52,2021-08-10T18:30:17,0.06,"Rain, Partially cloudy",Partly cloudy throughout the day with a chance of rain throughout the day.,rain,"48820099999,48823099999,48825099999,48831099999,VVNB"
cầu giấy,2021-08-11,33.3,24.8,27.3,45.8,24.8,31.1,26,93.1,24.801,100,12.5,rain,0,0,25.6,20.5,109.7,1004.8,78.4,8.2,125,10.7,5,,2021-08-11T05:34:12,2021-08-11T18:29:37,0.09,"Rain, Partially cloudy",Partly cloudy throughout the day with rain.,rain,"48820099999,48823099999,48825099999,48831099999,VVNB"
cầu giấy,2021-08-12,32.4,24,27.3,44.3,24,30.9,25.8,91.8,49.472,100,8.33,rain,0,0,29.5,16.6,75.6,1006,77.9,8.4,206.9,17.8,8,,2021-08-12T05:34:33,2021-08-12T18:28:57,0.13,"Rain, Partially cloudy",Partly cloudy throughout the day with rain.,rain,"48820099999,48823099999,48825099999,48831099999,VVNB"
cầu giấy,2021-08-13,35,25.7,29.8,45.8,25.7,35.6,25.9,81.1,0.989,100,4.17,rain,0,0,36,14.8,114,1002.1,80.7,9.8,214.4,18.5,8,,2021-08-13T05:34:52,2021-08-13T18:28:16,0.17,"Rain, Partially cloudy",Partly cloudy throughout the day with early morning rain.,rain,"48820099999,48823099999,48825099999,48831099999,VVNB"
cầu giấy,2021-08-14,35,24,30,45.8,24,36.7,25.8,80.6,0.002,100,8.33,rain,0,0,29.2,16.6,132.2,1000.9,70.5,9,185.5,16,8,,2021-08-14T05:35:12,2021-08-14T18:27:34,0.2,"Rain, Partially cloudy",Partly cloudy throughout the day with rain in the morning and afternoon.,rain,"48820099999,48823099999,48825099999,48831099999,VVNB,remote"
cầu giấy,2021-08-15,31.7,26,28.3,42.4,26,34.4,26.9,92.5,0.099,100,4.17,rain,0,0,27.4,14.8,88.1,1005.3,78.4,9.7,195.1,16.8,8,,2021-08-15T05:35:31,2021-08-15T18:26:51,0.25,"Rain, Partially cloudy",Partly cloudy throughout the day with afternoon rain.,rain,"48820099999,48823099999,48825099999,48831099999,VVNB"
cầu giấy,2021-08-16,34,27,30.2,44.3,31.8,37.6,26.3,81.2,3.6,100,37.5,rain,0,0,24.1,16.6,108.4,1008.7,49.5,10.8,222,19.2,8,,2021-08-16T05:35:50,2021-08-16T18:26:08,0.27,"Rain, Partially cloudy",Partly cloudy throughout the day with a chance of rain throughout the day.,rain,"48820099999,48823099999,48825099999,48831099999,VVNB,remote"
cầu giấy,2021-08-17,35.9,25,30.4,42.7,25,36,25,75.6,0.2,100,8.33,rain,0,0,42.5,24.1,240.8,1008.4,49.8,9.7,243.8,21,8,,2021-08-17T05:36:09,2021-08-17T18:25:24,0.31,"Rain, Partially cloudy",Partly cloudy throughout the day with afternoon rain.,rain,"48820099999,48823099999,48825099999,48831099999,VVNB"
cầu giấy,2021-08-18,35.5,24,29.2,44.1,24,33.6,25,80.4,0.395,100,4.17,rain,0,0,29.5,24.1,130.5,1006.3,66.2,10.8,261.4,22.6,9,,2021-08-18T05:36:28,2021-08-18T18:24:39,0.35,"Rain, Partially cloudy",Partly cloudy throughout the day with early morning rain.,rain,"48820099999,48823099999,48825099999,48831099999,VVNB"
cầu giấy,2021-08-19,34.4,25,29.6,42.4,25,34.4,25.1,78.7,24.736,100,4.17,rain,0,0,27.7,16.6,115.2,1006.2,62.2,11.4,130.1,11.2,6,,2021-08-19T05:36:46,2021-08-19T18:23:53,0.38,"Rain, Partially cloudy",Partly cloudy throughout the day with early morning rain.,rain,"48820099999,48823099999,48825099999,48831099999,VVNB"
cầu giấy,2021-08-20,34.1,27,30.5,43.8,31.8,38.5,26.4,80.3,0.032,100,4.17,rain,0,0,25.9,16.6,132.8,1007.5,42.5,11.5,224.9,19.4,8,,2021-08-20T05:37:04,2021-08-20T18:23:07,0.42,"Rain, Partially cloudy",Partly cloudy throughout the day with morning rain.,rain,"48820099999,48823099999,48825099999,48831099999,VVNB"
cầu giấy,2021-08-21,36,28,31.3,45.8,35.6,40,26.6,78.3,0,0,0,,0,0,28.4,20.5,135.6,1006.4,51.9,10,262.4,22.5,9,,2021-08-21T05:37:22,2021-08-21T18:22:19,0.45,Partially cloudy,Partly cloudy throughout the day.,partly-cloudy-day,"48820099999,48823099999,48825099999,48831099999,VVNB"
cầu giấy,2021-08-22,35.3,28,31.1,47.9,35.6,42.3,28.1,84.7,0,0,0,,0,0,31,22.3,120.4,1004.2,49.3,9.9,267,23.2,9,,2021-08-22T05:37:40,2021-08-22T18:21:32,0.5,Partially cloudy,Partly cloudy throughout the day.,partly-cloudy-day,"48820099999,48823099999,48825099999,48831099999,VVNB"
cầu giấy,2021-08-23,31,27,28.9,42.2,30.6,37.1,27.2,90.6,3.2,100,20.83,rain,0,0,28.8,18.4,102.8,1003.2,75.4,10.4,260.2,22.5,9,,2021-08-23T05:37:57,2021-08-23T18:20:43,0.52,"Rain, Partially cloudy",Partly cloudy throughout the day with rain.,rain,"48820099999,48823099999,48825099999,48831099999,VVNB"
cầu giấy,2021-08-24,34.5,27,30.4,49.5,31.8,39.9,27.5,85.2,5.7,100,33.33,rain,0,0,25.6,20.5,106,1003.6,69.8,10.7,205.4,17.5,8,,2021-08-24T05:38:14,2021-08-24T18:19:54,0.55,"Rain, Partially cloudy",Partly cloudy throughout the day with rain.,rain,"48820099999,48823099999,48825099999,48831099999,VVNB"
cầu giấy,2021-08-25,33.5,27,29.9,43.8,31.3,38.3,27,85.6,8.905,100,8.33,rain,0,0,26.3,22.3,114.6,1005.3,48.1,9.5,205,17.8,7,,2021-08-25T05:38:31,2021-08-25T18:19:04,0.59,"Rain, Partially cloudy",Partly cloudy throughout the day with rain in the morning and afternoon.,rain,"48820099999,48823099999,48825099999,48831099999,VVNB"
cầu giấy,2021-08-26,32.1,24.8,28.8,40.6,24.8,35.1,26.3,86.9,32.879,100,8.33,rain,0,0,26.3,16.6,92.9,1008.1,61.2,9.8,171.5,14.9,6,,2021-08-26T05:38:48,2021-08-26T18:18:14,0.62,"Rain, Partially cloudy",Partly cloudy throughout the day with rain in the morning and afternoon.,rain,"48820099999,48823099999,48825099999,48831099999,VVNB"
cầu giấy,2021-08-27,31.1,24,27.8,38.8,24,32.3,25.8,89.7,76.303,100,12.5,rain,0,0,22.7,13,21.2,1009.5,72.3,11,139.2,11.9,5,,2021-08-27T05:39:04,2021-08-27T18:17:23,0.65,"Rain, Partially cloudy",Partly cloudy throughout the day with rain.,rain,"48820099999,48823099999,48825099999,48831099999,VVNB"
cầu giấy,2021-08-28,32.2,24,27.7,39.1,24,31.4,25.1,86.9,16.578,100,8.33,rain,0,0,22.7,22.3,114.8,1009.5,67.5,9.9,135.7,11.7,7,,2021-08-28T05:39:20,2021-08-28T18:16:32,0.68,"Rain, Partially cloudy",Partly cloudy throughout the day with rain.,rain,"48820099999,48823099999,48825099999,48831099999,VVNB"
cầu giấy,2021-08-29,33,25,28.4,39.1,25,31.3,24.1,79.5,0.002,100,4.17,rain,0,0,23,18.4,93.9,1009.7,46.6,9.8,246.4,21.1,9,,2021-08-29T05:39:37,2021-08-29T18:15:40,0.72,"Rain, Partially cloudy",Partly cloudy throughout the day with late afternoon rain.,rain,"48820099999,48823099999,48825099999,48831099999,VVNB"
cầu giấy,2021-08-30,33,26,28.8,38.9,26,32.5,24.7,80.5,1.1,100,29.17,rain,0,0,22.3,16.6,106.7,1009.9,61.1,9.7,213.9,18.5,8,,2021-08-30T05:39:52,2021-08-30T18:14:48,0.75,"Rain, Partially cloudy",Partly cloudy throughout the day with a chance of rain throughout the day.,rain,"48820099999,48823099999,48825099999,48831099999,VVNB"
cầu giấy,2021-08-31,34,26,29.5,40.6,26,34.7,25.3,80.4,9.894,100,4.17,rain,0,0,21.6,16.6,111.5,1009.7,49.7,10.1,216.6,18.8,7,,2021-08-31T05:40:08,2021-08-31T18:13:55,0.78,"Rain, Partially cloudy",Partly cloudy throughout the day with afternoon rain.,rain,"48820099999,48823099999,48825099999,48831099999,VVNB"
cầu giấy,2021-09-01,34,26.3,29.8,40.6,26.3,35.3,25.1,77.9,18.799,100,4.17,rain,0,0,18.7,14.8,76.5,1008.5,34.8,10.2,232.9,20.1,8,,2021-09-01T05:40:24,2021-09-01T18:13:02,0.81,"Rain, Partially cloudy",Partly cloudy throughout the day with afternoon rain.,rain,"48820099999,48823099999,48825099999,48831099999,VVNB"
cầu giấy,2021-09-02,32,26,28.6,40.6,26,33.5,25.8,85.5,0.669,100,4.17,rain,0,0,23,13,117.5,1007.5,65.3,9.8,127.4,11.2,5,,2021-09-02T05:40:39,2021-09-02T18:12:08,0.84,"Rain, Partially cloudy",Partly cloudy throughout the day with afternoon rain.,rain,"48820099999,48823099999,48825099999,48831099999,VVNB"
cầu giấy,2021-09-03,33,26,29.7,40.6,26,35.5,25.5,80.1,1.979,100,4.17,rain,0,0,23,18.4,99.7,1005.4,53.2,9.2,218.8,18.9,8,,2021-09-03T05:40:54,2021-09-03T18:11:14,0.88,"Rain, Partially cloudy",Partly cloudy throughout the day with afternoon rain.,rain,"48820099999,48823099999,48825099999,48831099999,VVNB"
cầu giấy,2021-09-04,33.6,27,29.9,42.4,31.2,36.2,25.7,79.7,9.203,100,8.33,rain,0,0,24.8,18.4,106.4,1005.4,51.6,9.8,174.6,15.2,6,,2021-09-04T05:41:09,2021-09-04T18:10:19,0.91,"Rain, Partially cloudy",Partly cloudy throughout the day with rain.,rain,"48820099999,48823099999,48825099999,48831099999,VVNB"
cầu giấy,2021-09-05,32,23.5,28.3,40.6,23.5,33.4,25.6,86.3,37.934,100,8.33,rain,0,0,23.8,13,104.7,1008.2,61.5,9.7,154.5,13.3,7,,2021-09-05T05:41:24,2021-09-05T18:09:25,0.94,"Rain, Partially cloudy",Partly cloudy throughout the day with rain in the morning and afternoon.,rain,"48820099999,48823099999,48825099999,48831099999,VVNB,remote"
cầu giấy,2021-09-06,34.5,25,29.2,40.6,25,33.3,24.6,78.5,0.003,100,4.17,rain,0,0,19.8,13,325.6,1010.3,49.7,9.5,211,18.2,8,,2021-09-06T05:41:39,2021-09-06T18:08:29,0.97,"Rain, Partially cloudy",Partly cloudy throughout the day with late afternoon rain.,rain,"48820099999,48823099999,48825099999,48831099999,VVNB"
cầu giấy,2021-09-07,30,26,27.2,40.4,26,30.6,25.6,91.3,0.127,100,4.17,rain,0,0,32.8,18.4,288.2,1010,60.1,9.5,123.8,10.7,4,,2021-09-07T05:41:54,2021-09-07T18:07:34,0,"Rain, Partially cloudy",Partly cloudy throughout the day with afternoon rain.,rain,"48820099999,48823099999,48825099999,48831099999,VVNB"
cầu giấy,2021-09-08,32,24,27.3,42.3,24,30.3,25.3,89.2,13.341,100,12.5,rain,0,0,33.1,31.7,348.3,1008.6,62.9,9.1,107.6,9.4,4,,2021-09-08T05:42:08,2021-09-08T18:06:38,0.04,"Rain, Partially cloudy",Partly cloudy throughout the day with rain.,rain,"48820099999,48823099999,48825099999,48831099999,VVNB"
cầu giấy,2021-09-09,32,24,27.6,42.4,24,31.7,25.5,89.1,58.319,100,12.5,rain,0,0,27,16.6,258.4,1009.7,67.1,9.4,162.6,14.2,7,,2021-09-09T05:42:23,2021-09-09T18:05:42,0.08,"Rain, Partially cloudy",Partly cloudy throughout the day with a chance of rain throughout the day.,rain,"48820099999,48823099999,48825099999,48831099999,VVNB"
cầu giấy,2021-09-10,34.5,25,29.2,42.3,25,33.4,24.7,79.5,0,0,0,,0,0,25.2,14.8,291.3,1008.7,47.1,9.2,264.8,22.9,9,,2021-09-10T05:42:37,2021-09-10T18:04:46,0.11,Partially cloudy,Partly cloudy throughout the day.,partly-cloudy-day,"48820099999,48823099999,48825099999,48831099999,VVNB"
cầu giấy,2021-09-11,35.8,25,30.2,42.1,25,34.7,24.2,72.7,0,0,0,,0,0,21.2,16.4,274.6,1005.4,59.5,11,256.8,22.2,9,,2021-09-11T05:42:52,2021-09-11T18:03:50,0.15,Partially cloudy,Partly cloudy throughout the day.,partly-cloudy-day,"48820099999,48823099999,48825099999,48831099999,VVNB"
cầu giấy,2021-09-12,36.5,27,31.2,43.8,31.2,37.8,25.3,73.6,0,0,0,,0,0,16.6,10.6,113.3,1002.5,23,10.6,268.5,23.2,9,,2021-09-12T05:43:06,2021-09-12T18:02:53,0.19,Partially cloudy,Partly cloudy throughout the day.,partly-cloudy-day,"48820099999,48823099999,48825099999,48831099999,VVNB"
cầu giấy,2021-09-13,34,26,28.9,49.5,26,35.5,26.5,87.5,0.102,100,8.33,rain,0,0,25.9,24.1,18.9,1005.7,39.9,8.2,154.8,13.4,7,,2021-09-13T05:43:20,2021-09-13T18:01:56,0.22,"Rain, Partially cloudy",Partly cloudy throughout the day with rain.,rain,"48820099999,48823099999,48825099999,48831099999,VVNB"
cầu giấy,2021-09-14,28,25,26.2,33.6,25,26.9,25.2,94.1,12.165,100,8.33,rain,0,0,21.6,13,339.9,1010,73.3,8.7,86.8,7.5,4,,2021-09-14T05:43:35,2021-09-14T18:00:59,0.25,"Rain, Partially cloudy",Partly cloudy throughout the day with rain in the morning and afternoon.,rain,"48820099999,48823099999,48825099999,48831099999,VVNB"
cầu giấy,2021-09-15,28.5,25,26.5,34.5,25,28.7,25.5,94.5,30.895,100,8.33,rain,0,0,24.1,11.2,348.2,1011.5,81,8.8,94.4,8.1,4,,2021-09-15T05:43:49,2021-09-15T18:00:02,0.29,"Rain, Partially cloudy",Partly cloudy throughout the day with rain in the morning and afternoon.,rain,"48820099999,48823099999,48825099999,48831099999,VVNB"
cầu giấy,2021-09-16,31.8,25,27.8,40.6,25,32.1,26,90.5,5.328,100,8.33,rain,0,0,25.6,16.6,100.8,1010.2,77.3,9.3,157.4,13.7,7,,2021-09-16T05:44:03,2021-09-16T17:59:05,0.33,"Rain, Partially cloudy",Partly cloudy throughout the day with rain.,rain,"48820099999,48823099999,48825099999,48831099999,VVNB"
cầu giấy,2021-09-17,32,24.8,27.7,42.3,24.8,32.1,25.9,90.8,0.169,100,8.33,rain,0,0,23,16.6,103.8,1008.8,71.3,9.1,169.4,14.6,7,,2021-09-17T05:44:18,2021-09-17T17:58:08,0.36,"Rain, Partially cloudy",Partly cloudy throughout the day with rain in the morning and afternoon.,rain,"48820099999,48823099999,48825099999,48831099999,VVNB"
cầu giấy,2021-09-18,34,24.7,28.9,40.6,24.7,33.2,24.9,81.1,2.968,100,4.17,rain,0,0,28.4,16.6,130.4,1009.1,60.2,9.4,209,18,7,,2021-09-18T05:44:32,2021-09-18T17:57:11,0.4,"Rain, Partially cloudy",Partly cloudy throughout the day with early morning rain.,rain,"48820099999,48823099999,48825099999,48831099999,VVNB"
cầu giấy,2021-09-19,34,26,30,42.1,26,35.1,24.8,76.3,0,0,0,,0,0,27.4,18.4,125.8,1009.3,36.2,10.1,238.6,20.7,8,,2021-09-19T05:44:47,2021-09-19T17:56:14,0.44,Partially cloudy,Partly cloudy throughout the day.,partly-cloudy-day,"48820099999,48823099999,48825099999,48831099999,VVNB"
cầu giấy,2021-09-20,33,25,28.6,40.6,25,33,25.1,83,0.063,100,4.17,rain,0,0,19.4,18.4,344.8,1009.9,49.2,8.9,198.4,17.2,7,,2021-09-20T05:45:01,2021-09-20T17:55:16,0.47,"Rain, Partially cloudy",Partly cloudy throughout the day with late afternoon rain.,rain,"48820099999,48823099999,48825099999,48831099999,VVNB"
cầu giấy,2021-09-21,34,24,29.1,40.6,24,31.8,23.1,72.8,0.265,100,8.33,rain,0,0,19.4,9.6,81.1,1009.3,48.5,9.7,240.1,20.7,9,,2021-09-21T05:45:16,2021-09-21T17:54:19,0.5,"Rain, Partially cloudy",Partly cloudy throughout the day with rain in the morning and afternoon.,rain,"48820099999,48823099999,48825099999,48831099999,VVNB"
cầu giấy,2021-09-22,32,25,27.8,40.6,25,32,25.7,88.6,2.001,100,8.33,rain,0,0,25.6,14.8,83.8,1009.1,56.9,9.3,152.8,13.3,6,,2021-09-22T05:45:30,2021-09-22T17:53:22,0.54,"Rain, Partially cloudy",Partly cloudy throughout the day with rain in the morning and afternoon.,rain,"48820099999,48823099999,48825099999,48831099999,VVNB"
cầu giấy,2021-09-23,32,25,27.9,40.6,25,30.8,25.1,86,0.388,100,8.33,rain,0,0,23.8,20.5,338.2,1011.1,62.7,9.7,142.7,12.4,6,,2021-09-23T05:45:45,2021-09-23T17:52:25,0.57,"Rain, Partially cloudy",Partly cloudy throughout the day with rain.,rain,"48820099999,48823099999,48825099999,48831099999,VVNB"
cầu giấy,2021-09-24,28,25,26.3,34.5,25,28,25.5,95.5,17.363,100,12.5,rain,0,0,26.3,9.4,8.2,1011.5,63.5,8.9,75.4,6.5,3,,2021-09-24T05:46:00,2021-09-24T17:51:28,0.6,"Rain, Partially cloudy",Partly cloudy throughout the day with rain.,rain,"48820099999,48823099999,48825099999,48831099999,VVNB"
cầu giấy,2021-09-25,32,23,26,40.6,23,27.8,24.8,93.8,89.029,100,16.67,rain,0,0,46.4,27.7,0.7,1011.3,84,8.7,95.9,8.3,4,,2021-09-25T05:46:15,2021-09-25T17:50:31,0.64,"Rain, Partially cloudy",Partly cloudy throughout the day with a chance of rain throughout the day.,rain,"48820099999,48823099999,48825099999,48831099999,VVNB"
cầu giấy,2021-09-26,30.1,24,26.2,38.8,24,28.3,25.2,94.4,34.873,100,16.67,rain,0,0,35.3,14.8,270.1,1011.7,65.9,9.7,115.1,9.9,5,,2021-09-26T05:46:30,2021-09-26T17:49:35,0.67,"Rain, Partially cloudy",Partly cloudy throughout the day with a chance of rain throughout the day.,rain,"48820099999,48823099999,48825099999,48831099999,VVNB"
cầu giấy,2021-09-27,32,24,27.4,37.9,24,30.3,24.2,84.6,5.454,100,12.5,rain,0,0,25.2,9.4,289,1011.2,58.5,9.7,147.8,13,6,,2021-09-27T05:46:46,2021-09-27T17:48:38,0.7,"Rain, Partially cloudy",Partly cloudy throughout the day with a chance of rain throughout the day.,rain,"48820099999,48823099999,48825099999,48831099999,VVNB"
cầu giấy,2021-09-28,33.5,25,29,40.6,25,31.9,23.6,75.8,0,0,0,,0,0,17.6,14.8,186.4,1009.7,22,10.1,234.3,20.2,9,,2021-09-28T05:47:01,2021-09-28T17:47:42,0.73,Partially cloudy,Partly cloudy throughout the day.,partly-cloudy-day,"48820099999,48823099999,48825099999,48831099999,VVNB"
cầu giấy,2021-09-29,33.4,26,29.3,39.1,26,33,24.4,77.4,0,0,0,,0,0,15.1,14.8,109.2,1008.3,28.2,8.5,244.3,21,8,,2021-09-29T05:47:17,2021-09-29T17:46:46,0.75,Partially cloudy,Partly cloudy throughout the day.,partly-cloudy-day,"48820099999,48823099999,48825099999,48831099999,VVNB"
cầu giấy,2021-09-30,34,26,29.8,38.8,26,34.5,24.6,76.2,0.1,100,4.17,rain,0,0,20.5,14.8,111.4,1008.3,21.1,8.5,238.1,20.5,8,,2021-09-30T05:47:33,2021-09-30T17:45:51,0.8,"Rain, Partially cloudy",Partly cloudy throughout the day with morning rain.,rain,"48820099999,48823099999,48825099999,48831099999,VVNB"
cầu giấy,2021-10-01,34,26,29.7,40.6,26,35,25.2,78.5,0.6,100,8.33,rain,0,0,19.4,14.8,113.9,1008.4,34.3,8.9,204.4,17.6,7,,2021-10-01T05:47:49,2021-10-01T17:44:55,0.83,"Rain, Partially cloudy",Partly cloudy throughout the day with afternoon rain.,rain,"48820099999,48823099999,48825099999,48831099999,VVNB"
cầu giấy,2021-10-02,31,25,26.6,39.1,25,28.7,25.5,94.1,7.9,100,41.67,rain,0,0,31.7,14.8,354.5,1009.5,47.1,7.9,125.7,10.9,6,,2021-10-02T05:48:06,2021-10-02T17:44:00,0.86,"Rain, Partially cloudy",Partly cloudy throughout the day with rain.,rain,"48820099999,VVNB"
cầu giấy,2021-10-03,33,25,28.3,40.6,25,32.2,25,84.6,0.1,100,4.17,rain,0,0,23.8,14.8,112,1010.1,24.7,7.3,227.6,19.7,8,,2021-10-03T05:48:23,2021-10-03T17:43:06,0.89,"Rain, Partially cloudy",Partly cloudy throughout the day with early morning rain.,rain,"48820099999,VVNB"
cầu giấy,2021-10-04,32,25,27.4,40.6,25,30,25.4,89.4,8.013,100,12.5,rain,0,0,22,24.1,321.8,1011.1,40.3,9,221.2,19.1,8,,2021-10-04T05:48:40,2021-10-04T17:42:11,0.93,"Rain, Partially cloudy",Partly cloudy throughout the day with rain.,rain,"48820099999,48823099999,48825099999,48831099999,VVNB"
cầu giấy,2021-10-05,33,25,28.8,37.4,25,31.8,23.8,77,0.246,100,16.67,rain,0,0,28.1,14.8,86.5,1010.8,66.1,10.1,146.9,12.6,6,,2021-10-05T05:48:57,2021-10-05T17:41:17,0.96,"Rain, Partially cloudy",Partly cloudy throughout the day with a chance of rain throughout the day.,rain,"48820099999,48823099999,48825099999,48831099999,VVNB"
cầu giấy,2021-10-06,34,26,29.3,37.7,26,33.2,24.4,77.7,0.105,100,8.33,rain,0,0,26.6,9.7,315.7,1007.8,34.6,8.9,224.6,19.5,8,,2021-10-06T05:49:15,2021-10-06T17:40:24,0,"Rain, Partially cloudy",Partly cloudy throughout the day with rain.,rain,"48820099999,48823099999,48825099999,48831099999,VVNB"
cầu giấy,2021-10-07,34.5,26,29.6,39.1,26,33.3,24.3,76.6,0.2,100,8.33,rain,0,0,29.9,13,324.4,1005.2,25,9.5,219.6,19.1,8,,2021-10-07T05:49:33,2021-10-07T17:39:31,0.03,"Rain, Partially cloudy",Partly cloudy throughout the day with rain in the morning and afternoon.,rain,"48820099999,48823099999,48825099999,48831099999,VVNB,remote"
cầu giấy,2021-10-08,34,27,30.2,37.3,29.2,32.6,21.1,60.7,0,0,0,,0,0,34.6,20.5,346.8,1004.2,60,10.2,192.5,16.6,7,,2021-10-08T05:49:51,2021-10-08T17:38:38,0.06,Partially cloudy,Partly cloudy throughout the day.,partly-cloudy-day,"48820099999,48823099999,48825099999,48831099999,VVNB"
cầu giấy,2021-10-09,29.1,23,26.5,32.3,23,27.3,21.9,78.2,9.158,100,12.5,rain,0,0,34.2,14.8,340.1,1004.2,63.5,9.6,45.5,4,2,,2021-10-09T05:50:10,2021-10-09T17:37:46,0.1,"Rain, Partially cloudy",Partly cloudy throughout the day with rain.,rain,"48820099999,48823099999,48825099999,48831099999,VVNB"
cầu giấy,2021-10-10,25,23,23.9,25,23,23.9,23.7,98.6,86.441,100,25,rain,0,0,50.4,20.5,318.6,1002.9,97.5,7.9,21.8,1.8,1,,2021-10-10T05:50:29,2021-10-10T17:36:54,0.13,"Rain, Overcast",Cloudy skies throughout the day with a chance of rain throughout the day.,rain,"48820099999,48823099999,48825099999,48831099999,VVNB"
cầu giấy,2021-10-11,24,23,23.5,24,23,23.5,22.8,96.1,103.283,100,16.67,rain,0,0,42.5,22.3,15.1,1008,93.3,7.9,24.5,2,2,,2021-10-11T05:50:48,2021-10-11T17:36:03,0.17,"Rain, Overcast",Cloudy skies throughout the day with a chance of rain throughout the day.,rain,"48820099999,48823099999,48825099999,48831099999,VVNB"
cầu giấy,2021-10-12,29.1,22,25.1,29.8,22,25.2,17.9,66.1,0,0,0,,0,0,42.8,20.8,1.7,1009.4,45.4,11.6,219.2,19.1,8,,2021-10-12T05:51:08,2021-10-12T17:35:13,0.2,Partially cloudy,Partly cloudy throughout the day.,partly-cloudy-day,"48820099999,48823099999,48825099999,48831099999,VVNB"
cầu giấy,2021-10-13,27,22,24.3,27.5,22,24.3,19.2,74.6,5.116,100,8.33,rain,0,0,67.3,18.4,340.7,1005.9,96.9,9.8,94.4,8,5,,2021-10-13T05:51:28,2021-10-13T17:34:23,0.25,"Rain, Overcast",Cloudy skies throughout the day with rain.,rain,"48820099999,48823099999,48825099999,48831099999,VVNB"
cầu giấy,2021-10-14,25,21,22.8,25,21,22.8,21,90.1,13.095,100,25,rain,0,0,67.3,24.1,6.8,1006,92.5,9.8,28.6,2.4,1,,2021-10-14T05:51:48,2021-10-14T17:33:34,0.27,"Rain, Overcast",Cloudy skies throughout the day with a chance of rain throughout the day.,rain,"48820099999,48823099999,48825099999,48831099999,VVNB"
cầu giấy,2021-10-15,22,21,21.4,22,21,21.4,21.2,98.8,33.254,100,16.67,rain,0,0,36.7,14.8,333,1011.1,99.5,8.2,28.7,2.4,1,,2021-10-15T05:52:09,2021-10-15T17:32:46,0.31,"Rain, Overcast",Cloudy skies throughout the day with a chance of rain throughout the day.,rain,"48820099999,48823099999,48825099999,48831099999,VVNB"
cầu giấy,2021-10-16,24,19.3,21.4,24,19.3,21.4,20.1,92.8,51.516,100,16.67,rain,0,0,36.4,20.5,347,1016.5,96.9,9.4,30.4,2.6,2,,2021-10-16T05:52:31,2021-10-16T17:31:58,0.34,"Rain, Overcast",Cloudy skies throughout the day with a chance of rain throughout the day.,rain,"48820099999,48823099999,48825099999,48831099999,VVNB"
cầu giấy,2021-10-17,24,19.6,21.2,24,19.6,21.2,15.8,71.9,3.074,100,8.33,rain,0,0,44.6,22.3,1.5,1019.9,74.2,10,131.3,11.2,6,,2021-10-17T05:52:53,2021-10-17T17:31:11,0.38,"Rain, Partially cloudy",Partly cloudy throughout the day with rain.,rain,"48820099999,48823099999,48825099999,48831099999,VVNB,remote"
cầu giấy,2021-10-18,21,18,19.2,21,18,19.2,18.4,95.3,14.862,100,12.5,rain,0,0,26.6,11.2,336.9,1018.9,99.2,7.8,27.7,2.5,1,,2021-10-18T05:53:15,2021-10-18T17:30:24,0.41,"Rain, Overcast",Cloudy skies throughout the day with a chance of rain throughout the day.,rain,"48820099999,48823099999,48825099999,48831099999,VVNB"
cầu giấy,2021-10-19,24.6,20,22,24.6,20,22,21.2,95.7,2.99,100,8.33,rain,0,0,31,9.4,51.7,1017.4,97.7,8.9,77,6.7,4,,2021-10-19T05:53:38,2021-10-19T17:29:39,0.45,"Rain, Overcast",Cloudy skies throughout the day with rain in the morning and afternoon.,rain,"48820099999,48823099999,48825099999,48831099999,VVNB,remote"
cầu giấy,2021-10-20,31.3,22,26.2,37.7,22,28.6,23.9,88.1,0,0,0,,0,0,29.2,16.6,119.3,1013.8,72,8.1,187.6,16.1,7,,2021-10-20T05:54:01,2021-10-20T17:28:54,0.5,Partially cloudy,Partly cloudy throughout the day.,partly-cloudy-day,"48820099999,48823099999,48825099999,48831099999,VVNB"
cầu giấy,2021-10-21,26,20,22.7,26,20,22.7,20.5,88.3,12,100,25,rain,0,0,55.4,33.5,37.2,1015.2,92.6,8.4,88.8,7.6,5,,2021-10-21T05:54:25,2021-10-21T17:28:10,0.52,"Rain, Overcast",Cloudy skies throughout the day with rain clearing later.,rain,"48820099999,48823099999,48825099999,48831099999,VVNB"
cầu giấy,2021-10-22,21.5,19,20.1,21.5,19,20.1,14.4,70.8,0.004,100,4.17,rain,0,0,32.4,18.4,22.5,1020.8,93.7,10.4,62.2,5.4,3,,2021-10-22T05:54:49,2021-10-22T17:27:27,0.55,"Rain, Overcast",Cloudy skies throughout the day with early morning rain.,rain,"48820099999,48823099999,48825099999,48831099999,VVNB"
cầu giấy,2021-10-23,25.1,18,21,25.1,18,21,13.7,65,0,0,0,,0,0,26.6,14.8,1,1021.4,60.9,11.2,145.4,12.6,6,,2021-10-23T05:55:14,2021-10-23T17:26:45,0.58,Partially cloudy,Partly cloudy throughout the day.,partly-cloudy-day,"48820099999,48823099999,48825099999,48831099999,VVNB"
cầu giấy,2021-10-24,25.6,19,21.6,25.6,19,21.6,15.1,68.9,0,0,0,,0,0,29.9,13,338.3,1020.3,31.3,9.6,193.7,16.7,7,,2021-10-24T05:55:39,2021-10-24T17:26:03,0.62,Partially cloudy,Clearing in the afternoon.,partly-cloudy-day,"48820099999,48823099999,48825099999,48831099999,VVNB"
cầu giấy,2021-10-25,27.7,18,22.3,27.2,18,22.3,16.5,74,0,0,0,,0,0,23,16.6,6.3,1017.2,9.3,9.9,222.8,19.2,8,,2021-10-25T05:56:05,2021-10-25T17:25:23,0.65,Clear,Clear conditions throughout the day.,clear-day,"48820099999,48823099999,48825099999,48831099999,VVNB,remote"
cầu giấy,2021-10-26,28,18,23.1,28.2,18,23.2,18.1,77,0,0,0,,0,0,16.6,11.2,59,1015.7,17.4,6.8,163.1,14,7,,2021-10-26T05:56:32,2021-10-26T17:24:44,0.68,Clear,Clear conditions throughout the day.,clear-day,"48820099999,48823099999,48825099999,48831099999,VVNB"
cầu giấy,2021-10-27,29.1,20,24.8,29.2,20,24.8,18.3,71.1,0,0,0,,0,0,26.3,13,10.4,1016.4,24.3,7.4,203.1,17.6,8,,2021-10-27T05:56:58,2021-10-27T17:24:05,0.72,Partially cloudy,Becoming cloudy in the afternoon.,partly-cloudy-day,"48820099999,48823099999,48825099999,48831099999,VVNB"
cầu giấy,2021-10-28,25,20.9,22.7,25,20.9,22.7,19.6,84.5,40.62,100,12.5,rain,0,0,23,13,346.5,1017.3,84.7,6.6,31,2.6,1,,2021-10-28T05:57:26,2021-10-28T17:23:28,0.75,"Rain, Partially cloudy",Partly cloudy throughout the day with rain.,rain,"48820099999,48823099999,48825099999,48831099999,VVNB"
cầu giấy,2021-10-29,22.5,21,21.6,22.5,21,21.6,21.4,98.7,18.031,100,16.67,rain,0,0,29.5,9.4,342.8,1017.7,96.5,7.5,43.9,3.7,2,,2021-10-29T05:57:54,2021-10-29T17:22:51,0.75,"Rain, Overcast",Cloudy skies throughout the day with a chance of rain throughout the day.,rain,"48820099999,48823099999,48825099999,48831099999,VVNB"
cầu giấy,2021-10-30,22,19,20.1,22,19,20.1,19.8,98,34.654,100,12.5,rain,0,0,21.2,18.4,359.3,1018.7,100,8.6,21,1.8,1,,2021-10-30T05:58:22,2021-10-30T17:22:16,0.81,"Rain, Overcast",Cloudy skies throughout the day with a chance of rain throughout the day.,rain,"48820099999,48823099999,48825099999,48831099999,VVNB"
cầu giấy,2021-10-31,22,19.7,20.7,22,19.7,20.7,20.3,97.7,1,100,12.5,rain,0,0,20.2,9.4,3.4,1017.6,95.9,9.2,34.6,3.1,2,,2021-10-31T05:58:51,2021-10-31T17:21:41,0.85,"Rain, Overcast",Cloudy skies throughout the day with rain.,rain,"48820099999,48823099999,48825099999,48831099999,VVNB"
cầu giấy,2021-11-01,22.1,20,21.2,22.1,20,21.2,20.8,97.6,4.968,100,12.5,rain,0,0,20.5,13,8.3,1017.5,93.4,8.9,29.8,2.6,1,,2021-11-01T05:59:20,2021-11-01T17:21:08,0.88,"Rain, Overcast",Cloudy skies throughout the day with a chance of rain throughout the day.,rain,"48820099999,48823099999,48825099999,48831099999,VVNB"
cầu giấy,2021-11-02,23,21,21.8,23,21,21.8,21.4,97.7,3.958,100,8.33,rain,0,0,27.7,13,7.1,1017.3,98.1,8.4,40.8,3.5,2,,2021-11-02T05:59:50,2021-11-02T17:20:36,0.91,"Rain, Overcast",Cloudy skies throughout the day with rain in the morning and afternoon.,rain,"48820099999,48823099999,48825099999,48831099999,VVNB"
cầu giấy,2021-11-03,27.4,21,23.4,30.6,21,23.8,22,92.1,0.099,100,4.17,rain,0,0,15.1,13,54.2,1015.4,77.5,9,96.9,8.3,6,,2021-11-03T06:00:21,2021-11-03T17:20:05,0.95,"Rain, Partially cloudy",Partly cloudy throughout the day with early morning rain.,rain,"48820099999,48823099999,48825099999,48831099999,VVNB"
cầu giấy,2021-11-04,30.4,22,26.3,33.6,22,27.6,22.5,81.7,0,0,0,,0,0,27,18.4,128.3,1012.5,42.6,9.4,138.9,12,5,,2021-11-04T06:00:52,2021-11-04T17:19:35,0.98,Partially cloudy,Partly cloudy throughout the day.,partly-cloudy-day,"48820099999,48823099999,48825099999,48831099999,VVNB"
cầu giấy,2021-11-05,30.5,24,26.5,35.6,24,28.2,23.5,84.7,0,0,0,,0,0,28.8,16.6,133.3,1010.2,60.8,10.6,169.9,14.7,6,,2021-11-05T06:01:24,2021-11-05T17:19:06,0,Partially cloudy,Partly cloudy throughout the day.,partly-cloudy-day,"48820099999,48823099999,48825099999,48831099999,VVNB"
cầu giấy,2021-11-06,30,24,26.4,38.8,24,28.8,24.5,89.5,0,0,0,,0,0,23.4,14.8,126.9,1008,71,8.3,141.3,12.4,5,,2021-11-06T06:01:56,2021-11-06T17:18:39,0.05,Partially cloudy,Partly cloudy throughout the day.,partly-cloudy-day,"48820099999,48823099999,48825099999,48831099999,VVNB"
cầu giấy,2021-11-07,31,23,26.8,39.1,23,29.4,24.8,89.4,0.032,100,4.17,rain,0,0,47.5,14.8,104.4,1011,69,8.8,145.7,12.7,5,,2021-11-07T06:02:28,2021-11-07T17:18:12,0.08,"Rain, Partially cloudy",Partly cloudy throughout the day with morning rain.,rain,"48820099999,48823099999,48825099999,48831099999,VVNB"
cầu giấy,2021-11-08,24.3,18,20.1,24.3,18,20.1,12.7,62.7,0.618,100,8.33,rain,0,0,38.9,33.5,2,1019.9,90.6,10,48.4,4.1,2,,2021-11-08T06:03:01,2021-11-08T17:17:47,0.11,"Rain, Overcast",Cloudy skies throughout the day with rain in the morning and afternoon.,rain,"48820099999,48823099999,48825099999,48831099999,remote,VVNB"
cầu giấy,2021-11-09,24,17,20.1,24,17,20.1,8.6,49.2,0,0,0,,0,0,25.6,14.8,14,1020.3,42.5,10,193.2,16.7,7,,2021-11-09T06:03:35,2021-11-09T17:17:23,0.15,Partially cloudy,Partly cloudy throughout the day.,partly-cloudy-day,"48820099999,48823099999,48825099999,48831099999,VVNB"
cầu giấy,2021-11-10,24,19,20.7,24,19,20.7,8.5,46.8,0,0,0,,0,0,25.2,14.1,0.5,1020.1,33,10,197,17.1,8,,2021-11-10T06:04:09,2021-11-10T17:17:01,0.18,Partially cloudy,Partly cloudy throughout the day.,partly-cloudy-day,"48820099999,48823099999,48825099999,48831099999,VVNB"
cầu giấy,2021-11-11,25.5,16,20.8,25.5,16,20.8,12.8,64,0,0,0,,0,0,17.6,9.6,22,1017.3,25.7,9.7,212.6,18.4,8,,2021-11-11T06:04:43,2021-11-11T17:16:39,0.25,Partially cloudy,Partly cloudy throughout the day.,partly-cloudy-day,"48820099999,48823099999,48825099999,48831099999,VVNB"
cầu giấy,2021-11-12,25,20,21.9,25,20,21.9,13.4,59.4,0,0,0,,0,0,27.7,18.4,356.1,1019.2,76.2,9.9,120.7,10.4,6,,2021-11-12T06:05:18,2021-11-12T17:16:19,0.25,Partially cloudy,Partly cloudy throughout the day.,partly-cloudy-day,"48820099999,48823099999,48825099999,48831099999,VVNB"
cầu giấy,2021-11-13,24.4,19,21.2,24.4,19,21.2,12,56.6,0,0,0,,0,0,27,16.6,341.1,1019.5,51.2,10.2,157.4,13.5,6,,2021-11-13T06:05:54,2021-11-13T17:16:00,0.29,Partially cloudy,Partly cloudy throughout the day.,partly-cloudy-day,"48820099999,48823099999,48825099999,48831099999,VVNB"
cầu giấy,2021-11-14,26,17,21.2,26,17,21.2,14.2,67.6,0,0,0,,0,0,19.8,13,350.7,1017.8,19.1,9.2,197.9,17,8,,2021-11-14T06:06:29,2021-11-14T17:15:43,0.32,Clear,Clear conditions throughout the day.,clear-day,"48820099999,48823099999,48825099999,48831099999,VVNB"
cầu giấy,2021-11-15,26.1,18.7,22.1,26.1,18.7,22.1,16.5,73,0,0,0,,0,0,16.9,16.6,101.8,1015.7,53.5,7.9,147.8,12.7,7,,2021-11-15T06:07:05,2021-11-15T17:15:27,0.36,Partially cloudy,Partly cloudy throughout the day.,partly-cloudy-day,"48820099999,48823099999,48825099999,48831099999,VVNB"
cầu giấy,2021-11-16,22,21,21.3,22,21,21.3,18.9,86,0.099,100,4.17,rain,0,0,13.3,9.4,353.9,1015.7,95.4,4.7,44.3,3.7,2,,2021-11-16T06:07:42,2021-11-16T17:15:12,0.39,"Rain, Overcast",Cloudy skies throughout the day with afternoon rain.,rain,"48820099999,48823099999,48825099999,48831099999,VVNB"
cầu giấy,2021-11-17,22,20,21,22,20,21,18.4,85.2,0.396,100,4.17,rain,0,0,36,16.6,6.8,1017.3,95.8,6.5,36.6,3,2,,2021-11-17T06:08:19,2021-11-17T17:14:59,0.43,"Rain, Overcast",Cloudy skies throughout the day with afternoon rain.,rain,"48820099999,48823099999,48825099999,48831099999,VVNB"
cầu giấy,2021-11-18,22.1,18,20.1,22.1,18,20.1,13.2,65.2,0,0,0,,0,0,21.6,14.8,3.3,1016,59.2,9.3,110,9.5,5,,2021-11-18T06:08:56,2021-11-18T17:14:46,0.46,Partially cloudy,Partly cloudy throughout the day.,partly-cloudy-day,"48820099999,48823099999,48825099999,48831099999,VVNB"
cầu giấy,2021-11-19,23.6,17,20.1,23.6,17,20.1,17.2,83.5,0,0,0,,0,0,27,13,73,1010.6,84.8,5.4,137.4,11.9,7,,2021-11-19T06:09:34,2021-11-19T17:14:36,0.5,Partially cloudy,Partly cloudy throughout the day.,partly-cloudy-day,"48820099999,48823099999,48825099999,48831099999,VVNB"
cầu giấy,2021-11-20,28.6,19.7,23.2,31.4,19.7,23.7,21,88.7,0.792,100,8.33,rain,0,0,29.5,11.2,176.4,1009,87.4,4.6,88.5,7.5,3,,2021-11-20T06:10:11,2021-11-20T17:14:26,0.53,"Rain, Partially cloudy",Partly cloudy throughout the day with rain.,rain,"48820099999,48823099999,48825099999,48831099999,VVNB"
cầu giấy,2021-11-21,31,23.1,26.2,36.5,23.1,27.8,22.8,82,0.099,100,4.17,rain,0,0,40.3,14.8,138.9,1011.7,65.7,8,137.4,12,6,,2021-11-21T06:10:49,2021-11-21T17:14:18,0.56,"Rain, Partially cloudy",Partly cloudy throughout the day with morning rain.,rain,"48820099999,48823099999,48825099999,48831099999,VVNB"
cầu giấy,2021-11-22,24.5,18,20.8,24.5,18,20.8,14.4,68.1,1.211,100,8.33,rain,0,0,46.4,27.7,19.9,1018,84.3,9.4,52.9,4.4,2,,2021-11-22T06:11:28,2021-11-22T17:14:11,0.59,"Rain, Partially cloudy",Partly cloudy throughout the day with rain in the morning and afternoon.,rain,"48820099999,48823099999,48825099999,48831099999,VVNB"
cầu giấy,2021-11-23,21,17,18.2,21,17,18.2,9.5,57.2,0,0,0,,0,0,28.8,20.5,10,1022.1,84.9,10,101.8,8.7,4,,2021-11-23T06:12:06,2021-11-23T17:14:06,0.63,Partially cloudy,Partly cloudy throughout the day.,partly-cloudy-day,"48820099999,48823099999,48825099999,48831099999,VVNB"
cầu giấy,2021-11-24,21.5,17,18.6,21.5,17,18.6,10.6,60.6,0,0,0,,0,0,25.6,19.3,347.4,1021.8,81.1,10,112.2,9.5,5,,2021-11-24T06:12:45,2021-11-24T17:14:02,0.66,Partially cloudy,Partly cloudy throughout the day.,partly-cloudy-day,"48820099999,48823099999,48825099999,48831099999,VVNB"
cầu giấy,2021-11-25,21.1,16,18.1,21.1,16,18.1,13.3,75.4,0,0,0,,0,0,23,9.7,302.6,1019.8,38.5,9.6,167.5,14.4,6,,2021-11-25T06:13:24,2021-11-25T17:14:00,0.7,Partially cloudy,Partly cloudy throughout the day.,partly-cloudy-day,"48820099999,48823099999,48825099999,48831099999,VVNB"
cầu giấy,2021-11-26,24.5,15.7,19.6,24.5,15.7,19.6,14.7,74.3,0.3,100,12.5,rain,0,0,22,13,315.4,1019.3,25.9,8.4,163,14,7,,2021-11-26T06:14:03,2021-11-26T17:13:59,0.73,"Rain, Partially cloudy",Partly cloudy throughout the day with late afternoon rain.,rain,"48820099999,48823099999,48825099999,48831099999,VVNB"
cầu giấy,2021-11-27,25.9,18,21.2,25.9,18,21.2,13.5,65.2,0,0,0,,0,0,25.2,14.8,7.7,1020.2,23.2,9.5,182.7,15.7,7,,2021-11-27T06:14:42,2021-11-27T17:13:59,0.75,Partially cloudy,Partly cloudy throughout the day.,partly-cloudy-day,"48820099999,48823099999,48825099999,48831099999,VVNB"
cầu giấy,2021-11-28,26,15,20.4,26,15,20.4,14.3,70.7,0,0,0,,0,0,20.9,10,325.2,1019.7,29.9,9.5,195.2,16.8,7,,2021-11-28T06:15:21,2021-11-28T17:14:00,0.8,Partially cloudy,Partly cloudy throughout the day.,partly-cloudy-day,"48820099999,48823099999,48825099999,48831099999,VVNB,remote"
cầu giấy,2021-11-29,27.6,18,21.7,27.4,18,21.7,15.4,70.4,0,0,0,,0,0,19.1,9.9,336.6,1018.1,43.3,9.8,181,15.7,7,,2021-11-29T06:16:00,2021-11-29T17:14:03,0.83,Partially cloudy,Partly cloudy throughout the day.,partly-cloudy-day,"48820099999,48823099999,48825099999,48831099999,VVNB"
cầu giấy,2021-11-30,26,19,22,26,19,22,12.9,58.5,0,0,0,,0,0,36.4,22.3,358.1,1020.7,45.1,9.6,139.9,12.1,6,,2021-11-30T06:16:40,2021-11-30T17:14:07,0.86,Partially cloudy,Partly cloudy throughout the day.,partly-cloudy-day,"48820099999,48823099999,48825099999,48831099999,VVNB"
cầu giấy,2021-12-01,24.1,15,19.8,24.1,15,19.8,10.4,56.5,0,0,0,,0,0,28.8,14.8,16.6,1021.9,33,9.7,202.4,17.5,7,,2021-12-01T06:17:19,2021-12-01T17:14:13,0.9,Partially cloudy,Clearing in the afternoon.,partly-cloudy-day,"48820099999,48823099999,48825099999,48831099999,VVNB"
cầu giấy,2021-12-02,25.4,11.9,17.3,25.4,11.9,17.3,8.3,60.8,0,0,0,,0,0,24.5,13,2.9,1022.6,15.4,10.8,196.1,17.1,7,,2021-12-02T06:17:58,2021-12-02T17:14:20,0.93,Clear,Clear conditions throughout the day.,clear-day,"48820099999,48823099999,48825099999,48831099999,VVNB"
cầu giấy,2021-12-03,24,12,17.1,24,12,17.1,10.8,70.6,0,0,0,,0,0,23.8,13,332.9,1022.5,8.1,8.8,201,17.6,7,,2021-12-03T06:18:37,2021-12-03T17:14:28,0.96,Clear,Clear conditions throughout the day.,clear-day,"48820099999,48823099999,48825099999,48831099999,VVNB"
cầu giấy,2021-12-04,24,12,17.5,24,12,17.5,9.4,64.8,0,0,0,,0,0,21.2,7.6,341.9,1022,3.5,8.6,198.1,17.2,7,,2021-12-04T06:19:16,2021-12-04T17:14:38,0,Clear,Clear conditions throughout the day.,clear-day,"48820099999,48823099999,48825099999,48831099999,VVNB"
cầu giấy,2021-12-05,24,12.7,17.8,24,12.7,17.8,10.8,67.6,0,0,0,,0,0,23.8,12.1,319.2,1021.7,0.2,7.5,192.3,16.6,7,,2021-12-05T06:19:54,2021-12-05T17:14:49,0.03,Clear,Clear conditions throughout the day.,clear-day,"48820099999,48823099999,48825099999,48831099999,VVNB"
cầu giấy,2021-12-06,25,13,18,25,13,18,11.3,69.5,0,0,0,,0,0,22.7,11.2,355.7,1020.9,0.3,9.1,195.9,16.9,7,,2021-12-06T06:20:33,2021-12-06T17:15:01,0.06,Clear,Clear conditions throughout the day.,clear-day,"48820099999,48823099999,48825099999,48831099999,VVNB"
cầu giấy,2021-12-07,25,11,17.7,25,11,17.7,10.7,67.4,0,0,0,,0,0,16.6,11.2,96.1,1020.8,0,8.7,194.8,16.7,7,,2021-12-07T06:21:11,2021-12-07T17:15:15,0.1,Clear,Clear conditions throughout the day.,clear-day,"48820099999,48823099999,48825099999,48831099999,VVNB"
cầu giấy,2021-12-08,24,12,18.7,24,12,18.7,13.4,73.6,0.1,100,4.17,rain,0,0,16.9,7.6,336.6,1021.4,47.9,8.1,145.5,12.6,5,,2021-12-08T06:21:49,2021-12-08T17:15:29,0.13,"Rain, Partially cloudy",Partly cloudy throughout the day with late afternoon rain.,rain,"48820099999,48823099999,48825099999,48831099999,VVNB"
cầu giấy,2021-12-09,22,17.7,19.7,22,17.7,19.7,16,79.9,0.7,100,20.83,rain,0,0,22.7,11.2,302,1022.4,70.2,6.7,64.9,5.7,3,,2021-12-09T06:22:27,2021-12-09T17:15:45,0.16,"Rain, Partially cloudy",Partly cloudy throughout the day with rain clearing later.,rain,"48820099999,48823099999,48825099999,48831099999,VVNB"
cầu giấy,2021-12-10,25,17,20.8,25,17,20.8,17.3,81.5,0,0,0,,0,0,23.4,16.6,132,1019.7,33.7,7,118.1,10.1,5,,2021-12-10T06:23:04,2021-12-10T17:16:03,0.2,Partially cloudy,Partly cloudy throughout the day.,partly-cloudy-day,"48820099999,48823099999,48825099999,48831099999,VVNB"
cầu giấy,2021-12-11,24,19,21.4,24,19,21.4,17.1,78.1,0,0,0,,0,0,18.4,14.8,120.2,1019.8,37.8,6.3,97.9,8.5,4,,2021-12-11T06:23:41,2021-12-11T17:16:21,0.25,Partially cloudy,Partly cloudy throughout the day.,partly-cloudy-day,"48820099999,48823099999,48825099999,48831099999,VVNB"
cầu giấy,2021-12-12,26,17.1,21,26,17.1,21,16.4,76.9,0.001,100,4.17,rain,0,0,38.2,22.3,12.3,1021.8,43.5,6.3,145.4,12.6,6,,2021-12-12T06:24:17,2021-12-12T17:16:41,0.27,"Rain, Partially cloudy",Partly cloudy throughout the day with late afternoon rain.,rain,"48820099999,48823099999,48825099999,48831099999,VVNB"
cầu giấy,2021-12-13,21.3,14,18.4,21.3,14,18.4,11.1,63.4,0,0,0,,0,0,25.2,18.4,6.6,1022.5,53.3,9.9,125.1,10.8,5,,2021-12-13T06:24:53,2021-12-13T17:17:01,0.3,Partially cloudy,Partly cloudy throughout the day.,partly-cloudy-day,"48820099999,48823099999,48825099999,48831099999,VVNB"
cầu giấy,2021-12-14,23.2,13,18.2,23.2,13,18.2,13.7,76.7,0,0,0,,0,0,22,11.2,65.2,1018.1,20.4,7.8,176.2,15,7,,2021-12-14T06:25:28,2021-12-14T17:17:23,0.33,Partially cloudy,Becoming cloudy in the afternoon.,partly-cloudy-day,"48820099999,48823099999,48825099999,48831099999,VVNB,remote"
cầu giấy,2021-12-15,21.8,16,18.9,21.8,16,18.9,17.3,91,0,0,0,,0,0,23.4,9.4,76.3,1014.9,47.9,4.3,122.8,10.5,5,,2021-12-15T06:26:03,2021-12-15T17:17:46,0.37,Partially cloudy,Partly cloudy throughout the day.,partly-cloudy-day,"48820099999,48823099999,48825099999,48831099999,VVNB"
cầu giấy,2021-12-16,26,18.6,21.3,26,18.6,21.3,18.3,83.5,0.1,100,4.17,rain,0,0,12.2,7.6,325.6,1015.3,32.5,4.6,73.3,6.3,3,,2021-12-16T06:26:37,2021-12-16T17:18:10,0.4,"Rain, Partially cloudy",Partly cloudy throughout the day with morning rain.,rain,"48820099999,48823099999,48825099999,48831099999,VVNB"
cầu giấy,2021-12-17,25.5,18,21.9,25.5,18,21.9,16.3,72.1,0,0,0,,0,0,32,18.4,10.6,1019.3,43.1,8,96.3,8.2,4,,2021-12-17T06:27:11,2021-12-17T17:18:36,0.43,Partially cloudy,Partly cloudy throughout the day.,partly-cloudy-day,"48820099999,48823099999,48825099999,48831099999,VVNB,remote"
cầu giấy,2021-12-18,22.5,17,19.3,22.5,17,19.3,9.6,54.1,0,0,0,,0,0,29.5,18.4,19,1022.5,44.8,10,142.9,12.3,5,,2021-12-18T06:27:44,2021-12-18T17:19:02,0.47,Partially cloudy,Partly cloudy throughout the day.,partly-cloudy-day,"48820099999,48823099999,48825099999,48831099999,VVNB"
cầu giấy,2021-12-19,22,14,18.2,22,14,18.2,7.7,51.1,0,0,0,,0,0,30.2,20.5,357.1,1021.9,48.7,10,156.3,13.4,7,,2021-12-19T06:28:16,2021-12-19T17:19:29,0.5,Partially cloudy,Partly cloudy throughout the day.,partly-cloudy-day,"48820099999,48823099999,48825099999,48831099999,VVNB"
cầu giấy,2021-12-20,22.5,17,19.3,22.5,17,19.3,11,59.6,0,0,0,,0,0,20.5,16.6,36.7,1017.8,92.2,10,78.4,6.9,3,,2021-12-20T06:28:48,2021-12-20T17:19:57,0.53,Overcast,Cloudy skies throughout the day.,cloudy,"48820099999,48823099999,48825099999,48831099999,VVNB"
cầu giấy,2021-12-21,23,16,18.9,23,16,18.9,12.6,67.9,0,0,0,,0,0,24.8,13,339.2,1017.4,42,9.3,168.5,14.4,7,,2021-12-21T06:29:18,2021-12-21T17:20:26,0.57,Partially cloudy,Partly cloudy throughout the day.,partly-cloudy-day,"48820099999,48823099999,48825099999,48831099999,VVNB"
cầu giấy,2021-12-22,25,14.9,19.1,25,14.9,19.1,13.5,72.2,0,0,0,,0,0,17.3,16.6,84.2,1016.9,18.4,7.2,174.2,15,7,,2021-12-22T06:29:48,2021-12-22T17:20:56,0.6,Clear,Clear conditions throughout the day.,clear-day,"48820099999,48823099999,48825099999,48831099999,VVNB"
cầu giấy,2021-12-23,24.7,15,19.6,24.7,15,19.6,14.2,72.8,0,0,0,,0,0,22.3,13,121.9,1015.7,5.6,6.6,180.2,15.5,7,,2021-12-23T06:30:17,2021-12-23T17:21:27,0.64,Clear,Clear conditions throughout the day.,clear-day,"48820099999,48823099999,48825099999,48831099999,VVNB"
cầu giấy,2021-12-24,23,17,20.1,23,17,20.1,16.6,81.2,0.3,100,12.5,rain,0,0,13.7,13,51.6,1016.3,47.3,4.8,90.3,7.7,4,,2021-12-24T06:30:45,2021-12-24T17:21:59,0.67,"Rain, Partially cloudy",Partly cloudy throughout the day with rain in the morning and afternoon.,rain,"48820099999,48823099999,48825099999,48831099999,VVNB"
cầu giấy,2021-12-25,23.6,19,20.9,23.6,19,20.9,17.7,82.3,2.2,100,33.33,rain,0,0,27,14.8,70.6,1018.9,39.6,5.3,81.1,7,3,,2021-12-25T06:31:13,2021-12-25T17:22:31,0.71,"Rain, Partially cloudy",Partly cloudy throughout the day with rain.,rain,"48820099999,48823099999,48825099999,48831099999,VVNB,remote"
cầu giấy,2021-12-26,20.1,15,18.2,20.1,15,18.2,14.1,77,1.2,100,16.67,rain,0,0,38.2,22.3,49,1022.5,75.6,7.5,36.2,3.1,2,,2021-12-26T06:31:39,2021-12-26T17:23:05,0.74,"Rain, Partially cloudy",Partly cloudy throughout the day with rain.,rain,"48820099999,48823099999,48825099999,48831099999,VVNB"
cầu giấy,2021-12-27,15,12,13.3,15,12,13.3,7.9,69.7,0.011,100,4.17,rain,0,0,27,24.1,30.6,1026.7,97,10,34.8,3,2,,2021-12-27T06:32:05,2021-12-27T17:23:39,0.75,"Rain, Overcast",Cloudy skies throughout the day with early morning rain.,rain,"48820099999,48823099999,48825099999,48831099999,VVNB"
cầu giấy,2021-12-28,17.1,11,13.9,17.1,11,13.9,9,72.4,0,0,0,,0,0,18.4,13,12.1,1024.8,85.8,9.6,77.7,6.6,3,,2021-12-28T06:32:29,2021-12-28T17:24:13,0.81,Partially cloudy,Partly cloudy throughout the day.,partly-cloudy-day,"48820099999,48823099999,48825099999,48831099999,VVNB"
cầu giấy,2021-12-29,16.7,14,15.2,16.7,14,15.2,11.3,77.6,0.1,100,4.17,rain,0,0,20.2,14.8,17.1,1024.2,99,9.5,49.9,4.1,2,,2021-12-29T06:32:52,2021-12-29T17:24:49,0.84,"Rain, Overcast",Cloudy skies throughout the day with late afternoon rain.,rain,"48820099999,48823099999,48825099999,48831099999,VVNB"
cầu giấy,2021-12-30,19,13.7,16,19,13.7,16,10.4,69.6,0.004,100,8.33,rain,0,0,23,16.6,6.8,1025.8,98.1,10,59.5,5.1,3,,2021-12-30T06:33:15,2021-12-30T17:25:25,0.88,"Rain, Overcast",Cloudy skies throughout the day with rain.,rain,"48820099999,48823099999,48825099999,48831099999,VVNB"
cầu giấy,2021-12-31,17,13,15.2,17,13,15.2,12.7,85.3,0.397,100,8.33,rain,0,0,18.4,14.8,12.3,1025,86.6,8.3,55.2,4.7,3,,2021-12-31T06:33:36,2021-12-31T17:26:01,0.91,"Rain, Partially cloudy",Partly cloudy throughout the day with rain in the morning and afternoon.,rain,"48820099999,48823099999,48825099999,48831099999,VVNB"
cầu giấy,2022-01-01,18,14.9,16.2,18,14.9,16.2,12.9,80.8,0,0,0,,0,0,22,14.8,8.6,1024.3,87.3,9.4,67.6,6,4,,2022-01-01T06:33:56,2022-01-01T17:26:38,0.95,Partially cloudy,Partly cloudy throughout the day.,partly-cloudy-day,"48820099999,48823099999,48825099999,48831099999,VVNB"
cầu giấy,2022-01-02,22,15,17.4,22,15,17.4,12.5,73.7,0,0,0,,0,0,18.7,11.2,358,1022.8,61.2,8.9,149,13,6,,2022-01-02T06:34:15,2022-01-02T17:27:16,0.98,Partially cloudy,Partly cloudy throughout the day.,partly-cloudy-day,"48820099999,48823099999,48825099999,48831099999,VVNB"
cầu giấy,2022-01-03,20.3,13,16.7,20.3,13,16.7,13.9,84.7,0,0,0,,0,0,18.7,7.6,337.3,1020.3,57.7,5,117.4,10.1,5,,2022-01-03T06:34:33,2022-01-03T17:27:54,0,Partially cloudy,Partly cloudy throughout the day.,partly-cloudy-day,"48820099999,48823099999,48825099999,48831099999,VVNB"
cầu giấy,2022-01-04,24.7,16,20.2,24.7,16,20.2,15.4,75.4,0,0,0,,0,0,20.9,20.5,123.6,1017.7,55.2,6.6,102.5,8.8,4,,2022-01-04T06:34:49,2022-01-04T17:28:32,0.05,Partially cloudy,Partly cloudy throughout the day.,partly-cloudy-day,"48820099999,48823099999,48825099999,48831099999,VVNB"
cầu giấy,2022-01-05,24.1,17,20.4,24.1,17,20.4,17.3,83.2,0.4,100,12.5,rain,0,0,16.9,14.8,105.8,1016.2,45.9,6,70.9,6.1,3,,2022-01-05T06:35:05,2022-01-05T17:29:11,0.08,"Rain, Partially cloudy",Partly cloudy throughout the day with rain in the morning and afternoon.,rain,"48820099999,48823099999,48825099999,48831099999,VVNB"
cầu giấy,2022-01-06,25,19,21.3,25,19,21.3,17.9,81.2,0.9,100,20.83,rain,0,0,23.8,17.2,121.5,1017.1,44.4,7.5,82.6,7.1,4,,2022-01-06T06:35:19,2022-01-06T17:29:51,0.11,"Rain, Partially cloudy",Partly cloudy throughout the day with rain in the morning and afternoon.,rain,"48820099999,48823099999,48825099999,48831099999,VVNB"
cầu giấy,2022-01-07,24,19,21,24,19,21,16.9,77.9,1.6,100,37.5,rain,0,0,35.3,22.3,127.4,1019.1,71.1,8.2,81.6,7,4,,2022-01-07T06:35:32,2022-01-07T17:30:30,0.15,"Rain, Partially cloudy",Partly cloudy throughout the day with a chance of rain throughout the day.,rain,"48820099999,48823099999,48825099999,48831099999,VVNB"
cầu giấy,2022-01-08,22,16,19.9,22,16,19.9,16.3,80,0.7,100,20.83,rain,0,0,30.2,20.5,100.7,1017.9,85.4,7.2,46.9,4.3,2,,2022-01-08T06:35:44,2022-01-08T17:31:10,0.18,"Rain, Partially cloudy",Partly cloudy throughout the day with rain.,rain,"48820099999,48823099999,48825099999,48831099999,VVNB"
cầu giấy,2022-01-09,16.8,14,14.9,16.8,14,14.9,12.5,85.8,1.882,100,12.5,rain,0,0,24.1,20.5,28.3,1017.7,96.8,8.3,31.5,2.7,2,,2022-01-09T06:35:55,2022-01-09T17:31:50,0.21,"Rain, Overcast",Cloudy skies throughout the day with a chance of rain throughout the day.,rain,"48820099999,48823099999,48825099999,48831099999,VVNB"
cầu giấy,2022-01-10,16,13,14.6,16,13,14.6,13.2,91.9,0.302,100,8.33,rain,0,0,24.1,14.8,17,1017.1,99.5,6.1,48.7,4.2,2,,2022-01-10T06:36:04,2022-01-10T17:32:30,0.25,"Rain, Overcast",Cloudy skies throughout the day with rain.,rain,"48820099999,48823099999,48825099999,48831099999,VVNB"
cầu giấy,2022-01-11,20,15.7,17.4,20,15.7,17.4,10.2,63.3,1.011,100,4.17,rain,0,0,24.5,18.4,20.2,1020.9,30.8,10,114.5,9.9,5,,2022-01-11T06:36:12,2022-01-11T17:33:11,0.28,"Rain, Partially cloudy",Partly cloudy throughout the day with early morning rain.,rain,"48820099999,48823099999,48825099999,48831099999,VVNB"
cầu giấy,2022-01-12,19.3,15,17,19.3,15,17,12.8,77,0,0,0,,0,0,21.2,13,98.9,1019.3,82.6,8.5,123.2,10.6,5,,2022-01-12T06:36:18,2022-01-12T17:33:52,0.31,Partially cloudy,Partly cloudy throughout the day.,partly-cloudy-day,"48820099999,48823099999,48825099999,48831099999,VVNB"
cầu giấy,2022-01-13,17,15,16,17,15,16,12.5,80,0.208,100,4.17,rain,0,0,19.4,18.4,25,1021,89.9,8.4,35.5,3.2,2,,2022-01-13T06:36:24,2022-01-13T17:34:32,0.34,"Rain, Partially cloudy",Partly cloudy throughout the day with afternoon rain.,rain,"48820099999,48823099999,48825099999,48831099999,VVNB"
cầu giấy,2022-01-14,18.5,15,16.5,18.5,15,16.5,13.1,80.3,0,0,0,,0,0,17.3,9.4,62.2,1018.7,60,5.8,93.1,8,4,,2022-01-14T06:36:28,2022-01-14T17:35:13,0.38,Partially cloudy,Partly cloudy throughout the day.,partly-cloudy-day,"48820099999,48823099999,48825099999,48831099999,VVNB"
cầu giấy,2022-01-15,21.5,16,18.1,21.5,16,18.1,16,87.8,0.1,100,4.17,rain,0,0,20.9,9.9,305.2,1017.2,57.9,4,80.6,6.8,4,,2022-01-15T06:36:31,2022-01-15T17:35:54,0.41,"Rain, Partially cloudy",Partly cloudy throughout the day with afternoon rain.,rain,"48820099999,48823099999,48825099999,48831099999,VVNB"
cầu giấy,2022-01-16,24.5,16,19.5,24.5,16,19.5,17.2,87,0.199,100,8.33,rain,0,0,43.9,24.1,38.8,1017.7,69.7,5.7,122.5,10.5,5,,2022-01-16T06:36:32,2022-01-16T17:36:35,0.44,"Rain, Partially cloudy",Partly cloudy throughout the day with rain in the morning and afternoon.,rain,"48820099999,48823099999,48825099999,48831099999,VVNB"
cầu giấy,2022-01-17,16,13,14.7,16,13,14.7,12.2,84.9,22.904,100,16.67,rain,0,0,23.4,20.5,9.4,1021.6,77.2,9.7,24.1,2.1,1,,2022-01-17T06:36:32,2022-01-17T17:37:15,0.47,"Rain, Partially cloudy",Partly cloudy throughout the day with a chance of rain throughout the day.,rain,"48820099999,48823099999,48825099999,48831099999,VVNB"
cầu giấy,2022-01-18,21.9,15,17.6,21.9,15,17.6,11.1,67.7,0.001,100,4.17,rain,0,0,23.8,14.8,351.7,1021.7,19.5,9.3,122.3,10.5,6,,2022-01-18T06:36:31,2022-01-18T17:37:56,0.5,Rain,Clear conditions throughout the day with early morning rain.,rain,"48820099999,48823099999,48825099999,48831099999,VVNB"
cầu giấy,2022-01-19,22,13,17.3,22,13,17.3,11.9,72.9,0,0,0,,0,0,16.9,13,55,1019.4,23.3,8.4,172.1,14.8,6,,2022-01-19T06:36:28,2022-01-19T17:38:37,0.54,Partially cloudy,Partly cloudy throughout the day.,partly-cloudy-day,"48820099999,48823099999,48825099999,48831099999,VVNB"
cầu giấy,2022-01-20,17.5,15,16.5,17.5,15,16.5,13.9,84.7,2.625,100,12.5,rain,0,0,29.9,27.7,98.5,1017,73.2,8.1,122.3,10.5,5,,2022-01-20T06:36:24,2022-01-20T17:39:17,0.58,"Rain, Partially cloudy",Partly cloudy throughout the day with rain.,rain,"48820099999,48823099999,48825099999,48831099999,VVNB"
cầu giấy,2022-01-21,17,16,16.3,17,16,16.3,15.3,94.2,6.97,100,12.5,rain,0,0,22.3,11.2,31.3,1015.5,95,4.5,27.9,2.5,2,,2022-01-21T06:36:19,2022-01-21T17:39:58,0.61,"Rain, Overcast",Cloudy skies throughout the day with rain.,rain,"48820099999,48823099999,48825099999,48831099999,VVNB"
cầu giấy,2022-01-22,21.5,16,18.4,21.5,16,18.4,17.3,93.3,5.486,100,4.17,rain,0,0,16.9,11.2,88.4,1011.1,94.9,5.2,67.3,5.9,3,,2022-01-22T06:36:12,2022-01-22T17:40:38,0.65,"Rain, Overcast",Cloudy skies throughout the day with early morning rain.,rain,"48820099999,48823099999,48825099999,48831099999,VVNB"
cầu giấy,2022-01-23,25,18,20.6,25,18,20.6,18.7,89.4,0.199,100,8.33,rain,0,0,16.2,11.2,191.5,1010.6,80.3,4.2,95.1,8.1,3,,2022-01-23T06:36:04,2022-01-23T17:41:18,0.68,"Rain, Partially cloudy",Partly cloudy throughout the day with rain clearing later.,rain,"48820099999,48823099999,48825099999,48831099999,VVNB"
cầu giấy,2022-01-24,26.1,20,22.6,26.1,20,22.6,19.7,84.5,0.6,100,16.67,rain,0,0,26.3,18.4,133.1,1011.6,67.2,6.5,144,12.5,6,,2022-01-24T06:35:55,2022-01-24T17:41:57,0.72,"Rain, Partially cloudy",Partly cloudy throughout the day with rain.,rain,"48820099999,48823099999,48825099999,48831099999,VVNB"
cầu giấy,2022-01-25,22,19.9,20.7,22,19.9,20.7,18.8,89,0.003,100,4.17,rain,0,0,30.6,20.5,127,1013.8,92.4,7.7,63.9,5.3,3,,2022-01-25T06:35:45,2022-01-25T17:42:37,0.75,"Rain, Overcast",Cloudy skies throughout the day with early morning rain.,rain,"48820099999,48823099999,48825099999,48831099999,VVNB"
cầu giấy,2022-01-26,23.5,19,20.7,23.5,19,20.7,19.3,91.7,0.198,100,4.17,rain,0,0,24.8,18.4,127,1014,91,6.8,68.8,5.9,3,,2022-01-26T06:35:33,2022-01-26T17:43:16,0.79,"Rain, Overcast",Cloudy skies throughout the day with afternoon rain.,rain,"48820099999,48823099999,48825099999,48831099999,VVNB"
cầu giấy,2022-01-27,26,20,22.2,26,20,22.2,19.9,87.8,2.4,100,45.83,rain,0,0,33.5,20.5,118.3,1014.1,85.9,7,108,9.3,6,,2022-01-27T06:35:20,2022-01-27T17:43:55,0.82,"Rain, Partially cloudy",Partly cloudy throughout the day with a chance of rain throughout the day.,rain,"48820099999,48823099999,48825099999,48831099999,VVNB"
cầu giấy,2022-01-28,26,20,22.5,26,20,22.5,19.3,82.8,0.8,100,25,rain,0,0,34.6,22.3,119.1,1013.3,88.4,9.3,104,8.9,5,,2022-01-28T06:35:05,2022-01-28T17:44:33,0.86,"Rain, Partially cloudy",Partly cloudy throughout the day with a chance of rain throughout the day.,rain,"48820099999,48823099999,48825099999,48831099999,VVNB"
cầu giấy,2022-01-29,21,13,16.9,21,13,16.9,14.8,87.4,0.997,100,8.33,rain,0,0,51.8,33.5,64.1,1013,95.8,8.3,27.4,2.2,1,,2022-01-29T06:34:49,2022-01-29T17:45:11,0.89,"Rain, Overcast",Cloudy skies throughout the day with rain.,rain,"48820099999,48823099999,48825099999,48831099999,VVNB"
cầu giấy,2022-01-30,14.3,11,13.1,14.3,11,13.1,8.2,72.9,0.262,100,8.33,rain,0,0,19.4,20.5,34.8,1017.1,100,9.3,35.4,3.2,2,,2022-01-30T06:34:32,2022-01-30T17:45:49,0.93,"Rain, Overcast",Cloudy skies throughout the day with rain.,rain,"48820099999,48823099999,48825099999,48831099999,VVNB"
cầu giấy,2022-01-31,14.3,11,12.5,14.3,11,12.5,8.6,77.8,0.796,100,4.17,rain,0,0,35.3,16.6,18.2,1018.8,99.5,9.6,32.1,2.8,1,,2022-01-31T06:34:14,2022-01-31T17:46:27,0.96,"Rain, Overcast",Cloudy skies throughout the day with early morning rain.,rain,"48820099999,48823099999,48825099999,48831099999,VVNB"
cầu giấy,2022-02-01,14.5,12,13,14.5,12,13,7.8,71.1,0.5,100,16.67,rain,0,0,21.6,14.8,16.4,1019.2,98.9,10,47.9,4.1,2,,2022-02-01T06:33:54,2022-02-01T17:47:04,0,"Rain, Overcast",Cloudy skies throughout the day with rain.,rain,"48820099999,48823099999,48825099999,48831099999,VVNB"
cầu giấy,2022-02-02,14,11,12.5,14,11,12.5,8.7,78.1,0.8,100,20.83,rain,0,0,24.1,14.8,11.9,1020.1,100,10,35.1,3.1,1,,2022-02-02T06:33:33,2022-02-02T17:47:40,0.03,"Rain, Overcast",Cloudy skies throughout the day with rain.,rain,"48820099999,48823099999,48825099999,48831099999,VVNB"
cầu giấy,2022-02-03,16.7,12,14,16.7,12,14,7.3,64.7,0.1,100,4.17,rain,0,0,23.8,14.8,357.5,1020.6,99.1,10,104.1,9,4,,2022-02-03T06:33:11,2022-02-03T17:48:17,0.06,"Rain, Overcast",Cloudy skies throughout the day with early morning rain.,rain,"48820099999,48823099999,48825099999,48831099999,VVNB"
cầu giấy,2022-02-04,18.1,14,15.5,18.1,14,15.5,9.1,66,0,0,0,,0,0,26.3,13,349.5,1022.3,80.5,10,129.1,11.1,5,,2022-02-04T06:32:48,2022-02-04T17:48:52,0.1,Partially cloudy,Partly cloudy throughout the day.,partly-cloudy-day,"48820099999,48823099999,48825099999,48831099999,VVNB"
cầu giấy,2022-02-05,17.6,13,15.1,17.6,13,15.1,8.7,66.5,0.792,100,4.17,rain,0,0,20.2,16.6,25.2,1022.8,54,9.5,96.6,8.4,4,,2022-02-05T06:32:24,2022-02-05T17:49:28,0.13,"Rain, Partially cloudy",Partly cloudy throughout the day with late afternoon rain.,rain,"48820099999,48823099999,48825099999,48831099999,VVNB"
cầu giấy,2022-02-06,14,12,12.8,14,12,12.8,12,94.6,15.873,100,12.5,rain,0,0,23,11.2,49.8,1019.4,100,6.1,25,2.4,1,,2022-02-06T06:31:58,2022-02-06T17:50:03,0.16,"Rain, Overcast",Cloudy skies throughout the day with a chance of rain throughout the day.,rain,"48820099999,48823099999,48825099999,48831099999,VVNB"
cầu giấy,2022-02-07,20,14,16.5,20,14,16.5,14.4,88,0.199,100,4.17,rain,0,0,23,8,13.4,1014.9,95.5,6.6,128.8,11.2,6,,2022-02-07T06:31:31,2022-02-07T17:50:37,0.19,"Rain, Overcast",Cloudy skies throughout the day with afternoon rain.,rain,"48820099999,48823099999,48825099999,48831099999,VVNB"
cầu giấy,2022-02-08,17,14,16,17,14,16,15.1,94.3,1.197,100,12.5,rain,0,0,24.5,16.6,46.7,1015.8,96.4,6.3,33.6,3,2,,2022-02-08T06:31:03,2022-02-08T17:51:11,0.25,"Rain, Overcast",Cloudy skies throughout the day with a chance of rain throughout the day.,rain,"48820099999,48823099999,48825099999,48831099999,VVNB"
cầu giấy,2022-02-09,14.8,12,13.5,14.8,12,13.5,11.5,88,0.914,100,8.33,rain,0,0,25.9,18.4,37.2,1018.3,100,9.5,38.1,3.3,2,,2022-02-09T06:30:34,2022-02-09T17:51:44,0.26,"Rain, Overcast",Cloudy skies throughout the day with rain.,rain,"48820099999,48823099999,48825099999,48831099999,VVNB"
cầu giấy,2022-02-10,15.8,12,13.4,15.8,12,13.4,11.9,90.6,0.596,100,12.5,rain,0,0,15.1,14.8,51.1,1016.2,98.9,6.9,64.9,5.6,3,,2022-02-10T06:30:04,2022-02-10T17:52:17,0.29,"Rain, Overcast",Cloudy skies throughout the day with a chance of rain throughout the day.,rain,"48820099999,48823099999,48825099999,48831099999,VVNB"
cầu giấy,2022-02-11,18.3,14,15.9,18.3,14,15.9,15.2,95.5,0.695,100,8.33,rain,0,0,15.5,11.2,28.1,1015.2,99.4,4.2,76.4,6.5,3,,2022-02-11T06:29:33,2022-02-11T17:52:50,0.32,"Rain, Overcast",Cloudy skies throughout the day with rain.,rain,"48820099999,48823099999,48825099999,48831099999,VVNB"
cầu giấy,2022-02-12,16.8,14,15.3,16.8,14,15.3,14.6,95.1,2.724,100,16.67,rain,0,0,16.6,17.8,46.7,1014.3,100,5.7,29.8,2.6,1,,2022-02-12T06:29:00,2022-02-12T17:53:22,0.35,"Rain, Overcast",Cloudy skies throughout the day with a chance of rain throughout the day.,rain,"48820099999,48823099999,48825099999,48831099999,VVNB"
cầu giấy,2022-02-13,15,13,14.1,15,13,14.1,11.6,85.3,7,100,12.5,rain,0,0,27.7,20.5,25.2,1015.1,91.2,8.6,29.8,2.6,1,,2022-02-13T06:28:27,2022-02-13T17:53:53,0.39,"Rain, Overcast",Cloudy skies throughout the day with rain.,rain,"48820099999,48823099999,48825099999,48831099999,VVNB"
cầu giấy,2022-02-14,20,13,16.3,20,13,16.3,10,66.8,0.3,100,8.33,rain,0,0,20.5,18.4,44.4,1017.9,50.3,10,98,8.6,4,,2022-02-14T06:27:52,2022-02-14T17:54:24,0.42,"Rain, Partially cloudy",Partly cloudy throughout the day with early morning rain.,rain,"48820099999,48823099999,48825099999,48831099999,VVNB"
cầu giấy,2022-02-15,17.8,15,16.6,17.8,15,16.6,13.7,83.5,0.1,100,4.17,rain,0,0,14.8,11.2,44.1,1016.5,99.5,8.1,59.6,5.2,2,,2022-02-15T06:27:17,2022-02-15T17:54:55,0.45,"Rain, Overcast",Cloudy skies throughout the day with afternoon rain.,rain,"48820099999,48823099999,48825099999,48831099999,VVNB"
cầu giấy,2022-02-16,17.7,15,16.3,17.7,15,16.3,15.5,95.2,1.209,100,8.33,rain,0,0,12.2,9.4,37.5,1012.7,99.9,4.8,39.2,3.3,2,,2022-02-16T06:26:41,2022-02-16T17:55:25,0.5,"Rain, Overcast",Cloudy skies throughout the day with rain.,rain,"48820099999,48823099999,48825099999,48831099999,VVNB"
cầu giấy,2022-02-17,20.7,17,18.5,20.7,17,18.5,17.5,94.3,0.1,100,8.33,rain,0,0,17.6,7.6,57.6,1009.8,95.8,3.1,104.5,9.2,5,,2022-02-17T06:26:03,2022-02-17T17:55:54,0.52,"Rain, Overcast",Cloudy skies throughout the day with rain clearing later.,rain,"48820099999,48823099999,48825099999,48831099999,VVNB"
cầu giấy,2022-02-18,22.9,19,20.7,22.9,19,20.7,20,96.1,0.6,100,12.5,rain,0,0,31,18.4,101.2,1010.2,94,2.9,37.9,3.3,2,,2022-02-18T06:25:25,2022-02-18T17:56:23,0.55,"Rain, Overcast",Cloudy skies throughout the day with a chance of rain throughout the day.,rain,"48820099999,48823099999,48825099999,48831099999,VVNB"
cầu giấy,2022-02-19,19.6,10,13.2,19.6,8,13.1,11.5,89.2,31.053,100,16.67,rain,0,0,33.8,27.7,31.4,1016.6,95.8,9.3,22.2,2,1,,2022-02-19T06:24:46,2022-02-19T17:56:52,0.59,"Rain, Overcast",Cloudy skies throughout the day with a chance of rain throughout the day.,rain,"48820099999,48823099999,48825099999,48831099999,VVNB"
cầu giấy,2022-02-20,10.5,8,9,10.5,5,6.9,7,87.2,39.937,100,16.67,rain,0,0,27.4,22.3,12.5,1022.9,96.4,9.5,16.3,1.6,1,,2022-02-20T06:24:06,2022-02-20T17:57:20,0.62,"Rain, Overcast",Cloudy skies throughout the day with a chance of rain throughout the day.,rain,"48820099999,48823099999,48825099999,48831099999,VVNB"
cầu giấy,2022-02-21,13.7,8.7,11,13.7,6.7,10.2,5.5,69.3,0.36,100,4.17,rain,0,0,31,18.4,5.8,1023.9,71.1,10,96.4,8.2,4,,2022-02-21T06:23:25,2022-02-21T17:57:48,0.66,"Rain, Partially cloudy",Partly cloudy throughout the day with early morning rain.,rain,"48820099999,48823099999,48825099999,48831099999,VVNB"
cầu giấy,2022-02-22,13.7,10,11.6,13.7,7.7,11.4,5.9,68,0,0,0,,0,0,29.9,20.5,5.4,1025.1,92.1,10,95.9,8.4,4,,2022-02-22T06:22:43,2022-02-22T17:58:15,0.7,Overcast,Cloudy skies throughout the day.,cloudy,"48820099999,48823099999,48825099999,48831099999,VVNB"
cầu giấy,2022-02-23,17.3,10.5,13.6,17.3,10.5,13.6,4.9,56.2,0,0,0,,0,0,30.6,18.4,356,1026.9,19,10,239.8,20.7,9,,2022-02-23T06:22:01,2022-02-23T17:58:41,0.73,Clear,Clear conditions throughout the day.,clear-day,"48820099999,48823099999,48825099999,48831099999,VVNB"
cầu giấy,2022-02-24,18.9,10,14.5,18.9,8.5,14.4,6.5,59.8,0,0,0,,0,0,26.3,14.8,57.3,1026.5,18.1,9.9,237.4,20.5,9,,2022-02-24T06:21:17,2022-02-24T17:59:08,0.75,Clear,Clear conditions throughout the day.,clear-day,"48820099999,48823099999,48825099999,48831099999,VVNB"
cầu giấy,2022-02-25,20,10,15.2,20,9.1,15.2,9.3,70,0,0,0,,0,0,16.6,14.8,104.7,1023.9,15.1,8.1,218.4,18.8,8,,2022-02-25T06:20:33,2022-02-25T17:59:33,0.8,Clear,Clear conditions throughout the day.,clear-day,"48820099999,48823099999,48825099999,48831099999,VVNB"
cầu giấy,2022-02-26,21,11.6,17,21,11.6,17,11.8,72.8,0,0,0,,0,0,19.4,11.2,61.3,1022.1,75.9,6.6,210.9,18.4,9,,2022-02-26T06:19:48,2022-02-26T17:59:59,0.84,Partially cloudy,Partly cloudy throughout the day.,partly-cloudy-day,"48820099999,48823099999,48825099999,48831099999,VVNB"
cầu giấy,2022-02-27,22,16,18.8,22,16,18.8,13.9,73.9,0,0,0,,0,0,19.8,9.4,263.5,1018.9,76,5.3,163.1,14.2,6,,2022-02-27T06:19:03,2022-02-27T18:00:24,0.87,Partially cloudy,Partly cloudy throughout the day.,partly-cloudy-day,"48820099999,48823099999,48825099999,48831099999,VVNB"
cầu giấy,2022-02-28,24.8,16,19.9,24.8,16,19.9,15.5,76.7,0,0,0,,0,0,28.4,16.6,112.2,1015.9,64,5.6,197,16.9,7,,2022-02-28T06:18:17,2022-02-28T18:00:48,0.91,Partially cloudy,Partly cloudy throughout the day.,partly-cloudy-day,"48820099999,48823099999,48825099999,48831099999,VVNB"
cầu giấy,2022-03-01,22.8,19,20.7,22.8,19,20.7,17.1,79.9,0.5,100,20.83,rain,0,0,14,13,100.6,1016.4,83.5,5.8,66.6,5.6,3,,2022-03-01T06:17:30,2022-03-01T18:01:12,0.95,"Rain, Partially cloudy",Partly cloudy throughout the day with rain.,rain,"48820099999,48823099999,48825099999,48831099999,VVNB"
cầu giấy,2022-03-02,25.1,19,22.2,25.1,19,22.2,18.2,79.5,0,0,0,,0,0,25.9,13,151.7,1016.6,65.8,5.3,162.7,14.1,6,,2022-03-02T06:16:43,2022-03-02T18:01:36,0.98,Partially cloudy,Partly cloudy throughout the day.,partly-cloudy-day,"48820099999,48823099999,48825099999,48831099999,VVNB"
cầu giấy,2022-03-03,25.4,18,22.1,25.4,18,22.1,18.5,80.7,0,0,0,,0,0,31,20.5,118.6,1014.2,67,6.4,173.2,15,6,,2022-03-03T06:15:54,2022-03-03T18:01:59,0,Partially cloudy,Partly cloudy throughout the day.,partly-cloudy-day,"48820099999,48823099999,48825099999,48831099999,VVNB"
cầu giấy,2022-03-04,23.5,19.9,21.3,23.5,19.9,21.3,19.5,89.8,0.3,100,12.5,rain,0,0,28.8,14.8,109.5,1012.8,96.9,5.1,109.5,9.3,4,,2022-03-04T06:15:06,2022-03-04T18:02:22,0.05,"Rain, Overcast",Cloudy skies throughout the day with rain in the morning and afternoon.,rain,"48820099999,48823099999,48825099999,48831099999,VVNB"
cầu giấy,2022-03-05,22.8,20.7,21.3,22.8,20.7,21.3,20.5,95,0.2,100,8.33,rain,0,0,27,11.6,114.6,1011.7,96.9,4.1,53.4,4.7,2,,2022-03-05T06:14:17,2022-03-05T18:02:45,0.08,"Rain, Overcast",Cloudy skies throughout the day with rain in the morning and afternoon.,rain,"48820099999,48823099999,48825099999,48831099999,VVNB"
cầu giấy,2022-03-06,24,20.9,22.2,24,20.9,22.2,21.1,93.7,0.206,100,12.5,rain,0,0,30.6,14.8,114.8,1011.5,98,4.6,86.4,7.5,4,,2022-03-06T06:13:27,2022-03-06T18:03:07,0.11,"Rain, Overcast",Cloudy skies throughout the day with rain.,rain,"48820099999,48823099999,48825099999,48831099999,VVNB"
cầu giấy,2022-03-07,24.4,18.1,21.5,24.4,18.1,21.5,17.1,77.7,15.285,100,12.5,rain,0,0,40.3,24.1,7.9,1017.7,46.6,7.8,117.4,10.1,6,,2022-03-07T06:12:37,2022-03-07T18:03:29,0.14,"Rain, Partially cloudy",Partly cloudy throughout the day with a chance of rain throughout the day.,rain,"48820099999,48823099999,48825099999,48831099999,VVNB"
cầu giấy,2022-03-08,26,16,20.5,26,16,20.5,14.1,69.8,0,0,0,,0,0,33.8,22.3,124.6,1016,16.3,8.7,259.2,22.4,9,,2022-03-08T06:11:46,2022-03-08T18:03:50,0.18,Clear,Clear conditions throughout the day.,clear-day,"48820099999,48823099999,48825099999,48831099999,VVNB"
cầu giấy,2022-03-09,23.1,16,19.6,23.1,16,19.6,15.5,77.7,0.1,100,4.17,rain,0,0,31.3,22.3,105.2,1013.9,77.2,9.3,110.7,9.6,4,,2022-03-09T06:10:55,2022-03-09T18:04:12,0.21,"Rain, Partially cloudy",Partly cloudy throughout the day with afternoon rain.,rain,"48820099999,48823099999,48825099999,48831099999,VVNB"
cầu giấy,2022-03-10,24,18,20.6,24,18,20.6,18,85.5,0.989,100,4.17,rain,0,0,28.1,16.6,111.2,1013.8,96.8,7,93.5,8,5,,2022-03-10T06:10:04,2022-03-10T18:04:32,0.25,"Rain, Overcast",Cloudy skies throughout the day with morning rain.,rain,"48820099999,48823099999,48825099999,48831099999,VVNB"
cầu giấy,2022-03-11,24.7,20,22,24.7,20,22,18.5,81.3,0,0,0,,0,0,24.1,13,116.2,1012.3,96.7,8.9,146.6,12.7,6,,2022-03-11T06:09:12,2022-03-11T18:04:53,0.27,Overcast,Cloudy skies throughout the day.,cloudy,"48820099999,48823099999,48825099999,48831099999,VVNB"
cầu giấy,2022-03-12,25.3,20.7,22.7,25.3,20.7,22.7,19.4,82,0.3,100,12.5,rain,0,0,30.2,18.4,124.9,1011.1,79,8.9,82.7,7.2,3,,2022-03-12T06:08:20,2022-03-12T18:05:14,0.3,"Rain, Partially cloudy",Partly cloudy throughout the day with rain in the morning and afternoon.,rain,"48820099999,48823099999,48825099999,48831099999,VVNB"
cầu giấy,2022-03-13,25,21,22.8,25,21,22.8,20.2,85.5,0,0,0,,0,0,32,16.6,115.6,1011,85.6,8.5,106.2,9.2,5,,2022-03-13T06:07:27,2022-03-13T18:05:34,0.34,Partially cloudy,Partly cloudy throughout the day.,partly-cloudy-day,"48820099999,48823099999,48825099999,48831099999,VVNB"
cầu giấy,2022-03-14,25.7,21,23.3,25.7,21,23.3,20.3,83.5,0.2,100,8.33,rain,0,0,31,14.4,115,1011,92.9,8.1,94.6,8.1,4,,2022-03-14T06:06:34,2022-03-14T18:05:54,0.37,"Rain, Overcast",Cloudy skies throughout the day with rain in the morning and afternoon.,rain,"48820099999,48823099999,48825099999,48831099999,VVNB"
cầu giấy,2022-03-15,28,22,24.7,30.1,22,25.2,20.7,79.3,0.1,100,4.17,rain,0,0,19.1,13,192.5,1010,54.7,5.8,114.3,9.9,5,,2022-03-15T06:05:41,2022-03-15T18:06:13,0.4,"Rain, Partially cloudy",Partly cloudy throughout the day with early morning rain.,rain,"48820099999,48823099999,48825099999,48831099999,VVNB"
cầu giấy,2022-03-16,26,22,23.5,26,22,23.5,21.3,87.9,0.223,100,12.5,rain,0,0,38.2,20.5,120.2,1008.6,76.8,6.7,139.2,12,6,,2022-03-16T06:04:48,2022-03-16T18:06:33,0.43,"Rain, Partially cloudy",Partly cloudy throughout the day with a chance of rain throughout the day.,rain,"48820099999,48823099999,48825099999,48831099999,VVNB"
cầu giấy,2022-03-17,25.3,22.6,23.6,25.3,22.6,23.6,21.6,88.7,0,0,0,,0,0,21.2,14.8,106.2,1007.9,91.8,6.1,130.2,11.3,6,,2022-03-17T06:03:54,2022-03-17T18:06:52,0.46,Overcast,Cloudy skies throughout the day.,cloudy,"48820099999,48823099999,48825099999,48831099999,VVNB"
cầu giấy,2022-03-18,28,22,24.9,31.3,22,25.6,22,84.3,0.099,100,4.17,rain,0,0,21.6,17,115.6,1008.4,71.4,5.7,106.9,9.1,5,,2022-03-18T06:03:00,2022-03-18T18:07:11,0.5,"Rain, Partially cloudy",Partly cloudy throughout the day with early morning rain.,rain,"48820099999,48823099999,48825099999,48831099999,VVNB"
cầu giấy,2022-03-19,26.3,22,24.1,26.3,22,24.1,22,88,0.3,100,12.5,rain,0,0,31.7,18.4,117.2,1006.7,90.6,6.8,142.6,12.2,5,,2022-03-19T06:02:06,2022-03-19T18:07:30,0.53,"Rain, Overcast",Cloudy skies throughout the day with rain in the morning and afternoon.,rain,"48820099999,48823099999,48825099999,48831099999,VVNB"
cầu giấy,2022-03-20,28,24,25.4,31.9,24,26.1,22.9,86.2,0,0,0,,0,0,37.1,27.7,114.3,1006.7,91.8,7.5,192.9,16.7,8,,2022-03-20T06:01:12,2022-03-20T18:07:49,0.57,Overcast,Cloudy skies throughout the day.,cloudy,"48820099999,48823099999,48825099999,48831099999,VVNB"
cầu giấy,2022-03-21,29.1,24,25.6,33.8,24,26.5,23.6,89.3,0,0,0,,0,0,32.4,18.4,107.5,1007.7,90.6,6.2,183,15.8,7,,2022-03-21T06:00:18,2022-03-21T18:08:08,0.6,Overcast,Cloudy skies throughout the day.,cloudy,"48820099999,48823099999,48825099999,48831099999,VVNB"
cầu giấy,2022-03-22,32.4,24,26.5,37.9,24,28.2,23.8,85.8,10.6,100,25,rain,0,0,25.9,20.5,94.7,1009.1,79,6.1,183.5,15.7,8,,2022-03-22T05:59:24,2022-03-22T18:08:26,0.64,"Rain, Partially cloudy",Partly cloudy throughout the day with rain.,rain,"48820099999,48823099999,48825099999,48831099999,VVNB"
cầu giấy,2022-03-23,25.1,17,19.9,25.1,17,19.9,16.9,83.1,5.99,100,8.33,rain,0,0,51.8,31.7,40.8,1013.4,99,8.7,33.7,2.9,1,,2022-03-23T05:58:29,2022-03-23T18:08:45,0.68,"Rain, Overcast",Cloudy skies throughout the day with rain.,rain,"48820099999,48823099999,48825099999,48831099999,VVNB"
cầu giấy,2022-03-24,20.8,16,18.7,20.8,16,18.7,16.7,88.3,4.951,100,4.17,rain,0,0,38.9,16.6,101.7,1011,99.5,7.2,81.7,7,3,,2022-03-24T05:57:35,2022-03-24T18:09:03,0.71,"Rain, Overcast",Cloudy skies throughout the day with early morning rain.,rain,"48820099999,48823099999,48825099999,48831099999,VVNB"
cầu giấy,2022-03-25,27.5,19,22.4,29.7,19,22.5,20.2,88,0.198,100,4.17,rain,0,0,25.2,13,110.7,1007.6,94.5,5.2,189,16.3,7,,2022-03-25T05:56:40,2022-03-25T18:09:22,0.75,"Rain, Overcast",Cloudy skies throughout the day with morning rain.,rain,"48820099999,48823099999,48825099999,48831099999,VVNB"
cầu giấy,2022-03-26,32.8,22.7,26.4,39.2,22.7,28.6,23.1,83.2,0,0,0,,0,0,34.6,16.6,84.6,1007.6,50.6,4.8,261.1,22.6,9,,2022-03-26T05:55:46,2022-03-26T18:09:40,0.78,Partially cloudy,Clearing in the afternoon.,partly-cloudy-day,"48820099999,48823099999,48825099999,48831099999,VVNB"
cầu giấy,2022-03-27,25.5,18,23.1,25.5,18,23.1,18.3,75.6,0.89,100,4.17,rain,0,0,51.8,27.7,44.9,1012.8,76.1,8.7,67.2,6,2,,2022-03-27T05:54:51,2022-03-27T18:09:58,0.82,"Rain, Partially cloudy",Partly cloudy throughout the day with late afternoon rain.,rain,"48820099999,48823099999,48825099999,48831099999,VVNB"
cầu giấy,2022-03-28,22,18,19.9,22,18,19.9,14.8,73.1,7.033,100,8.33,rain,0,0,24.1,13,64.5,1016.7,36.6,10,180.7,15.6,6,,2022-03-28T05:53:57,2022-03-28T18:10:16,0.85,"Rain, Partially cloudy",Partly cloudy throughout the day with rain.,rain,"48820099999,48823099999,48825099999,48831099999,VVNB"
cầu giấy,2022-03-29,22.8,18,20.2,22.8,18,20.2,17.1,82.7,0.2,100,4.17,rain,0,0,18.4,13,89.1,1014.8,85.7,5.4,111.8,9.7,5,,2022-03-29T05:53:03,2022-03-29T18:10:34,0.89,"Rain, Partially cloudy",Partly cloudy throughout the day with late afternoon rain.,rain,"48820099999,48823099999,48825099999,48831099999,VVNB"
cầu giấy,2022-03-30,25.3,19,21.9,25.3,19,21.9,20.2,90.6,0.513,100,8.33,rain,0,0,21.2,18.4,90.5,1013.6,94.9,4.7,78.8,6.9,3,,2022-03-30T05:52:09,2022-03-30T18:10:52,0.93,"Rain, Overcast",Cloudy skies throughout the day with rain.,rain,"48820099999,48823099999,48825099999,48831099999,VVNB"
cầu giấy,2022-03-31,28.5,20,24.4,31.3,20,25.2,21.6,85.2,0.199,100,4.17,rain,0,0,46.4,25.9,60.3,1014.8,85.9,7,132.4,11.5,6,,2022-03-31T05:51:15,2022-03-31T18:11:11,0.96,"Rain, Partially cloudy",Partly cloudy throughout the day with morning rain.,rain,"48820099999,48823099999,48825099999,48831099999,VVNB"
cầu giấy,2022-04-01,21,17,18.5,21,17,18.5,15.7,84.1,43.745,100,16.67,rain,0,0,31.7,31.7,347.3,1021.5,89.4,9,41.2,3.6,2,,2022-04-01T05:50:21,2022-04-01T18:11:29,0,"Rain, Partially cloudy",Partly cloudy throughout the day with a chance of rain throughout the day.,rain,"48820099999,48823099999,48825099999,48831099999,VVNB"
cầu giấy,2022-04-02,22,17,19.5,22,17,19.5,10.7,57.3,0.042,100,4.17,rain,0,0,38.2,22.3,355.5,1025.2,50.4,10,96.7,8.3,3,,2022-04-02T05:49:27,2022-04-02T18:11:47,0.03,"Rain, Partially cloudy",Partly cloudy throughout the day with early morning rain.,rain,"48820099999,48823099999,48825099999,48831099999,VVNB"
cầu giấy,2022-04-03,25.3,15,20.4,25.3,15,20.4,10.2,54.9,0,0,0,,0,0,25.2,16.6,24.6,1022.5,7.1,10,255.6,22.1,9,,2022-04-03T05:48:34,2022-04-03T18:12:05,0.06,Clear,Clear conditions throughout the day.,clear-day,"48820099999,48823099999,48825099999,48831099999,VVNB"
cầu giấy,2022-04-04,26.1,17,21.4,26.1,17,21.4,11.7,56.3,0,0,0,,0,0,24.1,16.6,119.9,1021.2,9.3,10,292.4,25.3,10,,2022-04-04T05:47:40,2022-04-04T18:12:24,0.09,Clear,Clear conditions throughout the day.,clear-day,"48820099999,48823099999,48825099999,48831099999,VVNB"
cầu giấy,2022-04-05,26.7,16.5,22,26.9,16.5,22,14.2,62.9,0,0,0,,0,0,18,11.2,254.1,1020,5.5,9.5,288.9,24.9,10,,2022-04-05T05:46:47,2022-04-05T18:12:42,0.13,Clear,Clear conditions throughout the day.,clear-day,"48820099999,48823099999,48825099999,48831099999,VVNB"
cầu giấy,2022-04-06,29.1,18,23.8,29.8,18,23.9,16.9,67.2,0,0,0,,0,0,19.4,11.2,311.5,1017.8,17,8.7,271,23.6,10,,2022-04-06T05:45:55,2022-04-06T18:13:01,0.16,Clear,Clear conditions throughout the day.,clear-day,"48820099999,48823099999,48825099999,48831099999,VVNB"
cầu giấy,2022-04-07,31.4,22,26.1,31,22,26.2,17.1,59.5,0,0,0,,0,0,26.6,14.8,289.2,1016.5,20.8,8.3,274.2,23.8,10,,2022-04-07T05:45:02,2022-04-07T18:13:19,0.19,Partially cloudy,Partly cloudy throughout the day.,partly-cloudy-day,"48820099999,48823099999,48825099999,48831099999,VVNB"
cầu giấy,2022-04-08,30.5,19.6,25.1,29.7,19.6,25,16.3,61.1,0,0,0,,0,0,18,13,125.6,1014.9,3.3,8.5,293.2,25.4,10,,2022-04-08T05:44:10,2022-04-08T18:13:38,0.22,Clear,Clear conditions throughout the day.,clear-day,"48820099999,48823099999,48825099999,48831099999,VVNB"
cầu giấy,2022-04-09,30,20,24.3,30,20,24.3,17.5,69.4,0,0,0,,0,0,29.5,20.5,116.5,1012.1,3.8,7.8,298,25.9,10,,2022-04-09T05:43:19,2022-04-09T18:13:57,0.25,Clear,Clear conditions throughout the day.,clear-day,"48820099999,48823099999,48825099999,48831099999,VVNB"
cầu giấy,2022-04-10,29,20,24.4,29.8,20,24.7,19,73.4,0,0,0,,0,0,25.6,18.4,117,1010.8,57.5,8.6,264,22.9,9,,2022-04-10T05:42:27,2022-04-10T18:14:16,0.29,Partially cloudy,Partly cloudy throughout the day.,partly-cloudy-day,"48820099999,48823099999,48825099999,48831099999,VVNB"
cầu giấy,2022-04-11,25,21,23.2,25,21,23.2,21,87.7,0.4,100,16.67,rain,0,0,27,14.8,111.1,1010,71.4,6.7,119,10.2,4,,2022-04-11T05:41:36,2022-04-11T18:14:35,0.32,"Rain, Partially cloudy",Partly cloudy throughout the day with rain in the morning and afternoon.,rain,"48820099999,48823099999,48825099999,48831099999,VVNB"
cầu giấy,2022-04-12,28,23,25,31.3,23,25.7,22.1,84.3,0,0,0,,0,0,28.8,18.4,126.5,1006.6,73.9,8.4,155.8,13.4,5,,2022-04-12T05:40:46,2022-04-12T18:14:54,0.35,Partially cloudy,Partly cloudy throughout the day.,partly-cloudy-day,"48820099999,48823099999,48825099999,48831099999,VVNB"
cầu giấy,2022-04-13,32.3,23,27,35.5,23,28.6,22.2,76.6,0.2,100,8.33,rain,0,0,18.7,11.2,98.7,1006.6,47.2,8,175.8,15.1,5,,2022-04-13T05:39:56,2022-04-13T18:15:13,0.38,"Rain, Partially cloudy",Clearing in the afternoon with rain in the morning and afternoon.,rain,"48820099999,48823099999,48825099999,48831099999,VVNB"
cầu giấy,2022-04-14,31,22.8,26.8,34.6,22.8,28.3,22.5,78.9,0.1,100,4.17,rain,0,0,33.5,20.5,116.7,1006.8,42.6,7.8,174.6,14.8,6,,2022-04-14T05:39:06,2022-04-14T18:15:33,0.42,"Rain, Partially cloudy",Partly cloudy throughout the day with morning rain.,rain,"48820099999,48823099999,48825099999,48831099999,VVNB"
cầu giấy,2022-04-15,28,24,26.1,32.1,24,27.2,23.3,84.9,1.2,100,37.5,rain,0,0,38.2,18.4,115.8,1007.5,89.9,7.3,101.5,8.8,4,,2022-04-15T05:38:17,2022-04-15T18:15:52,0.45,"Rain, Partially cloudy",Partly cloudy throughout the day with a chance of rain throughout the day.,rain,"48820099999,48823099999,48825099999,48831099999,VVNB"
cầu giấy,2022-04-16,26,20,23.9,26,20,23.9,21.7,87.3,5.688,100,16.67,rain,0,0,44.3,25.9,80.8,1009,97.4,8.9,74,6.3,3,,2022-04-16T05:37:29,2022-04-16T18:16:12,0.48,"Rain, Overcast",Cloudy skies throughout the day with a chance of rain throughout the day.,rain,"48820099999,48823099999,48825099999,48831099999,VVNB"
cầu giấy,2022-04-17,19,17,18.2,19,17,18.2,16.4,89.2,0.844,100,8.33,rain,0,0,22.3,20.5,24.3,1014.1,99.5,8.7,36.7,3.3,2,,2022-04-17T05:36:41,2022-04-17T18:16:32,0.5,"Rain, Overcast",Cloudy skies throughout the day with rain.,rain,"48820099999,48823099999,48825099999,48831099999,VVNB"
cầu giấy,2022-04-18,23,17,19.2,23,17,19.2,15.4,79.6,10.892,100,12.5,rain,0,0,29.5,18.4,17.1,1017.8,70,9.2,89.8,7.7,4,,2022-04-18T05:35:53,2022-04-18T18:16:53,0.55,"Rain, Partially cloudy",Partly cloudy throughout the day with a chance of rain throughout the day.,rain,"48820099999,48823099999,48825099999,48831099999,VVNB"
cầu giấy,2022-04-19,26.4,18,22.2,26.4,18,22.2,15.4,67.4,0,0,0,,0,0,21.6,16.6,28.9,1017.6,24.2,10,202,17.4,7,,2022-04-19T05:35:06,2022-04-19T18:17:13,0.59,Partially cloudy,Partly cloudy throughout the day.,partly-cloudy-day,"48820099999,48823099999,48825099999,48831099999,VVNB"
cầu giấy,2022-04-20,25.5,19,22.1,25.5,19,22.1,17.5,76.1,0.6,100,4.17,rain,0,0,17.6,13,104.3,1014.9,22.5,8.2,207.7,17.9,8,,2022-04-20T05:34:20,2022-04-20T18:17:34,0.62,"Rain, Partially cloudy",Partly cloudy throughout the day with early morning rain.,rain,"48820099999,48823099999,48825099999,48831099999,VVNB"
cầu giấy,2022-04-21,24.7,20,22,24.7,20,22,19.5,85.9,1.2,100,16.67,rain,0,0,24.8,13,83.3,1011.7,83.5,5.7,135.9,11.6,6,,2022-04-21T05:33:34,2022-04-21T18:17:55,0.66,"Rain, Partially cloudy",Partly cloudy throughout the day with rain.,rain,"48820099999,48823099999,48825099999,48831099999,VVNB"
cầu giấy,2022-04-22,29.3,22,25.3,32.7,22,26.3,21.4,80.2,0,0,0,,0,0,31.3,20.5,129.3,1009.1,75.3,8,166.2,14.3,5,,2022-04-22T05:32:49,2022-04-22T18:18:16,0.69,Partially cloudy,Partly cloudy throughout the day.,partly-cloudy-day,"48820099999,48823099999,48825099999,48831099999,VVNB"
cầu giấy,2022-04-23,31,24,27,36.5,24,29.1,23.6,82.8,0.4,100,12.5,rain,0,0,26.3,20.5,116,1007.5,73.5,8.6,183.2,15.8,8,,2022-04-23T05:32:05,2022-04-23T18:18:37,0.75,"Rain, Partially cloudy",Partly cloudy throughout the day with rain in the morning and afternoon.,rain,"48820099999,48823099999,48825099999,48831099999,VVNB"
cầu giấy,2022-04-24,29.5,25,26.8,35.5,25,28.9,24.4,86.9,0,0,0,,0,0,31.7,20.5,115.8,1004.9,94.6,9,228.9,19.8,8,,2022-04-24T05:31:21,2022-04-24T18:18:59,0.76,Overcast,Cloudy skies throughout the day.,cloudy,"48820099999,48823099999,48825099999,48831099999,VVNB"
cầu giấy,2022-04-25,32.6,25,27.8,40.7,25,31.1,24.7,84.1,0,0,0,,0,0,32,24.1,97.5,1003.9,88.9,8.5,277,23.8,9,,2022-04-25T05:30:38,2022-04-25T18:19:20,0.8,Partially cloudy,Partly cloudy throughout the day.,partly-cloudy-day,"48820099999,48823099999,48825099999,48831099999,VVNB"
cầu giấy,2022-04-26,32,25.6,28.1,39.3,25.6,31.6,24.8,82.5,0,0,0,,0,0,27.4,20.5,97.6,1003.8,79.4,9,286.6,24.7,10,,2022-04-26T05:29:56,2022-04-26T18:19:42,0.83,Partially cloudy,Partly cloudy throughout the day.,partly-cloudy-day,"48820099999,48823099999,48825099999,48831099999,VVNB"
cầu giấy,2022-04-27,31.3,26,28.1,39.1,26,32.1,25.2,84.7,0.099,100,4.17,rain,0,0,30.2,18.4,105.6,1005.6,86.8,8.3,219.8,18.8,7,,2022-04-27T05:29:15,2022-04-27T18:20:04,0.87,"Rain, Partially cloudy",Partly cloudy throughout the day with morning rain.,rain,"48820099999,48823099999,48825099999,48831099999,VVNB"
cầu giấy,2022-04-28,28.1,26,27.2,33.2,26,31,25,88.2,0.001,100,4.17,rain,0,0,40,22.3,122.7,1007.6,93.8,8.7,180.2,15.5,7,,2022-04-28T05:28:34,2022-04-28T18:20:27,0.91,"Rain, Overcast",Cloudy skies throughout the day with morning rain.,rain,"48820099999,48823099999,48825099999,48831099999,VVNB"
cầu giấy,2022-04-29,28.2,26,26.8,33.2,26,28.9,24.6,88.2,0.8,100,20.83,rain,0,0,37.8,14.8,116.1,1008.9,91.2,8.4,139.7,12,5,,2022-04-29T05:27:54,2022-04-29T18:20:49,0.94,"Rain, Overcast",Cloudy skies throughout the day with rain in the morning and afternoon.,rain,"48820099999,48823099999,48825099999,48831099999,VVNB"
cầu giấy,2022-04-30,32.1,25.5,28.6,38.1,25.5,32.2,24.6,79.9,0.989,100,4.17,rain,0,0,34.6,17.5,129.7,1008.8,69.7,9.1,248,21.4,8,,2022-04-30T05:27:15,2022-04-30T18:21:12,0.98,"Rain, Partially cloudy",Partly cloudy throughout the day with morning rain.,rain,"48820099999,48823099999,48825099999,48831099999,VVNB"
cầu giấy,2022-05-01,27,19.7,23.5,30.6,19.7,23.8,16.5,67,12.554,100,8.33,rain,0,0,59.4,35.3,18.1,1012.9,74.1,9.7,99.1,8.6,4,,2022-05-01T05:26:37,2022-05-01T18:21:35,0,"Rain, Partially cloudy",Partly cloudy throughout the day with rain in the morning and afternoon.,rain,"48820099999,48823099999,48825099999,48831099999,VVNB"
cầu giấy,2022-05-02,27.7,21,23.9,27.1,21,23.9,12.5,49.5,0,0,0,,0,0,36,19.7,359.6,1016,62.2,10,266.4,22.9,9,,2022-05-02T05:26:00,2022-05-02T18:21:59,0.04,Partially cloudy,Partly cloudy throughout the day.,partly-cloudy-day,"48820099999,48823099999,48825099999,48831099999,VVNB"
cầu giấy,2022-05-03,30,19.6,24.9,29.2,19.6,24.6,14.2,55.2,0,0,0,,0,0,26.6,17.7,17.4,1016.1,29.8,10.7,307.7,26.7,10,,2022-05-03T05:25:23,2022-05-03T18:22:22,0.08,Partially cloudy,Partly cloudy throughout the day.,partly-cloudy-day,"48820099999,48823099999,48825099999,48831099999,VVNB"
cầu giấy,2022-05-04,30.7,19,25,29.3,19,24.8,14.3,54.3,0,0,0,,0,0,17.6,16.6,104.1,1014.2,24.7,10,309.3,26.9,10,,2022-05-04T05:24:48,2022-05-04T18:22:46,0.11,Partially cloudy,Partly cloudy throughout the day.,partly-cloudy-day,"48820099999,48823099999,48825099999,48831099999,VVNB"
cầu giấy,2022-05-05,30.3,21,25.7,30.8,21,26,18.2,64.9,0,0,0,,0,0,20.9,16.6,101.6,1011.5,19.9,10.4,282.2,24.2,9,,2022-05-05T05:24:13,2022-05-05T18:23:10,0.14,Clear,Clear conditions throughout the day.,clear-day,"48820099999,48823099999,48825099999,48831099999,VVNB"
cầu giấy,2022-05-06,29.7,23,26.1,31.3,23,26.9,21,74.6,1.5,100,20.83,rain,0,0,22.7,10,53.1,1010.9,54.3,8.6,193.4,16.7,7,,2022-05-06T05:23:39,2022-05-06T18:23:34,0.17,"Rain, Partially cloudy",Partly cloudy throughout the day with rain.,rain,"48820099999,48823099999,48825099999,48831099999,VVNB"
cầu giấy,2022-05-07,30.3,24,26.8,34.1,24,28.4,23.1,80.9,1.027,100,8.33,rain,0,0,22,19.4,131.4,1010.7,79.4,9,170.9,14.6,6,,2022-05-07T05:23:06,2022-05-07T18:23:58,0.21,"Rain, Partially cloudy",Partly cloudy throughout the day with rain clearing later.,rain,"48820099999,48823099999,48825099999,48831099999,VVNB"
cầu giấy,2022-05-08,29.6,24,26.2,34.2,24,27.5,23.6,85.8,2.977,100,8.33,rain,0,0,33.8,25,116.8,1010.2,90.1,9.4,217.1,18.7,8,,2022-05-08T05:22:34,2022-05-08T18:24:23,0.24,"Rain, Overcast",Cloudy skies throughout the day with rain.,rain,"48820099999,48823099999,48825099999,48831099999,VVNB"
cầu giấy,2022-05-09,31,24,27.1,37.8,24,29.8,24,83.5,2.011,100,8.33,rain,0,0,37.1,22.3,133.2,1009,78.8,9.3,192.3,16.5,9,,2022-05-09T05:22:03,2022-05-09T18:24:47,0.25,"Rain, Partially cloudy",Partly cloudy throughout the day with rain clearing later.,rain,"48820099999,48823099999,48825099999,48831099999,VVNB"
cầu giấy,2022-05-10,32.5,26,28.6,41.4,26,32.8,25.2,82.5,1.021,100,8.33,rain,0,0,29.5,21.4,122.7,1005.8,72.8,10.8,224.7,19.4,8,,2022-05-10T05:21:33,2022-05-10T18:25:12,0.31,"Rain, Partially cloudy",Partly cloudy throughout the day with rain clearing later.,rain,"48820099999,48823099999,48825099999,48831099999,VVNB"
cầu giấy,2022-05-11,32.8,26,29,42.5,26,34,25.7,83.1,2,100,37.5,rain,0,0,33.8,15.7,98.1,1004,63.7,8.7,185,15.9,7,,2022-05-11T05:21:04,2022-05-11T18:25:37,0.34,"Rain, Partially cloudy",Partly cloudy throughout the day with a chance of rain throughout the day.,rain,"48820099999,48823099999,48825099999,48831099999,VVNB"
cầu giấy,2022-05-12,31,24,26.9,37.7,24,29.3,24.7,88.3,37.705,100,8.33,rain,0,0,38.9,18.4,71.5,1003.5,80.7,9.4,150.2,13,6,,2022-05-12T05:20:36,2022-05-12T18:26:02,0.37,"Rain, Partially cloudy",Partly cloudy throughout the day with rain.,rain,"48820099999,48823099999,48825099999,48831099999,VVNB"
cầu giấy,2022-05-13,31,24.5,26.9,37.5,24.5,29,24,84.7,0.032,100,8.33,rain,0,0,31.3,20.5,59.3,1003.8,87.9,8.7,114.6,10.1,3,,2022-05-13T05:20:09,2022-05-13T18:26:27,0.4,"Rain, Partially cloudy",Partly cloudy throughout the day with rain.,rain,"48820099999,48823099999,48825099999,48831099999,VVNB"
cầu giấy,2022-05-14,26.1,23,24.5,26.1,23,24.5,22.1,87,3.276,100,8.33,rain,0,0,15.5,13.9,51.1,1007.1,95.9,8.9,74.8,6.4,2,,2022-05-14T05:19:43,2022-05-14T18:26:53,0.44,"Rain, Overcast",Cloudy skies throughout the day with rain.,rain,"48820099999,48823099999,48825099999,48831099999,VVNB"
cầu giấy,2022-05-15,26.3,24,24.9,26.3,24,24.9,21.8,83.9,5.027,100,8.33,rain,0,0,39.6,17.5,26,1008.9,92.9,7.9,84,7.2,4,,2022-05-15T05:19:18,2022-05-15T18:27:18,0.47,"Rain, Overcast",Cloudy skies throughout the day with rain.,rain,"48820099999,48823099999,48825099999,48831099999,VVNB"
cầu giấy,2022-05-16,26.1,22,23.9,26.1,22,23.9,16.2,62.2,0.021,100,4.17,rain,0,0,31.7,15.7,11.4,1013.7,96.8,10,75.4,6.5,3,,2022-05-16T05:18:54,2022-05-16T18:27:43,0.5,"Rain, Overcast",Cloudy skies throughout the day with early morning rain.,rain,"48820099999,48823099999,48825099999,48831099999,VVNB"
cầu giấy,2022-05-17,28.1,20.5,24.7,28.2,20.5,24.8,17.2,64.6,0,0,0,,0,0,19.4,16.6,100.9,1013.2,86,10,244.8,21.1,9,,2022-05-17T05:18:32,2022-05-17T18:28:09,0.54,Partially cloudy,Partly cloudy throughout the day.,partly-cloudy-day,"48820099999,48823099999,48825099999,48831099999,VVNB"
cầu giấy,2022-05-18,29.3,22,25.5,30.5,22,26,19.6,70.8,0,0,0,,0,0,24.1,20.4,122.9,1012.3,57.8,9.9,206,17.9,8,,2022-05-18T05:18:10,2022-05-18T18:28:35,0.57,Partially cloudy,Partly cloudy throughout the day.,partly-cloudy-day,"48820099999,48823099999,48825099999,48831099999,VVNB"
cầu giấy,2022-05-19,29,23,25.9,32,23,26.9,21.9,79.4,0.3,100,12.5,rain,0,0,23,15.7,122.1,1011,72.7,9,154.3,13.2,5,,2022-05-19T05:17:49,2022-05-19T18:29:00,0.61,"Rain, Partially cloudy",Partly cloudy throughout the day with rain in the morning and afternoon.,rain,"48820099999,48823099999,48825099999,48831099999,VVNB"
cầu giấy,2022-05-20,30,24,26.9,34.3,24,29.1,23.4,81.6,2.6,100,37.5,rain,0,0,25.6,13.9,106.7,1008.6,74.8,9.1,98.7,8.5,5,,2022-05-20T05:17:29,2022-05-20T18:29:26,0.64,"Rain, Partially cloudy",Partly cloudy throughout the day with rain.,rain,"48820099999,48823099999,48825099999,48831099999,VVNB"
cầu giấy,2022-05-21,27.4,24,25.6,30.3,24,26,21.9,80,0.131,100,8.33,rain,0,0,33.5,17.5,38.2,1006.1,77.9,10,46.5,3.7,2,,2022-05-21T05:17:11,2022-05-21T18:29:51,0.68,"Rain, Partially cloudy",Partly cloudy throughout the day with rain in the morning and afternoon.,rain,"48820099999,48823099999,48825099999,48831099999,VVNB"
cầu giấy,2022-05-22,25.3,23,24.3,25.3,23,24.3,22.9,92.1,48.567,100,16.67,rain,0,0,108,19.4,24.9,1002,93,7.2,79,6.8,4,,2022-05-22T05:16:53,2022-05-22T18:30:17,0.71,"Rain, Overcast",Cloudy skies throughout the day with a chance of rain throughout the day.,rain,"48820099999,48823099999,48825099999,48831099999,VVNB"
cầu giấy,2022-05-23,27,23,24.6,30.9,23,24.9,23.8,95.4,142.532,100,16.67,rain,0,0,34.6,19.4,13.4,1002.4,97,6.8,47.6,4.1,2,,2022-05-23T05:16:37,2022-05-23T18:30:43,0.75,"Rain, Overcast",Cloudy skies throughout the day with a chance of rain throughout the day.,rain,"48820099999,48823099999,48825099999,48831099999,VVNB"
cầu giấy,2022-05-24,25.3,23,24,25.3,23,24,23.5,96.8,47.82,100,12.5,rain,0,0,32.8,15.7,320.5,1006.5,93.5,7.2,81.8,7,3,,2022-05-24T05:16:22,2022-05-24T18:31:08,0.78,"Rain, Overcast",Cloudy skies throughout the day with a chance of rain throughout the day.,rain,"48820099999,48823099999,48825099999,48831099999,VVNB"
cầu giấy,2022-05-25,31.1,24,27.2,37.8,24,30.4,24.7,87.4,0.2,100,8.33,rain,0,0,22.3,15.7,93.6,1005.5,85.3,7.4,171.8,14.9,5,,2022-05-25T05:16:07,2022-05-25T18:31:34,0.82,"Rain, Partially cloudy",Partly cloudy throughout the day with rain clearing later.,rain,"48820099999,48823099999,48825099999,48831099999,VVNB"
cầu giấy,2022-05-26,33.5,26,28.8,42.2,26,33.4,25.4,82.8,0.053,100,4.17,rain,0,0,20.9,16.6,93.4,1001.7,75.9,8.5,213.5,18.5,9,,2022-05-26T05:15:54,2022-05-26T18:31:59,0.85,"Rain, Partially cloudy",Partly cloudy throughout the day with late afternoon rain.,rain,"48820099999,48823099999,48825099999,48831099999,VVNB"
cầu giấy,2022-05-27,32.7,24.5,27.9,41.5,24.5,32,25.3,86,6.926,100,4.17,rain,0,0,22.3,23.2,93.1,1000.3,64.4,9.7,115.5,10.1,5,,2022-05-27T05:15:42,2022-05-27T18:32:24,0.89,"Rain, Partially cloudy",Partly cloudy throughout the day with late afternoon rain.,rain,"48820099999,48823099999,48825099999,48831099999,VVNB"
cầu giấy,2022-05-28,33,26,28.8,43.8,26,34.5,26.2,86.3,32.651,100,8.33,rain,0,0,22.3,22.3,96.6,1000.4,82.6,8.5,142.8,12.1,6,,2022-05-28T05:15:31,2022-05-28T18:32:49,0.92,"Rain, Partially cloudy",Partly cloudy throughout the day with rain.,rain,"48820099999,48823099999,48825099999,48831099999,VVNB"
cầu giấy,2022-05-29,33.6,25.7,28.3,44,25.7,33.4,25.9,87.3,19.788,100,8.33,rain,0,0,22,23.2,96.4,1001.6,78.8,9,155.5,13.3,7,,2022-05-29T05:15:21,2022-05-29T18:33:14,0.96,"Rain, Partially cloudy",Partly cloudy throughout the day with rain.,rain,"48820099999,48823099999,48825099999,48831099999,VVNB"
cầu giấy,2022-05-30,31.5,25.5,28.2,41.6,25.5,33.8,26,88,0.105,100,8.33,rain,0,0,26.3,17.6,77.7,1003.1,79.6,9,137.1,11.7,5,,2022-05-30T05:15:12,2022-05-30T18:33:38,0,"Rain, Partially cloudy",Partly cloudy throughout the day with rain.,rain,"48820099999,48823099999,48825099999,48831099999,VVNB"
cầu giấy,2022-05-31,31.4,24,27.3,37.6,24,30.3,24.4,85.4,58.624,100,12.5,rain,0,0,20.9,16.6,78,1004.5,68.3,9.1,116.7,9.9,6,,2022-05-31T05:15:05,2022-05-31T18:34:03,0.02,"Rain, Partially cloudy",Partly cloudy throughout the day with a chance of rain throughout the day.,rain,"48820099999,48823099999,48825099999,48831099999,VVNB"
cầu giấy,2022-06-01,33.9,25.5,28.8,42.8,25.5,32.9,25.4,82.9,24.736,100,4.17,rain,0,0,28.1,26.8,120,1003.9,63.7,8.6,252.3,21.8,9,,2022-06-01T05:14:58,2022-06-01T18:34:27,0.06,"Rain, Partially cloudy",Partly cloudy throughout the day with late afternoon rain.,rain,"48820099999,48823099999,48825099999,48831099999,VVNB"
cầu giấy,2022-06-02,34,26,29.9,42.2,26,36.4,25.9,80.2,3.958,100,4.17,rain,0,0,35.6,15.7,116.1,1002.1,68.8,8.7,141.9,12.2,6,,2022-06-02T05:14:53,2022-06-02T18:34:51,0.09,"Rain, Partially cloudy",Partly cloudy throughout the day with early morning rain.,rain,"48820099999,48823099999,48825099999,48831099999,VVNB"
cầu giấy,2022-06-03,36.6,26,30.9,44.6,26,36.4,24.9,72.5,0.18,100,4.17,rain,0,0,39.2,16.6,131.4,1000.5,80,10.1,174.8,15,8,,2022-06-03T05:14:48,2022-06-03T18:35:14,0.12,"Rain, Partially cloudy",Partly cloudy throughout the day with early morning rain.,rain,"48820099999,48823099999,48825099999,48831099999,VVNB"
cầu giấy,2022-06-04,38,27,32.3,45.5,30.6,39.5,25.1,67.9,0,0,0,,0,0,35.6,16.6,123.7,1000,70.1,10.6,295.2,25.5,9,,2022-06-04T05:14:45,2022-06-04T18:35:38,0.16,Partially cloudy,Partly cloudy throughout the day.,partly-cloudy-day,"48820099999,48823099999,48825099999,48831099999,VVNB"
cầu giấy,2022-06-05,35.9,27,31,43.8,31.2,39,26.2,77,0.6,100,4.17,rain,0,0,29.5,15.7,65.3,1000.2,65.2,11.2,227.4,19.6,8,,2022-06-05T05:14:42,2022-06-05T18:36:00,0.19,"Rain, Partially cloudy",Partly cloudy throughout the day with late afternoon rain.,rain,"48820099999,48823099999,48825099999,48831099999,VVNB"
cầu giấy,2022-06-06,31.3,25,28.2,37,25,32.8,25.2,83.9,4.947,100,4.17,rain,0,0,32,15.7,2.8,1002.4,62,10.6,148.1,12.7,6,,2022-06-06T05:14:41,2022-06-06T18:36:23,0.22,"Rain, Partially cloudy",Partly cloudy throughout the day with afternoon rain.,rain,"48820099999,48823099999,48825099999,48831099999,VVNB"
cầu giấy,2022-06-07,31.8,24.6,28.2,38.6,24.6,32.3,24.9,82.6,6.343,100,12.5,rain,0,0,17.6,13.9,254.6,1003.6,71.8,9.8,101.4,8.8,4,,2022-06-07T05:14:40,2022-06-07T18:36:45,0.25,"Rain, Partially cloudy",Partly cloudy throughout the day with a chance of rain throughout the day.,rain,"48820099999,48823099999,48825099999,48831099999,VVNB"
cầu giấy,2022-06-08,32.4,25.5,27.8,40,25.5,31.7,25.2,86.5,6.926,100,4.17,rain,0,0,26.6,11.2,75.6,1003.1,71.7,8.2,201.5,17.4,8,,2022-06-08T05:14:41,2022-06-08T18:37:06,0.29,"Rain, Partially cloudy",Partly cloudy throughout the day with late afternoon rain.,rain,"48820099999,48823099999,48825099999,48831099999,VVNB"
cầu giấy,2022-06-09,33,25.6,29,40.6,25.6,34,25.4,82,0.021,100,4.17,rain,0,0,28.4,12.1,71.8,1002.6,64,8.2,215.1,18.6,7,,2022-06-09T05:14:43,2022-06-09T18:37:28,0.32,"Rain, Partially cloudy",Partly cloudy throughout the day with early morning rain.,rain,"48820099999,48823099999,48825099999,48831099999,VVNB"
cầu giấy,2022-06-10,34.6,27,30,43.8,30.9,37.4,26.3,81.5,1.5,100,20.83,rain,0,0,31.7,13,71.1,1001.1,48.2,8.6,175.6,15.2,6,,2022-06-10T05:14:45,2022-06-10T18:37:48,0.36,"Rain, Partially cloudy",Partly cloudy throughout the day with rain.,rain,"48820099999,48823099999,48825099999,48831099999,VVNB"
cầu giấy,2022-06-11,31.4,26,28.2,38.5,26,33.2,25.8,87.1,0.495,100,8.33,rain,0,0,34.9,12.1,42.2,1003.3,54.6,9,109.8,9.4,4,,2022-06-11T05:14:49,2022-06-11T18:38:08,0.39,"Rain, Partially cloudy",Partly cloudy throughout the day with rain.,rain,"48820099999,48823099999,48825099999,48831099999,VVNB"
cầu giấy,2022-06-12,35,28,30.9,42.8,33.6,38.7,26.1,77.2,0.099,100,4.17,rain,0,0,35.6,13.9,139.2,1003.5,82.4,7.7,160.5,14,5,,2022-06-12T05:14:54,2022-06-12T18:38:28,0.42,"Rain, Partially cloudy",Partly cloudy throughout the day with morning rain.,rain,"48820099999,48823099999,48825099999,48831099999,VVNB"
cầu giấy,2022-06-13,35.7,25.7,30.9,45.3,25.7,37.7,25.6,75,0.074,100,4.17,rain,0,0,25.6,23.2,35.4,1003.1,60.8,9.3,218,18.8,8,,2022-06-13T05:14:59,2022-06-13T18:38:47,0.46,"Rain, Partially cloudy",Partly cloudy throughout the day with late afternoon rain.,rain,"48820099999,48823099999,48825099999,48831099999,VVNB"
cầu giấy,2022-06-14,31.1,25,27.5,36.8,25,30.4,24.8,85.7,56.645,100,12.5,rain,0,0,20.9,17,306.6,1006.9,71.2,9.9,129.3,11.1,5,,2022-06-14T05:15:06,2022-06-14T18:39:05,0.5,"Rain, Partially cloudy",Partly cloudy throughout the day with a chance of rain throughout the day.,rain,"48820099999,48823099999,48825099999,48831099999,VVNB"
cầu giấy,2022-06-15,31,25.7,28.3,37.1,25.7,31.8,24.6,81.3,19.894,100,8.33,rain,0,0,20.2,13,199.8,1007.5,85.2,10,136.3,11.7,4,,2022-06-15T05:15:13,2022-06-15T18:39:23,0.52,"Rain, Partially cloudy",Partly cloudy throughout the day with rain clearing later.,rain,"48820099999,48823099999,48825099999,48831099999,VVNB"
cầu giấy,2022-06-16,34.9,25.5,30,43.4,25.5,35.4,25.1,76.4,0.998,100,4.17,rain,0,0,36,13,136.2,1005.6,70.1,9.7,212.9,18.3,8,,2022-06-16T05:15:21,2022-06-16T18:39:40,0.56,"Rain, Partially cloudy",Partly cloudy throughout the day with early morning rain.,rain,"48820099999,48823099999,48825099999,48831099999,VVNB"
cầu giấy,2022-06-17,35,26,31.4,41.9,26,36.8,24.3,67.4,0.127,100,4.17,rain,0,0,37.1,14.8,176.9,1002.6,82.6,9.9,221.3,19.2,7,,2022-06-17T05:15:30,2022-06-17T18:39:56,0.59,"Rain, Partially cloudy",Partly cloudy throughout the day with early morning rain.,rain,"48820099999,48823099999,48825099999,48831099999,VVNB"
cầu giấy,2022-06-18,36.5,27.5,32.4,43.2,32.4,37.9,23.8,62.7,0,0,0,,0,0,29.5,19.4,211.1,1000.2,75.7,11.4,255.6,22.1,8,,2022-06-18T05:15:40,2022-06-18T18:40:12,0.63,Partially cloudy,Partly cloudy throughout the day.,partly-cloudy-day,"48820099999,48823099999,48825099999,48831099999,VVNB"
cầu giấy,2022-06-19,38.3,28,33.7,44.5,33.1,40.1,24,59,0,0,0,,0,0,34.9,15.7,218,999.2,64,11.7,295.6,25.7,9,,2022-06-19T05:15:51,2022-06-19T18:40:27,0.66,Partially cloudy,Partly cloudy throughout the day.,partly-cloudy-day,"48820099999,48823099999,48825099999,48831099999,VVNB"
cầu giấy,2022-06-20,37.5,29,33.6,44.8,35.1,40.6,24.5,60,0,0,0,,0,0,30.6,15.7,179.7,998.3,75.6,10.8,285.8,24.9,9,,2022-06-20T05:16:02,2022-06-20T18:40:41,0.7,Partially cloudy,Partly cloudy throughout the day.,partly-cloudy-day,"48820099999,48823099999,48825099999,48831099999,VVNB"
cầu giấy,2022-06-21,38.5,28.5,33.3,47.2,34.6,41.2,25.3,65,0.1,100,4.17,rain,0,0,28.4,22.3,131.7,998.9,67.3,11.7,285.4,24.7,9,,2022-06-21T05:16:15,2022-06-21T18:40:54,0.75,"Rain, Partially cloudy",Partly cloudy throughout the day with late afternoon rain.,rain,"48820099999,48823099999,48825099999,48831099999,VVNB"
cầu giấy,2022-06-22,36,27,31.7,45.9,29.6,39.9,25.9,72.2,0.2,100,8.33,rain,0,0,31,25.9,111.9,1004,64.4,11.5,228.9,19.8,8,,2022-06-22T05:16:28,2022-06-22T18:41:07,0.76,"Rain, Partially cloudy",Partly cloudy throughout the day with early morning rain.,rain,"48820099999,48823099999,48825099999,48831099999,VVNB"
cầu giấy,2022-06-23,32.5,24,28,41.4,24,32.2,25,84.2,2.968,100,4.17,rain,0,0,23,15.7,96.7,1007.4,71.3,9.9,267.3,23.2,9,,2022-06-23T05:16:42,2022-06-23T18:41:19,0.8,"Rain, Partially cloudy",Partly cloudy throughout the day with morning rain.,rain,"48820099999,48823099999,48825099999,48831099999,VVNB"
cầu giấy,2022-06-24,34.2,27,30.3,41.3,30.6,36.3,25.1,74.9,0.4,100,16.67,rain,0,0,27.7,20.3,129.9,1006.6,44,10.7,280.6,24.2,9,,2022-06-24T05:16:56,2022-06-24T18:41:30,0.83,"Rain, Partially cloudy",Partly cloudy throughout the day with rain in the morning and afternoon.,rain,"48820099999,48823099999,48825099999,48831099999,VVNB"
cầu giấy,2022-06-25,34.6,26.5,30.7,40.6,26.5,35.9,24.3,70.5,0.1,100,4.17,rain,0,0,28.4,19.4,135.2,1005.2,36.8,11.2,270.7,23.4,9,,2022-06-25T05:17:11,2022-06-25T18:41:40,0.87,"Rain, Partially cloudy",Partly cloudy throughout the day with afternoon rain.,rain,"48820099999,48823099999,48825099999,48831099999,VVNB"
cầu giấy,2022-06-26,34.4,27,30.3,42.3,30.6,36.8,25.4,76.4,0.989,100,4.17,rain,0,0,28.4,21.4,127.4,1006,54.9,11.1,279.9,24,9,,2022-06-26T05:17:27,2022-06-26T18:41:49,0.9,"Rain, Partially cloudy",Partly cloudy throughout the day with late afternoon rain.,rain,"48820099999,48823099999,48825099999,48831099999,VVNB"
cầu giấy,2022-06-27,37.4,28,32,44.6,33.6,39.5,25.5,71,0,0,0,,0,0,36.4,21.4,141,1004.2,60.8,12,302.9,26.1,9,,2022-06-27T05:17:44,2022-06-27T18:41:57,0.93,Partially cloudy,Partly cloudy throughout the day.,partly-cloudy-day,"48820099999,48823099999,48825099999,48831099999,VVNB"
cầu giấy,2022-06-28,36.9,28,32.3,45.6,34.5,40.4,25.7,70,0,0,0,,0,0,23.8,19.4,99.5,1001.5,62.4,11.9,299.1,25.9,10,,2022-06-28T05:18:01,2022-06-28T18:42:04,0.97,Partially cloudy,Partly cloudy throughout the day.,partly-cloudy-day,"48820099999,48823099999,48825099999,48831099999,VVNB"
cầu giấy,2022-06-29,33.5,28.5,30.6,42.8,32.8,37.9,25.7,75.5,0.307,100,4.17,rain,0,0,28.4,13.9,43.1,1000.4,70.5,10.9,185.7,16.1,6,,2022-06-29T05:18:18,2022-06-29T18:42:10,0,"Rain, Partially cloudy",Partly cloudy throughout the day with afternoon rain.,rain,"48820099999,48823099999,48825099999,48831099999,VVNB"
cầu giấy,2022-06-30,32,23.5,28.3,40.6,23.5,33,25.2,83.7,50.81,100,8.33,rain,0,0,19.1,12.8,341.1,1001.3,65,9.4,160.1,13.7,7,,2022-06-30T05:18:36,2022-06-30T18:42:16,0.04,"Rain, Partially cloudy",Partly cloudy throughout the day with rain in the morning and afternoon.,rain,"48820099999,48823099999,48825099999,48831099999,VVNB"
cầu giấy,2022-07-01,33,27,28.9,40.9,30.1,34.4,25.1,80.2,0.222,100,12.5,rain,0,0,26.6,16.5,316.2,1000.9,67.6,9.6,162.7,13.9,8,,2022-07-01T05:18:55,2022-07-01T18:42:20,0.07,"Rain, Partially cloudy",Partly cloudy throughout the day with rain.,rain,"48820099999,48823099999,48825099999,48831099999,VVNB"
cầu giấy,2022-07-02,37.2,26,30.6,45.8,26,36.2,25,74.1,0.4,100,16.67,rain,0,0,53.6,28,314.6,997.4,81.2,9.7,260.2,22.6,9,,2022-07-02T05:19:14,2022-07-02T18:42:23,0.11,"Rain, Partially cloudy",Partly cloudy throughout the day with rain.,rain,"48820099999,48823099999,48825099999,48831099999,VVNB"
cầu giấy,2022-07-03,37.3,26,31.2,47.9,26,38.1,25.5,73.1,2.772,100,8.33,rain,0,0,21.6,11.2,237.3,997.3,80.8,10.7,239.7,20.9,8,,2022-07-03T05:19:34,2022-07-03T18:42:26,0.14,"Rain, Partially cloudy",Partly cloudy throughout the day with rain.,rain,"48820099999,48823099999,48825099999,48831099999,VVNB"
cầu giấy,2022-07-04,37.1,29.7,32.6,49.1,37,42.7,26.8,72.9,0,0,0,,0,0,22,15.7,67,997.7,67.4,10,265.3,22.9,9,,2022-07-04T05:19:54,2022-07-04T18:42:27,0.17,Partially cloudy,Partly cloudy throughout the day.,partly-cloudy-day,"48820099999,48823099999,48825099999,48831099999,VVNB"
cầu giấy,2022-07-05,35.6,24.7,30.4,48.4,24.7,38,26.3,79.7,84.377,100,4.17,rain,0,0,35.3,24,79.8,1000.4,68.5,9.6,260.4,22.5,9,,2022-07-05T05:20:15,2022-07-05T18:42:27,0.21,"Rain, Partially cloudy",Partly cloudy throughout the day with late afternoon rain.,rain,"48820099999,48823099999,48825099999,48831099999,VVNB"
cầu giấy,2022-07-06,31,25,28.1,39.1,25,32.3,25.3,85.4,7.938,100,8.33,rain,0,0,16.6,12.1,98.3,1003.3,67.5,8.5,139.4,12,4,,2022-07-06T05:20:36,2022-07-06T18:42:27,0.24,"Rain, Partially cloudy",Partly cloudy throughout the day with rain.,rain,"48820099999,48823099999,48825099999,48831099999,VVNB"
cầu giấy,2022-07-07,32,25,27.6,40.6,25,31.3,25.1,86.6,23.747,100,4.17,rain,0,0,20.9,13.9,73.3,1003,88.6,9.3,123.6,10.9,4,,2022-07-07T05:20:57,2022-07-07T18:42:25,0.25,"Rain, Partially cloudy",Partly cloudy throughout the day with late afternoon rain.,rain,"48820099999,48823099999,48825099999,48831099999,VVNB"
cầu giấy,2022-07-08,29.8,25.5,27.5,35.6,25.5,31.1,25.2,87.7,0.602,100,4.17,rain,0,0,24.5,12.1,65,1004.1,68.1,9.7,118.7,10.2,5,,2022-07-08T05:21:19,2022-07-08T18:42:22,0.31,"Rain, Partially cloudy",Partly cloudy throughout the day with early morning rain.,rain,"48820099999,48823099999,48825099999,48831099999,VVNB"
cầu giấy,2022-07-09,29.7,25,27.5,36,25,31.7,25.3,87.9,1.388,100,8.33,rain,0,0,18.7,17.8,74.7,1004.3,61,9.5,141.7,12.2,5,,2022-07-09T05:21:41,2022-07-09T18:42:18,0.34,"Rain, Partially cloudy",Partly cloudy throughout the day with rain in the morning and afternoon.,rain,"48820099999,48823099999,48825099999,48831099999,VVNB"
cầu giấy,2022-07-10,34,25.7,29.4,42,25.7,34.1,25.2,79.1,0.219,100,8.33,rain,0,0,20.2,10.3,19.8,1004.8,52.2,10,219.1,18.9,8,,2022-07-10T05:22:03,2022-07-10T18:42:12,0.38,"Rain, Partially cloudy",Partly cloudy throughout the day with rain.,rain,"48820099999,48823099999,48825099999,48831099999,VVNB"
cầu giấy,2022-07-11,33.9,27,29.8,43.7,30.6,36.3,25.7,79.8,11.338,100,12.5,rain,0,0,29.2,16.6,52.7,1004.7,54,11.6,197,17.1,6,,2022-07-11T05:22:25,2022-07-11T18:42:06,0.41,"Rain, Partially cloudy",Partly cloudy throughout the day with rain.,rain,"48820099999,48823099999,48825099999,48831099999,VVNB"
cầu giấy,2022-07-12,32.4,27.5,29.6,41.4,32,36.7,26.1,81.7,1.153,100,12.5,rain,0,0,30.6,17,96.1,1004.6,60.6,9.9,137,12,6,,2022-07-12T05:22:48,2022-07-12T18:41:59,0.45,"Rain, Partially cloudy",Partly cloudy throughout the day with a chance of rain throughout the day.,rain,"48820099999,48823099999,48825099999,48831099999,VVNB"
cầu giấy,2022-07-13,32.5,26.3,29,43.1,26.3,35.4,26,84.1,33.768,100,12.5,rain,0,0,29.2,12.9,69.5,1003.9,61.4,9.5,184.8,15.8,8,,2022-07-13T05:23:11,2022-07-13T18:41:50,0.48,"Rain, Partially cloudy",Partly cloudy throughout the day with a chance of rain throughout the day.,rain,"48820099999,48823099999,48825099999,48831099999,VVNB"
cầu giấy,2022-07-14,33,26.7,29.7,40.6,30.1,36.1,25.6,79.7,7.974,100,12.5,rain,0,0,27,16.6,101.1,1004,62.4,9.8,166.1,14.3,7,,2022-07-14T05:23:34,2022-07-14T18:41:41,0.5,"Rain, Partially cloudy",Partly cloudy throughout the day with a chance of rain throughout the day.,rain,"48820099999,48823099999,48825099999,48831099999,VVNB"
cầu giấy,2022-07-15,33.6,25.5,29.4,43.1,25.5,35.6,26,82.3,34.022,100,12.5,rain,0,0,38.9,18.6,79,1004.6,64.8,10.5,229.8,19.9,8,,2022-07-15T05:23:57,2022-07-15T18:41:30,0.55,"Rain, Partially cloudy",Partly cloudy throughout the day with rain.,rain,"48820099999,48823099999,48825099999,48831099999,VVNB"
cầu giấy,2022-07-16,34.6,28,31.2,46,33.6,39.6,26.4,76.3,0,0,0,,0,0,25.6,16.6,126.3,1004,51,12,260.8,22.5,9,,2022-07-16T05:24:20,2022-07-16T18:41:18,0.58,Partially cloudy,Partly cloudy throughout the day.,partly-cloudy-day,"48820099999,48823099999,48825099999,48831099999,VVNB"
cầu giấy,2022-07-17,36,29,32.2,50.2,36.8,43.4,27.6,77.8,0,0,0,,0,0,24.8,19.4,121.8,1002.6,70.8,11.7,251.7,21.6,8,,2022-07-17T05:24:44,2022-07-17T18:41:05,0.61,Partially cloudy,Partly cloudy throughout the day.,partly-cloudy-day,"48820099999,48823099999,48825099999,48831099999,VVNB"
cầu giấy,2022-07-18,37,26.5,32.4,50.5,26.5,42.8,27.3,76.1,4.947,100,4.17,rain,0,0,24.8,21.4,96.9,1000.3,72,11.6,280.2,24.2,9,,2022-07-18T05:25:07,2022-07-18T18:40:51,0.65,"Rain, Partially cloudy",Partly cloudy throughout the day with late afternoon rain.,rain,"48820099999,48823099999,48825099999,48831099999,VVNB"
cầu giấy,2022-07-19,34.5,25.5,29.2,47.4,25.5,35,25.8,82.4,48.704,100,4.17,rain,0,0,28.1,16.7,91.2,1001.8,68.5,9.8,224.4,19.5,8,,2022-07-19T05:25:31,2022-07-19T18:40:36,0.68,"Rain, Partially cloudy",Partly cloudy throughout the day with early morning rain.,rain,"48820099999,48823099999,48825099999,48831099999,VVNB"
cầu giấy,2022-07-20,31.4,26,28.8,41.1,26,35.1,25.9,84.7,26.736,100,8.33,rain,0,0,31,19.4,106.1,1005.9,67,9.6,166.3,14.3,7,,2022-07-20T05:25:54,2022-07-20T18:40:19,0.75,"Rain, Partially cloudy",Partly cloudy throughout the day with rain.,rain,"48820099999,48823099999,48825099999,48831099999,VVNB"
cầu giấy,2022-07-21,30.5,26.7,27.9,38.8,30.2,32.9,25.6,87.8,21.958,100,12.5,rain,0,0,36,20.4,75,1008.5,71.5,10.1,129.2,11,6,,2022-07-21T05:26:18,2022-07-21T18:40:02,0.75,"Rain, Partially cloudy",Partly cloudy throughout the day with a chance of rain throughout the day.,rain,"48820099999,48823099999,48825099999,48831099999,VVNB"
cầu giấy,2022-07-22,32,25.5,27.6,39.9,25.5,30.1,25.1,86.7,16.01,100,12.5,rain,0,0,27.7,22.2,84.7,1010.5,69,9.1,157.6,13.7,7,,2022-07-22T05:26:42,2022-07-22T18:39:43,0.78,"Rain, Partially cloudy",Partly cloudy throughout the day with rain.,rain,"48820099999,48823099999,48825099999,48831099999,VVNB"
cầu giấy,2022-07-23,34.5,26,29.7,41.3,26,34.4,25.2,78.3,0.002,100,4.17,rain,0,0,26.6,13.9,115.8,1009,44.6,11,264.7,22.9,9,,2022-07-23T05:27:05,2022-07-23T18:39:23,0.82,"Rain, Partially cloudy",Partly cloudy throughout the day with morning rain.,rain,"48820099999,48823099999,48825099999,48831099999,VVNB"
cầu giấy,2022-07-24,35,27,30.9,43.4,31.2,37.6,25.5,74.5,0.2,100,8.33,rain,0,0,24.1,15.7,120.5,1007.2,27.1,12.1,287.2,24.8,9,,2022-07-24T05:27:29,2022-07-24T18:39:03,0.85,"Rain, Partially cloudy",Partly cloudy throughout the day with rain in the morning and afternoon.,rain,"48820099999,48823099999,48825099999,48831099999,VVNB"
cầu giấy,2022-07-25,35.1,26,30.9,42.6,26,36.8,25,72.7,0,0,0,,0,0,24.8,15.7,122.9,1007.5,28.8,11.4,281.6,24.3,9,,2022-07-25T05:27:52,2022-07-25T18:38:41,0.88,Partially cloudy,Partly cloudy throughout the day.,partly-cloudy-day,"48820099999,48823099999,48825099999,48831099999,VVNB"
cầu giấy,2022-07-26,35.5,26.5,30.8,44.8,26.5,36.9,25.2,73.8,0,0,0,,0,0,27.7,17.5,122.9,1006.8,30.1,10.2,295.4,25.5,9,,2022-07-26T05:28:16,2022-07-26T18:38:18,0.92,Partially cloudy,Partly cloudy throughout the day.,partly-cloudy-day,"48820099999,48823099999,48825099999,48831099999,VVNB"
cầu giấy,2022-07-27,35,27,30.7,43.3,31.2,37.2,25.4,74.8,0,0,0,,0,0,24.5,17.5,126.9,1006.1,32.4,10.7,261.1,22.5,8,,2022-07-27T05:28:39,2022-07-27T18:37:53,0.95,Partially cloudy,Partly cloudy throughout the day.,partly-cloudy-day,"48820099999,48823099999,48825099999,48831099999,VVNB"
cầu giấy,2022-07-28,34.8,26.5,30.7,43.5,26.5,37.5,25.6,75.2,0,0,0,,0,0,23,14.8,98.5,1006.2,51.8,11.6,220.4,19.1,7,,2022-07-28T05:29:02,2022-07-28T18:37:28,0.98,Partially cloudy,Partly cloudy throughout the day.,partly-cloudy-day,"48820099999,48823099999,48825099999,48831099999,VVNB"
cầu giấy,2022-07-29,35,27,30.9,44.2,30.9,38.4,26,76.5,0,0,0,,0,0,20.5,15.7,105.9,1005,61.2,9.3,232,19.9,7,,2022-07-29T05:29:25,2022-07-29T18:37:02,0,Partially cloudy,Partly cloudy throughout the day.,partly-cloudy-day,"48820099999,48823099999,48825099999,48831099999,VVNB"
cầu giấy,2022-07-30,34.5,25.5,29.6,44.2,25.5,35.3,25.2,78.2,25.725,100,4.17,rain,0,0,20.2,25.9,135.3,1003.5,75.4,9.1,187.5,16.2,7,,2022-07-30T05:29:48,2022-07-30T18:36:34,0.05,"Rain, Partially cloudy",Partly cloudy throughout the day with late afternoon rain.,rain,"48820099999,48823099999,48825099999,48831099999,VVNB"
cầu giấy,2022-07-31,33.5,26.3,29.3,42,26.3,34.7,25.2,79.4,2.444,100,8.33,rain,0,0,24.1,19.4,105.2,1003,57.4,9.4,162.5,14,6,,2022-07-31T05:30:11,2022-07-31T18:36:06,0.09,"Rain, Partially cloudy",Partly cloudy throughout the day with rain.,rain,"48820099999,48823099999,48825099999,48831099999,VVNB"
cầu giấy,2022-08-01,34.1,26,29.1,42.4,26,34.6,25.4,81.1,0.158,100,8.33,rain,0,0,38.9,20.3,104.7,1004.3,46.2,9.9,217,18.7,8,,2022-08-01T05:30:34,2022-08-01T18:35:37,0.12,"Rain, Partially cloudy",Partly cloudy throughout the day with rain.,rain,"48820099999,48823099999,48825099999,48831099999,VVNB"
cầu giấy,2022-08-02,34.5,27.3,30.4,43.5,32,36.9,25.5,76.3,2.968,100,4.17,rain,0,0,23.8,14.8,92.7,1005.9,47.4,9.9,177.4,15.4,5,,2022-08-02T05:30:56,2022-08-02T18:35:06,0.16,"Rain, Partially cloudy",Partly cloudy throughout the day with morning rain.,rain,"48820099999,48823099999,48825099999,48831099999,VVNB"
cầu giấy,2022-08-03,36.7,27,31.5,43.3,31.2,38.1,25.1,70.4,0.4,100,12.5,rain,0,0,20.5,14.8,109.9,1005.8,48.6,11.1,280.6,24.2,9,,2022-08-03T05:31:18,2022-08-03T18:34:35,0.19,"Rain, Partially cloudy",Partly cloudy throughout the day with rain clearing later.,rain,"48820099999,48823099999,48825099999,48831099999,VVNB"
cầu giấy,2022-08-04,35,26,30.7,45.8,26,38.2,26.1,77.6,0.667,100,8.33,rain,0,0,20.2,18.4,99.7,1003.6,52.2,10.1,251.8,21.7,9,,2022-08-04T05:31:40,2022-08-04T18:34:02,0.23,"Rain, Partially cloudy",Partly cloudy throughout the day with rain.,rain,"48820099999,48823099999,48825099999,48831099999,VVNB"
cầu giấy,2022-08-05,31.7,25,28.3,38.5,25,32.3,24.5,80.4,0.933,100,8.33,rain,0,0,20.2,17.6,111.4,1003,60.5,9.9,71.2,6.1,3,,2022-08-05T05:32:02,2022-08-05T18:33:29,0.25,"Rain, Partially cloudy",Partly cloudy throughout the day with rain clearing later.,rain,"48820099999,48823099999,48825099999,48831099999,VVNB"
cầu giấy,2022-08-06,29.3,25,27.3,34.5,25,30.3,24.8,86.6,14.737,100,12.5,rain,0,0,18.7,15.7,94.3,1003.9,88.6,9.2,40.4,3.6,2,,2022-08-06T05:32:24,2022-08-06T18:32:54,0.3,"Rain, Partially cloudy",Partly cloudy throughout the day with rain.,rain,"48820099999,48823099999,48825099999,48831099999,VVNB"
cầu giấy,2022-08-07,30.5,25.9,27.7,38.3,25.9,31.3,25.5,88,9.697,100,16.67,rain,0,0,23.4,14.8,61.3,1005.2,69.4,9.6,56.2,4.8,2,,2022-08-07T05:32:45,2022-08-07T18:32:19,0.33,"Rain, Partially cloudy",Partly cloudy throughout the day with a chance of rain throughout the day.,rain,"48820099999,48823099999,48825099999,48831099999,VVNB"
cầu giấy,2022-08-08,34.5,26,28.5,42.6,26,32.2,25,82.3,0.989,100,4.17,rain,0,0,26.6,11.7,327.3,1005.2,53.2,8.7,245.6,21.2,9,,2022-08-08T05:33:06,2022-08-08T18:31:42,0.37,"Rain, Partially cloudy",Partly cloudy throughout the day with late afternoon rain.,rain,"48820099999,48823099999,48825099999,48831099999,VVNB"
cầu giấy,2022-08-09,35,25,29.7,43.3,25,34,24.6,75.6,0.491,100,8.33,rain,0,0,23,9.6,327.5,1003.2,62,10,253.4,21.7,9,,2022-08-09T05:33:27,2022-08-09T18:31:05,0.4,"Rain, Partially cloudy",Partly cloudy throughout the day with rain clearing later.,rain,"48820099999,48823099999,48825099999,48831099999,VVNB"
cầu giấy,2022-08-10,32.7,26,28.4,41.4,26,32.5,25.1,82.9,4.958,100,4.17,rain,0,0,35.3,17.7,332.6,1000.9,81.3,9.8,149.8,13,6,,2022-08-10T05:33:48,2022-08-10T18:30:27,0.44,"Rain, Partially cloudy",Partly cloudy throughout the day with late afternoon rain.,rain,"48820099999,48823099999,48825099999,48831099999,VVNB"
cầu giấy,2022-08-11,29.3,24,26,35.8,24,27.1,24.6,92.6,153.071,100,20.83,rain,0,0,36.4,19.5,251.5,1000.5,94,7.1,34,2.8,1,,2022-08-11T05:34:08,2022-08-11T18:29:48,0.47,"Rain, Overcast",Cloudy skies throughout the day with a chance of rain throughout the day.,rain,"48820099999,48823099999,48825099999,48831099999,VVNB"
cầu giấy,2022-08-12,26.9,23.5,25.3,30.5,23.5,25.5,24,92.3,91.926,100,12.5,rain,0,0,22.3,20.3,93.9,1006.3,78.9,7.6,46.9,4.1,2,,2022-08-12T05:34:28,2022-08-12T18:29:08,0.5,"Rain, Partially cloudy",Partly cloudy throughout the day with a chance of rain throughout the day.,rain,"48820099999,48823099999,48825099999,48831099999,VVNB"
cầu giấy,2022-08-13,31.4,25,28,37.7,25,31.6,24.6,82.8,6.1,100,41.67,rain,0,0,20.9,12.9,109.8,1006.5,82.3,9.3,188.9,16.4,6,,2022-08-13T05:34:48,2022-08-13T18:28:27,0.54,"Rain, Partially cloudy",Partly cloudy throughout the day with a chance of rain throughout the day.,rain,"48820099999,48823099999,48825099999,48831099999,VVNB"
cầu giấy,2022-08-14,33,26,28.8,42.1,26,33.7,25.4,82.4,0.169,100,4.17,rain,0,0,21.6,13.9,121.3,1005.5,54.3,8.8,213.5,18.5,7,,2022-08-14T05:35:08,2022-08-14T18:27:45,0.57,"Rain, Partially cloudy",Partly cloudy throughout the day with late afternoon rain.,rain,"48820099999,48823099999,48825099999,48831099999,VVNB"
cầu giấy,2022-08-15,34,25.5,29.4,42.8,25.5,34.4,25.3,79.4,0.106,100,4.17,rain,0,0,17.3,16.6,104.9,1004.5,48.6,10.1,224.1,19.4,7,,2022-08-15T05:35:27,2022-08-15T18:27:03,0.6,"Rain, Partially cloudy",Partly cloudy throughout the day with early morning rain.,rain,"48820099999,48823099999,48825099999,48831099999,VVNB"
cầu giấy,2022-08-16,34.7,27,30.7,44.2,31.2,37.7,25.8,76.8,0.5,100,12.5,rain,0,0,22.7,15.7,105.1,1004.4,39.9,11.9,241.9,20.7,8,,2022-08-16T05:35:47,2022-08-16T18:26:19,0.64,"Rain, Partially cloudy",Partly cloudy throughout the day with rain in the morning and afternoon.,rain,"48820099999,48823099999,48825099999,48831099999,VVNB"
cầu giấy,2022-08-17,34,27.5,30.2,44.4,32.8,38,26.3,80.4,1.9,100,33.33,rain,0,0,22.7,13.9,109.1,1004.3,47.8,9.4,198.9,17.2,7,,2022-08-17T05:36:05,2022-08-17T18:25:35,0.67,"Rain, Partially cloudy",Partly cloudy throughout the day with rain.,rain,"48820099999,48823099999,48825099999,48831099999,VVNB"
cầu giấy,2022-08-18,34.9,27,30.6,44.2,31.2,38,26.1,78.4,0.7,100,20.83,rain,0,0,26.6,19.5,105.3,1003.6,59,9.3,254.3,22,9,,2022-08-18T05:36:24,2022-08-18T18:24:50,0.7,"Rain, Partially cloudy",Partly cloudy throughout the day with rain.,rain,"48820099999,48823099999,48825099999,48831099999,VVNB"
cầu giấy,2022-08-19,35,27,31.1,45.8,31.2,39.3,26.4,77.4,1.8,100,20.83,rain,0,0,20.9,25,94.6,1002.6,52.3,9.6,234.4,20.2,8,,2022-08-19T05:36:42,2022-08-19T18:24:05,0.75,"Rain, Partially cloudy",Partly cloudy throughout the day with rain.,rain,"48820099999,48823099999,48825099999,48831099999,VVNB"
cầu giấy,2022-08-20,31,24.5,27.7,39.8,24.5,31.9,25.7,89,17.947,100,16.67,rain,0,0,32,20.3,299.9,1002.4,80.4,9.2,151.6,13,5,,2022-08-20T05:37:01,2022-08-20T18:23:19,0.77,"Rain, Partially cloudy",Partly cloudy throughout the day with a chance of rain throughout the day.,rain,"48820099999,48823099999,48825099999,48831099999,VVNB"
cầu giấy,2022-08-21,29.5,25.3,27,36,25.3,30,25.4,90.7,47.022,100,16.67,rain,0,0,28.8,21.3,67.3,1002.8,83.3,9.4,91.5,7.8,4,,2022-08-21T05:37:19,2022-08-21T18:22:32,0.8,"Rain, Partially cloudy",Partly cloudy throughout the day with a chance of rain throughout the day.,rain,"48820099999,48823099999,48825099999,48831099999,VVNB"
cầu giấy,2022-08-22,34.5,25,29.6,42.9,25,35.2,25.8,81.4,1.979,100,4.17,rain,0,0,19.4,13.8,111.9,1004.7,54.9,11.1,195,16.8,8,,2022-08-22T05:37:36,2022-08-22T18:21:44,0.83,"Rain, Partially cloudy",Partly cloudy throughout the day with early morning rain.,rain,"48820099999,48823099999,48825099999,48831099999,VVNB"
cầu giấy,2022-08-23,34,27,29.5,44.8,31.2,37.2,26.8,85.7,0.032,100,4.17,rain,0,0,23.8,13.9,94.7,1005.4,39.8,10.3,233.8,20,8,,2022-08-23T05:37:54,2022-08-23T18:20:56,0.86,"Rain, Partially cloudy",Partly cloudy throughout the day with afternoon rain.,rain,"48820099999,48823099999,48825099999,48831099999,VVNB"
cầu giấy,2022-08-24,35.5,27,30.9,46,30.6,39.2,26.5,78.6,4.8,100,16.67,rain,0,0,32.8,10.3,23.3,1003.5,42.4,9.4,203.5,17.6,8,,2022-08-24T05:38:11,2022-08-24T18:20:07,0.9,"Rain, Partially cloudy",Partly cloudy throughout the day with rain in the morning and afternoon.,rain,"48820099999,48823099999,48825099999,48831099999,VVNB"
cầu giấy,2022-08-25,30.5,25.5,28,39.5,25.5,33.1,26.1,89.8,30.979,100,8.33,rain,0,0,27.7,23.2,284.3,999.7,63.7,7.7,180.6,15.6,8,,2022-08-25T05:38:28,2022-08-25T18:19:17,0.93,"Rain, Partially cloudy",Partly cloudy throughout the day with rain.,rain,"48820099999,48823099999,48825099999,48831099999,VVNB"
cầu giấy,2022-08-26,32.1,24.5,28,39.7,24.5,32,25.1,85.1,43.778,100,8.33,rain,0,0,47.9,22.3,128.4,1002.7,77.5,8.9,126,10.8,6,,2022-08-26T05:38:44,2022-08-26T18:18:27,0.96,"Rain, Partially cloudy",Partly cloudy throughout the day with rain clearing later.,rain,"48820099999,48823099999,48825099999,48831099999,VVNB"
cầu giấy,2022-08-27,34.1,27,29.8,42.8,30.6,35.9,25.4,78.3,0.1,100,4.17,rain,0,0,19.8,20.4,106.2,1007.3,58.6,11.3,229,19.7,7,,2022-08-27T05:39:01,2022-08-27T18:17:36,0,"Rain, Partially cloudy",Partly cloudy throughout the day with early morning rain.,rain,"48820099999,48823099999,48825099999,48831099999,VVNB"
cầu giấy,2022-08-28,35,26.5,30.4,44.9,26.5,37.6,26,78.5,0.2,100,8.33,rain,0,0,24.1,19.4,115.9,1007.3,44.6,12.5,252.1,21.8,9,,2022-08-28T05:39:17,2022-08-28T18:16:45,0.03,"Rain, Partially cloudy",Partly cloudy throughout the day with rain in the morning and afternoon.,rain,"48820099999,48823099999,48825099999,48831099999,VVNB"
cầu giấy,2022-08-29,35.5,27,30.7,43.2,31.2,37.7,25.8,76.5,0,0,0,,0,0,28.1,17.5,128.2,1008.9,45.9,10.9,262.3,22.5,9,,2022-08-29T05:39:33,2022-08-29T18:15:53,0.07,Partially cloudy,Clearing in the afternoon.,partly-cloudy-day,"48820099999,48823099999,48825099999,48831099999,VVNB"
cầu giấy,2022-08-30,35.1,27,30.8,42.6,31.2,37.2,25.3,74.3,0,0,0,,0,0,19.1,13.9,117.3,1008.4,43.5,11.5,276.2,23.9,9,,2022-08-30T05:39:49,2022-08-30T18:15:01,0.1,Partially cloudy,Partly cloudy throughout the day.,partly-cloudy-day,"48820099999,48823099999,48825099999,48831099999,VVNB"
cầu giấy,2022-08-31,34.4,27,30.5,43.7,30.6,37.5,25.7,76.6,0.2,100,8.33,rain,0,0,15.1,12.1,76.4,1006.8,44.2,11.5,226.4,19.5,8,,2022-08-31T05:40:05,2022-08-31T18:14:08,0.14,"Rain, Partially cloudy",Partly cloudy throughout the day with rain in the morning and afternoon.,rain,"48820099999,48823099999,48825099999,48831099999,VVNB"
cầu giấy,2022-09-01,31.8,25,28.7,38.4,25,34.2,25.5,83.5,11.032,100,8.33,rain,0,0,50,17.5,341.9,1009,51.6,9.3,129.9,11.1,4,,2022-09-01T05:40:21,2022-09-01T18:13:15,0.17,"Rain, Partially cloudy",Partly cloudy throughout the day with rain.,rain,"48820099999,48823099999,48825099999,48831099999,VVNB"
cầu giấy,2022-09-02,34.5,26,30.2,41.2,26,35.1,24.4,72.4,0.032,100,4.17,rain,0,0,23.8,10.3,349,1008.1,65.4,9.5,236.6,20.4,8,,2022-09-02T05:40:36,2022-09-02T18:12:22,0.21,"Rain, Partially cloudy",Partly cloudy throughout the day with early morning rain.,rain,"48820099999,48823099999,48825099999,48831099999,VVNB"
cầu giấy,2022-09-03,34.9,27,30.8,44.2,31.2,37.6,25.4,73.7,0.106,100,4.17,rain,0,0,16.9,15.6,98.8,1005.4,39.5,8.6,254.5,22,8,,2022-09-03T05:40:51,2022-09-03T18:11:28,0.24,"Rain, Partially cloudy",Partly cloudy throughout the day with morning rain.,rain,"48820099999,48823099999,48825099999,48831099999,VVNB"
cầu giấy,2022-09-04,30.5,25,27.7,36.2,25,30.8,23.9,80.7,2.042,100,8.33,rain,0,0,38.9,20.4,356.7,1007.3,71.8,9.4,170.1,14.8,6,,2022-09-04T05:41:06,2022-09-04T18:10:33,0.25,"Rain, Partially cloudy",Partly cloudy throughout the day with rain.,rain,"48820099999,48823099999,48825099999,48831099999,VVNB"
cầu giấy,2022-09-05,34.4,26,29.4,37.3,26,31.5,22.3,67.7,0,0,0,,0,0,25.2,11.2,314.1,1007.8,54.9,10.7,232.8,20.2,9,,2022-09-05T05:41:21,2022-09-05T18:09:39,0.31,Partially cloudy,Clearing in the afternoon.,partly-cloudy-day,"48820099999,48823099999,48825099999,48831099999,VVNB"
cầu giấy,2022-09-06,35.9,25,30.2,38.7,25,32.5,21.9,64.1,0,0,0,,0,0,29.5,10.4,327.1,1008.3,33.7,12.2,256.6,22.1,9,,2022-09-06T05:41:36,2022-09-06T18:08:43,0.35,Partially cloudy,Partly cloudy throughout the day.,partly-cloudy-day,"48820099999,48823099999,48825099999,48831099999,VVNB"
cầu giấy,2022-09-07,34.5,26,28.9,39.4,26,32,23.4,74,1.979,100,4.17,rain,0,0,48.2,14.8,358.7,1011,60.3,9.3,218.6,19,8,,2022-09-07T05:41:51,2022-09-07T18:07:48,0.39,"Rain, Partially cloudy",Partly cloudy throughout the day with late afternoon rain.,rain,"48820099999,48823099999,48825099999,48831099999,VVNB"
cầu giấy,2022-09-08,30,25,26.4,36.8,25,27.9,24.5,89.9,100.747,100,16.67,rain,0,0,31.7,26.8,32.4,1012.7,84.4,8.4,38.4,3.2,3,,2022-09-08T05:42:06,2022-09-08T18:06:52,0.42,"Rain, Partially cloudy",Partly cloudy throughout the day with a chance of rain throughout the day.,rain,"48820099999,48823099999,48825099999,48831099999,VVNB"
cầu giấy,2022-09-09,30,24.7,26.9,35.1,24.7,29,24,85,25.251,100,16.67,rain,0,0,22.3,9.4,342.6,1013.3,58.7,8.9,60.4,5.3,3,,2022-09-09T05:42:20,2022-09-09T18:05:57,0.46,"Rain, Partially cloudy",Partly cloudy throughout the day with a chance of rain throughout the day.,rain,"48820099999,48823099999,48825099999,48831099999,VVNB"
cầu giấy,2022-09-10,31.5,25.2,28,37.2,25.2,30.9,24.3,81.4,18.504,100,12.5,rain,0,0,20.5,10.3,208.6,1011.9,66,9.2,182.5,15.9,7,,2022-09-10T05:42:35,2022-09-10T18:05:00,0.5,"Rain, Partially cloudy",Partly cloudy throughout the day with a chance of rain throughout the day.,rain,"48820099999,48823099999,48825099999,48831099999,VVNB"
cầu giấy,2022-09-11,32.7,26,28.7,38,26,32.2,24.2,78.1,1.3,100,37.5,rain,0,0,22,12.1,71.8,1010,44.6,9.8,216.3,18.7,7,,2022-09-11T05:42:49,2022-09-11T18:04:04,0.53,"Rain, Partially cloudy",Partly cloudy throughout the day with a chance of rain throughout the day.,rain,"48820099999,48823099999,48825099999,48831099999,VVNB"
cầu giấy,2022-09-12,33,26,29.4,39.3,26,33.5,24.1,74.3,0.3,100,4.17,rain,0,0,25.2,12.1,56.7,1009,45.6,9.5,227,19.6,8,,2022-09-12T05:43:03,2022-09-12T18:03:07,0.56,"Rain, Partially cloudy",Partly cloudy throughout the day with afternoon rain.,rain,"48820099999,48823099999,48825099999,48831099999,VVNB"
cầu giấy,2022-09-13,33.3,26,29.3,39.9,26,34.1,24.7,77.1,0.3,100,8.33,rain,0,0,19.1,11.2,331.3,1009.2,40.7,8,209.2,18.1,7,,2022-09-13T05:43:18,2022-09-13T18:02:11,0.59,"Rain, Partially cloudy",Partly cloudy throughout the day with rain in the morning and afternoon.,rain,"48820099999,48823099999,48825099999,48831099999,VVNB"
cầu giấy,2022-09-14,34.5,26,29.9,40.6,26,34.6,24.2,72.8,0.3,100,12.5,rain,0,0,17.3,11.2,302.8,1008.6,33.6,8.1,244.1,21,8,,2022-09-14T05:43:32,2022-09-14T18:01:14,0.62,"Rain, Partially cloudy",Partly cloudy throughout the day with a chance of rain throughout the day.,rain,"48820099999,48823099999,48825099999,48831099999,VVNB"
cầu giấy,2022-09-15,34.5,26.5,30.2,42.6,26.5,35.9,25,74.8,1.187,100,4.17,rain,0,0,21.2,14.8,104.9,1006,38.3,8.5,236.8,20.5,8,,2022-09-15T05:43:46,2022-09-15T18:00:17,0.65,"Rain, Partially cloudy",Partly cloudy throughout the day with late afternoon rain.,rain,"48820099999,48823099999,48825099999,48831099999,VVNB"
cầu giấy,2022-09-16,31.5,26,28.5,39.5,26,33.5,25.2,82.6,0.099,100,4.17,rain,0,0,25.9,16.6,95.6,1004.1,62,9.4,61.1,5.3,4,,2022-09-16T05:44:01,2022-09-16T17:59:20,0.69,"Rain, Partially cloudy",Partly cloudy throughout the day with late afternoon rain.,rain,"48820099999,48823099999,48825099999,48831099999,VVNB"
cầu giấy,2022-09-17,32,25.7,27.9,39.2,25.7,31.1,24.7,83,0.735,100,4.17,rain,0,0,24.8,14.8,84,1006.1,57.7,9.9,109.3,9.4,5,,2022-09-17T05:44:15,2022-09-17T17:58:23,0.72,"Rain, Partially cloudy",Partly cloudy throughout the day with late afternoon rain.,rain,"48820099999,48823099999,48825099999,48831099999,VVNB"
cầu giấy,2022-09-18,34.4,25.5,29.6,39.9,25.5,33.6,24.6,76,0.001,100,4.17,rain,0,0,17.6,11.2,145.9,1006.7,21.7,8.4,233.9,20.2,8,,2022-09-18T05:44:29,2022-09-18T17:57:25,0.75,"Rain, Partially cloudy",Partly cloudy throughout the day with late afternoon rain.,rain,"48820099999,48823099999,48825099999,48831099999,VVNB"
cầu giấy,2022-09-19,35,26.5,30.2,43.3,26.5,35.8,25.3,76.3,0,0,0,,0,0,16.2,11.2,87.1,1006.3,32.6,8.7,242,20.8,8,,2022-09-19T05:44:44,2022-09-19T17:56:28,0.78,Partially cloudy,Partly cloudy throughout the day.,partly-cloudy-day,"48820099999,48823099999,48825099999,48831099999,VVNB"
cầu giấy,2022-09-20,34.5,27,29.2,43.5,29.2,34.5,24.8,78.1,25.923,100,4.17,rain,0,0,24.8,16.6,46.7,1006.8,42.3,9,251,21.6,9,,2022-09-20T05:44:58,2022-09-20T17:55:31,0.82,"Rain, Partially cloudy",Partly cloudy throughout the day with late afternoon rain.,rain,"48820099999,48823099999,48825099999,48831099999,VVNB"
cầu giấy,2022-09-21,31,25.5,27.4,37.1,25.5,29.8,24,81.7,1.704,100,4.17,rain,0,0,33.5,12.1,17.1,1008.8,46,9.5,156.6,13.5,7,,2022-09-21T05:45:13,2022-09-21T17:54:34,0.85,"Rain, Partially cloudy",Partly cloudy throughout the day with late afternoon rain.,rain,"48820099999,48823099999,48825099999,48831099999,VVNB"
cầu giấy,2022-09-22,31,25,27.6,36.5,25,30.2,24.3,82.7,25.4,100,4.17,rain,0,0,31.7,17.5,67.6,1009.6,61.5,9.3,116.1,10,4,,2022-09-22T05:45:28,2022-09-22T17:53:37,0.88,"Rain, Partially cloudy",Partly cloudy throughout the day with late afternoon rain.,rain,"48820099999,48823099999,48825099999,48831099999,VVNB"
cầu giấy,2022-09-23,33,23.5,27.4,37.5,23.5,28.9,23.3,80,18.005,100,4.17,rain,0,0,31.7,24.1,5,1010.3,62,9.3,218.3,19,9,,2022-09-23T05:45:42,2022-09-23T17:52:40,0.91,"Rain, Partially cloudy",Partly cloudy throughout the day with late afternoon rain.,rain,"48820099999,48823099999,48825099999,48831099999,VVNB"
cầu giấy,2022-09-24,29,24,26.6,33.2,24,28.1,22.8,80.1,8.882,100,4.17,rain,0,0,33.5,13.9,10.5,1010.5,74.4,9.6,136.1,11.6,7,,2022-09-24T05:45:57,2022-09-24T17:51:43,0.95,"Rain, Partially cloudy",Partly cloudy throughout the day with late afternoon rain.,rain,"48820099999,48823099999,48825099999,48831099999,VVNB"
cầu giấy,2022-09-25,28.5,24.6,26,32,24.6,26.8,22.8,82.5,18.36,100,4.17,rain,0,0,34.6,18.4,13.1,1011.2,67.2,9.2,149.6,13.1,7,,2022-09-25T05:46:12,2022-09-25T17:50:46,0.98,"Rain, Partially cloudy",Partly cloudy throughout the day with late afternoon rain.,rain,"48820099999,48823099999,48825099999,48831099999,VVNB"
cầu giấy,2022-09-26,32.5,24,27.9,38.6,24,31,23.7,79.2,0.4,100,16.67,rain,0,0,24.5,9.4,318.5,1009.9,27.4,7.7,230.1,19.9,8,,2022-09-26T05:46:27,2022-09-26T17:49:49,0,"Rain, Partially cloudy",Partly cloudy throughout the day with a chance of rain throughout the day.,rain,"48820099999,48823099999,48825099999,48831099999,VVNB"
