datetime,tempmax,tempmin,temp,feelslikemax,feelslikemin,feelslike,dew,humidity,precip,precipcover,preciptype,windgust,windspeed,winddir,sealevelpressure,cloudcover,visibility,solarradiation,solarenergy,moonphase,conditions
2020-01-01,23.0,19.9,21.1,23.0,19.9,21.1,17.4,79.9,0.198,4.17,rain,14.8,10.3,136.1,1023.8,83.9,5.7,54.1,4.6,0.19,"Rain, Partially cloudy"
2020-01-02,24.0,19.7,21.6,24.0,19.7,21.6,18.4,82.5,0.198,8.33,rain,21.6,15.7,92.7,1022.2,70.7,5.3,68.3,6.1,0.22,"Rain, Partially cloudy"
2020-01-03,25.5,20.3,22.6,25.5,20.3,22.6,18.5,78.0,0.8,33.33,rain,29.9,19.4,130.2,1020.2,73.2,8.9,94.3,8.1,0.25,"Rain, Partially cloudy"
2020-01-04,24.5,20.0,21.4,24.5,20.0,21.4,19.2,87.3,6.948,8.33,rain,30.2,21.4,102.8,1018.5,67.2,6.7,82.3,7.0,0.29,"Rain, Partially cloudy"
2020-01-05,24.5,19.0,21.3,24.5,19.0,21.3,19.2,88.1,2.969,8.33,rain,34.9,16.6,128.5,1017.4,69.9,6.0,112.1,9.7,0.32,"Rain, Partially cloudy"
2020-01-06,26.5,20.0,22.6,26.5,20.0,22.6,19.0,81.2,0.7,16.67,rain,40.3,23.2,125.5,1016.0,58.1,7.5,124.4,10.6,0.35,"Rain, Partially cloudy"
2020-01-07,25.9,20.0,22.2,25.9,20.0,22.2,19.9,87.4,2.869,8.33,rain,18.4,13.0,96.7,1016.2,70.3,5.6,71.8,6.2,0.38,"Rain, Partially cloudy"
2020-01-08,28.0,21.0,23.4,29.2,21.0,23.6,18.9,77.0,1.2,29.17,rain,32.4,25.0,127.2,1016.4,44.0,8.0,114.0,9.7,0.42,"Rain, Partially cloudy"
2020-01-09,28.0,21.0,23.6,28.9,21.0,23.8,19.0,76.3,0.001,4.17,rain,32.4,16.6,119.2,1014.7,68.1,8.3,137.5,11.8,0.45,"Rain, Partially cloudy"
2020-01-10,28.0,21.0,24.0,28.6,21.0,24.2,18.8,74.5,0.0,0.0,noprecip,33.8,19.4,136.6,1013.1,52.5,8.5,122.4,10.7,0.48,Partially cloudy
2020-01-11,26.7,16.5,21.4,26.7,16.5,21.4,17.6,79.7,1.6,37.5,rain,50.4,26.8,78.6,1014.1,73.0,7.8,118.2,10.2,0.5,"Rain, Partially cloudy"
2020-01-12,18.3,14.0,16.4,18.3,14.0,16.4,10.6,68.8,0.933,4.17,rain,21.2,19.4,23.0,1017.7,88.9,10.0,48.7,4.1,0.55,"Rain, Partially cloudy"
2020-01-13,18.1,15.0,16.6,18.1,15.0,16.6,14.3,86.7,0.297,4.17,rain,17.6,10.3,32.8,1015.7,81.5,5.0,52.5,4.5,0.59,"Rain, Partially cloudy"
2020-01-14,22.5,17.0,19.3,22.5,17.0,19.3,17.2,87.9,0.297,4.17,rain,25.9,11.1,330.0,1014.7,75.0,3.3,66.9,6.0,0.62,"Rain, Partially cloudy"
2020-01-15,26.0,20.0,22.7,26.0,20.0,22.7,19.0,80.2,0.4,16.67,rain,49.0,25.9,133.1,1012.9,62.3,8.4,98.3,8.6,0.66,"Rain, Partially cloudy"
2020-01-16,26.4,18.1,22.8,26.4,18.1,22.8,18.9,78.8,3.4,33.33,rain,38.9,22.3,103.4,1014.9,70.5,9.1,103.7,8.9,0.69,"Rain, Partially cloudy"
2020-01-17,18.8,14.0,16.2,18.8,14.0,16.2,12.3,77.7,0.002,4.17,rain,19.8,22.3,39.0,1019.1,86.6,8.9,34.0,3.0,0.75,"Rain, Partially cloudy"
2020-01-18,23.5,14.0,15.1,23.5,14.0,15.1,13.5,91.0,0.397,4.17,rain,16.2,13.0,42.8,1017.9,78.1,4.6,39.9,3.4,0.76,"Rain, Partially cloudy"
2020-01-19,16.0,13.5,14.9,16.0,13.5,14.9,11.3,79.7,0.303,8.33,rain,22.0,17.5,22.0,1020.4,81.6,9.2,38.0,3.1,0.8,"Rain, Partially cloudy"
2020-01-20,15.1,13.0,14.4,15.1,13.0,14.4,12.6,89.5,0.3,12.5,rain,13.7,10.3,34.3,1020.3,75.1,5.7,45.5,3.9,0.83,"Rain, Partially cloudy"
2020-01-21,21.9,15.0,17.9,21.9,15.0,17.9,16.0,88.5,0.099,4.17,rain,27.0,13.9,96.5,1018.9,76.5,3.1,76.2,6.4,0.87,"Rain, Partially cloudy"
2020-01-22,24.1,17.7,20.7,24.1,17.7,20.7,18.3,86.5,0.099,4.17,rain,32.0,13.9,190.6,1016.1,82.0,4.7,93.4,8.0,0.9,"Rain, Partially cloudy"
2020-01-23,27.0,21.0,23.4,28.2,21.0,23.5,20.0,81.7,0.5,20.83,rain,34.2,22.3,126.5,1014.0,75.5,7.9,92.8,7.9,0.94,"Rain, Partially cloudy"
2020-01-24,23.0,21.0,21.9,23.0,21.0,21.9,20.6,92.3,6.929,8.33,rain,38.5,20.4,105.4,1013.8,75.1,6.0,48.3,4.2,0.98,"Rain, Partially cloudy"
2020-01-25,21.6,13.5,17.7,21.6,13.5,17.7,15.3,85.9,58.643,16.67,rain,41.0,26.8,37.6,1014.1,72.2,8.6,36.4,3.1,0.0,"Rain, Partially cloudy"
2020-01-26,19.0,13.0,15.8,19.0,13.0,15.8,8.7,63.2,8.053,4.17,rain,30.2,23.2,18.3,1018.1,69.3,10.0,162.9,14.2,0.04,"Rain, Partially cloudy"
2020-01-27,16.5,13.0,14.8,16.5,13.0,14.8,7.1,60.2,0.0,0.0,noprecip,26.6,16.5,32.4,1016.9,68.5,10.0,138.8,12.1,0.07,Partially cloudy
2020-01-28,16.0,14.0,14.8,16.0,14.0,14.8,7.4,61.4,0.01,4.17,rain,24.5,17.0,23.7,1018.8,94.2,10.0,120.3,10.4,0.11,"Rain, Overcast"
2020-01-29,16.1,14.0,14.7,16.1,14.0,14.7,7.5,62.3,0.3,8.33,rain,25.2,14.8,358.9,1022.3,83.1,9.7,99.2,8.6,0.14,"Rain, Partially cloudy"
2020-01-30,20.4,10.5,15.4,20.4,10.5,15.4,7.3,63.2,0.0,0.0,noprecip,22.7,12.1,17.1,1021.9,16.5,9.1,193.8,16.7,0.17,Clear
2020-01-31,20.8,11.5,16.5,20.8,11.5,16.5,9.8,66.2,0.0,0.0,noprecip,23.8,13.0,115.5,1020.2,35.2,8.7,145.2,12.5,0.2,Partially cloudy
2020-02-01,16.9,14.9,16.0,16.9,14.9,16.0,13.1,82.7,0.099,4.17,rain,14.4,9.4,17.5,1018.9,82.5,6.3,43.5,3.6,0.24,"Rain, Partially cloudy"
2020-02-02,20.0,16.0,17.7,20.0,16.0,17.7,15.6,87.9,0.1,4.17,rain,20.9,7.6,22.1,1018.4,84.1,3.3,79.0,6.8,0.25,"Rain, Partially cloudy"
2020-02-03,20.3,15.0,17.6,20.3,15.0,17.6,16.4,92.9,0.793,8.33,rain,40.3,24.1,24.1,1017.2,78.9,4.9,47.2,4.1,0.3,"Rain, Partially cloudy"
2020-02-04,14.5,13.5,14.1,14.5,13.5,14.1,12.6,90.9,4.252,12.5,rain,21.6,17.5,18.8,1019.2,70.5,8.7,26.8,2.2,0.33,"Rain, Partially cloudy"
2020-02-05,15.0,14.0,14.3,15.0,14.0,14.3,13.2,93.1,1.592,8.33,rain,15.5,11.2,37.9,1018.2,77.7,7.4,32.8,2.9,0.37,"Rain, Partially cloudy"
2020-02-06,19.5,15.0,16.9,19.5,15.0,16.9,15.4,90.9,0.099,4.17,rain,19.4,10.0,314.4,1016.2,80.3,4.8,81.8,7.1,0.4,"Rain, Partially cloudy"
2020-02-07,20.0,17.0,18.7,20.0,17.0,18.7,17.4,92.4,0.696,8.33,rain,26.6,14.5,327.2,1018.5,83.2,4.6,20.2,1.8,0.43,"Rain, Partially cloudy"
2020-02-08,19.2,16.5,17.6,19.2,16.5,17.6,15.6,88.3,2.969,12.5,rain,25.9,20.4,44.8,1021.8,82.9,7.8,30.3,2.6,0.46,"Rain, Partially cloudy"
2020-02-09,16.0,14.0,15.1,16.0,14.0,15.1,12.0,82.0,1.152,8.33,rain,25.9,18.4,28.8,1025.5,80.3,9.1,46.9,3.9,0.5,"Rain, Partially cloudy"
2020-02-10,18.6,14.0,16.3,18.6,14.0,16.3,12.4,78.0,0.099,4.17,rain,16.9,12.1,65.8,1021.7,77.6,8.3,109.0,9.3,0.53,"Rain, Partially cloudy"
2020-02-11,23.7,16.0,18.9,23.7,16.0,18.9,16.3,85.5,0.1,4.17,rain,23.8,14.8,102.1,1018.0,80.7,4.7,92.0,8.0,0.57,"Rain, Partially cloudy"
2020-02-12,23.4,18.0,20.4,23.4,18.0,20.4,18.4,88.9,0.397,12.5,rain,19.1,12.9,125.2,1015.1,78.3,4.0,68.6,5.9,0.6,"Rain, Partially cloudy"
2020-02-13,22.5,20.0,21.2,22.5,20.0,21.2,20.3,94.6,3.07,8.33,rain,29.5,14.8,107.6,1011.1,92.7,2.9,78.8,6.9,0.64,"Rain, Overcast"
2020-02-14,26.8,22.0,23.5,29.0,22.0,23.6,21.7,90.1,0.7,8.33,rain,24.5,22.3,103.2,1007.6,88.1,5.4,162.4,14.1,0.67,"Rain, Partially cloudy"
2020-02-15,28.5,23.0,24.9,31.1,23.0,25.4,22.0,84.9,0.002,4.17,rain,53.6,19.4,99.6,1009.4,68.6,7.2,133.1,11.5,0.71,"Rain, Partially cloudy"
2020-02-16,22.0,17.0,18.9,22.0,17.0,18.9,8.0,49.8,0.23,8.33,rain,40.3,28.6,26.0,1020.9,63.5,10.0,162.0,14.1,0.75,"Rain, Partially cloudy"
2020-02-17,20.5,16.0,17.6,20.5,16.0,17.6,5.8,46.3,0.0,0.0,noprecip,28.8,18.6,38.8,1026.1,75.4,10.0,149.1,13.0,0.78,Partially cloudy
2020-02-18,21.1,15.0,17.8,21.1,15.0,17.8,5.5,46.1,0.0,0.0,noprecip,19.1,16.6,84.9,1024.8,59.6,10.1,177.7,15.4,0.81,Partially cloudy
2020-02-19,21.9,15.0,18.2,21.9,15.0,18.2,11.1,64.3,0.0,0.0,noprecip,16.9,10.3,62.2,1022.3,72.5,9.2,156.0,13.5,0.85,Partially cloudy
2020-02-20,19.8,17.7,18.5,19.8,17.7,18.5,16.0,85.3,0.099,4.17,rain,16.2,12.1,304.1,1022.1,76.0,3.8,70.6,6.0,0.88,"Rain, Partially cloudy"
2020-02-21,22.5,17.0,19.2,22.5,17.0,19.2,16.8,86.7,0.099,4.17,rain,30.2,13.9,288.3,1025.0,57.4,2.8,86.4,7.4,0.91,"Rain, Partially cloudy"
2020-02-22,24.1,17.0,19.7,24.1,17.0,19.7,17.1,86.0,0.1,4.17,rain,22.0,11.1,290.5,1025.5,56.4,3.6,176.5,15.4,0.95,"Rain, Partially cloudy"
2020-02-23,25.5,15.5,20.4,25.5,15.5,20.4,16.1,78.5,0.0,0.0,noprecip,28.1,13.0,125.9,1022.6,36.2,6.1,198.4,17.1,0.0,Partially cloudy
2020-02-24,26.1,17.5,21.8,26.1,17.5,21.8,17.1,77.0,0.0,0.0,noprecip,31.7,18.6,121.8,1018.3,36.4,7.6,162.8,14.0,0.02,Partially cloudy
2020-02-25,26.0,18.5,22.0,26.0,18.5,22.0,18.2,80.7,0.0,0.0,noprecip,29.2,14.8,119.7,1016.5,55.9,7.4,133.3,11.5,0.05,Partially cloudy
2020-02-26,27.0,18.5,22.4,28.0,18.5,22.5,18.2,78.6,0.1,4.17,rain,22.0,14.8,108.5,1016.9,49.1,7.0,126.4,10.9,0.08,"Rain, Partially cloudy"
2020-02-27,28.0,20.0,23.9,29.0,20.0,24.1,18.2,71.5,0.6,12.5,rain,25.9,16.6,124.8,1016.8,55.9,9.5,137.2,11.8,0.12,"Rain, Partially cloudy"
2020-02-28,27.0,21.0,23.8,28.2,21.0,23.9,18.8,74.2,0.099,4.17,rain,32.0,17.5,131.6,1015.2,53.7,9.5,136.0,11.8,0.15,"Rain, Partially cloudy"
2020-02-29,27.1,21.0,23.7,28.2,21.0,23.9,19.4,77.9,1.0,25.0,rain,26.6,16.6,127.2,1012.9,57.7,8.7,108.2,9.3,0.18,"Rain, Partially cloudy"
2020-03-01,27.2,22.0,24.0,29.1,22.0,24.2,20.6,81.9,0.3,12.5,rain,28.1,20.4,116.6,1012.6,73.6,8.0,120.8,10.5,0.22,"Rain, Partially cloudy"
2020-03-02,25.5,21.8,23.5,25.5,21.8,23.5,20.5,83.6,0.198,4.17,rain,37.4,20.6,125.8,1013.2,81.1,9.3,105.8,9.1,0.25,"Rain, Partially cloudy"
2020-03-03,26.3,20.5,22.6,26.3,20.5,22.6,20.6,89.1,98.181,16.67,rain,34.6,21.3,113.0,1013.5,73.2,8.1,64.8,5.6,0.25,"Rain, Partially cloudy"
2020-03-04,23.0,17.0,19.1,23.0,17.0,19.1,16.9,87.2,19.317,16.67,rain,41.8,31.7,38.2,1016.7,75.3,9.2,48.9,4.2,0.32,"Rain, Partially cloudy"
2020-03-05,18.0,15.0,16.7,18.0,15.0,16.7,13.9,83.9,0.502,8.33,rain,18.4,17.5,36.9,1018.6,80.5,9.8,34.2,3.2,0.35,"Rain, Partially cloudy"
2020-03-06,23.3,16.0,19.6,23.3,16.0,19.6,16.4,82.7,0.101,4.17,rain,23.8,15.7,95.6,1014.5,82.2,6.7,141.6,12.2,0.38,"Rain, Partially cloudy"
2020-03-07,24.0,19.0,21.6,24.0,19.0,21.6,18.8,84.4,0.199,8.33,rain,23.8,12.1,118.1,1010.9,82.3,5.7,175.2,15.2,0.42,"Rain, Partially cloudy"
2020-03-08,29.5,21.0,24.5,32.7,21.0,25.2,21.0,82.3,0.099,4.17,rain,21.6,16.6,105.6,1005.3,50.4,5.5,230.4,20.0,0.45,"Rain, Partially cloudy"
2020-03-09,33.8,22.5,27.1,35.1,22.5,28.2,21.4,73.7,0.0,0.0,noprecip,26.6,12.1,70.6,1004.2,29.0,5.7,256.1,22.1,0.48,Partially cloudy
2020-03-10,26.4,22.5,24.3,26.4,22.5,24.3,16.8,65.0,1.4,16.67,rain,31.0,25.0,37.8,1012.4,80.5,8.5,65.3,5.7,0.5,"Rain, Partially cloudy"
2020-03-11,24.1,21.0,22.4,24.1,21.0,22.4,16.4,69.3,0.0,0.0,noprecip,14.0,16.6,119.2,1014.3,75.1,8.6,70.6,6.1,0.55,Partially cloudy
2020-03-12,25.1,20.0,22.6,25.1,20.0,22.6,19.6,84.0,0.099,4.17,rain,24.8,13.0,110.8,1011.8,86.6,5.4,158.8,13.7,0.58,"Rain, Partially cloudy"
2020-03-13,28.0,22.7,24.8,30.9,22.7,25.4,22.1,85.6,0.201,8.33,rain,25.2,16.6,90.1,1012.6,80.0,5.1,143.7,12.4,0.62,"Rain, Partially cloudy"
2020-03-14,25.0,21.0,22.5,25.0,21.0,22.5,17.8,75.1,0.51,8.33,rain,27.0,18.4,40.2,1016.8,92.8,9.1,48.0,4.1,0.65,"Rain, Overcast"
2020-03-15,21.5,19.0,20.1,21.5,19.0,20.1,16.4,79.3,0.8,25.0,rain,15.5,10.3,54.5,1017.4,90.0,7.4,53.7,4.7,0.69,"Rain, Partially cloudy"
2020-03-16,21.8,19.0,20.3,21.8,19.0,20.3,19.0,92.4,0.199,12.5,rain,23.0,9.4,71.2,1015.4,86.0,2.6,100.2,8.5,0.75,"Rain, Partially cloudy"
2020-03-17,23.5,20.0,21.7,23.5,20.0,21.7,20.7,93.8,3.063,12.5,rain,31.0,19.4,61.3,1014.9,90.9,3.2,99.9,8.6,0.75,"Rain, Overcast"
2020-03-18,19.9,18.0,18.8,19.9,18.0,18.8,17.5,92.7,11.892,8.33,rain,26.6,20.4,41.5,1013.4,78.0,7.0,38.5,3.2,0.79,"Rain, Partially cloudy"
2020-03-19,21.5,18.0,19.5,21.5,18.0,19.5,17.0,85.7,1.745,8.33,rain,23.0,15.7,358.5,1014.0,84.6,8.2,46.0,4.0,0.82,"Rain, Partially cloudy"
2020-03-20,25.0,19.0,21.9,25.0,19.0,21.9,17.9,79.1,0.2,8.33,rain,20.5,18.4,94.5,1013.2,80.5,8.7,103.8,8.9,0.86,"Rain, Partially cloudy"
2020-03-21,27.2,21.0,23.9,29.4,21.0,24.2,21.0,84.1,0.004,8.33,rain,27.4,17.5,129.0,1011.8,74.0,6.2,134.8,11.5,0.89,"Rain, Partially cloudy"
2020-03-22,28.5,23.6,25.3,31.9,23.6,26.0,22.7,85.5,2.977,12.5,rain,24.8,19.4,129.3,1011.7,80.3,6.8,140.4,12.1,0.93,"Rain, Partially cloudy"
2020-03-23,27.5,23.0,24.7,30.0,23.0,25.0,22.2,86.6,2.078,8.33,rain,29.5,14.7,122.5,1012.3,63.8,6.5,123.0,10.6,0.96,"Rain, Partially cloudy"
2020-03-24,29.0,22.5,25.6,31.0,22.5,26.2,21.2,78.4,0.396,4.17,rain,34.9,22.3,130.8,1011.6,50.6,8.2,186.7,16.1,0.0,"Rain, Partially cloudy"
2020-03-25,28.2,24.0,25.7,30.9,24.0,26.4,22.0,81.0,7.0,54.17,rain,40.7,25.9,145.9,1009.7,62.0,9.2,158.8,13.8,0.03,"Rain, Partially cloudy"
2020-03-26,29.2,24.0,26.4,33.4,24.0,27.6,22.7,80.2,0.989,4.17,rain,31.7,23.2,138.8,1008.9,75.6,10.0,194.8,16.9,0.06,"Rain, Partially cloudy"
2020-03-27,29.4,25.0,26.8,33.3,25.0,28.2,23.1,80.9,0.2,8.33,rain,24.1,18.4,123.2,1008.6,74.5,9.5,206.7,17.8,0.1,"Rain, Partially cloudy"
2020-03-28,28.5,24.0,25.9,31.1,24.0,26.5,22.5,81.8,4.6,45.83,rain,38.5,22.3,123.8,1009.8,79.3,8.4,46.7,3.9,0.13,"Rain, Partially cloudy"
2020-03-29,28.0,22.0,24.7,31.8,22.0,25.2,22.4,86.8,0.002,4.17,rain,31.0,25.9,127.1,1008.0,87.1,7.8,95.4,8.2,0.16,"Rain, Partially cloudy"
2020-03-30,25.4,17.0,20.8,25.4,17.0,20.8,18.5,86.9,0.001,4.17,rain,32.8,26.8,63.3,1009.1,88.0,8.2,63.1,5.4,0.2,"Rain, Partially cloudy"
2020-03-31,19.5,17.5,18.5,19.5,17.5,18.5,15.7,84.0,0.793,4.17,rain,25.2,19.4,30.1,1012.2,87.9,8.6,63.2,5.4,0.23,"Rain, Partially cloudy"
2020-04-01,21.7,17.0,19.3,21.7,17.0,19.3,15.9,80.7,0.001,4.17,rain,18.0,13.0,32.4,1012.9,84.0,9.2,82.1,7.0,0.25,"Rain, Partially cloudy"
2020-04-02,21.1,18.0,19.8,21.1,18.0,19.8,18.5,92.2,0.796,12.5,rain,14.8,8.5,42.6,1012.9,84.8,5.3,56.2,4.9,0.3,"Rain, Partially cloudy"
2020-04-03,22.7,20.0,21.1,22.7,20.0,21.1,20.1,93.9,1.401,8.33,rain,24.1,19.4,43.6,1013.2,85.4,4.2,74.7,6.4,0.33,"Rain, Partially cloudy"
2020-04-04,21.0,17.9,19.2,21.0,17.9,19.2,16.8,86.0,2.406,12.5,rain,27.4,20.5,29.7,1016.3,80.3,9.0,47.4,4.0,0.37,"Rain, Partially cloudy"
2020-04-05,19.4,16.0,18.2,19.4,16.0,18.2,13.5,74.4,0.409,8.33,rain,23.4,16.6,9.0,1018.5,88.3,10.0,54.9,4.6,0.4,"Rain, Partially cloudy"
2020-04-06,19.9,16.0,17.4,19.9,16.0,17.4,14.9,85.2,1.397,8.33,rain,22.7,10.3,3.2,1016.7,81.9,9.0,96.6,8.4,0.44,"Rain, Partially cloudy"
2020-04-07,23.0,17.0,19.5,23.0,17.0,19.5,15.6,78.8,0.606,8.33,rain,21.6,11.2,7.6,1015.6,65.9,8.6,127.4,11.1,0.47,"Rain, Partially cloudy"
2020-04-08,23.0,18.0,20.3,23.0,18.0,20.3,17.6,84.8,4.063,4.17,rain,15.5,9.4,274.3,1016.0,60.7,5.5,127.7,10.9,0.5,"Rain, Partially cloudy"
2020-04-09,26.0,20.0,22.6,26.0,20.0,22.6,18.6,78.7,0.0,0.0,noprecip,23.0,13.0,207.5,1016.4,51.6,5.8,146.3,12.5,0.54,Partially cloudy
2020-04-10,28.3,21.0,23.9,30.9,21.0,24.1,20.0,79.2,0.1,4.17,rain,28.1,15.9,96.3,1014.7,73.9,6.7,160.6,13.9,0.57,"Rain, Partially cloudy"
2020-04-11,29.0,22.0,25.3,32.0,22.0,26.2,21.9,81.8,1.9,12.5,rain,27.4,13.9,103.8,1013.3,65.0,5.8,161.1,14.0,0.6,"Rain, Partially cloudy"
2020-04-12,24.1,18.0,20.3,24.1,18.0,20.3,16.6,80.1,25.821,12.5,rain,43.9,25.9,19.6,1018.4,60.0,9.0,146.0,12.7,0.64,"Rain, Partially cloudy"
2020-04-13,18.1,15.0,16.6,18.1,15.0,16.6,13.4,82.2,7.028,12.5,rain,30.6,15.7,313.6,1020.9,70.3,9.7,181.8,15.8,0.67,"Rain, Partially cloudy"
2020-04-14,25.0,14.0,19.2,25.0,14.0,19.2,13.1,70.3,0.0,0.0,noprecip,18.7,13.8,204.6,1017.1,33.5,9.2,251.2,21.5,0.7,Partially cloudy
2020-04-15,26.0,17.0,21.6,26.0,17.0,21.6,16.7,74.3,0.0,0.0,noprecip,33.8,19.4,108.0,1014.1,71.6,7.0,234.1,20.2,0.75,Partially cloudy
2020-04-16,25.6,21.0,23.1,25.6,21.0,23.1,20.5,85.3,0.4,12.5,rain,33.8,13.0,107.6,1011.2,81.1,5.0,120.8,10.4,0.77,"Rain, Partially cloudy"
2020-04-17,26.0,23.0,24.3,26.0,23.0,24.3,22.5,89.7,0.201,12.5,rain,30.6,17.5,130.6,1011.3,81.4,6.9,109.4,9.4,0.8,"Rain, Partially cloudy"
2020-04-18,32.0,23.0,26.4,36.3,23.0,28.0,22.6,80.5,0.495,4.17,rain,31.3,21.4,125.0,1010.2,65.7,8.6,175.8,15.2,0.84,"Rain, Partially cloudy"
2020-04-19,28.9,24.5,26.1,34.0,24.5,27.2,23.6,86.1,0.0,0.0,noprecip,25.9,18.5,104.5,1009.3,76.0,7.3,175.2,15.1,0.87,Partially cloudy
2020-04-20,30.1,24.0,27.0,35.4,24.0,29.3,23.6,82.2,0.099,4.17,rain,27.7,18.4,124.9,1009.8,69.9,8.4,160.3,13.8,0.9,"Rain, Partially cloudy"
2020-04-21,29.8,25.3,27.0,35.4,25.3,29.1,24.1,84.5,0.099,4.17,rain,33.5,20.5,111.5,1008.9,76.7,7.2,213.1,18.3,0.94,"Rain, Partially cloudy"
2020-04-22,26.5,21.5,24.7,26.5,21.5,24.7,22.4,87.4,1.088,8.33,rain,31.0,18.5,85.1,1011.1,73.7,7.9,91.8,7.9,0.97,"Rain, Partially cloudy"
2020-04-23,22.3,19.0,20.8,22.3,19.0,20.8,17.6,82.3,4.065,8.33,rain,27.7,24.1,40.2,1015.8,79.5,9.8,42.3,3.7,0.0,"Rain, Partially cloudy"
2020-04-24,19.0,16.5,17.6,19.0,16.5,17.6,15.0,84.7,21.905,12.5,rain,26.6,18.4,356.9,1020.6,70.1,9.1,56.0,4.9,0.04,"Rain, Partially cloudy"
2020-04-25,21.3,17.0,18.8,21.3,17.0,18.8,15.0,79.4,1.586,12.5,rain,21.6,9.3,320.2,1019.7,65.7,9.2,91.9,7.9,0.07,"Rain, Partially cloudy"
2020-04-26,23.0,18.0,20.0,23.0,18.0,20.0,16.5,81.0,0.495,8.33,rain,27.4,13.9,303.5,1019.9,60.6,9.0,97.7,8.5,0.11,"Rain, Partially cloudy"
2020-04-27,29.4,16.5,23.0,29.3,16.5,23.0,16.2,68.7,0.099,4.17,rain,25.9,13.9,291.4,1018.2,36.7,8.6,287.6,24.7,0.14,"Rain, Partially cloudy"
2020-04-28,31.0,19.0,25.2,30.4,19.0,25.2,17.0,62.9,0.0,0.0,noprecip,16.2,13.9,121.1,1016.2,31.6,9.1,293.6,25.3,0.18,Partially cloudy
2020-04-29,30.0,21.0,25.5,31.0,21.0,25.9,19.1,69.2,1.2,8.33,rain,20.2,14.2,115.6,1015.1,27.0,8.3,260.1,22.2,0.21,"Rain, Partially cloudy"
2020-04-30,29.8,22.5,25.5,32.1,22.5,26.3,20.9,76.7,0.099,4.17,rain,25.6,13.9,117.8,1013.7,49.1,8.6,206.8,17.9,0.25,"Rain, Partially cloudy"
2020-05-01,27.0,23.0,24.3,29.3,23.0,24.4,22.1,87.6,11.093,8.33,rain,34.2,13.0,98.6,1010.9,68.3,7.3,164.6,14.1,0.25,"Rain, Partially cloudy"
2020-05-02,32.1,23.0,27.1,36.8,23.0,28.8,22.4,76.8,0.0,0.0,noprecip,25.6,16.6,130.7,1008.5,54.0,7.6,182.3,15.7,0.32,Partially cloudy
2020-05-03,31.0,25.5,28.0,37.1,25.5,31.1,24.1,79.8,0.0,0.0,noprecip,25.6,16.6,129.3,1007.9,70.8,9.0,226.3,19.5,0.35,Partially cloudy
2020-05-04,34.7,26.0,29.4,43.6,26.0,34.2,24.9,77.4,0.0,0.0,noprecip,29.9,25.9,119.7,1007.3,59.0,9.0,252.9,21.8,0.39,Partially cloudy
2020-05-05,33.1,27.0,29.2,43.1,30.1,34.8,25.3,80.1,0.0,0.0,noprecip,32.8,21.4,113.0,1006.3,68.8,8.6,278.2,24.0,0.42,Partially cloudy
2020-05-06,32.4,26.0,28.6,41.8,26.0,33.0,24.9,80.9,0.0,0.0,noprecip,30.2,21.4,105.2,1005.1,58.6,9.8,285.7,24.7,0.46,Partially cloudy
2020-05-07,32.7,26.0,28.9,43.8,26.0,34.5,25.6,82.9,0.0,0.0,noprecip,33.1,18.4,96.0,1004.4,79.5,9.1,286.4,24.6,0.5,Partially cloudy
2020-05-08,33.7,24.0,28.9,44.9,24.0,34.3,25.2,81.3,0.0,0.0,noprecip,28.8,30.5,101.0,1004.3,63.7,9.6,276.1,23.9,0.52,Partially cloudy
2020-05-09,34.5,24.0,28.4,44.7,24.0,33.0,24.5,80.2,8.015,8.33,rain,23.8,17.5,97.7,1006.4,52.9,8.5,297.6,25.7,0.56,"Rain, Partially cloudy"
2020-05-10,35.4,27.0,30.6,43.3,29.4,36.4,24.7,72.4,0.099,4.17,rain,23.4,19.4,100.3,1006.8,44.2,8.6,293.8,25.4,0.59,"Rain, Partially cloudy"
2020-05-11,32.5,27.0,29.4,41.6,30.6,35.5,25.4,79.5,1.0,4.17,rain,31.0,20.5,114.4,1008.1,70.4,9.5,232.0,20.1,0.62,"Rain, Partially cloudy"
2020-05-12,30.4,23.2,27.5,34.9,23.2,30.5,23.4,78.9,36.158,8.33,rain,25.9,13.9,84.4,1010.5,66.0,9.7,80.9,6.9,0.66,"Rain, Partially cloudy"
2020-05-13,33.0,23.0,27.3,39.9,23.0,29.6,23.7,81.1,8.212,4.17,rain,35.6,23.1,147.2,1009.4,70.0,8.9,236.2,20.3,0.69,"Rain, Partially cloudy"
2020-05-14,32.7,24.0,28.0,36.5,24.0,30.2,22.4,73.2,3.063,4.17,rain,37.1,18.6,122.2,1007.2,61.5,9.7,257.4,22.4,0.75,"Rain, Partially cloudy"
2020-05-15,33.3,24.0,29.1,41.8,24.0,34.3,24.8,78.4,0.0,0.0,noprecip,50.0,23.2,123.0,1004.1,68.4,9.5,265.5,23.0,0.75,Partially cloudy
2020-05-16,33.0,23.0,28.6,41.7,23.0,33.2,24.5,79.2,2.968,4.17,rain,28.8,21.4,115.1,1004.2,62.7,9.4,244.3,21.1,0.79,"Rain, Partially cloudy"
2020-05-17,31.1,27.0,28.8,39.1,29.0,33.2,24.0,76.1,50.4,50.0,rain,29.5,35.3,106.1,1003.8,63.9,9.9,150.5,13.1,0.82,"Rain, Partially cloudy"
2020-05-18,33.5,23.0,28.7,40.9,23.0,32.4,23.6,74.9,2.375,8.33,rain,27.0,17.7,79.3,1003.2,54.6,10.9,164.6,14.2,0.85,"Rain, Partially cloudy"
2020-05-19,33.0,25.5,29.1,42.2,25.5,34.3,25.2,80.3,0.992,4.17,rain,26.3,18.4,105.9,1003.2,67.0,8.5,193.2,16.6,0.88,"Rain, Partially cloudy"
2020-05-20,37.4,28.0,32.2,46.6,33.6,39.9,25.7,70.6,0.0,0.0,noprecip,24.5,14.8,127.9,1001.2,52.9,10.9,271.3,23.3,0.92,Partially cloudy
2020-05-21,39.9,28.0,34.0,46.9,33.6,41.6,25.0,62.1,0.0,0.0,noprecip,27.0,12.1,165.6,999.8,60.7,11.7,305.5,26.2,0.95,Partially cloudy
2020-05-22,34.1,26.5,31.7,44.4,26.5,39.2,25.4,69.8,1.2,8.33,rain,38.9,15.7,82.2,1002.8,72.1,9.7,200.5,17.4,0.98,"Rain, Partially cloudy"
2020-05-23,31.9,26.0,28.6,39.3,26.0,33.2,24.9,80.7,3.958,4.17,rain,16.9,13.9,81.2,1005.9,67.2,8.8,119.0,10.2,0.0,"Rain, Partially cloudy"
2020-05-24,33.4,25.0,29.3,42.9,25.0,34.6,24.8,77.5,0.297,4.17,rain,25.6,19.4,96.0,1006.1,51.0,9.2,165.8,14.2,0.05,"Rain, Partially cloudy"
2020-05-25,36.9,26.0,31.0,45.0,26.0,37.7,25.3,73.6,8.7,12.5,rain,46.4,22.2,98.5,1005.5,50.0,9.2,258.2,22.4,0.09,"Rain, Partially cloudy"
2020-05-26,31.5,24.5,28.3,35.8,24.5,31.0,22.5,71.3,3.067,8.33,rain,32.8,16.6,38.2,1007.8,65.8,10.0,186.8,16.0,0.12,"Rain, Partially cloudy"
2020-05-27,29.8,23.0,26.3,32.7,23.0,27.7,22.3,79.5,6.01,8.33,rain,22.3,17.7,314.6,1010.3,57.5,9.6,176.1,15.2,0.16,"Rain, Partially cloudy"
2020-05-28,31.4,25.0,28.2,35.7,25.0,30.8,22.8,73.4,0.1,4.17,rain,22.7,12.1,170.1,1009.4,57.6,8.9,175.4,15.1,0.19,"Rain, Partially cloudy"
2020-05-29,34.1,26.0,29.7,40.8,26.0,34.1,24.2,73.5,0.297,8.33,rain,32.4,18.4,139.3,1006.9,48.5,8.7,194.2,16.7,0.23,"Rain, Partially cloudy"
2020-05-30,36.0,27.0,30.7,41.9,30.6,36.0,24.3,70.7,0.1,4.17,rain,30.2,15.6,111.7,1007.0,48.0,10.1,250.7,21.7,0.25,"Rain, Partially cloudy"
2020-05-31,35.4,27.0,31.2,43.1,30.6,37.6,25.0,71.1,0.396,4.17,rain,23.8,18.4,113.7,1006.9,58.3,9.4,274.4,23.7,0.3,"Rain, Partially cloudy"
2020-06-01,36.5,26.0,30.4,43.8,26.0,35.2,24.2,71.4,1.187,4.17,rain,28.1,21.3,122.4,1005.6,41.0,10.0,281.0,24.1,0.34,"Rain, Partially cloudy"
2020-06-02,37.4,26.0,30.5,43.0,26.0,34.9,23.8,69.5,1.979,4.17,rain,37.1,16.5,126.7,1004.1,48.8,10.2,290.5,25.2,0.37,"Rain, Partially cloudy"
2020-06-03,36.4,27.0,31.3,43.3,30.9,37.5,24.7,69.5,0.6,8.33,rain,24.8,22.3,90.2,1003.4,35.2,9.5,289.6,25.1,0.41,"Rain, Partially cloudy"
2020-06-04,37.0,28.0,31.8,46.8,32.7,38.7,25.1,69.1,0.2,8.33,rain,31.7,22.3,114.0,1002.9,60.9,9.7,252.8,21.8,0.44,"Rain, Partially cloudy"
2020-06-05,35.9,28.0,31.5,44.3,32.7,38.2,25.0,69.6,0.0,0.0,noprecip,25.2,15.7,86.4,1002.9,49.4,10.5,253.2,21.7,0.48,Partially cloudy
2020-06-06,35.3,28.0,31.5,44.4,32.7,38.7,25.3,70.9,0.0,0.0,noprecip,22.7,13.9,96.6,1002.4,47.0,11.2,243.1,20.9,0.5,Partially cloudy
2020-06-07,37.8,28.0,32.9,43.9,31.9,38.7,23.8,61.0,0.0,0.0,noprecip,33.8,16.6,171.8,1000.5,48.3,10.2,287.8,25.0,0.55,Partially cloudy
2020-06-08,39.4,29.0,34.0,45.5,33.5,39.3,23.0,54.4,0.0,0.0,noprecip,36.0,18.5,209.6,1000.4,60.0,10.3,295.1,25.6,0.58,Partially cloudy
2020-06-09,38.0,28.0,32.3,44.1,31.9,37.7,23.6,61.8,0.1,4.17,rain,25.9,20.6,110.1,1003.3,77.1,9.8,254.0,22.0,0.61,"Rain, Partially cloudy"
2020-06-10,37.1,24.5,30.5,45.1,24.5,35.9,24.7,73.0,0.495,4.17,rain,24.8,29.5,139.6,1005.1,50.8,9.9,209.0,18.0,0.64,"Rain, Partially cloudy"
2020-06-11,35.1,25.0,29.0,44.2,25.0,33.2,24.6,78.1,4.328,8.33,rain,33.1,29.7,96.8,1004.2,63.7,9.8,222.2,19.2,0.67,"Rain, Partially cloudy"
2020-06-12,36.3,25.0,29.9,43.5,25.0,33.9,24.0,72.6,1.01,8.33,rain,29.9,20.4,129.4,1001.7,60.0,9.9,192.1,16.6,0.71,"Rain, Partially cloudy"
2020-06-13,35.0,27.0,30.8,43.3,29.9,37.1,24.9,72.0,8.7,8.33,rain,28.8,24.1,114.7,1001.3,47.1,10.5,263.2,22.8,0.75,"Rain, Partially cloudy"
2020-06-14,32.5,25.3,28.5,41.4,25.3,33.0,25.0,81.4,0.001,4.17,rain,39.2,20.4,71.9,1004.0,65.7,9.8,106.0,9.2,0.77,"Rain, Partially cloudy"
2020-06-15,30.5,24.0,27.2,37.4,24.0,29.8,24.3,84.3,18.08,12.5,rain,23.0,15.7,90.3,1006.1,65.7,8.7,98.3,8.5,0.8,"Rain, Partially cloudy"
2020-06-16,35.0,27.5,30.3,41.1,31.7,36.2,24.9,73.8,1.1,12.5,rain,31.0,24.1,121.7,1004.2,54.8,10.9,256.7,22.3,0.84,"Rain, Partially cloudy"
2020-06-17,34.0,27.0,30.8,40.2,30.6,36.7,24.6,70.4,1.4,16.67,rain,34.2,21.4,130.3,1002.4,68.6,11.7,257.4,22.2,0.87,"Rain, Partially cloudy"
2020-06-18,35.2,28.0,31.0,43.0,31.9,37.4,24.9,71.1,0.5,20.83,rain,28.1,23.2,104.1,1003.5,46.9,11.3,279.5,24.3,0.9,"Rain, Partially cloudy"
2020-06-19,34.5,28.0,30.7,41.9,32.7,36.7,24.8,72.0,3.1,33.33,rain,26.3,23.2,114.2,1005.3,55.2,10.4,222.9,19.4,0.93,"Rain, Partially cloudy"
2020-06-20,36.0,28.5,31.5,45.2,33.6,38.3,25.0,69.8,0.1,4.17,rain,30.6,25.9,136.3,1004.5,54.1,9.9,275.7,23.7,0.97,"Rain, Partially cloudy"
2020-06-21,36.5,29.0,32.2,45.9,34.5,39.5,25.1,67.3,0.1,4.17,rain,29.2,20.4,137.4,1001.8,57.1,11.6,289.0,24.9,0.0,"Rain, Partially cloudy"
2020-06-22,39.0,28.5,33.2,44.6,32.0,40.1,24.6,63.2,0.0,0.0,noprecip,35.3,22.3,130.2,1001.3,53.4,11.9,302.4,26.2,0.03,Partially cloudy
2020-06-23,38.5,28.0,32.7,46.4,31.3,38.7,23.9,61.5,0.1,4.17,rain,29.9,21.4,124.5,1002.8,77.9,11.3,294.7,25.3,0.07,"Rain, Partially cloudy"
2020-06-24,37.5,29.0,33.1,44.6,33.7,38.8,23.5,58.8,1.979,4.17,rain,29.9,16.6,141.8,1001.7,86.6,10.7,282.1,24.3,0.11,"Rain, Partially cloudy"
2020-06-25,33.7,29.0,30.5,43.8,34.5,38.2,25.9,76.7,0.2,8.33,rain,19.8,15.7,81.3,1001.3,65.3,8.6,177.0,15.2,0.14,"Rain, Partially cloudy"
2020-06-26,38.0,28.0,32.3,43.4,31.9,37.7,23.7,63.0,2.968,4.17,rain,32.4,27.9,143.0,1001.8,79.2,11.5,274.3,23.7,0.18,"Rain, Partially cloudy"
2020-06-27,37.5,28.5,32.6,45.1,32.8,38.7,24.1,62.3,0.0,0.0,noprecip,34.6,25.0,134.8,1002.9,67.9,12.0,295.7,25.7,0.21,Partially cloudy
2020-06-28,37.5,29.0,32.4,45.6,33.6,39.1,24.6,65.2,0.1,4.17,rain,31.0,25.0,138.0,1003.3,54.0,12.3,292.3,25.4,0.25,"Rain, Partially cloudy"
2020-06-29,36.0,28.0,31.8,45.1,32.7,39.5,25.5,70.6,0.099,4.17,rain,29.5,23.2,125.3,1002.8,59.5,11.0,270.6,23.3,0.28,"Rain, Partially cloudy"
2020-06-30,36.1,29.0,31.9,46.2,31.9,39.4,25.3,69.1,0.7,12.5,rain,26.3,24.1,120.4,1001.6,58.9,10.0,249.4,21.4,0.32,"Rain, Partially cloudy"
2020-07-01,33.9,27.0,29.3,43.8,29.9,34.9,24.8,77.1,0.222,4.17,rain,25.9,15.7,90.6,1001.1,62.3,9.6,213.8,18.6,0.36,"Rain, Partially cloudy"
2020-07-02,34.3,26.5,29.9,42.7,26.5,35.8,25.1,76.1,0.084,4.17,rain,21.2,16.5,96.9,1001.4,51.5,9.1,166.6,14.4,0.39,"Rain, Partially cloudy"
2020-07-03,33.9,28.0,30.0,42.6,33.6,36.6,25.5,77.2,0.533,12.5,rain,22.7,20.5,102.6,1004.1,58.2,9.2,132.6,11.4,0.43,"Rain, Partially cloudy"
2020-07-04,31.9,26.0,28.8,39.1,26.0,33.9,25.2,81.2,41.56,12.5,rain,23.0,13.2,97.0,1005.5,58.9,9.5,152.3,13.0,0.46,"Rain, Partially cloudy"
2020-07-05,34.4,28.0,30.7,44.0,32.7,37.4,25.3,74.1,1.3,25.0,rain,24.8,25.9,119.6,1003.6,61.4,9.9,217.6,18.9,0.5,"Rain, Partially cloudy"
2020-07-06,35.0,27.5,31.2,43.7,29.7,37.9,25.1,70.8,1.0,8.33,rain,31.3,21.4,126.6,1003.2,54.6,10.4,246.6,21.4,0.53,"Rain, Partially cloudy"
2020-07-07,36.0,29.0,31.8,46.0,35.1,39.6,25.6,70.6,0.0,0.0,noprecip,35.3,25.9,138.5,1005.3,58.7,10.4,288.6,25.1,0.56,Partially cloudy
2020-07-08,37.0,29.0,32.6,43.9,34.5,39.5,24.8,65.2,0.0,0.0,noprecip,28.1,24.1,146.7,1003.7,75.1,11.3,283.0,24.6,0.6,Partially cloudy
2020-07-09,37.6,28.5,33.5,43.8,33.6,39.4,23.6,58.7,0.0,0.0,noprecip,30.2,22.3,199.8,1000.3,73.8,10.0,275.8,23.7,0.63,Partially cloudy
2020-07-10,37.0,29.0,33.0,42.2,34.5,38.5,23.5,59.1,0.0,0.0,noprecip,29.9,18.5,210.1,1000.2,86.7,11.7,209.7,18.2,0.66,Partially cloudy
2020-07-11,33.0,29.0,31.2,40.3,32.7,35.6,22.8,61.6,0.194,8.33,rain,27.7,17.5,217.0,1001.9,87.4,10.1,128.5,11.0,0.69,"Rain, Partially cloudy"
2020-07-12,33.0,28.5,30.7,39.3,32.5,36.1,23.8,67.6,0.0,0.0,noprecip,24.8,16.5,193.8,1003.0,52.7,9.8,165.7,14.1,0.73,Partially cloudy
2020-07-13,37.0,28.0,31.9,42.6,32.3,37.7,24.2,65.7,0.3,4.17,rain,26.3,21.4,138.1,1004.9,34.2,11.2,289.0,25.1,0.75,"Rain, Partially cloudy"
2020-07-14,35.5,25.0,30.8,42.3,25.0,35.7,24.0,68.3,0.4,16.67,rain,22.3,20.4,188.8,1006.1,37.4,10.7,264.7,22.8,0.79,"Rain, Partially cloudy"
2020-07-15,37.0,28.5,32.2,44.7,34.1,39.1,25.0,67.4,0.1,4.17,rain,30.2,24.1,134.3,1004.0,39.9,10.2,285.7,24.6,0.82,"Rain, Partially cloudy"
2020-07-16,36.0,28.5,31.8,44.0,34.1,38.8,25.1,68.9,0.1,4.17,rain,30.6,22.3,126.5,1003.4,55.0,10.5,271.8,23.3,0.85,"Rain, Partially cloudy"
2020-07-17,37.5,29.0,32.5,43.4,35.1,39.2,24.6,64.9,0.0,0.0,noprecip,30.6,24.1,139.8,1003.9,65.8,11.3,290.9,25.1,0.89,Partially cloudy
2020-07-18,37.5,29.0,33.0,43.6,35.1,39.7,24.4,63.0,0.2,4.17,rain,29.2,20.5,152.8,1004.1,71.6,11.0,293.7,25.3,0.92,"Rain, Partially cloudy"
2020-07-19,36.5,29.5,32.7,42.2,35.4,39.3,24.3,63.2,4.1,16.67,rain,34.9,20.5,150.2,1003.4,67.6,11.0,279.8,24.1,0.95,"Rain, Partially cloudy"
2020-07-20,34.1,26.0,28.9,42.1,26.0,33.6,24.7,78.8,0.198,8.33,rain,24.5,18.6,96.1,1005.3,52.2,9.5,169.2,14.4,0.98,"Rain, Partially cloudy"
2020-07-21,34.6,26.0,29.9,44.3,26.0,35.7,25.0,75.7,0.693,8.33,rain,35.3,27.7,126.9,1007.3,47.4,9.5,236.2,20.3,0.0,"Rain, Partially cloudy"
2020-07-22,35.0,27.5,30.8,40.6,31.7,36.4,24.3,69.5,0.5,12.5,rain,33.8,20.5,137.6,1007.1,36.1,10.6,276.0,23.8,0.05,"Rain, Partially cloudy"
2020-07-23,35.5,27.0,31.0,43.1,30.3,36.4,24.1,68.3,0.3,12.5,rain,28.1,18.4,127.4,1007.0,33.3,9.8,273.8,23.8,0.09,"Rain, Partially cloudy"
2020-07-24,35.5,27.0,31.2,42.0,30.6,36.9,24.4,68.8,0.0,0.0,noprecip,27.0,19.4,127.9,1007.2,37.2,9.7,251.6,21.9,0.12,Partially cloudy
2020-07-25,36.1,27.0,31.5,43.3,30.6,37.9,24.8,69.2,0.0,0.0,noprecip,29.9,21.4,123.0,1006.1,47.6,9.6,266.4,23.1,0.16,Partially cloudy
2020-07-26,35.5,25.9,30.0,44.6,25.9,35.1,24.7,74.2,0.011,4.17,rain,50.0,27.0,126.8,1004.7,72.6,9.8,267.0,23.1,0.2,"Rain, Partially cloudy"
2020-07-27,31.5,26.0,28.5,37.2,26.0,32.4,24.1,77.2,3.0,16.67,rain,26.3,13.0,44.2,1004.2,69.0,8.9,179.3,15.6,0.25,"Rain, Partially cloudy"
2020-07-28,35.0,26.0,29.1,41.0,26.0,33.2,24.2,75.7,0.084,8.33,rain,22.7,17.5,78.3,1005.4,55.9,7.7,116.5,10.0,0.27,"Rain, Partially cloudy"
2020-07-29,34.4,27.0,29.9,41.0,30.1,35.3,24.6,74.3,8.4,37.5,rain,22.0,14.8,107.5,1005.4,51.6,8.0,228.3,19.6,0.3,"Rain, Partially cloudy"
2020-07-30,36.0,27.0,31.6,41.3,30.6,37.4,24.3,67.4,1.2,20.83,rain,23.4,18.5,109.1,1004.9,51.1,9.3,254.7,22.0,0.34,"Rain, Partially cloudy"
2020-07-31,34.5,28.0,30.0,40.1,32.7,36.1,25.1,76.1,19.81,8.33,rain,22.0,16.8,56.4,1003.3,36.5,9.0,238.0,20.3,0.38,"Rain, Partially cloudy"
2020-08-01,33.0,26.5,29.3,38.2,26.5,34.0,24.3,75.2,8.067,12.5,rain,36.7,21.2,3.1,999.3,72.1,9.7,60.9,5.2,0.41,"Rain, Partially cloudy"
2020-08-02,28.9,25.5,26.8,33.9,25.5,28.6,24.3,86.3,66.526,29.17,rain,61.2,28.6,25.8,997.7,61.8,8.5,55.9,4.8,0.45,"Rain, Partially cloudy"
2020-08-03,30.3,25.0,27.1,36.7,25.0,29.7,24.5,85.8,3.96,8.33,rain,21.6,17.6,57.8,999.8,69.7,9.5,78.5,6.7,0.5,"Rain, Partially cloudy"
2020-08-04,30.0,26.0,27.5,36.2,26.0,31.2,25.0,86.5,6.19,12.5,rain,24.1,16.5,101.1,1001.1,72.7,9.5,74.4,6.5,0.52,"Rain, Partially cloudy"
2020-08-05,28.5,26.0,27.2,35.1,26.0,30.1,25.1,88.3,41.863,12.5,rain,19.8,13.0,115.9,1003.3,72.5,7.7,58.1,5.0,0.55,"Rain, Partially cloudy"
2020-08-06,29.0,25.5,27.0,35.7,25.5,29.8,25.2,89.9,3.515,12.5,rain,22.0,14.8,102.3,1005.6,74.8,8.5,68.1,5.9,0.58,"Rain, Partially cloudy"
2020-08-07,29.7,26.0,27.3,37.1,26.0,30.7,24.9,87.0,35.063,12.5,rain,31.0,14.7,90.8,1005.8,63.2,9.6,166.2,14.3,0.61,"Rain, Partially cloudy"
2020-08-08,33.8,26.0,29.8,41.3,26.0,35.0,25.0,76.8,0.5,8.33,rain,30.2,17.5,117.9,1004.3,58.2,9.1,227.7,19.4,0.65,"Rain, Partially cloudy"
2020-08-09,34.8,27.0,30.3,44.5,30.6,37.1,25.7,77.2,0.297,4.17,rain,24.1,18.5,117.1,1002.4,42.9,9.1,222.3,19.3,0.68,"Rain, Partially cloudy"
2020-08-10,36.5,27.0,31.2,49.1,30.0,38.5,25.6,73.3,0.198,4.17,rain,22.7,18.5,134.8,1001.2,48.8,9.8,251.9,21.6,0.71,"Rain, Partially cloudy"
2020-08-11,35.5,25.8,29.6,43.2,25.8,33.5,24.4,75.4,28.452,8.33,rain,28.1,25.0,107.1,1001.8,48.8,10.0,261.7,22.5,0.75,"Rain, Partially cloudy"
2020-08-12,34.5,26.5,30.1,45.0,26.5,36.7,25.7,77.8,19.852,4.17,rain,25.6,19.5,107.8,1004.0,62.5,10.2,249.5,21.5,0.78,"Rain, Partially cloudy"
2020-08-13,30.0,25.0,27.5,37.1,25.0,30.8,24.5,84.0,14.356,8.33,rain,20.5,24.1,108.7,1005.6,69.8,9.8,137.9,11.9,0.81,"Rain, Partially cloudy"
2020-08-14,29.0,25.0,26.6,34.1,25.0,28.2,24.0,86.2,8.486,12.5,rain,26.3,19.4,121.1,1006.1,73.0,9.1,109.3,9.4,0.84,"Rain, Partially cloudy"
2020-08-15,30.5,24.5,27.3,36.8,24.5,29.9,24.3,84.1,0.001,4.17,rain,30.2,20.3,98.4,1005.2,66.6,9.5,208.8,17.9,0.87,"Rain, Partially cloudy"
2020-08-16,30.8,25.0,27.1,36.7,25.0,29.2,24.0,83.7,18.697,12.5,rain,29.9,16.6,93.8,1004.4,61.4,9.3,142.0,12.0,0.91,"Rain, Partially cloudy"
2020-08-17,29.6,25.0,26.4,34.5,25.0,27.5,24.0,87.3,4.948,8.33,rain,37.1,19.4,96.8,1004.5,70.5,8.3,157.5,13.6,0.94,"Rain, Partially cloudy"
2020-08-18,28.5,25.0,26.3,33.2,25.0,27.6,24.1,87.7,52.094,12.5,rain,29.2,18.5,92.1,1005.2,73.4,9.5,97.7,8.5,0.97,"Rain, Partially cloudy"
2020-08-19,31.0,25.6,27.5,36.1,25.6,30.2,24.0,81.7,47.422,16.67,rain,20.2,11.2,61.2,1005.0,61.6,9.5,73.0,6.2,0.0,"Rain, Partially cloudy"
2020-08-20,32.5,26.0,28.4,38.0,26.0,31.8,24.3,79.3,0.1,8.33,rain,18.7,13.9,114.3,1006.4,54.3,9.1,133.3,11.6,0.04,"Rain, Partially cloudy"
2020-08-21,32.5,25.5,28.3,38.0,25.5,31.4,23.8,77.5,50.492,8.33,rain,23.0,12.1,116.5,1008.0,67.0,9.8,87.7,7.6,0.07,"Rain, Partially cloudy"
2020-08-22,32.9,25.7,28.5,39.2,25.7,32.0,24.3,79.2,6.781,12.5,rain,20.9,13.0,306.4,1007.8,56.0,9.1,140.8,12.0,0.11,"Rain, Partially cloudy"
2020-08-23,34.0,26.0,30.0,40.6,26.0,35.0,24.6,74.5,0.099,4.17,rain,27.7,17.5,121.3,1006.1,42.2,8.9,218.3,18.8,0.15,"Rain, Partially cloudy"
2020-08-24,35.8,25.9,30.6,42.1,25.9,36.2,24.7,72.6,0.099,4.17,rain,38.9,22.2,139.4,1003.9,44.7,10.0,255.3,22.0,0.18,"Rain, Partially cloudy"
2020-08-25,35.7,25.7,29.5,43.4,25.7,33.4,23.9,72.9,11.873,4.17,rain,24.8,15.7,298.5,1002.8,67.8,9.9,250.9,21.6,0.22,"Rain, Partially cloudy"
2020-08-26,36.5,27.0,31.3,43.4,29.9,36.8,24.1,67.6,0.1,4.17,rain,27.7,13.9,347.6,1001.4,61.4,10.1,253.1,21.9,0.25,"Rain, Partially cloudy"
2020-08-27,36.0,28.0,31.5,45.3,32.7,38.7,25.4,71.6,0.0,0.0,noprecip,26.6,14.8,125.4,1000.4,25.9,8.9,277.8,24.1,0.29,Partially cloudy
2020-08-28,35.0,28.0,31.0,45.8,33.1,39.0,26.1,76.1,1.66,8.33,rain,25.6,15.7,97.6,1001.7,36.6,9.0,232.5,20.1,0.32,"Rain, Partially cloudy"
2020-08-29,35.0,28.0,31.3,44.1,32.7,39.0,25.8,73.8,3.1,33.33,rain,27.0,17.5,115.1,1003.6,47.9,9.5,224.5,19.3,0.36,"Rain, Partially cloudy"
2020-08-30,35.1,27.5,31.0,43.5,32.0,37.8,25.3,72.7,0.099,4.17,rain,27.7,14.8,108.1,1004.8,44.5,9.3,187.8,16.2,0.39,"Rain, Partially cloudy"
2020-08-31,34.1,28.0,30.5,42.0,31.6,36.8,25.0,73.6,2.4,25.0,rain,25.2,14.8,336.3,1006.7,51.6,9.3,180.7,15.6,0.43,"Rain, Partially cloudy"
2020-09-01,36.0,25.0,30.5,42.5,25.0,34.7,23.3,67.2,0.1,4.17,rain,24.5,13.0,300.3,1006.7,34.0,9.5,273.2,23.6,0.46,"Rain, Partially cloudy"
2020-09-02,36.0,27.5,31.5,44.2,31.0,37.9,24.7,68.5,0.099,4.17,rain,19.8,12.1,50.4,1006.7,13.9,7.1,275.0,23.6,0.5,Rain
2020-09-03,35.5,28.0,30.8,42.8,31.9,37.8,25.3,73.6,0.989,4.17,rain,18.7,11.2,59.0,1007.7,24.6,6.5,230.1,19.9,0.53,"Rain, Partially cloudy"
2020-09-04,35.0,28.0,31.0,41.9,32.7,37.7,25.1,71.6,0.7,20.83,rain,22.0,19.5,101.5,1007.1,34.5,8.1,226.5,19.6,0.57,"Rain, Partially cloudy"
2020-09-05,36.0,28.0,31.5,44.4,32.7,38.1,25.0,69.9,4.1,29.17,rain,23.0,15.7,133.5,1005.1,29.2,9.0,218.5,18.7,0.6,"Rain, Partially cloudy"
2020-09-06,35.8,26.3,31.1,45.4,26.3,38.2,25.4,72.8,4.4,20.83,rain,24.5,25.9,120.2,1003.2,64.7,9.5,194.9,16.8,0.63,"Rain, Partially cloudy"
2020-09-07,28.1,25.0,26.6,31.9,25.0,27.9,23.9,85.4,33.651,8.33,rain,33.8,12.1,354.4,1005.4,73.5,9.6,78.7,6.7,0.66,"Rain, Partially cloudy"
2020-09-08,31.3,25.0,28.0,38.4,25.0,31.4,24.5,82.0,12.9,50.0,rain,17.6,14.8,61.2,1008.3,64.8,9.0,104.6,9.0,0.7,"Rain, Partially cloudy"
2020-09-09,31.0,26.0,28.4,39.1,26.0,32.6,24.8,81.2,0.032,4.17,rain,24.5,19.5,114.7,1008.2,68.2,9.2,139.4,11.9,0.73,"Rain, Partially cloudy"
2020-09-10,33.7,26.5,29.2,41.0,26.5,34.4,25.2,80.4,0.099,4.17,rain,27.4,14.8,119.2,1004.9,60.5,9.4,159.4,13.9,0.75,"Rain, Partially cloudy"
2020-09-11,33.2,26.0,28.9,42.9,26.0,33.9,24.9,79.3,8.5,45.83,rain,25.2,14.3,93.1,1005.7,44.6,9.1,97.1,8.3,0.79,"Rain, Partially cloudy"
2020-09-12,33.5,25.5,29.3,42.8,25.5,35.7,25.9,82.6,0.297,4.17,rain,20.2,14.8,83.5,1008.6,46.5,8.6,121.2,10.6,0.83,"Rain, Partially cloudy"
2020-09-13,32.8,25.0,28.7,40.7,25.0,32.8,24.9,81.2,2.194,8.33,rain,28.1,18.4,107.1,1009.8,65.6,9.5,175.6,15.2,0.86,"Rain, Partially cloudy"
2020-09-14,33.5,26.0,28.5,40.2,26.0,32.5,24.5,80.1,12.567,12.5,rain,26.6,15.9,121.5,1008.4,57.5,9.6,150.9,13.3,0.89,"Rain, Partially cloudy"
2020-09-15,33.5,26.0,29.6,41.8,26.0,35.1,25.3,78.4,0.3,8.33,rain,24.5,18.4,120.8,1007.0,60.2,9.0,173.7,15.0,0.93,"Rain, Partially cloudy"
2020-09-16,34.5,27.0,29.9,45.0,29.4,35.9,25.2,77.0,0.099,4.17,rain,24.1,23.2,124.7,1005.6,48.4,9.7,202.6,17.4,0.96,"Rain, Partially cloudy"
2020-09-17,34.5,27.0,30.3,42.2,29.6,35.7,24.5,72.8,8.1,50.0,rain,24.8,15.7,73.0,1004.8,47.4,9.3,191.8,16.6,0.0,"Rain, Partially cloudy"
2020-09-18,29.0,26.0,27.4,33.9,26.0,28.8,20.8,67.6,0.469,12.5,rain,55.4,23.2,6.0,1006.5,78.9,10.0,137.2,11.9,0.03,"Rain, Partially cloudy"
2020-09-19,25.5,24.0,24.8,25.5,24.0,24.8,21.4,81.7,33.676,16.67,rain,35.3,22.3,0.7,1008.2,76.9,9.3,43.1,3.8,0.06,"Rain, Partially cloudy"
2020-09-20,26.6,24.0,25.3,26.6,24.0,25.3,23.1,88.0,2.48,12.5,rain,20.2,10.3,23.3,1009.4,67.2,8.0,54.0,4.7,0.1,"Rain, Partially cloudy"
2020-09-21,32.5,25.0,28.2,38.6,25.0,31.6,24.3,80.9,4.5,33.33,rain,28.4,17.5,127.9,1008.4,62.1,7.6,123.8,10.6,0.13,"Rain, Partially cloudy"
2020-09-22,32.0,25.0,27.8,40.1,25.0,31.8,25.1,85.8,0.198,8.33,rain,25.6,15.6,126.9,1007.8,59.3,8.9,95.6,8.4,0.16,"Rain, Partially cloudy"
2020-09-23,31.2,25.0,27.3,38.6,25.0,30.2,24.6,85.3,0.594,4.17,rain,24.8,18.4,57.3,1008.6,57.5,9.1,53.6,4.5,0.2,"Rain, Partially cloudy"
2020-09-24,28.5,23.0,25.8,32.3,23.0,26.5,22.1,80.3,6.926,8.33,rain,22.3,18.4,339.6,1010.9,68.7,9.7,92.9,8.0,0.25,"Rain, Partially cloudy"
2020-09-25,33.0,25.0,28.4,39.3,25.0,31.8,23.7,76.4,0.198,4.17,rain,27.4,16.5,121.1,1007.8,62.6,9.7,164.5,14.3,0.27,"Rain, Partially cloudy"
2020-09-26,32.9,25.0,28.9,41.1,25.0,33.6,24.8,79.4,0.851,4.17,rain,20.5,16.8,110.8,1006.3,58.0,10.3,138.2,12.1,0.3,"Rain, Partially cloudy"
2020-09-27,28.4,24.0,26.1,35.8,24.0,27.5,23.2,84.1,35.169,8.33,rain,25.6,21.4,30.1,1008.6,68.5,9.8,75.0,6.6,0.34,"Rain, Partially cloudy"
2020-09-28,30.0,24.0,26.6,34.5,24.0,28.5,23.1,81.5,1.12,8.33,rain,24.1,13.0,33.2,1008.7,70.1,9.5,79.3,6.7,0.37,"Rain, Partially cloudy"
2020-09-29,33.0,25.8,29.0,38.6,25.8,32.4,24.3,77.4,0.01,4.17,rain,26.6,16.6,95.4,1006.9,55.8,8.0,151.1,12.9,0.41,"Rain, Partially cloudy"
2020-09-30,34.1,26.0,29.9,41.6,26.0,35.4,24.9,75.9,0.085,8.33,rain,19.1,16.6,107.9,1005.6,37.9,9.0,96.1,8.2,0.44,"Rain, Partially cloudy"
2020-10-01,31.0,25.0,27.9,36.5,25.0,31.1,24.4,82.1,21.042,8.33,rain,23.8,16.5,95.8,1007.1,60.6,9.3,101.1,8.5,0.48,"Rain, Partially cloudy"
2020-10-02,32.0,26.0,28.4,38.0,26.0,31.8,24.5,80.3,0.095,12.5,rain,23.4,13.9,97.1,1008.0,58.4,8.2,146.5,12.7,0.5,"Rain, Partially cloudy"
2020-10-03,31.0,25.5,27.2,37.3,25.5,29.7,24.8,87.5,8.117,8.33,rain,26.3,13.8,86.0,1009.0,49.9,8.1,125.0,10.9,0.54,"Rain, Partially cloudy"
2020-10-04,33.0,25.0,28.6,39.1,25.0,32.0,24.7,80.6,0.21,8.33,rain,22.3,13.9,115.1,1009.0,70.6,8.6,120.9,10.5,0.58,"Rain, Partially cloudy"
2020-10-05,32.5,26.0,27.9,38.5,26.0,31.4,24.5,82.7,0.998,8.33,rain,19.8,18.6,86.2,1009.7,48.0,9.2,58.4,5.0,0.61,"Rain, Partially cloudy"
2020-10-06,29.4,24.0,26.2,32.4,24.0,26.9,20.7,72.2,0.004,4.17,rain,24.5,18.6,28.2,1012.8,54.9,10.0,86.9,7.4,0.64,"Rain, Partially cloudy"
2020-10-07,28.1,23.0,25.1,29.5,23.0,25.5,18.6,67.6,0.4,16.67,rain,31.0,20.5,27.1,1014.7,61.6,10.0,162.5,14.1,0.68,"Rain, Partially cloudy"
2020-10-08,27.5,22.0,24.2,28.3,22.0,24.3,16.2,61.3,0.0,0.0,noprecip,34.6,24.1,20.7,1015.5,78.9,10.0,199.0,17.1,0.71,Partially cloudy
2020-10-09,27.5,21.0,24.1,28.3,21.0,24.3,15.9,60.5,0.0,0.0,noprecip,38.9,21.4,9.2,1016.1,45.5,10.0,213.2,18.5,0.75,Partially cloudy
2020-10-10,27.1,20.0,23.4,27.7,20.0,23.5,15.3,61.2,0.0,0.0,noprecip,31.7,24.1,13.0,1014.5,31.5,11.0,220.8,19.0,0.75,Partially cloudy
2020-10-11,27.5,20.5,23.9,28.1,20.5,24.0,15.4,59.6,0.0,0.0,noprecip,29.9,17.5,359.6,1011.9,55.9,10.7,189.0,16.3,0.81,Partially cloudy
2020-10-12,29.4,21.5,25.3,30.4,21.5,25.6,17.6,63.3,0.0,0.0,noprecip,32.8,19.4,338.8,1010.2,71.5,9.7,159.4,14.0,0.85,Partially cloudy
2020-10-13,30.5,24.9,27.6,31.7,24.9,28.0,18.0,56.8,1.7,8.33,rain,37.4,21.4,4.4,1008.9,58.0,9.7,214.5,18.6,0.88,"Rain, Partially cloudy"
2020-10-14,27.0,22.5,23.6,27.9,22.5,23.7,20.7,84.3,55.415,25.0,rain,62.3,23.2,351.2,1007.2,94.2,7.9,26.0,2.1,0.91,"Rain, Overcast"
2020-10-15,25.0,22.4,23.3,25.0,22.4,23.3,20.9,86.8,40.529,16.67,rain,38.9,19.4,3.3,1010.6,93.8,8.6,38.0,3.2,0.95,"Rain, Overcast"
2020-10-16,27.0,22.7,24.9,28.5,22.7,25.0,19.5,73.2,54.655,8.33,rain,39.6,25.0,2.6,1013.0,92.0,9.8,49.5,4.2,0.98,"Rain, Overcast"
2020-10-17,24.5,21.0,23.1,24.5,21.0,23.1,15.1,60.5,0.099,4.17,rain,34.2,21.4,355.4,1015.6,94.3,10.0,32.2,2.7,0.0,"Rain, Overcast"
2020-10-18,24.0,20.4,22.2,24.0,20.4,22.2,16.2,70.2,14.17,8.33,rain,40.7,23.2,358.7,1015.8,96.8,9.5,21.9,1.9,0.05,"Rain, Overcast"
2020-10-19,23.0,20.9,21.9,23.0,20.9,21.9,15.3,66.8,0.697,8.33,rain,31.0,18.4,346.5,1016.6,99.0,10.0,31.3,2.8,0.08,"Rain, Overcast"
2020-10-20,24.5,21.3,22.8,24.5,21.3,22.8,14.1,58.4,0.099,4.17,rain,32.4,15.7,356.2,1017.1,99.2,10.0,65.9,5.6,0.11,"Rain, Overcast"
2020-10-21,27.5,21.5,24.0,27.4,21.5,23.9,13.9,54.2,0.0,0.0,noprecip,34.6,21.3,348.0,1016.4,48.2,10.0,216.0,18.6,0.15,Partially cloudy
2020-10-22,29.0,18.0,23.8,27.8,18.0,23.5,12.0,51.7,0.0,0.0,noprecip,36.7,20.5,343.8,1013.8,30.5,10.8,239.6,20.6,0.18,Partially cloudy
2020-10-23,29.0,17.0,23.1,27.7,17.0,22.7,12.0,54.9,0.0,0.0,noprecip,35.6,19.4,1.5,1013.8,29.2,10.9,242.6,21.0,0.25,Partially cloudy
2020-10-24,28.5,16.5,22.3,27.5,16.5,22.1,13.1,60.2,0.0,0.0,noprecip,22.3,13.0,346.5,1014.3,41.3,10.8,240.3,20.9,0.25,Partially cloudy
2020-10-25,24.2,19.0,21.9,24.2,19.0,21.9,16.5,71.4,0.099,4.17,rain,16.9,14.8,331.7,1014.0,81.0,9.2,47.5,4.3,0.28,"Rain, Partially cloudy"
2020-10-26,24.0,22.0,22.8,24.0,22.0,22.8,19.1,80.6,0.104,8.33,rain,22.0,12.1,352.9,1014.2,87.6,9.1,50.8,4.3,0.32,"Rain, Partially cloudy"
2020-10-27,29.9,22.0,25.2,32.3,22.0,26.0,21.4,80.7,0.992,4.17,rain,21.6,12.1,311.7,1012.7,49.4,8.2,151.0,13.2,0.35,"Rain, Partially cloudy"
2020-10-28,30.5,22.5,26.1,32.1,22.5,26.8,20.9,74.8,0.625,4.17,rain,38.5,20.3,3.1,1012.5,64.8,9.1,133.6,11.6,0.38,"Rain, Partially cloudy"
2020-10-29,24.0,22.0,22.8,24.0,22.0,22.8,18.4,76.5,18.866,12.5,rain,46.1,23.2,14.6,1015.0,92.2,9.4,30.7,2.6,0.42,"Rain, Overcast"
2020-10-30,22.0,20.0,20.8,22.0,20.0,20.8,19.5,92.2,8.948,16.67,rain,33.5,12.1,337.6,1018.1,95.7,8.4,40.0,3.5,0.45,"Rain, Overcast"
2020-10-31,24.5,20.6,22.3,24.5,20.6,22.3,19.9,86.6,2.088,8.33,rain,15.8,9.4,336.5,1017.8,73.7,8.6,28.1,2.3,0.5,"Rain, Partially cloudy"
2020-11-01,28.5,21.0,24.2,30.2,21.0,24.6,20.7,82.1,0.0,0.0,noprecip,16.6,11.2,84.9,1015.8,60.5,5.7,129.2,11.2,0.52,Partially cloudy
2020-11-02,28.0,22.0,23.7,30.4,22.0,23.9,19.6,79.0,2.282,4.17,rain,32.8,19.4,33.6,1016.6,58.7,6.9,76.1,6.5,0.55,"Rain, Partially cloudy"
2020-11-03,24.9,21.0,22.3,24.9,21.0,22.3,14.0,59.9,0.001,4.17,rain,24.8,15.7,1.0,1018.8,73.9,10.0,145.0,12.3,0.59,"Rain, Partially cloudy"
2020-11-04,24.9,20.5,22.4,24.9,20.5,22.4,14.1,60.0,0.0,0.0,noprecip,22.7,15.7,358.6,1017.7,68.4,9.7,130.2,11.2,0.62,Partially cloudy
2020-11-05,26.7,19.0,22.8,27.3,19.0,22.8,16.9,71.0,0.0,0.0,noprecip,14.0,10.3,77.1,1016.8,35.6,7.6,144.2,12.4,0.66,Partially cloudy
2020-11-06,26.0,22.0,23.8,26.0,22.0,23.8,19.1,75.2,0.1,4.17,rain,23.4,10.4,312.8,1018.0,28.9,5.4,152.2,13.1,0.69,"Rain, Partially cloudy"
2020-11-07,28.1,22.0,25.0,28.4,22.0,25.0,16.7,61.5,0.0,0.0,noprecip,32.0,20.3,1.0,1018.9,33.4,9.7,177.4,15.2,0.73,Partially cloudy
2020-11-08,29.0,21.5,25.0,28.6,21.5,24.9,14.7,54.5,0.0,0.0,noprecip,32.8,17.7,6.1,1019.2,20.6,10.0,205.0,17.8,0.75,Partially cloudy
2020-11-09,28.2,20.0,23.7,27.3,20.0,23.5,11.9,50.2,0.0,0.0,noprecip,35.6,19.4,4.5,1018.8,2.8,10.9,217.7,18.8,0.79,Clear
2020-11-10,27.3,17.0,22.0,26.5,17.0,21.9,10.0,49.4,0.0,0.0,noprecip,31.7,17.5,355.0,1019.4,69.1,9.8,213.0,18.5,0.83,Partially cloudy
2020-11-11,27.0,18.5,22.7,26.6,18.5,22.7,11.7,52.4,0.2,4.17,rain,22.0,12.1,322.0,1020.6,59.5,9.3,124.4,10.9,0.86,"Rain, Partially cloudy"
2020-11-12,28.5,19.0,23.4,27.3,19.0,23.1,12.1,52.6,0.0,0.0,noprecip,23.0,13.9,339.8,1019.7,21.0,10.1,187.9,16.3,0.9,Partially cloudy
2020-11-13,29.1,18.5,23.2,27.7,18.5,23.0,11.7,52.2,0.0,0.0,noprecip,26.3,16.6,348.8,1017.8,3.8,11.0,212.2,18.4,0.93,Clear
2020-11-14,28.0,15.5,22.7,27.1,15.5,22.5,11.3,52.6,0.0,0.0,noprecip,28.8,18.6,2.2,1017.5,31.9,11.2,194.8,16.8,0.97,Partially cloudy
2020-11-15,19.6,18.6,19.0,19.6,18.6,19.0,17.3,90.3,7.99,12.5,rain,35.6,18.5,313.6,1018.5,96.3,7.2,32.9,2.8,0.0,"Rain, Overcast"
2020-11-16,21.0,19.0,20.2,21.0,19.0,20.2,19.4,94.8,32.857,16.67,rain,42.8,8.5,302.8,1016.9,94.1,5.6,15.7,1.3,0.03,"Rain, Overcast"
2020-11-17,27.1,20.6,23.3,29.3,20.6,23.5,21.4,89.2,4.042,4.17,rain,27.0,18.6,130.0,1013.0,79.6,6.2,131.3,11.5,0.07,"Rain, Partially cloudy"
2020-11-18,28.9,22.7,25.2,31.1,22.7,25.9,21.6,81.4,0.0,0.0,noprecip,28.1,13.9,123.9,1011.3,67.8,8.2,110.9,9.7,0.1,Partially cloudy
2020-11-19,28.0,22.7,24.9,29.9,22.7,25.3,21.7,83.6,0.099,4.17,rain,16.9,12.1,127.0,1010.8,68.9,7.4,97.4,8.6,0.13,"Rain, Partially cloudy"
2020-11-20,29.0,23.0,25.5,31.5,23.0,26.2,21.9,81.5,0.0,0.0,noprecip,26.6,16.6,137.4,1011.2,72.6,7.8,126.1,11.0,0.16,Partially cloudy
2020-11-21,30.0,24.0,25.9,33.1,24.0,26.7,22.2,81.5,0.0,0.0,noprecip,24.5,19.4,125.8,1012.1,67.3,8.2,124.3,10.7,0.2,Partially cloudy
2020-11-22,29.0,23.0,25.6,31.4,23.0,26.3,22.1,81.9,1.1,25.0,rain,22.0,14.8,109.3,1015.2,64.4,8.1,124.9,10.7,0.25,"Rain, Partially cloudy"
2020-11-23,29.0,23.5,25.9,30.8,23.5,26.5,21.3,76.9,2.5,45.83,rain,27.7,16.6,118.3,1017.1,56.5,9.5,103.7,9.1,0.26,"Rain, Partially cloudy"
2020-11-24,26.5,23.0,24.6,26.5,23.0,24.6,20.0,76.0,0.3,12.5,rain,23.8,15.7,123.6,1017.5,69.6,7.7,54.2,4.6,0.3,"Rain, Partially cloudy"
2020-11-25,27.0,22.0,24.3,28.4,22.0,24.6,20.0,77.4,0.4,8.33,rain,22.7,13.9,136.1,1017.0,53.9,7.3,120.3,10.3,0.33,"Rain, Partially cloudy"
2020-11-26,28.5,22.0,25.1,29.6,22.0,25.5,19.8,73.7,0.8,33.33,rain,23.0,12.1,104.0,1018.2,58.3,7.4,118.5,10.1,0.36,"Rain, Partially cloudy"
2020-11-27,27.2,19.0,23.5,28.2,19.0,23.6,17.8,71.2,0.0,0.0,noprecip,26.3,19.4,59.0,1020.3,39.9,8.4,138.4,12.0,0.4,Partially cloudy
2020-11-28,22.5,18.0,20.2,22.5,18.0,20.2,13.5,65.9,0.0,0.0,noprecip,32.8,20.5,33.8,1022.4,83.7,10.0,141.0,12.3,0.43,Partially cloudy
2020-11-29,22.3,17.0,19.4,22.3,17.0,19.4,9.3,52.8,0.0,0.0,noprecip,26.6,21.4,11.7,1022.7,41.4,10.7,178.3,15.5,0.46,Partially cloudy
2020-11-30,23.3,16.0,19.7,23.3,16.0,19.7,8.4,48.9,0.0,0.0,noprecip,29.5,22.3,21.2,1022.9,45.1,11.4,183.3,15.7,0.5,Partially cloudy
2020-12-01,21.0,17.5,19.1,21.0,17.5,19.1,9.1,52.4,0.0,0.0,noprecip,23.4,18.4,35.2,1022.2,74.3,9.4,107.3,9.5,0.53,Partially cloudy
2020-12-02,21.0,16.0,18.6,21.0,16.0,18.6,11.7,64.6,0.2,8.33,rain,22.7,14.8,17.5,1021.2,63.7,8.4,75.9,6.7,0.56,"Rain, Partially cloudy"
2020-12-03,22.0,18.0,19.5,22.0,18.0,19.5,10.3,55.5,0.1,4.17,rain,28.8,18.4,28.0,1021.6,69.8,9.9,116.7,9.9,0.6,"Rain, Partially cloudy"
2020-12-04,20.2,14.5,17.7,20.2,14.5,17.7,8.5,55.2,0.0,0.0,noprecip,25.9,18.6,22.2,1022.4,71.6,9.9,123.6,10.7,0.63,Partially cloudy
2020-12-05,20.0,13.0,15.7,20.0,13.0,15.7,7.2,57.6,0.0,0.0,noprecip,24.1,20.5,29.1,1022.7,33.7,10.1,175.4,15.3,0.67,Partially cloudy
2020-12-06,22.0,11.0,16.4,22.0,11.0,16.4,9.3,65.5,0.0,0.0,noprecip,17.3,10.4,97.0,1020.5,0.7,9.8,192.2,16.6,0.7,Clear
2020-12-07,23.0,15.1,18.4,23.0,15.1,18.4,11.0,63.8,0.0,0.0,noprecip,27.0,15.7,348.9,1021.9,43.9,8.2,174.6,15.1,0.74,Partially cloudy
2020-12-08,22.0,15.5,18.4,22.0,15.5,18.4,11.2,64.2,0.0,0.0,noprecip,25.9,16.6,350.4,1021.1,14.9,8.0,169.0,14.6,0.75,Clear
2020-12-09,23.3,13.0,18.3,23.3,13.0,18.3,12.2,69.5,0.0,0.0,noprecip,16.2,13.0,78.9,1017.3,25.8,7.0,179.3,15.6,0.81,Partially cloudy
2020-12-10,24.0,16.9,20.1,24.0,16.9,20.1,13.6,67.9,0.0,0.0,noprecip,21.6,9.4,43.4,1016.8,25.3,6.3,151.3,13.1,0.84,Partially cloudy
2020-12-11,24.8,16.5,20.6,24.8,16.5,20.6,15.8,75.5,0.0,0.0,noprecip,23.4,19.4,111.0,1014.9,60.5,5.4,149.1,13.0,0.88,Partially cloudy
2020-12-12,26.1,19.5,22.2,26.1,19.5,22.2,17.0,73.6,0.1,4.17,rain,23.4,15.7,121.4,1013.4,63.4,6.5,77.4,6.6,0.91,"Rain, Partially cloudy"
2020-12-13,28.0,19.0,23.2,28.9,19.0,23.3,19.2,80.3,0.3,12.5,rain,20.2,14.7,123.2,1010.9,59.0,6.2,103.7,9.0,0.95,"Rain, Partially cloudy"
2020-12-14,27.2,17.0,22.0,29.1,17.0,22.1,18.0,78.7,0.001,4.17,rain,40.7,25.0,54.6,1014.9,89.1,6.7,31.8,2.7,0.0,"Rain, Partially cloudy"
2020-12-15,17.9,13.0,14.2,17.9,13.0,14.2,9.9,75.9,0.272,16.67,rain,25.9,21.4,40.4,1021.6,95.4,9.2,25.4,2.2,0.02,"Rain, Overcast"
2020-12-16,15.1,11.0,13.2,15.1,11.0,13.2,7.1,67.7,0.2,12.5,rain,24.1,17.5,24.3,1024.1,98.2,10.0,40.1,3.5,0.05,"Rain, Overcast"
2020-12-17,15.0,11.5,12.9,15.0,11.5,12.9,6.5,65.4,0.1,4.17,rain,20.2,16.6,18.6,1022.8,96.1,10.0,67.6,5.9,0.08,"Rain, Overcast"
2020-12-18,16.0,10.6,12.9,16.0,10.6,12.9,6.6,66.2,0.099,4.17,rain,30.2,21.4,0.6,1024.1,83.2,9.7,54.3,4.6,0.11,"Rain, Partially cloudy"
2020-12-19,16.5,13.0,14.5,16.5,13.0,14.5,4.6,51.6,0.0,0.0,noprecip,31.3,18.5,356.5,1026.1,94.9,10.0,88.6,7.6,0.15,Overcast
2020-12-20,17.1,14.0,15.3,17.1,14.0,15.3,3.3,44.6,0.0,0.0,noprecip,33.8,21.4,359.0,1026.5,79.1,10.0,122.7,10.8,0.18,Partially cloudy
2020-12-21,19.0,14.0,16.1,19.0,14.0,16.1,2.2,40.0,0.0,0.0,noprecip,34.9,18.4,353.6,1024.3,39.5,9.8,187.9,16.2,0.21,Partially cloudy
2020-12-22,21.0,14.0,18.0,21.0,14.0,18.0,7.3,51.2,0.0,0.0,noprecip,20.9,8.5,287.3,1020.0,48.9,8.9,99.0,8.5,0.25,Partially cloudy
2020-12-23,20.5,17.0,18.5,20.5,17.0,18.5,10.1,58.7,0.0,0.0,noprecip,18.0,13.9,73.8,1017.4,89.8,8.0,115.4,10.0,0.28,Partially cloudy
2020-12-24,22.0,17.0,19.1,22.0,17.0,19.1,11.1,60.9,0.0,0.0,noprecip,19.4,12.1,13.6,1017.6,60.3,8.8,87.4,7.4,0.31,Partially cloudy
2020-12-25,22.1,17.0,19.4,22.1,17.0,19.4,12.2,64.5,0.0,0.0,noprecip,17.6,12.9,98.2,1017.5,36.4,7.3,114.6,9.9,0.34,Partially cloudy
2020-12-26,21.9,15.5,19.1,21.9,15.5,19.1,14.7,76.2,0.0,0.0,noprecip,16.9,11.2,71.0,1015.9,80.4,5.5,101.7,8.9,0.37,Partially cloudy
2020-12-27,21.0,18.0,19.7,21.0,18.0,19.7,17.9,89.4,0.297,8.33,rain,16.2,11.2,40.3,1014.7,79.1,3.6,34.1,2.8,0.41,"Rain, Partially cloudy"
2020-12-28,25.3,19.7,21.6,25.3,19.7,21.6,19.1,86.1,0.104,12.5,rain,31.0,18.1,116.6,1012.1,81.8,5.1,76.8,6.6,0.44,"Rain, Partially cloudy"
2020-12-29,27.0,20.0,22.8,27.7,20.0,22.8,18.8,79.9,0.198,8.33,rain,51.8,17.5,110.1,1013.7,68.5,7.4,94.0,8.1,0.47,"Rain, Partially cloudy"
2020-12-30,21.4,14.5,18.3,21.4,14.5,18.3,5.2,43.8,2.975,8.33,rain,44.6,30.6,34.6,1023.2,92.7,9.8,42.8,3.7,0.5,"Rain, Overcast"
2020-12-31,18.0,11.0,14.7,18.0,11.0,14.7,1.5,42.5,0.0,0.0,noprecip,29.2,16.5,52.9,1026.1,50.3,9.7,155.3,13.3,0.54,Partially cloudy
2021-01-01,18.4,9.5,13.4,18.4,7.5,13.3,-0.4,42.6,0.0,0.0,noprecip,24.8,14.8,9.5,1025.5,8.0,9.3,202.6,17.4,0.57,Clear
2021-01-02,20.0,7.7,13.5,20.0,7.7,13.4,3.9,56.8,0.0,0.0,noprecip,16.2,9.4,76.2,1022.1,0.0,7.4,201.9,17.4,0.61,Clear
2021-01-03,21.0,9.7,15.1,21.0,9.7,15.1,5.6,55.0,0.0,0.0,noprecip,22.3,18.4,55.1,1021.8,27.8,7.7,131.1,11.3,0.64,Partially cloudy
2021-01-04,20.0,13.7,16.9,20.0,13.7,16.9,6.1,50.4,0.0,0.0,noprecip,17.3,9.5,19.9,1021.2,46.6,8.6,147.6,12.7,0.68,Partially cloudy
2021-01-05,19.7,14.0,17.2,19.7,14.0,17.2,10.0,63.3,0.0,0.0,noprecip,16.2,11.2,347.3,1020.3,90.3,5.4,94.8,8.1,0.72,Overcast
2021-01-06,17.8,16.0,16.5,17.8,16.0,16.5,10.0,65.9,0.0,0.0,noprecip,19.4,13.0,11.4,1019.1,88.0,7.0,81.3,7.1,0.75,Partially cloudy
2021-01-07,16.5,12.0,14.5,16.5,12.0,14.5,7.7,64.0,0.004,4.17,rain,27.4,20.5,29.7,1020.1,90.0,7.9,49.8,4.4,0.79,"Rain, Partially cloudy"
2021-01-08,12.1,10.0,11.1,12.1,7.2,10.6,2.1,54.3,0.7,25.0,rain,30.2,22.3,17.9,1025.6,97.1,10.0,41.7,3.5,0.82,"Rain, Overcast"
2021-01-09,12.0,9.0,10.4,12.0,6.7,9.5,-2.0,42.5,0.0,0.0,noprecip,24.8,14.8,28.6,1025.2,92.5,10.0,84.3,7.1,0.86,Overcast
2021-01-10,12.5,10.0,11.0,12.5,8.2,10.6,-1.8,41.3,0.0,0.0,noprecip,24.8,13.0,1.8,1024.3,87.4,10.0,124.7,10.8,0.89,Partially cloudy
2021-01-11,16.0,11.0,12.9,16.0,11.0,12.9,-1.6,38.1,0.0,0.0,noprecip,38.5,20.5,352.5,1028.8,89.2,10.0,62.1,5.3,0.93,Partially cloudy
2021-01-12,19.0,10.7,14.6,19.0,10.7,14.6,-1.3,36.7,0.0,0.0,noprecip,28.1,16.6,316.5,1026.4,58.0,9.9,170.7,14.6,0.96,Partially cloudy
2021-01-13,21.0,9.3,15.3,21.0,8.8,15.2,3.0,47.2,0.0,0.0,noprecip,20.9,18.4,121.9,1018.6,14.8,8.3,203.7,17.6,0.0,Clear
2021-01-14,21.0,10.8,15.8,21.0,10.8,15.8,7.5,59.7,0.0,0.0,noprecip,16.2,11.2,126.3,1017.1,13.1,7.1,194.4,16.8,0.03,Clear
2021-01-15,19.0,11.9,16.1,19.0,11.9,16.1,12.1,78.1,0.0,0.0,noprecip,19.1,14.8,98.7,1015.4,49.7,4.5,130.3,11.0,0.06,Partially cloudy
2021-01-16,20.3,16.0,18.1,20.3,16.0,18.1,13.3,73.6,0.1,4.17,rain,17.3,9.4,18.3,1016.0,67.7,4.6,54.8,4.8,0.1,"Rain, Partially cloudy"
2021-01-17,18.0,13.0,15.7,18.0,13.0,15.7,9.9,70.3,2.672,8.33,rain,43.9,22.3,3.6,1024.8,86.4,7.2,23.9,2.0,0.13,"Rain, Partially cloudy"
2021-01-18,19.7,10.0,15.1,19.7,10.0,15.1,3.7,47.6,0.0,0.0,noprecip,24.1,13.9,351.7,1024.3,21.9,9.6,209.1,18.1,0.16,Partially cloudy
2021-01-19,21.0,10.0,15.2,21.0,9.1,15.2,7.9,64.9,0.0,0.0,noprecip,27.4,16.6,111.0,1018.7,0.0,7.0,212.0,18.3,0.19,Clear
2021-01-20,20.6,12.0,16.3,20.6,12.0,16.3,11.3,73.2,0.0,0.0,noprecip,18.7,11.2,77.3,1016.9,38.7,5.0,107.7,9.3,0.22,Partially cloudy
2021-01-21,18.1,16.0,16.9,18.1,16.0,16.9,13.5,80.6,0.0,0.0,noprecip,11.9,9.4,296.2,1015.9,55.9,3.6,67.8,5.7,0.25,Partially cloudy
2021-01-22,23.0,16.0,18.8,23.0,16.0,18.8,13.9,74.1,0.0,0.0,noprecip,19.1,11.2,294.4,1015.4,25.4,4.1,113.3,9.6,0.29,Partially cloudy
2021-01-23,23.7,14.0,18.9,23.7,14.0,18.9,13.2,71.4,0.0,0.0,noprecip,20.9,11.2,85.5,1014.5,19.9,4.8,138.7,11.8,0.32,Clear
2021-01-24,24.5,16.0,20.1,24.5,16.0,20.1,14.4,71.0,0.0,0.0,noprecip,33.1,18.4,116.0,1013.1,24.5,5.5,151.1,13.1,0.35,Partially cloudy
2021-01-25,22.0,19.0,20.5,22.0,19.0,20.5,18.1,86.2,0.1,8.33,rain,19.1,14.8,127.0,1014.9,71.7,4.3,50.0,4.4,0.38,"Rain, Partially cloudy"
2021-01-26,25.0,19.0,21.3,25.0,19.0,21.3,16.9,77.0,0.8,25.0,rain,25.9,20.5,140.2,1016.1,57.0,7.3,105.4,9.1,0.42,"Rain, Partially cloudy"
2021-01-27,23.8,18.0,20.7,23.8,18.0,20.7,15.7,73.6,0.0,0.0,noprecip,24.1,16.6,118.1,1015.8,89.5,8.5,85.3,7.2,0.45,Partially cloudy
2021-01-28,20.0,16.0,18.4,20.0,16.0,18.4,13.7,74.7,0.297,4.17,rain,36.4,22.3,45.7,1021.1,93.7,8.3,36.8,3.1,0.48,"Rain, Overcast"
2021-01-29,22.0,16.0,18.4,22.0,16.0,18.4,11.8,67.2,0.0,0.0,noprecip,18.7,14.8,104.8,1020.9,73.8,8.2,97.6,8.5,0.5,Partially cloudy
2021-01-30,19.4,15.0,17.5,19.4,15.0,17.5,14.4,82.8,0.001,4.17,rain,22.7,14.8,83.9,1019.8,81.6,5.0,73.0,6.3,0.55,"Rain, Partially cloudy"
2021-01-31,19.0,17.0,18.3,19.0,17.0,18.3,15.9,86.5,0.99,4.17,rain,20.5,9.4,99.4,1019.3,87.1,3.9,41.9,3.7,0.59,"Rain, Partially cloudy"
2021-02-01,23.1,18.0,20.2,23.1,18.0,20.2,16.7,80.8,0.3,12.5,rain,21.2,14.8,129.8,1018.2,71.8,5.7,87.2,7.4,0.62,"Rain, Partially cloudy"
2021-02-02,23.0,18.7,20.6,23.0,18.7,20.6,16.8,79.4,0.4,16.67,rain,22.3,13.0,117.7,1018.8,71.3,7.0,87.7,7.4,0.66,"Rain, Partially cloudy"
2021-02-03,26.0,18.0,21.1,26.0,18.0,21.1,16.1,75.2,0.0,0.0,noprecip,21.6,16.6,129.1,1019.3,42.3,7.3,95.4,8.3,0.69,Partially cloudy
2021-02-04,24.0,17.0,20.1,24.0,17.0,20.1,16.5,80.7,0.099,4.17,rain,23.0,13.0,103.6,1020.0,51.6,6.4,91.1,7.9,0.73,"Rain, Partially cloudy"
2021-02-05,26.0,17.0,21.1,26.0,17.0,21.1,15.7,73.5,0.0,0.0,noprecip,19.4,14.8,115.2,1018.1,42.4,6.9,101.8,8.7,0.75,Partially cloudy
2021-02-06,24.7,17.0,20.3,24.7,17.0,20.3,15.7,76.1,0.0,0.0,noprecip,20.5,14.8,113.6,1017.0,36.7,6.7,167.8,14.4,0.8,Partially cloudy
2021-02-07,26.0,17.0,21.3,26.0,17.0,21.3,15.6,71.8,0.0,0.0,noprecip,19.1,13.0,103.4,1016.0,47.5,6.0,124.3,10.8,0.84,Partially cloudy
2021-02-08,23.6,16.7,20.5,23.6,16.7,20.5,16.6,78.4,1.984,8.33,rain,20.9,24.1,298.8,1017.6,59.2,6.7,132.9,11.4,0.87,"Rain, Partially cloudy"
2021-02-09,17.0,15.0,15.9,17.0,15.0,15.9,14.3,90.0,42.863,16.67,rain,29.9,20.5,303.2,1017.2,88.4,8.0,35.6,3.2,0.91,"Rain, Partially cloudy"
2021-02-10,23.8,14.0,17.9,23.8,14.0,17.9,12.9,75.0,0.002,4.17,rain,29.5,13.0,283.9,1015.7,39.1,6.7,189.1,16.3,0.94,"Rain, Partially cloudy"
2021-02-11,24.0,14.7,19.4,24.0,14.7,19.4,13.2,69.8,0.0,0.0,noprecip,16.2,14.8,80.7,1016.2,34.8,7.7,171.8,14.7,0.98,Partially cloudy
2021-02-12,22.0,17.0,19.3,22.0,17.0,19.3,14.5,74.4,0.0,0.0,noprecip,19.1,16.6,118.4,1017.1,52.3,7.4,91.0,7.8,0.0,Partially cloudy
2021-02-13,23.0,15.0,19.5,23.0,15.0,19.5,13.2,68.8,0.0,0.0,noprecip,25.9,16.6,114.1,1016.9,50.4,8.5,174.4,15.2,0.05,Partially cloudy
2021-02-14,26.0,19.0,21.8,26.0,19.0,21.8,13.4,60.4,0.0,0.0,noprecip,17.6,13.0,148.8,1016.2,38.2,10.1,179.7,15.7,0.08,Partially cloudy
2021-02-15,22.5,17.0,20.2,22.5,17.0,20.2,17.0,82.0,0.0,0.0,noprecip,29.5,13.0,98.9,1013.7,65.4,6.7,133.9,11.6,0.11,Partially cloudy
2021-02-16,22.6,19.0,20.3,22.6,19.0,20.3,17.3,83.0,0.495,8.33,rain,23.0,11.2,75.4,1014.8,83.6,6.9,70.5,6.1,0.14,"Rain, Partially cloudy"
2021-02-17,21.5,19.0,20.0,21.5,19.0,20.0,14.2,69.8,1.5,25.0,rain,33.5,20.5,347.4,1020.1,81.7,9.2,60.6,5.3,0.17,"Rain, Partially cloudy"
2021-02-18,23.0,18.0,20.2,23.0,18.0,20.2,13.7,66.8,0.0,0.0,noprecip,16.6,11.2,290.7,1023.3,63.3,9.2,87.8,7.6,0.21,Partially cloudy
2021-02-19,23.1,18.0,20.4,23.1,18.0,20.4,15.2,73.2,0.0,0.0,noprecip,18.4,13.0,134.7,1022.8,49.4,6.5,133.7,11.5,0.24,Partially cloudy
2021-02-20,25.0,16.0,20.6,25.0,16.0,20.6,12.5,62.9,0.0,0.0,noprecip,23.8,14.8,132.7,1019.4,34.8,6.2,223.7,19.3,0.25,Partially cloudy
2021-02-21,27.0,17.0,21.4,26.9,17.0,21.3,14.2,66.1,0.0,0.0,noprecip,33.1,22.3,120.4,1015.4,21.8,8.1,237.6,20.6,0.3,Partially cloudy
2021-02-22,25.3,20.0,22.0,25.3,20.0,22.0,16.9,73.6,0.1,4.17,rain,24.8,20.5,130.8,1014.5,87.1,7.6,112.9,9.7,0.33,"Rain, Partially cloudy"
2021-02-23,25.5,20.0,22.4,25.5,20.0,22.4,17.2,73.3,0.0,0.0,noprecip,20.9,13.0,120.6,1014.1,89.5,7.1,152.7,13.3,0.37,Partially cloudy
2021-02-24,25.4,20.7,22.6,25.4,20.7,22.6,17.8,75.1,0.0,0.0,noprecip,38.5,22.3,137.6,1010.5,83.2,8.8,121.9,10.4,0.4,Partially cloudy
2021-02-25,26.2,20.7,23.0,26.2,20.7,23.0,19.2,79.7,0.099,4.17,rain,34.9,18.4,125.9,1006.9,91.7,8.4,131.2,11.3,0.43,"Rain, Overcast"
2021-02-26,27.0,21.7,23.8,28.0,21.7,23.9,19.4,77.6,0.099,4.17,rain,34.2,16.6,120.8,1006.9,76.0,7.9,83.6,7.2,0.46,"Rain, Partially cloudy"
2021-02-27,23.1,16.0,18.9,23.1,16.0,18.9,15.8,82.0,5.937,8.33,rain,32.4,20.5,66.8,1011.5,89.0,8.6,39.9,3.5,0.5,"Rain, Partially cloudy"
2021-02-28,18.8,16.0,17.3,18.8,16.0,17.3,16.3,94.2,1.272,8.33,rain,11.2,13.0,67.1,1012.2,93.8,3.3,32.7,2.7,0.53,"Rain, Overcast"
2021-03-01,23.2,18.0,20.6,23.2,18.0,20.6,19.7,95.0,0.703,8.33,rain,39.2,13.0,326.8,1014.1,94.8,3.3,70.2,6.2,0.57,"Rain, Overcast"
2021-03-02,21.0,18.9,19.9,21.0,18.9,19.9,12.3,62.7,0.882,12.5,rain,27.4,24.1,42.7,1018.4,97.8,9.8,64.8,5.4,0.6,"Rain, Overcast"
2021-03-03,19.0,16.9,18.1,19.0,16.9,18.1,14.4,79.4,0.001,4.17,rain,17.6,14.8,58.5,1018.4,92.5,7.1,44.8,3.8,0.64,"Rain, Overcast"
2021-03-04,18.9,16.0,17.1,18.9,16.0,17.1,15.3,89.5,4.0,8.33,rain,18.4,11.2,48.6,1016.3,93.4,5.9,61.6,5.3,0.67,"Rain, Overcast"
2021-03-05,20.8,17.0,19.2,20.8,17.0,19.2,18.2,93.8,0.694,4.17,rain,20.2,11.2,68.7,1012.9,96.0,2.7,89.6,7.7,0.71,"Rain, Overcast"
2021-03-06,27.1,19.9,23.0,28.8,19.9,23.2,20.3,85.8,0.398,8.33,rain,21.2,18.4,50.2,1013.7,78.2,5.6,143.0,12.3,0.75,"Rain, Partially cloudy"
2021-03-07,25.0,22.0,22.9,25.0,22.0,22.9,17.7,73.7,0.219,4.17,rain,28.1,18.4,93.7,1016.5,77.4,8.7,58.3,5.0,0.78,"Rain, Partially cloudy"
2021-03-08,24.0,19.9,21.6,24.0,19.9,21.6,20.5,93.2,0.003,4.17,rain,23.8,18.4,130.5,1016.2,94.0,5.2,57.9,5.0,0.81,"Rain, Overcast"
2021-03-09,26.0,21.7,23.4,26.0,21.7,23.4,21.8,90.7,1.5,37.5,rain,38.2,20.5,130.7,1015.7,91.6,7.1,129.7,11.3,0.85,"Rain, Overcast"
2021-03-10,27.1,22.0,24.0,29.1,22.0,24.3,20.8,83.5,0.002,4.17,rain,40.3,25.9,125.9,1015.3,83.1,7.7,118.3,10.2,0.89,"Rain, Partially cloudy"
2021-03-11,26.0,22.0,23.8,26.0,22.0,23.8,20.8,83.9,0.792,4.17,rain,32.8,18.4,125.2,1016.7,78.1,8.3,91.7,7.8,0.92,"Rain, Partially cloudy"
2021-03-12,28.0,21.9,24.3,28.9,21.9,24.4,20.2,79.8,0.4,12.5,rain,25.2,18.4,141.9,1017.1,64.3,7.6,166.1,14.3,0.96,"Rain, Partially cloudy"
2021-03-13,25.0,21.7,23.2,25.0,21.7,23.2,20.7,86.3,0.001,4.17,rain,23.0,13.0,122.5,1016.7,59.5,6.9,135.5,11.8,0.0,"Rain, Partially cloudy"
2021-03-14,27.0,19.0,23.3,27.7,19.0,23.3,19.2,79.6,0.1,4.17,rain,27.7,18.4,132.0,1014.0,31.3,7.3,142.8,12.4,0.03,"Rain, Partially cloudy"
2021-03-15,26.0,21.0,23.7,26.0,21.0,23.7,19.9,80.1,0.2,8.33,rain,36.7,18.4,133.4,1011.2,75.8,7.8,122.1,10.6,0.06,"Rain, Partially cloudy"
2021-03-16,24.0,22.0,23.3,24.0,22.0,23.3,22.0,92.3,1.984,8.33,rain,35.6,18.4,130.1,1010.9,90.9,6.0,90.8,7.8,0.09,"Rain, Overcast"
2021-03-17,26.0,23.0,24.3,26.0,23.0,24.3,22.1,87.3,0.5,20.83,rain,34.9,18.4,129.9,1010.7,89.3,7.4,83.1,7.2,0.12,"Rain, Partially cloudy"
2021-03-18,26.3,23.0,24.3,26.3,23.0,24.3,22.4,89.4,0.396,8.33,rain,29.5,18.4,128.7,1010.3,90.2,6.7,106.8,9.2,0.16,"Rain, Overcast"
2021-03-19,27.0,23.0,24.7,29.6,23.0,25.1,22.4,87.6,0.198,8.33,rain,34.6,20.5,133.6,1009.0,93.3,7.5,115.9,10.0,0.19,"Rain, Overcast"
2021-03-20,26.0,23.0,24.2,26.0,23.0,24.2,23.3,94.6,0.598,8.33,rain,30.2,14.8,129.8,1008.5,92.5,5.8,81.6,6.9,0.22,"Rain, Overcast"
2021-03-21,24.0,18.0,20.9,24.0,18.0,20.9,16.6,77.5,13.905,8.33,rain,49.0,33.5,43.5,1015.2,98.0,8.0,34.6,2.9,0.25,"Rain, Overcast"
2021-03-22,20.1,17.0,18.3,20.1,17.0,18.3,6.5,46.2,0.1,4.17,rain,31.3,18.4,7.5,1023.9,95.1,10.0,61.9,5.4,0.29,"Rain, Overcast"
2021-03-23,22.7,17.0,19.2,22.7,17.0,19.2,7.9,49.2,0.0,0.0,noprecip,20.2,11.2,64.9,1020.5,49.8,9.8,215.0,18.6,0.32,Partially cloudy
2021-03-24,21.3,18.0,19.8,21.3,18.0,19.8,14.3,71.1,0.0,0.0,noprecip,22.7,11.2,120.2,1015.9,92.5,6.9,180.2,15.7,0.35,Overcast
2021-03-25,22.3,19.0,20.1,22.3,19.0,20.1,18.9,92.8,0.002,4.17,rain,19.4,13.0,88.8,1013.9,98.7,3.3,63.2,5.6,0.38,"Rain, Overcast"
2021-03-26,25.0,20.0,22.9,25.0,20.0,22.9,21.7,93.2,0.996,12.5,rain,33.8,18.4,132.3,1011.3,95.4,5.0,72.3,6.3,0.42,"Rain, Overcast"
2021-03-27,25.3,22.0,23.2,25.3,22.0,23.2,22.5,95.4,0.302,8.33,rain,33.8,18.4,131.1,1009.2,94.4,5.2,95.0,8.1,0.45,"Rain, Overcast"
2021-03-28,24.5,22.0,23.5,24.5,22.0,23.5,22.8,96.3,0.607,12.5,rain,31.0,13.0,118.7,1008.2,96.5,4.6,74.2,6.4,0.48,"Rain, Overcast"
2021-03-29,29.0,23.0,25.3,34.5,23.0,26.5,23.7,91.5,0.1,4.17,rain,28.1,14.8,113.4,1004.4,91.8,5.1,211.4,18.3,0.5,"Rain, Overcast"
2021-03-30,27.7,24.0,25.2,31.4,24.0,25.5,24.1,93.8,0.0,0.0,noprecip,24.8,14.8,98.1,1002.1,93.2,4.2,221.8,19.2,0.55,Overcast
2021-03-31,29.8,24.0,26.0,35.8,24.0,27.5,24.4,91.1,0.0,0.0,noprecip,28.4,18.4,99.5,1001.7,91.0,6.1,269.1,23.3,0.58,Overcast
2021-04-01,29.0,24.0,26.2,34.5,24.0,27.7,24.4,89.9,0.0,0.0,noprecip,25.6,16.6,113.2,1003.4,90.0,6.7,252.6,21.8,0.62,Partially cloudy
2021-04-02,27.2,24.9,25.5,31.2,24.9,25.9,24.6,95.3,0.105,8.33,rain,26.6,14.8,116.4,1006.5,95.1,5.2,144.8,12.5,0.65,"Rain, Overcast"
2021-04-03,27.2,25.0,25.3,30.6,25.0,25.6,24.3,94.4,0.496,8.33,rain,28.8,16.6,112.6,1009.6,93.6,6.5,66.8,5.8,0.69,"Rain, Overcast"
2021-04-04,29.5,22.0,25.6,33.6,22.0,26.8,23.5,88.7,11.1,37.5,rain,28.4,16.6,102.6,1012.1,81.6,6.2,127.0,10.9,0.75,"Rain, Partially cloudy"
2021-04-05,25.1,21.0,22.8,25.1,21.0,22.8,21.0,90.1,7.025,8.33,rain,27.7,14.8,65.6,1015.2,82.1,8.3,149.7,13.1,0.76,"Rain, Partially cloudy"
2021-04-06,30.0,22.0,25.0,32.6,22.0,25.8,21.7,82.8,0.198,4.17,rain,32.0,22.3,99.9,1014.8,72.7,7.6,114.4,9.8,0.79,"Rain, Partially cloudy"
2021-04-07,30.0,23.9,25.8,32.2,23.9,26.5,22.3,82.4,0.1,4.17,rain,30.2,18.4,128.3,1012.9,60.0,8.3,147.2,12.6,0.83,"Rain, Partially cloudy"
2021-04-08,30.0,24.0,26.2,33.2,24.0,27.6,23.0,83.6,0.645,4.17,rain,34.9,20.5,121.7,1011.0,75.6,8.1,193.7,16.7,0.86,"Rain, Partially cloudy"
2021-04-09,24.3,19.0,20.8,24.3,19.0,20.8,18.5,86.9,10.191,8.33,rain,20.9,22.3,38.1,1014.5,98.1,9.1,48.2,4.1,0.9,"Rain, Overcast"
2021-04-10,21.0,18.0,19.5,21.0,18.0,19.5,18.7,95.2,1.45,12.5,rain,16.6,13.0,43.0,1016.2,95.4,4.4,69.2,5.8,0.93,"Rain, Overcast"
2021-04-11,29.0,20.0,24.3,32.2,20.0,25.3,22.1,88.0,0.795,8.33,rain,34.9,20.5,123.4,1015.2,83.6,6.2,143.4,12.5,0.97,"Rain, Partially cloudy"
2021-04-12,30.0,23.0,26.4,33.2,23.0,27.8,22.6,80.8,0.1,4.17,rain,33.1,20.5,133.1,1013.1,87.3,8.5,151.9,13.1,0.0,"Rain, Partially cloudy"
2021-04-13,27.7,24.0,25.8,30.8,24.0,26.6,23.7,88.8,0.0,0.0,noprecip,33.5,18.4,124.5,1011.9,93.2,9.0,139.1,12.0,0.04,Overcast
2021-04-14,30.0,24.5,26.8,34.8,24.5,28.4,23.6,83.5,0.4,12.5,rain,31.7,20.5,114.5,1009.9,83.8,8.9,147.9,12.8,0.07,"Rain, Partially cloudy"
2021-04-15,27.5,24.9,25.9,31.4,24.9,27.2,24.5,91.8,3.661,8.33,rain,34.9,18.4,119.0,1009.0,91.2,8.8,142.8,12.2,0.1,"Rain, Overcast"
2021-04-16,30.0,25.0,27.1,34.0,25.0,28.9,23.7,83.1,3.7,54.17,rain,29.5,20.5,125.7,1010.4,80.8,8.8,87.0,7.4,0.14,"Rain, Partially cloudy"
2021-04-17,25.7,22.0,23.0,25.7,22.0,23.0,21.7,92.5,124.229,12.5,rain,23.0,18.4,44.0,1014.3,88.5,8.4,31.8,2.9,0.17,"Rain, Partially cloudy"
2021-04-18,24.9,20.5,22.4,24.9,20.5,22.4,20.3,88.1,0.893,4.17,rain,15.8,11.2,59.1,1012.8,93.5,8.7,97.2,8.5,0.2,"Rain, Overcast"
2021-04-19,31.0,22.0,26.1,35.5,22.0,27.7,23.0,84.2,0.198,4.17,rain,28.8,16.6,121.0,1008.1,75.6,7.7,172.5,15.0,0.24,"Rain, Partially cloudy"
2021-04-20,32.0,25.0,28.2,37.7,25.0,31.2,24.3,80.8,0.3,12.5,rain,29.2,24.1,130.7,1007.4,69.3,9.5,210.4,18.2,0.25,"Rain, Partially cloudy"
2021-04-21,32.3,26.0,28.7,39.4,26.0,32.9,24.6,79.8,1.2,20.83,rain,36.7,24.1,131.9,1008.2,73.3,10.1,188.6,16.2,0.3,"Rain, Partially cloudy"
2021-04-22,32.0,26.7,28.4,38.3,29.6,32.9,24.8,81.7,0.7,20.83,rain,33.8,22.3,129.0,1007.7,75.9,10.0,190.7,16.6,0.34,"Rain, Partially cloudy"
2021-04-23,31.0,26.0,27.8,39.1,26.0,31.9,25.5,87.7,0.202,4.17,rain,37.1,22.3,125.1,1005.7,89.4,9.8,199.0,17.1,0.37,"Rain, Partially cloudy"
2021-04-24,30.9,26.0,28.2,38.8,26.0,33.9,26.1,88.5,0.2,8.33,rain,31.0,20.5,120.3,1005.6,90.6,9.1,202.1,17.3,0.4,"Rain, Overcast"
2021-04-25,29.0,25.0,26.9,36.8,25.0,30.2,26.1,95.3,1.516,12.5,rain,31.3,16.6,102.6,1008.2,94.7,7.0,108.2,9.3,0.44,"Rain, Overcast"
2021-04-26,26.5,21.0,23.8,26.5,21.0,23.8,22.7,93.6,41.852,16.67,rain,48.2,14.8,76.7,1010.3,84.0,8.2,36.1,3.0,0.47,"Rain, Partially cloudy"
2021-04-27,27.3,21.0,24.2,29.4,21.0,24.5,20.8,82.0,0.6,4.17,rain,25.6,11.2,52.3,1013.1,93.0,10.0,65.7,5.7,0.5,"Rain, Overcast"
2021-04-28,25.9,21.9,23.2,25.9,21.9,23.2,20.5,84.9,5.937,8.33,rain,37.1,20.5,24.9,1015.0,94.5,9.6,145.9,12.6,0.54,"Rain, Overcast"
2021-04-29,28.8,20.0,24.1,29.0,20.0,24.2,17.7,69.7,0.331,8.33,rain,22.7,14.8,337.7,1015.4,77.1,10.0,159.2,13.7,0.57,"Rain, Partially cloudy"
2021-04-30,30.0,21.0,25.3,31.8,21.0,25.9,20.2,75.4,0.4,4.17,rain,24.1,20.5,114.6,1011.8,34.5,8.4,265.5,22.7,0.6,"Rain, Partially cloudy"
2021-05-01,29.0,23.0,25.5,32.0,23.0,26.5,22.6,84.3,0.12,8.33,rain,21.2,14.8,120.0,1011.5,68.9,8.6,166.7,14.3,0.64,"Rain, Partially cloudy"
2021-05-02,32.0,24.7,27.6,37.8,24.7,30.3,24.3,83.6,3.983,12.5,rain,30.2,20.5,124.0,1009.7,68.1,7.8,194.6,16.8,0.67,"Rain, Partially cloudy"
2021-05-03,33.2,26.7,29.1,40.0,26.7,33.9,24.9,79.4,0.8,12.5,rain,33.8,24.1,140.0,1007.2,75.4,9.9,241.7,20.8,0.71,"Rain, Partially cloudy"
2021-05-04,34.0,26.0,29.3,39.4,26.0,33.0,24.3,76.3,3.7,4.17,rain,26.3,24.1,118.8,1007.3,59.4,10.0,241.7,20.9,0.75,"Rain, Partially cloudy"
2021-05-05,27.5,22.5,24.7,32.2,22.5,25.8,23.3,91.9,42.507,8.33,rain,30.2,22.3,80.9,1011.4,83.8,9.2,53.1,4.6,0.78,"Rain, Partially cloudy"
2021-05-06,32.1,22.9,26.8,36.6,22.9,28.4,22.4,79.1,0.298,4.17,rain,27.0,16.6,141.7,1012.7,59.1,9.1,202.1,17.5,0.81,"Rain, Partially cloudy"
2021-05-07,32.0,25.0,28.0,36.8,25.0,30.7,24.1,80.7,0.0,0.0,noprecip,28.1,16.6,131.9,1011.5,53.6,8.3,228.2,19.8,0.84,Partially cloudy
2021-05-08,31.0,25.0,27.9,39.1,25.0,31.7,25.2,85.6,0.0,0.0,noprecip,24.5,16.6,116.8,1008.6,64.9,8.6,216.7,18.6,0.88,Partially cloudy
2021-05-09,33.0,26.0,29.0,42.3,26.0,33.8,25.5,82.6,0.3,8.33,rain,28.4,20.5,118.5,1006.5,68.9,9.8,226.7,19.5,0.91,"Rain, Partially cloudy"
2021-05-10,35.0,26.0,30.1,43.8,26.0,36.2,25.5,78.6,0.1,4.17,rain,29.5,25.9,123.2,1004.8,50.7,10.4,282.8,24.5,0.95,"Rain, Partially cloudy"
2021-05-11,36.0,24.9,29.3,43.3,24.9,34.2,25.0,79.3,24.736,4.17,rain,27.4,27.7,117.0,1004.2,52.8,9.2,290.6,25.1,0.98,"Rain, Partially cloudy"
2021-05-12,34.1,25.0,29.3,43.8,25.0,35.3,25.7,81.8,2.37,4.17,rain,30.6,20.5,110.1,1003.9,48.0,9.5,274.8,23.6,0.0,"Rain, Partially cloudy"
2021-05-13,32.6,24.0,27.4,42.4,24.0,31.2,25.3,88.5,6.827,8.33,rain,28.8,23.2,95.3,1005.0,81.0,9.4,259.7,22.5,0.05,"Rain, Partially cloudy"
2021-05-14,34.0,25.0,29.2,41.9,25.0,33.9,24.9,79.2,0.131,4.17,rain,38.5,24.1,132.4,1004.7,41.9,9.4,262.7,22.6,0.08,"Rain, Partially cloudy"
2021-05-15,34.0,27.7,30.0,42.1,33.0,37.3,26.2,81.2,0.099,4.17,rain,31.7,24.1,131.9,1005.0,66.0,10.4,270.5,23.5,0.12,"Rain, Partially cloudy"
2021-05-16,35.0,27.0,30.4,43.7,31.2,37.6,26.0,78.4,0.198,4.17,rain,34.6,22.3,120.9,1005.1,66.7,10.0,270.0,23.2,0.15,"Rain, Partially cloudy"
2021-05-17,34.0,27.0,29.9,42.7,31.2,37.1,26.2,81.7,0.79,4.17,rain,34.9,20.5,123.2,1006.4,68.5,9.8,213.5,18.6,0.18,"Rain, Partially cloudy"
2021-05-18,33.1,28.0,30.1,42.1,33.6,37.6,26.2,80.6,0.2,8.33,rain,32.8,24.1,128.1,1005.9,80.1,10.0,193.4,16.8,0.22,"Rain, Partially cloudy"
2021-05-19,35.1,27.0,30.7,45.9,30.6,38.6,26.2,77.8,0.0,0.0,noprecip,34.2,24.1,127.4,1003.4,54.7,10.7,264.0,22.9,0.25,Partially cloudy
2021-05-20,35.5,27.0,31.0,43.8,30.6,38.7,26.0,76.2,4.1,12.5,rain,33.8,22.3,108.0,1003.4,51.5,10.0,176.2,15.2,0.25,"Rain, Partially cloudy"
2021-05-21,33.5,28.0,30.1,45.8,34.3,38.8,27.0,83.8,0.035,8.33,rain,32.0,20.5,109.7,1003.2,65.1,9.6,249.3,21.6,0.32,"Rain, Partially cloudy"
2021-05-22,36.3,27.7,31.4,48.6,32.7,40.1,26.6,77.1,0.0,0.0,noprecip,34.2,27.7,116.4,1001.5,35.1,11.3,295.2,25.7,0.35,Partially cloudy
2021-05-23,35.0,28.7,30.9,45.3,35.6,39.8,26.8,79.9,0.396,4.17,rain,33.8,24.1,115.8,1003.8,68.0,10.9,223.8,19.3,0.39,"Rain, Partially cloudy"
2021-05-24,29.5,25.0,27.4,36.9,25.0,30.0,23.6,80.9,8.906,4.17,rain,33.1,22.3,356.8,1009.0,88.2,9.7,157.4,13.7,0.42,"Rain, Partially cloudy"
2021-05-25,27.9,23.0,25.8,30.7,23.0,26.6,22.6,83.4,10.29,12.5,rain,32.0,16.6,344.2,1009.1,86.1,8.4,104.9,9.2,0.46,"Rain, Partially cloudy"
2021-05-26,34.0,25.0,28.9,40.6,25.0,33.1,25.0,81.2,2.971,4.17,rain,29.9,22.3,124.1,1006.8,50.8,9.8,242.4,21.0,0.5,"Rain, Partially cloudy"
2021-05-27,33.6,27.0,29.9,44.1,31.2,36.4,25.7,79.1,1.0,12.5,rain,33.8,20.5,123.0,1007.6,44.1,11.0,236.5,20.5,0.52,"Rain, Partially cloudy"
2021-05-28,34.5,27.0,30.3,42.0,31.2,36.6,25.4,77.0,1.0,25.0,rain,25.9,18.4,119.0,1007.7,50.7,9.5,242.3,20.9,0.56,"Rain, Partially cloudy"
2021-05-29,36.2,28.0,31.2,43.9,34.5,38.9,26.0,75.9,1.385,4.17,rain,25.9,25.9,122.8,1004.9,60.5,9.4,255.9,22.0,0.59,"Rain, Partially cloudy"
2021-05-30,38.8,28.0,32.4,44.3,34.5,39.9,25.4,69.8,0.0,0.0,noprecip,24.1,16.6,106.8,1002.2,43.2,11.2,261.0,22.5,0.62,Partially cloudy
2021-05-31,39.0,29.0,33.7,46.1,36.8,41.4,24.9,63.7,0.0,0.0,noprecip,20.9,16.6,120.2,1000.4,65.5,12.1,260.5,22.6,0.66,Partially cloudy
2021-06-01,39.4,29.0,34.5,45.8,37.7,41.9,24.5,59.7,0.0,0.0,noprecip,27.0,20.5,165.9,1000.6,66.9,10.7,302.3,26.2,0.69,Partially cloudy
2021-06-02,40.0,29.0,33.5,47.9,38.2,42.8,26.0,67.2,0.0,0.0,noprecip,24.5,14.8,114.0,1001.4,60.3,9.5,256.7,22.0,0.75,Partially cloudy
2021-06-03,40.0,30.0,34.2,47.9,40.4,43.8,26.0,65.9,0.8,12.5,rain,24.8,18.4,110.9,1001.6,55.8,10.3,300.8,25.9,0.76,"Rain, Partially cloudy"
2021-06-04,31.4,26.0,27.7,43.3,26.0,29.9,21.8,71.3,0.297,4.17,rain,49.7,37.1,7.3,1006.5,79.1,10.0,191.1,16.5,0.79,"Rain, Partially cloudy"
2021-06-05,32.1,25.0,28.5,40.7,25.0,29.8,20.4,63.4,0.011,4.17,rain,19.1,7.6,48.6,1006.1,73.4,9.4,227.6,19.7,0.83,"Rain, Partially cloudy"
2021-06-06,33.1,27.0,29.6,42.4,30.1,34.5,24.2,74.1,9.8,29.17,rain,24.5,11.2,102.4,1003.8,65.9,6.7,235.2,20.5,0.86,"Rain, Partially cloudy"
2021-06-07,34.0,25.7,28.7,39.7,25.7,32.7,24.7,80.8,53.956,8.33,rain,28.4,18.4,82.7,1004.6,57.6,8.8,136.5,11.7,0.89,"Rain, Partially cloudy"
2021-06-08,34.0,25.6,28.0,37.9,25.6,31.2,24.6,83.3,39.241,16.67,rain,22.7,13.0,11.4,1005.7,71.1,8.6,97.1,8.3,0.93,"Rain, Partially cloudy"
2021-06-09,32.0,25.7,28.3,39.2,25.7,32.1,25.1,83.9,36.016,12.5,rain,19.1,16.6,68.8,1004.3,77.5,9.0,116.9,10.0,0.96,"Rain, Partially cloudy"
2021-06-10,32.0,27.0,28.6,40.6,31.2,34.7,26.2,87.4,0.285,8.33,rain,20.5,9.4,97.2,1002.8,67.9,9.4,159.6,13.8,0.0,"Rain, Partially cloudy"
2021-06-11,34.0,27.0,29.4,39.7,31.2,35.2,25.5,80.9,1.989,4.17,rain,24.8,14.8,82.3,1003.4,55.9,9.6,105.5,9.1,0.03,"Rain, Partially cloudy"
2021-06-12,35.0,25.7,28.8,40.6,25.7,34.2,25.7,84.3,30.596,16.67,rain,38.2,18.4,327.0,1002.7,77.5,8.9,147.9,12.8,0.06,"Rain, Partially cloudy"
2021-06-13,31.0,26.0,27.7,37.9,26.0,31.8,25.3,87.2,56.958,20.83,rain,42.5,24.1,59.8,1002.0,85.9,9.5,169.0,14.7,0.1,"Rain, Partially cloudy"
2021-06-14,34.1,26.0,29.7,40.6,26.0,33.9,24.6,76.6,0.0,0.0,noprecip,28.8,22.3,129.5,1001.3,68.0,10.9,253.4,22.0,0.13,Partially cloudy
2021-06-15,35.0,27.0,30.8,41.3,30.8,35.8,24.0,69.5,0.099,4.17,rain,31.0,14.8,131.0,999.5,53.3,11.5,266.4,23.3,0.17,"Rain, Partially cloudy"
2021-06-16,37.0,28.0,32.3,43.9,34.5,38.7,24.5,66.5,0.0,0.0,noprecip,29.9,18.4,127.3,1001.1,69.1,10.5,286.0,24.8,0.2,Partially cloudy
2021-06-17,37.1,28.0,32.9,44.1,34.5,39.8,24.6,64.3,0.0,0.0,noprecip,28.4,18.4,125.6,1002.9,48.9,11.0,296.6,25.6,0.24,Partially cloudy
2021-06-18,38.0,29.0,33.5,44.1,36.8,40.8,24.6,62.8,0.0,0.0,noprecip,26.6,16.6,139.9,1003.0,31.1,12.0,307.0,26.5,0.25,Partially cloudy
2021-06-19,39.4,29.0,34.5,45.5,36.1,40.0,22.9,54.2,0.0,0.0,noprecip,28.4,14.8,219.3,1000.7,23.0,12.3,316.3,27.5,0.31,Partially cloudy
2021-06-20,40.0,30.0,35.2,45.2,34.6,40.1,22.1,48.7,0.0,0.0,noprecip,31.0,14.8,226.1,998.7,34.1,11.9,318.1,27.6,0.34,Partially cloudy
2021-06-21,38.8,30.0,34.3,44.9,38.8,41.5,24.3,58.5,0.0,0.0,noprecip,24.8,16.6,196.3,999.3,65.1,11.3,302.4,26.2,0.38,Partially cloudy
2021-06-22,37.0,26.1,32.3,46.8,26.1,39.5,25.0,66.8,2.4,25.0,rain,26.3,18.4,64.1,1002.5,79.5,11.0,201.2,17.3,0.41,"Rain, Partially cloudy"
2021-06-23,34.0,26.0,29.8,40.6,26.0,34.7,24.7,75.4,42.588,8.33,rain,23.8,13.0,174.6,1003.6,75.8,10.0,116.2,9.9,0.45,"Rain, Partially cloudy"
2021-06-24,33.0,26.0,28.2,44.1,26.0,33.1,25.9,88.2,0.911,4.17,rain,26.6,14.8,70.4,1002.6,72.0,9.8,164.0,14.1,0.48,"Rain, Partially cloudy"
2021-06-25,32.0,25.0,28.3,40.3,25.0,32.2,25.1,83.7,0.042,4.17,rain,26.6,25.9,104.6,1002.6,68.6,8.9,168.0,14.6,0.5,"Rain, Partially cloudy"
2021-06-26,35.0,25.0,28.9,42.3,25.0,32.6,24.3,77.8,38.59,8.33,rain,34.2,14.8,125.1,1003.5,65.4,10.8,241.5,20.7,0.55,"Rain, Partially cloudy"
2021-06-27,37.0,26.0,32.0,43.6,26.0,36.8,23.7,64.6,6.926,4.17,rain,36.0,14.8,174.9,1002.1,76.5,10.8,286.8,24.9,0.58,"Rain, Partially cloudy"
2021-06-28,37.5,29.0,33.6,44.5,34.5,39.0,23.1,55.5,1.0,4.17,rain,31.3,11.2,211.7,999.2,90.5,10.7,279.2,24.1,0.61,"Rain, Overcast"
2021-06-29,35.5,30.0,32.5,43.5,33.7,38.1,23.5,59.9,0.078,4.17,rain,26.6,16.6,130.7,999.5,95.5,10.0,205.9,17.8,0.65,"Rain, Overcast"
2021-06-30,36.0,28.0,32.0,42.4,32.7,37.8,24.1,65.1,0.011,4.17,rain,31.7,16.6,142.0,1000.0,92.9,10.0,209.1,17.9,0.68,"Rain, Overcast"
2021-07-01,36.0,30.2,32.8,41.6,34.6,37.8,22.9,57.1,0.0,0.0,noprecip,31.0,18.4,177.6,1000.6,94.0,10.0,216.1,18.6,0.71,Overcast
2021-07-02,38.0,30.0,33.6,43.6,33.3,38.4,22.4,53.3,0.0,0.0,noprecip,35.3,22.3,217.2,1001.8,93.4,10.7,280.4,24.2,0.75,Overcast
2021-07-03,37.0,30.0,32.9,44.2,36.8,39.5,24.3,62.1,0.0,0.0,noprecip,31.3,13.0,311.9,1001.9,78.5,10.5,273.6,23.7,0.78,Partially cloudy
2021-07-04,37.0,29.0,32.7,45.3,36.5,40.7,25.4,67.3,0.1,4.17,rain,24.8,18.4,119.5,1002.6,73.3,10.7,272.6,23.6,0.81,"Rain, Partially cloudy"
2021-07-05,33.0,26.0,30.2,42.4,26.0,37.4,25.7,77.9,3.99,8.33,rain,25.6,20.5,125.1,1004.3,76.0,9.7,207.7,17.9,0.84,"Rain, Partially cloudy"
2021-07-06,35.0,27.7,31.3,42.3,32.9,37.4,24.6,69.7,0.4,8.33,rain,25.9,16.6,119.9,1003.9,53.5,10.3,256.2,22.2,0.87,"Rain, Partially cloudy"
2021-07-07,34.0,27.0,29.6,40.6,31.2,35.9,25.6,80.6,24.019,12.5,rain,30.2,11.2,316.6,1004.4,71.4,9.9,187.9,16.2,0.91,"Rain, Partially cloudy"
2021-07-08,29.4,24.7,27.2,35.7,24.7,30.9,25.6,91.1,54.075,20.83,rain,43.6,20.5,100.2,1006.1,87.4,8.9,136.0,11.7,0.94,"Rain, Partially cloudy"
2021-07-09,33.0,26.0,29.0,42.3,26.0,34.3,25.6,82.9,7.01,12.5,rain,34.2,16.6,124.3,1008.3,54.1,9.7,181.9,15.7,0.97,"Rain, Partially cloudy"
2021-07-10,32.6,26.0,29.1,39.8,26.0,34.3,25.1,80.1,11.926,4.17,rain,31.3,14.8,90.5,1008.8,41.4,9.9,240.6,20.6,0.0,"Rain, Partially cloudy"
2021-07-11,35.0,26.0,30.4,39.8,26.0,34.6,23.9,70.7,0.3,8.33,rain,30.6,16.6,143.7,1009.6,42.3,11.2,272.6,23.6,0.04,"Rain, Partially cloudy"
2021-07-12,35.0,27.0,30.8,41.7,31.2,36.3,24.5,71.1,0.0,0.0,noprecip,35.3,20.5,141.1,1008.4,26.3,12.1,301.6,26.1,0.08,Partially cloudy
2021-07-13,35.0,27.8,30.9,42.2,33.6,37.5,25.3,73.8,0.9,4.17,rain,29.2,20.5,138.0,1006.2,41.2,10.4,279.6,24.2,0.11,"Rain, Partially cloudy"
2021-07-14,35.0,28.0,31.3,41.8,34.1,37.7,25.0,71.3,0.9,16.67,rain,31.7,24.1,131.8,1005.7,42.4,10.4,251.7,21.5,0.15,"Rain, Partially cloudy"
2021-07-15,35.0,27.0,31.2,40.3,31.8,37.1,24.5,69.6,0.0,0.0,noprecip,33.1,20.5,136.1,1007.2,42.0,11.7,264.8,22.8,0.18,Partially cloudy
2021-07-16,36.0,27.0,31.3,43.0,31.2,37.0,24.3,68.9,0.2,8.33,rain,25.2,14.8,127.7,1007.5,33.1,12.4,279.1,24.2,0.22,"Rain, Partially cloudy"
2021-07-17,35.7,27.0,31.3,43.4,31.2,37.3,24.7,69.7,0.6,4.17,rain,23.8,22.3,117.3,1003.9,50.5,11.1,288.5,24.9,0.25,"Rain, Partially cloudy"
2021-07-18,31.6,25.0,27.9,42.4,25.0,33.2,26.2,90.6,0.767,4.17,rain,23.4,18.4,102.6,1001.7,79.4,9.6,189.6,16.3,0.29,"Rain, Partially cloudy"
2021-07-19,34.5,25.0,28.8,40.6,25.0,32.9,24.5,79.1,14.3,50.0,rain,22.7,16.6,77.1,1001.8,60.1,9.7,187.7,16.2,0.33,"Rain, Partially cloudy"
2021-07-20,35.0,26.0,29.3,42.5,26.0,34.7,25.5,81.8,0.099,4.17,rain,20.5,22.3,304.4,1002.2,71.7,9.7,179.4,15.6,0.36,"Rain, Partially cloudy"
2021-07-21,35.3,26.0,29.1,41.3,26.0,33.1,24.9,80.6,0.074,4.17,rain,21.6,22.3,323.8,1001.4,65.1,9.5,147.4,12.7,0.4,"Rain, Partially cloudy"
2021-07-22,32.3,26.0,28.2,41.5,26.0,33.4,26.3,89.9,32.514,8.33,rain,20.9,13.0,358.7,999.9,56.3,9.0,66.3,5.7,0.43,"Rain, Partially cloudy"
2021-07-23,27.0,26.0,26.7,31.8,26.0,29.4,26.3,97.8,50.588,16.67,rain,37.1,18.4,291.1,998.3,86.3,8.0,30.5,2.5,0.47,"Rain, Partially cloudy"
2021-07-24,36.0,26.7,30.0,43.2,30.3,36.7,26.1,81.7,1.979,4.17,rain,40.0,24.1,331.0,998.4,53.1,8.9,228.2,19.8,0.5,"Rain, Partially cloudy"
2021-07-25,35.0,27.0,30.1,47.3,31.2,36.6,25.4,77.6,5.2,25.0,rain,23.8,14.8,326.0,999.8,61.2,9.9,262.7,22.6,0.54,"Rain, Partially cloudy"
2021-07-26,35.1,26.0,30.2,42.2,26.0,35.7,25.0,75.9,0.106,4.17,rain,20.9,14.8,272.3,999.4,61.2,10.0,225.6,19.3,0.57,"Rain, Partially cloudy"
2021-07-27,36.5,27.0,31.5,45.8,31.8,38.5,25.4,72.7,0.198,4.17,rain,25.6,11.2,259.1,997.5,66.5,11.7,268.5,23.1,0.6,"Rain, Partially cloudy"
2021-07-28,36.5,27.9,31.0,46.0,32.5,38.2,25.6,74.8,0.095,4.17,rain,24.5,18.4,7.5,997.4,65.8,11.3,235.9,20.4,0.63,"Rain, Partially cloudy"
2021-07-29,35.0,28.0,30.2,47.3,33.6,38.0,26.5,81.9,7.055,8.33,rain,25.6,20.5,76.3,999.0,67.8,9.9,194.2,16.8,0.66,"Rain, Partially cloudy"
2021-07-30,36.2,27.3,31.2,45.8,32.4,38.5,25.8,75.4,0.003,4.17,rain,21.6,11.2,131.1,999.6,64.2,8.8,234.2,20.2,0.7,"Rain, Partially cloudy"
2021-07-31,37.0,28.0,31.9,47.3,34.5,41.6,26.8,76.0,0.0,0.0,noprecip,22.3,14.8,60.3,998.3,63.3,9.8,253.2,21.7,0.75,Partially cloudy
2021-08-01,31.0,25.0,28.0,44.3,25.0,32.9,26.1,90.0,16.111,8.33,rain,27.0,13.5,301.7,999.2,90.3,9.6,52.6,4.5,0.76,"Rain, Overcast"
2021-08-02,36.4,27.0,30.9,43.3,31.8,38.3,26.1,77.7,0.0,0.0,noprecip,29.5,14.4,275.2,998.5,52.4,9.7,256.9,22.2,0.79,Partially cloudy
2021-08-03,36.8,27.0,31.5,44.3,30.1,38.1,25.0,70.6,0.0,0.0,noprecip,23.8,13.0,297.2,999.4,63.1,9.8,285.7,24.7,0.83,Partially cloudy
2021-08-04,37.7,28.0,32.8,46.9,35.6,41.9,26.3,71.0,0.0,0.0,noprecip,23.8,13.0,294.2,999.5,51.8,11.2,299.4,25.9,0.86,Partially cloudy
2021-08-05,36.9,29.0,33.0,47.9,38.2,43.1,26.6,71.4,0.0,0.0,noprecip,27.4,16.6,306.6,998.1,50.7,9.2,291.5,25.0,0.89,Partially cloudy
2021-08-06,38.3,29.0,33.9,46.2,39.5,42.4,25.3,64.2,0.0,0.0,noprecip,29.2,20.5,264.1,998.7,60.0,9.0,253.9,21.9,0.92,Partially cloudy
2021-08-07,38.8,30.0,34.2,47.3,36.5,42.3,24.9,61.8,0.0,0.0,noprecip,26.3,14.8,240.4,999.9,68.7,10.7,259.1,22.3,0.96,Partially cloudy
2021-08-08,34.6,27.0,30.6,52.0,30.6,41.4,27.9,86.0,6.2,8.33,rain,22.7,14.8,70.7,1001.3,68.8,10.2,250.8,21.6,0.0,"Rain, Partially cloudy"
2021-08-09,32.5,27.0,30.1,46.5,30.6,40.0,27.6,86.6,9.1,12.5,rain,35.6,13.0,78.8,1001.7,76.5,8.6,160.5,13.8,0.02,"Rain, Partially cloudy"
2021-08-10,30.1,25.0,27.4,40.4,25.0,31.8,25.9,92.0,22.943,16.67,rain,31.0,24.1,132.9,1002.3,86.6,9.3,116.2,10.0,0.06,"Rain, Partially cloudy"
2021-08-11,33.3,24.8,27.3,45.8,24.8,31.1,26.0,93.1,24.801,12.5,rain,25.6,20.5,109.7,1004.8,78.4,8.2,125.0,10.7,0.09,"Rain, Partially cloudy"
2021-08-12,32.4,24.0,27.3,44.3,24.0,30.9,25.8,91.8,49.472,8.33,rain,29.5,16.6,75.6,1006.0,77.9,8.4,206.9,17.8,0.13,"Rain, Partially cloudy"
2021-08-13,35.0,25.7,29.8,45.8,25.7,35.6,25.9,81.1,0.989,4.17,rain,36.0,14.8,114.0,1002.1,80.7,9.8,214.4,18.5,0.17,"Rain, Partially cloudy"
2021-08-14,35.0,24.0,30.0,45.8,24.0,36.7,25.8,80.6,0.002,8.33,rain,29.2,16.6,132.2,1000.9,70.5,9.0,185.5,16.0,0.2,"Rain, Partially cloudy"
2021-08-15,31.7,26.0,28.3,42.4,26.0,34.4,26.9,92.5,0.099,4.17,rain,27.4,14.8,88.1,1005.3,78.4,9.7,195.1,16.8,0.25,"Rain, Partially cloudy"
2021-08-16,34.0,27.0,30.2,44.3,31.8,37.6,26.3,81.2,3.6,37.5,rain,24.1,16.6,108.4,1008.7,49.5,10.8,222.0,19.2,0.27,"Rain, Partially cloudy"
2021-08-17,35.9,25.0,30.4,42.7,25.0,36.0,25.0,75.6,0.2,8.33,rain,42.5,24.1,240.8,1008.4,49.8,9.7,243.8,21.0,0.31,"Rain, Partially cloudy"
2021-08-18,35.5,24.0,29.2,44.1,24.0,33.6,25.0,80.4,0.395,4.17,rain,29.5,24.1,130.5,1006.3,66.2,10.8,261.4,22.6,0.35,"Rain, Partially cloudy"
2021-08-19,34.4,25.0,29.6,42.4,25.0,34.4,25.1,78.7,24.736,4.17,rain,27.7,16.6,115.2,1006.2,62.2,11.4,130.1,11.2,0.38,"Rain, Partially cloudy"
2021-08-20,34.1,27.0,30.5,43.8,31.8,38.5,26.4,80.3,0.032,4.17,rain,25.9,16.6,132.8,1007.5,42.5,11.5,224.9,19.4,0.42,"Rain, Partially cloudy"
2021-08-21,36.0,28.0,31.3,45.8,35.6,40.0,26.6,78.3,0.0,0.0,noprecip,28.4,20.5,135.6,1006.4,51.9,10.0,262.4,22.5,0.45,Partially cloudy
2021-08-22,35.3,28.0,31.1,47.9,35.6,42.3,28.1,84.7,0.0,0.0,noprecip,31.0,22.3,120.4,1004.2,49.3,9.9,267.0,23.2,0.5,Partially cloudy
2021-08-23,31.0,27.0,28.9,42.2,30.6,37.1,27.2,90.6,3.2,20.83,rain,28.8,18.4,102.8,1003.2,75.4,10.4,260.2,22.5,0.52,"Rain, Partially cloudy"
2021-08-24,34.5,27.0,30.4,49.5,31.8,39.9,27.5,85.2,5.7,33.33,rain,25.6,20.5,106.0,1003.6,69.8,10.7,205.4,17.5,0.55,"Rain, Partially cloudy"
2021-08-25,33.5,27.0,29.9,43.8,31.3,38.3,27.0,85.6,8.905,8.33,rain,26.3,22.3,114.6,1005.3,48.1,9.5,205.0,17.8,0.59,"Rain, Partially cloudy"
2021-08-26,32.1,24.8,28.8,40.6,24.8,35.1,26.3,86.9,32.879,8.33,rain,26.3,16.6,92.9,1008.1,61.2,9.8,171.5,14.9,0.62,"Rain, Partially cloudy"
2021-08-27,31.1,24.0,27.8,38.8,24.0,32.3,25.8,89.7,76.303,12.5,rain,22.7,13.0,21.2,1009.5,72.3,11.0,139.2,11.9,0.65,"Rain, Partially cloudy"
2021-08-28,32.2,24.0,27.7,39.1,24.0,31.4,25.1,86.9,16.578,8.33,rain,22.7,22.3,114.8,1009.5,67.5,9.9,135.7,11.7,0.68,"Rain, Partially cloudy"
2021-08-29,33.0,25.0,28.4,39.1,25.0,31.3,24.1,79.5,0.002,4.17,rain,23.0,18.4,93.9,1009.7,46.6,9.8,246.4,21.1,0.72,"Rain, Partially cloudy"
2021-08-30,33.0,26.0,28.8,38.9,26.0,32.5,24.7,80.5,1.1,29.17,rain,22.3,16.6,106.7,1009.9,61.1,9.7,213.9,18.5,0.75,"Rain, Partially cloudy"
2021-08-31,34.0,26.0,29.5,40.6,26.0,34.7,25.3,80.4,9.894,4.17,rain,21.6,16.6,111.5,1009.7,49.7,10.1,216.6,18.8,0.78,"Rain, Partially cloudy"
2021-09-01,34.0,26.3,29.8,40.6,26.3,35.3,25.1,77.9,18.799,4.17,rain,18.7,14.8,76.5,1008.5,34.8,10.2,232.9,20.1,0.81,"Rain, Partially cloudy"
2021-09-02,32.0,26.0,28.6,40.6,26.0,33.5,25.8,85.5,0.669,4.17,rain,23.0,13.0,117.5,1007.5,65.3,9.8,127.4,11.2,0.84,"Rain, Partially cloudy"
2021-09-03,33.0,26.0,29.7,40.6,26.0,35.5,25.5,80.1,1.979,4.17,rain,23.0,18.4,99.7,1005.4,53.2,9.2,218.8,18.9,0.88,"Rain, Partially cloudy"
2021-09-04,33.6,27.0,29.9,42.4,31.2,36.2,25.7,79.7,9.203,8.33,rain,24.8,18.4,106.4,1005.4,51.6,9.8,174.6,15.2,0.91,"Rain, Partially cloudy"
2021-09-05,32.0,23.5,28.3,40.6,23.5,33.4,25.6,86.3,37.934,8.33,rain,23.8,13.0,104.7,1008.2,61.5,9.7,154.5,13.3,0.94,"Rain, Partially cloudy"
2021-09-06,34.5,25.0,29.2,40.6,25.0,33.3,24.6,78.5,0.003,4.17,rain,19.8,13.0,325.6,1010.3,49.7,9.5,211.0,18.2,0.97,"Rain, Partially cloudy"
2021-09-07,30.0,26.0,27.2,40.4,26.0,30.6,25.6,91.3,0.127,4.17,rain,32.8,18.4,288.2,1010.0,60.1,9.5,123.8,10.7,0.0,"Rain, Partially cloudy"
2021-09-08,32.0,24.0,27.3,42.3,24.0,30.3,25.3,89.2,13.341,12.5,rain,33.1,31.7,348.3,1008.6,62.9,9.1,107.6,9.4,0.04,"Rain, Partially cloudy"
2021-09-09,32.0,24.0,27.6,42.4,24.0,31.7,25.5,89.1,58.319,12.5,rain,27.0,16.6,258.4,1009.7,67.1,9.4,162.6,14.2,0.08,"Rain, Partially cloudy"
2021-09-10,34.5,25.0,29.2,42.3,25.0,33.4,24.7,79.5,0.0,0.0,noprecip,25.2,14.8,291.3,1008.7,47.1,9.2,264.8,22.9,0.11,Partially cloudy
2021-09-11,35.8,25.0,30.2,42.1,25.0,34.7,24.2,72.7,0.0,0.0,noprecip,21.2,16.4,274.6,1005.4,59.5,11.0,256.8,22.2,0.15,Partially cloudy
2021-09-12,36.5,27.0,31.2,43.8,31.2,37.8,25.3,73.6,0.0,0.0,noprecip,16.6,10.6,113.3,1002.5,23.0,10.6,268.5,23.2,0.19,Partially cloudy
2021-09-13,34.0,26.0,28.9,49.5,26.0,35.5,26.5,87.5,0.102,8.33,rain,25.9,24.1,18.9,1005.7,39.9,8.2,154.8,13.4,0.22,"Rain, Partially cloudy"
2021-09-14,28.0,25.0,26.2,33.6,25.0,26.9,25.2,94.1,12.165,8.33,rain,21.6,13.0,339.9,1010.0,73.3,8.7,86.8,7.5,0.25,"Rain, Partially cloudy"
2021-09-15,28.5,25.0,26.5,34.5,25.0,28.7,25.5,94.5,30.895,8.33,rain,24.1,11.2,348.2,1011.5,81.0,8.8,94.4,8.1,0.29,"Rain, Partially cloudy"
2021-09-16,31.8,25.0,27.8,40.6,25.0,32.1,26.0,90.5,5.328,8.33,rain,25.6,16.6,100.8,1010.2,77.3,9.3,157.4,13.7,0.33,"Rain, Partially cloudy"
2021-09-17,32.0,24.8,27.7,42.3,24.8,32.1,25.9,90.8,0.169,8.33,rain,23.0,16.6,103.8,1008.8,71.3,9.1,169.4,14.6,0.36,"Rain, Partially cloudy"
2021-09-18,34.0,24.7,28.9,40.6,24.7,33.2,24.9,81.1,2.968,4.17,rain,28.4,16.6,130.4,1009.1,60.2,9.4,209.0,18.0,0.4,"Rain, Partially cloudy"
2021-09-19,34.0,26.0,30.0,42.1,26.0,35.1,24.8,76.3,0.0,0.0,noprecip,27.4,18.4,125.8,1009.3,36.2,10.1,238.6,20.7,0.44,Partially cloudy
2021-09-20,33.0,25.0,28.6,40.6,25.0,33.0,25.1,83.0,0.063,4.17,rain,19.4,18.4,344.8,1009.9,49.2,8.9,198.4,17.2,0.47,"Rain, Partially cloudy"
2021-09-21,34.0,24.0,29.1,40.6,24.0,31.8,23.1,72.8,0.265,8.33,rain,19.4,9.6,81.1,1009.3,48.5,9.7,240.1,20.7,0.5,"Rain, Partially cloudy"
2021-09-22,32.0,25.0,27.8,40.6,25.0,32.0,25.7,88.6,2.001,8.33,rain,25.6,14.8,83.8,1009.1,56.9,9.3,152.8,13.3,0.54,"Rain, Partially cloudy"
2021-09-23,32.0,25.0,27.9,40.6,25.0,30.8,25.1,86.0,0.388,8.33,rain,23.8,20.5,338.2,1011.1,62.7,9.7,142.7,12.4,0.57,"Rain, Partially cloudy"
2021-09-24,28.0,25.0,26.3,34.5,25.0,28.0,25.5,95.5,17.363,12.5,rain,26.3,9.4,8.2,1011.5,63.5,8.9,75.4,6.5,0.6,"Rain, Partially cloudy"
2021-09-25,32.0,23.0,26.0,40.6,23.0,27.8,24.8,93.8,89.029,16.67,rain,46.4,27.7,0.7,1011.3,84.0,8.7,95.9,8.3,0.64,"Rain, Partially cloudy"
2021-09-26,30.1,24.0,26.2,38.8,24.0,28.3,25.2,94.4,34.873,16.67,rain,35.3,14.8,270.1,1011.7,65.9,9.7,115.1,9.9,0.67,"Rain, Partially cloudy"
2021-09-27,32.0,24.0,27.4,37.9,24.0,30.3,24.2,84.6,5.454,12.5,rain,25.2,9.4,289.0,1011.2,58.5,9.7,147.8,13.0,0.7,"Rain, Partially cloudy"
2021-09-28,33.5,25.0,29.0,40.6,25.0,31.9,23.6,75.8,0.0,0.0,noprecip,17.6,14.8,186.4,1009.7,22.0,10.1,234.3,20.2,0.73,Partially cloudy
2021-09-29,33.4,26.0,29.3,39.1,26.0,33.0,24.4,77.4,0.0,0.0,noprecip,15.1,14.8,109.2,1008.3,28.2,8.5,244.3,21.0,0.75,Partially cloudy
2021-09-30,34.0,26.0,29.8,38.8,26.0,34.5,24.6,76.2,0.1,4.17,rain,20.5,14.8,111.4,1008.3,21.1,8.5,238.1,20.5,0.8,"Rain, Partially cloudy"
2021-10-01,34.0,26.0,29.7,40.6,26.0,35.0,25.2,78.5,0.6,8.33,rain,19.4,14.8,113.9,1008.4,34.3,8.9,204.4,17.6,0.83,"Rain, Partially cloudy"
2021-10-02,31.0,25.0,26.6,39.1,25.0,28.7,25.5,94.1,7.9,41.67,rain,31.7,14.8,354.5,1009.5,47.1,7.9,125.7,10.9,0.86,"Rain, Partially cloudy"
2021-10-03,33.0,25.0,28.3,40.6,25.0,32.2,25.0,84.6,0.1,4.17,rain,23.8,14.8,112.0,1010.1,24.7,7.3,227.6,19.7,0.89,"Rain, Partially cloudy"
2021-10-04,32.0,25.0,27.4,40.6,25.0,30.0,25.4,89.4,8.013,12.5,rain,22.0,24.1,321.8,1011.1,40.3,9.0,221.2,19.1,0.93,"Rain, Partially cloudy"
2021-10-05,33.0,25.0,28.8,37.4,25.0,31.8,23.8,77.0,0.246,16.67,rain,28.1,14.8,86.5,1010.8,66.1,10.1,146.9,12.6,0.96,"Rain, Partially cloudy"
2021-10-06,34.0,26.0,29.3,37.7,26.0,33.2,24.4,77.7,0.105,8.33,rain,26.6,9.7,315.7,1007.8,34.6,8.9,224.6,19.5,0.0,"Rain, Partially cloudy"
2021-10-07,34.5,26.0,29.6,39.1,26.0,33.3,24.3,76.6,0.2,8.33,rain,29.9,13.0,324.4,1005.2,25.0,9.5,219.6,19.1,0.03,"Rain, Partially cloudy"
2021-10-08,34.0,27.0,30.2,37.3,29.2,32.6,21.1,60.7,0.0,0.0,noprecip,34.6,20.5,346.8,1004.2,60.0,10.2,192.5,16.6,0.06,Partially cloudy
2021-10-09,29.1,23.0,26.5,32.3,23.0,27.3,21.9,78.2,9.158,12.5,rain,34.2,14.8,340.1,1004.2,63.5,9.6,45.5,4.0,0.1,"Rain, Partially cloudy"
2021-10-10,25.0,23.0,23.9,25.0,23.0,23.9,23.7,98.6,86.441,25.0,rain,50.4,20.5,318.6,1002.9,97.5,7.9,21.8,1.8,0.13,"Rain, Overcast"
2021-10-11,24.0,23.0,23.5,24.0,23.0,23.5,22.8,96.1,103.283,16.67,rain,42.5,22.3,15.1,1008.0,93.3,7.9,24.5,2.0,0.17,"Rain, Overcast"
2021-10-12,29.1,22.0,25.1,29.8,22.0,25.2,17.9,66.1,0.0,0.0,noprecip,42.8,20.8,1.7,1009.4,45.4,11.6,219.2,19.1,0.2,Partially cloudy
2021-10-13,27.0,22.0,24.3,27.5,22.0,24.3,19.2,74.6,5.116,8.33,rain,67.3,18.4,340.7,1005.9,96.9,9.8,94.4,8.0,0.25,"Rain, Overcast"
2021-10-14,25.0,21.0,22.8,25.0,21.0,22.8,21.0,90.1,13.095,25.0,rain,67.3,24.1,6.8,1006.0,92.5,9.8,28.6,2.4,0.27,"Rain, Overcast"
2021-10-15,22.0,21.0,21.4,22.0,21.0,21.4,21.2,98.8,33.254,16.67,rain,36.7,14.8,333.0,1011.1,99.5,8.2,28.7,2.4,0.31,"Rain, Overcast"
2021-10-16,24.0,19.3,21.4,24.0,19.3,21.4,20.1,92.8,51.516,16.67,rain,36.4,20.5,347.0,1016.5,96.9,9.4,30.4,2.6,0.34,"Rain, Overcast"
2021-10-17,24.0,19.6,21.2,24.0,19.6,21.2,15.8,71.9,3.074,8.33,rain,44.6,22.3,1.5,1019.9,74.2,10.0,131.3,11.2,0.38,"Rain, Partially cloudy"
2021-10-18,21.0,18.0,19.2,21.0,18.0,19.2,18.4,95.3,14.862,12.5,rain,26.6,11.2,336.9,1018.9,99.2,7.8,27.7,2.5,0.41,"Rain, Overcast"
2021-10-19,24.6,20.0,22.0,24.6,20.0,22.0,21.2,95.7,2.99,8.33,rain,31.0,9.4,51.7,1017.4,97.7,8.9,77.0,6.7,0.45,"Rain, Overcast"
2021-10-20,31.3,22.0,26.2,37.7,22.0,28.6,23.9,88.1,0.0,0.0,noprecip,29.2,16.6,119.3,1013.8,72.0,8.1,187.6,16.1,0.5,Partially cloudy
2021-10-21,26.0,20.0,22.7,26.0,20.0,22.7,20.5,88.3,12.0,25.0,rain,55.4,33.5,37.2,1015.2,92.6,8.4,88.8,7.6,0.52,"Rain, Overcast"
2021-10-22,21.5,19.0,20.1,21.5,19.0,20.1,14.4,70.8,0.004,4.17,rain,32.4,18.4,22.5,1020.8,93.7,10.4,62.2,5.4,0.55,"Rain, Overcast"
2021-10-23,25.1,18.0,21.0,25.1,18.0,21.0,13.7,65.0,0.0,0.0,noprecip,26.6,14.8,1.0,1021.4,60.9,11.2,145.4,12.6,0.58,Partially cloudy
2021-10-24,25.6,19.0,21.6,25.6,19.0,21.6,15.1,68.9,0.0,0.0,noprecip,29.9,13.0,338.3,1020.3,31.3,9.6,193.7,16.7,0.62,Partially cloudy
2021-10-25,27.7,18.0,22.3,27.2,18.0,22.3,16.5,74.0,0.0,0.0,noprecip,23.0,16.6,6.3,1017.2,9.3,9.9,222.8,19.2,0.65,Clear
2021-10-26,28.0,18.0,23.1,28.2,18.0,23.2,18.1,77.0,0.0,0.0,noprecip,16.6,11.2,59.0,1015.7,17.4,6.8,163.1,14.0,0.68,Clear
2021-10-27,29.1,20.0,24.8,29.2,20.0,24.8,18.3,71.1,0.0,0.0,noprecip,26.3,13.0,10.4,1016.4,24.3,7.4,203.1,17.6,0.72,Partially cloudy
2021-10-28,25.0,20.9,22.7,25.0,20.9,22.7,19.6,84.5,40.62,12.5,rain,23.0,13.0,346.5,1017.3,84.7,6.6,31.0,2.6,0.75,"Rain, Partially cloudy"
2021-10-29,22.5,21.0,21.6,22.5,21.0,21.6,21.4,98.7,18.031,16.67,rain,29.5,9.4,342.8,1017.7,96.5,7.5,43.9,3.7,0.75,"Rain, Overcast"
2021-10-30,22.0,19.0,20.1,22.0,19.0,20.1,19.8,98.0,34.654,12.5,rain,21.2,18.4,359.3,1018.7,100.0,8.6,21.0,1.8,0.81,"Rain, Overcast"
2021-10-31,22.0,19.7,20.7,22.0,19.7,20.7,20.3,97.7,1.0,12.5,rain,20.2,9.4,3.4,1017.6,95.9,9.2,34.6,3.1,0.85,"Rain, Overcast"
2021-11-01,22.1,20.0,21.2,22.1,20.0,21.2,20.8,97.6,4.968,12.5,rain,20.5,13.0,8.3,1017.5,93.4,8.9,29.8,2.6,0.88,"Rain, Overcast"
2021-11-02,23.0,21.0,21.8,23.0,21.0,21.8,21.4,97.7,3.958,8.33,rain,27.7,13.0,7.1,1017.3,98.1,8.4,40.8,3.5,0.91,"Rain, Overcast"
2021-11-03,27.4,21.0,23.4,30.6,21.0,23.8,22.0,92.1,0.099,4.17,rain,15.1,13.0,54.2,1015.4,77.5,9.0,96.9,8.3,0.95,"Rain, Partially cloudy"
2021-11-04,30.4,22.0,26.3,33.6,22.0,27.6,22.5,81.7,0.0,0.0,noprecip,27.0,18.4,128.3,1012.5,42.6,9.4,138.9,12.0,0.98,Partially cloudy
2021-11-05,30.5,24.0,26.5,35.6,24.0,28.2,23.5,84.7,0.0,0.0,noprecip,28.8,16.6,133.3,1010.2,60.8,10.6,169.9,14.7,0.0,Partially cloudy
2021-11-06,30.0,24.0,26.4,38.8,24.0,28.8,24.5,89.5,0.0,0.0,noprecip,23.4,14.8,126.9,1008.0,71.0,8.3,141.3,12.4,0.05,Partially cloudy
2021-11-07,31.0,23.0,26.8,39.1,23.0,29.4,24.8,89.4,0.032,4.17,rain,47.5,14.8,104.4,1011.0,69.0,8.8,145.7,12.7,0.08,"Rain, Partially cloudy"
2021-11-08,24.3,18.0,20.1,24.3,18.0,20.1,12.7,62.7,0.618,8.33,rain,38.9,33.5,2.0,1019.9,90.6,10.0,48.4,4.1,0.11,"Rain, Overcast"
2021-11-09,24.0,17.0,20.1,24.0,17.0,20.1,8.6,49.2,0.0,0.0,noprecip,25.6,14.8,14.0,1020.3,42.5,10.0,193.2,16.7,0.15,Partially cloudy
2021-11-10,24.0,19.0,20.7,24.0,19.0,20.7,8.5,46.8,0.0,0.0,noprecip,25.2,14.1,0.5,1020.1,33.0,10.0,197.0,17.1,0.18,Partially cloudy
2021-11-11,25.5,16.0,20.8,25.5,16.0,20.8,12.8,64.0,0.0,0.0,noprecip,17.6,9.6,22.0,1017.3,25.7,9.7,212.6,18.4,0.25,Partially cloudy
2021-11-12,25.0,20.0,21.9,25.0,20.0,21.9,13.4,59.4,0.0,0.0,noprecip,27.7,18.4,356.1,1019.2,76.2,9.9,120.7,10.4,0.25,Partially cloudy
2021-11-13,24.4,19.0,21.2,24.4,19.0,21.2,12.0,56.6,0.0,0.0,noprecip,27.0,16.6,341.1,1019.5,51.2,10.2,157.4,13.5,0.29,Partially cloudy
2021-11-14,26.0,17.0,21.2,26.0,17.0,21.2,14.2,67.6,0.0,0.0,noprecip,19.8,13.0,350.7,1017.8,19.1,9.2,197.9,17.0,0.32,Clear
2021-11-15,26.1,18.7,22.1,26.1,18.7,22.1,16.5,73.0,0.0,0.0,noprecip,16.9,16.6,101.8,1015.7,53.5,7.9,147.8,12.7,0.36,Partially cloudy
2021-11-16,22.0,21.0,21.3,22.0,21.0,21.3,18.9,86.0,0.099,4.17,rain,13.3,9.4,353.9,1015.7,95.4,4.7,44.3,3.7,0.39,"Rain, Overcast"
2021-11-17,22.0,20.0,21.0,22.0,20.0,21.0,18.4,85.2,0.396,4.17,rain,36.0,16.6,6.8,1017.3,95.8,6.5,36.6,3.0,0.43,"Rain, Overcast"
2021-11-18,22.1,18.0,20.1,22.1,18.0,20.1,13.2,65.2,0.0,0.0,noprecip,21.6,14.8,3.3,1016.0,59.2,9.3,110.0,9.5,0.46,Partially cloudy
2021-11-19,23.6,17.0,20.1,23.6,17.0,20.1,17.2,83.5,0.0,0.0,noprecip,27.0,13.0,73.0,1010.6,84.8,5.4,137.4,11.9,0.5,Partially cloudy
2021-11-20,28.6,19.7,23.2,31.4,19.7,23.7,21.0,88.7,0.792,8.33,rain,29.5,11.2,176.4,1009.0,87.4,4.6,88.5,7.5,0.53,"Rain, Partially cloudy"
2021-11-21,31.0,23.1,26.2,36.5,23.1,27.8,22.8,82.0,0.099,4.17,rain,40.3,14.8,138.9,1011.7,65.7,8.0,137.4,12.0,0.56,"Rain, Partially cloudy"
2021-11-22,24.5,18.0,20.8,24.5,18.0,20.8,14.4,68.1,1.211,8.33,rain,46.4,27.7,19.9,1018.0,84.3,9.4,52.9,4.4,0.59,"Rain, Partially cloudy"
2021-11-23,21.0,17.0,18.2,21.0,17.0,18.2,9.5,57.2,0.0,0.0,noprecip,28.8,20.5,10.0,1022.1,84.9,10.0,101.8,8.7,0.63,Partially cloudy
2021-11-24,21.5,17.0,18.6,21.5,17.0,18.6,10.6,60.6,0.0,0.0,noprecip,25.6,19.3,347.4,1021.8,81.1,10.0,112.2,9.5,0.66,Partially cloudy
2021-11-25,21.1,16.0,18.1,21.1,16.0,18.1,13.3,75.4,0.0,0.0,noprecip,23.0,9.7,302.6,1019.8,38.5,9.6,167.5,14.4,0.7,Partially cloudy
2021-11-26,24.5,15.7,19.6,24.5,15.7,19.6,14.7,74.3,0.3,12.5,rain,22.0,13.0,315.4,1019.3,25.9,8.4,163.0,14.0,0.73,"Rain, Partially cloudy"
2021-11-27,25.9,18.0,21.2,25.9,18.0,21.2,13.5,65.2,0.0,0.0,noprecip,25.2,14.8,7.7,1020.2,23.2,9.5,182.7,15.7,0.75,Partially cloudy
2021-11-28,26.0,15.0,20.4,26.0,15.0,20.4,14.3,70.7,0.0,0.0,noprecip,20.9,10.0,325.2,1019.7,29.9,9.5,195.2,16.8,0.8,Partially cloudy
2021-11-29,27.6,18.0,21.7,27.4,18.0,21.7,15.4,70.4,0.0,0.0,noprecip,19.1,9.9,336.6,1018.1,43.3,9.8,181.0,15.7,0.83,Partially cloudy
2021-11-30,26.0,19.0,22.0,26.0,19.0,22.0,12.9,58.5,0.0,0.0,noprecip,36.4,22.3,358.1,1020.7,45.1,9.6,139.9,12.1,0.86,Partially cloudy
2021-12-01,24.1,15.0,19.8,24.1,15.0,19.8,10.4,56.5,0.0,0.0,noprecip,28.8,14.8,16.6,1021.9,33.0,9.7,202.4,17.5,0.9,Partially cloudy
2021-12-02,25.4,11.9,17.3,25.4,11.9,17.3,8.3,60.8,0.0,0.0,noprecip,24.5,13.0,2.9,1022.6,15.4,10.8,196.1,17.1,0.93,Clear
2021-12-03,24.0,12.0,17.1,24.0,12.0,17.1,10.8,70.6,0.0,0.0,noprecip,23.8,13.0,332.9,1022.5,8.1,8.8,201.0,17.6,0.96,Clear
2021-12-04,24.0,12.0,17.5,24.0,12.0,17.5,9.4,64.8,0.0,0.0,noprecip,21.2,7.6,341.9,1022.0,3.5,8.6,198.1,17.2,0.0,Clear
2021-12-05,24.0,12.7,17.8,24.0,12.7,17.8,10.8,67.6,0.0,0.0,noprecip,23.8,12.1,319.2,1021.7,0.2,7.5,192.3,16.6,0.03,Clear
2021-12-06,25.0,13.0,18.0,25.0,13.0,18.0,11.3,69.5,0.0,0.0,noprecip,22.7,11.2,355.7,1020.9,0.3,9.1,195.9,16.9,0.06,Clear
2021-12-07,25.0,11.0,17.7,25.0,11.0,17.7,10.7,67.4,0.0,0.0,noprecip,16.6,11.2,96.1,1020.8,0.0,8.7,194.8,16.7,0.1,Clear
2021-12-08,24.0,12.0,18.7,24.0,12.0,18.7,13.4,73.6,0.1,4.17,rain,16.9,7.6,336.6,1021.4,47.9,8.1,145.5,12.6,0.13,"Rain, Partially cloudy"
2021-12-09,22.0,17.7,19.7,22.0,17.7,19.7,16.0,79.9,0.7,20.83,rain,22.7,11.2,302.0,1022.4,70.2,6.7,64.9,5.7,0.16,"Rain, Partially cloudy"
2021-12-10,25.0,17.0,20.8,25.0,17.0,20.8,17.3,81.5,0.0,0.0,noprecip,23.4,16.6,132.0,1019.7,33.7,7.0,118.1,10.1,0.2,Partially cloudy
2021-12-11,24.0,19.0,21.4,24.0,19.0,21.4,17.1,78.1,0.0,0.0,noprecip,18.4,14.8,120.2,1019.8,37.8,6.3,97.9,8.5,0.25,Partially cloudy
2021-12-12,26.0,17.1,21.0,26.0,17.1,21.0,16.4,76.9,0.001,4.17,rain,38.2,22.3,12.3,1021.8,43.5,6.3,145.4,12.6,0.27,"Rain, Partially cloudy"
2021-12-13,21.3,14.0,18.4,21.3,14.0,18.4,11.1,63.4,0.0,0.0,noprecip,25.2,18.4,6.6,1022.5,53.3,9.9,125.1,10.8,0.3,Partially cloudy
2021-12-14,23.2,13.0,18.2,23.2,13.0,18.2,13.7,76.7,0.0,0.0,noprecip,22.0,11.2,65.2,1018.1,20.4,7.8,176.2,15.0,0.33,Partially cloudy
2021-12-15,21.8,16.0,18.9,21.8,16.0,18.9,17.3,91.0,0.0,0.0,noprecip,23.4,9.4,76.3,1014.9,47.9,4.3,122.8,10.5,0.37,Partially cloudy
2021-12-16,26.0,18.6,21.3,26.0,18.6,21.3,18.3,83.5,0.1,4.17,rain,12.2,7.6,325.6,1015.3,32.5,4.6,73.3,6.3,0.4,"Rain, Partially cloudy"
2021-12-17,25.5,18.0,21.9,25.5,18.0,21.9,16.3,72.1,0.0,0.0,noprecip,32.0,18.4,10.6,1019.3,43.1,8.0,96.3,8.2,0.43,Partially cloudy
2021-12-18,22.5,17.0,19.3,22.5,17.0,19.3,9.6,54.1,0.0,0.0,noprecip,29.5,18.4,19.0,1022.5,44.8,10.0,142.9,12.3,0.47,Partially cloudy
2021-12-19,22.0,14.0,18.2,22.0,14.0,18.2,7.7,51.1,0.0,0.0,noprecip,30.2,20.5,357.1,1021.9,48.7,10.0,156.3,13.4,0.5,Partially cloudy
2021-12-20,22.5,17.0,19.3,22.5,17.0,19.3,11.0,59.6,0.0,0.0,noprecip,20.5,16.6,36.7,1017.8,92.2,10.0,78.4,6.9,0.53,Overcast
2021-12-21,23.0,16.0,18.9,23.0,16.0,18.9,12.6,67.9,0.0,0.0,noprecip,24.8,13.0,339.2,1017.4,42.0,9.3,168.5,14.4,0.57,Partially cloudy
2021-12-22,25.0,14.9,19.1,25.0,14.9,19.1,13.5,72.2,0.0,0.0,noprecip,17.3,16.6,84.2,1016.9,18.4,7.2,174.2,15.0,0.6,Clear
2021-12-23,24.7,15.0,19.6,24.7,15.0,19.6,14.2,72.8,0.0,0.0,noprecip,22.3,13.0,121.9,1015.7,5.6,6.6,180.2,15.5,0.64,Clear
2021-12-24,23.0,17.0,20.1,23.0,17.0,20.1,16.6,81.2,0.3,12.5,rain,13.7,13.0,51.6,1016.3,47.3,4.8,90.3,7.7,0.67,"Rain, Partially cloudy"
2021-12-25,23.6,19.0,20.9,23.6,19.0,20.9,17.7,82.3,2.2,33.33,rain,27.0,14.8,70.6,1018.9,39.6,5.3,81.1,7.0,0.71,"Rain, Partially cloudy"
2021-12-26,20.1,15.0,18.2,20.1,15.0,18.2,14.1,77.0,1.2,16.67,rain,38.2,22.3,49.0,1022.5,75.6,7.5,36.2,3.1,0.74,"Rain, Partially cloudy"
2021-12-27,15.0,12.0,13.3,15.0,12.0,13.3,7.9,69.7,0.011,4.17,rain,27.0,24.1,30.6,1026.7,97.0,10.0,34.8,3.0,0.75,"Rain, Overcast"
2021-12-28,17.1,11.0,13.9,17.1,11.0,13.9,9.0,72.4,0.0,0.0,noprecip,18.4,13.0,12.1,1024.8,85.8,9.6,77.7,6.6,0.81,Partially cloudy
2021-12-29,16.7,14.0,15.2,16.7,14.0,15.2,11.3,77.6,0.1,4.17,rain,20.2,14.8,17.1,1024.2,99.0,9.5,49.9,4.1,0.84,"Rain, Overcast"
2021-12-30,19.0,13.7,16.0,19.0,13.7,16.0,10.4,69.6,0.004,8.33,rain,23.0,16.6,6.8,1025.8,98.1,10.0,59.5,5.1,0.88,"Rain, Overcast"
2021-12-31,17.0,13.0,15.2,17.0,13.0,15.2,12.7,85.3,0.397,8.33,rain,18.4,14.8,12.3,1025.0,86.6,8.3,55.2,4.7,0.91,"Rain, Partially cloudy"
2022-01-01,18.0,14.9,16.2,18.0,14.9,16.2,12.9,80.8,0.0,0.0,noprecip,22.0,14.8,8.6,1024.3,87.3,9.4,67.6,6.0,0.95,Partially cloudy
2022-01-02,22.0,15.0,17.4,22.0,15.0,17.4,12.5,73.7,0.0,0.0,noprecip,18.7,11.2,358.0,1022.8,61.2,8.9,149.0,13.0,0.98,Partially cloudy
2022-01-03,20.3,13.0,16.7,20.3,13.0,16.7,13.9,84.7,0.0,0.0,noprecip,18.7,7.6,337.3,1020.3,57.7,5.0,117.4,10.1,0.0,Partially cloudy
2022-01-04,24.7,16.0,20.2,24.7,16.0,20.2,15.4,75.4,0.0,0.0,noprecip,20.9,20.5,123.6,1017.7,55.2,6.6,102.5,8.8,0.05,Partially cloudy
2022-01-05,24.1,17.0,20.4,24.1,17.0,20.4,17.3,83.2,0.4,12.5,rain,16.9,14.8,105.8,1016.2,45.9,6.0,70.9,6.1,0.08,"Rain, Partially cloudy"
2022-01-06,25.0,19.0,21.3,25.0,19.0,21.3,17.9,81.2,0.9,20.83,rain,23.8,17.2,121.5,1017.1,44.4,7.5,82.6,7.1,0.11,"Rain, Partially cloudy"
2022-01-07,24.0,19.0,21.0,24.0,19.0,21.0,16.9,77.9,1.6,37.5,rain,35.3,22.3,127.4,1019.1,71.1,8.2,81.6,7.0,0.15,"Rain, Partially cloudy"
2022-01-08,22.0,16.0,19.9,22.0,16.0,19.9,16.3,80.0,0.7,20.83,rain,30.2,20.5,100.7,1017.9,85.4,7.2,46.9,4.3,0.18,"Rain, Partially cloudy"
2022-01-09,16.8,14.0,14.9,16.8,14.0,14.9,12.5,85.8,1.882,12.5,rain,24.1,20.5,28.3,1017.7,96.8,8.3,31.5,2.7,0.21,"Rain, Overcast"
2022-01-10,16.0,13.0,14.6,16.0,13.0,14.6,13.2,91.9,0.302,8.33,rain,24.1,14.8,17.0,1017.1,99.5,6.1,48.7,4.2,0.25,"Rain, Overcast"
2022-01-11,20.0,15.7,17.4,20.0,15.7,17.4,10.2,63.3,1.011,4.17,rain,24.5,18.4,20.2,1020.9,30.8,10.0,114.5,9.9,0.28,"Rain, Partially cloudy"
2022-01-12,19.3,15.0,17.0,19.3,15.0,17.0,12.8,77.0,0.0,0.0,noprecip,21.2,13.0,98.9,1019.3,82.6,8.5,123.2,10.6,0.31,Partially cloudy
2022-01-13,17.0,15.0,16.0,17.0,15.0,16.0,12.5,80.0,0.208,4.17,rain,19.4,18.4,25.0,1021.0,89.9,8.4,35.5,3.2,0.34,"Rain, Partially cloudy"
2022-01-14,18.5,15.0,16.5,18.5,15.0,16.5,13.1,80.3,0.0,0.0,noprecip,17.3,9.4,62.2,1018.7,60.0,5.8,93.1,8.0,0.38,Partially cloudy
2022-01-15,21.5,16.0,18.1,21.5,16.0,18.1,16.0,87.8,0.1,4.17,rain,20.9,9.9,305.2,1017.2,57.9,4.0,80.6,6.8,0.41,"Rain, Partially cloudy"
2022-01-16,24.5,16.0,19.5,24.5,16.0,19.5,17.2,87.0,0.199,8.33,rain,43.9,24.1,38.8,1017.7,69.7,5.7,122.5,10.5,0.44,"Rain, Partially cloudy"
2022-01-17,16.0,13.0,14.7,16.0,13.0,14.7,12.2,84.9,22.904,16.67,rain,23.4,20.5,9.4,1021.6,77.2,9.7,24.1,2.1,0.47,"Rain, Partially cloudy"
2022-01-18,21.9,15.0,17.6,21.9,15.0,17.6,11.1,67.7,0.001,4.17,rain,23.8,14.8,351.7,1021.7,19.5,9.3,122.3,10.5,0.5,Rain
2022-01-19,22.0,13.0,17.3,22.0,13.0,17.3,11.9,72.9,0.0,0.0,noprecip,16.9,13.0,55.0,1019.4,23.3,8.4,172.1,14.8,0.54,Partially cloudy
2022-01-20,17.5,15.0,16.5,17.5,15.0,16.5,13.9,84.7,2.625,12.5,rain,29.9,27.7,98.5,1017.0,73.2,8.1,122.3,10.5,0.58,"Rain, Partially cloudy"
2022-01-21,17.0,16.0,16.3,17.0,16.0,16.3,15.3,94.2,6.97,12.5,rain,22.3,11.2,31.3,1015.5,95.0,4.5,27.9,2.5,0.61,"Rain, Overcast"
2022-01-22,21.5,16.0,18.4,21.5,16.0,18.4,17.3,93.3,5.486,4.17,rain,16.9,11.2,88.4,1011.1,94.9,5.2,67.3,5.9,0.65,"Rain, Overcast"
2022-01-23,25.0,18.0,20.6,25.0,18.0,20.6,18.7,89.4,0.199,8.33,rain,16.2,11.2,191.5,1010.6,80.3,4.2,95.1,8.1,0.68,"Rain, Partially cloudy"
2022-01-24,26.1,20.0,22.6,26.1,20.0,22.6,19.7,84.5,0.6,16.67,rain,26.3,18.4,133.1,1011.6,67.2,6.5,144.0,12.5,0.72,"Rain, Partially cloudy"
2022-01-25,22.0,19.9,20.7,22.0,19.9,20.7,18.8,89.0,0.003,4.17,rain,30.6,20.5,127.0,1013.8,92.4,7.7,63.9,5.3,0.75,"Rain, Overcast"
2022-01-26,23.5,19.0,20.7,23.5,19.0,20.7,19.3,91.7,0.198,4.17,rain,24.8,18.4,127.0,1014.0,91.0,6.8,68.8,5.9,0.79,"Rain, Overcast"
2022-01-27,26.0,20.0,22.2,26.0,20.0,22.2,19.9,87.8,2.4,45.83,rain,33.5,20.5,118.3,1014.1,85.9,7.0,108.0,9.3,0.82,"Rain, Partially cloudy"
2022-01-28,26.0,20.0,22.5,26.0,20.0,22.5,19.3,82.8,0.8,25.0,rain,34.6,22.3,119.1,1013.3,88.4,9.3,104.0,8.9,0.86,"Rain, Partially cloudy"
2022-01-29,21.0,13.0,16.9,21.0,13.0,16.9,14.8,87.4,0.997,8.33,rain,51.8,33.5,64.1,1013.0,95.8,8.3,27.4,2.2,0.89,"Rain, Overcast"
2022-01-30,14.3,11.0,13.1,14.3,11.0,13.1,8.2,72.9,0.262,8.33,rain,19.4,20.5,34.8,1017.1,100.0,9.3,35.4,3.2,0.93,"Rain, Overcast"
2022-01-31,14.3,11.0,12.5,14.3,11.0,12.5,8.6,77.8,0.796,4.17,rain,35.3,16.6,18.2,1018.8,99.5,9.6,32.1,2.8,0.96,"Rain, Overcast"
2022-02-01,14.5,12.0,13.0,14.5,12.0,13.0,7.8,71.1,0.5,16.67,rain,21.6,14.8,16.4,1019.2,98.9,10.0,47.9,4.1,0.0,"Rain, Overcast"
2022-02-02,14.0,11.0,12.5,14.0,11.0,12.5,8.7,78.1,0.8,20.83,rain,24.1,14.8,11.9,1020.1,100.0,10.0,35.1,3.1,0.03,"Rain, Overcast"
2022-02-03,16.7,12.0,14.0,16.7,12.0,14.0,7.3,64.7,0.1,4.17,rain,23.8,14.8,357.5,1020.6,99.1,10.0,104.1,9.0,0.06,"Rain, Overcast"
2022-02-04,18.1,14.0,15.5,18.1,14.0,15.5,9.1,66.0,0.0,0.0,noprecip,26.3,13.0,349.5,1022.3,80.5,10.0,129.1,11.1,0.1,Partially cloudy
2022-02-05,17.6,13.0,15.1,17.6,13.0,15.1,8.7,66.5,0.792,4.17,rain,20.2,16.6,25.2,1022.8,54.0,9.5,96.6,8.4,0.13,"Rain, Partially cloudy"
2022-02-06,14.0,12.0,12.8,14.0,12.0,12.8,12.0,94.6,15.873,12.5,rain,23.0,11.2,49.8,1019.4,100.0,6.1,25.0,2.4,0.16,"Rain, Overcast"
2022-02-07,20.0,14.0,16.5,20.0,14.0,16.5,14.4,88.0,0.199,4.17,rain,23.0,8.0,13.4,1014.9,95.5,6.6,128.8,11.2,0.19,"Rain, Overcast"
2022-02-08,17.0,14.0,16.0,17.0,14.0,16.0,15.1,94.3,1.197,12.5,rain,24.5,16.6,46.7,1015.8,96.4,6.3,33.6,3.0,0.25,"Rain, Overcast"
2022-02-09,14.8,12.0,13.5,14.8,12.0,13.5,11.5,88.0,0.914,8.33,rain,25.9,18.4,37.2,1018.3,100.0,9.5,38.1,3.3,0.26,"Rain, Overcast"
2022-02-10,15.8,12.0,13.4,15.8,12.0,13.4,11.9,90.6,0.596,12.5,rain,15.1,14.8,51.1,1016.2,98.9,6.9,64.9,5.6,0.29,"Rain, Overcast"
2022-02-11,18.3,14.0,15.9,18.3,14.0,15.9,15.2,95.5,0.695,8.33,rain,15.5,11.2,28.1,1015.2,99.4,4.2,76.4,6.5,0.32,"Rain, Overcast"
2022-02-12,16.8,14.0,15.3,16.8,14.0,15.3,14.6,95.1,2.724,16.67,rain,16.6,17.8,46.7,1014.3,100.0,5.7,29.8,2.6,0.35,"Rain, Overcast"
2022-02-13,15.0,13.0,14.1,15.0,13.0,14.1,11.6,85.3,7.0,12.5,rain,27.7,20.5,25.2,1015.1,91.2,8.6,29.8,2.6,0.39,"Rain, Overcast"
2022-02-14,20.0,13.0,16.3,20.0,13.0,16.3,10.0,66.8,0.3,8.33,rain,20.5,18.4,44.4,1017.9,50.3,10.0,98.0,8.6,0.42,"Rain, Partially cloudy"
2022-02-15,17.8,15.0,16.6,17.8,15.0,16.6,13.7,83.5,0.1,4.17,rain,14.8,11.2,44.1,1016.5,99.5,8.1,59.6,5.2,0.45,"Rain, Overcast"
2022-02-16,17.7,15.0,16.3,17.7,15.0,16.3,15.5,95.2,1.209,8.33,rain,12.2,9.4,37.5,1012.7,99.9,4.8,39.2,3.3,0.5,"Rain, Overcast"
2022-02-17,20.7,17.0,18.5,20.7,17.0,18.5,17.5,94.3,0.1,8.33,rain,17.6,7.6,57.6,1009.8,95.8,3.1,104.5,9.2,0.52,"Rain, Overcast"
2022-02-18,22.9,19.0,20.7,22.9,19.0,20.7,20.0,96.1,0.6,12.5,rain,31.0,18.4,101.2,1010.2,94.0,2.9,37.9,3.3,0.55,"Rain, Overcast"
2022-02-19,19.6,10.0,13.2,19.6,8.0,13.1,11.5,89.2,31.053,16.67,rain,33.8,27.7,31.4,1016.6,95.8,9.3,22.2,2.0,0.59,"Rain, Overcast"
2022-02-20,10.5,8.0,9.0,10.5,5.0,6.9,7.0,87.2,39.937,16.67,rain,27.4,22.3,12.5,1022.9,96.4,9.5,16.3,1.6,0.62,"Rain, Overcast"
2022-02-21,13.7,8.7,11.0,13.7,6.7,10.2,5.5,69.3,0.36,4.17,rain,31.0,18.4,5.8,1023.9,71.1,10.0,96.4,8.2,0.66,"Rain, Partially cloudy"
2022-02-22,13.7,10.0,11.6,13.7,7.7,11.4,5.9,68.0,0.0,0.0,noprecip,29.9,20.5,5.4,1025.1,92.1,10.0,95.9,8.4,0.7,Overcast
2022-02-23,17.3,10.5,13.6,17.3,10.5,13.6,4.9,56.2,0.0,0.0,noprecip,30.6,18.4,356.0,1026.9,19.0,10.0,239.8,20.7,0.73,Clear
2022-02-24,18.9,10.0,14.5,18.9,8.5,14.4,6.5,59.8,0.0,0.0,noprecip,26.3,14.8,57.3,1026.5,18.1,9.9,237.4,20.5,0.75,Clear
2022-02-25,20.0,10.0,15.2,20.0,9.1,15.2,9.3,70.0,0.0,0.0,noprecip,16.6,14.8,104.7,1023.9,15.1,8.1,218.4,18.8,0.8,Clear
2022-02-26,21.0,11.6,17.0,21.0,11.6,17.0,11.8,72.8,0.0,0.0,noprecip,19.4,11.2,61.3,1022.1,75.9,6.6,210.9,18.4,0.84,Partially cloudy
2022-02-27,22.0,16.0,18.8,22.0,16.0,18.8,13.9,73.9,0.0,0.0,noprecip,19.8,9.4,263.5,1018.9,76.0,5.3,163.1,14.2,0.87,Partially cloudy
2022-02-28,24.8,16.0,19.9,24.8,16.0,19.9,15.5,76.7,0.0,0.0,noprecip,28.4,16.6,112.2,1015.9,64.0,5.6,197.0,16.9,0.91,Partially cloudy
2022-03-01,22.8,19.0,20.7,22.8,19.0,20.7,17.1,79.9,0.5,20.83,rain,14.0,13.0,100.6,1016.4,83.5,5.8,66.6,5.6,0.95,"Rain, Partially cloudy"
2022-03-02,25.1,19.0,22.2,25.1,19.0,22.2,18.2,79.5,0.0,0.0,noprecip,25.9,13.0,151.7,1016.6,65.8,5.3,162.7,14.1,0.98,Partially cloudy
2022-03-03,25.4,18.0,22.1,25.4,18.0,22.1,18.5,80.7,0.0,0.0,noprecip,31.0,20.5,118.6,1014.2,67.0,6.4,173.2,15.0,0.0,Partially cloudy
2022-03-04,23.5,19.9,21.3,23.5,19.9,21.3,19.5,89.8,0.3,12.5,rain,28.8,14.8,109.5,1012.8,96.9,5.1,109.5,9.3,0.05,"Rain, Overcast"
2022-03-05,22.8,20.7,21.3,22.8,20.7,21.3,20.5,95.0,0.2,8.33,rain,27.0,11.6,114.6,1011.7,96.9,4.1,53.4,4.7,0.08,"Rain, Overcast"
2022-03-06,24.0,20.9,22.2,24.0,20.9,22.2,21.1,93.7,0.206,12.5,rain,30.6,14.8,114.8,1011.5,98.0,4.6,86.4,7.5,0.11,"Rain, Overcast"
2022-03-07,24.4,18.1,21.5,24.4,18.1,21.5,17.1,77.7,15.285,12.5,rain,40.3,24.1,7.9,1017.7,46.6,7.8,117.4,10.1,0.14,"Rain, Partially cloudy"
2022-03-08,26.0,16.0,20.5,26.0,16.0,20.5,14.1,69.8,0.0,0.0,noprecip,33.8,22.3,124.6,1016.0,16.3,8.7,259.2,22.4,0.18,Clear
2022-03-09,23.1,16.0,19.6,23.1,16.0,19.6,15.5,77.7,0.1,4.17,rain,31.3,22.3,105.2,1013.9,77.2,9.3,110.7,9.6,0.21,"Rain, Partially cloudy"
2022-03-10,24.0,18.0,20.6,24.0,18.0,20.6,18.0,85.5,0.989,4.17,rain,28.1,16.6,111.2,1013.8,96.8,7.0,93.5,8.0,0.25,"Rain, Overcast"
2022-03-11,24.7,20.0,22.0,24.7,20.0,22.0,18.5,81.3,0.0,0.0,noprecip,24.1,13.0,116.2,1012.3,96.7,8.9,146.6,12.7,0.27,Overcast
2022-03-12,25.3,20.7,22.7,25.3,20.7,22.7,19.4,82.0,0.3,12.5,rain,30.2,18.4,124.9,1011.1,79.0,8.9,82.7,7.2,0.3,"Rain, Partially cloudy"
2022-03-13,25.0,21.0,22.8,25.0,21.0,22.8,20.2,85.5,0.0,0.0,noprecip,32.0,16.6,115.6,1011.0,85.6,8.5,106.2,9.2,0.34,Partially cloudy
2022-03-14,25.7,21.0,23.3,25.7,21.0,23.3,20.3,83.5,0.2,8.33,rain,31.0,14.4,115.0,1011.0,92.9,8.1,94.6,8.1,0.37,"Rain, Overcast"
2022-03-15,28.0,22.0,24.7,30.1,22.0,25.2,20.7,79.3,0.1,4.17,rain,19.1,13.0,192.5,1010.0,54.7,5.8,114.3,9.9,0.4,"Rain, Partially cloudy"
2022-03-16,26.0,22.0,23.5,26.0,22.0,23.5,21.3,87.9,0.223,12.5,rain,38.2,20.5,120.2,1008.6,76.8,6.7,139.2,12.0,0.43,"Rain, Partially cloudy"
2022-03-17,25.3,22.6,23.6,25.3,22.6,23.6,21.6,88.7,0.0,0.0,noprecip,21.2,14.8,106.2,1007.9,91.8,6.1,130.2,11.3,0.46,Overcast
2022-03-18,28.0,22.0,24.9,31.3,22.0,25.6,22.0,84.3,0.099,4.17,rain,21.6,17.0,115.6,1008.4,71.4,5.7,106.9,9.1,0.5,"Rain, Partially cloudy"
2022-03-19,26.3,22.0,24.1,26.3,22.0,24.1,22.0,88.0,0.3,12.5,rain,31.7,18.4,117.2,1006.7,90.6,6.8,142.6,12.2,0.53,"Rain, Overcast"
2022-03-20,28.0,24.0,25.4,31.9,24.0,26.1,22.9,86.2,0.0,0.0,noprecip,37.1,27.7,114.3,1006.7,91.8,7.5,192.9,16.7,0.57,Overcast
2022-03-21,29.1,24.0,25.6,33.8,24.0,26.5,23.6,89.3,0.0,0.0,noprecip,32.4,18.4,107.5,1007.7,90.6,6.2,183.0,15.8,0.6,Overcast
2022-03-22,32.4,24.0,26.5,37.9,24.0,28.2,23.8,85.8,10.6,25.0,rain,25.9,20.5,94.7,1009.1,79.0,6.1,183.5,15.7,0.64,"Rain, Partially cloudy"
2022-03-23,25.1,17.0,19.9,25.1,17.0,19.9,16.9,83.1,5.99,8.33,rain,51.8,31.7,40.8,1013.4,99.0,8.7,33.7,2.9,0.68,"Rain, Overcast"
2022-03-24,20.8,16.0,18.7,20.8,16.0,18.7,16.7,88.3,4.951,4.17,rain,38.9,16.6,101.7,1011.0,99.5,7.2,81.7,7.0,0.71,"Rain, Overcast"
2022-03-25,27.5,19.0,22.4,29.7,19.0,22.5,20.2,88.0,0.198,4.17,rain,25.2,13.0,110.7,1007.6,94.5,5.2,189.0,16.3,0.75,"Rain, Overcast"
2022-03-26,32.8,22.7,26.4,39.2,22.7,28.6,23.1,83.2,0.0,0.0,noprecip,34.6,16.6,84.6,1007.6,50.6,4.8,261.1,22.6,0.78,Partially cloudy
2022-03-27,25.5,18.0,23.1,25.5,18.0,23.1,18.3,75.6,0.89,4.17,rain,51.8,27.7,44.9,1012.8,76.1,8.7,67.2,6.0,0.82,"Rain, Partially cloudy"
2022-03-28,22.0,18.0,19.9,22.0,18.0,19.9,14.8,73.1,7.033,8.33,rain,24.1,13.0,64.5,1016.7,36.6,10.0,180.7,15.6,0.85,"Rain, Partially cloudy"
2022-03-29,22.8,18.0,20.2,22.8,18.0,20.2,17.1,82.7,0.2,4.17,rain,18.4,13.0,89.1,1014.8,85.7,5.4,111.8,9.7,0.89,"Rain, Partially cloudy"
2022-03-30,25.3,19.0,21.9,25.3,19.0,21.9,20.2,90.6,0.513,8.33,rain,21.2,18.4,90.5,1013.6,94.9,4.7,78.8,6.9,0.93,"Rain, Overcast"
2022-03-31,28.5,20.0,24.4,31.3,20.0,25.2,21.6,85.2,0.199,4.17,rain,46.4,25.9,60.3,1014.8,85.9,7.0,132.4,11.5,0.96,"Rain, Partially cloudy"
2022-04-01,21.0,17.0,18.5,21.0,17.0,18.5,15.7,84.1,43.745,16.67,rain,31.7,31.7,347.3,1021.5,89.4,9.0,41.2,3.6,0.0,"Rain, Partially cloudy"
2022-04-02,22.0,17.0,19.5,22.0,17.0,19.5,10.7,57.3,0.042,4.17,rain,38.2,22.3,355.5,1025.2,50.4,10.0,96.7,8.3,0.03,"Rain, Partially cloudy"
2022-04-03,25.3,15.0,20.4,25.3,15.0,20.4,10.2,54.9,0.0,0.0,noprecip,25.2,16.6,24.6,1022.5,7.1,10.0,255.6,22.1,0.06,Clear
2022-04-04,26.1,17.0,21.4,26.1,17.0,21.4,11.7,56.3,0.0,0.0,noprecip,24.1,16.6,119.9,1021.2,9.3,10.0,292.4,25.3,0.09,Clear
2022-04-05,26.7,16.5,22.0,26.9,16.5,22.0,14.2,62.9,0.0,0.0,noprecip,18.0,11.2,254.1,1020.0,5.5,9.5,288.9,24.9,0.13,Clear
2022-04-06,29.1,18.0,23.8,29.8,18.0,23.9,16.9,67.2,0.0,0.0,noprecip,19.4,11.2,311.5,1017.8,17.0,8.7,271.0,23.6,0.16,Clear
2022-04-07,31.4,22.0,26.1,31.0,22.0,26.2,17.1,59.5,0.0,0.0,noprecip,26.6,14.8,289.2,1016.5,20.8,8.3,274.2,23.8,0.19,Partially cloudy
2022-04-08,30.5,19.6,25.1,29.7,19.6,25.0,16.3,61.1,0.0,0.0,noprecip,18.0,13.0,125.6,1014.9,3.3,8.5,293.2,25.4,0.22,Clear
2022-04-09,30.0,20.0,24.3,30.0,20.0,24.3,17.5,69.4,0.0,0.0,noprecip,29.5,20.5,116.5,1012.1,3.8,7.8,298.0,25.9,0.25,Clear
2022-04-10,29.0,20.0,24.4,29.8,20.0,24.7,19.0,73.4,0.0,0.0,noprecip,25.6,18.4,117.0,1010.8,57.5,8.6,264.0,22.9,0.29,Partially cloudy
2022-04-11,25.0,21.0,23.2,25.0,21.0,23.2,21.0,87.7,0.4,16.67,rain,27.0,14.8,111.1,1010.0,71.4,6.7,119.0,10.2,0.32,"Rain, Partially cloudy"
2022-04-12,28.0,23.0,25.0,31.3,23.0,25.7,22.1,84.3,0.0,0.0,noprecip,28.8,18.4,126.5,1006.6,73.9,8.4,155.8,13.4,0.35,Partially cloudy
2022-04-13,32.3,23.0,27.0,35.5,23.0,28.6,22.2,76.6,0.2,8.33,rain,18.7,11.2,98.7,1006.6,47.2,8.0,175.8,15.1,0.38,"Rain, Partially cloudy"
2022-04-14,31.0,22.8,26.8,34.6,22.8,28.3,22.5,78.9,0.1,4.17,rain,33.5,20.5,116.7,1006.8,42.6,7.8,174.6,14.8,0.42,"Rain, Partially cloudy"
2022-04-15,28.0,24.0,26.1,32.1,24.0,27.2,23.3,84.9,1.2,37.5,rain,38.2,18.4,115.8,1007.5,89.9,7.3,101.5,8.8,0.45,"Rain, Partially cloudy"
2022-04-16,26.0,20.0,23.9,26.0,20.0,23.9,21.7,87.3,5.688,16.67,rain,44.3,25.9,80.8,1009.0,97.4,8.9,74.0,6.3,0.48,"Rain, Overcast"
2022-04-17,19.0,17.0,18.2,19.0,17.0,18.2,16.4,89.2,0.844,8.33,rain,22.3,20.5,24.3,1014.1,99.5,8.7,36.7,3.3,0.5,"Rain, Overcast"
2022-04-18,23.0,17.0,19.2,23.0,17.0,19.2,15.4,79.6,10.892,12.5,rain,29.5,18.4,17.1,1017.8,70.0,9.2,89.8,7.7,0.55,"Rain, Partially cloudy"
2022-04-19,26.4,18.0,22.2,26.4,18.0,22.2,15.4,67.4,0.0,0.0,noprecip,21.6,16.6,28.9,1017.6,24.2,10.0,202.0,17.4,0.59,Partially cloudy
2022-04-20,25.5,19.0,22.1,25.5,19.0,22.1,17.5,76.1,0.6,4.17,rain,17.6,13.0,104.3,1014.9,22.5,8.2,207.7,17.9,0.62,"Rain, Partially cloudy"
2022-04-21,24.7,20.0,22.0,24.7,20.0,22.0,19.5,85.9,1.2,16.67,rain,24.8,13.0,83.3,1011.7,83.5,5.7,135.9,11.6,0.66,"Rain, Partially cloudy"
2022-04-22,29.3,22.0,25.3,32.7,22.0,26.3,21.4,80.2,0.0,0.0,noprecip,31.3,20.5,129.3,1009.1,75.3,8.0,166.2,14.3,0.69,Partially cloudy
2022-04-23,31.0,24.0,27.0,36.5,24.0,29.1,23.6,82.8,0.4,12.5,rain,26.3,20.5,116.0,1007.5,73.5,8.6,183.2,15.8,0.75,"Rain, Partially cloudy"
2022-04-24,29.5,25.0,26.8,35.5,25.0,28.9,24.4,86.9,0.0,0.0,noprecip,31.7,20.5,115.8,1004.9,94.6,9.0,228.9,19.8,0.76,Overcast
2022-04-25,32.6,25.0,27.8,40.7,25.0,31.1,24.7,84.1,0.0,0.0,noprecip,32.0,24.1,97.5,1003.9,88.9,8.5,277.0,23.8,0.8,Partially cloudy
2022-04-26,32.0,25.6,28.1,39.3,25.6,31.6,24.8,82.5,0.0,0.0,noprecip,27.4,20.5,97.6,1003.8,79.4,9.0,286.6,24.7,0.83,Partially cloudy
2022-04-27,31.3,26.0,28.1,39.1,26.0,32.1,25.2,84.7,0.099,4.17,rain,30.2,18.4,105.6,1005.6,86.8,8.3,219.8,18.8,0.87,"Rain, Partially cloudy"
2022-04-28,28.1,26.0,27.2,33.2,26.0,31.0,25.0,88.2,0.001,4.17,rain,40.0,22.3,122.7,1007.6,93.8,8.7,180.2,15.5,0.91,"Rain, Overcast"
2022-04-29,28.2,26.0,26.8,33.2,26.0,28.9,24.6,88.2,0.8,20.83,rain,37.8,14.8,116.1,1008.9,91.2,8.4,139.7,12.0,0.94,"Rain, Overcast"
2022-04-30,32.1,25.5,28.6,38.1,25.5,32.2,24.6,79.9,0.989,4.17,rain,34.6,17.5,129.7,1008.8,69.7,9.1,248.0,21.4,0.98,"Rain, Partially cloudy"
2022-05-01,27.0,19.7,23.5,30.6,19.7,23.8,16.5,67.0,12.554,8.33,rain,59.4,35.3,18.1,1012.9,74.1,9.7,99.1,8.6,0.0,"Rain, Partially cloudy"
2022-05-02,27.7,21.0,23.9,27.1,21.0,23.9,12.5,49.5,0.0,0.0,noprecip,36.0,19.7,359.6,1016.0,62.2,10.0,266.4,22.9,0.04,Partially cloudy
2022-05-03,30.0,19.6,24.9,29.2,19.6,24.6,14.2,55.2,0.0,0.0,noprecip,26.6,17.7,17.4,1016.1,29.8,10.7,307.7,26.7,0.08,Partially cloudy
2022-05-04,30.7,19.0,25.0,29.3,19.0,24.8,14.3,54.3,0.0,0.0,noprecip,17.6,16.6,104.1,1014.2,24.7,10.0,309.3,26.9,0.11,Partially cloudy
2022-05-05,30.3,21.0,25.7,30.8,21.0,26.0,18.2,64.9,0.0,0.0,noprecip,20.9,16.6,101.6,1011.5,19.9,10.4,282.2,24.2,0.14,Clear
2022-05-06,29.7,23.0,26.1,31.3,23.0,26.9,21.0,74.6,1.5,20.83,rain,22.7,10.0,53.1,1010.9,54.3,8.6,193.4,16.7,0.17,"Rain, Partially cloudy"
2022-05-07,30.3,24.0,26.8,34.1,24.0,28.4,23.1,80.9,1.027,8.33,rain,22.0,19.4,131.4,1010.7,79.4,9.0,170.9,14.6,0.21,"Rain, Partially cloudy"
2022-05-08,29.6,24.0,26.2,34.2,24.0,27.5,23.6,85.8,2.977,8.33,rain,33.8,25.0,116.8,1010.2,90.1,9.4,217.1,18.7,0.24,"Rain, Overcast"
2022-05-09,31.0,24.0,27.1,37.8,24.0,29.8,24.0,83.5,2.011,8.33,rain,37.1,22.3,133.2,1009.0,78.8,9.3,192.3,16.5,0.25,"Rain, Partially cloudy"
2022-05-10,32.5,26.0,28.6,41.4,26.0,32.8,25.2,82.5,1.021,8.33,rain,29.5,21.4,122.7,1005.8,72.8,10.8,224.7,19.4,0.31,"Rain, Partially cloudy"
2022-05-11,32.8,26.0,29.0,42.5,26.0,34.0,25.7,83.1,2.0,37.5,rain,33.8,15.7,98.1,1004.0,63.7,8.7,185.0,15.9,0.34,"Rain, Partially cloudy"
2022-05-12,31.0,24.0,26.9,37.7,24.0,29.3,24.7,88.3,37.705,8.33,rain,38.9,18.4,71.5,1003.5,80.7,9.4,150.2,13.0,0.37,"Rain, Partially cloudy"
2022-05-13,31.0,24.5,26.9,37.5,24.5,29.0,24.0,84.7,0.032,8.33,rain,31.3,20.5,59.3,1003.8,87.9,8.7,114.6,10.1,0.4,"Rain, Partially cloudy"
2022-05-14,26.1,23.0,24.5,26.1,23.0,24.5,22.1,87.0,3.276,8.33,rain,15.5,13.9,51.1,1007.1,95.9,8.9,74.8,6.4,0.44,"Rain, Overcast"
2022-05-15,26.3,24.0,24.9,26.3,24.0,24.9,21.8,83.9,5.027,8.33,rain,39.6,17.5,26.0,1008.9,92.9,7.9,84.0,7.2,0.47,"Rain, Overcast"
2022-05-16,26.1,22.0,23.9,26.1,22.0,23.9,16.2,62.2,0.021,4.17,rain,31.7,15.7,11.4,1013.7,96.8,10.0,75.4,6.5,0.5,"Rain, Overcast"
2022-05-17,28.1,20.5,24.7,28.2,20.5,24.8,17.2,64.6,0.0,0.0,noprecip,19.4,16.6,100.9,1013.2,86.0,10.0,244.8,21.1,0.54,Partially cloudy
2022-05-18,29.3,22.0,25.5,30.5,22.0,26.0,19.6,70.8,0.0,0.0,noprecip,24.1,20.4,122.9,1012.3,57.8,9.9,206.0,17.9,0.57,Partially cloudy
2022-05-19,29.0,23.0,25.9,32.0,23.0,26.9,21.9,79.4,0.3,12.5,rain,23.0,15.7,122.1,1011.0,72.7,9.0,154.3,13.2,0.61,"Rain, Partially cloudy"
2022-05-20,30.0,24.0,26.9,34.3,24.0,29.1,23.4,81.6,2.6,37.5,rain,25.6,13.9,106.7,1008.6,74.8,9.1,98.7,8.5,0.64,"Rain, Partially cloudy"
2022-05-21,27.4,24.0,25.6,30.3,24.0,26.0,21.9,80.0,0.131,8.33,rain,33.5,17.5,38.2,1006.1,77.9,10.0,46.5,3.7,0.68,"Rain, Partially cloudy"
2022-05-22,25.3,23.0,24.3,25.3,23.0,24.3,22.9,92.1,48.567,16.67,rain,108.0,19.4,24.9,1002.0,93.0,7.2,79.0,6.8,0.71,"Rain, Overcast"
2022-05-23,27.0,23.0,24.6,30.9,23.0,24.9,23.8,95.4,142.532,16.67,rain,34.6,19.4,13.4,1002.4,97.0,6.8,47.6,4.1,0.75,"Rain, Overcast"
2022-05-24,25.3,23.0,24.0,25.3,23.0,24.0,23.5,96.8,47.82,12.5,rain,32.8,15.7,320.5,1006.5,93.5,7.2,81.8,7.0,0.78,"Rain, Overcast"
2022-05-25,31.1,24.0,27.2,37.8,24.0,30.4,24.7,87.4,0.2,8.33,rain,22.3,15.7,93.6,1005.5,85.3,7.4,171.8,14.9,0.82,"Rain, Partially cloudy"
2022-05-26,33.5,26.0,28.8,42.2,26.0,33.4,25.4,82.8,0.053,4.17,rain,20.9,16.6,93.4,1001.7,75.9,8.5,213.5,18.5,0.85,"Rain, Partially cloudy"
2022-05-27,32.7,24.5,27.9,41.5,24.5,32.0,25.3,86.0,6.926,4.17,rain,22.3,23.2,93.1,1000.3,64.4,9.7,115.5,10.1,0.89,"Rain, Partially cloudy"
2022-05-28,33.0,26.0,28.8,43.8,26.0,34.5,26.2,86.3,32.651,8.33,rain,22.3,22.3,96.6,1000.4,82.6,8.5,142.8,12.1,0.92,"Rain, Partially cloudy"
2022-05-29,33.6,25.7,28.3,44.0,25.7,33.4,25.9,87.3,19.788,8.33,rain,22.0,23.2,96.4,1001.6,78.8,9.0,155.5,13.3,0.96,"Rain, Partially cloudy"
2022-05-30,31.5,25.5,28.2,41.6,25.5,33.8,26.0,88.0,0.105,8.33,rain,26.3,17.6,77.7,1003.1,79.6,9.0,137.1,11.7,0.0,"Rain, Partially cloudy"
2022-05-31,31.4,24.0,27.3,37.6,24.0,30.3,24.4,85.4,58.624,12.5,rain,20.9,16.6,78.0,1004.5,68.3,9.1,116.7,9.9,0.02,"Rain, Partially cloudy"
2022-06-01,33.9,25.5,28.8,42.8,25.5,32.9,25.4,82.9,24.736,4.17,rain,28.1,26.8,120.0,1003.9,63.7,8.6,252.3,21.8,0.06,"Rain, Partially cloudy"
2022-06-02,34.0,26.0,29.9,42.2,26.0,36.4,25.9,80.2,3.958,4.17,rain,35.6,15.7,116.1,1002.1,68.8,8.7,141.9,12.2,0.09,"Rain, Partially cloudy"
2022-06-03,36.6,26.0,30.9,44.6,26.0,36.4,24.9,72.5,0.18,4.17,rain,39.2,16.6,131.4,1000.5,80.0,10.1,174.8,15.0,0.12,"Rain, Partially cloudy"
2022-06-04,38.0,27.0,32.3,45.5,30.6,39.5,25.1,67.9,0.0,0.0,noprecip,35.6,16.6,123.7,1000.0,70.1,10.6,295.2,25.5,0.16,Partially cloudy
2022-06-05,35.9,27.0,31.0,43.8,31.2,39.0,26.2,77.0,0.6,4.17,rain,29.5,15.7,65.3,1000.2,65.2,11.2,227.4,19.6,0.19,"Rain, Partially cloudy"
2022-06-06,31.3,25.0,28.2,37.0,25.0,32.8,25.2,83.9,4.947,4.17,rain,32.0,15.7,2.8,1002.4,62.0,10.6,148.1,12.7,0.22,"Rain, Partially cloudy"
2022-06-07,31.8,24.6,28.2,38.6,24.6,32.3,24.9,82.6,6.343,12.5,rain,17.6,13.9,254.6,1003.6,71.8,9.8,101.4,8.8,0.25,"Rain, Partially cloudy"
2022-06-08,32.4,25.5,27.8,40.0,25.5,31.7,25.2,86.5,6.926,4.17,rain,26.6,11.2,75.6,1003.1,71.7,8.2,201.5,17.4,0.29,"Rain, Partially cloudy"
2022-06-09,33.0,25.6,29.0,40.6,25.6,34.0,25.4,82.0,0.021,4.17,rain,28.4,12.1,71.8,1002.6,64.0,8.2,215.1,18.6,0.32,"Rain, Partially cloudy"
2022-06-10,34.6,27.0,30.0,43.8,30.9,37.4,26.3,81.5,1.5,20.83,rain,31.7,13.0,71.1,1001.1,48.2,8.6,175.6,15.2,0.36,"Rain, Partially cloudy"
2022-06-11,31.4,26.0,28.2,38.5,26.0,33.2,25.8,87.1,0.495,8.33,rain,34.9,12.1,42.2,1003.3,54.6,9.0,109.8,9.4,0.39,"Rain, Partially cloudy"
2022-06-12,35.0,28.0,30.9,42.8,33.6,38.7,26.1,77.2,0.099,4.17,rain,35.6,13.9,139.2,1003.5,82.4,7.7,160.5,14.0,0.42,"Rain, Partially cloudy"
2022-06-13,35.7,25.7,30.9,45.3,25.7,37.7,25.6,75.0,0.074,4.17,rain,25.6,23.2,35.4,1003.1,60.8,9.3,218.0,18.8,0.46,"Rain, Partially cloudy"
2022-06-14,31.1,25.0,27.5,36.8,25.0,30.4,24.8,85.7,56.645,12.5,rain,20.9,17.0,306.6,1006.9,71.2,9.9,129.3,11.1,0.5,"Rain, Partially cloudy"
2022-06-15,31.0,25.7,28.3,37.1,25.7,31.8,24.6,81.3,19.894,8.33,rain,20.2,13.0,199.8,1007.5,85.2,10.0,136.3,11.7,0.52,"Rain, Partially cloudy"
2022-06-16,34.9,25.5,30.0,43.4,25.5,35.4,25.1,76.4,0.998,4.17,rain,36.0,13.0,136.2,1005.6,70.1,9.7,212.9,18.3,0.56,"Rain, Partially cloudy"
2022-06-17,35.0,26.0,31.4,41.9,26.0,36.8,24.3,67.4,0.127,4.17,rain,37.1,14.8,176.9,1002.6,82.6,9.9,221.3,19.2,0.59,"Rain, Partially cloudy"
2022-06-18,36.5,27.5,32.4,43.2,32.4,37.9,23.8,62.7,0.0,0.0,noprecip,29.5,19.4,211.1,1000.2,75.7,11.4,255.6,22.1,0.63,Partially cloudy
2022-06-19,38.3,28.0,33.7,44.5,33.1,40.1,24.0,59.0,0.0,0.0,noprecip,34.9,15.7,218.0,999.2,64.0,11.7,295.6,25.7,0.66,Partially cloudy
2022-06-20,37.5,29.0,33.6,44.8,35.1,40.6,24.5,60.0,0.0,0.0,noprecip,30.6,15.7,179.7,998.3,75.6,10.8,285.8,24.9,0.7,Partially cloudy
2022-06-21,38.5,28.5,33.3,47.2,34.6,41.2,25.3,65.0,0.1,4.17,rain,28.4,22.3,131.7,998.9,67.3,11.7,285.4,24.7,0.75,"Rain, Partially cloudy"
2022-06-22,36.0,27.0,31.7,45.9,29.6,39.9,25.9,72.2,0.2,8.33,rain,31.0,25.9,111.9,1004.0,64.4,11.5,228.9,19.8,0.76,"Rain, Partially cloudy"
2022-06-23,32.5,24.0,28.0,41.4,24.0,32.2,25.0,84.2,2.968,4.17,rain,23.0,15.7,96.7,1007.4,71.3,9.9,267.3,23.2,0.8,"Rain, Partially cloudy"
2022-06-24,34.2,27.0,30.3,41.3,30.6,36.3,25.1,74.9,0.4,16.67,rain,27.7,20.3,129.9,1006.6,44.0,10.7,280.6,24.2,0.83,"Rain, Partially cloudy"
2022-06-25,34.6,26.5,30.7,40.6,26.5,35.9,24.3,70.5,0.1,4.17,rain,28.4,19.4,135.2,1005.2,36.8,11.2,270.7,23.4,0.87,"Rain, Partially cloudy"
2022-06-26,34.4,27.0,30.3,42.3,30.6,36.8,25.4,76.4,0.989,4.17,rain,28.4,21.4,127.4,1006.0,54.9,11.1,279.9,24.0,0.9,"Rain, Partially cloudy"
2022-06-27,37.4,28.0,32.0,44.6,33.6,39.5,25.5,71.0,0.0,0.0,noprecip,36.4,21.4,141.0,1004.2,60.8,12.0,302.9,26.1,0.93,Partially cloudy
2022-06-28,36.9,28.0,32.3,45.6,34.5,40.4,25.7,70.0,0.0,0.0,noprecip,23.8,19.4,99.5,1001.5,62.4,11.9,299.1,25.9,0.97,Partially cloudy
2022-06-29,33.5,28.5,30.6,42.8,32.8,37.9,25.7,75.5,0.307,4.17,rain,28.4,13.9,43.1,1000.4,70.5,10.9,185.7,16.1,0.0,"Rain, Partially cloudy"
2022-06-30,32.0,23.5,28.3,40.6,23.5,33.0,25.2,83.7,50.81,8.33,rain,19.1,12.8,341.1,1001.3,65.0,9.4,160.1,13.7,0.04,"Rain, Partially cloudy"
2022-07-01,33.0,27.0,28.9,40.9,30.1,34.4,25.1,80.2,0.222,12.5,rain,26.6,16.5,316.2,1000.9,67.6,9.6,162.7,13.9,0.07,"Rain, Partially cloudy"
2022-07-02,37.2,26.0,30.6,45.8,26.0,36.2,25.0,74.1,0.4,16.67,rain,53.6,28.0,314.6,997.4,81.2,9.7,260.2,22.6,0.11,"Rain, Partially cloudy"
2022-07-03,37.3,26.0,31.2,47.9,26.0,38.1,25.5,73.1,2.772,8.33,rain,21.6,11.2,237.3,997.3,80.8,10.7,239.7,20.9,0.14,"Rain, Partially cloudy"
2022-07-04,37.1,29.7,32.6,49.1,37.0,42.7,26.8,72.9,0.0,0.0,noprecip,22.0,15.7,67.0,997.7,67.4,10.0,265.3,22.9,0.17,Partially cloudy
2022-07-05,35.6,24.7,30.4,48.4,24.7,38.0,26.3,79.7,84.377,4.17,rain,35.3,24.0,79.8,1000.4,68.5,9.6,260.4,22.5,0.21,"Rain, Partially cloudy"
2022-07-06,31.0,25.0,28.1,39.1,25.0,32.3,25.3,85.4,7.938,8.33,rain,16.6,12.1,98.3,1003.3,67.5,8.5,139.4,12.0,0.24,"Rain, Partially cloudy"
2022-07-07,32.0,25.0,27.6,40.6,25.0,31.3,25.1,86.6,23.747,4.17,rain,20.9,13.9,73.3,1003.0,88.6,9.3,123.6,10.9,0.25,"Rain, Partially cloudy"
2022-07-08,29.8,25.5,27.5,35.6,25.5,31.1,25.2,87.7,0.602,4.17,rain,24.5,12.1,65.0,1004.1,68.1,9.7,118.7,10.2,0.31,"Rain, Partially cloudy"
2022-07-09,29.7,25.0,27.5,36.0,25.0,31.7,25.3,87.9,1.388,8.33,rain,18.7,17.8,74.7,1004.3,61.0,9.5,141.7,12.2,0.34,"Rain, Partially cloudy"
2022-07-10,34.0,25.7,29.4,42.0,25.7,34.1,25.2,79.1,0.219,8.33,rain,20.2,10.3,19.8,1004.8,52.2,10.0,219.1,18.9,0.38,"Rain, Partially cloudy"
2022-07-11,33.9,27.0,29.8,43.7,30.6,36.3,25.7,79.8,11.338,12.5,rain,29.2,16.6,52.7,1004.7,54.0,11.6,197.0,17.1,0.41,"Rain, Partially cloudy"
2022-07-12,32.4,27.5,29.6,41.4,32.0,36.7,26.1,81.7,1.153,12.5,rain,30.6,17.0,96.1,1004.6,60.6,9.9,137.0,12.0,0.45,"Rain, Partially cloudy"
2022-07-13,32.5,26.3,29.0,43.1,26.3,35.4,26.0,84.1,33.768,12.5,rain,29.2,12.9,69.5,1003.9,61.4,9.5,184.8,15.8,0.48,"Rain, Partially cloudy"
2022-07-14,33.0,26.7,29.7,40.6,30.1,36.1,25.6,79.7,7.974,12.5,rain,27.0,16.6,101.1,1004.0,62.4,9.8,166.1,14.3,0.5,"Rain, Partially cloudy"
2022-07-15,33.6,25.5,29.4,43.1,25.5,35.6,26.0,82.3,34.022,12.5,rain,38.9,18.6,79.0,1004.6,64.8,10.5,229.8,19.9,0.55,"Rain, Partially cloudy"
2022-07-16,34.6,28.0,31.2,46.0,33.6,39.6,26.4,76.3,0.0,0.0,noprecip,25.6,16.6,126.3,1004.0,51.0,12.0,260.8,22.5,0.58,Partially cloudy
2022-07-17,36.0,29.0,32.2,50.2,36.8,43.4,27.6,77.8,0.0,0.0,noprecip,24.8,19.4,121.8,1002.6,70.8,11.7,251.7,21.6,0.61,Partially cloudy
2022-07-18,37.0,26.5,32.4,50.5,26.5,42.8,27.3,76.1,4.947,4.17,rain,24.8,21.4,96.9,1000.3,72.0,11.6,280.2,24.2,0.65,"Rain, Partially cloudy"
2022-07-19,34.5,25.5,29.2,47.4,25.5,35.0,25.8,82.4,48.704,4.17,rain,28.1,16.7,91.2,1001.8,68.5,9.8,224.4,19.5,0.68,"Rain, Partially cloudy"
2022-07-20,31.4,26.0,28.8,41.1,26.0,35.1,25.9,84.7,26.736,8.33,rain,31.0,19.4,106.1,1005.9,67.0,9.6,166.3,14.3,0.75,"Rain, Partially cloudy"
2022-07-21,30.5,26.7,27.9,38.8,30.2,32.9,25.6,87.8,21.958,12.5,rain,36.0,20.4,75.0,1008.5,71.5,10.1,129.2,11.0,0.75,"Rain, Partially cloudy"
2022-07-22,32.0,25.5,27.6,39.9,25.5,30.1,25.1,86.7,16.01,12.5,rain,27.7,22.2,84.7,1010.5,69.0,9.1,157.6,13.7,0.78,"Rain, Partially cloudy"
2022-07-23,34.5,26.0,29.7,41.3,26.0,34.4,25.2,78.3,0.002,4.17,rain,26.6,13.9,115.8,1009.0,44.6,11.0,264.7,22.9,0.82,"Rain, Partially cloudy"
2022-07-24,35.0,27.0,30.9,43.4,31.2,37.6,25.5,74.5,0.2,8.33,rain,24.1,15.7,120.5,1007.2,27.1,12.1,287.2,24.8,0.85,"Rain, Partially cloudy"
2022-07-25,35.1,26.0,30.9,42.6,26.0,36.8,25.0,72.7,0.0,0.0,noprecip,24.8,15.7,122.9,1007.5,28.8,11.4,281.6,24.3,0.88,Partially cloudy
2022-07-26,35.5,26.5,30.8,44.8,26.5,36.9,25.2,73.8,0.0,0.0,noprecip,27.7,17.5,122.9,1006.8,30.1,10.2,295.4,25.5,0.92,Partially cloudy
2022-07-27,35.0,27.0,30.7,43.3,31.2,37.2,25.4,74.8,0.0,0.0,noprecip,24.5,17.5,126.9,1006.1,32.4,10.7,261.1,22.5,0.95,Partially cloudy
2022-07-28,34.8,26.5,30.7,43.5,26.5,37.5,25.6,75.2,0.0,0.0,noprecip,23.0,14.8,98.5,1006.2,51.8,11.6,220.4,19.1,0.98,Partially cloudy
2022-07-29,35.0,27.0,30.9,44.2,30.9,38.4,26.0,76.5,0.0,0.0,noprecip,20.5,15.7,105.9,1005.0,61.2,9.3,232.0,19.9,0.0,Partially cloudy
2022-07-30,34.5,25.5,29.6,44.2,25.5,35.3,25.2,78.2,25.725,4.17,rain,20.2,25.9,135.3,1003.5,75.4,9.1,187.5,16.2,0.05,"Rain, Partially cloudy"
2022-07-31,33.5,26.3,29.3,42.0,26.3,34.7,25.2,79.4,2.444,8.33,rain,24.1,19.4,105.2,1003.0,57.4,9.4,162.5,14.0,0.09,"Rain, Partially cloudy"
2022-08-01,34.1,26.0,29.1,42.4,26.0,34.6,25.4,81.1,0.158,8.33,rain,38.9,20.3,104.7,1004.3,46.2,9.9,217.0,18.7,0.12,"Rain, Partially cloudy"
2022-08-02,34.5,27.3,30.4,43.5,32.0,36.9,25.5,76.3,2.968,4.17,rain,23.8,14.8,92.7,1005.9,47.4,9.9,177.4,15.4,0.16,"Rain, Partially cloudy"
2022-08-03,36.7,27.0,31.5,43.3,31.2,38.1,25.1,70.4,0.4,12.5,rain,20.5,14.8,109.9,1005.8,48.6,11.1,280.6,24.2,0.19,"Rain, Partially cloudy"
2022-08-04,35.0,26.0,30.7,45.8,26.0,38.2,26.1,77.6,0.667,8.33,rain,20.2,18.4,99.7,1003.6,52.2,10.1,251.8,21.7,0.23,"Rain, Partially cloudy"
2022-08-05,31.7,25.0,28.3,38.5,25.0,32.3,24.5,80.4,0.933,8.33,rain,20.2,17.6,111.4,1003.0,60.5,9.9,71.2,6.1,0.25,"Rain, Partially cloudy"
2022-08-06,29.3,25.0,27.3,34.5,25.0,30.3,24.8,86.6,14.737,12.5,rain,18.7,15.7,94.3,1003.9,88.6,9.2,40.4,3.6,0.3,"Rain, Partially cloudy"
2022-08-07,30.5,25.9,27.7,38.3,25.9,31.3,25.5,88.0,9.697,16.67,rain,23.4,14.8,61.3,1005.2,69.4,9.6,56.2,4.8,0.33,"Rain, Partially cloudy"
2022-08-08,34.5,26.0,28.5,42.6,26.0,32.2,25.0,82.3,0.989,4.17,rain,26.6,11.7,327.3,1005.2,53.2,8.7,245.6,21.2,0.37,"Rain, Partially cloudy"
2022-08-09,35.0,25.0,29.7,43.3,25.0,34.0,24.6,75.6,0.491,8.33,rain,23.0,9.6,327.5,1003.2,62.0,10.0,253.4,21.7,0.4,"Rain, Partially cloudy"
2022-08-10,32.7,26.0,28.4,41.4,26.0,32.5,25.1,82.9,4.958,4.17,rain,35.3,17.7,332.6,1000.9,81.3,9.8,149.8,13.0,0.44,"Rain, Partially cloudy"
2022-08-11,29.3,24.0,26.0,35.8,24.0,27.1,24.6,92.6,153.071,20.83,rain,36.4,19.5,251.5,1000.5,94.0,7.1,34.0,2.8,0.47,"Rain, Overcast"
2022-08-12,26.9,23.5,25.3,30.5,23.5,25.5,24.0,92.3,91.926,12.5,rain,22.3,20.3,93.9,1006.3,78.9,7.6,46.9,4.1,0.5,"Rain, Partially cloudy"
2022-08-13,31.4,25.0,28.0,37.7,25.0,31.6,24.6,82.8,6.1,41.67,rain,20.9,12.9,109.8,1006.5,82.3,9.3,188.9,16.4,0.54,"Rain, Partially cloudy"
2022-08-14,33.0,26.0,28.8,42.1,26.0,33.7,25.4,82.4,0.169,4.17,rain,21.6,13.9,121.3,1005.5,54.3,8.8,213.5,18.5,0.57,"Rain, Partially cloudy"
2022-08-15,34.0,25.5,29.4,42.8,25.5,34.4,25.3,79.4,0.106,4.17,rain,17.3,16.6,104.9,1004.5,48.6,10.1,224.1,19.4,0.6,"Rain, Partially cloudy"
2022-08-16,34.7,27.0,30.7,44.2,31.2,37.7,25.8,76.8,0.5,12.5,rain,22.7,15.7,105.1,1004.4,39.9,11.9,241.9,20.7,0.64,"Rain, Partially cloudy"
2022-08-17,34.0,27.5,30.2,44.4,32.8,38.0,26.3,80.4,1.9,33.33,rain,22.7,13.9,109.1,1004.3,47.8,9.4,198.9,17.2,0.67,"Rain, Partially cloudy"
2022-08-18,34.9,27.0,30.6,44.2,31.2,38.0,26.1,78.4,0.7,20.83,rain,26.6,19.5,105.3,1003.6,59.0,9.3,254.3,22.0,0.7,"Rain, Partially cloudy"
2022-08-19,35.0,27.0,31.1,45.8,31.2,39.3,26.4,77.4,1.8,20.83,rain,20.9,25.0,94.6,1002.6,52.3,9.6,234.4,20.2,0.75,"Rain, Partially cloudy"
2022-08-20,31.0,24.5,27.7,39.8,24.5,31.9,25.7,89.0,17.947,16.67,rain,32.0,20.3,299.9,1002.4,80.4,9.2,151.6,13.0,0.77,"Rain, Partially cloudy"
2022-08-21,29.5,25.3,27.0,36.0,25.3,30.0,25.4,90.7,47.022,16.67,rain,28.8,21.3,67.3,1002.8,83.3,9.4,91.5,7.8,0.8,"Rain, Partially cloudy"
2022-08-22,34.5,25.0,29.6,42.9,25.0,35.2,25.8,81.4,1.979,4.17,rain,19.4,13.8,111.9,1004.7,54.9,11.1,195.0,16.8,0.83,"Rain, Partially cloudy"
2022-08-23,34.0,27.0,29.5,44.8,31.2,37.2,26.8,85.7,0.032,4.17,rain,23.8,13.9,94.7,1005.4,39.8,10.3,233.8,20.0,0.86,"Rain, Partially cloudy"
2022-08-24,35.5,27.0,30.9,46.0,30.6,39.2,26.5,78.6,4.8,16.67,rain,32.8,10.3,23.3,1003.5,42.4,9.4,203.5,17.6,0.9,"Rain, Partially cloudy"
2022-08-25,30.5,25.5,28.0,39.5,25.5,33.1,26.1,89.8,30.979,8.33,rain,27.7,23.2,284.3,999.7,63.7,7.7,180.6,15.6,0.93,"Rain, Partially cloudy"
2022-08-26,32.1,24.5,28.0,39.7,24.5,32.0,25.1,85.1,43.778,8.33,rain,47.9,22.3,128.4,1002.7,77.5,8.9,126.0,10.8,0.96,"Rain, Partially cloudy"
2022-08-27,34.1,27.0,29.8,42.8,30.6,35.9,25.4,78.3,0.1,4.17,rain,19.8,20.4,106.2,1007.3,58.6,11.3,229.0,19.7,0.0,"Rain, Partially cloudy"
2022-08-28,35.0,26.5,30.4,44.9,26.5,37.6,26.0,78.5,0.2,8.33,rain,24.1,19.4,115.9,1007.3,44.6,12.5,252.1,21.8,0.03,"Rain, Partially cloudy"
2022-08-29,35.5,27.0,30.7,43.2,31.2,37.7,25.8,76.5,0.0,0.0,noprecip,28.1,17.5,128.2,1008.9,45.9,10.9,262.3,22.5,0.07,Partially cloudy
2022-08-30,35.1,27.0,30.8,42.6,31.2,37.2,25.3,74.3,0.0,0.0,noprecip,19.1,13.9,117.3,1008.4,43.5,11.5,276.2,23.9,0.1,Partially cloudy
2022-08-31,34.4,27.0,30.5,43.7,30.6,37.5,25.7,76.6,0.2,8.33,rain,15.1,12.1,76.4,1006.8,44.2,11.5,226.4,19.5,0.14,"Rain, Partially cloudy"
2022-09-01,31.8,25.0,28.7,38.4,25.0,34.2,25.5,83.5,11.032,8.33,rain,50.0,17.5,341.9,1009.0,51.6,9.3,129.9,11.1,0.17,"Rain, Partially cloudy"
2022-09-02,34.5,26.0,30.2,41.2,26.0,35.1,24.4,72.4,0.032,4.17,rain,23.8,10.3,349.0,1008.1,65.4,9.5,236.6,20.4,0.21,"Rain, Partially cloudy"
2022-09-03,34.9,27.0,30.8,44.2,31.2,37.6,25.4,73.7,0.106,4.17,rain,16.9,15.6,98.8,1005.4,39.5,8.6,254.5,22.0,0.24,"Rain, Partially cloudy"
2022-09-04,30.5,25.0,27.7,36.2,25.0,30.8,23.9,80.7,2.042,8.33,rain,38.9,20.4,356.7,1007.3,71.8,9.4,170.1,14.8,0.25,"Rain, Partially cloudy"
2022-09-05,34.4,26.0,29.4,37.3,26.0,31.5,22.3,67.7,0.0,0.0,noprecip,25.2,11.2,314.1,1007.8,54.9,10.7,232.8,20.2,0.31,Partially cloudy
2022-09-06,35.9,25.0,30.2,38.7,25.0,32.5,21.9,64.1,0.0,0.0,noprecip,29.5,10.4,327.1,1008.3,33.7,12.2,256.6,22.1,0.35,Partially cloudy
2022-09-07,34.5,26.0,28.9,39.4,26.0,32.0,23.4,74.0,1.979,4.17,rain,48.2,14.8,358.7,1011.0,60.3,9.3,218.6,19.0,0.39,"Rain, Partially cloudy"
2022-09-08,30.0,25.0,26.4,36.8,25.0,27.9,24.5,89.9,100.747,16.67,rain,31.7,26.8,32.4,1012.7,84.4,8.4,38.4,3.2,0.42,"Rain, Partially cloudy"
2022-09-09,30.0,24.7,26.9,35.1,24.7,29.0,24.0,85.0,25.251,16.67,rain,22.3,9.4,342.6,1013.3,58.7,8.9,60.4,5.3,0.46,"Rain, Partially cloudy"
2022-09-10,31.5,25.2,28.0,37.2,25.2,30.9,24.3,81.4,18.504,12.5,rain,20.5,10.3,208.6,1011.9,66.0,9.2,182.5,15.9,0.5,"Rain, Partially cloudy"
2022-09-11,32.7,26.0,28.7,38.0,26.0,32.2,24.2,78.1,1.3,37.5,rain,22.0,12.1,71.8,1010.0,44.6,9.8,216.3,18.7,0.53,"Rain, Partially cloudy"
2022-09-12,33.0,26.0,29.4,39.3,26.0,33.5,24.1,74.3,0.3,4.17,rain,25.2,12.1,56.7,1009.0,45.6,9.5,227.0,19.6,0.56,"Rain, Partially cloudy"
2022-09-13,33.3,26.0,29.3,39.9,26.0,34.1,24.7,77.1,0.3,8.33,rain,19.1,11.2,331.3,1009.2,40.7,8.0,209.2,18.1,0.59,"Rain, Partially cloudy"
2022-09-14,34.5,26.0,29.9,40.6,26.0,34.6,24.2,72.8,0.3,12.5,rain,17.3,11.2,302.8,1008.6,33.6,8.1,244.1,21.0,0.62,"Rain, Partially cloudy"
2022-09-15,34.5,26.5,30.2,42.6,26.5,35.9,25.0,74.8,1.187,4.17,rain,21.2,14.8,104.9,1006.0,38.3,8.5,236.8,20.5,0.65,"Rain, Partially cloudy"
2022-09-16,31.5,26.0,28.5,39.5,26.0,33.5,25.2,82.6,0.099,4.17,rain,25.9,16.6,95.6,1004.1,62.0,9.4,61.1,5.3,0.69,"Rain, Partially cloudy"
2022-09-17,32.0,25.7,27.9,39.2,25.7,31.1,24.7,83.0,0.735,4.17,rain,24.8,14.8,84.0,1006.1,57.7,9.9,109.3,9.4,0.72,"Rain, Partially cloudy"
2022-09-18,34.4,25.5,29.6,39.9,25.5,33.6,24.6,76.0,0.001,4.17,rain,17.6,11.2,145.9,1006.7,21.7,8.4,233.9,20.2,0.75,"Rain, Partially cloudy"
2022-09-19,35.0,26.5,30.2,43.3,26.5,35.8,25.3,76.3,0.0,0.0,noprecip,16.2,11.2,87.1,1006.3,32.6,8.7,242.0,20.8,0.78,Partially cloudy
2022-09-20,34.5,27.0,29.2,43.5,29.2,34.5,24.8,78.1,25.923,4.17,rain,24.8,16.6,46.7,1006.8,42.3,9.0,251.0,21.6,0.82,"Rain, Partially cloudy"
2022-09-21,31.0,25.5,27.4,37.1,25.5,29.8,24.0,81.7,1.704,4.17,rain,33.5,12.1,17.1,1008.8,46.0,9.5,156.6,13.5,0.85,"Rain, Partially cloudy"
2022-09-22,31.0,25.0,27.6,36.5,25.0,30.2,24.3,82.7,25.4,4.17,rain,31.7,17.5,67.6,1009.6,61.5,9.3,116.1,10.0,0.88,"Rain, Partially cloudy"
2022-09-23,33.0,23.5,27.4,37.5,23.5,28.9,23.3,80.0,18.005,4.17,rain,31.7,24.1,5.0,1010.3,62.0,9.3,218.3,19.0,0.91,"Rain, Partially cloudy"
2022-09-24,29.0,24.0,26.6,33.2,24.0,28.1,22.8,80.1,8.882,4.17,rain,33.5,13.9,10.5,1010.5,74.4,9.6,136.1,11.6,0.95,"Rain, Partially cloudy"
2022-09-25,28.5,24.6,26.0,32.0,24.6,26.8,22.8,82.5,18.36,4.17,rain,34.6,18.4,13.1,1011.2,67.2,9.2,149.6,13.1,0.98,"Rain, Partially cloudy"
2022-09-26,32.5,24.0,27.9,38.6,24.0,31.0,23.7,79.2,0.4,16.67,rain,24.5,9.4,318.5,1009.9,27.4,7.7,230.1,19.9,0.0,"Rain, Partially cloudy"
2022-09-27,34.0,25.0,29.0,38.5,25.0,32.1,23.7,74.8,0.1,4.17,rain,30.6,11.2,325.7,1007.0,19.3,6.9,236.9,20.5,0.05,Rain
2022-09-28,30.0,25.0,26.8,32.6,25.0,28.3,23.0,80.1,27.2,79.17,rain,40.7,12.1,322.7,1005.8,70.4,8.3,29.0,2.6,0.08,"Rain, Partially cloudy"
2022-09-29,29.0,24.0,26.1,33.6,24.0,27.0,23.7,86.9,23.5,87.5,rain,35.6,14.8,1.8,1006.8,88.4,8.2,45.0,4.0,0.12,"Rain, Partially cloudy"
2022-09-30,31.5,25.0,26.6,37.2,25.0,27.8,23.6,84.1,20.8,100.0,rain,20.5,23.2,63.5,1008.4,70.1,10.0,59.6,5.2,0.15,"Rain, Partially cloudy"
2022-10-01,29.0,25.0,26.2,33.6,25.0,27.3,24.3,89.2,33.5,100.0,rain,22.3,19.4,90.9,1009.6,80.3,8.7,69.4,6.0,0.19,"Rain, Partially cloudy"
2022-10-02,29.5,25.0,26.9,34.4,25.0,28.9,23.8,83.4,31.3,91.67,rain,23.4,17.5,94.9,1010.8,83.2,9.9,49.6,4.4,0.23,"Rain, Partially cloudy"
2022-10-03,32.5,25.0,27.8,38.6,25.0,30.3,24.0,81.1,2.0,50.0,rain,23.0,17.6,72.8,1012.1,53.7,9.1,169.4,14.7,0.25,"Rain, Partially cloudy"
2022-10-04,33.0,25.0,27.5,39.3,25.0,29.4,23.8,81.6,0.13,4.17,rain,29.5,8.5,293.3,1013.5,40.4,9.2,186.2,16.1,0.3,"Rain, Partially cloudy"
2022-10-05,33.0,24.3,28.3,37.0,24.3,31.1,23.6,77.5,0.08,4.17,rain,19.8,16.6,118.6,1013.2,30.8,9.3,216.0,18.8,0.33,"Rain, Partially cloudy"
2022-10-06,32.0,24.0,26.7,37.3,24.0,27.9,23.7,84.8,4.381,8.33,rain,26.3,26.8,108.3,1013.6,41.5,8.9,178.2,15.3,0.37,"Rain, Partially cloudy"
2022-10-07,30.0,24.0,26.4,35.1,24.0,28.1,23.7,85.8,1.117,12.5,rain,29.5,13.2,95.9,1014.0,52.4,8.5,155.8,13.4,0.4,"Rain, Partially cloudy"
2022-10-08,29.5,24.5,26.7,32.7,24.5,28.2,23.2,81.9,0.876,8.33,rain,20.2,16.6,72.9,1014.4,67.3,9.0,90.8,7.8,0.44,"Rain, Partially cloudy"
2022-10-09,27.4,23.0,25.3,30.1,23.0,25.6,20.8,76.8,0.519,12.5,rain,48.2,26.8,20.4,1017.2,88.5,9.4,58.9,5.0,0.48,"Rain, Partially cloudy"
2022-10-10,27.0,21.3,23.8,27.1,21.3,23.8,14.8,57.8,0.198,4.17,rain,36.0,17.5,4.2,1020.4,63.9,9.7,161.3,14.1,0.5,"Rain, Partially cloudy"
2022-10-11,28.9,19.0,23.9,28.2,19.0,23.8,14.6,58.9,0.0,0.0,noprecip,27.7,16.6,28.0,1017.5,10.4,11.0,253.0,21.9,0.54,Clear
2022-10-12,29.5,21.0,25.0,28.8,21.0,24.7,15.0,57.4,0.0,0.0,noprecip,21.2,13.9,59.9,1015.7,10.7,10.8,252.6,21.8,0.58,Clear
2022-10-13,29.8,21.9,25.0,28.5,21.9,24.8,15.3,57.3,0.0,0.0,noprecip,27.7,11.2,0.6,1014.6,31.8,10.5,235.4,20.2,0.61,Partially cloudy
2022-10-14,31.1,19.0,24.8,30.1,19.0,24.5,15.3,60.1,0.0,0.0,noprecip,36.4,17.5,342.3,1012.9,60.3,10.3,252.7,21.9,0.64,Partially cloudy
2022-10-15,31.3,21.0,25.7,29.8,21.0,25.3,14.8,55.8,0.0,0.0,noprecip,40.7,17.5,337.9,1012.9,54.2,10.5,228.6,19.8,0.67,Partially cloudy
2022-10-16,32.0,19.0,25.8,31.8,19.0,25.8,16.4,59.2,0.0,0.0,noprecip,33.8,16.6,330.4,1014.2,9.6,9.6,251.5,21.8,0.7,Clear
2022-10-17,31.5,23.7,27.2,30.8,23.7,26.9,14.1,46.1,0.0,0.0,noprecip,42.8,20.5,341.1,1014.5,35.3,11.2,249.7,21.5,0.74,Partially cloudy
2022-10-18,30.0,22.5,26.1,28.9,22.5,25.7,12.5,44.2,0.0,0.0,noprecip,42.5,19.7,345.3,1014.9,41.7,10.2,249.8,21.6,0.75,Partially cloudy
2022-10-19,26.0,16.5,21.8,26.0,16.5,21.8,12.3,58.4,0.101,8.33,rain,33.5,16.5,15.9,1016.7,70.7,9.0,114.0,9.8,0.8,"Rain, Partially cloudy"
2022-10-20,18.1,16.0,17.3,18.1,16.0,17.3,16.0,92.3,18.421,16.67,rain,29.9,13.9,342.5,1018.5,99.9,7.1,17.1,1.5,0.83,"Rain, Overcast"
2022-10-21,21.7,18.0,19.9,21.7,18.0,19.9,18.8,93.2,5.445,8.33,rain,22.7,12.1,314.8,1018.7,77.1,7.7,38.6,3.1,0.86,"Rain, Partially cloudy"
2022-10-22,32.0,20.0,25.3,33.8,20.0,26.2,20.5,77.2,0.0,0.0,noprecip,26.3,10.8,321.1,1016.8,21.3,9.8,226.3,19.4,0.9,Partially cloudy
2022-10-23,33.5,22.5,27.7,36.3,22.5,29.2,21.5,71.3,0.0,0.0,noprecip,23.4,7.4,356.8,1015.0,19.4,10.4,215.3,18.5,0.93,Clear
2022-10-24,33.0,23.0,27.6,35.3,23.0,28.7,21.0,69.5,0.1,4.17,rain,21.6,15.7,97.5,1014.1,20.1,8.0,210.1,18.2,0.96,"Rain, Partially cloudy"
2022-10-25,28.0,23.0,24.9,29.9,23.0,25.2,21.8,83.7,0.131,8.33,rain,19.8,13.9,244.0,1016.2,66.5,7.0,111.1,9.8,0.0,"Rain, Partially cloudy"
2022-10-26,28.5,23.0,25.2,31.3,23.0,25.7,22.1,83.5,0.002,4.17,rain,17.6,9.4,283.1,1015.3,81.8,5.8,123.5,10.5,0.03,"Rain, Partially cloudy"
2022-10-27,29.0,24.0,26.5,31.8,24.0,27.5,21.7,75.9,0.001,4.17,rain,23.0,11.2,127.6,1014.6,78.4,9.4,159.3,13.8,0.06,"Rain, Partially cloudy"
2022-10-28,31.0,23.7,26.8,32.1,23.7,27.5,20.3,69.5,0.0,0.0,noprecip,17.6,11.2,122.9,1014.9,43.2,9.7,170.4,14.7,0.1,Partially cloudy
2022-10-29,30.0,22.9,26.1,31.1,22.9,26.5,20.7,73.5,0.495,4.17,rain,29.5,12.1,346.5,1015.0,37.4,7.8,197.3,17.0,0.13,"Rain, Partially cloudy"
2022-10-30,30.2,21.0,25.7,31.6,21.0,26.4,20.4,73.9,0.0,0.0,noprecip,35.3,14.1,339.5,1013.8,17.0,7.8,200.0,17.4,0.17,Clear
2022-10-31,30.0,21.5,25.7,29.9,21.5,25.8,16.0,56.4,0.0,0.0,noprecip,41.4,19.5,356.7,1014.8,44.9,10.0,179.6,15.5,0.21,Partially cloudy
2022-11-01,30.0,20.3,24.5,29.0,20.3,24.3,13.5,52.5,0.0,0.0,noprecip,38.9,20.5,326.4,1014.2,59.4,11.3,231.7,20.0,0.25,Partially cloudy
2022-11-02,29.5,17.5,23.0,28.4,17.5,22.8,14.2,62.0,0.0,0.0,noprecip,22.3,14.8,324.5,1011.9,17.1,9.3,234.6,20.3,0.28,Clear
2022-11-03,29.5,17.0,23.4,29.1,17.0,23.3,15.1,62.8,0.0,0.0,noprecip,21.2,10.6,309.3,1013.2,31.0,9.2,228.1,19.8,0.31,Partially cloudy
2022-11-04,30.0,19.0,24.2,29.7,19.0,24.2,16.8,65.7,0.0,0.0,noprecip,25.9,11.1,341.4,1016.2,26.0,9.7,205.4,17.7,0.35,Partially cloudy
2022-11-05,29.0,20.4,24.4,28.8,20.4,24.4,17.4,67.9,0.0,0.0,noprecip,30.2,19.5,63.8,1018.1,8.3,10.3,215.5,18.7,0.38,Clear
2022-11-06,28.0,20.0,23.5,28.3,20.0,23.6,17.9,72.4,0.0,0.0,noprecip,16.6,10.3,78.3,1017.6,15.3,7.1,209.4,18.1,0.42,Clear
2022-11-07,28.0,19.0,23.6,28.9,19.0,23.8,18.7,75.8,0.0,0.0,noprecip,15.8,11.2,95.2,1016.5,29.5,6.7,154.7,13.4,0.46,Partially cloudy
2022-11-08,29.0,20.0,24.1,29.8,20.0,24.4,19.0,74.6,0.0,0.0,noprecip,15.1,14.8,73.0,1016.5,22.0,6.0,200.3,17.5,0.5,Partially cloudy
2022-11-09,29.0,19.5,24.4,30.1,19.5,24.7,19.4,75.4,0.0,0.0,noprecip,16.2,13.0,97.8,1016.3,19.5,7.2,191.7,16.6,0.52,Clear
2022-11-10,27.0,22.0,24.6,28.8,22.0,24.7,21.2,81.7,0.3,12.5,rain,14.8,9.3,131.4,1015.8,65.5,7.4,106.1,9.3,0.56,"Rain, Partially cloudy"
2022-11-11,30.0,23.0,25.7,32.6,23.0,26.5,22.0,80.9,0.8,29.17,rain,20.9,14.7,122.9,1015.0,52.2,8.1,138.8,11.9,0.59,"Rain, Partially cloudy"
2022-11-12,30.1,23.0,26.1,32.6,23.0,27.1,21.8,78.1,0.4,16.67,rain,23.8,15.7,109.4,1013.8,62.2,8.6,124.2,10.7,0.62,"Rain, Partially cloudy"
2022-11-13,28.5,22.0,25.4,30.7,22.0,26.2,21.6,79.9,0.152,8.33,rain,18.0,11.2,105.6,1014.6,55.6,8.1,132.2,11.6,0.65,"Rain, Partially cloudy"
2022-11-14,29.0,22.0,25.5,31.4,22.0,26.3,22.0,82.1,0.001,4.17,rain,18.0,9.4,132.5,1014.9,41.6,6.2,127.1,11.0,0.69,"Rain, Partially cloudy"
2022-11-15,29.0,23.0,25.9,32.3,23.0,26.9,22.4,81.7,0.021,4.17,rain,23.0,15.7,125.1,1013.5,58.1,8.4,132.8,11.5,0.72,"Rain, Partially cloudy"
2022-11-16,31.0,24.0,27.0,34.9,24.0,28.5,22.8,79.0,0.099,4.17,rain,21.2,16.6,129.3,1011.7,59.9,8.2,133.1,11.4,0.75,"Rain, Partially cloudy"
2022-11-17,30.5,25.0,26.9,34.2,25.0,28.2,23.1,80.8,1.4,33.33,rain,33.5,22.3,122.5,1011.5,56.2,10.6,167.2,14.5,0.78,"Rain, Partially cloudy"
2022-11-18,31.0,24.0,27.0,35.5,24.0,28.8,23.7,83.0,1.5,29.17,rain,24.8,17.5,117.9,1012.6,61.0,8.2,148.9,12.9,0.81,"Rain, Partially cloudy"
2022-11-19,29.5,24.9,26.7,32.7,24.9,27.8,22.7,79.5,1.484,4.17,rain,24.5,13.9,118.9,1013.7,78.1,9.5,115.6,10.0,0.85,"Rain, Partially cloudy"
2022-11-20,28.5,23.0,25.1,30.8,23.0,25.5,20.9,77.9,0.0,0.0,noprecip,18.4,13.9,48.3,1013.0,55.7,9.8,155.8,13.3,0.88,Partially cloudy
2022-11-21,29.4,22.0,25.4,30.8,22.0,25.9,20.3,74.9,0.0,0.0,rain,20.2,10.7,81.9,1011.6,38.4,8.5,137.0,11.8,0.91,Partially cloudy
2022-11-22,28.1,21.5,25.3,30.1,21.5,26.0,20.8,76.6,0.021,4.17,rain,25.9,10.0,20.5,1011.4,57.8,7.9,111.7,9.7,0.94,"Rain, Partially cloudy"
2022-11-23,29.0,24.7,26.3,31.5,24.7,27.1,21.7,76.2,0.001,4.17,rain,23.4,10.6,13.3,1012.0,74.6,9.6,65.0,5.5,0.98,"Rain, Partially cloudy"
2022-11-24,25.1,22.0,22.9,25.1,22.0,22.9,20.9,88.5,5.646,8.33,rain,16.9,16.4,22.5,1013.6,97.9,8.3,22.6,1.9,0.0,"Rain, Overcast"
2022-11-25,25.5,21.5,23.4,25.5,21.5,23.4,21.5,89.3,1.403,16.67,rain,14.8,8.5,41.7,1014.2,93.8,7.7,35.2,3.1,0.04,"Rain, Overcast"
2022-11-26,24.3,22.0,23.2,24.3,22.0,23.2,22.0,93.0,1.965,16.67,rain,19.4,15.7,72.2,1012.5,97.0,7.4,45.3,3.9,0.08,"Rain, Overcast"
2022-11-27,30.5,24.0,26.9,35.8,24.0,28.7,23.3,81.5,0.0,0.0,noprecip,37.8,21.4,140.2,1008.6,60.1,8.5,138.4,11.9,0.11,Partially cloudy
2022-11-28,32.2,24.0,27.7,38.9,24.0,30.4,24.2,82.2,0.0,0.0,noprecip,30.6,20.5,126.4,1008.2,60.2,11.2,167.9,14.7,0.15,Partially cloudy
2022-11-29,32.0,25.0,27.7,37.9,25.0,30.2,24.1,81.7,0.1,4.17,rain,23.0,18.5,128.3,1009.7,60.4,10.5,140.7,12.3,0.18,"Rain, Partially cloudy"
2022-11-30,31.5,18.0,25.9,35.2,18.0,27.4,22.5,82.5,0.099,4.17,rain,42.1,29.7,110.8,1013.4,74.4,9.8,44.5,3.8,0.25,"Rain, Partially cloudy"
2022-12-01,17.5,14.0,15.4,17.5,14.0,15.4,12.0,80.2,2.274,16.67,rain,37.1,23.2,42.1,1019.8,100.0,9.8,27.1,2.2,0.26,"Rain, Overcast"
2022-12-02,18.0,13.0,15.3,18.0,13.0,15.3,9.2,67.5,0.0,0.0,rain,24.5,20.5,11.9,1020.6,80.2,10.0,51.1,4.6,0.29,Partially cloudy
2022-12-03,20.0,15.0,17.5,20.0,15.0,17.5,11.8,69.0,0.0,0.0,noprecip,29.5,11.2,26.6,1017.3,96.3,10.0,106.1,9.0,0.33,Overcast
2022-12-04,19.4,15.0,17.4,19.4,15.0,17.4,13.5,78.4,0.7,29.17,rain,23.8,17.5,23.6,1019.0,99.9,9.5,45.5,4.0,0.36,"Rain, Overcast"
2022-12-05,20.0,14.5,16.8,20.0,14.5,16.8,11.3,71.1,0.1,8.33,rain,26.6,20.3,18.5,1021.5,80.2,9.6,67.5,5.7,0.4,"Rain, Partially cloudy"
2022-12-06,19.0,14.0,17.0,19.0,14.0,17.0,9.3,61.2,0.0,0.0,noprecip,31.7,13.9,39.2,1019.3,66.9,9.8,177.0,15.2,0.43,Partially cloudy
2022-12-07,18.2,15.5,16.9,18.2,15.5,16.9,11.6,70.9,0.0,0.0,noprecip,22.3,16.6,17.3,1018.8,95.0,8.8,59.8,5.1,0.47,Overcast
2022-12-08,17.5,16.0,16.6,17.5,16.0,16.6,13.3,80.8,0.0,0.0,rain,33.5,13.9,14.2,1018.5,99.4,9.7,55.2,4.7,0.5,Overcast
2022-12-09,17.5,16.0,16.6,17.5,16.0,16.6,13.5,81.9,0.1,4.17,rain,18.7,14.8,13.8,1017.0,100.0,9.2,51.4,4.4,0.53,"Rain, Overcast"
2022-12-10,18.0,15.0,16.2,18.0,15.0,16.2,14.1,87.7,1.187,4.17,rain,18.0,13.0,17.2,1016.6,99.7,7.0,26.9,2.3,0.57,"Rain, Overcast"
2022-12-11,21.0,16.7,18.5,21.0,16.7,18.5,11.4,64.8,0.101,8.33,rain,20.5,11.1,13.9,1017.9,93.0,9.6,57.4,4.8,0.6,"Rain, Overcast"
2022-12-12,22.0,15.2,18.5,22.0,15.2,18.5,9.9,58.9,0.0,0.0,rain,37.1,20.3,351.7,1020.0,49.7,9.3,144.1,12.5,0.63,Partially cloudy
2022-12-13,23.0,13.6,18.0,23.0,13.6,18.0,7.0,52.8,0.0,0.0,noprecip,20.2,11.2,76.4,1019.7,18.1,9.0,186.7,16.2,0.67,Clear
2022-12-14,22.0,14.5,18.4,22.0,14.5,18.4,6.8,48.4,0.0,0.0,noprecip,30.6,16.6,16.3,1021.3,17.1,9.9,187.2,16.0,0.7,Clear
2022-12-15,22.5,11.0,17.1,22.5,11.0,17.1,9.0,61.9,0.0,0.0,noprecip,17.3,13.0,109.5,1016.9,7.2,7.9,193.3,16.7,0.73,Clear
2022-12-16,24.0,13.0,18.2,24.0,13.0,18.2,11.5,67.5,0.0,0.0,noprecip,27.4,10.3,11.9,1017.1,18.2,6.7,183.0,15.7,0.75,Clear
2022-12-17,21.0,17.0,19.0,21.0,17.0,19.0,4.6,39.1,0.0,0.0,noprecip,48.2,26.8,16.3,1025.9,83.4,10.0,93.1,8.0,0.8,Partially cloudy
2022-12-18,20.0,12.8,16.6,20.0,12.8,16.6,-1.2,31.0,0.0,0.0,noprecip,34.2,22.2,14.0,1026.8,56.3,11.3,174.0,15.1,0.83,Partially cloudy
2022-12-19,20.0,8.9,14.5,20.0,8.5,14.5,2.1,47.0,0.0,0.0,noprecip,18.0,11.2,69.2,1020.7,10.8,10.8,195.2,16.8,0.86,Clear
2022-12-20,22.0,9.8,16.2,22.0,9.4,16.2,6.8,56.2,0.0,0.0,noprecip,15.5,8.5,81.6,1017.1,21.0,8.2,189.4,16.2,0.89,Partially cloudy
2022-12-21,23.0,14.7,19.1,23.0,14.7,19.1,6.5,45.4,0.0,0.0,noprecip,29.9,15.7,349.8,1018.2,43.4,9.3,173.8,15.1,0.93,Partially cloudy
2022-12-22,23.5,13.0,18.0,23.5,13.0,18.0,8.6,58.3,0.0,0.0,noprecip,27.7,13.9,82.3,1016.6,39.3,8.0,172.6,14.9,0.96,Partially cloudy
2022-12-23,24.0,15.5,19.7,24.0,15.5,19.7,8.8,51.2,0.0,0.0,noprecip,22.3,17.6,106.1,1017.6,49.5,9.4,137.2,11.8,0.0,Partially cloudy
2022-12-24,24.5,14.7,19.4,24.5,14.7,19.4,8.0,49.9,0.0,0.0,noprecip,19.4,12.1,63.7,1020.1,42.7,11.5,159.9,13.8,0.03,Partially cloudy
2022-12-25,23.5,13.5,18.5,23.5,13.5,18.5,11.4,65.6,0.0,0.0,noprecip,25.6,17.6,131.0,1020.0,10.4,8.4,186.4,16.2,0.06,Clear
2022-12-26,20.2,13.5,17.2,20.2,13.5,17.2,13.5,79.1,0.1,4.17,rain,20.5,10.3,61.7,1020.6,57.1,6.5,78.2,6.8,0.1,"Rain, Partially cloudy"
2022-12-27,21.0,17.0,19.1,21.0,17.0,19.1,15.1,77.8,0.3,8.33,rain,29.5,15.7,134.0,1019.8,92.9,8.4,85.1,7.3,0.13,"Rain, Overcast"
2022-12-28,19.0,12.0,15.1,19.0,12.0,15.1,11.7,80.5,9.7,8.33,rain,40.7,22.3,39.7,1022.3,85.9,8.7,21.9,1.9,0.16,"Rain, Partially cloudy"
2022-12-29,14.5,12.5,13.6,14.5,12.5,13.6,7.2,65.2,0.1,4.17,rain,31.7,14.8,8.1,1026.3,97.5,10.0,50.5,4.3,0.2,"Rain, Overcast"
2022-12-30,16.0,13.0,14.2,16.0,13.0,14.2,8.0,66.0,0.0,0.0,noprecip,29.5,16.6,357.8,1026.7,85.8,9.5,86.6,7.5,0.25,Partially cloudy
2022-12-31,17.1,14.0,15.2,17.1,14.0,15.2,8.3,63.6,0.0,0.0,noprecip,20.9,11.2,12.5,1025.5,78.4,10.0,130.5,11.3,0.27,Partially cloudy
2023-01-01,21.3,11.1,16.9,21.3,11.1,16.9,10.4,67.4,0.0,0.0,noprecip,20.9,13.0,332.8,1023.7,28.4,9.2,188.8,16.3,0.3,Partially cloudy
2023-01-02,21.0,16.0,18.1,21.0,16.0,18.1,12.3,70.0,0.0,0.0,noprecip,20.9,14.8,35.5,1024.1,68.8,8.9,36.3,3.0,0.34,Partially cloudy
2023-01-03,21.0,15.0,18.1,21.0,15.0,18.1,11.8,67.6,0.012,8.33,rain,31.7,16.6,38.4,1024.6,70.0,9.3,55.7,4.9,0.37,"Rain, Partially cloudy"
2023-01-04,21.0,15.9,18.8,21.0,15.9,18.8,13.3,71.3,0.0,0.0,noprecip,19.4,14.8,118.9,1022.5,53.5,7.0,101.3,8.7,0.41,Partially cloudy
2023-01-05,21.3,17.0,19.2,21.3,17.0,19.2,14.8,76.1,0.0,0.0,noprecip,20.2,14.8,65.2,1023.1,79.6,7.8,68.9,5.9,0.44,Partially cloudy
2023-01-06,25.0,17.0,20.3,25.0,17.0,20.3,11.2,57.5,0.0,0.0,noprecip,46.4,25.9,10.6,1024.8,49.7,11.3,171.9,14.9,0.47,Partially cloudy
2023-01-07,22.3,13.0,17.8,22.3,13.0,17.8,9.3,59.5,0.0,0.0,noprecip,22.3,9.4,317.7,1021.1,30.3,8.9,149.5,13.1,0.5,Partially cloudy
2023-01-08,23.0,15.3,19.2,23.0,15.3,19.2,11.9,64.4,0.2,4.17,rain,17.6,14.8,218.1,1019.0,23.5,7.4,157.2,13.5,0.54,"Rain, Partially cloudy"
2023-01-09,23.3,17.0,20.3,23.3,17.0,20.3,15.4,74.3,0.001,4.17,rain,20.5,13.0,71.1,1018.9,51.3,5.8,132.6,11.4,0.58,"Rain, Partially cloudy"
2023-01-10,23.0,18.0,20.1,23.0,18.0,20.1,17.0,83.5,1.067,4.17,rain,20.9,14.8,38.6,1017.9,78.4,5.6,52.8,4.5,0.61,"Rain, Partially cloudy"
2023-01-11,21.0,18.0,19.4,21.0,18.0,19.4,17.7,89.9,4.61,12.5,rain,13.0,11.2,51.9,1015.3,88.5,5.6,25.2,2.2,0.64,"Rain, Partially cloudy"
2023-01-12,24.0,18.7,20.8,24.0,18.7,20.8,18.0,84.0,0.053,8.33,rain,22.0,18.4,125.0,1011.8,89.6,7.3,84.9,7.2,0.68,"Rain, Partially cloudy"
2023-01-13,28.7,19.0,22.8,30.0,19.0,23.1,19.1,80.7,0.0,0.0,noprecip,16.6,16.6,118.7,1008.5,55.3,8.3,160.2,14.1,0.71,Partially cloudy
2023-01-14,32.0,19.7,24.3,31.1,19.7,24.3,17.9,71.2,0.0,0.0,noprecip,28.8,14.8,56.4,1006.1,35.4,9.6,200.1,17.3,0.74,Partially cloudy
2023-01-15,22.5,15.0,19.7,22.5,15.0,19.7,14.7,74.0,0.006,4.17,rain,38.9,29.5,56.6,1012.8,82.0,8.1,45.4,4.0,0.75,"Rain, Partially cloudy"
2023-01-16,15.4,12.0,13.8,15.4,12.0,13.8,3.6,50.4,0.0,0.0,noprecip,31.7,20.5,38.1,1021.8,99.0,10.0,55.2,4.7,0.81,Overcast
2023-01-17,14.0,11.9,12.8,14.0,11.9,12.8,5.4,61.1,0.0,0.0,noprecip,25.9,18.4,20.8,1024.1,100.0,10.0,85.6,7.4,0.84,Overcast
2023-01-18,17.0,13.0,14.7,17.0,13.0,14.7,5.8,56.0,0.0,0.0,noprecip,27.7,14.8,6.4,1025.1,94.6,9.6,116.6,10.0,0.88,Overcast
2023-01-19,16.7,14.0,15.1,16.7,14.0,15.1,7.5,61.2,0.0,0.0,noprecip,18.7,14.8,37.4,1023.2,100.0,9.5,127.1,11.0,0.91,Overcast
2023-01-20,18.0,14.0,15.7,18.0,14.0,15.7,9.2,66.4,0.0,0.0,noprecip,18.0,9.4,323.1,1021.9,98.2,7.9,121.3,10.4,0.94,Overcast
2023-01-21,23.0,12.0,17.5,23.0,12.0,17.5,11.3,68.7,0.0,0.0,noprecip,25.2,14.8,133.1,1017.7,66.9,7.0,177.8,15.4,0.98,Partially cloudy
2023-01-22,21.0,14.9,17.7,21.0,14.9,17.7,14.4,81.6,0.0,0.0,noprecip,15.1,9.4,75.9,1015.0,85.6,4.5,105.0,8.9,0.0,Partially cloudy
2023-01-23,23.1,17.0,19.9,23.1,17.0,19.9,15.7,76.9,1.0,33.33,rain,34.2,25.9,75.2,1015.3,90.3,7.2,88.5,7.6,0.04,"Rain, Overcast"
2023-01-24,20.1,13.0,17.0,20.1,13.0,17.0,5.1,46.1,0.8,12.5,rain,45.0,29.5,16.4,1025.4,67.1,10.3,126.7,10.8,0.08,"Rain, Partially cloudy"
2023-01-25,19.0,7.0,14.0,19.0,5.2,13.8,4.2,54.7,0.0,0.0,noprecip,24.8,16.6,112.6,1021.3,8.0,9.8,222.6,19.3,0.11,Clear
2023-01-26,18.5,12.0,15.1,18.5,12.0,15.1,11.0,77.3,0.3,8.33,rain,23.4,13.0,50.4,1016.9,90.9,7.1,124.6,10.7,0.15,"Rain, Overcast"
2023-01-27,17.0,14.0,15.4,17.0,14.0,15.4,7.1,60.3,3.682,8.33,rain,37.1,25.9,10.6,1024.1,80.7,8.9,48.4,4.2,0.18,"Rain, Partially cloudy"
2023-01-28,19.4,12.0,15.3,19.4,12.0,15.3,0.9,39.8,0.0,0.0,noprecip,31.0,16.6,50.2,1024.4,21.0,11.2,219.9,19.0,0.25,Partially cloudy
2023-01-29,21.0,8.7,14.4,21.0,8.7,14.4,2.5,51.0,0.0,0.0,noprecip,25.6,9.4,10.8,1024.4,7.8,11.0,225.5,19.4,0.25,Clear
2023-01-30,22.0,8.0,15.2,22.0,8.0,15.2,5.5,56.5,0.0,0.0,noprecip,23.4,14.8,113.7,1021.4,3.4,7.6,226.6,19.5,0.28,Clear
2023-01-31,23.0,10.0,16.3,23.0,9.1,16.3,8.6,62.7,0.0,0.0,noprecip,29.2,18.4,113.4,1015.2,1.4,8.4,225.6,19.5,0.31,Clear
2023-02-01,22.5,13.9,18.4,22.5,13.9,18.4,14.5,79.1,0.0,0.0,noprecip,23.0,16.6,121.9,1012.9,75.7,6.3,159.4,13.8,0.35,Partially cloudy
2023-02-02,23.0,19.0,20.8,23.0,19.0,20.8,18.1,84.8,3.0,54.17,rain,13.0,9.4,154.3,1015.5,96.1,6.6,45.6,3.8,0.38,"Rain, Overcast"
2023-02-03,22.0,19.7,20.4,22.0,19.7,20.4,19.6,95.1,5.099,16.67,rain,15.5,13.0,146.4,1015.5,94.5,3.4,19.1,1.7,0.41,"Rain, Overcast"
2023-02-04,22.0,19.0,20.4,22.0,19.0,20.4,19.4,94.2,1.592,12.5,rain,20.5,16.6,135.7,1013.1,99.2,4.8,38.0,3.4,0.45,"Rain, Overcast"
2023-02-05,23.8,19.7,20.8,23.8,19.7,20.8,19.9,94.6,5.177,8.33,rain,27.7,18.4,123.4,1011.8,95.6,5.6,34.2,2.9,0.48,"Rain, Overcast"
2023-02-06,21.0,19.6,20.4,21.0,19.6,20.4,19.5,94.7,0.596,4.17,rain,26.6,24.1,129.7,1011.1,100.0,4.8,42.7,3.7,0.5,"Rain, Overcast"
2023-02-07,22.0,19.7,20.7,22.0,19.7,20.7,20.2,97.2,1.392,8.33,rain,29.9,13.0,121.7,1011.8,98.9,3.0,46.6,4.0,0.55,"Rain, Overcast"
2023-02-08,22.1,20.2,21.2,22.1,20.2,21.2,20.4,95.4,2.203,12.5,rain,32.4,18.4,132.9,1011.8,99.0,3.8,46.3,4.0,0.58,"Rain, Overcast"
2023-02-09,24.0,21.0,22.3,24.0,21.0,22.3,21.3,94.1,0.964,8.33,rain,29.5,16.6,131.8,1012.3,99.5,4.9,66.1,5.7,0.62,"Rain, Overcast"
2023-02-10,24.0,21.0,22.5,24.0,21.0,22.5,21.0,91.4,0.396,4.17,rain,38.2,20.5,125.0,1011.6,98.6,6.2,58.5,5.1,0.65,"Rain, Overcast"
2023-02-11,25.2,22.0,23.1,25.2,22.0,23.1,21.5,91.0,0.104,12.5,rain,41.8,20.5,131.6,1008.9,98.5,6.2,131.0,11.2,0.69,"Rain, Overcast"
2023-02-12,27.1,22.0,24.3,29.3,22.0,24.6,21.7,85.8,0.0,0.0,noprecip,33.5,22.3,120.6,1008.2,88.4,7.8,203.4,17.6,0.72,Partially cloudy
2023-02-13,29.0,22.0,24.9,31.4,22.0,25.5,21.8,83.9,0.099,4.17,rain,34.9,16.6,116.9,1010.2,74.4,6.6,182.5,15.8,0.75,"Rain, Partially cloudy"
2023-02-14,24.0,17.0,19.2,24.0,17.0,19.2,13.0,68.1,1.098,8.33,rain,33.1,27.7,46.4,1017.7,99.9,9.9,45.1,3.9,0.79,"Rain, Overcast"
2023-02-15,17.5,16.0,17.0,17.5,16.0,17.0,9.0,59.4,0.0,0.0,noprecip,26.6,18.4,36.5,1022.7,100.0,10.0,73.5,6.6,0.82,Overcast
2023-02-16,18.1,16.0,16.9,18.1,16.0,16.9,10.8,68.0,0.0,0.0,noprecip,18.4,11.2,18.1,1023.5,100.0,9.5,75.1,6.6,0.86,Overcast
2023-02-17,20.1,16.0,17.9,20.1,16.0,17.9,13.8,77.0,0.0,0.0,noprecip,20.2,10.6,80.2,1019.9,96.4,6.3,147.1,12.8,0.89,Overcast
2023-02-18,23.0,17.0,20.3,23.0,17.0,20.3,16.4,79.0,0.0,0.0,noprecip,18.4,13.0,128.4,1016.7,90.5,7.0,97.3,8.3,0.93,Overcast
2023-02-19,23.0,19.0,20.4,23.0,19.0,20.4,17.4,83.3,1.088,4.17,rain,38.2,16.6,347.3,1019.0,82.1,6.2,78.8,6.9,0.96,"Rain, Partially cloudy"
2023-02-20,24.1,18.8,21.0,24.1,18.8,21.0,13.3,61.8,0.0,0.0,noprecip,19.8,16.6,29.6,1018.7,78.4,9.7,160.6,13.9,0.0,Partially cloudy
2023-02-21,23.3,18.7,20.9,23.3,18.7,20.9,15.5,71.9,0.3,12.5,rain,30.2,14.8,143.0,1019.6,57.2,7.4,139.3,11.9,0.03,"Rain, Partially cloudy"
2023-02-22,23.0,19.0,20.6,23.0,19.0,20.6,15.0,70.8,0.0,0.0,noprecip,33.8,16.6,143.3,1019.6,80.6,9.2,131.0,11.4,0.06,Partially cloudy
2023-02-23,23.4,17.7,20.4,23.4,17.7,20.4,16.1,76.7,0.0,0.0,rain,25.2,16.6,131.4,1016.8,76.7,8.5,117.1,10.3,0.1,Partially cloudy
2023-02-24,21.0,18.0,19.2,21.0,18.0,19.2,15.1,77.9,0.499,4.17,rain,32.0,20.5,52.8,1020.1,97.5,8.1,43.8,3.6,0.13,"Rain, Overcast"
2023-02-25,25.0,16.0,19.8,25.0,16.0,19.8,8.5,49.9,0.0,0.0,noprecip,33.8,18.4,20.8,1026.1,36.1,11.3,196.5,17.0,0.16,Partially cloudy
2023-02-26,23.0,13.4,17.8,23.0,13.4,17.8,8.5,58.6,0.0,0.0,noprecip,31.0,14.8,72.4,1028.2,0.7,9.4,254.7,22.0,0.19,Clear
2023-02-27,23.0,11.7,18.1,23.0,11.7,18.1,10.3,63.4,0.0,0.0,noprecip,23.8,13.0,123.6,1025.6,9.7,8.3,253.7,21.9,0.25,Clear
2023-02-28,23.7,14.0,19.1,23.7,14.0,19.1,13.5,71.7,0.0,0.0,noprecip,27.0,16.6,129.8,1021.9,37.2,7.6,167.7,14.5,0.26,Partially cloudy
2023-03-01,21.0,16.7,19.0,21.0,16.7,19.0,16.1,84.0,0.1,4.17,rain,16.9,9.4,96.8,1021.6,81.4,5.4,89.7,7.7,0.29,"Rain, Partially cloudy"
2023-03-02,27.0,18.0,22.2,27.3,18.0,22.3,16.0,69.6,0.0,0.0,noprecip,24.5,14.8,141.1,1022.5,55.2,6.7,178.9,15.4,0.33,Partially cloudy
2023-03-03,24.0,17.4,21.2,24.0,17.4,21.2,15.9,72.4,0.001,4.17,rain,20.9,11.2,111.2,1022.9,76.1,6.3,136.7,11.8,0.36,"Rain, Partially cloudy"
2023-03-04,23.1,18.0,20.4,23.1,18.0,20.4,14.5,69.5,0.0,0.0,noprecip,16.6,14.8,22.6,1024.2,81.4,9.4,162.1,14.0,0.39,Partially cloudy
2023-03-05,26.0,16.0,20.8,26.0,16.0,20.8,14.9,71.4,0.1,4.17,rain,26.6,18.4,143.7,1022.0,53.4,6.8,170.0,14.6,0.42,"Rain, Partially cloudy"
2023-03-06,26.0,18.0,21.5,26.0,18.0,21.5,16.2,72.3,0.0,0.0,noprecip,35.3,24.1,122.1,1019.3,50.5,7.2,172.1,14.9,0.46,Partially cloudy
2023-03-07,26.0,19.3,22.0,26.0,19.3,22.0,16.1,69.7,0.2,8.33,rain,29.9,22.3,135.9,1018.2,88.7,9.4,104.3,8.9,0.5,"Rain, Partially cloudy"
2023-03-08,23.7,20.0,21.6,23.7,20.0,21.6,18.4,82.1,0.1,4.17,rain,28.4,18.4,119.9,1018.4,93.7,7.8,124.5,10.7,0.52,"Rain, Overcast"
2023-03-09,29.0,19.0,23.5,29.7,19.0,23.7,18.6,76.1,0.1,4.17,rain,22.0,18.4,110.2,1018.0,48.0,6.2,182.6,15.5,0.56,"Rain, Partially cloudy"
2023-03-10,29.0,20.0,23.3,29.8,20.0,23.5,18.3,75.1,0.0,0.0,noprecip,37.8,22.3,123.0,1014.8,41.8,6.2,207.9,17.9,0.59,Partially cloudy
2023-03-11,22.5,20.7,21.7,22.5,20.7,21.7,19.3,86.4,0.7,20.83,rain,30.6,16.6,117.0,1016.1,90.1,5.3,81.8,7.1,0.63,"Rain, Overcast"
2023-03-12,27.0,20.3,23.3,28.2,20.3,23.4,18.8,77.0,0.099,4.17,rain,45.7,25.9,53.1,1018.7,67.3,6.5,142.8,12.5,0.66,"Rain, Partially cloudy"
2023-03-13,22.0,17.0,19.6,22.0,17.0,19.6,11.6,60.9,0.01,4.17,rain,31.0,22.3,17.6,1021.4,79.6,10.0,79.2,7.0,0.7,"Rain, Partially cloudy"
2023-03-14,26.0,16.0,20.7,26.0,16.0,20.7,14.3,68.7,0.0,0.0,noprecip,37.1,16.6,132.3,1014.2,36.6,8.1,239.7,20.7,0.74,Partially cloudy
2023-03-15,25.0,18.0,21.6,25.0,18.0,21.6,18.9,85.2,0.099,4.17,rain,30.6,18.4,122.5,1014.2,84.3,9.8,111.6,9.7,0.75,"Rain, Partially cloudy"
2023-03-16,28.0,21.0,23.8,29.2,21.0,24.1,19.8,79.2,0.516,8.33,rain,36.7,18.4,142.7,1015.4,81.6,10.7,107.4,9.3,0.81,"Rain, Partially cloudy"
2023-03-17,26.0,21.0,23.5,26.0,21.0,23.5,20.4,83.1,0.0,0.0,rain,33.8,20.5,126.7,1014.1,90.0,8.5,150.1,13.0,0.84,Partially cloudy
2023-03-18,25.0,22.0,23.3,25.0,22.0,23.3,20.2,82.8,0.4,16.67,rain,33.8,18.4,134.2,1012.9,98.2,8.9,90.3,7.8,0.88,"Rain, Overcast"
2023-03-19,27.0,22.0,24.1,28.5,22.0,24.2,20.2,79.7,0.1,4.17,rain,36.7,18.4,133.6,1011.0,94.7,8.8,125.9,10.9,0.91,"Rain, Overcast"
2023-03-20,28.0,23.0,24.9,30.7,23.0,25.5,21.9,83.6,0.1,4.17,rain,32.0,22.3,129.2,1007.9,96.9,8.4,131.3,11.2,0.95,"Rain, Overcast"
2023-03-21,29.3,23.0,25.7,33.2,23.0,26.8,23.1,86.1,0.102,8.33,rain,23.8,20.5,113.4,1005.5,91.8,6.0,202.0,17.4,0.98,"Rain, Overcast"
2023-03-22,34.0,24.0,27.5,40.6,24.0,29.8,23.4,80.1,0.0,0.0,noprecip,26.3,20.5,101.4,1003.2,55.4,6.1,260.2,22.4,0.0,Partially cloudy
2023-03-23,32.5,24.7,27.2,40.0,24.7,29.4,23.6,81.0,0.1,4.17,rain,22.3,20.5,99.5,1003.3,80.5,6.9,268.8,23.2,0.05,"Rain, Partially cloudy"
2023-03-24,30.0,24.7,26.8,34.1,24.7,28.3,23.2,81.1,0.0,0.0,noprecip,29.5,22.3,102.8,1005.8,92.5,6.9,265.0,22.9,0.08,Overcast
2023-03-25,26.2,22.0,25.0,26.2,22.0,25.0,22.9,88.1,1.682,4.17,rain,25.2,20.5,117.6,1009.2,95.4,7.2,73.3,6.5,0.11,"Rain, Overcast"
2023-03-26,21.0,18.0,19.6,21.0,18.0,19.6,16.9,84.6,2.102,12.5,rain,31.7,20.5,48.5,1011.7,99.9,9.2,57.2,5.0,0.14,"Rain, Overcast"
2023-03-27,21.0,17.0,18.8,21.0,17.0,18.8,15.0,79.3,1.137,16.67,rain,26.6,14.8,34.8,1014.8,99.7,9.5,52.7,4.6,0.18,"Rain, Overcast"
2023-03-28,19.8,17.0,18.7,19.8,17.0,18.7,14.1,74.8,0.004,4.17,rain,16.2,16.6,43.5,1016.4,99.1,9.8,53.8,4.6,0.21,"Rain, Overcast"
2023-03-29,22.7,16.0,19.1,22.7,16.0,19.1,15.8,81.8,1.387,8.33,rain,16.9,13.0,45.9,1014.7,95.6,9.7,113.2,9.8,0.25,"Rain, Overcast"
2023-03-30,22.0,17.0,19.4,22.0,17.0,19.4,16.0,81.1,0.735,16.67,rain,16.9,14.8,65.8,1012.4,100.0,9.2,102.3,8.9,0.27,"Rain, Overcast"
2023-03-31,22.0,18.7,20.3,22.0,18.7,20.3,18.6,90.3,1.298,12.5,rain,19.1,7.6,98.1,1011.4,95.6,3.9,82.5,7.2,0.31,"Rain, Overcast"
2023-04-01,22.8,20.0,21.1,22.8,20.0,21.1,20.3,95.3,1.29,12.5,rain,18.0,7.2,101.8,1009.7,95.9,3.4,85.9,7.6,0.34,"Rain, Overcast"
2023-04-02,26.3,22.0,23.8,26.3,22.0,23.8,22.5,92.6,0.401,12.5,rain,31.0,16.6,120.8,1006.9,96.3,5.1,137.1,11.7,0.37,"Rain, Overcast"
2023-04-03,30.0,23.0,25.9,35.1,23.0,27.2,23.4,86.7,0.099,4.17,rain,29.5,20.5,114.6,1005.3,94.8,6.7,226.7,19.8,0.4,"Rain, Overcast"
2023-04-04,30.0,24.0,26.6,35.1,24.0,28.3,23.5,83.8,0.001,4.17,rain,28.8,16.6,106.1,1004.0,95.0,6.7,248.6,21.4,0.44,"Rain, Overcast"
2023-04-05,32.0,25.0,27.5,37.9,25.0,29.5,23.5,80.1,0.0,0.0,noprecip,25.9,20.5,108.2,1004.8,91.8,7.1,282.2,24.5,0.47,Overcast
2023-04-06,32.0,25.0,27.9,37.9,25.0,30.4,23.6,78.7,0.5,12.5,rain,44.6,20.5,110.6,1008.3,93.5,7.3,164.6,14.4,0.5,"Rain, Overcast"
2023-04-07,25.0,21.9,23.8,25.0,21.9,23.8,16.0,62.0,0.0,0.0,rain,22.0,18.4,63.7,1013.8,89.3,9.8,84.8,7.3,0.54,Partially cloudy
2023-04-08,23.0,19.0,20.9,23.0,19.0,20.9,15.7,72.7,0.014,8.33,rain,28.8,22.3,33.0,1018.9,100.0,9.7,46.1,3.9,0.57,"Rain, Overcast"
2023-04-09,20.4,18.0,19.0,20.4,18.0,19.0,16.5,85.4,0.007,4.17,rain,13.3,11.2,65.5,1017.1,99.9,7.2,68.4,5.9,0.61,"Rain, Overcast"
2023-04-10,22.7,18.0,20.4,22.7,18.0,20.4,18.9,91.3,0.597,8.33,rain,14.8,9.4,58.9,1011.8,99.5,4.3,98.2,8.5,0.64,"Rain, Overcast"
2023-04-11,26.0,21.0,22.8,26.0,21.0,22.8,21.5,92.6,0.501,8.33,rain,22.3,9.4,50.7,1009.3,98.5,3.5,111.3,9.6,0.68,"Rain, Overcast"
2023-04-12,26.0,23.0,24.3,26.0,23.0,24.3,23.3,94.4,4.308,8.33,rain,30.2,14.8,125.1,1009.7,96.6,3.7,76.9,6.8,0.72,"Rain, Overcast"
2023-04-13,25.0,23.0,24.0,25.0,23.0,24.0,23.4,96.2,3.032,12.5,rain,43.2,18.4,124.0,1008.7,98.9,3.2,103.3,8.9,0.75,"Rain, Overcast"
2023-04-14,25.5,23.6,24.4,25.5,23.6,24.4,23.8,96.0,1.996,12.5,rain,29.2,14.8,104.5,1008.2,97.4,2.9,78.9,6.9,0.79,"Rain, Overcast"
2023-04-15,29.0,24.0,25.7,32.7,24.0,26.5,23.3,87.3,9.169,16.67,rain,28.8,14.8,56.0,1010.6,79.4,7.0,65.1,5.6,0.82,"Rain, Partially cloudy"
2023-04-16,30.0,22.0,25.9,33.3,22.0,27.0,21.8,79.2,0.001,4.17,rain,24.5,14.8,145.5,1009.1,50.1,7.6,199.2,17.4,0.86,"Rain, Partially cloudy"
2023-04-17,28.6,23.0,25.5,33.2,23.0,26.9,23.1,86.6,0.0,0.0,rain,31.0,20.5,118.5,1006.9,83.6,6.2,181.5,15.8,0.89,Partially cloudy
2023-04-18,30.6,25.0,27.2,37.5,25.0,29.9,25.0,88.3,0.0,0.0,rain,31.0,18.4,113.2,1004.8,95.8,6.3,243.9,21.0,0.93,Overcast
2023-04-19,32.0,26.0,28.2,39.2,26.0,31.7,24.8,82.3,0.0,0.0,rain,24.1,16.6,111.5,1001.9,86.4,6.5,272.5,23.6,0.97,Partially cloudy
2023-04-20,30.5,25.0,27.7,37.3,25.0,31.0,24.4,82.3,0.0,0.0,rain,25.2,18.4,121.8,1001.0,91.4,6.6,193.7,16.9,0.0,Overcast
2023-04-21,32.0,25.6,28.3,39.2,25.6,32.3,24.8,81.9,0.0,0.0,rain,31.3,20.5,117.8,1001.4,87.5,6.3,234.0,20.2,0.03,Partially cloudy
2023-04-22,31.5,26.0,28.2,39.1,26.0,32.4,25.0,83.4,0.0,0.0,rain,30.2,20.5,112.0,1003.7,85.0,7.5,271.4,23.2,0.07,Partially cloudy
2023-04-23,31.1,27.0,28.4,37.8,30.1,33.1,24.9,82.0,0.0,0.0,rain,32.4,20.5,121.0,1007.8,79.3,8.4,218.8,18.8,0.1,Partially cloudy
2023-04-24,33.0,26.0,28.4,40.6,26.0,32.0,24.8,82.1,12.5,37.5,rain,33.1,24.1,123.8,1010.2,73.7,8.7,140.9,12.3,0.13,"Rain, Partially cloudy"
2023-04-25,27.0,18.0,21.8,30.1,18.0,22.0,19.5,86.8,3.979,4.17,rain,33.1,25.9,57.7,1013.9,92.7,9.5,47.2,3.9,0.16,"Rain, Overcast"
2023-04-26,26.1,20.0,22.8,26.1,20.0,22.8,16.9,71.5,0.6,12.5,rain,19.1,9.4,318.7,1014.2,56.7,9.1,197.4,17.0,0.19,"Rain, Partially cloudy"
2023-04-27,31.0,21.0,25.2,34.6,21.0,26.2,20.4,76.1,0.0,0.0,noprecip,36.4,24.1,114.6,1011.1,37.6,10.0,208.7,18.0,0.23,Partially cloudy
2023-04-28,30.1,24.0,26.6,36.2,24.0,29.0,23.8,84.9,0.021,4.17,rain,37.8,22.3,126.2,1009.8,89.8,8.6,174.3,14.8,0.25,"Rain, Partially cloudy"
2023-04-29,29.0,22.0,25.4,32.0,22.0,26.0,22.2,83.0,53.559,8.33,rain,34.2,18.4,90.0,1011.2,90.1,9.0,109.0,9.3,0.29,"Rain, Overcast"
2023-04-30,25.5,21.0,23.5,25.5,21.0,23.5,18.0,72.2,0.506,8.33,rain,19.4,13.0,40.2,1013.2,80.4,10.0,217.2,18.8,0.32,"Rain, Partially cloudy"
2023-05-01,30.0,22.0,25.5,31.9,22.0,26.2,19.7,71.3,0.0,0.0,noprecip,28.1,18.4,110.2,1011.7,50.4,9.6,221.3,19.3,0.35,Partially cloudy
2023-05-02,31.0,22.0,26.0,35.5,22.0,27.3,22.0,79.7,0.0,0.0,rain,37.1,18.4,135.7,1011.3,69.7,9.3,186.8,16.0,0.39,Partially cloudy
2023-05-03,32.0,25.0,28.0,37.9,25.0,31.2,24.1,80.3,0.1,4.17,rain,42.8,25.9,137.1,1009.4,73.2,8.9,196.8,16.9,0.42,"Rain, Partially cloudy"
2023-05-04,34.0,26.0,29.0,45.3,26.0,34.5,25.5,82.2,0.0,0.0,noprecip,42.5,25.9,121.0,1004.2,74.5,10.0,252.4,21.7,0.45,Partially cloudy
2023-05-05,36.1,26.6,30.1,50.4,26.6,37.3,26.1,80.4,0.0,0.0,noprecip,22.7,18.4,101.4,999.7,47.5,10.2,309.0,26.7,0.48,Partially cloudy
2023-05-06,39.0,27.0,31.6,51.5,30.6,40.2,26.5,76.5,0.0,0.0,noprecip,24.5,22.3,110.7,998.4,28.3,11.4,312.7,26.9,0.5,Partially cloudy
2023-05-07,35.3,26.8,30.7,45.9,30.1,38.7,26.3,78.6,2.7,16.67,rain,36.7,27.7,111.1,1001.3,70.9,9.6,282.9,24.5,0.55,"Rain, Partially cloudy"
2023-05-08,28.0,23.0,25.2,33.6,23.0,25.8,22.9,87.1,26.294,16.67,rain,32.4,18.4,59.9,1008.0,91.3,9.8,67.1,5.9,0.59,"Rain, Overcast"
2023-05-09,26.0,21.0,23.4,26.0,21.0,23.4,21.7,90.3,11.675,4.17,rain,21.2,14.8,69.5,1010.5,98.2,7.9,115.8,10.0,0.62,"Rain, Overcast"
2023-05-10,30.0,24.0,26.8,37.4,24.0,29.9,24.7,88.8,0.297,4.17,rain,28.8,14.8,102.9,1009.3,92.8,7.6,187.4,16.2,0.66,"Rain, Overcast"
2023-05-11,32.3,24.0,27.4,39.2,24.0,29.2,23.6,81.0,0.064,12.5,rain,42.8,25.9,78.3,1011.2,86.4,9.2,128.6,11.1,0.7,"Rain, Partially cloudy"
2023-05-12,29.0,24.0,26.1,30.3,24.0,26.4,18.8,64.8,0.032,8.33,rain,27.4,22.3,42.5,1014.1,96.6,10.0,121.6,10.6,0.75,"Rain, Overcast"
2023-05-13,25.5,22.0,23.6,25.5,22.0,23.6,18.6,73.8,0.119,12.5,rain,28.1,16.6,47.5,1014.2,99.0,10.0,102.8,8.9,0.77,"Rain, Overcast"
2023-05-14,26.1,20.0,23.3,26.1,20.0,23.3,20.3,83.3,0.198,4.17,rain,25.9,13.0,332.7,1012.7,94.4,9.0,189.2,16.3,0.8,"Rain, Overcast"
2023-05-15,32.0,22.0,26.7,35.9,22.0,28.4,22.2,77.7,1.1,4.17,rain,27.0,24.1,122.6,1009.0,52.4,9.3,228.2,19.8,0.84,"Rain, Partially cloudy"
2023-05-16,36.1,25.0,29.7,44.9,25.0,34.4,24.7,76.5,0.198,4.17,rain,25.6,20.5,124.7,1005.1,65.7,9.0,284.8,24.6,0.88,"Rain, Partially cloudy"
2023-05-17,39.5,26.0,32.3,43.4,26.0,36.1,23.2,64.3,0.0,0.0,noprecip,24.5,18.4,103.4,1002.9,7.5,9.9,317.3,27.4,0.91,Clear
2023-05-18,39.0,27.0,32.8,43.4,30.1,38.4,23.8,62.3,0.0,0.0,noprecip,18.0,14.8,80.6,1002.8,6.9,12.0,309.9,26.9,0.95,Clear
2023-05-19,36.0,27.0,31.0,46.3,30.6,38.8,25.9,75.1,0.0,0.0,rain,20.5,20.5,104.3,1003.5,34.9,9.7,282.0,24.2,0.0,Partially cloudy
2023-05-20,36.0,27.8,30.6,48.1,33.6,38.7,26.5,79.6,0.099,4.17,rain,26.3,22.3,113.2,1003.9,61.7,8.6,270.7,23.4,0.02,"Rain, Partially cloudy"
2023-05-21,36.4,28.0,31.5,50.2,34.5,41.8,27.4,79.9,0.0,0.0,noprecip,32.8,24.1,110.7,1004.5,58.9,9.5,299.2,26.0,0.05,Partially cloudy
2023-05-22,38.0,28.0,32.3,50.8,33.6,42.4,27.1,75.9,0.0,0.0,noprecip,33.1,22.3,104.4,1003.9,24.7,11.6,309.0,26.7,0.08,Partially cloudy
2023-05-23,35.0,28.7,30.7,45.9,35.4,39.3,26.5,79.0,0.099,4.17,rain,41.8,22.3,100.7,1004.9,59.6,10.2,158.3,13.7,0.11,"Rain, Partially cloudy"
2023-05-24,33.0,24.0,28.4,43.8,24.0,32.9,25.3,84.0,3.76,4.17,rain,25.6,22.3,114.8,1006.6,86.1,9.0,114.6,9.9,0.15,"Rain, Partially cloudy"
2023-05-25,32.4,24.0,27.7,41.5,24.0,31.4,24.8,84.9,7.653,12.5,rain,27.4,16.6,114.6,1007.5,63.7,8.9,216.3,18.7,0.18,"Rain, Partially cloudy"
2023-05-26,32.4,25.0,28.3,42.3,25.0,33.0,25.3,84.3,4.76,8.33,rain,27.7,22.3,112.0,1007.9,59.6,9.6,188.6,16.2,0.21,"Rain, Partially cloudy"
2023-05-27,33.0,26.0,29.5,42.1,26.0,36.1,26.0,82.1,0.006,8.33,rain,33.8,24.1,110.8,1006.7,50.3,9.4,216.8,18.7,0.25,"Rain, Partially cloudy"
2023-05-28,34.0,27.0,29.9,42.1,31.2,36.6,25.8,79.9,0.11,8.33,rain,30.2,18.4,114.6,1007.4,55.3,9.4,266.7,22.9,0.28,"Rain, Partially cloudy"
2023-05-29,35.3,27.0,30.9,43.3,31.2,37.6,25.5,74.8,0.005,4.17,rain,19.4,16.6,116.6,1007.7,30.3,10.9,294.6,25.3,0.31,"Rain, Partially cloudy"
2023-05-30,36.4,27.0,31.6,43.2,31.2,38.0,25.0,71.1,0.0,0.0,noprecip,19.1,16.6,113.3,1005.7,16.0,11.7,304.8,26.4,0.34,Clear
2023-05-31,37.0,27.0,31.8,47.6,31.2,38.9,25.4,70.6,0.0,0.0,noprecip,23.4,22.3,114.8,1002.7,15.6,10.5,310.7,26.7,0.37,Clear
2023-06-01,37.1,28.0,31.9,51.5,33.6,41.4,26.8,75.9,0.0,0.0,noprecip,22.7,25.9,105.5,1001.0,33.5,9.1,265.1,22.8,0.4,Partially cloudy
2023-06-02,38.0,29.0,32.5,49.0,32.0,42.1,26.6,73.1,0.2,4.17,rain,26.6,22.3,111.8,1001.8,52.2,10.9,267.5,23.2,0.44,"Rain, Partially cloudy"
2023-06-03,37.0,25.5,30.6,46.0,25.5,35.5,24.2,70.2,1.979,4.17,rain,23.0,25.9,110.8,1004.9,49.0,10.5,286.3,24.7,0.47,"Rain, Partially cloudy"
2023-06-04,36.0,26.0,30.4,44.7,26.0,36.0,24.6,72.6,2.968,4.17,rain,35.3,22.3,120.4,1005.0,69.2,10.8,161.3,14.0,0.5,"Rain, Partially cloudy"
2023-06-05,34.1,26.0,29.7,42.0,26.0,35.4,25.2,77.8,8.2,62.5,rain,22.3,14.8,102.8,1004.9,71.4,9.6,193.0,16.5,0.54,"Rain, Partially cloudy"
2023-06-06,34.0,27.0,28.9,42.0,30.6,34.8,25.6,83.0,16.99,8.33,rain,22.7,18.4,345.9,1005.6,60.0,8.9,162.7,14.0,0.57,"Rain, Partially cloudy"
2023-06-07,36.0,27.0,31.0,43.2,30.6,36.8,24.7,71.2,0.3,12.5,rain,27.4,22.3,57.4,1005.0,67.5,9.7,229.6,19.9,0.61,"Rain, Partially cloudy"
2023-06-08,35.0,27.0,30.3,44.9,30.1,37.9,26.3,80.4,5.8,29.17,rain,59.4,27.7,65.9,1003.9,66.8,7.6,229.1,20.0,0.64,"Rain, Partially cloudy"
2023-06-09,33.0,25.0,28.9,42.1,25.0,33.2,25.0,80.8,51.831,16.67,rain,31.3,18.4,287.4,1003.2,73.7,10.4,116.4,10.0,0.68,"Rain, Partially cloudy"
2023-06-10,36.0,27.7,31.7,46.2,32.5,38.7,25.2,70.4,0.1,4.17,rain,22.7,16.6,304.4,1001.3,47.2,9.6,284.8,24.5,0.72,"Rain, Partially cloudy"
2023-06-11,37.0,28.0,32.0,47.6,34.5,40.7,26.3,73.4,0.6,8.33,rain,20.9,20.5,106.4,1000.9,43.9,8.9,291.2,25.1,0.75,"Rain, Partially cloudy"
2023-06-12,34.0,28.0,30.4,45.8,32.7,38.6,26.5,80.1,0.697,4.17,rain,25.2,18.4,116.8,1001.5,64.0,9.4,234.7,20.3,0.79,"Rain, Partially cloudy"
2023-06-13,34.1,25.0,29.4,43.5,25.0,34.7,25.5,81.2,0.251,4.17,rain,28.1,18.4,309.4,1001.9,66.5,9.5,157.1,13.7,0.82,"Rain, Partially cloudy"
2023-06-14,29.7,25.0,27.3,35.9,25.0,30.1,24.9,87.3,27.007,8.33,rain,23.0,13.0,5.8,1004.5,87.1,9.4,163.0,14.1,0.86,"Rain, Partially cloudy"
2023-06-15,34.0,26.0,29.5,43.5,26.0,35.0,25.6,80.3,0.296,4.17,rain,30.2,13.9,133.2,1003.4,65.7,8.7,191.0,16.4,0.89,"Rain, Partially cloudy"
2023-06-16,35.0,28.0,31.2,46.7,32.7,39.4,26.2,75.8,4.2,16.67,rain,29.9,20.5,113.4,1001.8,70.6,9.1,203.3,17.4,0.93,"Rain, Partially cloudy"
2023-06-17,36.1,25.0,31.0,45.8,25.0,39.2,26.4,77.9,0.9,12.5,rain,25.6,24.1,118.8,1002.9,70.9,10.3,231.9,20.2,0.96,"Rain, Partially cloudy"
2023-06-18,33.0,25.0,28.4,43.8,25.0,33.2,25.4,84.3,15.937,8.33,rain,24.8,18.5,113.6,1004.0,83.3,9.7,191.8,16.6,0.0,"Rain, Partially cloudy"
2023-06-19,31.1,27.0,28.8,40.6,30.1,35.8,26.4,87.0,0.2,8.33,rain,25.6,13.0,80.5,1003.4,70.4,9.3,172.2,14.7,0.03,"Rain, Partially cloudy"
2023-06-20,36.0,26.0,30.4,45.3,26.0,37.6,26.0,79.2,6.629,4.17,rain,51.8,22.3,94.1,1003.2,59.0,9.2,221.4,19.1,0.07,"Rain, Partially cloudy"
2023-06-21,35.1,25.0,28.7,45.8,25.0,33.8,25.4,83.1,18.898,4.17,rain,20.5,37.1,86.3,1004.3,80.1,9.4,225.5,19.3,0.1,"Rain, Partially cloudy"
2023-06-22,33.9,26.0,30.0,45.3,26.0,37.3,26.3,81.2,17.81,4.17,rain,23.4,9.4,67.0,1003.4,68.5,9.5,190.3,16.4,0.13,"Rain, Partially cloudy"
2023-06-23,30.8,24.7,27.7,40.4,24.7,31.5,24.7,84.0,1.172,8.33,rain,29.2,20.5,63.5,1003.9,74.3,10.0,128.4,11.1,0.16,"Rain, Partially cloudy"
2023-06-24,28.8,25.0,26.5,34.7,25.0,28.5,25.2,93.1,40.345,12.5,rain,22.7,11.2,85.3,1003.7,90.8,7.9,42.5,3.6,0.2,"Rain, Overcast"
2023-06-25,27.9,25.0,26.1,32.6,25.0,27.5,24.8,92.3,29.81,12.5,rain,18.7,11.2,339.8,1005.3,90.1,9.1,40.6,3.5,0.23,"Rain, Overcast"
2023-06-26,30.0,25.0,27.4,36.2,25.0,30.4,25.0,87.2,13.939,12.5,rain,19.8,18.4,104.8,1006.3,77.0,9.4,69.2,5.7,0.25,"Rain, Partially cloudy"
2023-06-27,30.0,26.0,27.8,36.5,26.0,31.9,25.4,87.1,0.1,8.33,rain,24.8,22.3,109.3,1007.2,85.1,9.3,106.8,9.4,0.29,"Rain, Partially cloudy"
2023-06-28,34.0,26.0,29.6,43.7,26.0,35.7,25.9,81.1,6.424,12.5,rain,33.1,20.5,131.9,1007.4,67.9,9.8,249.3,21.7,0.33,"Rain, Partially cloudy"
2023-06-29,36.0,28.0,31.2,46.3,34.5,39.8,26.6,77.8,0.2,8.33,rain,31.3,24.1,135.0,1004.3,60.6,11.0,277.3,24.0,0.36,"Rain, Partially cloudy"
2023-06-30,36.9,29.0,31.9,50.2,36.8,43.0,27.6,79.1,0.0,0.0,noprecip,26.6,20.5,113.7,1001.8,81.7,10.7,274.8,23.8,0.39,Partially cloudy
2023-07-01,37.0,28.0,32.0,51.5,34.5,42.6,27.4,77.8,0.396,4.17,rain,30.6,18.4,108.3,1001.9,75.3,9.9,249.2,21.6,0.43,"Rain, Partially cloudy"
2023-07-02,36.9,28.0,30.9,47.6,31.3,39.6,26.4,77.6,0.099,4.17,rain,27.0,18.4,103.2,1003.0,66.7,10.9,266.7,23.2,0.46,"Rain, Partially cloudy"
2023-07-03,34.5,27.0,30.7,45.8,29.6,39.9,26.9,81.0,1.979,4.17,rain,24.8,22.3,103.3,1003.6,81.2,10.0,172.5,14.9,0.5,"Rain, Partially cloudy"
2023-07-04,35.3,27.0,30.5,46.7,30.6,38.0,26.0,77.7,2.7,37.5,rain,25.9,22.3,90.4,1004.1,65.8,10.6,258.7,22.4,0.53,"Rain, Partially cloudy"
2023-07-05,35.4,26.0,29.7,45.3,26.0,36.5,26.2,82.8,2.474,4.17,rain,25.2,22.3,111.6,1004.5,63.0,9.9,257.9,22.1,0.56,"Rain, Partially cloudy"
2023-07-06,36.5,27.8,31.7,46.3,33.3,39.7,26.1,74.1,0.198,4.17,rain,35.3,24.1,133.8,1004.7,31.4,10.6,295.9,25.5,0.6,"Rain, Partially cloudy"
2023-07-07,37.3,28.0,32.3,46.7,33.6,40.9,26.1,71.3,0.0,0.0,noprecip,30.6,25.9,135.9,1004.8,29.9,11.3,299.3,26.0,0.63,Partially cloudy
2023-07-08,34.9,25.0,30.1,47.9,25.0,37.5,26.2,79.9,0.099,4.17,rain,31.7,22.3,129.9,1006.5,62.4,9.9,280.2,24.3,0.67,"Rain, Partially cloudy"
2023-07-09,34.5,26.0,30.0,43.7,26.0,35.5,25.0,75.7,0.099,4.17,rain,25.6,18.4,126.1,1007.1,66.1,10.0,233.6,20.2,0.7,"Rain, Partially cloudy"
2023-07-10,36.0,27.0,31.0,48.1,30.1,37.9,25.3,72.7,15.636,8.33,rain,46.4,25.9,125.7,1006.1,60.5,11.2,270.1,23.6,0.75,"Rain, Partially cloudy"
2023-07-11,37.0,27.0,31.5,46.0,31.2,39.2,25.8,73.0,5.64,4.17,rain,29.9,27.7,133.7,1005.0,43.5,11.5,288.5,25.1,0.77,"Rain, Partially cloudy"
2023-07-12,37.0,27.0,32.1,44.7,29.6,39.1,25.2,69.5,0.0,0.0,noprecip,34.6,31.7,143.7,1004.4,33.6,11.3,295.3,25.6,0.81,Partially cloudy
2023-07-13,36.1,25.0,30.8,44.7,25.0,36.3,24.9,72.8,1.286,4.17,rain,27.7,20.5,104.1,1003.5,46.2,10.9,299.9,26.1,0.84,"Rain, Partially cloudy"
2023-07-14,35.3,27.1,30.7,45.8,31.0,38.8,26.2,77.6,0.106,4.17,rain,22.7,25.9,89.5,1003.0,66.6,11.3,256.4,22.1,0.88,"Rain, Partially cloudy"
2023-07-15,34.0,27.0,30.6,43.8,31.1,38.0,25.9,77.0,0.106,4.17,rain,29.2,18.4,315.5,1002.2,55.6,10.7,225.0,19.5,0.91,"Rain, Partially cloudy"
2023-07-16,36.0,28.0,31.9,46.3,33.6,39.8,25.7,70.8,0.001,4.17,rain,36.0,13.0,298.9,1000.1,77.8,9.9,272.4,23.6,0.95,"Rain, Partially cloudy"
2023-07-17,38.0,29.0,33.2,43.8,35.6,39.3,23.7,60.3,0.1,4.17,rain,39.6,16.6,319.6,997.8,72.5,9.7,241.8,21.0,0.98,"Rain, Partially cloudy"
2023-07-18,32.0,25.0,28.4,39.7,25.0,31.1,23.0,73.7,2.671,4.17,rain,39.2,24.1,304.5,998.2,92.6,10.0,77.5,6.7,0.0,"Rain, Overcast"
2023-07-19,29.0,24.7,26.4,34.5,24.7,28.4,24.4,89.0,14.595,16.67,rain,22.0,13.0,81.5,1003.6,91.5,8.8,113.8,9.9,0.05,"Rain, Overcast"
2023-07-20,29.0,26.0,27.5,35.8,26.0,31.8,25.5,88.9,7.106,12.5,rain,22.7,9.4,45.6,1006.3,56.4,8.9,87.7,7.6,0.08,"Rain, Partially cloudy"
2023-07-21,33.1,26.0,29.2,40.6,26.0,34.7,25.6,81.6,4.8,33.33,rain,19.8,9.4,34.1,1008.6,63.6,9.5,146.7,12.7,0.11,"Rain, Partially cloudy"
2023-07-22,35.0,27.0,30.9,42.0,31.2,37.5,25.3,73.7,0.004,4.17,rain,23.0,16.6,131.2,1009.3,56.3,10.7,267.7,23.2,0.15,"Rain, Partially cloudy"
2023-07-23,36.0,27.0,31.7,43.2,31.2,38.4,25.0,69.6,0.0,0.0,noprecip,25.2,16.6,137.6,1007.8,24.2,12.3,282.3,24.4,0.18,Partially cloudy
2023-07-24,35.4,27.0,31.7,43.3,31.2,38.5,25.1,69.7,0.0,0.0,noprecip,23.4,14.8,139.3,1006.1,38.3,11.8,289.0,24.9,0.21,Partially cloudy
2023-07-25,37.0,28.0,32.0,43.2,33.4,38.5,24.8,67.8,0.0,0.0,noprecip,23.4,14.8,124.2,1005.4,51.4,10.8,266.3,23.0,0.25,Partially cloudy
2023-07-26,37.0,27.0,32.1,46.0,31.2,39.3,25.3,68.7,0.0,0.0,noprecip,22.0,22.3,115.0,1003.6,49.2,12.0,304.0,26.3,0.25,Partially cloudy
2023-07-27,37.0,28.0,32.3,47.6,33.6,40.9,26.1,71.1,2.4,8.33,rain,20.5,11.2,81.8,1000.2,46.7,11.8,285.2,24.6,0.31,"Rain, Partially cloudy"
2023-07-28,31.1,28.0,29.3,39.1,32.7,35.6,25.5,80.0,0.099,4.17,rain,24.5,18.4,313.6,998.7,74.4,9.7,238.5,20.6,0.35,"Rain, Partially cloudy"
2023-07-29,36.0,27.0,30.5,46.3,31.2,38.3,26.4,79.9,2.77,4.17,rain,23.0,11.2,328.6,1000.0,53.8,9.0,207.5,17.9,0.38,"Rain, Partially cloudy"
2023-07-30,33.0,28.0,30.2,45.8,33.6,38.7,26.8,83.0,12.071,4.17,rain,23.0,16.6,95.2,1001.4,59.5,8.8,138.0,12.0,0.41,"Rain, Partially cloudy"
2023-07-31,34.1,25.0,28.5,45.3,25.0,33.3,26.0,87.0,71.539,8.33,rain,23.0,35.3,102.2,1003.0,70.1,9.3,95.6,8.2,0.45,"Rain, Partially cloudy"
2023-08-01,33.0,26.0,28.0,42.1,26.0,32.0,25.6,87.5,3.54,12.5,rain,30.2,14.8,86.5,1002.9,83.2,7.6,85.3,7.4,0.48,"Rain, Partially cloudy"
2023-08-02,33.0,27.0,28.8,42.1,30.6,34.6,25.8,84.7,4.781,8.33,rain,21.6,20.5,64.8,1001.9,73.1,9.0,141.7,12.2,0.5,"Rain, Partially cloudy"
2023-08-03,33.7,27.0,28.5,41.1,30.6,34.0,25.9,86.5,13.003,12.5,rain,22.3,20.5,342.2,1001.2,60.0,8.9,118.5,10.3,0.55,"Rain, Partially cloudy"
2023-08-04,28.0,25.0,26.7,33.8,25.0,29.4,25.7,94.6,25.29,12.5,rain,17.3,20.5,277.3,1002.0,89.3,8.0,48.9,4.2,0.58,"Rain, Partially cloudy"
2023-08-05,30.0,26.0,27.4,36.4,26.0,31.0,25.7,90.2,55.571,12.5,rain,30.2,11.2,229.2,1001.3,86.3,9.5,125.0,10.7,0.62,"Rain, Partially cloudy"
2023-08-06,31.5,26.0,28.2,39.7,26.0,32.6,25.6,86.5,4.5,33.33,rain,31.3,9.4,92.3,998.7,73.8,8.7,113.4,9.7,0.65,"Rain, Partially cloudy"
2023-08-07,31.0,26.0,28.6,37.7,26.0,33.7,25.5,83.8,4.2,29.17,rain,23.4,10.1,92.8,998.3,69.8,9.2,133.4,11.7,0.69,"Rain, Partially cloudy"
2023-08-08,33.6,27.0,29.1,40.7,30.9,34.9,25.6,82.7,1.3,16.67,rain,28.1,22.3,66.9,1000.2,62.9,10.4,237.5,20.5,0.75,"Rain, Partially cloudy"
2023-08-09,35.0,27.0,30.4,44.9,31.2,37.7,26.0,78.5,4.8,16.67,rain,27.7,11.2,71.6,1002.2,57.6,11.0,233.7,19.9,0.75,"Rain, Partially cloudy"
2023-08-10,32.1,28.0,29.0,40.6,33.6,36.6,26.9,88.5,5.0,4.17,rain,18.7,16.6,33.1,1003.4,66.4,8.6,157.5,13.6,0.79,"Rain, Partially cloudy"
2023-08-11,32.0,26.0,27.7,42.3,26.0,32.6,26.4,93.0,79.349,8.33,rain,22.3,11.5,81.5,1002.2,71.7,6.8,119.9,10.3,0.82,"Rain, Partially cloudy"
2023-08-12,33.0,26.0,28.3,42.1,26.0,32.1,25.3,84.6,6.233,4.17,rain,24.1,25.9,298.4,1001.8,69.5,9.0,211.6,18.3,0.86,"Rain, Partially cloudy"
2023-08-13,34.9,26.0,29.8,43.5,26.0,35.3,25.5,78.8,3.0,25.0,rain,18.7,16.6,102.3,1002.1,53.6,8.8,239.9,20.7,0.89,"Rain, Partially cloudy"
2023-08-14,35.0,23.0,29.3,44.9,23.0,34.9,25.3,80.6,1.067,4.17,rain,17.6,16.6,103.1,1002.6,59.1,9.2,192.5,16.6,0.93,"Rain, Partially cloudy"
2023-08-15,32.7,25.0,28.4,40.6,25.0,33.1,25.3,83.8,10.989,8.33,rain,16.2,14.8,340.9,1004.4,56.5,8.9,101.9,8.9,0.96,"Rain, Partially cloudy"
2023-08-16,33.9,27.0,29.4,43.8,31.2,36.8,26.7,85.9,0.396,4.17,rain,25.6,14.8,82.3,1005.2,69.2,8.1,181.6,15.7,0.0,"Rain, Partially cloudy"
2023-08-17,36.9,27.0,31.7,46.7,31.8,40.9,26.9,77.6,0.2,8.33,rain,23.0,13.9,95.3,1004.5,53.6,9.6,240.8,20.9,0.03,"Rain, Partially cloudy"
2023-08-18,34.3,28.0,30.7,42.6,34.5,39.1,26.5,79.1,7.0,4.17,rain,20.5,11.2,32.5,1003.5,56.0,10.3,227.1,19.6,0.06,"Rain, Partially cloudy"
2023-08-19,31.5,26.0,29.3,42.8,26.0,37.6,27.3,88.9,0.904,12.5,rain,18.0,11.2,31.4,1004.4,56.3,8.6,146.2,12.5,0.1,"Rain, Partially cloudy"
2023-08-20,29.0,25.0,26.8,36.8,25.0,29.5,25.6,93.5,46.078,8.33,rain,19.1,25.9,66.1,1005.6,75.3,7.4,102.0,8.9,0.13,"Rain, Partially cloudy"
2023-08-21,33.0,25.0,28.9,42.1,25.0,34.2,25.7,84.0,2.5,25.0,rain,23.4,13.0,106.2,1006.2,70.5,8.5,219.9,19.1,0.16,"Rain, Partially cloudy"
2023-08-22,34.0,27.0,30.4,45.3,31.8,38.9,26.8,82.1,0.6,16.67,rain,22.0,11.2,108.1,1004.5,51.0,10.0,233.5,20.3,0.2,"Rain, Partially cloudy"
2023-08-23,36.0,26.0,30.8,48.1,26.0,38.9,26.4,78.8,5.2,25.0,rain,27.0,27.7,70.6,1002.8,61.4,9.7,184.6,16.0,0.23,"Rain, Partially cloudy"
2023-08-24,33.0,25.0,28.1,42.1,25.0,32.1,25.1,84.2,16.3,70.83,rain,21.2,18.4,75.9,1004.4,70.3,9.7,144.0,12.5,0.25,"Rain, Partially cloudy"
2023-08-25,33.0,25.0,29.1,43.8,25.0,34.9,26.1,84.5,0.481,12.5,rain,22.3,20.5,116.7,1004.8,72.1,10.0,178.5,15.2,0.3,"Rain, Partially cloudy"
2023-08-26,34.0,24.0,28.8,45.3,24.0,34.6,26.0,85.7,2.078,4.17,rain,27.4,16.6,97.4,1002.7,77.1,10.3,194.9,16.9,0.33,"Rain, Partially cloudy"
2023-08-27,35.2,27.0,30.7,45.3,31.0,38.8,26.4,79.1,17.81,4.17,rain,24.5,13.0,80.2,1000.1,60.2,11.3,237.1,20.4,0.37,"Rain, Partially cloudy"
2023-08-28,31.9,24.0,28.1,38.9,24.0,32.5,25.2,85.3,12.891,12.5,rain,28.4,33.5,323.0,1002.3,88.3,10.4,129.7,11.2,0.4,"Rain, Partially cloudy"
2023-08-29,31.7,27.0,28.9,35.5,29.6,32.9,23.6,74.1,0.0,0.0,noprecip,31.3,18.4,32.9,1004.5,73.0,10.6,239.5,20.7,0.44,Partially cloudy
2023-08-30,34.0,26.0,29.8,36.1,26.0,32.2,21.3,61.9,0.0,0.0,noprecip,32.8,14.8,20.2,1006.8,47.2,10.1,252.9,21.8,0.47,Partially cloudy
2023-08-31,34.8,25.0,29.7,36.5,25.0,31.3,20.9,62.1,0.0,0.0,noprecip,25.9,20.5,1.2,1006.3,12.7,11.4,258.0,22.2,0.5,Clear
2023-09-01,35.0,25.0,30.3,39.5,25.0,33.4,22.5,65.3,0.0,0.0,noprecip,28.4,16.6,317.2,1005.3,23.4,11.3,236.7,20.5,0.54,Partially cloudy
2023-09-02,36.3,27.0,31.5,40.8,30.6,36.3,23.3,63.8,0.0,0.0,noprecip,37.1,14.8,323.2,1003.0,43.2,9.7,252.2,21.9,0.57,Partially cloudy
2023-09-03,31.3,26.0,28.5,35.6,26.0,31.3,23.2,74.2,0.099,4.17,rain,34.9,18.4,41.0,1002.8,86.8,9.9,56.7,4.9,0.6,"Rain, Partially cloudy"
2023-09-04,28.0,23.0,25.6,31.9,23.0,26.7,23.4,87.8,13.728,12.5,rain,33.8,16.6,326.0,1005.5,98.4,9.1,63.4,5.5,0.64,"Rain, Overcast"
2023-09-05,35.0,26.0,29.3,43.3,26.0,33.1,24.5,77.1,0.007,4.17,rain,27.0,13.0,321.0,1006.1,54.1,9.5,181.3,15.7,0.67,"Rain, Partially cloudy"
2023-09-06,36.0,26.7,30.8,44.7,26.7,36.5,24.8,72.2,0.2,8.33,rain,26.6,14.8,346.8,1006.6,37.1,10.0,236.7,20.4,0.7,"Rain, Partially cloudy"
2023-09-07,36.1,27.0,31.0,44.9,30.1,37.6,25.2,72.5,0.008,4.17,rain,25.6,20.5,340.8,1006.4,53.0,10.9,247.1,21.4,0.75,"Rain, Partially cloudy"
2023-09-08,34.0,25.0,28.9,42.0,25.0,33.2,25.1,81.3,36.079,4.17,rain,28.4,25.9,341.3,1006.4,71.2,9.5,204.1,17.8,0.77,"Rain, Partially cloudy"
2023-09-09,33.0,27.0,29.1,42.1,30.6,35.3,25.8,83.1,0.688,4.17,rain,26.6,14.8,279.8,1005.0,74.3,9.1,176.1,15.2,0.8,"Rain, Partially cloudy"
2023-09-10,33.2,26.7,29.3,42.1,30.4,35.4,25.8,82.3,14.842,8.33,rain,23.8,11.2,13.7,1004.1,60.5,8.7,182.8,15.8,0.84,"Rain, Partially cloudy"
2023-09-11,34.0,26.0,28.7,43.5,26.0,34.4,26.0,86.5,0.01,4.17,rain,21.6,11.2,72.6,1003.0,58.7,8.3,132.6,11.5,0.87,"Rain, Partially cloudy"
2023-09-12,30.3,27.0,28.4,40.1,31.2,34.3,26.1,88.0,0.003,4.17,rain,19.8,11.2,57.4,1003.5,64.1,6.8,50.6,4.3,0.9,"Rain, Partially cloudy"
2023-09-13,28.0,24.0,25.9,33.8,24.0,27.4,24.3,90.9,11.036,12.5,rain,35.3,20.5,312.3,1005.6,89.1,8.9,47.1,4.1,0.94,"Rain, Partially cloudy"
2023-09-14,25.0,24.0,24.3,25.0,24.0,24.3,23.3,94.4,65.546,16.67,rain,31.0,14.8,318.2,1007.4,93.7,7.4,25.8,2.0,0.97,"Rain, Overcast"
2023-09-15,28.0,24.0,25.9,31.3,24.0,27.1,23.4,86.5,2.723,12.5,rain,24.1,14.8,324.5,1008.7,79.8,9.3,62.4,5.5,0.0,"Rain, Partially cloudy"
2023-09-16,31.0,25.0,27.2,36.5,25.0,29.4,24.3,84.9,0.159,8.33,rain,21.6,22.3,330.8,1009.4,69.2,9.3,70.4,6.2,0.04,"Rain, Partially cloudy"
2023-09-17,33.0,25.0,27.8,39.3,25.0,30.8,25.0,85.7,10.011,12.5,rain,23.0,18.4,20.3,1008.9,71.1,8.9,130.2,11.2,0.07,"Rain, Partially cloudy"
2023-09-18,32.1,25.0,28.1,39.1,25.0,32.1,25.4,86.1,2.997,12.5,rain,22.0,11.2,98.5,1009.3,57.0,8.4,145.9,12.7,0.11,"Rain, Partially cloudy"
2023-09-19,34.0,26.0,29.3,45.3,26.0,35.1,25.9,82.6,0.9,29.17,rain,22.7,20.5,120.4,1009.6,63.0,8.8,205.5,17.7,0.14,"Rain, Partially cloudy"
2023-09-20,34.0,27.0,30.1,43.5,31.0,37.0,25.9,79.2,0.116,4.17,rain,25.2,18.4,123.2,1009.3,56.7,9.6,228.7,19.7,0.18,"Rain, Partially cloudy"
2023-09-21,35.0,27.0,30.4,41.9,31.2,36.9,25.5,76.3,1.3,25.0,rain,25.2,14.8,128.4,1009.7,39.8,11.2,211.5,18.2,0.21,"Rain, Partially cloudy"
2023-09-22,35.0,27.0,30.7,43.3,31.2,37.3,25.5,75.8,0.2,8.33,rain,21.6,16.6,117.1,1009.1,33.5,11.9,208.0,17.8,0.25,"Rain, Partially cloudy"
2023-09-23,34.3,27.0,30.3,43.5,30.6,36.3,25.0,74.8,0.2,4.17,rain,23.4,20.5,115.8,1009.3,27.8,12.4,234.4,20.1,0.25,"Rain, Partially cloudy"
2023-09-24,34.0,26.0,29.5,39.4,26.0,34.2,24.5,75.7,0.9,25.0,rain,24.5,18.4,113.1,1008.8,57.1,9.9,224.4,19.4,0.32,"Rain, Partially cloudy"
2023-09-25,34.1,25.4,28.6,40.6,25.4,32.4,24.8,81.8,20.778,4.17,rain,33.5,11.2,5.7,1008.5,61.9,9.8,150.0,12.9,0.35,"Rain, Partially cloudy"
2023-09-26,30.0,25.5,27.4,36.8,25.5,30.1,24.7,85.4,10.585,12.5,rain,45.7,19.5,16.2,1008.4,80.1,9.8,24.4,2.1,0.39,"Rain, Partially cloudy"
2023-09-27,29.5,25.4,26.9,34.9,25.4,29.0,24.6,87.5,14.75,16.67,rain,27.4,19.4,57.2,1009.0,87.2,9.8,50.2,4.2,0.42,"Rain, Partially cloudy"
2023-09-28,26.0,23.5,24.9,26.0,23.5,24.9,24.3,96.0,173.159,12.5,rain,23.4,13.9,354.5,1011.4,79.4,7.3,45.1,3.8,0.46,"Rain, Partially cloudy"
2023-09-29,32.0,24.0,26.8,39.2,24.0,29.1,24.7,89.1,0.595,12.5,rain,22.0,12.9,313.6,1012.2,70.6,9.5,98.3,8.5,0.5,"Rain, Partially cloudy"
2023-09-30,33.0,25.0,28.7,40.6,25.0,32.8,25.1,82.2,0.127,4.17,rain,19.4,11.2,118.2,1010.8,53.8,8.7,192.8,16.6,0.53,"Rain, Partially cloudy"
2023-10-01,34.0,25.7,29.6,40.6,25.7,33.6,24.6,76.6,0.0,0.0,noprecip,20.2,13.0,106.8,1009.2,28.0,9.6,219.5,19.1,0.56,Partially cloudy
2023-10-02,33.7,26.0,29.5,39.3,26.0,33.6,24.4,76.1,0.0,0.0,noprecip,17.6,10.3,100.1,1010.1,28.2,8.9,215.6,18.7,0.59,Partially cloudy
2023-10-03,33.7,26.0,29.7,38.2,26.0,33.5,24.0,73.1,0.0,0.0,noprecip,14.0,11.2,100.3,1010.3,26.8,8.6,244.5,21.1,0.62,Partially cloudy
2023-10-04,34.4,26.0,30.0,40.6,26.0,34.6,24.8,75.4,0.011,4.17,rain,19.4,15.7,110.2,1009.7,19.9,9.5,250.3,21.6,0.66,Rain
2023-10-05,35.0,27.0,30.6,42.6,30.9,37.0,25.4,75.4,0.1,4.17,rain,19.4,12.1,110.9,1008.1,31.2,10.7,237.3,20.5,0.69,"Rain, Partially cloudy"
2023-10-06,35.0,27.0,30.4,43.3,31.0,37.0,25.6,77.2,6.3,33.33,rain,23.4,19.4,118.2,1008.0,34.1,8.7,188.9,16.3,0.75,"Rain, Partially cloudy"
2023-10-07,29.0,25.0,26.9,36.1,25.0,29.4,23.4,81.6,0.989,4.17,rain,37.8,24.1,25.3,1011.0,86.5,8.9,63.7,5.7,0.75,"Rain, Partially cloudy"
2023-10-08,31.0,24.0,27.3,32.7,24.0,28.0,19.8,65.0,0.4,4.17,rain,26.3,19.4,9.0,1013.5,59.7,10.1,156.8,13.7,0.79,"Rain, Partially cloudy"
2023-10-09,31.0,24.0,27.5,32.7,24.0,28.3,18.6,58.7,0.0,0.0,noprecip,28.4,16.6,22.3,1015.0,60.5,11.0,229.2,19.7,0.82,Partially cloudy
2023-10-10,30.0,24.1,26.9,31.1,24.1,27.4,18.6,61.1,0.099,4.17,rain,44.6,19.4,36.4,1016.1,90.7,9.8,80.4,7.1,0.85,"Rain, Overcast"
2023-10-11,29.4,24.0,26.2,30.3,24.0,26.7,18.5,63.1,0.0,0.0,noprecip,26.3,20.3,42.6,1017.1,84.1,10.4,115.0,9.9,0.88,Partially cloudy
2023-10-12,25.0,23.0,23.9,25.0,23.0,23.9,20.2,80.3,0.099,4.17,rain,20.2,15.7,43.5,1017.9,98.4,9.8,105.3,9.1,0.92,"Rain, Overcast"
2023-10-13,29.0,23.0,25.5,31.4,23.0,26.3,21.4,78.4,0.1,4.17,rain,19.4,12.9,353.2,1016.0,58.4,10.0,188.7,16.2,0.95,"Rain, Partially cloudy"
2023-10-14,29.1,23.0,25.6,31.7,23.0,26.3,20.9,76.0,0.1,4.17,rain,27.7,25.0,20.7,1014.0,79.7,9.8,158.9,13.6,0.98,"Rain, Partially cloudy"
2023-10-15,30.0,22.7,25.8,30.8,22.7,26.1,19.2,69.0,0.003,4.17,rain,25.2,16.6,346.3,1014.1,67.1,10.0,156.7,13.7,0.0,"Rain, Partially cloudy"
2023-10-16,31.5,22.5,26.6,32.7,22.5,27.1,19.7,67.8,0.0,0.0,noprecip,23.0,13.0,1.9,1014.2,75.1,9.8,191.4,16.7,0.05,Partially cloudy
2023-10-17,32.1,22.0,27.2,32.7,22.0,27.7,19.8,66.6,0.0,0.0,noprecip,19.4,10.1,8.8,1013.8,34.5,9.5,210.1,17.9,0.09,Partially cloudy
2023-10-18,32.5,22.5,27.6,35.1,22.5,28.9,20.8,68.4,0.0,0.0,noprecip,22.7,10.3,352.7,1012.6,49.1,8.7,213.4,18.3,0.12,Partially cloudy
2023-10-19,33.0,24.0,28.2,38.1,24.0,30.3,22.3,71.6,0.0,0.0,noprecip,32.4,14.8,16.4,1011.2,40.7,9.1,213.8,18.4,0.16,Partially cloudy
2023-10-20,31.4,24.5,27.8,33.6,24.5,28.8,19.8,63.6,0.0,0.0,noprecip,47.5,22.2,11.5,1014.7,57.3,10.5,170.2,14.8,0.19,Partially cloudy
2023-10-21,28.6,24.0,26.0,28.4,24.0,26.0,14.2,48.5,0.0,0.0,noprecip,29.9,18.4,19.2,1018.2,60.9,10.0,115.1,10.0,0.23,Partially cloudy
2023-10-22,28.0,23.5,25.4,29.1,23.5,25.5,17.4,61.5,0.0,0.0,noprecip,22.0,13.0,46.1,1018.3,92.7,10.0,96.0,8.3,0.25,Overcast
2023-10-23,28.0,23.0,25.4,29.9,23.0,25.8,20.6,74.9,0.0,0.0,noprecip,22.3,12.1,33.8,1017.2,94.2,9.6,133.6,11.5,0.3,Overcast
2023-10-24,31.0,23.0,26.8,34.1,23.0,28.1,22.0,76.3,0.099,4.17,rain,16.9,11.2,20.4,1015.8,66.1,8.9,168.9,14.4,0.34,"Rain, Partially cloudy"
2023-10-25,31.5,24.0,27.8,35.2,24.0,29.8,22.7,75.4,0.693,4.17,rain,22.0,13.0,291.3,1014.7,50.9,8.4,166.1,14.2,0.37,"Rain, Partially cloudy"
2023-10-26,33.5,25.4,28.6,36.3,25.4,30.1,21.5,66.8,0.4,12.5,rain,20.5,14.8,124.7,1013.7,62.7,9.8,215.8,18.6,0.41,"Rain, Partially cloudy"
2023-10-27,32.5,23.5,27.9,35.5,23.5,29.9,22.1,72.2,0.0,0.0,noprecip,16.9,11.2,74.4,1012.9,36.0,8.7,206.1,17.6,0.44,Partially cloudy
2023-10-28,27.5,23.5,25.8,30.3,23.5,26.5,22.6,83.0,2.594,8.33,rain,24.1,19.4,32.0,1014.0,81.5,8.9,136.8,11.7,0.48,"Rain, Partially cloudy"
2023-10-29,26.0,22.7,24.1,26.0,22.7,24.1,22.2,89.4,4.177,12.5,rain,26.6,15.7,13.2,1015.4,97.6,9.6,39.3,3.4,0.5,"Rain, Overcast"
2023-10-30,29.5,23.0,25.6,30.8,23.0,26.0,19.8,71.5,13.854,8.33,rain,22.0,13.0,1.0,1017.7,90.8,10.0,106.0,9.1,0.54,"Rain, Overcast"
2023-10-31,30.2,21.0,25.6,30.8,21.0,26.0,19.1,69.6,0.1,4.17,rain,23.0,13.0,9.5,1018.3,44.0,11.1,194.7,16.7,0.58,"Rain, Partially cloudy"
2023-11-01,29.8,22.5,25.7,31.3,22.5,26.1,20.1,72.5,0.1,4.17,rain,17.6,12.1,107.6,1017.2,36.4,9.1,198.7,17.0,0.61,"Rain, Partially cloudy"
2023-11-02,30.5,22.0,26.0,32.2,22.0,26.6,20.5,74.0,0.0,0.0,noprecip,21.6,13.0,112.6,1014.2,26.6,7.6,184.5,15.9,0.64,Partially cloudy
2023-11-03,31.5,23.0,27.1,34.3,23.0,28.7,22.5,77.7,0.0,0.0,rain,23.8,19.4,127.6,1011.3,54.2,7.8,164.4,14.2,0.67,Partially cloudy
2023-11-04,32.0,25.5,28.1,37.3,25.5,30.8,23.9,79.0,1.3,20.83,rain,29.9,16.5,135.7,1011.4,67.9,9.1,141.5,12.2,0.7,"Rain, Partially cloudy"
2023-11-05,31.7,25.0,27.9,37.2,25.0,30.5,24.1,80.8,0.1,4.17,rain,28.8,17.5,125.6,1012.3,72.0,9.3,154.4,13.4,0.75,"Rain, Partially cloudy"
2023-11-06,31.0,22.0,25.8,36.0,22.0,26.8,23.2,86.3,7.619,8.33,rain,24.5,18.4,66.6,1014.9,88.0,7.8,97.1,8.3,0.77,"Rain, Partially cloudy"
2023-11-07,25.2,22.0,23.0,25.2,22.0,23.0,20.8,87.8,22.767,4.17,rain,22.0,18.4,0.9,1015.9,89.4,9.8,61.8,5.3,0.8,"Rain, Partially cloudy"
2023-11-08,31.0,22.5,26.0,34.6,22.5,27.0,22.2,80.8,0.0,0.0,rain,17.3,13.0,67.2,1013.2,52.9,8.6,133.1,11.4,0.83,Partially cloudy
2023-11-09,31.9,24.0,27.8,36.0,24.0,30.3,23.8,79.7,0.0,0.0,noprecip,20.9,13.0,116.8,1012.6,54.4,8.0,146.1,12.6,0.87,Partially cloudy
2023-11-10,33.0,24.5,28.3,37.5,24.5,30.9,24.0,79.5,0.0,0.0,noprecip,24.5,17.5,123.4,1014.0,50.2,8.6,176.0,15.0,0.9,Partially cloudy
2023-11-11,32.5,25.0,28.2,37.4,25.0,31.0,24.1,80.1,0.0,0.0,noprecip,24.5,16.6,125.7,1014.9,52.6,8.5,166.3,14.3,0.93,Partially cloudy
2023-11-12,32.5,23.5,26.9,38.0,23.5,28.3,23.8,84.3,29.685,4.17,rain,35.6,18.5,99.6,1017.1,67.4,8.2,81.6,7.0,0.96,"Rain, Partially cloudy"
2023-11-13,23.0,15.9,18.3,23.0,15.9,18.3,15.0,80.9,9.031,16.67,rain,29.5,25.9,26.9,1023.0,99.4,9.7,20.4,1.7,0.0,"Rain, Overcast"
2023-11-14,20.5,16.5,18.6,20.5,16.5,18.6,12.5,67.8,0.001,4.17,rain,19.4,16.5,14.6,1023.2,85.6,10.0,61.4,5.4,0.03,"Rain, Partially cloudy"
2023-11-15,21.9,18.0,20.1,21.9,18.0,20.1,16.1,78.1,0.0,0.0,noprecip,15.1,11.2,26.3,1021.0,94.1,9.2,103.5,9.1,0.06,Overcast
2023-11-16,23.0,18.0,20.4,23.0,18.0,20.4,12.6,63.2,0.329,8.33,rain,46.4,25.9,1.5,1027.1,92.9,9.6,38.0,3.4,0.1,"Rain, Overcast"
2023-11-17,25.5,16.0,20.4,25.5,16.0,20.4,9.5,52.3,0.0,0.0,noprecip,31.0,15.7,347.6,1026.0,32.7,9.8,208.8,18.1,0.14,Partially cloudy
2023-11-18,26.0,13.0,19.5,26.0,13.0,19.5,9.6,59.3,0.0,0.0,noprecip,19.8,9.4,355.2,1023.1,11.8,9.4,209.7,18.2,0.17,Clear
2023-11-19,26.0,14.9,20.0,26.0,14.9,20.0,12.0,63.6,0.0,0.0,noprecip,20.9,10.3,291.6,1021.0,12.7,10.5,190.3,16.4,0.21,Clear
2023-11-20,27.0,15.3,21.0,27.0,15.3,21.0,13.8,66.0,0.0,0.0,noprecip,15.8,15.7,201.9,1018.8,6.0,11.2,206.7,17.8,0.25,Clear
2023-11-21,27.0,15.5,21.2,27.0,15.5,21.2,15.1,71.0,0.0,0.0,noprecip,22.0,12.1,137.8,1016.1,12.8,7.4,199.3,17.1,0.28,Clear
2023-11-22,24.1,18.0,20.8,24.1,18.0,20.8,17.7,82.7,0.0,0.0,noprecip,14.4,10.3,28.3,1015.1,66.3,6.8,165.2,14.3,0.31,Partially cloudy
2023-11-23,28.5,20.0,23.6,29.4,20.0,23.8,18.6,75.3,0.0,0.0,noprecip,19.8,9.3,300.6,1016.2,41.6,7.6,141.0,12.2,0.35,Partially cloudy
2023-11-24,26.5,20.6,23.5,26.5,20.6,23.5,19.3,78.6,0.1,4.17,rain,19.8,11.2,323.2,1018.1,67.9,7.3,155.8,13.5,0.39,"Rain, Partially cloudy"
2023-11-25,28.0,20.1,24.0,29.1,20.1,24.2,18.4,72.6,0.2,8.33,rain,20.2,11.2,131.7,1018.7,32.1,7.9,150.3,13.0,0.42,"Rain, Partially cloudy"
2023-11-26,28.5,19.5,23.7,29.4,19.5,23.9,18.4,74.0,0.0,0.0,noprecip,20.9,10.3,318.0,1019.6,27.7,7.6,150.4,13.0,0.46,Partially cloudy
2023-11-27,28.5,19.5,23.7,29.2,19.5,23.8,18.5,74.5,0.3,4.17,rain,20.5,8.5,32.9,1018.7,37.9,7.5,157.2,13.5,0.5,"Rain, Partially cloudy"
2023-11-28,28.0,19.2,23.1,27.6,19.2,23.1,16.7,70.4,0.0,0.0,noprecip,29.5,12.1,98.9,1018.0,20.3,7.2,184.8,15.9,0.53,Partially cloudy
2023-11-29,27.1,18.5,22.6,27.8,18.5,22.7,18.3,78.3,0.1,4.17,rain,18.4,13.0,84.8,1016.9,34.8,5.3,124.3,10.7,0.56,"Rain, Partially cloudy"
2023-11-30,26.5,21.5,23.5,26.5,21.5,23.5,19.7,80.0,0.006,4.17,rain,22.3,13.0,19.0,1018.9,81.4,6.4,88.1,7.5,0.59,"Rain, Partially cloudy"
2023-12-01,21.0,17.0,18.7,21.0,17.0,18.7,17.6,93.6,19.22,8.33,rain,24.5,19.4,24.9,1020.9,100.0,6.9,26.8,2.4,0.62,"Rain, Overcast"
2023-12-02,18.5,16.0,17.5,18.5,16.0,17.5,14.8,84.7,0.0,0.0,rain,16.6,15.7,21.3,1021.3,100.0,8.6,24.7,2.0,0.65,Overcast
2023-12-03,19.0,17.0,18.1,19.0,17.0,18.1,15.6,85.7,0.0,0.0,noprecip,19.1,14.8,22.2,1020.3,99.7,8.7,47.3,4.1,0.69,Overcast
2023-12-04,20.5,17.5,18.9,20.5,17.5,18.9,15.9,83.0,0.0,0.0,rain,18.7,14.8,27.3,1018.2,99.0,10.0,50.3,4.3,0.72,Overcast
2023-12-05,19.9,18.0,18.9,19.9,18.0,18.9,16.0,83.8,0.0,0.0,noprecip,15.5,11.2,39.2,1015.8,99.3,8.6,65.5,5.7,0.75,Overcast
2023-12-06,24.5,18.5,20.8,24.5,18.5,20.8,17.0,79.9,1.7,8.33,rain,28.4,14.8,2.7,1018.8,84.1,8.8,42.4,3.6,0.78,"Rain, Partially cloudy"
2023-12-07,26.0,15.5,20.3,26.0,15.5,20.3,14.6,72.8,0.0,0.0,noprecip,18.0,10.3,230.8,1018.7,46.2,7.8,186.7,16.3,0.81,Partially cloudy
2023-12-08,27.0,16.4,21.7,27.1,16.4,21.7,15.2,68.6,0.0,0.0,noprecip,27.0,16.5,125.2,1014.5,16.9,9.7,187.1,16.3,0.85,Clear
2023-12-09,27.0,19.0,22.5,28.5,19.0,22.6,19.5,83.7,0.0,0.0,noprecip,28.8,15.7,96.0,1012.1,64.4,6.9,158.5,13.8,0.88,Partially cloudy
2023-12-10,27.3,23.0,24.4,29.7,23.0,24.7,22.5,89.3,0.0,0.0,rain,30.6,15.7,134.1,1010.6,88.1,6.5,89.0,7.7,0.91,Partially cloudy
2023-12-11,27.0,23.0,25.0,29.6,23.0,25.6,22.8,88.0,0.5,12.5,rain,26.3,13.9,107.1,1013.0,92.5,7.3,79.8,6.9,0.94,"Rain, Overcast"
2023-12-12,27.0,22.0,24.5,29.6,22.0,24.7,22.5,88.7,0.5,16.67,rain,32.8,17.5,109.2,1014.9,79.7,7.2,114.8,10.0,0.98,"Rain, Partially cloudy"
2023-12-13,28.0,22.3,24.7,30.1,22.3,25.1,21.5,83.2,0.7,25.0,rain,31.3,16.6,137.0,1016.4,70.3,7.3,95.2,8.3,0.0,"Rain, Partially cloudy"
2023-12-14,30.0,21.0,25.0,32.6,21.0,25.7,21.4,81.8,0.0,0.0,noprecip,32.8,17.5,128.8,1015.6,52.2,7.1,113.2,9.8,0.04,Partially cloudy
2023-12-15,29.2,22.5,25.1,31.3,22.5,25.7,22.1,84.6,0.0,0.0,noprecip,24.5,14.8,120.1,1014.0,66.8,7.6,140.5,12.3,0.08,Partially cloudy
2023-12-16,24.8,14.0,20.0,24.8,14.0,20.0,15.8,77.3,0.032,8.33,rain,69.1,33.5,50.8,1018.8,91.8,8.8,93.3,8.1,0.11,"Rain, Overcast"
2023-12-17,16.0,12.7,13.9,16.0,12.7,13.9,7.7,66.3,0.001,4.17,rain,28.4,17.5,37.4,1024.5,98.9,10.0,40.3,3.5,0.15,"Rain, Overcast"
2023-12-18,17.6,13.0,15.0,17.6,13.0,15.0,10.3,73.5,0.0,0.0,noprecip,17.6,12.1,25.9,1021.9,99.0,9.6,81.1,7.1,0.19,Overcast
2023-12-19,15.5,12.0,13.7,15.5,12.0,13.7,9.5,77.0,0.002,4.17,rain,25.6,21.4,22.7,1023.1,98.7,9.0,45.0,3.8,0.22,"Rain, Overcast"
2023-12-20,18.0,12.0,15.0,18.0,12.0,15.0,7.4,60.8,0.0,0.0,rain,29.9,19.4,6.0,1025.2,87.8,10.0,68.0,5.9,0.25,Partially cloudy
2023-12-21,24.6,12.5,15.2,24.6,12.5,15.2,3.9,48.2,0.0,0.0,noprecip,33.8,19.4,1.6,1027.0,59.9,9.6,176.7,15.2,0.29,Partially cloudy
2023-12-22,17.0,10.5,13.2,17.0,10.5,13.2,0.7,43.3,0.0,0.0,noprecip,33.1,17.5,40.1,1030.7,26.4,10.0,192.4,16.6,0.33,Partially cloudy
2023-12-23,19.0,8.0,13.6,19.0,8.0,13.6,2.2,48.0,0.0,0.0,noprecip,35.3,14.8,4.3,1030.2,27.3,9.8,188.1,16.2,0.36,Partially cloudy
2023-12-24,19.0,14.0,16.3,19.0,14.0,16.3,2.3,39.8,0.0,0.0,noprecip,30.2,19.4,355.9,1030.1,80.2,9.8,88.4,7.8,0.4,Partially cloudy
2023-12-25,21.0,14.0,16.8,21.0,14.0,16.8,2.2,40.4,0.0,0.0,noprecip,23.4,14.8,65.3,1026.3,46.4,11.5,187.1,16.1,0.44,Partially cloudy
2023-12-26,22.0,9.0,15.6,22.0,9.0,15.6,6.2,57.5,0.0,0.0,noprecip,17.3,9.3,48.9,1024.1,21.3,8.0,179.8,15.4,0.47,Partially cloudy
2023-12-27,23.5,12.0,17.3,23.5,12.0,17.3,11.7,71.5,0.0,0.0,noprecip,17.6,11.2,116.2,1023.4,27.0,6.6,174.4,15.0,0.5,Partially cloudy
2023-12-28,25.0,13.8,19.0,25.0,13.8,19.0,13.4,72.9,0.0,0.0,noprecip,16.9,8.5,131.4,1021.4,14.2,6.8,177.3,15.1,0.54,Clear
2023-12-29,24.5,16.0,20.5,24.5,16.0,20.5,16.0,76.6,0.004,8.33,rain,18.7,7.6,257.5,1019.6,77.5,5.5,109.2,9.4,0.57,"Rain, Partially cloudy"
2023-12-30,23.5,19.4,21.4,23.5,19.4,21.4,18.4,83.6,0.727,16.67,rain,11.2,10.3,257.7,1018.0,88.1,4.7,44.2,3.9,0.6,"Rain, Partially cloudy"
2023-12-31,25.5,20.0,22.3,25.5,20.0,22.3,18.6,80.5,0.1,8.33,rain,14.0,12.1,139.6,1017.3,65.5,6.2,74.9,6.5,0.64,"Rain, Partially cloudy"
2024-01-01,28.0,19.0,22.8,28.6,19.0,22.9,17.8,74.4,0.0,0.0,noprecip,27.4,20.5,126.6,1016.9,66.7,7.7,127.8,11.1,0.67,Partially cloudy
2024-01-02,27.0,21.0,23.3,28.2,21.0,23.5,19.6,80.7,0.6,25.0,rain,25.9,16.6,128.0,1016.0,81.9,8.2,120.6,10.1,0.7,"Rain, Partially cloudy"
2024-01-03,22.0,17.0,19.4,22.0,17.0,19.4,15.0,76.5,4.057,4.17,rain,36.7,24.1,36.4,1019.9,90.8,9.3,30.3,2.7,0.73,"Rain, Overcast"
2024-01-04,21.0,17.0,19.2,21.0,17.0,19.2,13.8,71.2,0.0,0.0,noprecip,22.0,14.8,101.2,1019.1,99.3,9.4,59.4,5.2,0.75,Overcast
2024-01-05,24.6,18.0,20.5,24.6,18.0,20.5,17.7,84.2,0.4,16.67,rain,19.8,11.2,108.6,1017.6,94.2,5.3,68.9,5.9,0.8,"Rain, Overcast"
2024-01-06,26.0,19.7,22.1,26.0,19.7,22.1,18.7,81.8,0.9,25.0,rain,23.4,11.2,152.4,1018.4,82.5,6.6,71.1,6.0,0.83,"Rain, Partially cloudy"
2024-01-07,25.0,19.0,22.0,25.0,19.0,22.0,18.3,80.6,0.9,25.0,rain,28.4,16.6,133.3,1018.2,70.0,8.2,116.0,10.0,0.86,"Rain, Partially cloudy"
2024-01-08,26.0,20.0,22.6,26.0,20.0,22.6,19.2,81.6,0.3,12.5,rain,29.2,20.5,131.8,1016.1,85.7,8.4,105.3,9.0,0.89,"Rain, Partially cloudy"
2024-01-09,26.1,21.0,23.1,26.1,21.0,23.1,20.0,83.3,0.7,29.17,rain,25.2,18.4,130.7,1014.9,70.3,8.2,98.3,8.6,0.93,"Rain, Partially cloudy"
2024-01-10,22.0,18.0,19.9,22.0,18.0,19.9,18.8,93.6,3.813,8.33,rain,27.4,18.4,65.7,1016.4,96.9,7.8,22.0,2.0,0.96,"Rain, Overcast"
2024-01-11,18.1,17.0,17.5,18.1,17.0,17.5,16.5,93.7,7.975,16.67,rain,30.6,14.8,21.5,1017.6,100.0,7.8,24.2,2.1,0.0,"Rain, Overcast"
2024-01-12,18.5,17.0,17.7,18.5,17.0,17.7,17.0,95.8,7.792,12.5,rain,18.0,9.4,10.7,1017.1,100.0,5.5,19.5,1.8,0.02,"Rain, Overcast"
2024-01-13,19.1,18.0,18.4,19.1,18.0,18.4,17.5,94.9,3.574,12.5,rain,19.8,11.2,32.6,1018.1,99.5,6.6,23.2,1.8,0.06,"Rain, Overcast"
2024-01-14,20.5,18.0,19.3,20.5,18.0,19.3,18.1,92.7,1.558,12.5,rain,12.6,9.4,35.1,1019.6,98.9,6.7,37.7,3.2,0.1,"Rain, Overcast"
2024-01-15,24.0,19.0,21.3,24.0,19.0,21.3,18.7,85.8,0.099,4.17,rain,28.4,11.2,116.6,1019.6,75.1,7.2,116.1,10.0,0.13,"Rain, Partially cloudy"
2024-01-16,23.0,18.0,20.5,23.0,18.0,20.5,17.9,85.9,2.187,4.17,rain,22.3,13.0,109.9,1018.8,84.3,8.5,39.0,3.3,0.17,"Rain, Partially cloudy"
2024-01-17,22.0,19.0,20.4,22.0,19.0,20.4,19.4,93.9,8.909,8.33,rain,29.9,16.6,118.6,1017.2,96.0,6.3,79.8,6.8,0.2,"Rain, Overcast"
2024-01-18,27.0,20.0,22.5,28.2,20.0,22.5,19.5,84.3,0.693,4.17,rain,31.3,20.5,138.0,1015.2,72.8,8.5,122.7,10.7,0.25,"Rain, Partially cloudy"
2024-01-19,27.0,20.0,22.7,28.3,20.0,22.8,19.9,85.2,0.032,4.17,rain,32.0,22.3,125.1,1014.0,79.1,8.3,137.5,12.0,0.27,"Rain, Partially cloudy"
2024-01-20,26.8,19.0,23.1,28.1,19.0,23.1,19.7,82.4,1.7,29.17,rain,40.3,20.5,124.3,1014.7,87.3,8.9,118.1,10.1,0.31,"Rain, Partially cloudy"
2024-01-21,20.0,14.0,16.2,20.0,14.0,16.2,14.9,92.0,0.99,8.33,rain,21.2,20.5,57.5,1018.3,100.0,7.8,26.8,2.2,0.34,"Rain, Overcast"
2024-01-22,14.8,10.0,12.3,14.8,8.2,12.3,9.2,81.9,3.792,12.5,rain,36.4,22.3,34.3,1023.4,100.0,8.4,19.6,2.0,0.38,"Rain, Overcast"
2024-01-23,12.5,8.0,10.3,12.5,6.4,9.3,4.2,66.5,0.198,4.17,rain,27.4,16.6,28.9,1029.0,89.1,10.0,33.1,2.9,0.41,"Rain, Partially cloudy"
2024-01-24,12.0,9.0,10.2,12.0,6.5,9.1,3.9,65.2,0.0,0.0,noprecip,23.4,18.4,20.2,1029.3,99.1,10.0,73.9,6.2,0.45,Overcast
2024-01-25,13.0,9.9,11.3,13.0,8.2,10.9,4.4,62.6,0.0,0.0,noprecip,20.9,13.0,19.3,1029.1,96.1,9.9,82.8,7.1,0.48,Overcast
2024-01-26,14.0,11.0,12.1,14.0,11.0,12.1,5.6,65.1,0.001,4.17,rain,20.5,18.4,17.1,1027.9,99.0,10.0,61.4,5.2,0.5,"Rain, Overcast"
2024-01-27,12.0,9.0,10.8,12.0,6.7,10.4,7.4,80.2,2.386,12.5,rain,19.8,16.6,22.2,1026.9,99.1,8.6,37.5,3.1,0.55,"Rain, Overcast"
2024-01-28,14.4,11.0,12.4,14.4,11.0,12.4,7.2,70.8,0.9,12.5,rain,21.6,16.6,20.4,1026.7,99.8,10.0,38.0,3.4,0.58,"Rain, Overcast"
2024-01-29,15.1,11.0,13.0,15.1,11.0,13.0,10.1,83.0,4.057,4.17,rain,19.1,11.2,6.4,1023.1,99.2,9.0,94.6,8.2,0.61,"Rain, Overcast"
2024-01-30,16.8,13.0,14.9,16.8,13.0,14.9,13.1,89.2,0.1,8.33,rain,15.8,7.6,3.7,1019.5,97.0,5.3,103.1,8.9,0.65,"Rain, Overcast"
2024-01-31,19.1,15.0,16.8,19.1,15.0,16.8,15.6,92.8,0.303,12.5,rain,18.7,11.2,296.4,1017.1,94.1,4.3,79.3,6.7,0.68,"Rain, Overcast"
2024-02-01,21.4,17.0,19.0,21.4,17.0,19.0,17.7,92.5,0.497,8.33,rain,20.2,11.2,271.3,1016.1,93.1,3.7,91.7,7.9,0.71,"Rain, Overcast"
2024-02-02,26.7,19.7,21.9,28.2,19.7,22.0,20.0,89.7,0.5,16.67,rain,34.6,22.3,128.8,1014.4,83.9,4.3,107.8,9.3,0.75,"Rain, Partially cloudy"
2024-02-03,25.0,21.0,22.2,25.0,21.0,22.2,20.6,91.2,0.605,12.5,rain,40.7,22.3,124.5,1014.8,96.9,7.8,79.0,6.9,0.75,"Rain, Overcast"
2024-02-04,28.4,21.0,23.7,30.7,21.0,24.1,21.1,86.3,0.407,8.33,rain,28.1,20.5,132.4,1013.7,73.6,7.5,153.1,13.2,0.81,"Rain, Partially cloudy"
2024-02-05,27.0,21.0,23.6,28.8,21.0,23.7,21.5,88.5,2.5,50.0,rain,34.2,22.3,135.6,1014.4,90.9,7.5,70.1,6.0,0.84,"Rain, Overcast"
2024-02-06,24.0,19.0,21.2,24.0,19.0,21.2,19.9,92.4,0.103,8.33,rain,29.5,20.5,116.2,1015.5,99.2,5.4,54.8,4.8,0.88,"Rain, Overcast"
2024-02-07,18.0,13.0,15.9,18.0,13.0,15.9,14.4,91.1,0.396,4.17,rain,26.3,22.3,57.4,1015.6,100.0,7.2,36.9,3.1,0.91,"Rain, Overcast"
2024-02-08,15.1,12.0,13.4,15.1,12.0,13.4,9.2,76.2,0.105,12.5,rain,24.1,22.3,49.4,1018.5,100.0,9.9,51.1,4.2,0.94,"Rain, Overcast"
2024-02-09,17.0,12.0,14.7,17.0,12.0,14.7,8.7,67.8,0.002,4.17,rain,27.4,18.4,3.5,1024.7,95.0,10.0,79.4,6.9,0.98,"Rain, Overcast"
2024-02-10,21.0,15.0,17.5,21.0,15.0,17.5,9.7,62.7,0.0,0.0,noprecip,23.8,11.2,350.9,1027.3,52.9,8.9,113.3,9.7,0.0,Partially cloudy
2024-02-11,23.5,15.7,19.1,23.5,15.7,19.1,9.2,55.5,0.0,0.0,noprecip,19.1,14.8,59.4,1026.8,55.5,10.4,163.2,14.0,0.04,Partially cloudy
2024-02-12,24.0,12.0,18.5,24.0,12.0,18.5,12.3,70.0,0.0,0.0,noprecip,28.8,18.4,123.9,1023.4,9.6,9.4,222.0,19.1,0.08,Clear
2024-02-13,26.0,16.0,20.7,26.0,16.0,20.7,16.7,79.5,0.0,0.0,noprecip,31.7,18.4,136.8,1019.9,69.2,8.6,126.1,10.7,0.11,Partially cloudy
2024-02-14,24.5,20.0,21.8,24.5,20.0,21.8,18.3,80.8,0.4,12.5,rain,36.7,18.4,134.2,1017.5,92.3,10.0,91.9,8.0,0.15,"Rain, Overcast"
2024-02-15,24.0,19.0,21.3,24.0,19.0,21.3,19.1,87.8,1.6,29.17,rain,17.6,14.8,115.2,1018.5,79.7,8.3,57.3,5.1,0.18,"Rain, Partially cloudy"
2024-02-16,25.0,19.0,21.3,25.0,19.0,21.3,18.2,83.5,1.0,16.67,rain,27.0,14.8,119.2,1018.7,55.5,6.8,89.7,7.7,0.25,"Rain, Partially cloudy"
2024-02-17,25.0,17.0,21.3,25.0,17.0,21.3,18.2,83.5,0.0,0.0,noprecip,36.4,22.3,119.2,1013.3,85.0,7.8,111.5,9.8,0.25,Partially cloudy
2024-02-18,27.3,21.0,23.5,29.7,21.0,23.6,20.9,86.3,0.0,0.0,noprecip,28.1,18.4,121.2,1011.3,91.8,7.6,176.5,15.3,0.28,Overcast
2024-02-19,27.0,22.0,24.3,29.2,22.0,24.4,22.4,89.3,0.0,0.0,noprecip,34.9,22.3,121.6,1010.8,90.7,8.0,182.9,15.8,0.32,Overcast
2024-02-20,26.2,23.0,24.1,26.2,23.0,24.1,22.7,92.1,0.002,4.17,rain,37.4,22.3,119.1,1009.1,93.6,5.2,195.2,17.0,0.35,"Rain, Overcast"
2024-02-21,28.0,24.0,25.2,31.5,24.0,25.7,22.9,87.3,0.3,4.17,rain,31.0,20.5,116.2,1009.4,95.1,7.9,213.4,18.5,0.39,"Rain, Overcast"
2024-02-22,25.1,22.7,23.9,25.1,22.7,23.9,23.0,94.6,0.793,12.5,rain,35.6,18.4,113.9,1012.6,96.8,4.8,114.8,9.8,0.42,"Rain, Overcast"
2024-02-23,23.0,15.0,18.8,23.0,15.0,18.8,18.0,95.4,6.932,8.33,rain,26.3,22.3,68.7,1016.4,97.9,4.2,40.5,3.6,0.45,"Rain, Overcast"
2024-02-24,14.8,12.0,13.0,14.8,12.0,13.0,12.2,94.8,1.653,12.5,rain,22.7,22.3,43.1,1020.4,99.4,6.4,33.9,2.8,0.5,"Rain, Overcast"
2024-02-25,14.5,11.0,13.0,14.5,11.0,13.0,11.1,88.4,0.714,4.17,rain,18.7,13.0,42.1,1021.0,99.5,9.3,43.4,3.6,0.52,"Rain, Overcast"
2024-02-26,15.3,12.0,13.6,15.3,12.0,13.6,11.8,89.2,0.204,8.33,rain,19.4,16.6,43.6,1020.7,100.0,7.6,68.7,5.8,0.56,"Rain, Overcast"
2024-02-27,15.1,12.0,13.1,15.1,12.0,13.1,10.4,83.8,0.603,12.5,rain,21.2,18.4,42.6,1021.0,99.5,9.8,47.8,3.9,0.59,"Rain, Overcast"
2024-02-28,15.8,12.0,13.6,15.8,12.0,13.6,12.2,91.2,0.103,8.33,rain,14.4,13.0,54.3,1017.1,100.0,7.6,68.2,5.9,0.62,"Rain, Overcast"
2024-02-29,16.0,13.0,14.6,16.0,13.0,14.6,11.9,84.5,0.8,12.5,rain,27.4,18.4,29.9,1018.5,100.0,8.2,53.0,4.6,0.66,"Rain, Overcast"
2024-03-01,16.0,13.0,14.4,16.0,13.0,14.4,8.9,69.5,0.002,4.17,rain,25.2,18.4,37.4,1022.2,100.0,10.0,56.3,5.0,0.69,"Rain, Overcast"
2024-03-02,17.0,13.0,14.7,17.0,13.0,14.7,7.7,63.2,0.0,0.0,noprecip,25.6,18.4,62.9,1022.0,97.4,9.9,97.7,8.5,0.73,Overcast
2024-03-03,19.4,14.0,16.8,19.4,14.0,16.8,12.6,76.7,0.0,0.0,noprecip,32.0,18.4,143.0,1014.8,97.4,7.8,178.0,15.5,0.75,Overcast
2024-03-04,20.9,15.7,18.1,20.9,15.7,18.1,16.9,92.9,0.5,12.5,rain,25.9,13.0,138.3,1007.5,95.9,3.8,242.1,21.0,0.79,"Rain, Overcast"
2024-03-05,30.1,18.5,23.0,32.1,18.5,23.5,19.7,83.1,0.0,0.0,noprecip,18.0,9.4,354.0,1004.6,46.6,5.1,258.4,22.3,0.83,Partially cloudy
2024-03-06,29.3,20.0,24.3,30.1,20.0,24.7,19.3,75.7,0.0,0.0,noprecip,39.6,16.6,70.2,1008.0,37.6,6.5,249.9,21.6,0.86,Partially cloudy
2024-03-07,24.0,20.0,21.9,24.0,20.0,21.9,14.9,65.3,0.0,0.0,rain,23.4,16.6,91.8,1014.3,87.1,9.1,87.4,7.5,0.89,Partially cloudy
2024-03-08,21.0,18.0,19.6,21.0,18.0,19.6,15.0,75.1,0.0,0.0,noprecip,20.2,13.0,86.3,1017.0,81.5,7.5,50.0,4.3,0.93,Partially cloudy
2024-03-09,19.0,16.0,17.3,19.0,16.0,17.3,15.1,87.1,0.003,8.33,rain,20.5,14.8,36.3,1016.9,95.3,7.1,51.2,4.3,0.96,"Rain, Overcast"
2024-03-10,18.0,16.0,16.8,18.0,16.0,16.8,15.2,90.1,0.398,4.17,rain,19.4,13.0,35.5,1018.5,99.0,8.7,48.9,4.2,0.0,"Rain, Overcast"
2024-03-11,24.7,16.0,19.8,24.7,16.0,19.8,15.1,75.8,0.111,8.33,rain,29.9,18.4,309.8,1020.0,63.0,10.3,130.4,11.2,0.03,"Rain, Partially cloudy"
2024-03-12,25.5,16.7,20.8,25.5,16.7,20.8,16.3,76.9,0.0,0.0,rain,27.7,20.5,110.5,1016.8,26.1,7.7,176.4,15.4,0.06,Partially cloudy
2024-03-13,24.0,19.0,20.6,24.0,19.0,20.6,18.4,88.0,0.2,8.33,rain,22.0,14.8,103.8,1014.3,80.3,5.7,95.2,8.1,0.09,"Rain, Partially cloudy"
2024-03-14,22.3,19.0,20.4,22.3,19.0,20.4,20.0,97.8,1.198,8.33,rain,20.9,13.0,52.0,1013.7,98.9,4.3,56.1,4.8,0.13,"Rain, Overcast"
2024-03-15,23.7,19.0,21.2,23.7,19.0,21.2,20.4,95.5,2.095,8.33,rain,22.0,13.0,81.8,1013.2,95.4,4.6,52.9,4.5,0.16,"Rain, Overcast"
2024-03-16,25.0,21.9,23.2,25.0,21.9,23.2,22.2,94.6,0.1,8.33,rain,34.9,16.6,137.8,1014.2,92.9,4.7,106.1,9.0,0.2,"Rain, Overcast"
2024-03-17,25.1,22.0,23.4,25.1,22.0,23.4,22.3,93.7,0.5,20.83,rain,31.7,13.0,125.9,1013.7,89.1,5.0,78.3,6.7,0.25,"Rain, Partially cloudy"
2024-03-18,26.0,23.0,23.9,26.0,23.0,23.9,22.8,93.4,0.402,12.5,rain,27.4,16.6,125.9,1013.1,92.4,6.2,75.9,6.6,0.26,"Rain, Overcast"
2024-03-19,23.0,17.0,19.6,23.0,17.0,19.6,18.3,92.3,28.203,16.67,rain,47.2,33.5,48.7,1019.6,97.1,7.6,31.5,2.5,0.3,"Rain, Overcast"
2024-03-20,23.0,18.0,20.0,23.0,18.0,20.0,14.5,72.2,0.101,8.33,rain,17.3,9.4,16.2,1022.4,99.2,9.8,47.6,4.1,0.33,"Rain, Overcast"
2024-03-21,26.0,17.0,21.5,26.0,17.0,21.5,16.3,73.9,0.0,0.0,noprecip,33.1,22.3,117.7,1015.4,37.4,10.0,260.8,22.6,0.36,Partially cloudy
2024-03-22,24.1,18.0,20.9,24.1,18.0,20.9,19.5,91.6,0.001,4.17,rain,32.0,16.6,108.8,1009.3,83.6,5.5,161.8,13.9,0.4,"Rain, Partially cloudy"
2024-03-23,29.2,22.0,25.1,33.2,22.0,26.2,22.3,85.4,0.021,4.17,rain,33.5,24.1,114.6,1007.8,82.3,7.6,208.4,18.1,0.43,"Rain, Partially cloudy"
2024-03-24,26.6,24.0,24.7,26.6,24.0,24.7,23.5,92.7,0.198,8.33,rain,33.8,18.4,108.5,1010.4,90.6,5.3,186.8,16.1,0.46,"Rain, Overcast"
2024-03-25,30.0,23.0,26.3,34.7,23.0,27.8,23.6,85.9,0.101,8.33,rain,25.2,22.3,122.5,1012.0,73.7,7.4,130.7,11.3,0.5,"Rain, Partially cloudy"
2024-03-26,30.0,23.0,26.5,33.3,23.0,27.8,22.5,80.1,0.3,12.5,rain,36.4,24.1,136.6,1015.4,62.5,8.1,162.5,14.0,0.53,"Rain, Partially cloudy"
2024-03-27,29.0,24.0,26.0,32.7,24.0,27.2,22.8,82.9,0.2,4.17,rain,37.1,24.1,131.9,1014.4,73.8,7.7,167.3,14.4,0.57,"Rain, Partially cloudy"
2024-03-28,26.0,23.0,24.4,26.0,23.0,24.4,22.9,91.6,8.3,75.0,rain,25.9,18.4,90.0,1012.6,80.3,5.5,137.5,11.9,0.6,"Rain, Partially cloudy"
2024-03-29,27.0,21.0,23.2,29.1,21.0,23.3,21.5,90.4,4.6,45.83,rain,48.2,25.9,33.9,1013.2,69.0,7.1,100.6,8.8,0.64,"Rain, Partially cloudy"
2024-03-30,30.0,22.0,25.4,35.0,22.0,27.0,22.9,86.9,0.0,0.0,noprecip,25.2,20.5,115.5,1010.6,75.3,6.5,163.7,14.3,0.67,Partially cloudy
2024-03-31,32.0,24.0,27.4,40.5,24.0,30.2,24.4,84.5,0.0,0.0,noprecip,25.6,18.4,96.3,1007.5,63.3,5.2,237.4,20.3,0.7,Partially cloudy
2024-04-01,33.0,24.6,27.8,42.0,24.6,31.1,24.7,84.1,0.0,0.0,noprecip,33.1,18.4,95.2,1004.0,55.3,6.7,284.5,24.6,0.74,Partially cloudy
2024-04-02,33.0,25.0,27.7,42.0,25.0,30.7,24.6,84.2,0.0,0.0,noprecip,37.4,20.5,100.2,1002.8,53.9,7.9,289.4,25.0,0.75,Partially cloudy
2024-04-03,32.5,26.0,28.1,41.2,26.0,32.0,25.1,84.1,0.0,0.0,noprecip,29.9,20.5,96.8,1004.3,84.0,7.7,283.9,24.4,0.81,Partially cloudy
2024-04-04,31.0,26.0,27.8,39.1,26.0,31.5,25.3,86.8,0.0,0.0,noprecip,28.4,20.5,108.6,1005.1,95.5,7.9,289.3,24.8,0.84,Overcast
2024-04-05,28.0,25.0,26.7,32.7,25.0,28.9,24.9,89.6,0.198,8.33,rain,32.4,24.1,135.7,1007.3,97.8,8.1,87.4,7.6,0.88,"Rain, Overcast"
2024-04-06,28.0,24.0,25.7,32.0,24.0,26.8,24.0,90.4,0.997,8.33,rain,33.1,22.3,136.7,1008.6,97.4,7.4,97.6,8.3,0.91,"Rain, Overcast"
2024-04-07,25.8,23.0,24.3,25.8,23.0,24.3,23.7,96.7,0.204,8.33,rain,29.2,16.6,93.7,1007.7,95.0,3.8,61.2,5.2,0.95,"Rain, Overcast"
2024-04-08,24.4,21.0,22.9,24.4,21.0,22.9,20.1,84.8,0.834,8.33,rain,28.8,24.1,49.3,1011.9,99.5,8.6,68.6,5.9,0.98,"Rain, Overcast"
2024-04-09,25.0,21.0,23.0,25.0,21.0,23.0,20.5,86.3,1.002,12.5,rain,14.4,16.6,38.6,1014.6,97.9,9.2,62.2,5.5,0.0,"Rain, Overcast"
2024-04-10,24.8,21.9,23.3,24.8,21.9,23.3,21.9,91.9,0.204,12.5,rain,23.8,9.4,99.8,1014.5,89.7,5.2,128.7,11.1,0.05,"Rain, Partially cloudy"
2024-04-11,29.5,23.0,25.5,34.1,23.0,26.8,23.6,89.3,0.4,12.5,rain,31.3,18.4,120.0,1013.2,76.3,5.7,167.1,14.3,0.08,"Rain, Partially cloudy"
2024-04-12,31.0,24.0,27.1,36.5,24.0,29.4,24.0,83.8,0.0,0.0,rain,35.3,18.4,134.0,1011.4,83.1,8.1,160.0,13.7,0.11,Partially cloudy
2024-04-13,31.0,25.9,27.6,39.1,25.9,30.6,24.5,83.4,0.0,0.0,rain,36.0,22.3,136.9,1008.5,87.9,9.2,187.5,16.1,0.15,Partially cloudy
2024-04-14,30.8,26.0,27.4,37.4,26.0,30.7,25.1,87.4,0.0,0.0,noprecip,28.8,22.3,113.8,1008.6,95.5,7.7,195.0,16.9,0.18,Overcast
2024-04-15,29.5,26.0,27.1,35.6,26.0,29.6,24.9,88.0,0.2,8.33,rain,36.7,20.5,120.4,1009.7,93.0,7.9,163.8,14.3,0.21,"Rain, Overcast"
2024-04-16,33.0,25.0,28.3,38.1,25.0,30.6,23.6,77.9,2.977,4.17,rain,38.9,25.9,136.1,1007.9,45.5,10.4,185.9,16.0,0.25,"Rain, Partially cloudy"
2024-04-17,30.0,25.0,27.3,37.4,25.0,30.4,25.1,88.1,0.0,0.0,rain,29.2,20.5,122.3,1006.7,89.1,8.2,219.8,18.9,0.28,Partially cloudy
2024-04-18,32.0,24.0,27.3,39.2,24.0,29.9,24.5,86.0,13.915,8.33,rain,33.1,24.1,123.0,1004.9,61.4,8.1,177.0,15.3,0.31,"Rain, Partially cloudy"
2024-04-19,33.1,26.0,28.4,42.4,26.0,33.6,25.6,85.2,0.0,0.0,noprecip,29.9,24.1,120.6,1002.3,77.2,8.4,273.6,23.5,0.34,Partially cloudy
2024-04-20,34.4,24.0,28.9,45.3,24.0,34.6,25.6,83.1,8.905,4.17,rain,57.6,38.9,96.6,1002.2,75.8,8.3,272.4,23.5,0.38,"Rain, Partially cloudy"
2024-04-21,32.0,24.0,27.4,42.3,24.0,31.0,24.8,86.5,40.567,4.17,rain,33.5,22.3,93.2,1004.2,90.4,8.7,244.6,21.1,0.41,"Rain, Overcast"
2024-04-22,29.0,24.0,26.7,34.5,24.0,29.1,24.3,86.7,0.022,8.33,rain,24.8,14.8,91.8,1006.0,95.8,9.0,97.0,8.4,0.44,"Rain, Overcast"
2024-04-23,31.7,26.0,28.2,39.1,26.0,32.2,25.0,83.4,2.5,33.33,rain,32.8,18.4,86.7,1006.1,90.9,8.3,134.6,11.6,0.47,"Rain, Overcast"
2024-04-24,28.6,23.0,25.8,33.4,23.0,26.4,23.9,89.4,2.97,12.5,rain,22.0,13.0,65.2,1006.9,82.8,8.3,90.2,7.7,0.5,"Rain, Partially cloudy"
2024-04-25,34.0,25.0,28.9,45.8,25.0,34.3,25.7,83.9,5.94,8.33,rain,26.3,20.5,116.7,1004.1,65.7,7.7,208.5,18.0,0.54,"Rain, Partially cloudy"
2024-04-26,36.7,27.0,31.1,48.1,31.2,39.7,26.7,79.2,0.0,0.0,noprecip,27.7,18.4,112.7,1001.0,50.9,7.1,289.3,25.1,0.58,Partially cloudy
2024-04-27,40.0,27.0,32.2,44.7,31.2,38.6,24.6,69.4,0.0,0.0,noprecip,27.0,16.6,97.9,999.6,9.0,7.8,316.6,27.5,0.61,Clear
2024-04-28,35.8,27.0,30.7,51.0,30.6,39.6,26.9,80.9,0.0,0.0,noprecip,25.9,20.5,98.6,1002.0,45.3,10.4,304.7,26.2,0.65,Partially cloudy
2024-04-29,34.0,28.0,30.2,49.5,34.3,39.4,27.2,84.5,0.2,8.33,rain,32.0,20.5,108.3,1002.1,66.7,9.7,291.5,25.1,0.68,"Rain, Partially cloudy"
2024-04-30,37.2,27.0,31.1,50.2,31.2,40.1,26.7,78.6,0.8,4.17,rain,33.5,18.4,84.8,999.1,43.0,9.5,306.5,26.4,0.72,"Rain, Partially cloudy"
2024-05-01,28.4,24.0,26.0,32.8,24.0,27.1,22.8,82.9,2.2,41.67,rain,31.0,18.4,41.9,1004.9,93.0,9.5,74.7,6.5,0.75,"Rain, Overcast"
2024-05-02,26.3,22.0,24.1,26.3,22.0,24.1,22.5,91.1,32.473,8.33,rain,15.8,16.6,61.6,1008.1,89.2,8.5,73.7,6.4,0.79,"Rain, Partially cloudy"
2024-05-03,27.8,23.0,25.1,31.1,23.0,25.6,23.6,91.6,34.2,12.5,rain,32.0,22.3,103.6,1007.9,93.3,8.0,92.6,8.0,0.83,"Rain, Overcast"
2024-05-04,33.0,25.0,28.2,42.1,25.0,32.1,25.1,84.1,0.1,4.17,rain,27.0,22.3,118.5,1004.6,72.5,8.8,255.8,22.0,0.86,"Rain, Partially cloudy"
2024-05-05,28.8,24.0,26.5,31.7,24.0,27.9,22.2,77.4,1.1,33.33,rain,28.1,16.6,52.3,1008.3,85.0,9.9,86.0,7.4,0.9,"Rain, Partially cloudy"
2024-05-06,28.9,24.5,26.1,32.4,24.5,27.0,23.5,86.4,2.106,4.17,rain,32.4,16.6,51.9,1011.0,79.7,9.3,87.7,7.6,0.93,"Rain, Partially cloudy"
2024-05-07,30.5,25.0,27.3,36.8,25.0,30.3,24.7,85.9,4.947,4.17,rain,22.7,13.0,72.2,1012.7,82.0,9.2,136.6,11.7,0.97,"Rain, Partially cloudy"
2024-05-08,30.0,26.0,27.3,37.4,26.0,30.5,25.4,89.7,5.095,4.17,rain,26.6,14.8,99.5,1011.7,82.3,7.8,171.2,14.6,0.0,"Rain, Partially cloudy"
2024-05-09,31.0,23.0,26.1,37.7,23.0,27.6,23.7,87.0,2.997,8.33,rain,23.8,20.5,73.8,1012.7,89.2,9.6,132.7,11.3,0.03,"Rain, Partially cloudy"
2024-05-10,31.8,24.0,27.9,39.1,24.0,31.2,24.5,82.8,0.131,8.33,rain,34.2,24.1,121.6,1011.5,66.7,9.1,248.4,21.3,0.07,"Rain, Partially cloudy"
2024-05-11,33.0,26.0,29.2,42.1,26.0,34.7,25.6,82.3,0.3,12.5,rain,27.4,20.5,144.6,1010.7,60.4,9.3,228.6,19.9,0.1,"Rain, Partially cloudy"
2024-05-12,34.3,24.5,28.5,43.5,24.5,33.1,25.5,84.7,17.074,4.17,rain,25.9,24.1,102.5,1010.3,70.8,8.7,178.3,15.3,0.13,"Rain, Partially cloudy"
2024-05-13,30.1,23.0,26.7,34.1,23.0,28.5,22.9,80.8,144.501,16.67,rain,20.9,16.6,326.8,1012.0,63.0,9.5,69.7,6.0,0.16,"Rain, Partially cloudy"
2024-05-14,32.0,24.0,28.1,37.9,24.0,31.1,23.8,78.6,0.1,4.17,rain,27.0,14.8,137.8,1011.2,46.3,9.9,246.9,21.4,0.2,"Rain, Partially cloudy"
2024-05-15,31.1,24.0,27.5,39.1,24.0,30.8,25.1,87.2,0.792,4.17,rain,27.7,22.3,93.5,1012.3,76.7,8.3,202.0,17.4,0.25,"Rain, Partially cloudy"
2024-05-16,31.1,25.0,27.5,35.0,25.0,29.2,23.2,78.5,0.198,4.17,rain,33.8,16.6,25.2,1012.8,85.2,9.9,90.2,7.8,0.26,"Rain, Partially cloudy"
2024-05-17,31.1,25.0,27.9,34.7,25.0,30.1,22.8,74.6,0.7,20.83,rain,27.0,20.5,140.8,1009.9,71.0,9.3,220.9,19.2,0.29,"Rain, Partially cloudy"
2024-05-18,32.4,26.9,29.1,42.2,30.6,35.7,26.0,84.0,9.4,41.67,rain,34.9,22.3,133.7,1004.8,89.4,9.9,193.3,16.8,0.33,"Rain, Partially cloudy"
2024-05-19,32.0,25.0,28.4,44.1,25.0,34.3,26.2,88.1,43.841,8.33,rain,31.3,25.9,84.4,1002.4,84.7,9.8,136.8,11.9,0.36,"Rain, Partially cloudy"
2024-05-20,31.0,25.0,27.7,37.7,25.0,30.9,24.7,84.7,7.927,8.33,rain,30.2,16.6,301.3,1005.8,51.7,8.6,207.2,17.9,0.39,"Rain, Partially cloudy"
2024-05-21,34.0,26.0,28.4,42.0,26.0,32.4,24.7,81.2,1.0,12.5,rain,28.1,9.4,72.5,1007.7,72.5,8.4,198.2,17.0,0.42,"Rain, Partially cloudy"
2024-05-22,33.3,25.0,28.7,38.3,25.0,31.8,23.8,76.3,0.021,4.17,rain,21.2,16.6,15.1,1008.7,53.6,8.8,224.7,19.4,0.46,"Rain, Partially cloudy"
2024-05-23,32.0,25.6,27.9,40.6,25.6,31.5,24.6,82.6,5.939,8.33,rain,20.5,14.8,272.6,1008.1,61.7,8.7,198.9,17.2,0.5,"Rain, Partially cloudy"
2024-05-24,35.0,26.0,29.3,39.5,26.0,33.6,24.8,78.8,0.9,16.67,rain,42.5,22.3,130.8,1007.6,57.5,7.8,247.5,21.3,0.52,"Rain, Partially cloudy"
2024-05-25,32.0,26.0,28.2,40.5,26.0,33.8,26.2,89.4,13.968,8.33,rain,31.7,20.5,134.6,1007.5,71.7,8.8,129.9,11.2,0.56,"Rain, Partially cloudy"
2024-05-26,35.0,26.0,30.7,46.3,26.0,38.9,26.9,81.5,10.472,8.33,rain,31.7,13.0,159.2,1004.9,64.4,9.7,215.9,18.8,0.59,"Rain, Partially cloudy"
2024-05-27,36.1,28.0,32.1,44.9,34.5,40.8,26.2,73.1,0.198,4.17,rain,25.2,14.8,231.0,1001.2,70.8,9.5,210.2,18.1,0.63,"Rain, Partially cloudy"
2024-05-28,35.0,29.0,31.8,47.3,36.8,41.6,26.9,76.0,0.2,8.33,rain,28.8,14.8,52.3,1000.9,57.9,9.9,178.6,15.5,0.67,"Rain, Partially cloudy"
2024-05-29,36.0,29.0,32.0,50.8,36.8,42.9,27.6,78.4,0.0,0.0,rain,28.8,24.1,120.2,1000.7,76.6,11.0,244.5,21.0,0.7,Partially cloudy
2024-05-30,35.0,26.0,30.2,47.8,26.0,38.0,26.4,80.7,57.387,4.17,rain,32.0,29.5,92.7,1002.0,80.0,9.2,177.9,15.3,0.74,"Rain, Partially cloudy"
2024-05-31,29.0,23.9,26.6,33.6,23.9,28.6,23.7,84.7,31.694,12.5,rain,24.5,13.0,294.6,1006.2,90.2,9.8,96.1,8.2,0.75,"Rain, Overcast"
2024-06-01,34.0,26.3,30.0,39.4,26.3,34.4,24.3,73.5,0.1,4.17,rain,16.9,11.2,100.3,1007.3,50.2,9.7,247.0,21.2,0.81,"Rain, Partially cloudy"
2024-06-02,36.0,27.0,31.0,48.1,31.2,39.6,26.6,78.3,0.6,25.0,rain,40.7,22.3,130.1,1005.9,53.9,9.8,225.1,19.3,0.85,"Rain, Partially cloudy"
2024-06-03,36.0,27.0,30.9,45.5,31.2,38.8,26.3,78.3,0.011,4.17,rain,25.2,29.5,103.0,1003.0,60.0,9.0,202.0,17.6,0.88,"Rain, Partially cloudy"
2024-06-04,33.5,27.0,29.1,44.7,31.0,35.6,26.1,84.5,12.594,8.33,rain,29.9,14.8,62.9,1004.0,67.0,9.9,118.2,10.2,0.92,"Rain, Partially cloudy"
2024-06-05,29.0,25.8,27.2,36.8,25.8,30.6,25.1,88.6,69.268,12.5,rain,23.0,20.5,23.5,1007.0,91.8,9.8,41.1,3.6,0.95,"Rain, Overcast"
2024-06-06,28.0,24.0,26.3,32.7,24.0,28.1,24.3,88.6,5.676,12.5,rain,23.0,16.6,339.4,1008.6,94.4,9.8,113.2,9.7,0.0,"Rain, Overcast"
2024-06-07,33.0,26.0,28.5,41.4,26.0,33.3,25.8,85.7,9.2,41.67,rain,21.2,22.3,108.5,1005.0,79.6,7.7,169.6,14.6,0.02,"Rain, Partially cloudy"
2024-06-08,33.0,26.0,29.0,42.4,26.0,34.9,26.0,84.6,39.631,8.33,rain,22.3,14.8,130.7,1002.8,77.7,8.9,80.8,6.8,0.05,"Rain, Partially cloudy"
2024-06-09,27.5,26.0,26.3,32.3,26.0,27.1,25.4,95.2,31.782,12.5,rain,21.6,13.0,70.8,1003.9,89.1,8.6,85.6,7.3,0.09,"Rain, Partially cloudy"
2024-06-10,31.4,26.0,28.1,41.2,26.0,33.1,26.3,89.8,15.959,16.67,rain,29.9,16.6,103.0,1005.3,85.1,8.3,177.4,15.3,0.12,"Rain, Partially cloudy"
2024-06-11,35.0,27.9,30.3,46.7,33.6,39.1,27.2,84.3,10.884,8.33,rain,27.0,18.4,115.2,1004.9,69.0,8.5,204.5,17.8,0.15,"Rain, Partially cloudy"
2024-06-12,35.8,28.0,31.7,46.7,34.5,40.4,26.6,76.1,0.198,4.17,rain,25.9,11.2,100.9,1003.8,65.3,9.1,251.7,21.8,0.18,"Rain, Partially cloudy"
2024-06-13,38.0,28.9,32.9,46.1,36.5,41.0,25.5,67.2,0.0,0.0,noprecip,28.8,13.0,242.8,1000.9,52.2,9.7,249.6,21.5,0.22,Partially cloudy
2024-06-14,37.0,30.0,33.3,47.3,35.1,41.5,25.2,63.6,0.0,0.0,noprecip,24.8,11.2,219.0,999.4,67.9,10.4,216.6,18.7,0.25,Partially cloudy
2024-06-15,34.9,29.0,31.6,47.7,36.8,43.0,27.9,81.1,0.2,8.33,rain,21.2,13.0,28.8,1001.1,51.0,7.4,161.0,13.9,0.28,"Rain, Partially cloudy"
2024-06-16,37.3,27.0,31.4,50.7,30.6,41.8,27.3,80.1,0.099,4.17,rain,16.6,16.6,78.4,1002.1,52.6,8.5,219.9,19.1,0.31,"Rain, Partially cloudy"
2024-06-17,37.3,26.0,30.7,49.5,26.0,38.1,26.5,80.3,1.979,4.17,rain,23.0,37.1,90.0,1001.6,60.7,9.2,232.0,20.1,0.34,"Rain, Partially cloudy"
2024-06-18,35.5,26.0,30.1,47.4,26.0,37.8,26.6,82.8,7.916,4.17,rain,28.4,14.8,66.4,1000.9,67.8,10.9,146.8,12.5,0.38,"Rain, Partially cloudy"
2024-06-19,38.0,24.0,31.6,48.8,24.0,40.8,26.8,77.6,0.1,4.17,rain,37.1,24.1,97.2,1000.3,68.9,10.4,252.9,22.1,0.41,"Rain, Partially cloudy"
2024-06-20,36.0,26.0,31.0,48.8,26.0,40.3,27.1,80.9,0.798,4.17,rain,28.8,16.6,100.8,1000.5,75.1,9.9,238.3,20.5,0.44,"Rain, Partially cloudy"
2024-06-21,35.2,29.0,31.0,49.5,36.8,42.6,28.2,85.7,3.958,8.33,rain,28.4,18.4,108.3,1001.3,76.8,9.6,238.1,20.5,0.47,"Rain, Partially cloudy"
2024-06-22,34.8,29.0,31.6,46.3,38.2,42.1,27.4,79.4,1.2,37.5,rain,29.2,18.4,125.7,1002.8,78.3,11.1,232.5,20.2,0.5,"Rain, Partially cloudy"
2024-06-23,35.0,28.0,30.7,48.8,34.5,39.5,26.9,80.9,51.514,8.33,rain,27.0,22.3,114.9,1003.0,64.5,10.3,245.9,21.4,0.54,"Rain, Partially cloudy"
2024-06-24,32.0,27.0,28.8,40.6,31.2,35.2,26.2,85.9,12.126,12.5,rain,18.4,14.8,101.4,1002.9,80.1,9.4,56.2,4.9,0.58,"Rain, Partially cloudy"
2024-06-25,31.1,26.1,27.9,39.3,26.1,33.3,26.2,90.4,11.951,12.5,rain,26.6,16.6,82.2,1004.6,70.4,9.5,122.6,10.7,0.61,"Rain, Partially cloudy"
2024-06-26,30.0,26.0,28.0,38.8,26.0,32.8,25.7,88.0,6.264,8.33,rain,29.5,16.6,85.6,1007.7,79.7,10.0,104.7,9.0,0.65,"Rain, Partially cloudy"
2024-06-27,33.0,25.0,28.7,43.8,25.0,34.1,25.9,85.8,6.0,12.5,rain,29.5,18.4,104.8,1008.4,66.8,9.5,141.5,12.2,0.69,"Rain, Partially cloudy"
2024-06-28,33.0,27.7,30.0,42.3,33.0,37.9,26.6,82.3,0.297,4.17,rain,34.2,24.1,131.6,1005.8,67.9,10.0,197.3,16.9,0.72,"Rain, Partially cloudy"
2024-06-29,36.0,28.5,31.4,48.0,34.1,40.6,26.8,77.7,9.894,4.17,rain,28.4,16.6,143.5,1003.3,65.6,11.0,267.6,23.2,0.75,"Rain, Partially cloudy"
2024-06-30,36.0,28.0,32.0,45.7,34.5,40.9,26.4,73.5,3.068,4.17,rain,36.4,13.0,164.6,1002.0,97.3,10.0,255.8,22.1,0.79,"Rain, Overcast"
2024-07-01,35.5,30.0,32.4,43.8,36.2,39.9,25.1,66.0,0.0,0.0,noprecip,26.6,13.0,176.4,1000.2,90.3,10.0,154.1,13.4,0.83,Overcast
2024-07-02,32.8,27.0,29.6,43.7,30.6,37.3,26.5,83.4,4.4,20.83,rain,22.0,16.6,72.4,1001.8,82.8,9.8,156.1,13.3,0.87,"Rain, Partially cloudy"
2024-07-03,29.6,26.0,27.4,40.1,26.0,31.8,26.1,92.8,7.818,8.33,rain,40.7,22.3,76.0,1006.7,80.6,8.1,109.9,9.3,0.9,"Rain, Partially cloudy"
2024-07-04,34.0,26.0,30.1,43.0,26.0,36.6,25.8,79.3,2.922,8.33,rain,30.6,25.9,137.0,1008.5,54.5,9.3,213.1,18.4,0.94,"Rain, Partially cloudy"
2024-07-05,35.0,26.0,29.9,43.9,26.0,35.7,25.4,77.9,0.1,12.5,rain,31.3,25.9,125.8,1006.0,47.6,11.1,256.2,22.2,0.97,"Rain, Partially cloudy"
2024-07-06,35.0,27.0,30.6,44.9,31.2,38.5,26.3,78.6,0.158,12.5,rain,27.0,20.5,122.6,1005.4,53.0,12.5,236.0,20.4,0.0,"Rain, Partially cloudy"
2024-07-07,35.0,28.0,31.3,45.2,34.5,39.3,26.0,74.9,0.0,0.0,rain,36.4,25.9,138.8,1005.9,45.5,10.6,282.7,24.5,0.04,Partially cloudy
2024-07-08,35.0,28.0,31.2,44.9,33.6,39.6,26.4,76.5,0.396,4.17,rain,30.6,22.3,135.7,1005.1,56.3,11.0,278.6,24.2,0.07,"Rain, Partially cloudy"
2024-07-09,36.0,28.7,31.0,48.1,36.2,40.4,27.0,80.2,10.983,4.17,rain,24.8,22.3,121.4,1004.7,66.4,9.8,272.1,23.5,0.11,"Rain, Partially cloudy"
2024-07-10,32.5,26.0,29.7,44.1,26.0,38.3,27.0,85.8,0.747,4.17,rain,24.5,14.8,112.9,1004.8,60.9,11.1,260.1,22.6,0.14,"Rain, Partially cloudy"
2024-07-11,36.1,27.0,30.6,48.1,30.1,38.3,26.2,78.3,9.598,4.17,rain,27.0,18.4,108.2,1003.1,50.1,10.4,270.5,23.4,0.17,"Rain, Partially cloudy"
2024-07-12,36.0,27.7,31.5,46.3,32.9,40.3,26.5,75.8,1.413,8.33,rain,22.7,20.5,136.2,1001.2,76.4,11.2,238.7,20.5,0.2,"Rain, Partially cloudy"
2024-07-13,35.0,29.0,31.6,46.7,36.7,40.9,26.8,76.4,15.337,8.33,rain,23.4,25.9,116.3,1000.9,65.1,10.2,217.9,18.8,0.23,"Rain, Partially cloudy"
2024-07-14,33.0,26.0,29.8,42.1,26.0,36.9,26.2,81.8,1.927,8.33,rain,34.9,20.5,108.0,1004.0,60.1,9.7,168.9,14.7,0.25,"Rain, Partially cloudy"
2024-07-15,35.0,26.0,29.3,44.9,26.0,35.5,26.1,83.7,25.717,12.5,rain,33.1,18.4,353.0,1005.5,76.9,10.0,177.3,15.2,0.3,"Rain, Partially cloudy"
2024-07-16,35.0,27.0,29.6,42.1,31.2,36.2,26.1,82.5,7.97,12.5,rain,32.0,18.4,45.1,1005.6,75.9,9.6,152.1,13.1,0.33,"Rain, Partially cloudy"
2024-07-17,32.0,26.0,28.9,40.6,26.0,35.1,26.1,85.7,2.222,16.67,rain,29.2,16.6,51.3,1004.8,80.6,10.0,94.1,7.9,0.36,"Rain, Partially cloudy"
2024-07-18,30.0,25.9,27.7,38.8,25.9,32.3,25.8,89.9,24.287,16.67,rain,23.0,22.3,67.1,1003.9,88.0,9.2,103.0,8.8,0.4,"Rain, Partially cloudy"
2024-07-19,32.0,26.0,28.2,42.3,26.0,33.5,26.2,88.9,11.491,12.5,rain,26.3,16.6,77.3,1004.0,75.0,9.9,105.8,9.3,0.43,"Rain, Partially cloudy"
2024-07-20,32.0,27.0,28.6,42.3,31.0,35.2,26.5,88.5,11.894,12.5,rain,22.3,25.9,70.7,1004.8,63.6,10.2,148.0,12.7,0.46,"Rain, Partially cloudy"
2024-07-21,36.0,27.0,30.6,46.3,30.6,38.3,26.3,79.3,2.474,4.17,rain,23.8,14.8,69.6,1004.8,55.3,11.6,208.6,18.2,0.5,"Rain, Partially cloudy"
2024-07-22,33.4,26.9,29.6,43.5,30.6,36.9,26.4,83.8,3.986,8.33,rain,28.8,13.0,309.6,1002.4,72.0,9.8,175.3,15.2,0.53,"Rain, Partially cloudy"
2024-07-23,29.0,25.0,26.6,37.2,25.0,28.5,25.6,94.2,188.332,16.67,rain,28.4,22.3,280.6,997.8,90.6,5.7,27.0,2.4,0.56,"Rain, Overcast"
2024-07-24,32.0,25.4,27.9,42.3,25.4,32.2,26.0,90.0,100.843,16.67,rain,26.3,14.8,287.3,995.6,91.3,8.3,76.1,6.6,0.6,"Rain, Overcast"
2024-07-25,33.0,27.0,29.7,44.2,31.2,37.5,26.7,84.7,23.566,12.5,rain,29.9,13.0,288.1,995.0,78.4,9.7,185.8,16.0,0.63,"Rain, Partially cloudy"
2024-07-26,37.8,27.0,32.5,49.2,31.8,42.5,27.1,75.2,0.0,0.0,noprecip,23.8,16.6,263.4,995.5,60.1,10.5,305.9,26.3,0.67,Partially cloudy
2024-07-27,37.3,28.0,32.9,52.5,34.5,46.2,28.5,78.7,0.0,0.0,noprecip,21.6,27.7,46.8,998.7,67.9,9.5,278.4,23.9,0.71,Partially cloudy
2024-07-28,32.2,24.0,28.4,42.4,24.0,34.2,26.1,87.8,34.531,4.17,rain,30.2,22.3,55.3,1001.9,82.6,9.0,114.7,9.8,0.75,"Rain, Partially cloudy"
2024-07-29,29.6,26.0,27.8,39.3,26.0,33.1,26.3,92.0,27.129,12.5,rain,24.1,16.6,113.6,1001.3,82.9,9.4,86.0,7.5,0.78,"Rain, Partially cloudy"
2024-07-30,31.0,26.0,27.6,40.6,26.0,32.0,26.1,91.7,1.987,12.5,rain,32.8,22.3,131.1,1001.3,91.3,8.7,67.6,5.9,0.81,"Rain, Overcast"
2024-07-31,31.0,26.0,28.7,39.9,26.0,34.4,25.9,85.3,0.408,12.5,rain,28.8,13.0,145.3,1002.4,86.7,10.0,109.9,9.6,0.85,"Rain, Partially cloudy"
2024-08-01,31.0,27.0,29.2,37.9,31.2,35.2,25.5,80.9,0.396,4.17,rain,42.8,14.8,165.2,1003.3,87.0,10.0,82.3,7.2,0.88,"Rain, Partially cloudy"
2024-08-02,29.0,26.0,27.3,35.6,26.0,30.8,24.9,86.6,13.3,12.5,rain,41.8,16.6,166.9,1003.4,89.1,9.7,88.8,7.6,0.92,"Rain, Partially cloudy"
2024-08-03,32.7,26.0,28.7,42.3,26.0,33.4,25.4,83.1,0.001,4.17,rain,30.6,14.8,75.8,1005.0,64.2,11.0,185.3,16.1,0.96,"Rain, Partially cloudy"
2024-08-04,35.0,27.0,30.6,43.5,31.0,37.5,25.7,76.6,0.6,16.67,rain,22.3,24.1,114.7,1006.3,64.9,10.8,265.8,22.9,0.0,"Rain, Partially cloudy"
2024-08-05,34.5,28.0,30.8,47.3,34.3,39.5,26.7,79.4,4.7,12.5,rain,19.4,16.6,95.9,1005.7,59.7,10.5,230.6,19.8,0.02,"Rain, Partially cloudy"
2024-08-06,35.9,27.0,31.1,48.8,31.8,40.1,26.9,79.3,0.9,29.17,rain,24.5,25.9,106.1,1004.9,45.6,10.2,253.6,21.7,0.06,"Rain, Partially cloudy"
2024-08-07,35.7,28.0,30.6,46.7,32.7,38.9,26.6,79.9,1.7,20.83,rain,22.0,24.1,115.0,1005.3,45.4,9.9,270.7,23.4,0.09,"Rain, Partially cloudy"
2024-08-08,37.0,26.0,31.4,46.7,26.0,39.8,26.5,77.1,0.1,4.17,rain,40.7,16.6,142.9,1005.0,40.9,10.9,280.4,24.2,0.12,"Rain, Partially cloudy"
2024-08-09,38.0,27.0,32.7,47.3,31.2,41.5,26.3,71.6,0.0,0.0,noprecip,27.4,18.4,137.4,1002.2,44.4,12.0,294.0,25.3,0.15,Partially cloudy
2024-08-10,38.0,27.0,32.9,49.5,31.2,43.2,27.1,73.6,4.5,16.67,rain,22.0,31.7,85.3,1000.3,57.0,11.0,288.4,24.8,0.19,"Rain, Partially cloudy"
2024-08-11,32.0,24.0,28.2,40.6,24.0,32.9,25.3,84.9,0.6,12.5,rain,32.4,31.7,313.5,1001.5,64.7,9.8,179.3,15.5,0.22,"Rain, Partially cloudy"
2024-08-12,33.0,27.0,29.7,44.0,31.0,37.2,26.5,83.5,0.388,4.17,rain,21.6,16.6,71.7,1001.7,72.9,9.8,144.1,12.4,0.25,"Rain, Partially cloudy"
2024-08-13,32.4,26.0,28.8,44.1,26.0,35.7,26.6,88.3,19.566,4.17,rain,17.6,16.6,340.4,1004.4,79.6,9.7,148.7,12.7,0.29,"Rain, Partially cloudy"
2024-08-14,30.7,26.0,27.8,38.8,26.0,32.9,26.0,90.4,13.082,8.33,rain,22.0,13.0,312.4,1005.7,89.9,9.1,130.0,11.2,0.32,"Rain, Partially cloudy"
2024-08-15,34.0,26.0,29.0,42.7,26.0,34.6,26.0,85.2,0.548,12.5,rain,22.7,14.8,327.3,1004.6,80.7,9.5,208.1,18.0,0.35,"Rain, Partially cloudy"
2024-08-16,34.0,26.0,30.2,42.5,26.0,36.4,25.4,76.8,2.0,25.0,rain,22.7,11.2,14.0,1004.2,73.6,10.0,233.8,20.0,0.38,"Rain, Partially cloudy"
2024-08-17,33.4,27.0,29.6,44.3,30.6,36.9,26.2,82.4,33.839,4.17,rain,17.6,14.8,60.8,1005.5,75.1,8.8,224.6,19.3,0.42,"Rain, Partially cloudy"
2024-08-18,34.2,28.0,30.3,47.3,33.6,38.7,26.8,82.6,5.2,41.67,rain,19.4,13.0,38.1,1005.5,75.2,8.5,181.6,15.7,0.45,"Rain, Partially cloudy"
2024-08-19,33.2,27.0,29.6,45.4,31.2,37.2,26.6,84.6,0.444,4.17,rain,27.0,11.2,321.1,1003.8,58.8,8.5,191.3,16.4,0.48,"Rain, Partially cloudy"
2024-08-20,33.5,26.7,29.5,44.0,30.2,36.3,26.2,83.5,4.314,8.33,rain,23.0,14.8,118.1,1004.3,66.8,10.3,220.7,19.1,0.5,"Rain, Partially cloudy"
2024-08-21,33.0,26.7,28.9,43.8,26.7,35.3,26.3,86.7,37.5,4.17,rain,27.7,13.0,325.7,1005.9,79.0,9.1,128.3,11.1,0.55,"Rain, Partially cloudy"
2024-08-22,35.4,24.0,29.9,45.0,24.0,37.3,26.4,82.9,3.9,33.33,rain,61.2,20.5,91.7,1006.9,65.7,8.4,182.2,15.9,0.59,"Rain, Partially cloudy"
2024-08-23,27.3,24.0,25.4,31.6,24.0,25.9,24.4,94.3,102.336,12.5,rain,23.8,14.8,84.2,1009.6,84.8,8.8,67.4,5.9,0.62,"Rain, Partially cloudy"
2024-08-24,32.0,24.0,26.8,40.6,24.0,29.6,24.8,89.3,31.845,12.5,rain,19.8,13.0,107.8,1008.4,64.8,9.4,91.9,8.0,0.66,"Rain, Partially cloudy"
2024-08-25,31.6,25.0,27.9,39.1,25.0,31.9,25.1,85.2,8.127,8.33,rain,25.6,16.6,114.6,1006.8,73.1,9.9,154.0,13.4,0.69,"Rain, Partially cloudy"
2024-08-26,35.0,26.2,29.8,44.9,26.2,35.9,25.5,79.0,40.567,4.17,rain,20.5,14.8,112.7,1006.1,60.8,9.7,185.6,16.1,0.75,"Rain, Partially cloudy"
2024-08-27,35.8,26.4,30.6,43.8,26.4,37.9,26.2,78.9,8.905,4.17,rain,22.3,14.8,109.6,1005.6,48.0,10.0,200.4,17.2,0.76,"Rain, Partially cloudy"
2024-08-28,36.3,28.0,31.8,47.3,34.5,41.2,26.8,76.2,0.0,0.0,noprecip,19.8,14.8,97.5,1004.1,37.1,9.0,263.1,22.7,0.79,Partially cloudy
2024-08-29,35.0,28.0,31.4,48.0,34.5,42.3,27.7,81.2,0.0,0.0,rain,18.4,11.2,83.5,1004.0,53.4,8.9,222.5,19.3,0.83,Partially cloudy
2024-08-30,32.3,25.0,29.0,42.5,25.0,34.8,25.6,82.4,38.799,8.33,rain,22.7,18.4,220.9,1005.5,71.7,9.0,147.5,12.7,0.86,"Rain, Partially cloudy"
2024-08-31,35.0,27.0,30.1,43.3,30.6,36.2,25.4,77.8,0.89,4.17,rain,20.2,13.0,80.6,1006.6,46.1,9.3,158.9,13.7,0.9,"Rain, Partially cloudy"
2024-09-01,33.0,26.9,29.4,40.6,30.6,35.5,25.6,80.8,5.096,12.5,rain,20.9,14.8,60.7,1007.3,76.1,9.9,158.2,13.5,0.93,"Rain, Partially cloudy"
2024-09-02,35.0,27.0,31.0,45.0,31.2,38.7,26.1,76.3,1.982,12.5,rain,16.9,11.2,81.5,1007.6,58.3,10.6,208.1,18.0,0.97,"Rain, Partially cloudy"
2024-09-03,34.0,25.0,29.1,43.5,25.0,34.7,25.6,82.5,39.776,8.33,rain,22.0,22.3,299.0,1007.3,59.1,9.7,246.2,21.4,0.0,"Rain, Partially cloudy"
2024-09-04,36.1,26.0,30.7,44.9,26.0,37.2,25.7,76.4,0.0,0.0,noprecip,16.6,13.0,338.8,1003.4,43.3,10.5,269.3,23.4,0.04,Partially cloudy
2024-09-05,37.0,27.0,31.5,47.6,30.1,40.0,26.3,75.3,0.2,4.17,rain,29.9,14.8,306.8,1001.1,48.2,10.8,274.9,23.9,0.07,"Rain, Partially cloudy"
2024-09-06,37.0,26.0,29.7,47.3,26.0,35.7,25.7,81.1,18.14,20.83,rain,46.4,25.9,315.8,999.8,71.5,9.5,223.9,19.4,0.1,"Rain, Partially cloudy"
2024-09-07,28.0,25.0,26.4,33.6,25.0,28.2,25.1,92.7,255.269,29.17,rain,88.9,53.6,322.2,992.8,98.1,7.9,18.7,1.5,0.14,"Rain, Overcast"
2024-09-08,30.0,25.0,27.3,38.8,25.0,31.5,26.0,92.9,20.063,16.67,rain,57.6,38.9,127.6,998.8,95.6,9.4,38.3,3.1,0.17,"Rain, Overcast"
2024-09-09,30.5,25.0,27.8,40.4,25.0,32.8,26.4,92.6,27.704,4.17,rain,32.0,32.7,94.2,1003.4,75.4,9.5,76.9,6.7,0.2,"Rain, Partially cloudy"
2024-09-10,28.0,24.0,25.5,32.7,24.0,26.2,24.5,94.3,116.932,16.67,rain,19.8,14.8,71.2,1006.1,90.3,8.8,36.7,3.1,0.24,"Rain, Overcast"
2024-09-11,26.0,24.0,25.1,26.0,24.0,25.1,24.3,95.3,64.042,16.67,rain,30.6,14.8,36.3,1007.8,94.2,8.1,23.1,1.9,0.25,"Rain, Overcast"
2024-09-12,32.0,24.9,27.6,38.8,24.9,31.1,25.1,86.9,0.246,16.67,rain,27.7,13.0,312.3,1007.5,60.7,9.9,90.7,7.9,0.3,"Rain, Partially cloudy"
2024-09-13,33.0,25.0,28.4,41.1,25.0,32.8,25.2,83.3,45.546,4.17,rain,25.9,20.5,328.6,1005.2,63.6,9.9,183.6,16.0,0.34,"Rain, Partially cloudy"
2024-09-14,34.1,25.0,29.6,45.3,25.0,35.2,25.5,79.7,2.201,4.17,rain,20.9,18.4,24.2,1003.0,61.5,9.7,204.8,17.8,0.37,"Rain, Partially cloudy"
2024-09-15,35.0,27.0,30.2,46.7,30.6,37.6,26.2,79.9,5.9,25.0,rain,16.9,13.0,72.5,1002.4,36.6,8.2,241.9,20.8,0.4,"Rain, Partially cloudy"
2024-09-16,33.2,24.0,28.4,42.1,24.0,33.2,25.4,85.1,96.771,8.33,rain,30.6,20.5,293.0,1004.6,68.6,8.7,184.0,15.9,0.44,"Rain, Partially cloudy"
2024-09-17,33.0,26.0,28.8,40.6,26.0,34.1,25.5,83.3,4.496,16.67,rain,34.2,18.4,341.9,1005.4,82.2,9.7,103.8,8.9,0.47,"Rain, Partially cloudy"
2024-09-18,34.1,27.0,29.9,41.0,31.2,36.2,25.7,79.2,2.31,12.5,rain,33.8,13.0,339.9,1003.9,68.2,10.1,166.7,14.3,0.5,"Rain, Partially cloudy"
2024-09-19,35.0,27.5,30.6,42.0,31.9,36.8,25.0,73.0,0.236,8.33,rain,46.8,18.4,18.5,1002.9,61.4,9.7,183.4,16.0,0.54,"Rain, Partially cloudy"
2024-09-20,34.5,26.0,29.0,45.3,26.0,34.4,25.7,83.6,56.451,8.33,rain,39.2,24.1,324.1,1003.2,65.8,9.6,185.1,16.1,0.57,"Rain, Partially cloudy"
2024-09-21,34.0,25.0,28.1,43.5,25.0,32.3,26.1,90.0,75.026,8.33,rain,41.0,37.1,304.2,1004.7,77.2,8.9,151.1,13.0,0.61,"Rain, Partially cloudy"
2024-09-22,28.0,25.7,26.7,32.8,25.7,28.6,24.8,89.3,34.395,16.67,rain,41.4,18.4,0.0,1006.1,96.2,9.5,30.8,2.7,0.64,"Rain, Overcast"
2024-09-23,29.0,23.9,26.2,30.8,23.9,27.2,22.1,78.9,15.919,16.67,rain,35.3,13.0,32.2,1009.5,85.1,9.8,59.9,5.2,0.67,"Rain, Partially cloudy"
2024-09-24,33.0,23.0,27.6,34.5,23.0,28.5,21.2,71.5,0.0,0.0,rain,20.5,18.4,101.5,1010.0,32.7,9.2,241.5,20.9,0.71,Partially cloudy
2024-09-25,29.1,25.0,27.1,33.6,25.0,29.1,23.4,80.7,0.1,4.17,rain,11.5,9.4,99.7,1011.1,45.7,7.7,60.0,5.1,0.75,"Rain, Partially cloudy"
2024-09-26,32.5,25.0,28.5,37.9,25.0,31.5,23.9,77.7,0.0,0.0,rain,15.8,16.6,110.5,1011.1,25.8,7.8,245.0,21.1,0.78,Partially cloudy
2024-09-27,34.3,25.0,29.1,40.6,25.0,33.3,24.8,78.7,0.0,0.0,noprecip,24.5,18.4,119.2,1010.1,37.2,8.8,212.8,18.4,0.81,Partially cloudy
2024-09-28,35.0,27.0,29.8,46.7,31.2,36.9,26.2,81.7,0.0,0.0,noprecip,25.6,16.6,129.3,1007.9,64.0,9.9,206.8,17.9,0.84,Partially cloudy
2024-09-29,34.0,26.3,29.5,46.1,26.3,36.5,26.3,83.5,30.475,4.17,rain,26.6,25.9,135.7,1006.5,85.9,9.7,130.4,11.3,0.88,"Rain, Partially cloudy"
2024-09-30,30.0,26.7,27.7,38.8,30.4,33.0,26.2,91.5,3.989,12.5,rain,23.0,16.6,104.4,1005.8,87.1,9.2,123.3,10.6,0.91,"Rain, Partially cloudy"
2024-10-01,32.7,24.9,27.7,41.6,24.9,30.9,23.4,78.6,5.876,12.5,rain,42.5,27.7,19.5,1009.3,79.8,9.7,130.0,11.2,0.95,"Rain, Partially cloudy"
2024-10-02,29.3,23.7,25.9,30.2,23.7,26.1,17.9,62.1,0.099,4.17,rain,36.4,20.5,2.2,1015.1,47.2,10.4,235.3,20.4,0.98,"Rain, Partially cloudy"
2024-10-03,29.5,22.0,25.6,29.1,22.0,25.5,15.2,54.1,0.0,0.0,noprecip,28.1,18.4,25.9,1015.7,40.9,9.9,264.3,22.7,0.0,Partially cloudy
2024-10-04,30.5,20.0,25.6,29.8,20.0,25.4,16.3,60.0,0.0,0.0,noprecip,20.5,16.6,67.5,1015.4,41.0,11.5,262.0,22.6,0.05,Partially cloudy
2024-10-05,31.8,21.0,25.9,31.4,21.0,25.9,17.5,63.2,0.0,0.0,noprecip,12.6,11.2,16.5,1014.3,0.3,10.2,271.5,23.5,0.08,Clear
2024-10-06,33.0,21.0,26.8,34.0,21.0,27.3,19.2,65.8,0.0,0.0,noprecip,22.7,11.2,348.2,1014.7,10.6,9.4,247.4,21.5,0.12,Clear
2024-10-07,33.0,23.0,28.0,34.8,23.0,29.1,20.3,65.1,0.0,0.0,noprecip,28.8,14.8,356.5,1015.6,16.9,9.7,236.5,20.5,0.15,Clear
2024-10-08,32.0,25.0,28.0,33.5,25.0,28.6,19.2,60.0,0.0,0.0,noprecip,28.8,18.4,21.5,1014.9,8.1,12.1,249.3,21.5,0.18,Clear
2024-10-09,30.3,24.0,26.9,32.3,24.0,27.7,20.4,68.6,0.0,0.0,noprecip,24.5,14.8,32.6,1014.1,21.2,9.8,230.9,19.9,0.22,Partially cloudy
2024-10-10,31.0,22.0,26.6,32.6,22.0,27.5,21.1,73.9,0.0,0.0,noprecip,17.6,13.0,15.1,1013.2,21.6,7.5,229.2,19.9,0.25,Partially cloudy
2024-10-11,32.0,23.0,27.3,34.2,23.0,28.4,20.8,69.2,0.0,0.0,noprecip,16.9,13.0,101.9,1012.8,18.0,7.2,235.1,20.2,0.25,Clear
2024-10-12,32.0,23.0,27.6,35.2,23.0,29.1,21.6,71.5,0.9,16.67,rain,21.2,16.6,130.9,1013.7,24.6,7.6,177.2,15.2,0.32,"Rain, Partially cloudy"
2024-10-13,33.0,24.0,28.0,36.1,24.0,30.0,22.5,73.7,0.2,8.33,rain,27.0,18.4,133.0,1013.3,43.7,8.8,159.8,13.7,0.35,"Rain, Partially cloudy"
2024-10-14,33.0,24.5,28.4,36.6,24.5,31.1,23.0,73.9,0.0,0.0,rain,22.0,13.0,122.0,1012.1,49.2,9.8,204.6,17.7,0.39,Partially cloudy
2024-10-15,32.0,25.0,27.2,38.1,25.0,29.4,24.5,85.9,29.585,8.33,rain,23.4,20.5,79.0,1012.6,65.2,8.9,152.7,13.2,0.42,"Rain, Partially cloudy"
2024-10-16,31.0,24.7,27.2,34.6,24.7,29.2,23.2,79.5,1.922,4.17,rain,22.7,13.0,31.9,1013.4,75.0,9.9,156.6,13.4,0.46,"Rain, Partially cloudy"
2024-10-17,33.0,26.0,28.7,38.1,26.0,32.0,24.2,77.8,1.0,33.33,rain,20.5,18.4,111.2,1011.4,59.3,9.3,172.5,14.9,0.5,"Rain, Partially cloudy"
2024-10-18,34.0,25.0,29.2,40.6,25.0,33.2,24.8,78.5,0.6,16.67,rain,20.9,18.4,121.2,1011.0,43.0,9.4,156.1,13.7,0.52,"Rain, Partially cloudy"
2024-10-19,34.0,25.0,28.8,39.4,25.0,32.6,24.5,79.3,0.331,8.33,rain,27.7,18.4,122.9,1013.2,40.9,10.3,139.8,11.9,0.56,"Rain, Partially cloudy"
2024-10-20,34.0,25.6,29.1,37.5,25.6,31.9,23.3,72.8,1.1,37.5,rain,23.0,14.8,108.0,1015.2,49.8,9.8,185.5,16.0,0.59,"Rain, Partially cloudy"
2024-10-21,29.0,25.0,26.3,33.9,25.0,27.7,24.5,90.0,33.146,4.17,rain,16.6,10.0,53.7,1014.5,68.6,8.7,72.5,6.4,0.62,"Rain, Partially cloudy"
2024-10-22,33.0,24.0,28.0,37.3,24.0,30.6,23.5,78.7,1.8,20.83,rain,25.6,11.2,342.2,1014.6,39.5,8.1,178.7,15.5,0.66,"Rain, Partially cloudy"
2024-10-23,30.0,24.0,27.2,31.3,24.0,27.7,19.0,61.5,0.001,4.17,rain,34.2,27.2,24.8,1015.2,47.2,11.7,202.4,17.4,0.69,"Rain, Partially cloudy"
2024-10-24,32.0,20.0,25.5,30.1,20.0,25.2,13.9,52.5,0.0,0.0,noprecip,20.5,18.4,10.2,1012.7,58.7,11.4,241.2,20.8,0.75,Partially cloudy
2024-10-25,32.0,18.0,24.5,30.4,18.0,24.2,15.3,61.4,0.0,0.0,noprecip,22.3,11.2,344.7,1010.1,53.0,10.0,238.4,20.6,0.76,Partially cloudy
2024-10-26,32.0,20.0,26.2,31.4,20.0,26.1,16.0,57.1,0.0,0.0,rain,36.4,20.5,336.0,1008.4,66.5,10.0,238.0,20.6,0.79,Partially cloudy
2024-10-27,28.0,20.0,23.9,27.7,20.0,23.9,16.6,66.1,1.956,4.17,rain,47.9,25.9,340.8,1010.3,94.4,10.0,48.3,4.3,0.82,"Rain, Overcast"
2024-10-28,25.0,20.6,22.5,25.0,20.6,22.5,17.5,73.8,2.178,8.33,rain,34.2,20.5,358.8,1011.9,91.1,10.0,44.0,3.8,0.86,"Rain, Overcast"
2024-10-29,27.0,21.0,24.2,27.9,21.0,24.4,18.1,69.2,0.231,4.17,rain,31.3,18.4,355.9,1011.6,72.7,9.9,80.9,7.1,0.89,"Rain, Partially cloudy"
2024-10-30,32.0,21.5,26.1,32.9,21.5,26.6,19.2,67.7,0.011,4.17,rain,23.4,14.8,356.2,1011.7,46.0,10.2,186.1,16.0,0.92,"Rain, Partially cloudy"
2024-10-31,32.0,22.0,26.5,35.1,22.0,27.7,21.6,76.2,0.0,0.0,noprecip,18.0,9.4,339.3,1010.1,10.0,8.6,217.0,18.7,0.96,Clear
2024-11-01,33.0,22.0,27.4,32.3,22.0,27.5,19.0,64.7,0.0,0.0,noprecip,27.0,16.6,19.5,1012.3,1.8,9.4,227.5,19.6,0.0,Clear
2024-11-02,31.0,20.0,25.5,29.8,20.0,25.2,15.5,58.1,0.0,0.0,noprecip,29.2,20.5,51.4,1016.9,6.0,9.6,228.9,19.7,0.02,Clear
2024-11-03,27.1,20.0,24.4,27.5,20.0,24.5,17.0,65.2,0.0,0.0,noprecip,21.6,16.6,2.7,1017.5,51.5,9.5,150.3,12.9,0.06,Partially cloudy
2024-11-04,28.0,23.0,25.0,28.9,23.0,25.2,18.9,69.6,0.003,4.17,rain,26.6,14.8,358.5,1017.5,74.0,9.3,57.8,5.1,0.09,"Rain, Partially cloudy"
2024-11-05,27.0,21.8,24.0,27.7,21.8,24.1,19.0,74.7,1.204,12.5,rain,18.7,16.6,1.1,1019.1,63.5,8.6,44.0,3.8,0.13,"Rain, Partially cloudy"
2024-11-06,28.0,22.0,25.1,28.3,22.0,25.2,17.5,64.1,0.0,0.0,noprecip,21.6,16.6,356.6,1019.4,61.3,9.1,73.6,6.3,0.16,Partially cloudy
2024-11-07,29.1,23.0,25.5,29.2,23.0,25.6,17.3,61.6,0.0,0.0,noprecip,23.0,16.6,50.8,1019.1,20.2,8.9,191.9,16.4,0.2,Partially cloudy
2024-11-08,29.0,19.0,24.3,28.8,19.0,24.2,16.7,65.6,0.0,0.0,noprecip,19.8,11.2,347.7,1017.7,5.0,8.4,212.4,18.3,0.23,Clear
2024-11-09,30.0,19.0,24.3,30.4,19.0,24.5,17.5,68.0,0.0,0.0,noprecip,18.4,11.2,334.8,1015.3,2.6,7.7,216.0,18.6,0.25,Clear
2024-11-10,32.0,19.0,25.0,31.0,19.0,25.0,16.7,62.8,0.0,0.0,noprecip,22.3,13.0,320.1,1015.2,1.3,7.6,214.9,18.6,0.3,Clear
2024-11-11,32.0,20.0,26.0,32.9,20.0,26.5,18.5,65.3,0.0,0.0,noprecip,16.9,9.4,334.7,1014.1,4.3,8.8,207.3,17.8,0.34,Clear
2024-11-12,31.0,21.9,26.6,33.1,21.9,27.9,21.0,72.5,0.0,0.0,noprecip,18.4,11.2,146.4,1012.6,13.1,7.5,193.7,16.9,0.37,Clear
2024-11-13,32.0,22.7,26.7,34.9,22.7,27.9,21.6,75.4,0.0,0.0,noprecip,24.1,14.8,120.3,1011.0,9.8,6.9,202.2,17.4,0.41,Clear
2024-11-14,31.0,23.0,27.0,35.0,23.0,28.7,22.5,77.9,0.0,0.0,noprecip,17.3,14.8,124.4,1010.5,44.6,5.9,151.3,13.1,0.44,Partially cloudy
2024-11-15,32.0,24.0,27.4,36.8,24.0,29.3,23.1,78.7,0.0,0.0,noprecip,19.8,14.8,113.3,1009.6,37.4,7.0,149.7,13.0,0.48,Partially cloudy
2024-11-16,31.5,24.6,27.5,34.6,24.6,29.2,23.0,78.1,0.3,12.5,rain,22.7,18.4,114.4,1010.9,38.2,8.8,139.9,11.9,0.5,"Rain, Partially cloudy"
2024-11-17,32.0,23.0,27.2,34.3,23.0,28.3,21.5,73.5,0.0,0.0,noprecip,24.1,11.2,82.0,1013.5,21.3,7.6,217.4,18.7,0.54,Partially cloudy
2024-11-18,30.0,22.7,25.6,33.2,22.7,26.4,21.0,76.3,4.4,50.0,rain,29.9,25.9,64.8,1015.9,39.7,8.2,97.2,8.4,0.58,"Rain, Partially cloudy"
2024-11-19,30.0,23.0,26.0,30.8,23.0,26.2,18.4,64.0,0.0,0.0,noprecip,24.1,18.4,44.4,1017.2,29.8,9.8,171.4,14.7,0.61,Partially cloudy
2024-11-20,28.0,20.0,24.3,28.0,20.0,24.3,16.7,64.2,0.0,0.0,noprecip,28.1,18.4,69.5,1018.0,34.7,9.7,164.6,14.3,0.64,Partially cloudy
2024-11-21,26.0,19.0,22.5,26.0,19.0,22.5,15.1,63.6,0.0,0.0,noprecip,24.8,18.4,35.1,1018.2,11.4,10.0,187.6,16.3,0.67,Clear
2024-11-22,27.0,20.0,23.1,27.1,20.0,23.1,14.5,59.4,0.0,0.0,noprecip,26.6,14.8,27.5,1018.4,55.1,9.7,198.9,17.2,0.71,Partially cloudy
2024-11-23,26.0,20.0,23.3,26.0,20.0,23.3,15.3,61.7,0.0,0.0,noprecip,21.6,16.6,58.2,1018.7,48.5,9.6,133.3,11.5,0.75,Partially cloudy
2024-11-24,25.0,19.0,22.5,25.0,19.0,22.5,17.6,74.5,0.002,4.17,rain,21.2,11.2,61.0,1017.9,68.3,8.3,110.5,9.6,0.77,"Rain, Partially cloudy"
2024-11-25,28.0,22.0,24.2,29.2,22.0,24.5,19.6,76.2,1.3,12.5,rain,15.8,9.4,69.7,1017.1,74.2,7.2,108.0,9.3,0.8,"Rain, Partially cloudy"
2024-11-26,23.4,19.0,21.0,23.4,19.0,21.0,16.2,74.5,1.3,12.5,rain,41.0,22.3,3.8,1019.1,92.7,9.4,21.8,1.9,0.84,"Rain, Overcast"
2024-11-27,22.1,19.9,20.5,22.1,19.9,20.5,12.6,61.3,0.0,0.0,noprecip,28.4,16.6,7.2,1021.2,83.2,10.0,61.1,5.2,0.87,Partially cloudy
2024-11-28,22.7,18.0,19.9,22.7,18.0,19.9,9.3,50.6,0.0,0.0,noprecip,30.6,20.5,351.6,1024.1,60.4,10.1,167.3,14.5,0.9,Partially cloudy
2024-11-29,26.0,17.7,21.0,26.0,17.7,21.0,10.0,52.3,0.0,0.0,noprecip,23.0,13.0,349.0,1021.4,21.1,9.9,191.6,16.5,0.93,Partially cloudy
2024-11-30,25.1,15.0,20.4,25.1,15.0,20.4,12.0,60.3,0.0,0.0,noprecip,18.4,13.0,113.3,1016.7,30.5,9.2,194.3,16.7,0.97,Partially cloudy
2024-12-01,26.0,15.0,20.7,26.0,15.0,20.7,15.5,73.6,0.0,0.0,noprecip,25.2,16.6,126.1,1013.1,36.2,7.7,173.4,14.9,0.0,Partially cloudy
2024-12-02,26.0,20.0,22.6,26.0,20.0,22.6,17.5,73.5,0.3,8.33,rain,18.0,13.0,98.7,1013.4,78.9,8.9,97.6,8.5,0.03,"Rain, Partially cloudy"
2024-12-03,27.4,21.0,23.8,28.6,21.0,23.9,19.7,78.3,0.6,20.83,rain,22.7,18.4,116.1,1013.8,80.2,9.0,109.1,9.3,0.07,"Rain, Partially cloudy"
2024-12-04,27.0,21.0,23.5,27.9,21.0,23.7,19.1,77.5,0.5,20.83,rain,28.4,16.6,123.9,1014.4,73.9,9.3,65.1,5.5,0.1,"Rain, Partially cloudy"
2024-12-05,27.0,20.0,23.3,27.9,20.0,23.3,18.7,76.5,0.0,0.0,noprecip,31.7,24.6,125.9,1014.5,51.5,8.5,79.7,6.8,0.14,Partially cloudy
2024-12-06,23.9,19.0,21.5,23.9,19.0,21.5,18.9,85.6,0.004,4.17,rain,29.2,18.4,68.0,1014.3,81.6,6.9,55.3,4.7,0.18,"Rain, Partially cloudy"
2024-12-07,20.4,18.0,18.9,20.4,18.0,18.9,14.4,75.2,0.2,4.17,rain,29.2,22.3,27.1,1017.8,98.1,9.0,32.3,2.7,0.21,"Rain, Overcast"
2024-12-08,18.0,16.0,17.0,18.0,16.0,17.0,10.4,65.2,0.4,16.67,rain,24.5,20.5,17.1,1021.7,98.4,10.0,42.6,3.7,0.25,"Rain, Overcast"
2024-12-09,21.0,16.0,18.2,21.0,16.0,18.2,12.0,67.5,0.0,0.0,noprecip,13.3,9.4,20.5,1018.2,96.1,11.2,83.1,7.2,0.28,Overcast
2024-12-10,25.0,17.5,20.5,25.0,17.5,20.5,16.4,77.8,0.3,12.5,rain,17.3,11.2,62.3,1013.7,89.9,5.8,73.6,6.3,0.32,"Rain, Partially cloudy"
2024-12-11,20.1,17.0,19.0,20.1,17.0,19.0,15.4,80.4,2.976,8.33,rain,45.7,24.1,8.4,1016.3,96.0,7.2,79.7,6.8,0.35,"Rain, Overcast"
2024-12-12,17.7,16.0,16.7,17.7,16.0,16.7,11.0,69.3,0.4,16.67,rain,20.5,18.4,7.3,1018.5,100.0,10.0,32.9,2.7,0.39,"Rain, Overcast"
2024-12-13,18.3,15.0,16.5,18.3,15.0,16.5,10.2,66.6,0.1,4.17,rain,29.9,22.3,10.7,1021.6,98.6,9.9,42.6,3.7,0.42,"Rain, Overcast"
2024-12-14,17.0,15.0,16.2,17.0,15.0,16.2,7.7,57.5,0.0,0.0,noprecip,32.0,22.3,16.7,1025.9,95.3,9.8,22.2,2.0,0.46,Overcast
2024-12-15,18.0,14.0,16.0,18.0,14.0,16.0,6.9,55.9,0.004,8.33,rain,24.5,14.8,356.8,1026.5,78.2,9.6,24.6,2.1,0.5,"Rain, Partially cloudy"
2024-12-16,22.0,13.9,16.8,22.0,13.9,16.8,7.9,58.2,0.002,4.17,rain,22.0,11.2,331.3,1023.5,44.9,10.9,143.5,12.3,0.53,"Rain, Partially cloudy"
2024-12-17,22.4,15.0,18.5,22.4,15.0,18.5,8.9,55.2,0.0,0.0,noprecip,16.6,14.8,41.8,1020.3,28.3,8.3,183.8,15.8,0.56,Partially cloudy
2024-12-18,24.0,16.0,19.6,24.0,16.0,19.6,8.3,49.4,0.0,0.0,noprecip,27.7,20.5,14.5,1021.2,35.7,9.4,159.9,13.7,0.59,Partially cloudy
2024-12-19,23.0,12.0,17.5,23.0,12.0,17.5,7.8,56.3,0.0,0.0,noprecip,25.9,16.6,55.9,1021.3,17.0,9.3,151.2,13.1,0.62,Clear
2024-12-20,22.0,12.6,17.6,22.0,12.6,17.6,9.2,59.9,0.0,0.0,noprecip,24.5,18.4,113.8,1019.4,24.7,8.7,181.0,15.5,0.66,Partially cloudy
2024-12-21,22.0,15.7,17.8,22.0,15.7,17.8,10.1,61.7,0.0,0.0,noprecip,17.6,13.0,20.5,1020.0,53.6,7.8,135.7,11.7,0.69,Partially cloudy
2024-12-22,22.0,12.0,17.1,22.0,12.0,17.1,9.3,63.7,0.0,0.0,noprecip,22.3,13.0,96.9,1020.3,26.1,6.9,192.7,16.6,0.72,Partially cloudy
2024-12-23,22.3,11.0,16.5,22.3,11.0,16.5,9.2,64.9,0.0,0.0,noprecip,21.6,11.2,22.8,1019.8,3.2,6.7,194.6,16.7,0.75,Clear
2024-12-24,21.3,14.1,18.5,21.3,14.1,18.5,8.5,53.2,0.0,0.0,noprecip,24.1,16.6,0.6,1021.1,42.5,8.5,177.4,15.3,0.78,Partially cloudy
2024-12-25,25.0,17.0,20.1,25.0,17.0,20.1,11.5,58.9,0.0,0.0,noprecip,16.6,13.0,108.6,1020.1,29.4,6.7,184.4,15.9,0.82,Partially cloudy
2024-12-26,24.0,18.0,20.8,24.0,18.0,20.8,12.9,61.0,0.0,0.0,noprecip,24.1,13.0,14.5,1021.9,89.5,8.1,112.3,9.8,0.85,Partially cloudy
2024-12-27,20.3,16.9,18.5,20.3,16.9,18.5,12.6,68.9,0.002,4.17,rain,28.1,20.5,27.0,1024.3,98.5,9.6,41.5,3.6,0.88,"Rain, Overcast"
2024-12-28,23.0,14.9,18.7,23.0,14.9,18.7,9.4,57.2,0.011,4.17,rain,29.2,18.4,358.8,1025.9,57.1,10.9,129.1,11.1,0.91,"Rain, Partially cloudy"
2024-12-29,22.0,15.0,18.0,22.0,15.0,18.0,9.9,60.6,0.0,0.0,noprecip,31.7,16.6,120.6,1021.5,21.7,8.4,191.3,16.5,0.94,Partially cloudy
2024-12-30,21.0,13.0,17.6,21.0,13.0,17.6,12.6,73.5,0.0,0.0,rain,20.2,11.2,3.8,1020.6,66.9,6.2,84.9,7.3,0.98,Partially cloudy
2024-12-31,20.1,14.7,18.1,20.1,14.7,18.1,12.3,69.9,0.0,0.0,noprecip,24.8,18.4,349.7,1021.1,52.8,6.1,81.7,7.1,0.0,Partially cloudy
2025-01-01,25.0,12.0,17.9,25.0,12.0,17.9,12.5,73.7,0.0,0.0,noprecip,17.6,13.0,132.5,1017.3,12.2,5.1,193.0,16.7,0.05,Clear
2025-01-02,24.5,14.7,19.4,24.5,14.7,19.4,13.6,71.3,0.0,0.0,noprecip,16.2,9.4,27.1,1018.4,23.8,5.0,189.6,16.3,0.08,Partially cloudy
2025-01-03,26.0,15.0,20.2,26.0,15.0,20.2,12.4,64.3,0.0,0.0,noprecip,26.6,13.0,34.8,1019.8,9.6,7.0,190.7,16.4,0.12,Clear
2025-01-04,24.0,13.0,18.8,24.0,13.0,18.8,11.9,66.1,0.0,0.0,noprecip,24.5,14.8,130.9,1018.9,10.6,6.8,168.0,14.6,0.15,Clear
2025-01-05,24.5,14.1,19.0,24.5,14.1,19.0,11.1,63.8,0.0,0.0,noprecip,25.9,11.2,278.9,1020.4,15.0,6.8,195.8,16.8,0.19,Clear
2025-01-06,24.0,13.0,18.6,24.0,13.0,18.6,10.8,63.5,0.0,0.0,noprecip,22.0,16.6,99.0,1017.8,9.4,6.3,199.7,17.1,0.22,Clear
2025-01-07,23.0,13.0,18.3,23.0,13.0,18.3,13.4,74.6,0.0,0.0,rain,22.3,11.2,113.8,1017.3,36.8,5.5,127.7,11.2,0.25,Partially cloudy
2025-01-08,24.0,17.0,20.1,24.0,17.0,20.1,15.4,75.4,0.6,20.83,rain,22.7,16.6,111.8,1018.0,71.1,7.2,102.1,8.9,0.3,"Rain, Partially cloudy"
2025-01-09,23.0,17.0,19.5,23.0,17.0,19.5,11.3,60.4,0.0,0.0,noprecip,38.2,20.5,47.6,1021.3,56.5,8.3,74.2,6.5,0.33,Partially cloudy
2025-01-10,18.0,15.0,16.5,18.0,15.0,16.5,6.5,51.8,0.0,0.0,noprecip,31.7,20.5,24.0,1027.9,35.2,10.0,103.6,8.8,0.37,Partially cloudy
2025-01-11,19.0,12.0,15.6,19.0,12.0,15.6,5.3,51.0,0.0,0.0,noprecip,33.5,22.3,13.6,1030.5,23.7,9.9,94.6,8.0,0.4,Partially cloudy
2025-01-12,21.0,8.9,14.5,21.0,8.9,14.5,3.4,53.2,0.0,0.0,noprecip,26.6,16.6,343.3,1026.9,3.7,10.5,211.0,18.3,0.44,Clear
2025-01-13,21.1,7.0,14.9,21.1,7.0,14.9,6.6,60.6,0.0,0.0,noprecip,24.1,9.4,135.0,1022.0,2.8,8.8,211.5,18.2,0.47,Clear
2025-01-14,22.0,12.0,16.3,22.0,12.0,16.3,10.9,72.3,0.0,0.0,noprecip,17.6,11.2,2.3,1021.1,14.7,7.4,200.4,17.1,0.5,Clear
2025-01-15,24.1,15.0,19.5,24.1,15.0,19.5,10.7,60.3,0.1,4.17,rain,30.6,16.6,57.5,1024.2,30.7,7.9,75.6,6.4,0.54,"Rain, Partially cloudy"
2025-01-16,23.5,13.0,18.6,23.5,13.0,18.6,7.6,51.3,0.0,0.0,noprecip,26.6,20.5,30.9,1024.7,13.3,8.9,168.1,14.6,0.57,Clear
2025-01-17,22.0,11.7,17.4,22.0,11.7,17.4,10.4,66.8,0.0,0.0,noprecip,30.6,18.4,122.1,1021.0,5.9,7.2,210.9,18.2,0.6,Clear
2025-01-18,18.0,13.0,16.0,18.0,13.0,16.0,11.0,72.9,0.0,0.0,noprecip,21.2,14.8,346.9,1019.1,64.8,6.5,112.8,9.5,0.64,Partially cloudy
2025-01-19,23.0,15.7,18.3,23.0,15.7,18.3,11.6,66.6,0.0,0.0,noprecip,19.1,13.0,265.5,1017.1,39.3,6.4,183.6,15.9,0.67,Partially cloudy
2025-01-20,24.0,15.0,19.1,24.0,15.0,19.1,11.6,63.4,0.0,0.0,noprecip,19.4,11.2,88.8,1015.5,19.1,6.1,203.7,17.6,0.7,Clear
2025-01-21,25.0,14.0,19.3,25.0,14.0,19.3,12.1,66.5,0.0,0.0,noprecip,29.2,18.4,122.6,1014.9,7.8,7.4,208.8,18.1,0.73,Clear
2025-01-22,22.3,16.0,19.0,22.3,16.0,19.0,15.5,81.3,0.3,12.5,rain,18.4,14.8,97.3,1015.3,78.5,5.2,66.2,5.7,0.75,"Rain, Partially cloudy"
2025-01-23,22.5,18.0,19.9,22.5,18.0,19.9,16.9,83.2,0.0,0.0,rain,25.2,20.5,119.5,1014.4,86.2,6.5,71.7,6.2,0.8,Partially cloudy
2025-01-24,24.1,18.0,20.5,24.1,18.0,20.5,18.3,87.4,0.1,4.17,rain,29.2,20.5,114.1,1011.2,89.6,5.6,100.6,8.7,0.83,"Rain, Partially cloudy"
2025-01-25,24.0,20.0,21.8,24.0,20.0,21.8,19.3,86.1,1.4,4.17,rain,29.5,20.5,121.8,1012.7,94.3,7.7,60.7,5.3,0.86,"Rain, Overcast"
2025-01-26,21.0,14.0,16.1,21.0,14.0,16.1,9.7,66.9,1.9,4.17,rain,49.0,38.9,17.2,1023.3,63.8,9.4,25.0,2.0,0.89,"Rain, Partially cloudy"
2025-01-27,19.0,14.0,15.6,19.0,14.0,15.6,3.0,44.1,0.0,0.0,noprecip,23.8,22.3,13.5,1023.7,18.4,10.0,89.9,7.8,0.93,Clear
2025-01-28,17.5,12.0,14.6,17.5,12.0,14.6,3.3,47.8,0.0,0.0,noprecip,26.6,20.5,24.4,1025.0,25.1,9.9,151.1,13.2,0.96,Partially cloudy
2025-01-29,19.0,11.0,14.3,19.0,11.0,14.3,6.1,59.5,0.0,0.0,noprecip,22.7,11.2,337.9,1023.4,21.6,9.2,185.5,16.0,0.0,Partially cloudy
2025-01-30,23.0,10.5,17.0,23.0,10.5,17.0,10.3,66.4,0.0,0.0,noprecip,35.3,18.4,127.6,1016.3,30.9,10.5,145.4,12.4,0.02,Partially cloudy
2025-01-31,25.0,17.9,20.6,25.0,17.9,20.6,16.8,80.3,0.1,4.17,rain,33.5,20.5,123.5,1012.5,75.0,8.8,106.7,9.3,0.06,"Rain, Partially cloudy"
2025-02-01,24.0,18.7,20.5,24.0,18.7,20.5,18.2,86.9,2.6,8.33,rain,31.3,18.4,123.1,1010.8,95.1,7.6,94.7,8.0,0.1,"Rain, Overcast"
2025-02-02,24.0,19.9,21.4,24.0,19.9,21.4,17.9,80.5,0.9,25.0,rain,31.0,18.4,130.9,1012.0,96.0,9.9,63.2,5.6,0.13,"Rain, Overcast"
2025-02-03,20.0,15.0,17.0,20.0,15.0,17.0,10.4,65.8,3.6,33.33,rain,31.7,27.7,35.0,1020.0,80.6,10.0,30.2,2.8,0.17,"Rain, Partially cloudy"
2025-02-04,20.0,15.0,17.0,20.0,15.0,17.0,6.2,49.7,0.0,0.0,noprecip,25.9,18.4,78.3,1021.8,22.0,10.7,112.6,9.7,0.2,Partially cloudy
2025-02-05,19.0,15.0,16.7,19.0,15.0,16.7,11.4,70.9,0.0,0.0,noprecip,19.8,18.4,107.4,1017.0,76.8,9.1,84.0,7.3,0.25,Partially cloudy
2025-02-06,16.5,14.0,15.4,16.5,14.0,15.4,14.4,93.8,1.8,4.17,rain,19.4,13.5,53.6,1015.6,100.0,4.7,40.8,3.6,0.27,"Rain, Overcast"
2025-02-07,17.0,13.0,14.5,17.0,13.0,14.5,10.2,76.7,2.6,4.17,rain,27.0,18.4,27.6,1021.7,100.0,9.0,36.9,3.3,0.31,"Rain, Overcast"
2025-02-08,16.0,13.0,14.3,16.0,13.0,14.3,7.5,63.9,0.4,12.5,rain,27.0,20.5,36.8,1025.0,78.5,10.0,42.4,3.6,0.34,"Rain, Partially cloudy"
2025-02-09,17.5,12.7,14.7,17.5,12.7,14.7,5.8,55.8,0.0,0.0,noprecip,21.2,16.6,56.3,1023.6,80.5,10.0,95.2,8.2,0.38,Partially cloudy
2025-02-10,18.0,12.9,15.4,18.0,12.9,15.4,8.5,64.4,0.0,0.0,noprecip,15.8,11.2,50.1,1020.4,89.0,8.7,142.5,12.3,0.42,Partially cloudy
2025-02-11,23.5,15.0,18.4,23.5,15.0,18.4,13.2,72.2,0.0,0.0,rain,26.3,16.6,144.1,1017.0,89.8,7.0,109.4,9.3,0.45,Partially cloudy
2025-02-12,22.0,16.0,19.1,22.0,16.0,19.1,16.1,83.0,0.1,4.17,rain,15.1,13.0,296.6,1016.8,85.1,5.3,91.1,7.9,0.5,"Rain, Partially cloudy"
2025-02-13,22.5,18.0,19.4,22.5,18.0,19.4,15.7,79.8,1.3,16.67,rain,29.5,18.4,32.3,1017.5,64.6,7.7,82.9,7.2,0.52,"Rain, Partially cloudy"
2025-02-14,22.0,18.0,19.9,22.0,18.0,19.9,16.8,82.6,0.0,0.0,rain,22.7,16.6,115.2,1015.4,93.5,7.2,65.9,5.8,0.55,Overcast
2025-02-15,23.0,19.0,20.6,23.0,19.0,20.6,18.9,90.2,0.1,4.17,rain,26.3,20.5,122.5,1013.2,95.5,4.4,59.7,5.2,0.59,"Rain, Overcast"
2025-02-16,21.0,15.0,16.8,21.0,15.0,16.8,15.3,90.9,5.2,4.17,rain,23.0,22.3,43.3,1016.9,98.5,8.0,32.1,2.8,0.62,"Rain, Overcast"
2025-02-17,17.5,15.0,16.0,17.5,15.0,16.0,14.5,90.9,1.9,4.17,rain,15.1,14.8,22.4,1019.3,99.3,6.6,80.3,6.9,0.65,"Rain, Overcast"
2025-02-18,16.5,15.0,15.4,16.5,15.0,15.4,14.3,93.3,5.0,4.17,rain,19.1,14.8,31.2,1020.3,98.3,6.9,39.3,3.2,0.68,"Rain, Overcast"
2025-02-19,16.9,15.0,15.7,16.9,15.0,15.7,15.0,95.4,0.6,4.17,rain,14.0,9.4,35.9,1019.0,98.5,4.0,41.8,3.6,0.71,"Rain, Overcast"
2025-02-20,21.0,16.0,18.4,21.0,16.0,18.4,17.4,93.9,0.6,4.17,rain,23.4,11.2,112.1,1018.7,95.5,3.2,81.1,7.0,0.75,"Rain, Overcast"
2025-02-21,21.3,17.0,18.9,21.3,17.0,18.9,17.5,91.6,1.6,4.17,rain,21.2,16.6,62.0,1019.6,93.6,5.4,41.9,3.7,0.75,"Rain, Overcast"
2025-02-22,19.1,16.0,18.0,19.1,16.0,18.0,16.8,92.6,4.3,4.17,rain,18.4,16.6,68.0,1020.3,95.3,5.1,48.1,4.2,0.81,"Rain, Overcast"
2025-02-23,18.5,13.9,16.3,18.5,13.9,16.3,14.1,87.2,5.1,4.17,rain,27.7,24.1,37.2,1024.6,99.5,7.7,40.9,3.4,0.84,"Rain, Overcast"
2025-02-24,14.5,12.0,13.6,14.5,12.0,13.6,10.9,84.1,1.2,4.17,rain,21.6,16.6,22.1,1027.7,100.0,9.1,41.8,3.6,0.88,"Rain, Overcast"
2025-02-25,15.0,13.0,13.9,15.0,13.0,13.9,12.6,92.3,11.4,4.17,rain,15.1,9.4,20.9,1025.8,98.0,7.4,34.0,3.0,0.91,"Rain, Overcast"
2025-02-26,17.5,13.0,14.9,17.5,13.0,14.9,13.0,88.8,1.2,4.17,rain,15.8,13.0,42.9,1022.8,97.9,8.2,53.5,4.7,0.94,"Rain, Overcast"
2025-02-27,21.0,15.0,18.1,21.0,15.0,18.1,15.7,86.5,0.0,0.0,noprecip,24.8,16.6,118.7,1017.3,95.6,5.2,125.2,10.7,0.97,Overcast
2025-02-28,23.1,18.0,20.4,23.1,18.0,20.4,17.9,86.2,0.0,0.0,rain,31.0,16.6,131.9,1015.0,98.9,5.4,123.1,10.6,0.0,Overcast
2025-03-01,25.1,20.0,21.5,25.1,20.0,21.5,19.9,90.9,0.6,4.17,rain,35.3,16.6,129.4,1011.5,94.7,6.5,139.0,12.0,0.04,"Rain, Overcast"
2025-03-02,24.5,20.0,22.1,24.5,20.0,22.1,21.0,93.4,1.2,4.17,rain,31.3,16.6,113.5,1009.6,98.1,5.2,146.4,12.6,0.08,"Rain, Overcast"
2025-03-03,27.0,21.7,23.8,29.2,21.7,23.9,21.9,89.7,0.2,4.17,rain,22.0,16.6,116.6,1008.6,97.0,6.8,163.0,14.1,0.11,"Rain, Overcast"
2025-03-04,29.0,22.6,24.9,32.0,22.6,25.5,22.2,85.8,0.1,4.17,rain,29.2,18.4,128.5,1007.2,91.6,7.3,171.8,14.8,0.15,"Rain, Overcast"
2025-03-05,28.0,21.0,23.9,30.7,21.0,24.1,21.4,86.3,0.1,4.17,rain,30.6,22.3,119.9,1008.9,98.4,6.4,72.2,6.2,0.18,"Rain, Overcast"
2025-03-06,20.0,15.0,17.3,20.0,15.0,17.3,10.5,64.8,0.604,8.33,rain,32.0,27.7,58.7,1019.0,87.0,9.9,45.8,4.0,0.25,"Rain, Partially cloudy"
2025-03-07,19.0,15.0,16.8,19.0,15.0,16.8,7.6,54.9,0.4,16.67,rain,24.1,14.8,52.7,1021.3,43.4,10.0,59.9,5.2,0.25,"Rain, Partially cloudy"
2025-03-08,18.3,14.2,16.3,18.3,14.2,16.3,10.9,70.8,0.0,0.0,noprecip,16.9,9.4,58.2,1020.3,73.9,9.4,91.4,7.8,0.29,Partially cloudy
2025-03-09,21.1,16.0,18.4,21.1,16.0,18.4,14.9,80.4,0.3,8.33,rain,17.6,11.2,99.5,1020.4,92.1,5.7,64.0,5.6,0.32,"Rain, Overcast"
2025-03-10,22.1,18.0,19.9,22.1,18.0,19.9,17.8,88.3,0.4,12.5,rain,20.5,13.0,132.5,1019.1,95.2,4.2,86.8,7.4,0.36,"Rain, Overcast"
2025-03-11,24.7,19.5,21.7,24.7,19.5,21.7,19.1,85.3,0.3,12.5,rain,28.4,18.4,125.7,1014.5,91.6,5.2,100.3,8.6,0.39,"Rain, Overcast"
2025-03-12,26.0,20.7,22.4,26.0,20.7,22.4,20.8,91.4,0.1,4.17,rain,30.2,20.5,122.5,1011.4,97.4,5.0,98.8,8.4,0.43,"Rain, Overcast"
2025-03-13,24.0,22.0,22.9,24.0,22.0,22.9,22.1,94.9,1.6,4.17,rain,34.6,18.4,122.8,1011.2,98.5,4.7,72.8,6.3,0.46,"Rain, Overcast"
2025-03-14,27.9,22.7,24.7,31.5,22.7,25.2,22.6,88.6,0.1,4.17,rain,28.8,22.3,122.4,1010.8,93.1,6.8,102.3,8.8,0.5,"Rain, Overcast"
2025-03-15,27.5,21.7,24.6,30.5,21.7,25.0,21.6,84.1,0.1,4.17,rain,35.6,29.5,93.0,1012.7,93.3,6.8,65.1,5.7,0.53,"Rain, Overcast"
2025-03-16,22.0,18.0,20.2,22.0,18.0,20.2,11.2,56.7,11.1,4.17,rain,27.4,22.3,46.8,1019.3,45.3,10.0,102.7,9.0,0.56,"Rain, Partially cloudy"
2025-03-17,20.0,17.0,18.1,20.0,17.0,18.1,10.7,63.2,0.1,4.17,rain,23.4,13.0,86.4,1020.6,35.4,10.0,110.9,9.7,0.6,"Rain, Partially cloudy"
2025-03-18,20.0,16.0,18.2,20.0,16.0,18.2,9.2,56.3,0.0,0.0,noprecip,26.3,14.8,15.8,1023.9,38.3,9.9,92.1,7.9,0.63,Partially cloudy
2025-03-19,22.6,16.0,19.4,22.6,16.0,19.4,8.9,51.9,0.0,0.0,noprecip,28.8,18.4,332.3,1025.7,30.0,10.0,251.9,21.7,0.66,Partially cloudy
2025-03-20,26.0,17.0,21.0,26.0,17.0,21.0,9.4,50.4,0.0,0.0,noprecip,22.7,11.2,291.9,1024.0,23.7,9.9,277.5,24.1,0.7,Partially cloudy
2025-03-21,27.0,14.6,21.3,26.4,14.6,21.2,9.8,51.0,0.0,0.0,noprecip,24.1,16.6,144.6,1021.9,7.0,8.8,281.6,24.3,0.73,Clear
2025-03-22,27.0,16.0,21.7,27.0,16.0,21.7,12.9,59.8,0.0,0.0,noprecip,23.8,14.8,109.1,1019.5,2.7,9.2,283.5,24.5,0.75,Clear
2025-03-23,28.0,18.0,22.2,28.1,18.0,22.3,17.0,74.4,0.0,0.0,noprecip,28.8,18.4,132.7,1016.8,37.2,7.7,276.9,23.9,0.79,Partially cloudy
2025-03-24,30.0,19.0,23.8,30.9,19.0,24.1,18.3,73.2,0.0,0.0,noprecip,28.8,18.4,126.5,1013.2,10.2,6.5,266.4,22.9,0.83,Clear
2025-03-25,27.3,20.0,23.5,29.2,20.0,23.8,19.5,79.1,0.0,0.0,noprecip,30.2,16.6,110.6,1008.1,45.7,6.1,235.3,20.4,0.86,Partially cloudy
2025-03-26,26.0,21.5,23.4,26.0,21.5,23.4,20.4,83.5,0.0,0.0,noprecip,29.9,20.5,129.7,1005.5,91.7,7.3,248.6,21.6,0.89,Overcast
2025-03-27,25.5,22.0,23.6,25.5,22.0,23.6,22.2,91.9,0.0,0.0,noprecip,28.1,18.4,120.2,1002.9,98.4,5.3,242.9,21.0,0.93,Overcast
2025-03-28,29.0,23.0,25.3,32.8,23.0,26.2,23.0,87.8,0.2,4.17,rain,37.1,20.5,116.7,1006.6,90.9,5.8,137.0,12.0,0.96,"Rain, Overcast"
2025-03-29,25.0,14.0,18.2,25.0,14.0,18.2,15.4,84.0,3.0,4.17,rain,38.2,31.7,48.8,1015.0,98.7,8.4,41.8,3.5,0.0,"Rain, Overcast"
2025-03-30,18.0,13.0,15.3,18.0,13.0,15.3,9.8,70.3,0.2,4.17,rain,25.6,18.4,36.9,1021.3,98.3,10.0,60.6,5.4,0.03,"Rain, Overcast"
2025-03-31,19.0,14.0,16.6,19.0,14.0,16.6,9.1,61.8,0.0,0.0,noprecip,23.0,14.8,25.1,1020.4,77.1,10.0,130.4,11.4,0.06,Partially cloudy
2025-04-01,23.0,16.0,19.4,23.0,16.0,19.4,10.7,57.5,0.0,0.0,noprecip,23.4,13.0,318.3,1019.2,37.8,9.9,196.3,17.1,0.09,Partially cloudy
2025-04-02,26.0,18.0,21.3,26.0,18.0,21.3,13.8,63.9,0.0,0.0,noprecip,18.0,18.4,282.5,1018.7,25.6,7.6,264.1,22.8,0.13,Partially cloudy
2025-04-03,27.0,19.0,22.6,27.0,19.0,22.6,13.8,58.3,0.0,0.0,noprecip,29.5,20.5,141.2,1017.5,15.3,10.7,287.0,24.5,0.16,Clear
2025-04-04,26.0,18.0,22.0,26.0,18.0,22.0,17.2,75.0,0.0,0.0,noprecip,36.0,20.5,120.0,1013.2,55.8,8.8,182.6,15.7,0.2,Partially cloudy
2025-04-05,23.0,20.0,21.3,23.0,20.0,21.3,20.1,93.2,1.1,4.17,rain,18.0,16.6,79.7,1014.1,92.0,4.8,55.8,4.8,0.25,"Rain, Overcast"
2025-04-06,25.0,20.7,22.3,25.0,20.7,22.3,20.0,87.2,3.8,4.17,rain,23.4,18.4,118.0,1014.7,89.9,6.1,124.0,10.6,0.27,"Rain, Partially cloudy"
2025-04-07,24.3,20.0,21.8,24.3,20.0,21.8,20.2,90.3,1.4,4.17,rain,21.6,11.2,134.9,1015.6,90.6,5.0,81.0,7.0,0.3,"Rain, Overcast"
2025-04-08,28.0,20.7,23.9,30.7,20.7,24.4,20.7,82.6,0.0,0.0,rain,30.2,14.8,123.2,1014.6,85.4,6.1,134.7,11.5,0.33,Partially cloudy
2025-04-09,27.1,22.7,24.8,29.7,22.7,25.4,22.1,85.0,0.0,0.0,noprecip,33.8,18.4,126.9,1010.7,95.6,6.9,133.6,11.5,0.37,Overcast
2025-04-10,28.0,23.0,24.5,31.3,23.0,25.1,22.6,89.5,0.2,4.17,rain,25.2,22.3,120.2,1007.1,97.4,5.5,103.1,9.0,0.4,"Rain, Overcast"
2025-04-11,28.0,23.0,25.2,32.0,23.0,26.0,23.2,89.6,0.3,4.17,rain,25.9,18.4,119.5,1005.3,96.3,5.5,195.3,16.9,0.44,"Rain, Overcast"
2025-04-12,30.0,23.0,26.0,35.2,23.0,27.6,22.2,80.5,0.1,4.17,rain,51.5,25.9,20.7,1008.3,74.8,6.5,238.3,20.6,0.47,"Rain, Partially cloudy"
2025-04-13,27.0,20.6,23.1,26.5,20.6,23.1,14.5,60.5,1.9,4.17,rain,40.3,18.4,308.9,1017.0,35.2,9.9,248.5,21.4,0.5,"Rain, Partially cloudy"
2025-04-14,29.0,20.0,24.2,28.6,20.0,24.1,14.9,57.8,0.2,8.33,rain,15.8,11.2,272.3,1014.6,24.7,9.7,167.6,14.5,0.54,"Rain, Partially cloudy"
2025-04-15,33.2,19.0,25.8,32.3,19.0,25.6,15.6,58.4,0.0,0.0,noprecip,21.2,18.4,149.7,1012.2,11.7,10.9,297.6,25.7,0.57,Clear
2025-04-16,32.0,20.0,25.6,31.6,20.0,25.5,16.6,60.9,0.0,0.0,noprecip,33.5,24.1,105.1,1008.9,17.6,10.7,277.9,24.1,0.61,Clear
2025-04-17,29.1,23.0,25.4,33.3,23.0,26.3,22.2,82.4,0.3,4.17,rain,29.2,20.5,117.3,1006.4,85.5,8.6,266.4,22.9,0.64,"Rain, Partially cloudy"
2025-04-18,32.0,24.0,27.0,38.9,24.0,29.3,23.9,83.9,0.1,4.17,rain,31.0,18.4,108.5,1005.3,85.0,7.1,184.4,16.0,0.68,"Rain, Partially cloudy"
2025-04-19,34.5,25.0,28.3,43.6,25.0,31.9,24.6,81.8,0.1,4.17,rain,31.0,22.3,95.2,1005.4,54.9,8.1,253.4,21.9,0.71,"Rain, Partially cloudy"
2025-04-20,34.5,25.0,28.6,43.6,25.0,32.2,24.6,80.2,0.2,4.17,rain,32.4,27.7,108.4,1006.6,59.1,10.0,247.3,21.3,0.74,"Rain, Partially cloudy"
2025-04-21,31.0,24.3,26.7,37.8,24.3,28.4,24.1,85.9,10.8,4.17,rain,35.6,22.3,119.5,1008.8,81.7,9.1,244.1,21.3,0.75,"Rain, Partially cloudy"
2025-04-22,31.0,25.0,27.4,39.2,25.0,30.8,24.8,86.3,0.0,0.0,noprecip,29.9,18.4,115.1,1007.7,91.6,6.7,259.0,22.5,0.81,Overcast
2025-04-23,34.0,25.0,28.3,43.6,25.0,32.0,24.7,81.7,15.0,16.67,rain,24.8,24.1,107.4,1005.7,64.7,8.1,270.1,23.2,0.84,"Rain, Partially cloudy"
2025-04-24,31.0,26.0,27.7,38.2,26.0,30.9,24.7,83.9,0.1,4.17,rain,23.8,18.4,97.3,1006.4,84.5,9.2,172.7,15.0,0.88,"Rain, Partially cloudy"
2025-04-25,29.0,22.0,25.8,32.0,22.0,26.9,22.0,80.1,18.5,4.17,rain,31.3,18.4,33.7,1010.3,88.9,9.6,114.8,9.9,0.91,"Rain, Partially cloudy"
2025-04-26,28.1,24.0,26.2,32.2,24.0,27.4,23.2,83.6,0.3,12.5,rain,29.9,22.3,128.2,1010.6,98.2,9.0,89.1,7.6,0.95,"Rain, Overcast"
2025-04-27,31.0,25.0,27.4,38.0,25.0,30.4,24.9,86.9,0.2,4.17,rain,28.1,22.3,120.6,1010.0,93.6,7.9,154.5,13.3,0.98,"Rain, Overcast"
2025-04-28,28.0,23.0,25.5,30.7,23.0,25.8,23.4,88.5,6.6,4.17,rain,29.5,25.9,5.2,1011.7,72.5,8.8,37.9,3.1,0.0,"Rain, Partially cloudy"
2025-04-29,28.7,24.0,25.6,32.0,24.0,26.2,23.1,86.4,0.1,4.17,rain,18.7,22.3,306.7,1012.2,56.5,7.9,206.9,17.8,0.05,"Rain, Partially cloudy"
2025-04-30,31.3,25.0,27.3,37.3,25.0,29.8,24.3,84.5,0.4,4.17,rain,28.4,13.0,112.4,1011.2,69.6,7.0,216.8,18.7,0.08,"Rain, Partially cloudy"
2025-05-01,30.0,22.0,25.8,33.3,22.0,26.9,22.8,84.2,35.4,4.17,rain,23.4,27.7,319.0,1013.5,49.4,9.0,137.1,11.9,0.11,"Rain, Partially cloudy"
2025-05-02,33.0,23.0,27.8,36.0,23.0,29.9,22.3,74.1,0.0,0.0,noprecip,22.7,16.6,144.4,1010.2,10.0,10.9,279.5,24.2,0.15,Clear
2025-05-03,33.0,25.0,28.2,40.6,25.0,31.9,24.5,81.0,0.0,0.0,noprecip,26.6,25.9,125.7,1007.3,57.7,9.1,230.3,19.7,0.18,Partially cloudy
2025-05-04,33.0,26.0,28.6,42.2,26.0,33.4,24.9,81.0,1.6,4.17,rain,29.2,18.4,125.2,1005.4,64.6,9.5,266.0,23.0,0.25,"Rain, Partially cloudy"
2025-05-05,35.0,24.0,29.5,45.2,24.0,34.6,25.5,80.9,0.0,0.0,rain,27.7,24.1,108.4,1004.6,50.0,8.4,274.7,23.6,0.25,Partially cloudy
2025-05-06,33.1,26.0,29.4,42.8,26.0,35.5,26.0,82.7,0.3,8.33,rain,25.6,22.3,114.8,1005.1,65.6,9.2,222.5,19.2,0.28,"Rain, Partially cloudy"
2025-05-07,34.0,27.0,29.9,45.4,31.2,37.5,26.4,82.2,1.2,29.17,rain,26.6,22.3,114.0,1003.5,82.7,9.8,198.9,17.0,0.32,"Rain, Partially cloudy"
2025-05-08,36.0,28.0,31.0,50.2,33.6,40.2,26.9,79.8,0.0,0.0,rain,29.2,22.3,115.4,1002.3,65.3,10.0,284.5,24.7,0.35,Partially cloudy
2025-05-09,35.0,28.0,30.7,45.4,33.6,38.0,25.8,76.5,2.2,12.5,rain,33.8,18.4,84.6,1004.8,61.8,10.0,236.6,20.6,0.38,"Rain, Partially cloudy"
2025-05-10,30.0,23.3,27.4,35.1,23.3,30.5,23.9,81.6,4.4,4.17,rain,38.5,20.5,70.4,1008.3,94.1,9.5,180.2,15.5,0.42,"Rain, Overcast"
2025-05-11,27.0,21.0,23.7,27.7,21.0,23.7,18.6,74.3,50.3,4.17,rain,41.0,18.4,3.3,1012.3,47.5,10.8,126.9,11.0,0.45,"Rain, Partially cloudy"
2025-05-12,31.0,19.0,25.3,30.3,19.0,25.3,16.8,62.5,0.0,0.0,noprecip,22.3,22.3,111.7,1010.4,14.2,11.4,321.5,27.8,0.5,Clear
2025-05-13,31.1,22.0,26.5,34.1,22.0,27.8,20.4,70.8,0.0,0.0,noprecip,29.5,24.1,118.9,1009.9,23.1,10.7,235.1,20.2,0.52,Partially cloudy
2025-05-14,31.0,25.0,27.6,37.8,25.0,30.7,24.3,83.1,0.2,8.33,rain,25.6,14.8,116.9,1010.1,73.9,9.2,193.3,16.9,0.55,"Rain, Partially cloudy"
2025-05-15,33.0,25.0,28.0,40.7,25.0,31.4,25.0,84.7,3.6,29.17,rain,23.8,18.4,121.6,1009.5,68.9,9.3,138.2,11.9,0.59,"Rain, Partially cloudy"
2025-05-16,32.0,25.0,28.1,40.7,25.0,32.3,25.2,85.0,0.2,4.17,rain,21.2,18.4,135.4,1008.4,76.7,9.3,109.5,9.5,0.62,"Rain, Partially cloudy"
2025-05-17,34.0,24.0,28.0,45.4,24.0,32.2,25.3,86.3,10.2,4.17,rain,25.9,22.3,128.4,1008.2,71.7,9.3,124.3,10.7,0.66,"Rain, Partially cloudy"
2025-05-18,34.0,25.5,28.8,43.6,25.5,33.2,25.2,81.8,5.0,4.17,rain,26.3,14.8,119.1,1007.8,58.3,10.0,146.4,12.6,0.69,"Rain, Partially cloudy"
2025-05-19,31.5,24.0,27.5,39.2,24.0,31.6,25.1,87.0,1.2,4.17,rain,25.2,18.4,105.9,1007.0,86.8,9.5,141.4,12.1,0.73,"Rain, Partially cloudy"
2025-05-20,35.0,27.0,29.4,45.4,31.2,36.4,26.4,84.5,11.2,4.17,rain,32.0,22.3,123.5,1004.9,70.8,8.9,239.6,20.7,0.75,"Rain, Partially cloudy"
2025-05-21,33.5,26.9,29.3,45.8,30.1,36.4,26.3,84.3,37.0,4.17,rain,30.6,27.7,120.4,1005.2,56.5,9.5,255.3,22.0,0.79,"Rain, Partially cloudy"
2025-05-22,33.3,26.0,29.5,43.9,26.0,36.0,25.8,80.9,0.2,8.33,rain,27.0,22.3,122.0,1004.3,55.6,9.9,199.4,17.2,0.83,"Rain, Partially cloudy"
2025-05-23,29.0,24.0,26.5,36.9,24.0,29.3,25.3,92.9,41.0,4.17,rain,22.0,16.3,86.4,1005.6,74.0,9.5,112.9,9.8,0.86,"Rain, Partially cloudy"
2025-05-24,26.1,22.0,24.5,26.1,22.0,24.5,22.3,87.9,45.0,12.5,rain,33.1,16.6,355.8,1010.6,90.5,9.1,65.6,5.6,0.9,"Rain, Overcast"
2025-05-25,26.0,20.0,23.4,26.0,20.0,23.4,19.3,78.6,7.7,4.17,rain,29.9,24.1,4.1,1014.7,77.3,9.3,68.8,6.0,0.93,"Rain, Partially cloudy"
2025-05-26,27.3,22.0,24.9,28.5,22.0,25.2,18.8,69.0,0.0,0.0,noprecip,22.7,13.0,22.3,1014.2,56.4,10.0,135.9,11.7,0.97,Partially cloudy
2025-05-27,26.0,23.0,24.4,26.0,23.0,24.4,21.5,83.8,7.6,37.5,rain,33.5,9.4,330.4,1011.6,98.3,8.6,44.7,3.9,0.0,"Rain, Overcast"
2025-05-28,32.0,23.0,27.1,38.0,23.0,30.1,23.9,84.1,1.3,4.17,rain,24.1,20.5,134.5,1007.8,75.9,7.8,204.7,17.6,0.04,"Rain, Partially cloudy"
2025-05-29,30.4,24.7,26.8,37.9,24.7,28.9,24.5,87.3,3.8,4.17,rain,32.0,24.1,47.4,1007.2,87.9,8.4,108.9,9.5,0.07,"Rain, Partially cloudy"
2025-05-30,30.9,23.0,26.6,38.3,23.0,29.4,24.0,86.6,6.3,4.17,rain,19.1,16.6,89.3,1007.3,88.0,9.7,79.0,6.9,0.1,"Rain, Partially cloudy"
2025-05-31,35.0,26.0,29.6,45.7,26.0,35.8,26.1,82.7,0.0,0.0,rain,31.0,22.3,123.7,1003.8,74.0,10.2,239.9,20.6,0.13,Partially cloudy
2025-06-01,39.5,27.0,33.0,47.3,31.2,40.2,25.3,67.5,0.0,0.0,noprecip,36.7,25.9,239.7,999.4,14.5,12.1,301.9,26.1,0.17,Clear
2025-06-02,39.0,31.0,34.6,49.0,36.6,42.8,25.0,58.3,2.0,12.5,rain,29.5,20.5,269.2,999.0,19.0,11.6,295.7,25.5,0.2,Rain
2025-06-03,33.3,26.6,30.3,42.7,26.6,36.5,25.0,74.0,15.1,4.17,rain,29.5,16.6,64.5,1003.2,62.9,10.0,157.6,13.6,0.25,"Rain, Partially cloudy"
2025-06-04,32.0,26.0,28.7,39.2,26.0,33.5,25.2,81.9,10.9,4.17,rain,20.2,13.0,53.2,1006.2,70.6,9.6,168.5,14.6,0.27,"Rain, Partially cloudy"
2025-06-05,34.3,26.0,29.7,45.5,26.0,36.1,26.0,81.3,2.5,20.83,rain,24.1,22.3,159.4,1006.6,55.0,9.6,198.1,17.1,0.3,"Rain, Partially cloudy"
2025-06-06,34.8,28.0,30.5,47.4,33.6,39.1,26.8,81.3,1.3,12.5,rain,28.1,20.5,118.4,1005.6,53.4,10.0,233.6,20.1,0.33,"Rain, Partially cloudy"
2025-06-07,34.5,27.0,29.8,47.4,30.6,38.1,26.9,84.8,18.8,4.17,rain,22.0,18.4,113.3,1004.6,70.9,10.0,237.4,20.5,0.36,"Rain, Partially cloudy"
2025-06-08,34.0,26.0,28.6,47.4,26.0,34.4,26.2,87.7,0.411,4.17,rain,19.8,16.6,100.4,1003.8,69.9,9.5,184.5,16.0,0.4,"Rain, Partially cloudy"
2025-06-09,33.0,25.0,29.2,42.2,25.0,33.9,25.0,79.1,0.2,4.17,rain,25.9,11.2,261.7,1004.0,53.9,9.9,107.7,9.4,0.43,"Rain, Partially cloudy"
2025-06-10,29.5,26.0,27.7,36.3,26.0,31.3,24.6,83.6,26.5,50.0,rain,33.8,25.9,317.0,1005.0,68.9,10.1,73.2,6.4,0.46,"Rain, Partially cloudy"
2025-06-11,33.7,25.0,28.7,42.2,25.0,32.7,24.5,78.9,2.2,12.5,rain,33.8,20.5,306.0,1004.2,30.5,9.8,274.6,23.7,0.5,"Rain, Partially cloudy"
2025-06-12,34.5,26.0,29.5,43.4,26.0,34.2,24.9,77.6,9.0,4.17,rain,35.3,16.6,342.2,1003.1,59.7,9.3,158.7,13.7,0.53,"Rain, Partially cloudy"
2025-06-13,34.0,26.9,30.1,42.2,30.7,35.9,25.0,75.1,2.0,4.17,rain,39.2,20.5,347.1,1002.1,38.8,10.6,159.2,13.8,0.57,"Rain, Partially cloudy"
2025-06-14,36.0,28.7,32.2,44.7,33.6,39.2,24.8,65.7,0.0,0.0,noprecip,25.9,16.6,34.2,1000.8,22.6,9.8,272.0,23.6,0.6,Partially cloudy
2025-06-15,37.1,24.0,30.3,50.2,24.0,37.5,26.2,80.4,4.0,4.17,rain,19.4,24.1,64.3,1001.9,35.0,10.0,273.3,23.7,0.64,"Rain, Partially cloudy"
2025-06-16,30.1,25.0,26.5,37.5,25.0,28.5,24.9,91.1,9.0,8.33,rain,22.7,13.0,11.9,1004.8,83.2,9.7,130.8,11.2,0.67,"Rain, Partially cloudy"
2025-06-17,34.0,26.0,29.1,45.8,26.0,34.9,26.1,84.9,1.032,8.33,rain,26.3,18.4,136.4,1004.3,63.3,8.0,161.6,14.0,0.71,"Rain, Partially cloudy"
2025-06-18,35.0,27.0,31.0,43.6,30.7,38.2,25.7,74.9,2.0,29.17,rain,30.2,20.5,149.0,1003.4,33.3,9.9,159.9,13.7,0.74,"Rain, Partially cloudy"
2025-06-19,35.0,29.0,31.1,45.4,35.7,39.7,26.5,78.2,0.1,4.17,rain,38.2,18.4,138.4,1002.9,57.5,9.2,234.8,20.3,0.75,"Rain, Partially cloudy"
2025-06-20,35.0,28.0,30.3,45.0,33.6,38.4,26.5,81.0,1.7,16.67,rain,29.2,18.4,122.2,1003.1,62.8,9.9,172.0,14.6,0.81,"Rain, Partially cloudy"
2025-06-21,32.1,24.0,27.7,42.1,24.0,32.6,26.1,91.2,19.5,8.33,rain,24.1,22.3,106.4,1004.4,81.4,8.8,138.6,11.9,0.85,"Rain, Partially cloudy"
