datetime,dew,humidity,precip,precipcover,preciptype,windgust,windspeed,winddir,sealevelpressure,cloudcover,visibility,solarenergy,moonphase,conditions,day_of_year_sin,day_of_year_cos
2020-01-01,17.4,79.9,0.198,4.17,rain,14.8,10.3,136.1,1023.8,83.9,5.7,4.6,0.19,Rain,0.017201575418260506,0.9998520419557735
2020-01-02,18.4,82.5,0.198,8.33,rain,21.6,15.7,92.7,1022.2,70.7,5.3,6.1,0.22,Rain,0.03439806061360801,0.9994082116062598
2020-01-03,18.5,78.0,0.8,33.33,rain,29.9,19.4,130.2,1020.2,73.2,8.9,8.1,0.25,Rain,0.051584366869408364,0.9986686402879997
2020-01-04,19.2,87.3,6.948,8.33,rain,30.2,21.4,102.8,1018.5,67.2,6.7,7.0,0.29,Rain,0.06875540848113941,0.9976335468520451
2020-01-05,19.2,88.1,2.969,8.33,rain,34.9,16.6,128.5,1017.4,69.9,6.0,9.7,0.32,Rain,0.08590610426133272,0.9963032375991965
2020-01-06,19.0,81.2,0.7,16.67,rain,40.3,23.2,125.5,1016.0,58.1,7.5,10.6,0.35,Rain,0.10303137904317879,0.9946781061893646
2020-01-07,19.9,87.4,2.869,8.33,rain,18.4,13.0,96.7,1016.2,70.3,5.6,6.2,0.38,Rain,0.1201261651823505,0.9927586335250793
2020-01-08,18.9,77.0,1.2,29.17,rain,32.4,25.0,127.2,1016.4,44.0,8.0,9.7,0.42,Rain,0.13718540405660057,0.9905453876091833
2020-01-09,19.0,76.3,0.001,4.17,rain,32.4,16.6,119.2,1014.7,68.1,8.3,11.8,0.45,Rain,0.1542040475626894,0.988039023376751
2020-01-10,18.8,74.5,0.0,0.0,noprecip,33.8,19.4,136.6,1013.1,52.5,8.5,10.7,0.48,Cloudy,0.17117705961019986,0.985240282501282
2020-01-11,17.6,79.7,1.6,37.5,rain,50.4,26.8,78.6,1014.1,73.0,7.8,10.2,0.5,Rain,0.18809941761179758,0.9821499931752291
2020-01-12,10.6,68.8,0.933,4.17,rain,21.2,19.4,23.0,1017.7,88.9,10.0,4.1,0.55,Rain,0.20496611396949532,0.9787690698649216
2020-01-13,14.3,86.7,0.297,4.17,rain,17.6,10.3,32.8,1015.7,81.5,5.0,4.5,0.59,Rain,0.22177215755648186,0.975098513039961
2020-01-14,17.2,87.9,0.297,4.17,rain,25.9,11.1,330.0,1014.7,75.0,3.3,6.0,0.62,Rain,0.23851257519407648,0.9711394088771653
2020-01-15,19.0,80.2,0.4,16.67,rain,49.0,25.9,133.1,1012.9,62.3,8.4,8.6,0.66,Rain,0.2551824131233728,0.9668929289391521
2020-01-16,18.9,78.8,3.4,33.33,rain,38.9,22.3,103.4,1014.9,70.5,9.1,8.9,0.69,Rain,0.2717767384711357,0.9623603298276545
2020-01-17,12.3,77.7,0.002,4.17,rain,19.8,22.3,39.0,1019.1,86.6,8.9,3.0,0.75,Rain,0.2882906407095177,0.9575429528116719
2020-01-18,13.5,91.0,0.397,4.17,rain,16.2,13.0,42.8,1017.9,78.1,4.6,3.4,0.76,Rain,0.3047192331091634,0.9524422234305676
2020-01-19,11.3,79.7,0.303,8.33,rain,22.0,17.5,22.0,1020.4,81.6,9.2,3.1,0.8,Rain,0.321057654185271,0.9470596510722283
2020-01-20,12.6,89.5,0.3,12.5,rain,13.7,10.3,34.3,1020.3,75.1,5.7,3.9,0.83,Rain,0.3373010691361842,0.9413968285264122
2020-01-21,16.0,88.5,0.099,4.17,rain,27.0,13.9,96.5,1018.9,76.5,3.1,6.4,0.87,Rain,0.3534446712740877,0.9354554315134164
2020-01-22,18.3,86.5,0.099,4.17,rain,32.0,13.9,190.6,1016.1,82.0,4.7,8.0,0.9,Rain,0.3694836834473831,0.9292372181882051
2020-01-23,20.0,81.7,0.5,20.83,rain,34.2,22.3,126.5,1014.0,75.5,7.9,7.9,0.94,Rain,0.38541335945432564,0.9227440286201427
2020-01-24,20.6,92.3,6.929,8.33,rain,38.5,20.4,105.4,1013.8,75.1,6.0,4.2,0.98,Rain,0.4012289854475009,0.9159777842484877
2020-01-25,15.3,85.9,58.643,16.67,rain,41.0,26.8,37.6,1014.1,72.2,8.6,3.1,0.0,Rain,0.4169258813287287,0.908940487313808
2020-01-26,8.7,63.2,8.053,4.17,rain,30.2,23.2,18.3,1018.1,69.3,10.0,14.2,0.04,Rain,0.4324994021339788,0.901634220265486
2020-01-27,7.1,60.2,0.0,0.0,noprecip,26.6,16.5,32.4,1016.9,68.5,10.0,12.1,0.07,Cloudy,0.44794493940789115,0.8940611451454876
2020-01-28,7.4,61.4,0.01,4.17,rain,24.5,17.0,23.7,1018.8,94.2,10.0,10.4,0.11,Rain,0.4632579225674917,0.88622350294858
2020-01-29,7.5,62.3,0.3,8.33,rain,25.2,14.8,358.9,1022.3,83.1,9.7,8.6,0.14,Rain,0.4784338202547012,0.8781236129591848
2020-01-30,7.3,63.2,0.0,0.0,noprecip,22.7,12.1,17.1,1021.9,16.5,9.1,16.7,0.17,Clear,0.49346814167723735,0.8697638720650646
2020-01-31,9.8,66.2,0.0,0.0,noprecip,23.8,13.0,115.5,1020.2,35.2,8.7,12.5,0.2,Cloudy,0.5083564379375122,0.8611467540480452
2020-02-01,13.1,82.7,0.099,4.17,rain,14.4,9.4,17.5,1018.9,82.5,6.3,3.6,0.24,Rain,0.5230943033491326,0.8522748088519838
2020-02-02,15.6,87.9,0.1,4.17,rain,20.9,7.6,22.1,1018.4,84.1,3.3,6.8,0.25,Rain,0.5376773767406141,0.8431506618282
2020-02-03,16.4,92.9,0.793,8.33,rain,40.3,24.1,24.1,1017.2,78.9,4.9,4.1,0.3,Rain,0.5521013427459208,0.8337770129585915
2020-02-04,12.6,90.9,4.252,12.5,rain,21.6,17.5,18.8,1019.2,70.5,8.7,2.2,0.33,Rain,0.5663619330814524,0.8241566360566663
2020-02-05,13.2,93.1,1.592,8.33,rain,15.5,11.2,37.9,1018.2,77.7,7.4,2.9,0.37,Rain,0.580454927809098,0.8142923779467267
2020-02-06,15.4,90.9,0.099,4.17,rain,19.4,10.0,314.4,1016.2,80.3,4.8,7.1,0.4,Rain,0.5943761565849831,0.804187157621448
2020-02-07,17.4,92.4,0.696,8.33,rain,26.6,14.5,327.2,1018.5,83.2,4.6,1.8,0.43,Rain,0.6081214998935418,0.7938439653781019
2020-02-08,15.6,88.3,2.969,12.5,rain,25.9,20.4,44.8,1021.8,82.9,7.8,2.6,0.46,Rain,0.6216868902665479,0.7832658619336791
2020-02-09,12.0,82.0,1.152,8.33,rain,25.9,18.4,28.8,1025.5,80.3,9.1,3.9,0.5,Rain,0.6350683134867438,0.7724559775191742
2020-02-10,12.4,78.0,0.099,4.17,rain,16.9,12.1,65.8,1021.7,77.6,8.3,9.3,0.53,Rain,0.6482618097757122,0.7614175109532997
2020-02-11,16.3,85.5,0.1,4.17,rain,23.8,14.8,102.1,1018.0,80.7,4.7,8.0,0.57,Rain,0.6612634749656386,0.7501537286959042
2020-02-12,18.4,88.9,0.397,12.5,rain,19.1,12.9,125.2,1015.1,78.3,4.0,5.9,0.6,Rain,0.6740694616546161,0.7386679638813748
2020-02-13,20.3,94.6,3.07,8.33,rain,29.5,14.8,107.6,1011.1,92.7,2.9,6.9,0.64,Rain,0.6866759803451553,0.726963615332308
2020-02-14,21.7,90.1,0.7,8.33,rain,24.5,22.3,103.2,1007.6,88.1,5.4,14.1,0.67,Rain,0.6990793005655562,0.7150441465537444
2020-02-15,22.0,84.9,0.002,4.17,rain,53.6,19.4,99.6,1009.4,68.6,7.2,11.5,0.71,Rain,0.7112757519738152,0.7029130847082615
2020-02-16,8.0,49.8,0.23,8.33,rain,40.3,28.6,26.0,1020.9,63.5,10.0,14.1,0.75,Rain,0.7232617254437388,0.6905740195722294
2020-02-17,5.8,46.3,0.0,0.0,noprecip,28.8,18.6,38.8,1026.1,75.4,10.0,13.0,0.78,Cloudy,0.7350336741329412,0.6780306024735382
2020-02-18,5.5,46.1,0.0,0.0,noprecip,19.1,16.6,84.9,1024.8,59.6,10.1,15.4,0.81,Cloudy,0.746588114532413,0.6652865452111116
2020-02-19,11.1,64.3,0.0,0.0,noprecip,16.9,10.3,62.2,1022.3,72.5,9.2,13.5,0.85,Cloudy,0.7579216274973472,0.6523456189565257
2020-02-20,16.0,85.3,0.099,4.17,rain,16.2,12.1,304.1,1022.1,76.0,3.8,6.0,0.88,Rain,0.7690308592589181,0.6392116531380588
2020-02-21,16.8,86.7,0.099,4.17,rain,30.2,13.9,288.3,1025.0,57.4,2.8,7.4,0.91,Rain,0.7799125224167177,0.6258885343075018
2020-02-22,17.1,86.0,0.1,4.17,rain,22.0,11.1,290.5,1025.5,56.4,3.6,15.4,0.95,Rain,0.7905633969115482,0.612380204990065
2020-02-23,16.1,78.5,0.0,0.0,noprecip,28.1,13.0,125.9,1022.6,36.2,6.1,17.1,0.0,Cloudy,0.8009803309782905,0.5986906625177214
2020-02-24,17.1,77.0,0.0,0.0,noprecip,31.7,18.6,121.8,1018.3,36.4,7.6,14.0,0.02,Cloudy,0.8111602420785621,0.5848239578463322
2020-02-25,18.2,80.7,0.0,0.0,noprecip,29.2,14.8,119.7,1016.5,55.9,7.4,11.5,0.05,Cloudy,0.8211001178128892,0.5707841943569036
2020-02-26,18.2,78.6,0.1,4.17,rain,22.0,14.8,108.5,1016.9,49.1,7.0,10.9,0.08,Rain,0.8307970168121247,0.5565755266413303
2020-02-27,18.2,71.5,0.6,12.5,rain,25.9,16.6,124.8,1016.8,55.9,9.5,11.8,0.12,Rain,0.8402480696078469,0.5422021592729844
2020-02-28,18.8,74.2,0.099,4.17,rain,32.0,17.5,131.6,1015.2,53.7,9.5,11.8,0.15,Rain,0.8494504794814806,0.527668345562516
2020-02-29,19.4,77.9,1.0,25.0,rain,26.6,16.6,127.2,1012.9,57.7,8.7,9.3,0.18,Rain,0.8584015232918917,0.512978386299228
2020-03-01,20.6,81.9,0.3,12.5,rain,28.1,20.4,116.6,1012.6,73.6,8.0,10.5,0.22,Rain,0.8670985522812081,0.4981366284784055
2020-03-02,20.5,83.6,0.198,4.17,rain,37.4,20.6,125.8,1013.2,81.1,9.3,9.1,0.25,Rain,0.8755389928586302,0.4831474640149687
2020-03-03,20.6,89.1,98.181,16.67,rain,34.6,21.3,113.0,1013.5,73.2,8.1,5.6,0.25,Rain,0.8837203473619977,0.4680153284438345
2020-03-04,16.9,87.2,19.317,16.67,rain,41.8,31.7,38.2,1016.7,75.3,9.2,4.2,0.32,Rain,0.8916401947968874,0.45274469960737107
2020-03-05,13.9,83.9,0.502,8.33,rain,18.4,17.5,36.9,1018.6,80.5,9.8,3.2,0.35,Rain,0.8992961915530253,0.4373400963303323
2020-03-06,16.4,82.7,0.101,4.17,rain,23.8,15.7,95.6,1014.5,82.2,6.7,12.2,0.38,Rain,0.9066860720977985,0.4218060770826634
2020-03-07,18.8,84.4,0.199,8.33,rain,23.8,12.1,118.1,1010.9,82.3,5.7,15.2,0.42,Rain,0.9138076496466615,0.40614723863057883
2020-03-08,21.0,82.3,0.099,4.17,rain,21.6,16.6,105.6,1005.3,50.4,5.5,20.0,0.45,Rain,0.9206588168102428,0.3903682146763026
2020-03-09,21.4,73.7,0.0,0.0,noprecip,26.6,12.1,70.6,1004.2,29.0,5.7,22.1,0.48,Cloudy,0.9272375462179537,0.374473674486883
2020-03-10,16.8,65.0,1.4,16.67,rain,31.0,25.0,37.8,1012.4,80.5,8.5,5.7,0.5,Rain,0.9335418911179212,0.35846832151248087
2020-03-11,16.4,69.3,0.0,0.0,noprecip,14.0,16.6,119.2,1014.3,75.1,8.6,6.1,0.55,Cloudy,0.9395699859530622,0.342356891994542
2020-03-12,19.6,84.0,0.099,4.17,rain,24.8,13.0,110.8,1011.8,86.6,5.4,13.7,0.58,Rain,0.945320046913132,0.3261441535642696
2020-03-13,22.1,85.6,0.201,8.33,rain,25.2,16.6,90.1,1012.6,80.0,5.1,12.4,0.62,Rain,0.9507903724625832,0.3098349038318025
2020-03-14,17.8,75.1,0.51,8.33,rain,27.0,18.4,40.2,1016.8,92.8,9.1,4.1,0.65,Rain,0.9559793438440766,0.2934339689665273
2020-03-15,16.4,79.3,0.8,25.0,rain,15.5,10.3,54.5,1017.4,90.0,7.4,4.7,0.69,Rain,0.9608854255574977,0.27694620226893646
2020-03-16,19.0,92.4,0.199,12.5,rain,23.0,9.4,71.2,1015.4,86.0,2.6,8.5,0.75,Rain,0.9655071658143364,0.2603764827344581
2020-03-17,20.7,93.8,3.063,12.5,rain,31.0,19.4,61.3,1014.9,90.9,3.2,8.6,0.75,Rain,0.969843196967294,0.24372971360968387
2020-03-18,17.5,92.7,11.892,8.33,rain,26.6,20.4,41.5,1013.4,78.0,7.0,3.2,0.79,Rain,0.9738922359149924,0.22701082094141847
2020-03-19,17.0,85.7,1.745,8.33,rain,23.0,15.7,358.5,1014.0,84.6,8.2,4.0,0.82,Rain,0.9776530844816641,0.2102247521189836
2020-03-20,17.9,79.1,0.2,8.33,rain,20.5,18.4,94.5,1013.2,80.5,8.7,8.9,0.86,Rain,0.981124629771712,0.19337647441020586
2020-03-21,21.0,84.1,0.004,8.33,rain,27.4,17.5,129.0,1011.8,74.0,6.2,11.5,0.89,Rain,0.984305844499033,0.17647097349152166
2020-03-22,22.7,85.5,2.977,12.5,rain,24.8,19.4,129.3,1011.7,80.3,6.8,12.1,0.93,Rain,0.9871957872910085,0.15951325197263655
2020-03-23,22.2,86.6,2.078,8.33,rain,29.5,14.7,122.5,1012.3,63.8,6.5,10.6,0.96,Rain,0.9897936029670716,0.14250832791617088
2020-03-24,21.2,78.4,0.396,4.17,rain,34.9,22.3,130.8,1011.6,50.6,8.2,16.1,0.0,Rain,0.992098522791769,0.12546123335273648
2020-03-25,22.0,81.0,7.0,54.17,rain,40.7,25.9,145.9,1009.7,62.0,9.2,13.8,0.03,Rain,0.9941098647022418,0.10837701279187609
2020-03-26,22.7,80.2,0.989,4.17,rain,31.7,23.2,138.8,1008.9,75.6,10.0,16.9,0.06,Rain,0.9958270335100595,0.09126072172931188
2020-03-27,23.1,80.9,0.2,8.33,rain,24.1,18.4,123.2,1008.6,74.5,9.5,17.8,0.1,Rain,0.9972495210773451,0.07411742515094437
2020-03-28,22.5,81.8,4.6,45.83,rain,38.5,22.3,123.8,1009.8,79.3,8.4,3.9,0.13,Rain,0.998376906467142,0.056952196034039754
2020-03-29,22.4,86.8,0.002,4.17,rain,31.0,25.9,127.1,1008.0,87.1,7.8,8.2,0.16,Rain,0.9992088560679753,0.03977011384605572
2020-03-30,18.5,86.9,0.001,4.17,rain,32.8,26.8,63.3,1009.1,88.0,8.2,5.4,0.2,Rain,0.9997451236925734,0.022576263041545485
2020-03-31,15.7,84.0,0.793,4.17,rain,25.2,19.4,30.1,1012.2,87.9,8.6,5.4,0.23,Rain,0.9999855506507186,0.005375731557583884
2020-04-01,15.9,80.7,0.001,4.17,rain,18.0,13.0,32.4,1012.9,84.0,9.2,7.0,0.25,Rain,0.9999300657962057,-0.011826390691832589
2020-04-02,18.5,92.2,0.796,12.5,rain,14.8,8.5,42.6,1012.9,84.8,5.3,4.9,0.3,Rain,0.9995786855478958,-0.029025013321975237
2020-04-03,20.1,93.9,1.401,8.33,rain,24.1,19.4,43.6,1013.2,85.4,4.2,6.4,0.33,Rain,0.9989315138848577,-0.046215046983708354
2020-04-04,16.8,86.0,2.406,12.5,rain,27.4,20.5,29.7,1016.3,80.3,9.0,4.0,0.37,Rain,0.9979887423155984,-0.06339140486951038
2020-04-05,13.5,74.4,0.409,8.33,rain,23.4,16.6,9.0,1018.5,88.3,10.0,4.6,0.4,Rain,0.9967506498213929,-0.08054900421874167
2020-04-06,14.9,85.2,1.397,8.33,rain,22.7,10.3,3.2,1016.7,81.9,9.0,8.4,0.44,Rain,0.9952176027737294,-0.09768276782171598
2020-04-07,15.6,78.8,0.606,8.33,rain,21.6,11.2,7.6,1015.6,65.9,8.6,11.1,0.47,Rain,0.9933900548258936,-0.11478762552212701
2020-04-08,17.6,84.8,4.063,4.17,rain,15.5,9.4,274.3,1016.0,60.7,5.5,10.9,0.5,Rain,0.9912685467787256,-0.13185851571739118
2020-04-09,18.6,78.7,0.0,0.0,noprecip,23.0,13.0,207.5,1016.4,51.6,5.8,12.5,0.54,Cloudy,0.9888537064205885,-0.1488903868564548
2020-04-10,20.0,79.2,0.1,4.17,rain,28.1,15.9,96.3,1014.7,73.9,6.7,13.9,0.57,Rain,0.986146248341595,-0.16587819893463143
2020-04-11,21.9,81.8,1.9,12.5,rain,27.4,13.9,103.8,1013.3,65.0,5.8,14.0,0.6,Rain,0.9831469737221499,-0.1828169249850199
2020-04-12,16.6,80.1,25.821,12.5,rain,43.9,25.9,19.6,1018.4,60.0,9.0,12.7,0.64,Rain,0.9798567700958665,-0.1997015525660636
2020-04-13,13.4,82.2,7.028,12.5,rain,30.6,15.7,313.6,1020.9,70.3,9.7,15.8,0.67,Rain,0.9762766110869321,-0.21652708524481437
2020-04-14,13.1,70.3,0.0,0.0,noprecip,18.7,13.8,204.6,1017.1,33.5,9.2,21.5,0.7,Cloudy,0.9724075561219968,-0.23328854407545518
2020-04-15,16.7,74.3,0.0,0.0,noprecip,33.8,19.4,108.0,1014.1,71.6,7.0,20.2,0.75,Cloudy,0.9682507501166718,-0.2499809690726521
2020-04-16,20.5,85.3,0.4,12.5,rain,33.8,13.0,107.6,1011.2,81.1,5.0,10.4,0.77,Rain,0.9638074231367307,-0.26659942067929354
2020-04-17,22.5,89.7,0.201,12.5,rain,30.6,17.5,130.6,1011.3,81.4,6.9,9.4,0.8,Rain,0.9590788900341131,-0.28313898122818354
2020-04-18,22.6,80.5,0.495,4.17,rain,31.3,21.4,125.0,1010.2,65.7,8.6,15.2,0.84,Rain,0.9540665500578387,-0.2995947563972602
2020-04-19,23.6,86.1,0.0,0.0,noprecip,25.9,18.5,104.5,1009.3,76.0,7.3,15.1,0.87,Cloudy,0.9487718864399473,-0.31596187665790293
2020-04-20,23.6,82.2,0.099,4.17,rain,27.7,18.4,124.9,1009.8,69.9,8.4,13.8,0.9,Rain,0.9431964659565866,-0.33223549871590435
2020-04-21,24.1,84.5,0.099,4.17,rain,33.5,20.5,111.5,1008.9,76.7,7.2,18.3,0.94,Rain,0.9373419384643772,-0.3484108069446808
2020-04-22,22.4,87.4,1.088,8.33,rain,31.0,18.5,85.1,1011.1,73.7,7.9,7.9,0.97,Rain,0.9312100364121947,-0.3644830148102912
2020-04-23,17.6,82.3,4.065,8.33,rain,27.7,24.1,40.2,1015.8,79.5,9.8,3.7,0.0,Rain,0.9248025743285089,-0.38044736628785164
2020-04-24,15.0,84.7,21.905,12.5,rain,26.6,18.4,356.9,1020.6,70.1,9.1,4.9,0.04,Rain,0.9181214482844365,-0.39629913726891813
2020-04-25,15.0,79.4,1.586,12.5,rain,21.6,9.3,320.2,1019.7,65.7,9.2,7.9,0.07,Rain,0.9111686353326631,-0.41203363695942635
2020-04-26,16.5,81.0,0.495,8.33,rain,27.4,13.9,303.5,1019.9,60.6,9.0,8.5,0.11,Rain,0.9039461929224011,-0.42764620926777464
2020-04-27,16.2,68.7,0.099,4.17,rain,25.9,13.9,291.4,1018.2,36.7,8.6,24.7,0.14,Rain,0.8964562582905575,-0.44313223418263453
2020-04-28,17.0,62.9,0.0,0.0,noprecip,16.2,13.9,121.1,1016.2,31.6,9.1,25.3,0.18,Cloudy,0.8887010478292915,-0.45848712914008766
2020-04-29,19.1,69.2,1.2,8.33,rain,20.2,14.2,115.6,1015.1,27.0,8.3,22.2,0.21,Rain,0.8806828564301475,-0.47370635037968
2020-04-30,20.9,76.7,0.099,4.17,rain,25.6,13.9,117.8,1013.7,49.1,8.6,17.9,0.25,Rain,0.8724040568049612,-0.48878539428899265
2020-05-01,22.1,87.6,11.093,8.33,rain,34.2,13.0,98.6,1010.9,68.3,7.3,14.1,0.25,Rain,0.8638670987837349,-0.503719798736334
2020-05-02,22.4,76.8,0.0,0.0,noprecip,25.6,16.6,130.7,1008.5,54.0,7.6,15.7,0.32,Cloudy,0.8550745085896932,-0.518505144391157
2020-05-03,24.1,79.8,0.0,0.0,noprecip,25.6,16.6,129.3,1007.9,70.8,9.0,19.5,0.35,Cloudy,0.8460288880917339,-0.533137056031809
2020-05-04,24.9,77.4,0.0,0.0,noprecip,29.9,25.9,119.7,1007.3,59.0,9.0,21.8,0.39,Cloudy,0.8367329140344921,-0.5476112038402312
2020-05-05,25.3,80.1,0.0,0.0,noprecip,32.8,21.4,113.0,1006.3,68.8,8.6,24.0,0.42,Cloudy,0.8271893372462497,-0.5619233046832195
2020-05-06,24.9,80.9,0.0,0.0,noprecip,30.2,21.4,105.2,1005.1,58.6,9.8,24.7,0.46,Cloudy,0.8174009818249189,-0.5760691233798758
2020-05-07,25.6,82.9,0.0,0.0,noprecip,33.1,18.4,96.0,1004.4,79.5,9.1,24.6,0.5,Cloudy,0.8073707443023492,-0.5900444739548627
2020-05-08,25.2,81.3,0.0,0.0,noprecip,28.8,30.5,101.0,1004.3,63.7,9.6,23.9,0.52,Cloudy,0.7971015927871943,-0.6038452208771035
2020-05-09,24.5,80.2,8.015,8.33,rain,23.8,17.5,97.7,1006.4,52.9,8.5,25.7,0.56,Rain,0.7865965660866021,-0.6174672802835514
2020-05-10,24.7,72.4,0.099,4.17,rain,23.4,19.4,100.3,1006.8,44.2,8.6,25.4,0.59,Rain,0.7758587728069828,-0.6309066211876704
2020-05-11,25.4,79.5,1.0,4.17,rain,31.0,20.5,114.4,1008.1,70.4,9.5,20.1,0.62,Rain,0.7648913904341226,-0.6441592666722685
2020-05-12,23.4,78.9,36.158,8.33,rain,25.9,13.9,84.4,1010.5,66.0,9.7,6.9,0.66,Rain,0.753697664392914,-0.6572212950663319
2020-05-13,23.7,81.1,8.212,4.17,rain,35.6,23.1,147.2,1009.4,70.0,8.9,20.3,0.69,Rain,0.742280907086982,-0.6700888411055113
2020-05-14,22.4,73.2,3.063,4.17,rain,37.1,18.6,122.2,1007.2,61.5,9.7,22.4,0.75,Rain,0.7306444969184916,-0.6827580970759147
2020-05-15,24.8,78.4,0.0,0.0,noprecip,50.0,23.2,123.0,1004.1,68.4,9.5,23.0,0.75,Cloudy,0.7187918772884232,-0.6952253139408722
2020-05-16,24.5,79.2,2.968,4.17,rain,28.8,21.4,115.1,1004.2,62.7,9.4,21.1,0.79,Rain,0.7067265555776158,-0.7074868024503348
2020-05-17,24.0,76.1,50.4,50.0,rain,29.5,35.3,106.1,1003.8,63.9,9.9,13.1,0.82,Rain,0.6944521021088763,-0.719538934232584
2020-05-18,23.6,74.9,2.375,8.33,rain,27.0,17.7,79.3,1003.2,54.6,10.9,14.2,0.85,Rain,0.6819721490904629,-0.7313781428679254
2020-05-19,25.2,80.3,0.992,4.17,rain,26.3,18.4,105.9,1003.2,67.0,8.5,16.6,0.88,Rain,0.6692903895412567,-0.7430009249440493
2020-05-20,25.7,70.6,0.0,0.0,noprecip,24.5,14.8,127.9,1001.2,52.9,10.9,23.3,0.92,Cloudy,0.6564105761979381,-0.7544038410927472
2020-05-21,25.0,62.1,0.0,0.0,noprecip,27.0,12.1,165.6,999.8,60.7,11.7,26.2,0.95,Cloudy,0.6433365204044917,-0.765583517007675
2020-05-22,25.4,69.8,1.2,8.33,rain,38.9,15.7,82.2,1002.8,72.1,9.7,17.4,0.98,Rain,0.6300720909843687,-0.7765366444428655
2020-05-23,24.9,80.7,3.958,4.17,rain,16.9,13.9,81.2,1005.9,67.2,8.8,10.2,0.0,Rain,0.6166212130956382,-0.7872599821916922
2020-05-24,24.8,77.5,0.297,4.17,rain,25.6,19.4,96.0,1006.1,51.0,9.2,14.2,0.05,Rain,0.6029878670694714,-0.7977503570459932
2020-05-25,25.3,73.6,8.7,12.5,rain,46.4,22.2,98.5,1005.5,50.0,9.2,22.4,0.09,Rain,0.5891760872322963,-0.8080046647350754
2020-05-26,22.5,71.3,3.067,8.33,rain,32.8,16.6,38.2,1007.8,65.8,10.0,16.0,0.12,Rain,0.5751899607119775,-0.8180198708443175
2020-05-27,22.3,79.5,6.01,8.33,rain,22.3,17.7,314.6,1010.3,57.5,9.6,15.2,0.16,Rain,0.5610336262283677,-0.8277930117131022
2020-05-28,22.8,73.4,0.1,4.17,rain,22.7,12.1,170.1,1009.4,57.6,8.9,15.1,0.19,Rain,0.5467112728685939,-0.8373211953118121
2020-05-29,24.2,73.5,0.297,8.33,rain,32.4,18.4,139.3,1006.9,48.5,8.7,16.7,0.23,Rain,0.5322271388474397,-0.8466016020976267
2020-05-30,24.3,70.7,0.1,4.17,rain,30.2,15.6,111.7,1007.0,48.0,10.1,21.7,0.25,Rain,0.5175855102531889,-0.8556314858488706
2020-05-31,25.0,71.1,0.396,4.17,rain,23.8,18.4,113.7,1006.9,58.3,9.4,23.7,0.3,Rain,0.5027907197793043,-0.8644081744776648
2020-06-01,24.2,71.4,1.187,4.17,rain,28.1,21.3,122.4,1005.6,41.0,10.0,24.1,0.34,Rain,0.4878471454423119,-0.8729290708206411
2020-06-02,23.8,69.5,1.979,4.17,rain,37.1,16.5,126.7,1004.1,48.8,10.2,25.2,0.37,Rain,0.47275920928627757,-0.881191653407483
2020-06-03,24.7,69.5,0.6,8.33,rain,24.8,22.3,90.2,1003.4,35.2,9.5,25.1,0.41,Rain,0.4575313760742512,-0.8891934772070711
2020-06-04,25.1,69.1,0.2,8.33,rain,31.7,22.3,114.0,1002.9,60.9,9.7,21.8,0.44,Rain,0.44216815196707204,-0.8969321743510065
2020-06-05,25.0,69.6,0.0,0.0,noprecip,25.2,15.7,86.4,1002.9,49.4,10.5,21.7,0.48,Cloudy,0.42667408318992467,-0.9044054548343001
2020-06-06,25.3,70.9,0.0,0.0,noprecip,22.7,13.9,96.6,1002.4,47.0,11.2,20.9,0.5,Cloudy,0.4110537546870351,-0.9116111071930239
2020-06-07,23.8,61.0,0.0,0.0,noprecip,33.8,16.6,171.8,1000.5,48.3,10.2,25.0,0.55,Cloudy,0.3953117887649151,-0.9185469991587165
2020-06-08,23.0,54.4,0.0,0.0,noprecip,36.0,18.5,209.6,1000.4,60.0,10.3,25.6,0.58,Cloudy,0.37945284372454435,-0.925211078289358
2020-06-09,23.6,61.8,0.1,4.17,rain,25.9,20.6,110.1,1003.3,77.1,9.8,22.0,0.61,Rain,0.36348161248290634,-0.9316013725767187
2020-06-10,24.7,73.0,0.495,4.17,rain,24.8,29.5,139.6,1005.1,50.8,9.9,18.0,0.64,Rain,0.3474028211842774,-0.9377159910299093
2020-06-11,24.6,78.1,4.328,8.33,rain,33.1,29.7,96.8,1004.2,63.7,9.8,19.2,0.67,Rain,0.3312212278016865,-0.9435531242349544
2020-06-12,24.0,72.6,1.01,8.33,rain,29.9,20.4,129.4,1001.7,60.0,9.9,16.6,0.71,Rain,0.31494162072895193,-0.9491110448902284
2020-06-13,24.9,72.0,8.7,8.33,rain,28.8,24.1,114.7,1001.3,47.1,10.5,22.8,0.75,Rain,0.2985688173637202,-0.9543881083175908
2020-06-14,25.0,81.4,0.001,4.17,rain,39.2,20.4,71.9,1004.0,65.7,9.8,9.2,0.77,Rain,0.2821076626819194,-0.9593827529490743
2020-06-15,24.3,84.3,18.08,12.5,rain,23.0,15.7,90.3,1006.1,65.7,8.7,8.5,0.8,Rain,0.26556302780405594,-0.9640935007889755
2020-06-16,24.9,73.8,1.1,12.5,rain,31.0,24.1,121.7,1004.2,54.8,10.9,22.3,0.84,Rain,0.24893980855376657,-0.9685189578512204
2020-06-17,24.6,70.4,1.4,16.67,rain,34.2,21.4,130.3,1002.4,68.6,11.7,22.2,0.87,Rain,0.23224292400907015,-0.9726578145718654
2020-06-18,24.9,71.1,0.5,20.83,rain,28.1,23.2,104.1,1003.5,46.9,11.3,24.3,0.9,Rain,0.21547731504673012,-0.976508846196619
2020-06-19,24.8,72.0,3.1,33.33,rain,26.3,23.2,114.2,1005.3,55.2,10.4,19.4,0.93,Rain,0.19864794288017112,-0.9800709131432666
2020-06-20,25.0,69.8,0.1,4.17,rain,30.6,25.9,136.3,1004.5,54.1,9.9,23.7,0.97,Rain,0.18175978759137534,-0.9833429613388902
2020-06-21,25.1,67.3,0.1,4.17,rain,29.2,20.4,137.4,1001.8,57.1,11.6,24.9,0.0,Rain,0.16481784665719793,-0.9863240225317866
2020-06-22,24.6,63.2,0.0,0.0,noprecip,35.3,22.3,130.2,1001.3,53.4,11.9,26.2,0.03,Cloudy,0.14782713347053048,-0.9890132145779883
2020-06-23,23.9,61.5,0.1,4.17,rain,29.9,21.4,124.5,1002.8,77.9,11.3,25.3,0.07,Rain,0.13079267585675922,-0.9914097417023038
2020-06-24,23.5,58.8,1.979,4.17,rain,29.9,16.6,141.8,1001.7,86.6,10.7,24.3,0.11,Rain,0.11371951458594969,-0.9935128947338007
2020-06-25,25.9,76.7,0.2,8.33,rain,19.8,15.7,81.3,1001.3,65.3,8.6,15.2,0.14,Rain,0.0966127018812031,-0.9953220513156602
2020-06-26,23.7,63.0,2.968,4.17,rain,32.4,27.9,143.0,1001.8,79.2,11.5,23.7,0.18,Rain,0.07947729992362097,-0.9968366760893436
2020-06-27,24.1,62.3,0.0,0.0,noprecip,34.6,25.0,134.8,1002.9,67.9,12.0,25.7,0.21,Cloudy,0.062318379354325076,-0.998056320853012
2020-06-28,24.6,65.2,0.1,4.17,rain,31.0,25.0,138.0,1003.3,54.0,12.3,25.4,0.25,Rain,0.04514101777397193,-0.9989806246941579
2020-06-29,25.5,70.6,0.099,4.17,rain,29.5,23.2,125.3,1002.8,59.5,11.0,23.3,0.28,Rain,0.02795029824021032,-0.999609314096404
2020-06-30,25.3,69.1,0.7,12.5,rain,26.3,24.1,120.4,1001.6,58.9,10.0,21.4,0.32,Rain,0.01075130776352193,-0.9999422030204416
2020-07-01,24.8,77.1,0.222,4.17,rain,25.9,15.7,90.6,1001.1,62.3,9.6,18.6,0.36,Rain,-0.00645086419810515,-0.9999791929590823
2020-07-02,25.1,76.1,0.084,4.17,rain,21.2,16.5,96.9,1001.4,51.5,9.1,14.4,0.39,Rain,-0.023651127245231586,-0.9997202729664083
2020-07-03,25.5,77.2,0.533,12.5,rain,22.7,20.5,102.6,1004.1,58.2,9.2,11.4,0.43,Rain,-0.04084439154329611,-0.9991655196610109
2020-07-04,25.2,81.2,41.56,12.5,rain,23.0,13.2,97.0,1005.5,58.9,9.5,13.0,0.46,Rain,-0.05802556932878035,-0.9983150972033183
2020-07-05,25.3,74.1,1.3,25.0,rain,24.8,25.9,119.6,1003.6,61.4,9.9,18.9,0.5,Rain,-0.07518957641475855,-0.9971692572470178
2020-07-06,25.1,70.8,1.0,8.33,rain,31.3,21.4,126.6,1003.2,54.6,10.4,21.4,0.53,Rain,-0.09233133369539122,-0.9957283388645872
2020-07-07,25.6,70.6,0.0,0.0,noprecip,35.3,25.9,138.5,1005.3,58.7,10.4,25.1,0.56,Cloudy,-0.10944576864891556,-0.993992768446958
2020-07-08,24.8,65.2,0.0,0.0,noprecip,28.1,24.1,146.7,1003.7,75.1,11.3,24.6,0.6,Cloudy,-0.12652781683868314,-0.9919630595773397
2020-07-09,23.6,58.7,0.0,0.0,noprecip,30.2,22.3,199.8,1000.3,73.8,10.0,23.7,0.63,Cloudy,-0.1435724234118113,-0.9896398128792412
2020-07-10,23.5,59.1,0.0,0.0,noprecip,29.9,18.5,210.1,1000.2,86.7,11.7,18.2,0.66,Cloudy,-0.16057454459499376,-0.9870237158387383
2020-07-11,22.8,61.6,0.194,8.33,rain,27.7,17.5,217.0,1001.9,87.4,10.1,11.0,0.69,Rain,-0.17752914918703497,-0.984115542601034
2020-07-12,23.8,67.6,0.0,0.0,noprecip,24.8,16.5,193.8,1003.0,52.7,9.8,14.1,0.73,Cloudy,-0.19443122004766195,-0.9809161537413774
2020-07-13,24.2,65.7,0.3,4.17,rain,26.3,21.4,138.1,1004.9,34.2,11.2,25.1,0.75,Rain,-0.2112757555821793,-0.9774264960104055
2020-07-14,24.0,68.3,0.4,16.67,rain,22.3,20.4,188.8,1006.1,37.4,10.7,22.8,0.79,Rain,-0.2280577712215198,-0.9736476020539838
2020-07-15,25.0,67.4,0.1,4.17,rain,30.2,24.1,134.3,1004.0,39.9,10.2,24.6,0.82,Rain,-0.24477230089725957,-0.9695805901076308
2020-07-16,25.1,68.9,0.1,4.17,rain,30.6,22.3,126.5,1003.4,55.0,10.5,23.3,0.85,Rain,-0.2614143985111562,-0.965226663665613
2020-07-17,24.6,64.9,0.0,0.0,noprecip,30.6,24.1,139.8,1003.9,65.8,11.3,25.1,0.89,Cloudy,-0.2779791393987801,-0.9605871111248129
2020-07-18,24.4,63.0,0.2,4.17,rain,29.2,20.5,152.8,1004.1,71.6,11.0,25.3,0.92,Rain,-0.2944616217868012,-0.9556633054034704
2020-07-19,24.3,63.2,4.1,16.67,rain,34.9,20.5,150.2,1003.4,67.6,11.0,24.1,0.95,Rain,-0.3108569682435036,-0.9504567035349151
2020-07-20,24.7,78.8,0.198,8.33,rain,24.5,18.6,96.1,1005.3,52.2,9.5,14.4,0.98,Rain,-0.3271603271220951,-0.9449688462364056
2020-07-21,25.0,75.7,0.693,8.33,rain,35.3,27.7,126.9,1007.3,47.4,9.5,20.3,0.0,Rain,-0.34336687399638804,-0.939201357453208
2020-07-22,24.3,69.5,0.5,12.5,rain,33.8,20.5,137.6,1007.1,36.1,10.6,23.8,0.05,Rain,-0.3594718130884232,-0.9331559438780432
2020-07-23,24.1,68.3,0.3,12.5,rain,28.1,18.4,127.4,1007.0,33.3,9.8,23.8,0.09,Rain,-0.3754703786876202,-0.9268343944460494
2020-07-24,24.4,68.8,0.0,0.0,noprecip,27.0,19.4,127.9,1007.2,37.2,9.7,21.9,0.12,Cloudy,-0.3913578365610259,-0.9202385798054075
2020-07-25,24.8,69.2,0.0,0.0,noprecip,29.9,21.4,123.0,1006.1,47.6,9.6,23.1,0.16,Cloudy,-0.4071294853542516,-0.9133704517637858
2020-07-26,24.7,74.2,0.011,4.17,rain,50.0,27.0,126.8,1004.7,72.6,9.8,23.1,0.2,Rain,-0.4227806579826773,-0.9062320427107697
2020-07-27,24.1,77.2,3.0,16.67,rain,26.3,13.0,44.2,1004.2,69.0,8.9,15.6,0.25,Rain,-0.4383067230125192,-0.898825465016444
2020-07-28,24.2,75.7,0.084,8.33,rain,22.7,17.5,78.3,1005.4,55.9,7.7,10.0,0.27,Rain,-0.45370308603134424,-0.8911529104063088
2020-07-29,24.6,74.3,8.4,37.5,rain,22.0,14.8,107.5,1005.4,51.6,8.0,19.6,0.3,Rain,-0.46896519100763184,-0.8832166493127127
2020-07-30,24.3,67.4,1.2,20.83,rain,23.4,18.5,109.1,1004.9,51.1,9.3,22.0,0.34,Rain,-0.48408852163897587,-0.8750190302029955
2020-07-31,25.1,76.1,19.81,8.33,rain,22.0,16.8,56.4,1003.3,36.5,9.0,20.3,0.38,Rain,-0.4990686026885319,-0.8665624788845385
2020-08-01,24.3,75.2,8.067,12.5,rain,36.7,21.2,3.1,999.3,72.1,9.7,5.2,0.41,Rain,-0.5139010013093103,-0.8578494977869301
2020-08-02,24.3,86.3,66.526,29.17,rain,61.2,28.6,25.8,997.7,61.8,8.5,4.8,0.45,Rain,-0.5285813283559292,-0.8488826652214553
2020-08-03,24.5,85.8,3.96,8.33,rain,21.6,17.6,57.8,999.8,69.7,9.5,6.7,0.5,Rain,-0.5431052396834317,-0.8396646346181327
2020-08-04,25.0,86.5,6.19,12.5,rain,24.1,16.5,101.1,1001.1,72.7,9.5,6.5,0.52,Rain,-0.5574684374327892,-0.8301981337405212
2020-08-05,25.1,88.3,41.863,12.5,rain,19.8,13.0,115.9,1003.3,72.5,7.7,5.0,0.55,Rain,-0.5716666713027052,-0.8204859638785327
2020-08-06,25.2,89.9,3.515,12.5,rain,22.0,14.8,102.3,1005.6,74.8,8.5,5.9,0.58,Rain,-0.5856957398073508,-0.8105309990194823
2020-08-07,24.9,87.0,35.063,12.5,rain,31.0,14.7,90.8,1005.8,63.2,9.6,14.3,0.61,Rain,-0.5995514915196489,-0.8003361849976323
2020-08-08,25.0,76.8,0.5,8.33,rain,30.2,17.5,117.9,1004.3,58.2,9.1,19.4,0.65,Rain,-0.6132298262997502,-0.7899045386224707
2020-08-09,25.7,77.2,0.297,4.17,rain,24.1,18.5,117.1,1002.4,42.9,9.1,19.3,0.68,Rain,-0.6267266965083301,-0.7792391467859886
2020-08-10,25.6,73.3,0.198,4.17,rain,22.7,18.5,134.8,1001.2,48.8,9.8,21.6,0.71,Rain,-0.6400381082043503,-0.7683431655492202
2020-08-11,24.4,75.4,28.452,8.33,rain,28.1,25.0,107.1,1001.8,48.8,10.0,22.5,0.75,Rain,-0.65316012232693,-0.7572198192083127
2020-08-12,25.7,77.8,19.852,4.17,rain,25.6,19.5,107.8,1004.0,62.5,10.2,21.5,0.78,Rain,-0.666088855860977,-0.7458723993404063
2020-08-13,24.5,84.0,14.356,8.33,rain,20.5,24.1,108.7,1005.6,69.8,9.8,11.9,0.81,Rain,-0.6788204829862355,-0.734304263829602
2020-08-14,24.0,86.2,8.486,12.5,rain,26.3,19.4,121.1,1006.1,73.0,9.1,9.4,0.84,Rain,-0.6913512362094071,-0.722518835873311
2020-08-15,24.3,84.1,0.001,4.17,rain,30.2,20.3,98.4,1005.2,66.6,9.5,17.9,0.87,Rain,-0.7036774074790128,-0.7105196029692745
2020-08-16,24.0,83.7,18.697,12.5,rain,29.9,16.6,93.8,1004.4,61.4,9.3,12.0,0.91,Rain,-0.7157953492826642,-0.6983101158835584
2020-08-17,24.0,87.3,4.948,8.33,rain,37.1,19.4,96.8,1004.5,70.5,8.3,13.6,0.94,Rain,-0.7277014757264236,-0.6858939875998223
2020-08-18,24.1,87.7,52.094,12.5,rain,29.2,18.5,92.1,1005.2,73.4,9.5,8.5,0.97,Rain,-0.7393922635959241,-0.673274892250183
2020-08-19,24.0,81.7,47.422,16.67,rain,20.2,11.2,61.2,1005.0,61.6,9.5,6.2,0.0,Rain,-0.7508642533989489,-0.6604565640279754
2020-08-20,24.3,79.3,0.1,8.33,rain,18.7,13.9,114.3,1006.4,54.3,9.1,11.6,0.04,Rain,-0.7621140503891487,-0.6474427960827475
2020-08-21,23.8,77.5,50.492,8.33,rain,23.0,12.1,116.5,1008.0,67.0,9.8,7.6,0.07,Rain,-0.7731383255706026,-0.6342374393978054
2020-08-22,24.3,79.2,6.781,12.5,rain,20.9,13.0,306.4,1007.8,56.0,9.1,12.0,0.11,Rain,-0.7839338166829201,-0.620844401650647
2020-08-23,24.6,74.5,0.099,4.17,rain,27.7,17.5,121.3,1006.1,42.2,8.9,18.8,0.15,Rain,-0.7944973291665992,-0.6072676460566135
2020-08-24,24.7,72.6,0.099,4.17,rain,38.9,22.2,139.4,1003.9,44.7,10.0,22.0,0.18,Rain,-0.8048257371083452,-0.593511190196115
2020-08-25,23.9,72.9,11.873,4.17,rain,24.8,15.7,298.5,1002.8,67.8,9.9,21.6,0.22,Rain,-0.8149159841660791,-0.5795791048257612
2020-08-26,24.1,67.6,0.1,4.17,rain,27.7,13.9,347.6,1001.4,61.4,10.1,21.9,0.25,Rain,-0.8247650844733614,-0.5654755126737576
2020-08-27,25.4,71.6,0.0,0.0,noprecip,26.6,14.8,125.4,1000.4,25.9,8.9,24.1,0.29,Cloudy,-0.8343701235229537,-0.5512045872199277
2020-08-28,26.1,76.1,1.66,8.33,rain,25.6,15.7,97.6,1001.7,36.6,9.0,20.1,0.32,Rain,-0.8437282590292712,-0.5367705514607103
2020-08-29,25.8,73.8,3.1,33.33,rain,27.0,17.5,115.1,1003.6,47.9,9.5,19.3,0.36,Rain,-0.8528367217694595,-0.522177676659508
2020-08-30,25.3,72.7,0.099,4.17,rain,27.7,14.8,108.1,1004.8,44.5,9.3,16.2,0.39,Rain,-0.8616928164028521,-0.5074302810827518
2020-08-31,25.0,73.6,2.4,25.0,rain,25.2,14.8,336.3,1006.7,51.6,9.3,15.6,0.43,Rain,-0.8702939222685674,-0.49253272872205434
2020-09-01,23.3,67.2,0.1,4.17,rain,24.5,13.0,300.3,1006.7,34.0,9.5,23.6,0.46,Rain,-0.8786374941610001,-0.4774894280028391
2020-09-02,24.7,68.5,0.099,4.17,rain,19.8,12.1,50.4,1006.7,13.9,7.1,23.6,0.5,Rain,-0.886721063082993,-0.46230483047981086
2020-09-03,25.3,73.6,0.989,4.17,rain,18.7,11.2,59.0,1007.7,24.6,6.5,19.9,0.53,Rain,-0.8945422369764496,-0.4469834295196741
2020-09-04,25.1,71.6,0.7,20.83,rain,22.0,19.5,101.5,1007.1,34.5,8.1,19.6,0.57,Rain,-0.9020987014301837,-0.43152975897147144
2020-09-05,25.0,69.9,4.1,29.17,rain,23.0,15.7,133.5,1005.1,29.2,9.0,18.7,0.6,Rain,-0.9093882203647925,-0.4159483918249421
2020-09-06,25.4,72.8,4.4,20.83,rain,24.5,25.9,120.2,1003.2,64.7,9.5,16.8,0.63,Rain,-0.9164086366943458,-0.4002439388573056
2020-09-07,23.9,85.4,33.651,8.33,rain,33.8,12.1,354.4,1005.4,73.5,9.6,6.7,0.66,Rain,-0.9231578729647039,-0.38442104726885545
2020-09-08,24.5,82.0,12.9,50.0,rain,17.6,14.8,61.2,1008.3,64.8,9.0,9.0,0.7,Rain,-0.9296339319682695,-0.3684843993077793
2020-09-09,24.8,81.2,0.032,4.17,rain,24.5,19.5,114.7,1008.2,68.2,9.2,11.9,0.73,Rain,-0.9358348973349941,-0.35243871088460327
2020-09-10,25.2,80.4,0.099,4.17,rain,27.4,14.8,119.2,1004.9,60.5,9.4,13.9,0.75,Rain,-0.9417589340994617,-0.33628873017668287
2020-09-11,24.9,79.3,8.5,45.83,rain,25.2,14.3,93.1,1005.7,44.6,9.1,8.3,0.79,Rain,-0.9474042892438845,-0.32003923622313857
2020-09-12,25.9,82.6,0.297,4.17,rain,20.2,14.8,83.5,1008.6,46.5,8.6,10.6,0.83,Rain,-0.9527692922168511,-0.30369503751065885
2020-09-13,24.9,81.2,2.194,8.33,rain,28.1,18.4,107.1,1009.8,65.6,9.5,15.2,0.86,Rain,-0.9578523554276669,-0.28726097055059635
2020-09-14,24.5,80.1,12.567,12.5,rain,26.6,15.9,121.5,1008.4,57.5,9.6,13.3,0.89,Rain,-0.9626519747161487,-0.2707418984477642
2020-09-15,25.3,78.4,0.3,8.33,rain,24.5,18.4,120.8,1007.0,60.2,9.0,15.0,0.93,Rain,-0.9671667297977312,-0.2541427094613622
2020-09-16,25.2,77.0,0.099,4.17,rain,24.1,23.2,124.7,1005.6,48.4,9.7,17.4,0.96,Rain,-0.97139528468375,-0.23746831555846842
2020-09-17,24.5,72.8,8.1,50.0,rain,24.8,15.7,73.0,1004.8,47.4,9.3,16.6,0.0,Rain,-0.9753363880767837,-0.2207236509605022
2020-09-18,20.8,67.6,0.469,12.5,rain,55.4,23.2,6.0,1006.5,78.9,10.0,11.9,0.03,Rain,-0.9789888737409319,-0.20391367068311472
2020-09-19,21.4,81.7,33.676,16.67,rain,35.3,22.3,0.7,1008.2,76.9,9.3,3.8,0.06,Rain,-0.9823516608469237,-0.18704334906991657
2020-09-20,23.1,88.0,2.48,12.5,rain,20.2,10.3,23.3,1009.4,67.2,8.0,4.7,0.1,Rain,-0.9854237542919524,-0.17011767832049052
2020-09-21,24.3,80.9,4.5,33.33,rain,28.4,17.5,127.9,1008.4,62.1,7.6,10.6,0.13,Rain,-0.9882042449941422,-0.15314166701312007
2020-09-22,25.1,85.8,0.198,8.33,rain,25.6,15.6,126.9,1007.8,59.3,8.9,8.4,0.16,Rain,-0.9906923101615609,-0.13612033862266704
2020-09-23,24.6,85.3,0.594,4.17,rain,24.8,18.4,57.3,1008.6,57.5,9.1,4.5,0.2,Rain,-0.9928872135356962,-0.11905873003404988
2020-09-24,22.1,80.3,6.926,8.33,rain,22.3,18.4,339.6,1010.9,68.7,9.7,8.0,0.25,Rain,-0.994788305609327,-0.10196189005174576
2020-09-25,23.7,76.4,0.198,4.17,rain,27.4,16.5,121.1,1007.8,62.6,9.7,14.3,0.27,Rain,-0.9963950238187231,-0.08483487790576538
2020-09-26,24.8,79.4,0.851,4.17,rain,20.5,16.8,110.8,1006.3,58.0,10.3,12.1,0.3,Rain,-0.9977068927101168,-0.06768276175455162
2020-09-27,23.2,84.1,35.169,8.33,rain,25.6,21.4,30.1,1008.6,68.5,9.8,6.6,0.34,Rain,-0.9987235240803972,-0.050510617185222886
2020-09-28,23.1,81.5,1.12,8.33,rain,24.1,13.0,33.2,1008.7,70.1,9.5,6.7,0.37,Rain,-0.9994446170919858,-0.033323525711631344
2020-09-29,24.3,77.4,0.01,4.17,rain,26.6,16.6,95.4,1006.9,55.8,8.0,12.9,0.41,Rain,-0.9998699583618592,-0.016126573270657762
2020-09-30,24.9,75.9,0.085,8.33,rain,19.1,16.6,107.9,1005.6,37.9,9.0,8.2,0.44,Rain,-0.9999994220246925,0.001075151282798226
2020-10-01,24.4,82.1,21.042,8.33,rain,23.8,16.5,95.8,1007.1,60.6,9.3,8.5,0.48,Rain,-0.999832969770105,0.018276557681691223
2020-10-02,24.5,80.3,0.095,12.5,rain,23.4,13.9,97.1,1008.0,58.4,8.2,12.7,0.5,Rain,-0.9993706508539969,0.03547255575312556
2020-10-03,24.8,87.5,8.117,8.33,rain,26.3,13.8,86.0,1009.0,49.9,8.1,10.9,0.54,Rain,-0.9986126020839734,0.052658056924614005
2020-10-04,24.7,80.6,0.21,8.33,rain,22.3,13.9,115.1,1009.0,70.6,8.6,10.5,0.58,Rain,-0.9975590477788613,0.06982797572987089
2020-10-05,24.5,82.7,0.998,8.33,rain,19.8,18.6,86.2,1009.7,48.0,9.2,5.0,0.61,Rain,-0.9962102997023297,0.0869772313136861
2020-10-06,20.7,72.2,0.004,4.17,rain,24.5,18.6,28.2,1012.8,54.9,10.0,7.4,0.64,Rain,-0.9945667569706337,0.1041007489354256
2020-10-07,18.6,67.6,0.4,16.67,rain,31.0,20.5,27.1,1014.7,61.6,10.0,14.1,0.68,Rain,-0.9926289059345095,0.121193461470736
2020-10-08,16.2,61.3,0.0,0.0,noprecip,34.6,24.1,20.7,1015.5,78.9,10.0,17.1,0.71,Cloudy,-0.9903973200352558,0.1382503109109819
2020-10-09,15.9,60.5,0.0,0.0,noprecip,38.9,21.4,9.2,1016.1,45.5,10.0,18.5,0.75,Cloudy,-0.9878726596350429,0.15526624985999563
2020-10-10,15.3,61.2,0.0,0.0,noprecip,31.7,24.1,13.0,1014.5,31.5,11.0,19.0,0.75,Cloudy,-0.9850556718215013,0.172236243027682
2020-10-11,15.4,59.6,0.0,0.0,noprecip,29.9,17.5,359.6,1011.9,55.9,10.7,16.3,0.81,Cloudy,-0.981947190186646,0.18915526872004093
2020-10-12,17.6,63.3,0.0,0.0,noprecip,32.8,19.4,338.8,1010.2,71.5,9.7,14.0,0.85,Cloudy,-0.9785481345802031,0.20601832032517084
2020-10-13,18.0,56.8,1.7,8.33,rain,37.4,21.4,4.4,1008.9,58.0,9.7,18.6,0.88,Rain,-0.9748595108374125,0.22282040779479959
2020-10-14,20.7,84.3,55.415,25.0,rain,62.3,23.2,351.2,1007.2,94.2,7.9,2.1,0.91,Rain,-0.9708824104813836,0.23955655912092708
2020-10-15,20.9,86.8,40.529,16.67,rain,38.9,19.4,3.3,1010.6,93.8,8.6,3.2,0.95,Rain,-0.9666180104000972,0.2562218218071163
2020-10-16,19.5,73.2,54.655,8.33,rain,39.6,25.0,2.6,1013.0,92.0,9.8,4.2,0.98,Rain,-0.9620675724981452,0.27281126433401914
2020-10-17,15.1,60.5,0.099,4.17,rain,34.2,21.4,355.4,1015.6,94.3,10.0,2.7,0.0,Rain,-0.957232443323312,0.28931997761869527
2020-10-18,16.2,70.2,14.17,8.33,rain,40.7,23.2,358.7,1015.8,96.8,9.5,1.9,0.05,Rain,-0.9521140536681102,0.3057430764672831
2020-10-19,15.3,66.8,0.697,8.33,rain,31.0,18.4,346.5,1016.6,99.0,10.0,2.8,0.08,Rain,-0.9467139181463862,0.3220757010206104
2020-10-20,14.1,58.4,0.099,4.17,rain,32.4,15.7,356.2,1017.1,99.2,10.0,5.6,0.11,Rain,-0.9410336347451197,0.3383130181923076
2020-10-21,13.9,54.2,0.0,0.0,noprecip,34.6,21.3,348.0,1016.4,48.2,10.0,18.6,0.15,Cloudy,-0.9350748843515574,0.3544502230989869
2020-10-22,12.0,51.7,0.0,0.0,noprecip,36.7,20.5,343.8,1013.8,30.5,10.8,20.6,0.18,Cloudy,-0.9288394302558068,0.3704825404820963
2020-10-23,12.0,54.9,0.0,0.0,noprecip,35.6,19.4,1.5,1013.8,29.2,10.9,21.0,0.25,Cloudy,-0.9223291176290545,0.3864052261209853
2020-10-24,13.1,60.2,0.0,0.0,noprecip,22.3,13.0,346.5,1014.3,41.3,10.8,20.9,0.25,Cloudy,-0.9155458729775467,0.40221356823680365
2020-10-25,16.5,71.4,0.099,4.17,rain,16.9,14.8,331.7,1014.0,81.0,9.2,4.3,0.28,Rain,-0.9084917035725082,0.41790288888678667
2020-10-26,19.1,80.6,0.104,8.33,rain,22.0,12.1,352.9,1014.2,87.6,9.1,4.3,0.32,Rain,-0.9011686968561569,0.4334685453485363
2020-10-27,21.4,80.7,0.992,4.17,rain,21.6,12.1,311.7,1012.7,49.4,8.2,13.2,0.35,Rain,-0.8935790198239952,0.4489059314938798
2020-10-28,20.9,74.8,0.625,4.17,rain,38.5,20.3,3.1,1012.5,64.8,9.1,11.6,0.38,Rain,-0.8857249183835637,0.4642104791518923
2020-10-29,18.4,76.5,18.866,12.5,rain,46.1,23.2,14.6,1015.0,92.2,9.4,2.6,0.42,Rain,-0.8776087166898392,0.4793776594606945
2020-10-30,19.5,92.2,8.948,16.67,rain,33.5,12.1,337.6,1018.1,95.7,8.4,3.5,0.45,Rain,-0.8692328164574792,0.49440298420761813
2020-10-31,19.9,86.6,2.088,8.33,rain,15.8,9.4,336.5,1017.8,73.7,8.6,2.3,0.5,Rain,-0.8605996962501181,0.5092820071573356
2020-11-01,20.7,82.1,0.0,0.0,noprecip,16.6,11.2,84.9,1015.8,60.5,5.7,11.2,0.52,Cloudy,-0.8517119107469189,0.5240103253675756
2020-11-02,19.6,79.0,2.282,4.17,rain,32.8,19.4,33.6,1016.6,58.7,6.9,6.5,0.55,Rain,-0.8425720899866032,0.5385835804920232
2020-11-03,14.0,59.9,0.001,4.17,rain,24.8,15.7,1.0,1018.8,73.9,10.0,12.3,0.59,Rain,-0.8331829385891785,0.5529974600700271
2020-11-04,14.1,60.0,0.0,0.0,noprecip,22.7,15.7,358.6,1017.7,68.4,9.7,11.2,0.62,Cloudy,-0.8235472349556007,0.5672476988027229
2020-11-05,16.9,71.0,0.0,0.0,noprecip,14.0,10.3,77.1,1016.8,35.6,7.6,12.4,0.66,Cloudy,-0.8136678304455991,0.5813300798152042
2020-11-06,19.1,75.2,0.1,4.17,rain,23.4,10.4,312.8,1018.0,28.9,5.4,13.1,0.69,Rain,-0.8035476485339116,0.5952404359043674
2020-11-07,16.7,61.5,0.0,0.0,noprecip,32.0,20.3,1.0,1018.9,33.4,9.7,15.2,0.73,Cloudy,-0.7931896839451843,0.6089746507720486
2020-11-08,14.7,54.5,0.0,0.0,noprecip,32.8,17.7,6.1,1019.2,20.6,10.0,17.8,0.75,Cloudy,-0.7825970017677834,0.6225286602431057
2020-11-09,11.9,50.2,0.0,0.0,noprecip,35.6,19.4,4.5,1018.8,2.8,10.9,18.8,0.79,Clear,-0.7717727365467837,0.6358984534680745
2020-11-10,10.0,49.4,0.0,0.0,noprecip,31.7,17.5,355.0,1019.4,69.1,9.8,18.5,0.83,Cloudy,-0.7607200913564104,0.6490800741100398
2020-11-11,11.7,52.4,0.2,4.17,rain,22.0,12.1,322.0,1020.6,59.5,9.3,10.9,0.86,Rain,-0.7494423368521953,0.6620696215153815
2020-11-12,12.1,52.6,0.0,0.0,noprecip,23.0,13.9,339.8,1019.7,21.0,10.1,16.3,0.9,Cloudy,-0.7379428103031386,0.6748632518680403
2020-11-13,11.7,52.2,0.0,0.0,noprecip,26.3,16.6,348.8,1017.8,3.8,11.0,18.4,0.93,Clear,-0.7262249146041543,0.6874571793269664
2020-11-14,11.3,52.6,0.0,0.0,noprecip,28.8,18.6,2.2,1017.5,31.9,11.2,16.8,0.97,Cloudy,-0.7142921172691032,0.699847677146407
2020-11-15,17.3,90.3,7.99,12.5,rain,35.6,18.5,313.6,1018.5,96.3,7.2,2.8,0.0,Rain,-0.7021479494046978,0.7120310787787131
2020-11-16,19.4,94.8,32.857,16.67,rain,42.8,8.5,302.8,1016.9,94.1,5.6,1.3,0.03,Rain,-0.6897960046655887,0.7240037789593305
2020-11-17,21.4,89.2,4.042,4.17,rain,27.0,18.6,130.0,1013.0,79.6,6.2,11.5,0.07,Rain,-0.6772399381909491,0.7357622347736527
2020-11-18,21.6,81.4,0.0,0.0,noprecip,28.1,13.9,123.9,1011.3,67.8,8.2,9.7,0.1,Cloudy,-0.6644834655228552,0.7473029667054297
2020-11-19,21.7,83.6,0.099,4.17,rain,16.9,12.1,127.0,1010.8,68.9,7.4,8.6,0.13,Rain,-0.6515303615068021,0.75862255966641
2020-11-20,21.9,81.5,0.0,0.0,noprecip,26.6,16.6,137.4,1011.2,72.6,7.8,11.0,0.16,Cloudy,-0.6383844591746642,0.769717664006921
2020-11-21,22.2,81.5,0.0,0.0,noprecip,24.5,19.4,125.8,1012.1,67.3,8.2,10.7,0.2,Cloudy,-0.6250496486104377,0.7805849965070866
2020-11-22,22.1,81.9,1.1,25.0,rain,22.0,14.8,109.3,1015.2,64.4,8.1,10.7,0.25,Rain,-0.6115298757991053,0.7912213413483807
2020-11-23,21.3,76.9,2.5,45.83,rain,27.7,16.6,118.3,1017.1,56.5,9.5,9.1,0.26,Rain,-0.5978291414589552,0.801623551065242
2020-11-24,20.0,76.0,0.3,12.5,rain,23.8,15.7,123.6,1017.5,69.6,7.7,4.6,0.3,Rain,-0.5839514998576998,0.8117885474764613
2020-11-25,20.0,77.4,0.4,8.33,rain,22.7,13.9,136.1,1017.0,53.9,7.3,10.3,0.33,Rain,-0.5699010576127624,0.821713322596059
2020-11-26,19.8,73.7,0.8,33.33,rain,23.0,12.1,104.0,1018.2,58.3,7.4,10.1,0.36,Rain,-0.5556819724760489,0.8313949395234058
2020-11-27,17.8,71.2,0.0,0.0,noprecip,26.3,19.4,59.0,1020.3,39.9,8.4,12.0,0.4,Cloudy,-0.5412984521036173,0.8408305333122887
2020-11-28,13.5,65.9,0.0,0.0,noprecip,32.8,20.5,33.8,1022.4,83.7,10.0,12.3,0.43,Cloudy,-0.5267547528105542,0.8500173118187018
2020-11-29,9.3,52.8,0.0,0.0,noprecip,26.6,21.4,11.7,1022.7,41.4,10.7,15.5,0.46,Cloudy,-0.5120551783114646,0.8589525565270845
2020-11-30,8.4,48.9,0.0,0.0,noprecip,29.5,22.3,21.2,1022.9,45.1,11.4,15.7,0.5,Cloudy,-0.4972040784469378,0.8676336233547726
2020-12-01,9.1,52.4,0.0,0.0,noprecip,23.4,18.4,35.2,1022.2,74.3,9.4,9.5,0.53,Cloudy,-0.4822058478963526,0.8760579434344281
2020-12-02,11.7,64.6,0.2,8.33,rain,22.7,14.8,17.5,1021.2,63.7,8.4,6.7,0.56,Rain,-0.46706492487743034,0.8842230238742036
2020-12-03,10.3,55.5,0.1,4.17,rain,28.8,18.4,28.0,1021.6,69.8,9.9,9.9,0.6,Rain,-0.451785789832884,0.8921264484954345
2020-12-04,8.5,55.2,0.0,0.0,noprecip,25.9,18.6,22.2,1022.4,71.6,9.9,10.7,0.63,Cloudy,-0.4363729641045924,0.8997658785476209
2020-12-05,7.2,57.6,0.0,0.0,noprecip,24.1,20.5,29.1,1022.7,33.7,10.1,15.3,0.67,Cloudy,-0.42083100859565564,0.9071390534005044
2020-12-06,9.3,65.5,0.0,0.0,noprecip,17.3,10.4,97.0,1020.5,0.7,9.8,16.6,0.7,Clear,-0.4051645224207563,0.9142437912130223
2020-12-07,11.0,63.8,0.0,0.0,noprecip,27.0,15.7,348.9,1021.9,43.9,8.2,15.1,0.74,Cloudy,-0.3893781415452015,0.9210779895789526
2020-12-08,11.2,64.2,0.0,0.0,noprecip,25.9,16.6,350.4,1021.1,14.9,8.0,14.6,0.75,Clear,-0.37347653741307074,0.9276396261490467
2020-12-09,12.2,69.5,0.0,0.0,noprecip,16.2,13.0,78.9,1017.3,25.8,7.0,15.6,0.81,Cloudy,-0.3574644155648614,0.9339267592294762
2020-12-10,13.6,67.9,0.0,0.0,noprecip,21.6,9.4,43.4,1016.8,25.3,6.3,13.1,0.84,Cloudy,-0.34134651424503615,0.9399375283564133
2020-12-11,15.8,75.5,0.0,0.0,noprecip,23.4,19.4,111.0,1014.9,60.5,5.4,13.0,0.88,Cloudy,-0.3251276029999093,0.9456701548465688
2020-12-12,17.0,73.6,0.1,4.17,rain,23.4,15.7,121.4,1013.4,63.4,6.5,6.6,0.91,Rain,-0.30881248126625377,0.9511229423235357
2020-12-13,19.2,80.3,0.3,12.5,rain,20.2,14.7,123.2,1010.9,59.0,6.2,9.0,0.95,Rain,-0.29240597695107734,0.9562942772197719
2020-12-14,18.0,78.7,0.001,4.17,rain,40.7,25.0,54.6,1014.9,89.1,6.7,2.7,0.0,Rain,-0.27591294500296043,0.9611826292540837
2020-12-15,9.9,75.9,0.272,16.67,rain,25.9,21.4,40.4,1021.6,95.4,9.2,2.2,0.02,Rain,-0.2593382659754056,0.9657865518844574
2020-12-16,7.1,67.7,0.2,12.5,rain,24.1,17.5,24.3,1024.1,98.2,10.0,3.5,0.05,Rain,-0.2426868445825954,0.9701046827361175
2020-12-17,6.5,65.4,0.1,4.17,rain,20.2,16.6,18.6,1022.8,96.1,10.0,5.9,0.08,Rain,-0.22596360824801906,0.974135744004672
2020-12-18,6.6,66.2,0.099,4.17,rain,30.2,21.4,0.6,1024.1,83.2,9.7,4.6,0.11,Rain,-0.20917350564635637,0.9778785428342386
2020-12-19,4.6,51.6,0.0,0.0,noprecip,31.3,18.5,356.5,1026.1,94.9,10.0,7.6,0.15,Cloudy,-0.19232150523909483,0.9813319716704275
2020-12-20,3.3,44.6,0.0,0.0,noprecip,33.8,21.4,359.0,1026.5,79.1,10.0,10.8,0.18,Cloudy,-0.17541259380427843,0.9844950085880858
2020-12-21,2.2,40.0,0.0,0.0,noprecip,34.9,18.4,353.6,1024.3,39.5,9.8,16.2,0.21,Cloudy,-0.15845177496083632,0.9873667175937016
2020-12-22,7.3,51.2,0.0,0.0,noprecip,20.9,8.5,287.3,1020.0,48.9,8.9,8.5,0.25,Cloudy,-0.14144406768794202,0.9899462489023779
2020-12-23,10.1,58.7,0.0,0.0,noprecip,18.0,13.9,73.8,1017.4,89.8,8.0,10.0,0.28,Cloudy,-0.12439450483979998,0.9922328391893008
2020-12-24,11.1,60.9,0.0,0.0,noprecip,19.4,12.1,13.6,1017.6,60.3,8.8,7.4,0.31,Cloudy,-0.10730813165636247,0.9942258118156161
2020-12-25,12.2,64.5,0.0,0.0,noprecip,17.6,12.9,98.2,1017.5,36.4,7.3,9.9,0.34,Cloudy,-0.09019000427034513,0.9959245770286599
2020-12-26,14.7,76.2,0.0,0.0,noprecip,16.9,11.2,71.0,1015.9,80.4,5.5,8.9,0.37,Cloudy,-0.07304518821104743,0.9973286321364752
2020-12-27,17.9,89.4,0.297,8.33,rain,16.2,11.2,40.3,1014.7,79.1,3.6,2.8,0.41,Rain,-0.05587875690537313,0.9984375616565666
2020-12-28,19.1,86.1,0.104,12.5,rain,31.0,18.1,116.6,1012.1,81.8,5.1,6.6,0.44,Rain,-0.03869579017652689,0.9992510374388481
2020-12-29,18.8,79.9,0.198,8.33,rain,51.8,17.5,110.1,1013.7,68.5,7.4,8.1,0.47,Rain,-0.021501372740813793,0.999768818762748
2020-12-30,5.2,43.8,2.975,8.33,rain,44.6,30.6,34.6,1023.2,92.7,9.8,3.7,0.5,Rain,-0.004300592702981974,0.9999907524084426
2020-12-31,1.5,42.5,0.0,0.0,noprecip,29.2,16.5,52.9,1026.1,50.3,9.7,13.3,0.54,Cloudy,0.012901459949419653,0.9999167727021953
2021-01-01,-0.4,42.6,0.0,0.0,noprecip,24.8,14.8,9.5,1025.5,8.0,9.3,17.4,0.57,Clear,0.017201575418260506,0.9998520419557735
2021-01-02,3.9,56.8,0.0,0.0,noprecip,16.2,9.4,76.2,1022.1,0.0,7.4,17.4,0.61,Clear,0.03439806061360801,0.9994082116062598
2021-01-03,5.6,55.0,0.0,0.0,noprecip,22.3,18.4,55.1,1021.8,27.8,7.7,11.3,0.64,Cloudy,0.051584366869408364,0.9986686402879997
2021-01-04,6.1,50.4,0.0,0.0,noprecip,17.3,9.5,19.9,1021.2,46.6,8.6,12.7,0.68,Cloudy,0.06875540848113941,0.9976335468520451
2021-01-05,10.0,63.3,0.0,0.0,noprecip,16.2,11.2,347.3,1020.3,90.3,5.4,8.1,0.72,Cloudy,0.08590610426133272,0.9963032375991965
2021-01-06,10.0,65.9,0.0,0.0,noprecip,19.4,13.0,11.4,1019.1,88.0,7.0,7.1,0.75,Cloudy,0.10303137904317879,0.9946781061893646
2021-01-07,7.7,64.0,0.004,4.17,rain,27.4,20.5,29.7,1020.1,90.0,7.9,4.4,0.79,Rain,0.1201261651823505,0.9927586335250793
2021-01-08,2.1,54.3,0.7,25.0,rain,30.2,22.3,17.9,1025.6,97.1,10.0,3.5,0.82,Rain,0.13718540405660057,0.9905453876091833
2021-01-09,-2.0,42.5,0.0,0.0,noprecip,24.8,14.8,28.6,1025.2,92.5,10.0,7.1,0.86,Cloudy,0.1542040475626894,0.988039023376751
2021-01-10,-1.8,41.3,0.0,0.0,noprecip,24.8,13.0,1.8,1024.3,87.4,10.0,10.8,0.89,Cloudy,0.17117705961019986,0.985240282501282
2021-01-11,-1.6,38.1,0.0,0.0,noprecip,38.5,20.5,352.5,1028.8,89.2,10.0,5.3,0.93,Cloudy,0.18809941761179758,0.9821499931752291
2021-01-12,-1.3,36.7,0.0,0.0,noprecip,28.1,16.6,316.5,1026.4,58.0,9.9,14.6,0.96,Cloudy,0.20496611396949532,0.9787690698649216
2021-01-13,3.0,47.2,0.0,0.0,noprecip,20.9,18.4,121.9,1018.6,14.8,8.3,17.6,0.0,Clear,0.22177215755648186,0.975098513039961
2021-01-14,7.5,59.7,0.0,0.0,noprecip,16.2,11.2,126.3,1017.1,13.1,7.1,16.8,0.03,Clear,0.23851257519407648,0.9711394088771653
2021-01-15,12.1,78.1,0.0,0.0,noprecip,19.1,14.8,98.7,1015.4,49.7,4.5,11.0,0.06,Cloudy,0.2551824131233728,0.9668929289391521
2021-01-16,13.3,73.6,0.1,4.17,rain,17.3,9.4,18.3,1016.0,67.7,4.6,4.8,0.1,Rain,0.2717767384711357,0.9623603298276545
2021-01-17,9.9,70.3,2.672,8.33,rain,43.9,22.3,3.6,1024.8,86.4,7.2,2.0,0.13,Rain,0.2882906407095177,0.9575429528116719
2021-01-18,3.7,47.6,0.0,0.0,noprecip,24.1,13.9,351.7,1024.3,21.9,9.6,18.1,0.16,Cloudy,0.3047192331091634,0.9524422234305676
2021-01-19,7.9,64.9,0.0,0.0,noprecip,27.4,16.6,111.0,1018.7,0.0,7.0,18.3,0.19,Clear,0.321057654185271,0.9470596510722283
2021-01-20,11.3,73.2,0.0,0.0,noprecip,18.7,11.2,77.3,1016.9,38.7,5.0,9.3,0.22,Cloudy,0.3373010691361842,0.9413968285264122
2021-01-21,13.5,80.6,0.0,0.0,noprecip,11.9,9.4,296.2,1015.9,55.9,3.6,5.7,0.25,Cloudy,0.3534446712740877,0.9354554315134164
2021-01-22,13.9,74.1,0.0,0.0,noprecip,19.1,11.2,294.4,1015.4,25.4,4.1,9.6,0.29,Cloudy,0.3694836834473831,0.9292372181882051
2021-01-23,13.2,71.4,0.0,0.0,noprecip,20.9,11.2,85.5,1014.5,19.9,4.8,11.8,0.32,Clear,0.38541335945432564,0.9227440286201427
2021-01-24,14.4,71.0,0.0,0.0,noprecip,33.1,18.4,116.0,1013.1,24.5,5.5,13.1,0.35,Cloudy,0.4012289854475009,0.9159777842484877
2021-01-25,18.1,86.2,0.1,8.33,rain,19.1,14.8,127.0,1014.9,71.7,4.3,4.4,0.38,Rain,0.4169258813287287,0.908940487313808
2021-01-26,16.9,77.0,0.8,25.0,rain,25.9,20.5,140.2,1016.1,57.0,7.3,9.1,0.42,Rain,0.4324994021339788,0.901634220265486
2021-01-27,15.7,73.6,0.0,0.0,noprecip,24.1,16.6,118.1,1015.8,89.5,8.5,7.2,0.45,Cloudy,0.44794493940789115,0.8940611451454876
2021-01-28,13.7,74.7,0.297,4.17,rain,36.4,22.3,45.7,1021.1,93.7,8.3,3.1,0.48,Rain,0.4632579225674917,0.88622350294858
2021-01-29,11.8,67.2,0.0,0.0,noprecip,18.7,14.8,104.8,1020.9,73.8,8.2,8.5,0.5,Cloudy,0.4784338202547012,0.8781236129591848
2021-01-30,14.4,82.8,0.001,4.17,rain,22.7,14.8,83.9,1019.8,81.6,5.0,6.3,0.55,Rain,0.49346814167723735,0.8697638720650646
2021-01-31,15.9,86.5,0.99,4.17,rain,20.5,9.4,99.4,1019.3,87.1,3.9,3.7,0.59,Rain,0.5083564379375122,0.8611467540480452
2021-02-01,16.7,80.8,0.3,12.5,rain,21.2,14.8,129.8,1018.2,71.8,5.7,7.4,0.62,Rain,0.5230943033491326,0.8522748088519838
2021-02-02,16.8,79.4,0.4,16.67,rain,22.3,13.0,117.7,1018.8,71.3,7.0,7.4,0.66,Rain,0.5376773767406141,0.8431506618282
2021-02-03,16.1,75.2,0.0,0.0,noprecip,21.6,16.6,129.1,1019.3,42.3,7.3,8.3,0.69,Cloudy,0.5521013427459208,0.8337770129585915
2021-02-04,16.5,80.7,0.099,4.17,rain,23.0,13.0,103.6,1020.0,51.6,6.4,7.9,0.73,Rain,0.5663619330814524,0.8241566360566663
2021-02-05,15.7,73.5,0.0,0.0,noprecip,19.4,14.8,115.2,1018.1,42.4,6.9,8.7,0.75,Cloudy,0.580454927809098,0.8142923779467267
2021-02-06,15.7,76.1,0.0,0.0,noprecip,20.5,14.8,113.6,1017.0,36.7,6.7,14.4,0.8,Cloudy,0.5943761565849831,0.804187157621448
2021-02-07,15.6,71.8,0.0,0.0,noprecip,19.1,13.0,103.4,1016.0,47.5,6.0,10.8,0.84,Cloudy,0.6081214998935418,0.7938439653781019
2021-02-08,16.6,78.4,1.984,8.33,rain,20.9,24.1,298.8,1017.6,59.2,6.7,11.4,0.87,Rain,0.6216868902665479,0.7832658619336791
2021-02-09,14.3,90.0,42.863,16.67,rain,29.9,20.5,303.2,1017.2,88.4,8.0,3.2,0.91,Rain,0.6350683134867438,0.7724559775191742
2021-02-10,12.9,75.0,0.002,4.17,rain,29.5,13.0,283.9,1015.7,39.1,6.7,16.3,0.94,Rain,0.6482618097757122,0.7614175109532997
2021-02-11,13.2,69.8,0.0,0.0,noprecip,16.2,14.8,80.7,1016.2,34.8,7.7,14.7,0.98,Cloudy,0.6612634749656386,0.7501537286959042
2021-02-12,14.5,74.4,0.0,0.0,noprecip,19.1,16.6,118.4,1017.1,52.3,7.4,7.8,0.0,Cloudy,0.6740694616546161,0.7386679638813748
2021-02-13,13.2,68.8,0.0,0.0,noprecip,25.9,16.6,114.1,1016.9,50.4,8.5,15.2,0.05,Cloudy,0.6866759803451553,0.726963615332308
2021-02-14,13.4,60.4,0.0,0.0,noprecip,17.6,13.0,148.8,1016.2,38.2,10.1,15.7,0.08,Cloudy,0.6990793005655562,0.7150441465537444
2021-02-15,17.0,82.0,0.0,0.0,noprecip,29.5,13.0,98.9,1013.7,65.4,6.7,11.6,0.11,Cloudy,0.7112757519738152,0.7029130847082615
2021-02-16,17.3,83.0,0.495,8.33,rain,23.0,11.2,75.4,1014.8,83.6,6.9,6.1,0.14,Rain,0.7232617254437388,0.6905740195722294
2021-02-17,14.2,69.8,1.5,25.0,rain,33.5,20.5,347.4,1020.1,81.7,9.2,5.3,0.17,Rain,0.7350336741329412,0.6780306024735382
2021-02-18,13.7,66.8,0.0,0.0,noprecip,16.6,11.2,290.7,1023.3,63.3,9.2,7.6,0.21,Cloudy,0.746588114532413,0.6652865452111116
2021-02-19,15.2,73.2,0.0,0.0,noprecip,18.4,13.0,134.7,1022.8,49.4,6.5,11.5,0.24,Cloudy,0.7579216274973472,0.6523456189565257
2021-02-20,12.5,62.9,0.0,0.0,noprecip,23.8,14.8,132.7,1019.4,34.8,6.2,19.3,0.25,Cloudy,0.7690308592589181,0.6392116531380588
2021-02-21,14.2,66.1,0.0,0.0,noprecip,33.1,22.3,120.4,1015.4,21.8,8.1,20.6,0.3,Cloudy,0.7799125224167177,0.6258885343075018
2021-02-22,16.9,73.6,0.1,4.17,rain,24.8,20.5,130.8,1014.5,87.1,7.6,9.7,0.33,Rain,0.7905633969115482,0.612380204990065
2021-02-23,17.2,73.3,0.0,0.0,noprecip,20.9,13.0,120.6,1014.1,89.5,7.1,13.3,0.37,Cloudy,0.8009803309782905,0.5986906625177214
2021-02-24,17.8,75.1,0.0,0.0,noprecip,38.5,22.3,137.6,1010.5,83.2,8.8,10.4,0.4,Cloudy,0.8111602420785621,0.5848239578463322
2021-02-25,19.2,79.7,0.099,4.17,rain,34.9,18.4,125.9,1006.9,91.7,8.4,11.3,0.43,Rain,0.8211001178128892,0.5707841943569036
2021-02-26,19.4,77.6,0.099,4.17,rain,34.2,16.6,120.8,1006.9,76.0,7.9,7.2,0.46,Rain,0.8307970168121247,0.5565755266413303
2021-02-27,15.8,82.0,5.937,8.33,rain,32.4,20.5,66.8,1011.5,89.0,8.6,3.5,0.5,Rain,0.8402480696078469,0.5422021592729844
2021-02-28,16.3,94.2,1.272,8.33,rain,11.2,13.0,67.1,1012.2,93.8,3.3,2.7,0.53,Rain,0.8494504794814806,0.527668345562516
2021-03-01,19.7,95.0,0.703,8.33,rain,39.2,13.0,326.8,1014.1,94.8,3.3,6.2,0.57,Rain,0.8584015232918917,0.512978386299228
2021-03-02,12.3,62.7,0.882,12.5,rain,27.4,24.1,42.7,1018.4,97.8,9.8,5.4,0.6,Rain,0.8670985522812081,0.4981366284784055
2021-03-03,14.4,79.4,0.001,4.17,rain,17.6,14.8,58.5,1018.4,92.5,7.1,3.8,0.64,Rain,0.8755389928586302,0.4831474640149687
2021-03-04,15.3,89.5,4.0,8.33,rain,18.4,11.2,48.6,1016.3,93.4,5.9,5.3,0.67,Rain,0.8837203473619977,0.4680153284438345
2021-03-05,18.2,93.8,0.694,4.17,rain,20.2,11.2,68.7,1012.9,96.0,2.7,7.7,0.71,Rain,0.8916401947968874,0.45274469960737107
2021-03-06,20.3,85.8,0.398,8.33,rain,21.2,18.4,50.2,1013.7,78.2,5.6,12.3,0.75,Rain,0.8992961915530253,0.4373400963303323
2021-03-07,17.7,73.7,0.219,4.17,rain,28.1,18.4,93.7,1016.5,77.4,8.7,5.0,0.78,Rain,0.9066860720977985,0.4218060770826634
2021-03-08,20.5,93.2,0.003,4.17,rain,23.8,18.4,130.5,1016.2,94.0,5.2,5.0,0.81,Rain,0.9138076496466615,0.40614723863057883
2021-03-09,21.8,90.7,1.5,37.5,rain,38.2,20.5,130.7,1015.7,91.6,7.1,11.3,0.85,Rain,0.9206588168102428,0.3903682146763026
2021-03-10,20.8,83.5,0.002,4.17,rain,40.3,25.9,125.9,1015.3,83.1,7.7,10.2,0.89,Rain,0.9272375462179537,0.374473674486883
2021-03-11,20.8,83.9,0.792,4.17,rain,32.8,18.4,125.2,1016.7,78.1,8.3,7.8,0.92,Rain,0.9335418911179212,0.35846832151248087
2021-03-12,20.2,79.8,0.4,12.5,rain,25.2,18.4,141.9,1017.1,64.3,7.6,14.3,0.96,Rain,0.9395699859530622,0.342356891994542
2021-03-13,20.7,86.3,0.001,4.17,rain,23.0,13.0,122.5,1016.7,59.5,6.9,11.8,0.0,Rain,0.945320046913132,0.3261441535642696
2021-03-14,19.2,79.6,0.1,4.17,rain,27.7,18.4,132.0,1014.0,31.3,7.3,12.4,0.03,Rain,0.9507903724625832,0.3098349038318025
2021-03-15,19.9,80.1,0.2,8.33,rain,36.7,18.4,133.4,1011.2,75.8,7.8,10.6,0.06,Rain,0.9559793438440766,0.2934339689665273
2021-03-16,22.0,92.3,1.984,8.33,rain,35.6,18.4,130.1,1010.9,90.9,6.0,7.8,0.09,Rain,0.9608854255574977,0.27694620226893646
2021-03-17,22.1,87.3,0.5,20.83,rain,34.9,18.4,129.9,1010.7,89.3,7.4,7.2,0.12,Rain,0.9655071658143364,0.2603764827344581
2021-03-18,22.4,89.4,0.396,8.33,rain,29.5,18.4,128.7,1010.3,90.2,6.7,9.2,0.16,Rain,0.969843196967294,0.24372971360968387
2021-03-19,22.4,87.6,0.198,8.33,rain,34.6,20.5,133.6,1009.0,93.3,7.5,10.0,0.19,Rain,0.9738922359149924,0.22701082094141847
2021-03-20,23.3,94.6,0.598,8.33,rain,30.2,14.8,129.8,1008.5,92.5,5.8,6.9,0.22,Rain,0.9776530844816641,0.2102247521189836
2021-03-21,16.6,77.5,13.905,8.33,rain,49.0,33.5,43.5,1015.2,98.0,8.0,2.9,0.25,Rain,0.981124629771712,0.19337647441020586
2021-03-22,6.5,46.2,0.1,4.17,rain,31.3,18.4,7.5,1023.9,95.1,10.0,5.4,0.29,Rain,0.984305844499033,0.17647097349152166
2021-03-23,7.9,49.2,0.0,0.0,noprecip,20.2,11.2,64.9,1020.5,49.8,9.8,18.6,0.32,Cloudy,0.9871957872910085,0.15951325197263655
2021-03-24,14.3,71.1,0.0,0.0,noprecip,22.7,11.2,120.2,1015.9,92.5,6.9,15.7,0.35,Cloudy,0.9897936029670716,0.14250832791617088
2021-03-25,18.9,92.8,0.002,4.17,rain,19.4,13.0,88.8,1013.9,98.7,3.3,5.6,0.38,Rain,0.992098522791769,0.12546123335273648
2021-03-26,21.7,93.2,0.996,12.5,rain,33.8,18.4,132.3,1011.3,95.4,5.0,6.3,0.42,Rain,0.9941098647022418,0.10837701279187609
2021-03-27,22.5,95.4,0.302,8.33,rain,33.8,18.4,131.1,1009.2,94.4,5.2,8.1,0.45,Rain,0.9958270335100595,0.09126072172931188
2021-03-28,22.8,96.3,0.607,12.5,rain,31.0,13.0,118.7,1008.2,96.5,4.6,6.4,0.48,Rain,0.9972495210773451,0.07411742515094437
2021-03-29,23.7,91.5,0.1,4.17,rain,28.1,14.8,113.4,1004.4,91.8,5.1,18.3,0.5,Rain,0.998376906467142,0.056952196034039754
2021-03-30,24.1,93.8,0.0,0.0,noprecip,24.8,14.8,98.1,1002.1,93.2,4.2,19.2,0.55,Cloudy,0.9992088560679753,0.03977011384605572
2021-03-31,24.4,91.1,0.0,0.0,noprecip,28.4,18.4,99.5,1001.7,91.0,6.1,23.3,0.58,Cloudy,0.9997451236925734,0.022576263041545485
2021-04-01,24.4,89.9,0.0,0.0,noprecip,25.6,16.6,113.2,1003.4,90.0,6.7,21.8,0.62,Cloudy,0.9999855506507186,0.005375731557583884
2021-04-02,24.6,95.3,0.105,8.33,rain,26.6,14.8,116.4,1006.5,95.1,5.2,12.5,0.65,Rain,0.9999300657962057,-0.011826390691832589
2021-04-03,24.3,94.4,0.496,8.33,rain,28.8,16.6,112.6,1009.6,93.6,6.5,5.8,0.69,Rain,0.9995786855478958,-0.029025013321975237
2021-04-04,23.5,88.7,11.1,37.5,rain,28.4,16.6,102.6,1012.1,81.6,6.2,10.9,0.75,Rain,0.9989315138848577,-0.046215046983708354
2021-04-05,21.0,90.1,7.025,8.33,rain,27.7,14.8,65.6,1015.2,82.1,8.3,13.1,0.76,Rain,0.9979887423155984,-0.06339140486951038
2021-04-06,21.7,82.8,0.198,4.17,rain,32.0,22.3,99.9,1014.8,72.7,7.6,9.8,0.79,Rain,0.9967506498213929,-0.08054900421874167
2021-04-07,22.3,82.4,0.1,4.17,rain,30.2,18.4,128.3,1012.9,60.0,8.3,12.6,0.83,Rain,0.9952176027737294,-0.09768276782171598
2021-04-08,23.0,83.6,0.645,4.17,rain,34.9,20.5,121.7,1011.0,75.6,8.1,16.7,0.86,Rain,0.9933900548258936,-0.11478762552212701
2021-04-09,18.5,86.9,10.191,8.33,rain,20.9,22.3,38.1,1014.5,98.1,9.1,4.1,0.9,Rain,0.9912685467787256,-0.13185851571739118
2021-04-10,18.7,95.2,1.45,12.5,rain,16.6,13.0,43.0,1016.2,95.4,4.4,5.8,0.93,Rain,0.9888537064205885,-0.1488903868564548
2021-04-11,22.1,88.0,0.795,8.33,rain,34.9,20.5,123.4,1015.2,83.6,6.2,12.5,0.97,Rain,0.986146248341595,-0.16587819893463143
2021-04-12,22.6,80.8,0.1,4.17,rain,33.1,20.5,133.1,1013.1,87.3,8.5,13.1,0.0,Rain,0.9831469737221499,-0.1828169249850199
2021-04-13,23.7,88.8,0.0,0.0,noprecip,33.5,18.4,124.5,1011.9,93.2,9.0,12.0,0.04,Cloudy,0.9798567700958665,-0.1997015525660636
2021-04-14,23.6,83.5,0.4,12.5,rain,31.7,20.5,114.5,1009.9,83.8,8.9,12.8,0.07,Rain,0.9762766110869321,-0.21652708524481437
2021-04-15,24.5,91.8,3.661,8.33,rain,34.9,18.4,119.0,1009.0,91.2,8.8,12.2,0.1,Rain,0.9724075561219968,-0.23328854407545518
2021-04-16,23.7,83.1,3.7,54.17,rain,29.5,20.5,125.7,1010.4,80.8,8.8,7.4,0.14,Rain,0.9682507501166718,-0.2499809690726521
2021-04-17,21.7,92.5,124.229,12.5,rain,23.0,18.4,44.0,1014.3,88.5,8.4,2.9,0.17,Rain,0.9638074231367307,-0.26659942067929354
2021-04-18,20.3,88.1,0.893,4.17,rain,15.8,11.2,59.1,1012.8,93.5,8.7,8.5,0.2,Rain,0.9590788900341131,-0.28313898122818354
2021-04-19,23.0,84.2,0.198,4.17,rain,28.8,16.6,121.0,1008.1,75.6,7.7,15.0,0.24,Rain,0.9540665500578387,-0.2995947563972602
2021-04-20,24.3,80.8,0.3,12.5,rain,29.2,24.1,130.7,1007.4,69.3,9.5,18.2,0.25,Rain,0.9487718864399473,-0.31596187665790293
2021-04-21,24.6,79.8,1.2,20.83,rain,36.7,24.1,131.9,1008.2,73.3,10.1,16.2,0.3,Rain,0.9431964659565866,-0.33223549871590435
2021-04-22,24.8,81.7,0.7,20.83,rain,33.8,22.3,129.0,1007.7,75.9,10.0,16.6,0.34,Rain,0.9373419384643772,-0.3484108069446808
2021-04-23,25.5,87.7,0.202,4.17,rain,37.1,22.3,125.1,1005.7,89.4,9.8,17.1,0.37,Rain,0.9312100364121947,-0.3644830148102912
2021-04-24,26.1,88.5,0.2,8.33,rain,31.0,20.5,120.3,1005.6,90.6,9.1,17.3,0.4,Rain,0.9248025743285089,-0.38044736628785164
2021-04-25,26.1,95.3,1.516,12.5,rain,31.3,16.6,102.6,1008.2,94.7,7.0,9.3,0.44,Rain,0.9181214482844365,-0.39629913726891813
2021-04-26,22.7,93.6,41.852,16.67,rain,48.2,14.8,76.7,1010.3,84.0,8.2,3.0,0.47,Rain,0.9111686353326631,-0.41203363695942635
2021-04-27,20.8,82.0,0.6,4.17,rain,25.6,11.2,52.3,1013.1,93.0,10.0,5.7,0.5,Rain,0.9039461929224011,-0.42764620926777464
2021-04-28,20.5,84.9,5.937,8.33,rain,37.1,20.5,24.9,1015.0,94.5,9.6,12.6,0.54,Rain,0.8964562582905575,-0.44313223418263453
2021-04-29,17.7,69.7,0.331,8.33,rain,22.7,14.8,337.7,1015.4,77.1,10.0,13.7,0.57,Rain,0.8887010478292915,-0.45848712914008766
2021-04-30,20.2,75.4,0.4,4.17,rain,24.1,20.5,114.6,1011.8,34.5,8.4,22.7,0.6,Rain,0.8806828564301475,-0.47370635037968
2021-05-01,22.6,84.3,0.12,8.33,rain,21.2,14.8,120.0,1011.5,68.9,8.6,14.3,0.64,Rain,0.8724040568049612,-0.48878539428899265
2021-05-02,24.3,83.6,3.983,12.5,rain,30.2,20.5,124.0,1009.7,68.1,7.8,16.8,0.67,Rain,0.8638670987837349,-0.503719798736334
2021-05-03,24.9,79.4,0.8,12.5,rain,33.8,24.1,140.0,1007.2,75.4,9.9,20.8,0.71,Rain,0.8550745085896932,-0.518505144391157
2021-05-04,24.3,76.3,3.7,4.17,rain,26.3,24.1,118.8,1007.3,59.4,10.0,20.9,0.75,Rain,0.8460288880917339,-0.533137056031809
2021-05-05,23.3,91.9,42.507,8.33,rain,30.2,22.3,80.9,1011.4,83.8,9.2,4.6,0.78,Rain,0.8367329140344921,-0.5476112038402312
2021-05-06,22.4,79.1,0.298,4.17,rain,27.0,16.6,141.7,1012.7,59.1,9.1,17.5,0.81,Rain,0.8271893372462497,-0.5619233046832195
2021-05-07,24.1,80.7,0.0,0.0,noprecip,28.1,16.6,131.9,1011.5,53.6,8.3,19.8,0.84,Cloudy,0.8174009818249189,-0.5760691233798758
2021-05-08,25.2,85.6,0.0,0.0,noprecip,24.5,16.6,116.8,1008.6,64.9,8.6,18.6,0.88,Cloudy,0.8073707443023492,-0.5900444739548627
2021-05-09,25.5,82.6,0.3,8.33,rain,28.4,20.5,118.5,1006.5,68.9,9.8,19.5,0.91,Rain,0.7971015927871943,-0.6038452208771035
2021-05-10,25.5,78.6,0.1,4.17,rain,29.5,25.9,123.2,1004.8,50.7,10.4,24.5,0.95,Rain,0.7865965660866021,-0.6174672802835514
2021-05-11,25.0,79.3,24.736,4.17,rain,27.4,27.7,117.0,1004.2,52.8,9.2,25.1,0.98,Rain,0.7758587728069828,-0.6309066211876704
2021-05-12,25.7,81.8,2.37,4.17,rain,30.6,20.5,110.1,1003.9,48.0,9.5,23.6,0.0,Rain,0.7648913904341226,-0.6441592666722685
2021-05-13,25.3,88.5,6.827,8.33,rain,28.8,23.2,95.3,1005.0,81.0,9.4,22.5,0.05,Rain,0.753697664392914,-0.6572212950663319
2021-05-14,24.9,79.2,0.131,4.17,rain,38.5,24.1,132.4,1004.7,41.9,9.4,22.6,0.08,Rain,0.742280907086982,-0.6700888411055113
2021-05-15,26.2,81.2,0.099,4.17,rain,31.7,24.1,131.9,1005.0,66.0,10.4,23.5,0.12,Rain,0.7306444969184916,-0.6827580970759147
2021-05-16,26.0,78.4,0.198,4.17,rain,34.6,22.3,120.9,1005.1,66.7,10.0,23.2,0.15,Rain,0.7187918772884232,-0.6952253139408722
2021-05-17,26.2,81.7,0.79,4.17,rain,34.9,20.5,123.2,1006.4,68.5,9.8,18.6,0.18,Rain,0.7067265555776158,-0.7074868024503348
2021-05-18,26.2,80.6,0.2,8.33,rain,32.8,24.1,128.1,1005.9,80.1,10.0,16.8,0.22,Rain,0.6944521021088763,-0.719538934232584
2021-05-19,26.2,77.8,0.0,0.0,noprecip,34.2,24.1,127.4,1003.4,54.7,10.7,22.9,0.25,Cloudy,0.6819721490904629,-0.7313781428679254
2021-05-20,26.0,76.2,4.1,12.5,rain,33.8,22.3,108.0,1003.4,51.5,10.0,15.2,0.25,Rain,0.6692903895412567,-0.7430009249440493
2021-05-21,27.0,83.8,0.035,8.33,rain,32.0,20.5,109.7,1003.2,65.1,9.6,21.6,0.32,Rain,0.6564105761979381,-0.7544038410927472
2021-05-22,26.6,77.1,0.0,0.0,noprecip,34.2,27.7,116.4,1001.5,35.1,11.3,25.7,0.35,Cloudy,0.6433365204044917,-0.765583517007675
2021-05-23,26.8,79.9,0.396,4.17,rain,33.8,24.1,115.8,1003.8,68.0,10.9,19.3,0.39,Rain,0.6300720909843687,-0.7765366444428655
2021-05-24,23.6,80.9,8.906,4.17,rain,33.1,22.3,356.8,1009.0,88.2,9.7,13.7,0.42,Rain,0.6166212130956382,-0.7872599821916922
2021-05-25,22.6,83.4,10.29,12.5,rain,32.0,16.6,344.2,1009.1,86.1,8.4,9.2,0.46,Rain,0.6029878670694714,-0.7977503570459932
2021-05-26,25.0,81.2,2.971,4.17,rain,29.9,22.3,124.1,1006.8,50.8,9.8,21.0,0.5,Rain,0.5891760872322963,-0.8080046647350754
2021-05-27,25.7,79.1,1.0,12.5,rain,33.8,20.5,123.0,1007.6,44.1,11.0,20.5,0.52,Rain,0.5751899607119775,-0.8180198708443175
2021-05-28,25.4,77.0,1.0,25.0,rain,25.9,18.4,119.0,1007.7,50.7,9.5,20.9,0.56,Rain,0.5610336262283677,-0.8277930117131022
2021-05-29,26.0,75.9,1.385,4.17,rain,25.9,25.9,122.8,1004.9,60.5,9.4,22.0,0.59,Rain,0.5467112728685939,-0.8373211953118121
2021-05-30,25.4,69.8,0.0,0.0,noprecip,24.1,16.6,106.8,1002.2,43.2,11.2,22.5,0.62,Cloudy,0.5322271388474397,-0.8466016020976267
2021-05-31,24.9,63.7,0.0,0.0,noprecip,20.9,16.6,120.2,1000.4,65.5,12.1,22.6,0.66,Cloudy,0.5175855102531889,-0.8556314858488706
2021-06-01,24.5,59.7,0.0,0.0,noprecip,27.0,20.5,165.9,1000.6,66.9,10.7,26.2,0.69,Cloudy,0.5027907197793043,-0.8644081744776648
2021-06-02,26.0,67.2,0.0,0.0,noprecip,24.5,14.8,114.0,1001.4,60.3,9.5,22.0,0.75,Cloudy,0.4878471454423119,-0.8729290708206411
2021-06-03,26.0,65.9,0.8,12.5,rain,24.8,18.4,110.9,1001.6,55.8,10.3,25.9,0.76,Rain,0.47275920928627757,-0.881191653407483
2021-06-04,21.8,71.3,0.297,4.17,rain,49.7,37.1,7.3,1006.5,79.1,10.0,16.5,0.79,Rain,0.4575313760742512,-0.8891934772070711
2021-06-05,20.4,63.4,0.011,4.17,rain,19.1,7.6,48.6,1006.1,73.4,9.4,19.7,0.83,Rain,0.44216815196707204,-0.8969321743510065
2021-06-06,24.2,74.1,9.8,29.17,rain,24.5,11.2,102.4,1003.8,65.9,6.7,20.5,0.86,Rain,0.42667408318992467,-0.9044054548343001
2021-06-07,24.7,80.8,53.956,8.33,rain,28.4,18.4,82.7,1004.6,57.6,8.8,11.7,0.89,Rain,0.4110537546870351,-0.9116111071930239
2021-06-08,24.6,83.3,39.241,16.67,rain,22.7,13.0,11.4,1005.7,71.1,8.6,8.3,0.93,Rain,0.3953117887649151,-0.9185469991587165
2021-06-09,25.1,83.9,36.016,12.5,rain,19.1,16.6,68.8,1004.3,77.5,9.0,10.0,0.96,Rain,0.37945284372454435,-0.925211078289358
2021-06-10,26.2,87.4,0.285,8.33,rain,20.5,9.4,97.2,1002.8,67.9,9.4,13.8,0.0,Rain,0.36348161248290634,-0.9316013725767187
2021-06-11,25.5,80.9,1.989,4.17,rain,24.8,14.8,82.3,1003.4,55.9,9.6,9.1,0.03,Rain,0.3474028211842774,-0.9377159910299093
2021-06-12,25.7,84.3,30.596,16.67,rain,38.2,18.4,327.0,1002.7,77.5,8.9,12.8,0.06,Rain,0.3312212278016865,-0.9435531242349544
2021-06-13,25.3,87.2,56.958,20.83,rain,42.5,24.1,59.8,1002.0,85.9,9.5,14.7,0.1,Rain,0.31494162072895193,-0.9491110448902284
2021-06-14,24.6,76.6,0.0,0.0,noprecip,28.8,22.3,129.5,1001.3,68.0,10.9,22.0,0.13,Cloudy,0.2985688173637202,-0.9543881083175908
2021-06-15,24.0,69.5,0.099,4.17,rain,31.0,14.8,131.0,999.5,53.3,11.5,23.3,0.17,Rain,0.2821076626819194,-0.9593827529490743
2021-06-16,24.5,66.5,0.0,0.0,noprecip,29.9,18.4,127.3,1001.1,69.1,10.5,24.8,0.2,Cloudy,0.26556302780405594,-0.9640935007889755
2021-06-17,24.6,64.3,0.0,0.0,noprecip,28.4,18.4,125.6,1002.9,48.9,11.0,25.6,0.24,Cloudy,0.24893980855376657,-0.9685189578512204
2021-06-18,24.6,62.8,0.0,0.0,noprecip,26.6,16.6,139.9,1003.0,31.1,12.0,26.5,0.25,Cloudy,0.23224292400907015,-0.9726578145718654
2021-06-19,22.9,54.2,0.0,0.0,noprecip,28.4,14.8,219.3,1000.7,23.0,12.3,27.5,0.31,Cloudy,0.21547731504673012,-0.976508846196619
2021-06-20,22.1,48.7,0.0,0.0,noprecip,31.0,14.8,226.1,998.7,34.1,11.9,27.6,0.34,Cloudy,0.19864794288017112,-0.9800709131432666
2021-06-21,24.3,58.5,0.0,0.0,noprecip,24.8,16.6,196.3,999.3,65.1,11.3,26.2,0.38,Cloudy,0.18175978759137534,-0.9833429613388902
2021-06-22,25.0,66.8,2.4,25.0,rain,26.3,18.4,64.1,1002.5,79.5,11.0,17.3,0.41,Rain,0.16481784665719793,-0.9863240225317866
2021-06-23,24.7,75.4,42.588,8.33,rain,23.8,13.0,174.6,1003.6,75.8,10.0,9.9,0.45,Rain,0.14782713347053048,-0.9890132145779883
2021-06-24,25.9,88.2,0.911,4.17,rain,26.6,14.8,70.4,1002.6,72.0,9.8,14.1,0.48,Rain,0.13079267585675922,-0.9914097417023038
2021-06-25,25.1,83.7,0.042,4.17,rain,26.6,25.9,104.6,1002.6,68.6,8.9,14.6,0.5,Rain,0.11371951458594969,-0.9935128947338007
2021-06-26,24.3,77.8,38.59,8.33,rain,34.2,14.8,125.1,1003.5,65.4,10.8,20.7,0.55,Rain,0.0966127018812031,-0.9953220513156602
2021-06-27,23.7,64.6,6.926,4.17,rain,36.0,14.8,174.9,1002.1,76.5,10.8,24.9,0.58,Rain,0.07947729992362097,-0.9968366760893436
2021-06-28,23.1,55.5,1.0,4.17,rain,31.3,11.2,211.7,999.2,90.5,10.7,24.1,0.61,Rain,0.062318379354325076,-0.998056320853012
2021-06-29,23.5,59.9,0.078,4.17,rain,26.6,16.6,130.7,999.5,95.5,10.0,17.8,0.65,Rain,0.04514101777397193,-0.9989806246941579
2021-06-30,24.1,65.1,0.011,4.17,rain,31.7,16.6,142.0,1000.0,92.9,10.0,17.9,0.68,Rain,0.02795029824021032,-0.999609314096404
2021-07-01,22.9,57.1,0.0,0.0,noprecip,31.0,18.4,177.6,1000.6,94.0,10.0,18.6,0.71,Cloudy,0.01075130776352193,-0.9999422030204416
2021-07-02,22.4,53.3,0.0,0.0,noprecip,35.3,22.3,217.2,1001.8,93.4,10.7,24.2,0.75,Cloudy,-0.00645086419810515,-0.9999791929590823
2021-07-03,24.3,62.1,0.0,0.0,noprecip,31.3,13.0,311.9,1001.9,78.5,10.5,23.7,0.78,Cloudy,-0.023651127245231586,-0.9997202729664083
2021-07-04,25.4,67.3,0.1,4.17,rain,24.8,18.4,119.5,1002.6,73.3,10.7,23.6,0.81,Rain,-0.04084439154329611,-0.9991655196610109
2021-07-05,25.7,77.9,3.99,8.33,rain,25.6,20.5,125.1,1004.3,76.0,9.7,17.9,0.84,Rain,-0.05802556932878035,-0.9983150972033183
2021-07-06,24.6,69.7,0.4,8.33,rain,25.9,16.6,119.9,1003.9,53.5,10.3,22.2,0.87,Rain,-0.07518957641475855,-0.9971692572470178
2021-07-07,25.6,80.6,24.019,12.5,rain,30.2,11.2,316.6,1004.4,71.4,9.9,16.2,0.91,Rain,-0.09233133369539122,-0.9957283388645872
2021-07-08,25.6,91.1,54.075,20.83,rain,43.6,20.5,100.2,1006.1,87.4,8.9,11.7,0.94,Rain,-0.10944576864891556,-0.993992768446958
2021-07-09,25.6,82.9,7.01,12.5,rain,34.2,16.6,124.3,1008.3,54.1,9.7,15.7,0.97,Rain,-0.12652781683868314,-0.9919630595773397
2021-07-10,25.1,80.1,11.926,4.17,rain,31.3,14.8,90.5,1008.8,41.4,9.9,20.6,0.0,Rain,-0.1435724234118113,-0.9896398128792412
2021-07-11,23.9,70.7,0.3,8.33,rain,30.6,16.6,143.7,1009.6,42.3,11.2,23.6,0.04,Rain,-0.16057454459499376,-0.9870237158387383
2021-07-12,24.5,71.1,0.0,0.0,noprecip,35.3,20.5,141.1,1008.4,26.3,12.1,26.1,0.08,Cloudy,-0.17752914918703497,-0.984115542601034
2021-07-13,25.3,73.8,0.9,4.17,rain,29.2,20.5,138.0,1006.2,41.2,10.4,24.2,0.11,Rain,-0.19443122004766195,-0.9809161537413774
2021-07-14,25.0,71.3,0.9,16.67,rain,31.7,24.1,131.8,1005.7,42.4,10.4,21.5,0.15,Rain,-0.2112757555821793,-0.9774264960104055
2021-07-15,24.5,69.6,0.0,0.0,noprecip,33.1,20.5,136.1,1007.2,42.0,11.7,22.8,0.18,Cloudy,-0.2280577712215198,-0.9736476020539838
2021-07-16,24.3,68.9,0.2,8.33,rain,25.2,14.8,127.7,1007.5,33.1,12.4,24.2,0.22,Rain,-0.24477230089725957,-0.9695805901076308
2021-07-17,24.7,69.7,0.6,4.17,rain,23.8,22.3,117.3,1003.9,50.5,11.1,24.9,0.25,Rain,-0.2614143985111562,-0.965226663665613
2021-07-18,26.2,90.6,0.767,4.17,rain,23.4,18.4,102.6,1001.7,79.4,9.6,16.3,0.29,Rain,-0.2779791393987801,-0.9605871111248129
2021-07-19,24.5,79.1,14.3,50.0,rain,22.7,16.6,77.1,1001.8,60.1,9.7,16.2,0.33,Rain,-0.2944616217868012,-0.9556633054034704
2021-07-20,25.5,81.8,0.099,4.17,rain,20.5,22.3,304.4,1002.2,71.7,9.7,15.6,0.36,Rain,-0.3108569682435036,-0.9504567035349151
2021-07-21,24.9,80.6,0.074,4.17,rain,21.6,22.3,323.8,1001.4,65.1,9.5,12.7,0.4,Rain,-0.3271603271220951,-0.9449688462364056
2021-07-22,26.3,89.9,32.514,8.33,rain,20.9,13.0,358.7,999.9,56.3,9.0,5.7,0.43,Rain,-0.34336687399638804,-0.939201357453208
2021-07-23,26.3,97.8,50.588,16.67,rain,37.1,18.4,291.1,998.3,86.3,8.0,2.5,0.47,Rain,-0.3594718130884232,-0.9331559438780432
2021-07-24,26.1,81.7,1.979,4.17,rain,40.0,24.1,331.0,998.4,53.1,8.9,19.8,0.5,Rain,-0.3754703786876202,-0.9268343944460494
2021-07-25,25.4,77.6,5.2,25.0,rain,23.8,14.8,326.0,999.8,61.2,9.9,22.6,0.54,Rain,-0.3913578365610259,-0.9202385798054075
2021-07-26,25.0,75.9,0.106,4.17,rain,20.9,14.8,272.3,999.4,61.2,10.0,19.3,0.57,Rain,-0.4071294853542516,-0.9133704517637858
2021-07-27,25.4,72.7,0.198,4.17,rain,25.6,11.2,259.1,997.5,66.5,11.7,23.1,0.6,Rain,-0.4227806579826773,-0.9062320427107697
2021-07-28,25.6,74.8,0.095,4.17,rain,24.5,18.4,7.5,997.4,65.8,11.3,20.4,0.63,Rain,-0.4383067230125192,-0.898825465016444
2021-07-29,26.5,81.9,7.055,8.33,rain,25.6,20.5,76.3,999.0,67.8,9.9,16.8,0.66,Rain,-0.45370308603134424,-0.8911529104063088
2021-07-30,25.8,75.4,0.003,4.17,rain,21.6,11.2,131.1,999.6,64.2,8.8,20.2,0.7,Rain,-0.46896519100763184,-0.8832166493127127
2021-07-31,26.8,76.0,0.0,0.0,noprecip,22.3,14.8,60.3,998.3,63.3,9.8,21.7,0.75,Cloudy,-0.48408852163897587,-0.8750190302029955
2021-08-01,26.1,90.0,16.111,8.33,rain,27.0,13.5,301.7,999.2,90.3,9.6,4.5,0.76,Rain,-0.4990686026885319,-0.8665624788845385
2021-08-02,26.1,77.7,0.0,0.0,noprecip,29.5,14.4,275.2,998.5,52.4,9.7,22.2,0.79,Cloudy,-0.5139010013093103,-0.8578494977869301
2021-08-03,25.0,70.6,0.0,0.0,noprecip,23.8,13.0,297.2,999.4,63.1,9.8,24.7,0.83,Cloudy,-0.5285813283559292,-0.8488826652214553
2021-08-04,26.3,71.0,0.0,0.0,noprecip,23.8,13.0,294.2,999.5,51.8,11.2,25.9,0.86,Cloudy,-0.5431052396834317,-0.8396646346181327
2021-08-05,26.6,71.4,0.0,0.0,noprecip,27.4,16.6,306.6,998.1,50.7,9.2,25.0,0.89,Cloudy,-0.5574684374327892,-0.8301981337405212
2021-08-06,25.3,64.2,0.0,0.0,noprecip,29.2,20.5,264.1,998.7,60.0,9.0,21.9,0.92,Cloudy,-0.5716666713027052,-0.8204859638785327
2021-08-07,24.9,61.8,0.0,0.0,noprecip,26.3,14.8,240.4,999.9,68.7,10.7,22.3,0.96,Cloudy,-0.5856957398073508,-0.8105309990194823
2021-08-08,27.9,86.0,6.2,8.33,rain,22.7,14.8,70.7,1001.3,68.8,10.2,21.6,0.0,Rain,-0.5995514915196489,-0.8003361849976323
2021-08-09,27.6,86.6,9.1,12.5,rain,35.6,13.0,78.8,1001.7,76.5,8.6,13.8,0.02,Rain,-0.6132298262997502,-0.7899045386224707
2021-08-10,25.9,92.0,22.943,16.67,rain,31.0,24.1,132.9,1002.3,86.6,9.3,10.0,0.06,Rain,-0.6267266965083301,-0.7792391467859886
2021-08-11,26.0,93.1,24.801,12.5,rain,25.6,20.5,109.7,1004.8,78.4,8.2,10.7,0.09,Rain,-0.6400381082043503,-0.7683431655492202
2021-08-12,25.8,91.8,49.472,8.33,rain,29.5,16.6,75.6,1006.0,77.9,8.4,17.8,0.13,Rain,-0.65316012232693,-0.7572198192083127
2021-08-13,25.9,81.1,0.989,4.17,rain,36.0,14.8,114.0,1002.1,80.7,9.8,18.5,0.17,Rain,-0.666088855860977,-0.7458723993404063
2021-08-14,25.8,80.6,0.002,8.33,rain,29.2,16.6,132.2,1000.9,70.5,9.0,16.0,0.2,Rain,-0.6788204829862355,-0.734304263829602
2021-08-15,26.9,92.5,0.099,4.17,rain,27.4,14.8,88.1,1005.3,78.4,9.7,16.8,0.25,Rain,-0.6913512362094071,-0.722518835873311
2021-08-16,26.3,81.2,3.6,37.5,rain,24.1,16.6,108.4,1008.7,49.5,10.8,19.2,0.27,Rain,-0.7036774074790128,-0.7105196029692745
2021-08-17,25.0,75.6,0.2,8.33,rain,42.5,24.1,240.8,1008.4,49.8,9.7,21.0,0.31,Rain,-0.7157953492826642,-0.6983101158835584
2021-08-18,25.0,80.4,0.395,4.17,rain,29.5,24.1,130.5,1006.3,66.2,10.8,22.6,0.35,Rain,-0.7277014757264236,-0.6858939875998223
2021-08-19,25.1,78.7,24.736,4.17,rain,27.7,16.6,115.2,1006.2,62.2,11.4,11.2,0.38,Rain,-0.7393922635959241,-0.673274892250183
2021-08-20,26.4,80.3,0.032,4.17,rain,25.9,16.6,132.8,1007.5,42.5,11.5,19.4,0.42,Rain,-0.7508642533989489,-0.6604565640279754
2021-08-21,26.6,78.3,0.0,0.0,noprecip,28.4,20.5,135.6,1006.4,51.9,10.0,22.5,0.45,Cloudy,-0.7621140503891487,-0.6474427960827475
2021-08-22,28.1,84.7,0.0,0.0,noprecip,31.0,22.3,120.4,1004.2,49.3,9.9,23.2,0.5,Cloudy,-0.7731383255706026,-0.6342374393978054
2021-08-23,27.2,90.6,3.2,20.83,rain,28.8,18.4,102.8,1003.2,75.4,10.4,22.5,0.52,Rain,-0.7839338166829201,-0.620844401650647
2021-08-24,27.5,85.2,5.7,33.33,rain,25.6,20.5,106.0,1003.6,69.8,10.7,17.5,0.55,Rain,-0.7944973291665992,-0.6072676460566135
2021-08-25,27.0,85.6,8.905,8.33,rain,26.3,22.3,114.6,1005.3,48.1,9.5,17.8,0.59,Rain,-0.8048257371083452,-0.593511190196115
2021-08-26,26.3,86.9,32.879,8.33,rain,26.3,16.6,92.9,1008.1,61.2,9.8,14.9,0.62,Rain,-0.8149159841660791,-0.5795791048257612
2021-08-27,25.8,89.7,76.303,12.5,rain,22.7,13.0,21.2,1009.5,72.3,11.0,11.9,0.65,Rain,-0.8247650844733614,-0.5654755126737576
2021-08-28,25.1,86.9,16.578,8.33,rain,22.7,22.3,114.8,1009.5,67.5,9.9,11.7,0.68,Rain,-0.8343701235229537,-0.5512045872199277
2021-08-29,24.1,79.5,0.002,4.17,rain,23.0,18.4,93.9,1009.7,46.6,9.8,21.1,0.72,Rain,-0.8437282590292712,-0.5367705514607103
2021-08-30,24.7,80.5,1.1,29.17,rain,22.3,16.6,106.7,1009.9,61.1,9.7,18.5,0.75,Rain,-0.8528367217694595,-0.522177676659508
2021-08-31,25.3,80.4,9.894,4.17,rain,21.6,16.6,111.5,1009.7,49.7,10.1,18.8,0.78,Rain,-0.8616928164028521,-0.5074302810827518
2021-09-01,25.1,77.9,18.799,4.17,rain,18.7,14.8,76.5,1008.5,34.8,10.2,20.1,0.81,Rain,-0.8702939222685674,-0.49253272872205434
2021-09-02,25.8,85.5,0.669,4.17,rain,23.0,13.0,117.5,1007.5,65.3,9.8,11.2,0.84,Rain,-0.8786374941610001,-0.4774894280028391
2021-09-03,25.5,80.1,1.979,4.17,rain,23.0,18.4,99.7,1005.4,53.2,9.2,18.9,0.88,Rain,-0.886721063082993,-0.46230483047981086
2021-09-04,25.7,79.7,9.203,8.33,rain,24.8,18.4,106.4,1005.4,51.6,9.8,15.2,0.91,Rain,-0.8945422369764496,-0.4469834295196741
2021-09-05,25.6,86.3,37.934,8.33,rain,23.8,13.0,104.7,1008.2,61.5,9.7,13.3,0.94,Rain,-0.9020987014301837,-0.43152975897147144
2021-09-06,24.6,78.5,0.003,4.17,rain,19.8,13.0,325.6,1010.3,49.7,9.5,18.2,0.97,Rain,-0.9093882203647925,-0.4159483918249421
2021-09-07,25.6,91.3,0.127,4.17,rain,32.8,18.4,288.2,1010.0,60.1,9.5,10.7,0.0,Rain,-0.9164086366943458,-0.4002439388573056
2021-09-08,25.3,89.2,13.341,12.5,rain,33.1,31.7,348.3,1008.6,62.9,9.1,9.4,0.04,Rain,-0.9231578729647039,-0.38442104726885545
2021-09-09,25.5,89.1,58.319,12.5,rain,27.0,16.6,258.4,1009.7,67.1,9.4,14.2,0.08,Rain,-0.9296339319682695,-0.3684843993077793
2021-09-10,24.7,79.5,0.0,0.0,noprecip,25.2,14.8,291.3,1008.7,47.1,9.2,22.9,0.11,Cloudy,-0.9358348973349941,-0.35243871088460327
2021-09-11,24.2,72.7,0.0,0.0,noprecip,21.2,16.4,274.6,1005.4,59.5,11.0,22.2,0.15,Cloudy,-0.9417589340994617,-0.33628873017668287
2021-09-12,25.3,73.6,0.0,0.0,noprecip,16.6,10.6,113.3,1002.5,23.0,10.6,23.2,0.19,Cloudy,-0.9474042892438845,-0.32003923622313857
2021-09-13,26.5,87.5,0.102,8.33,rain,25.9,24.1,18.9,1005.7,39.9,8.2,13.4,0.22,Rain,-0.9527692922168511,-0.30369503751065885
2021-09-14,25.2,94.1,12.165,8.33,rain,21.6,13.0,339.9,1010.0,73.3,8.7,7.5,0.25,Rain,-0.9578523554276669,-0.28726097055059635
2021-09-15,25.5,94.5,30.895,8.33,rain,24.1,11.2,348.2,1011.5,81.0,8.8,8.1,0.29,Rain,-0.9626519747161487,-0.2707418984477642
2021-09-16,26.0,90.5,5.328,8.33,rain,25.6,16.6,100.8,1010.2,77.3,9.3,13.7,0.33,Rain,-0.9671667297977312,-0.2541427094613622
2021-09-17,25.9,90.8,0.169,8.33,rain,23.0,16.6,103.8,1008.8,71.3,9.1,14.6,0.36,Rain,-0.97139528468375,-0.23746831555846842
2021-09-18,24.9,81.1,2.968,4.17,rain,28.4,16.6,130.4,1009.1,60.2,9.4,18.0,0.4,Rain,-0.9753363880767837,-0.2207236509605022
2021-09-19,24.8,76.3,0.0,0.0,noprecip,27.4,18.4,125.8,1009.3,36.2,10.1,20.7,0.44,Cloudy,-0.9789888737409319,-0.20391367068311472
2021-09-20,25.1,83.0,0.063,4.17,rain,19.4,18.4,344.8,1009.9,49.2,8.9,17.2,0.47,Rain,-0.9823516608469237,-0.18704334906991657
2021-09-21,23.1,72.8,0.265,8.33,rain,19.4,9.6,81.1,1009.3,48.5,9.7,20.7,0.5,Rain,-0.9854237542919524,-0.17011767832049052
2021-09-22,25.7,88.6,2.001,8.33,rain,25.6,14.8,83.8,1009.1,56.9,9.3,13.3,0.54,Rain,-0.9882042449941422,-0.15314166701312007
2021-09-23,25.1,86.0,0.388,8.33,rain,23.8,20.5,338.2,1011.1,62.7,9.7,12.4,0.57,Rain,-0.9906923101615609,-0.13612033862266704
2021-09-24,25.5,95.5,17.363,12.5,rain,26.3,9.4,8.2,1011.5,63.5,8.9,6.5,0.6,Rain,-0.9928872135356962,-0.11905873003404988
2021-09-25,24.8,93.8,89.029,16.67,rain,46.4,27.7,0.7,1011.3,84.0,8.7,8.3,0.64,Rain,-0.994788305609327,-0.10196189005174576
2021-09-26,25.2,94.4,34.873,16.67,rain,35.3,14.8,270.1,1011.7,65.9,9.7,9.9,0.67,Rain,-0.9963950238187231,-0.08483487790576538
2021-09-27,24.2,84.6,5.454,12.5,rain,25.2,9.4,289.0,1011.2,58.5,9.7,13.0,0.7,Rain,-0.9977068927101168,-0.06768276175455162
2021-09-28,23.6,75.8,0.0,0.0,noprecip,17.6,14.8,186.4,1009.7,22.0,10.1,20.2,0.73,Cloudy,-0.9987235240803972,-0.050510617185222886
2021-09-29,24.4,77.4,0.0,0.0,noprecip,15.1,14.8,109.2,1008.3,28.2,8.5,21.0,0.75,Cloudy,-0.9994446170919858,-0.033323525711631344
2021-09-30,24.6,76.2,0.1,4.17,rain,20.5,14.8,111.4,1008.3,21.1,8.5,20.5,0.8,Rain,-0.9998699583618592,-0.016126573270657762
2021-10-01,25.2,78.5,0.6,8.33,rain,19.4,14.8,113.9,1008.4,34.3,8.9,17.6,0.83,Rain,-0.9999994220246925,0.001075151282798226
2021-10-02,25.5,94.1,7.9,41.67,rain,31.7,14.8,354.5,1009.5,47.1,7.9,10.9,0.86,Rain,-0.999832969770105,0.018276557681691223
2021-10-03,25.0,84.6,0.1,4.17,rain,23.8,14.8,112.0,1010.1,24.7,7.3,19.7,0.89,Rain,-0.9993706508539969,0.03547255575312556
2021-10-04,25.4,89.4,8.013,12.5,rain,22.0,24.1,321.8,1011.1,40.3,9.0,19.1,0.93,Rain,-0.9986126020839734,0.052658056924614005
2021-10-05,23.8,77.0,0.246,16.67,rain,28.1,14.8,86.5,1010.8,66.1,10.1,12.6,0.96,Rain,-0.9975590477788613,0.06982797572987089
2021-10-06,24.4,77.7,0.105,8.33,rain,26.6,9.7,315.7,1007.8,34.6,8.9,19.5,0.0,Rain,-0.9962102997023297,0.0869772313136861
2021-10-07,24.3,76.6,0.2,8.33,rain,29.9,13.0,324.4,1005.2,25.0,9.5,19.1,0.03,Rain,-0.9945667569706337,0.1041007489354256
2021-10-08,21.1,60.7,0.0,0.0,noprecip,34.6,20.5,346.8,1004.2,60.0,10.2,16.6,0.06,Cloudy,-0.9926289059345095,0.121193461470736
2021-10-09,21.9,78.2,9.158,12.5,rain,34.2,14.8,340.1,1004.2,63.5,9.6,4.0,0.1,Rain,-0.9903973200352558,0.1382503109109819
2021-10-10,23.7,98.6,86.441,25.0,rain,50.4,20.5,318.6,1002.9,97.5,7.9,1.8,0.13,Rain,-0.9878726596350429,0.15526624985999563
2021-10-11,22.8,96.1,103.283,16.67,rain,42.5,22.3,15.1,1008.0,93.3,7.9,2.0,0.17,Rain,-0.9850556718215013,0.172236243027682
2021-10-12,17.9,66.1,0.0,0.0,noprecip,42.8,20.8,1.7,1009.4,45.4,11.6,19.1,0.2,Cloudy,-0.981947190186646,0.18915526872004093
2021-10-13,19.2,74.6,5.116,8.33,rain,67.3,18.4,340.7,1005.9,96.9,9.8,8.0,0.25,Rain,-0.9785481345802031,0.20601832032517084
2021-10-14,21.0,90.1,13.095,25.0,rain,67.3,24.1,6.8,1006.0,92.5,9.8,2.4,0.27,Rain,-0.9748595108374125,0.22282040779479959
2021-10-15,21.2,98.8,33.254,16.67,rain,36.7,14.8,333.0,1011.1,99.5,8.2,2.4,0.31,Rain,-0.9708824104813836,0.23955655912092708
2021-10-16,20.1,92.8,51.516,16.67,rain,36.4,20.5,347.0,1016.5,96.9,9.4,2.6,0.34,Rain,-0.9666180104000972,0.2562218218071163
2021-10-17,15.8,71.9,3.074,8.33,rain,44.6,22.3,1.5,1019.9,74.2,10.0,11.2,0.38,Rain,-0.9620675724981452,0.27281126433401914
2021-10-18,18.4,95.3,14.862,12.5,rain,26.6,11.2,336.9,1018.9,99.2,7.8,2.5,0.41,Rain,-0.957232443323312,0.28931997761869527
2021-10-19,21.2,95.7,2.99,8.33,rain,31.0,9.4,51.7,1017.4,97.7,8.9,6.7,0.45,Rain,-0.9521140536681102,0.3057430764672831
2021-10-20,23.9,88.1,0.0,0.0,noprecip,29.2,16.6,119.3,1013.8,72.0,8.1,16.1,0.5,Cloudy,-0.9467139181463862,0.3220757010206104
2021-10-21,20.5,88.3,12.0,25.0,rain,55.4,33.5,37.2,1015.2,92.6,8.4,7.6,0.52,Rain,-0.9410336347451197,0.3383130181923076
2021-10-22,14.4,70.8,0.004,4.17,rain,32.4,18.4,22.5,1020.8,93.7,10.4,5.4,0.55,Rain,-0.9350748843515574,0.3544502230989869
2021-10-23,13.7,65.0,0.0,0.0,noprecip,26.6,14.8,1.0,1021.4,60.9,11.2,12.6,0.58,Cloudy,-0.9288394302558068,0.3704825404820963
2021-10-24,15.1,68.9,0.0,0.0,noprecip,29.9,13.0,338.3,1020.3,31.3,9.6,16.7,0.62,Cloudy,-0.9223291176290545,0.3864052261209853
2021-10-25,16.5,74.0,0.0,0.0,noprecip,23.0,16.6,6.3,1017.2,9.3,9.9,19.2,0.65,Clear,-0.9155458729775467,0.40221356823680365
2021-10-26,18.1,77.0,0.0,0.0,noprecip,16.6,11.2,59.0,1015.7,17.4,6.8,14.0,0.68,Clear,-0.9084917035725082,0.41790288888678667
2021-10-27,18.3,71.1,0.0,0.0,noprecip,26.3,13.0,10.4,1016.4,24.3,7.4,17.6,0.72,Cloudy,-0.9011686968561569,0.4334685453485363
2021-10-28,19.6,84.5,40.62,12.5,rain,23.0,13.0,346.5,1017.3,84.7,6.6,2.6,0.75,Rain,-0.8935790198239952,0.4489059314938798
2021-10-29,21.4,98.7,18.031,16.67,rain,29.5,9.4,342.8,1017.7,96.5,7.5,3.7,0.75,Rain,-0.8857249183835637,0.4642104791518923
2021-10-30,19.8,98.0,34.654,12.5,rain,21.2,18.4,359.3,1018.7,100.0,8.6,1.8,0.81,Rain,-0.8776087166898392,0.4793776594606945
2021-10-31,20.3,97.7,1.0,12.5,rain,20.2,9.4,3.4,1017.6,95.9,9.2,3.1,0.85,Rain,-0.8692328164574792,0.49440298420761813
2021-11-01,20.8,97.6,4.968,12.5,rain,20.5,13.0,8.3,1017.5,93.4,8.9,2.6,0.88,Rain,-0.8605996962501181,0.5092820071573356
2021-11-02,21.4,97.7,3.958,8.33,rain,27.7,13.0,7.1,1017.3,98.1,8.4,3.5,0.91,Rain,-0.8517119107469189,0.5240103253675756
2021-11-03,22.0,92.1,0.099,4.17,rain,15.1,13.0,54.2,1015.4,77.5,9.0,8.3,0.95,Rain,-0.8425720899866032,0.5385835804920232
2021-11-04,22.5,81.7,0.0,0.0,noprecip,27.0,18.4,128.3,1012.5,42.6,9.4,12.0,0.98,Cloudy,-0.8331829385891785,0.5529974600700271
2021-11-05,23.5,84.7,0.0,0.0,noprecip,28.8,16.6,133.3,1010.2,60.8,10.6,14.7,0.0,Cloudy,-0.8235472349556007,0.5672476988027229
2021-11-06,24.5,89.5,0.0,0.0,noprecip,23.4,14.8,126.9,1008.0,71.0,8.3,12.4,0.05,Cloudy,-0.8136678304455991,0.5813300798152042
2021-11-07,24.8,89.4,0.032,4.17,rain,47.5,14.8,104.4,1011.0,69.0,8.8,12.7,0.08,Rain,-0.8035476485339116,0.5952404359043674
2021-11-08,12.7,62.7,0.618,8.33,rain,38.9,33.5,2.0,1019.9,90.6,10.0,4.1,0.11,Rain,-0.7931896839451843,0.6089746507720486
2021-11-09,8.6,49.2,0.0,0.0,noprecip,25.6,14.8,14.0,1020.3,42.5,10.0,16.7,0.15,Cloudy,-0.7825970017677834,0.6225286602431057
2021-11-10,8.5,46.8,0.0,0.0,noprecip,25.2,14.1,0.5,1020.1,33.0,10.0,17.1,0.18,Cloudy,-0.7717727365467837,0.6358984534680745
2021-11-11,12.8,64.0,0.0,0.0,noprecip,17.6,9.6,22.0,1017.3,25.7,9.7,18.4,0.25,Cloudy,-0.7607200913564104,0.6490800741100398
2021-11-12,13.4,59.4,0.0,0.0,noprecip,27.7,18.4,356.1,1019.2,76.2,9.9,10.4,0.25,Cloudy,-0.7494423368521953,0.6620696215153815
2021-11-13,12.0,56.6,0.0,0.0,noprecip,27.0,16.6,341.1,1019.5,51.2,10.2,13.5,0.29,Cloudy,-0.7379428103031386,0.6748632518680403
2021-11-14,14.2,67.6,0.0,0.0,noprecip,19.8,13.0,350.7,1017.8,19.1,9.2,17.0,0.32,Clear,-0.7262249146041543,0.6874571793269664
2021-11-15,16.5,73.0,0.0,0.0,noprecip,16.9,16.6,101.8,1015.7,53.5,7.9,12.7,0.36,Cloudy,-0.7142921172691032,0.699847677146407
2021-11-16,18.9,86.0,0.099,4.17,rain,13.3,9.4,353.9,1015.7,95.4,4.7,3.7,0.39,Rain,-0.7021479494046978,0.7120310787787131
2021-11-17,18.4,85.2,0.396,4.17,rain,36.0,16.6,6.8,1017.3,95.8,6.5,3.0,0.43,Rain,-0.6897960046655887,0.7240037789593305
2021-11-18,13.2,65.2,0.0,0.0,noprecip,21.6,14.8,3.3,1016.0,59.2,9.3,9.5,0.46,Cloudy,-0.6772399381909491,0.7357622347736527
2021-11-19,17.2,83.5,0.0,0.0,noprecip,27.0,13.0,73.0,1010.6,84.8,5.4,11.9,0.5,Cloudy,-0.6644834655228552,0.7473029667054297
2021-11-20,21.0,88.7,0.792,8.33,rain,29.5,11.2,176.4,1009.0,87.4,4.6,7.5,0.53,Rain,-0.6515303615068021,0.75862255966641
2021-11-21,22.8,82.0,0.099,4.17,rain,40.3,14.8,138.9,1011.7,65.7,8.0,12.0,0.56,Rain,-0.6383844591746642,0.769717664006921
2021-11-22,14.4,68.1,1.211,8.33,rain,46.4,27.7,19.9,1018.0,84.3,9.4,4.4,0.59,Rain,-0.6250496486104377,0.7805849965070866
2021-11-23,9.5,57.2,0.0,0.0,noprecip,28.8,20.5,10.0,1022.1,84.9,10.0,8.7,0.63,Cloudy,-0.6115298757991053,0.7912213413483807
2021-11-24,10.6,60.6,0.0,0.0,noprecip,25.6,19.3,347.4,1021.8,81.1,10.0,9.5,0.66,Cloudy,-0.5978291414589552,0.801623551065242
2021-11-25,13.3,75.4,0.0,0.0,noprecip,23.0,9.7,302.6,1019.8,38.5,9.6,14.4,0.7,Cloudy,-0.5839514998576998,0.8117885474764613
2021-11-26,14.7,74.3,0.3,12.5,rain,22.0,13.0,315.4,1019.3,25.9,8.4,14.0,0.73,Rain,-0.5699010576127624,0.821713322596059
2021-11-27,13.5,65.2,0.0,0.0,noprecip,25.2,14.8,7.7,1020.2,23.2,9.5,15.7,0.75,Cloudy,-0.5556819724760489,0.8313949395234058
2021-11-28,14.3,70.7,0.0,0.0,noprecip,20.9,10.0,325.2,1019.7,29.9,9.5,16.8,0.8,Cloudy,-0.5412984521036173,0.8408305333122887
2021-11-29,15.4,70.4,0.0,0.0,noprecip,19.1,9.9,336.6,1018.1,43.3,9.8,15.7,0.83,Cloudy,-0.5267547528105542,0.8500173118187018
2021-11-30,12.9,58.5,0.0,0.0,noprecip,36.4,22.3,358.1,1020.7,45.1,9.6,12.1,0.86,Cloudy,-0.5120551783114646,0.8589525565270845
2021-12-01,10.4,56.5,0.0,0.0,noprecip,28.8,14.8,16.6,1021.9,33.0,9.7,17.5,0.9,Cloudy,-0.4972040784469378,0.8676336233547726
2021-12-02,8.3,60.8,0.0,0.0,noprecip,24.5,13.0,2.9,1022.6,15.4,10.8,17.1,0.93,Clear,-0.4822058478963526,0.8760579434344281
2021-12-03,10.8,70.6,0.0,0.0,noprecip,23.8,13.0,332.9,1022.5,8.1,8.8,17.6,0.96,Clear,-0.46706492487743034,0.8842230238742036
2021-12-04,9.4,64.8,0.0,0.0,noprecip,21.2,7.6,341.9,1022.0,3.5,8.6,17.2,0.0,Clear,-0.451785789832884,0.8921264484954345
2021-12-05,10.8,67.6,0.0,0.0,noprecip,23.8,12.1,319.2,1021.7,0.2,7.5,16.6,0.03,Clear,-0.4363729641045924,0.8997658785476209
2021-12-06,11.3,69.5,0.0,0.0,noprecip,22.7,11.2,355.7,1020.9,0.3,9.1,16.9,0.06,Clear,-0.42083100859565564,0.9071390534005044
2021-12-07,10.7,67.4,0.0,0.0,noprecip,16.6,11.2,96.1,1020.8,0.0,8.7,16.7,0.1,Clear,-0.4051645224207563,0.9142437912130223
2021-12-08,13.4,73.6,0.1,4.17,rain,16.9,7.6,336.6,1021.4,47.9,8.1,12.6,0.13,Rain,-0.3893781415452015,0.9210779895789526
2021-12-09,16.0,79.9,0.7,20.83,rain,22.7,11.2,302.0,1022.4,70.2,6.7,5.7,0.16,Rain,-0.37347653741307074,0.9276396261490467
2021-12-10,17.3,81.5,0.0,0.0,noprecip,23.4,16.6,132.0,1019.7,33.7,7.0,10.1,0.2,Cloudy,-0.3574644155648614,0.9339267592294762
2021-12-11,17.1,78.1,0.0,0.0,noprecip,18.4,14.8,120.2,1019.8,37.8,6.3,8.5,0.25,Cloudy,-0.34134651424503615,0.9399375283564133
2021-12-12,16.4,76.9,0.001,4.17,rain,38.2,22.3,12.3,1021.8,43.5,6.3,12.6,0.27,Rain,-0.3251276029999093,0.9456701548465688
2021-12-13,11.1,63.4,0.0,0.0,noprecip,25.2,18.4,6.6,1022.5,53.3,9.9,10.8,0.3,Cloudy,-0.30881248126625377,0.9511229423235357
2021-12-14,13.7,76.7,0.0,0.0,noprecip,22.0,11.2,65.2,1018.1,20.4,7.8,15.0,0.33,Cloudy,-0.29240597695107734,0.9562942772197719
2021-12-15,17.3,91.0,0.0,0.0,noprecip,23.4,9.4,76.3,1014.9,47.9,4.3,10.5,0.37,Cloudy,-0.27591294500296043,0.9611826292540837
2021-12-16,18.3,83.5,0.1,4.17,rain,12.2,7.6,325.6,1015.3,32.5,4.6,6.3,0.4,Rain,-0.2593382659754056,0.9657865518844574
2021-12-17,16.3,72.1,0.0,0.0,noprecip,32.0,18.4,10.6,1019.3,43.1,8.0,8.2,0.43,Cloudy,-0.2426868445825954,0.9701046827361175
2021-12-18,9.6,54.1,0.0,0.0,noprecip,29.5,18.4,19.0,1022.5,44.8,10.0,12.3,0.47,Cloudy,-0.22596360824801906,0.974135744004672
2021-12-19,7.7,51.1,0.0,0.0,noprecip,30.2,20.5,357.1,1021.9,48.7,10.0,13.4,0.5,Cloudy,-0.20917350564635637,0.9778785428342386
2021-12-20,11.0,59.6,0.0,0.0,noprecip,20.5,16.6,36.7,1017.8,92.2,10.0,6.9,0.53,Cloudy,-0.19232150523909483,0.9813319716704275
2021-12-21,12.6,67.9,0.0,0.0,noprecip,24.8,13.0,339.2,1017.4,42.0,9.3,14.4,0.57,Cloudy,-0.17541259380427843,0.9844950085880858
2021-12-22,13.5,72.2,0.0,0.0,noprecip,17.3,16.6,84.2,1016.9,18.4,7.2,15.0,0.6,Clear,-0.15845177496083632,0.9873667175937016
2021-12-23,14.2,72.8,0.0,0.0,noprecip,22.3,13.0,121.9,1015.7,5.6,6.6,15.5,0.64,Clear,-0.14144406768794202,0.9899462489023779
2021-12-24,16.6,81.2,0.3,12.5,rain,13.7,13.0,51.6,1016.3,47.3,4.8,7.7,0.67,Rain,-0.12439450483979998,0.9922328391893008
2021-12-25,17.7,82.3,2.2,33.33,rain,27.0,14.8,70.6,1018.9,39.6,5.3,7.0,0.71,Rain,-0.10730813165636247,0.9942258118156161
2021-12-26,14.1,77.0,1.2,16.67,rain,38.2,22.3,49.0,1022.5,75.6,7.5,3.1,0.74,Rain,-0.09019000427034513,0.9959245770286599
2021-12-27,7.9,69.7,0.011,4.17,rain,27.0,24.1,30.6,1026.7,97.0,10.0,3.0,0.75,Rain,-0.07304518821104743,0.9973286321364752
2021-12-28,9.0,72.4,0.0,0.0,noprecip,18.4,13.0,12.1,1024.8,85.8,9.6,6.6,0.81,Cloudy,-0.05587875690537313,0.9984375616565666
2021-12-29,11.3,77.6,0.1,4.17,rain,20.2,14.8,17.1,1024.2,99.0,9.5,4.1,0.84,Rain,-0.03869579017652689,0.9992510374388481
2021-12-30,10.4,69.6,0.004,8.33,rain,23.0,16.6,6.8,1025.8,98.1,10.0,5.1,0.88,Rain,-0.021501372740813793,0.999768818762748
2021-12-31,12.7,85.3,0.397,8.33,rain,18.4,14.8,12.3,1025.0,86.6,8.3,4.7,0.91,Rain,-0.004300592702981974,0.9999907524084426
2022-01-01,12.9,80.8,0.0,0.0,noprecip,22.0,14.8,8.6,1024.3,87.3,9.4,6.0,0.95,Cloudy,0.017201575418260506,0.9998520419557735
2022-01-02,12.5,73.7,0.0,0.0,noprecip,18.7,11.2,358.0,1022.8,61.2,8.9,13.0,0.98,Cloudy,0.03439806061360801,0.9994082116062598
2022-01-03,13.9,84.7,0.0,0.0,noprecip,18.7,7.6,337.3,1020.3,57.7,5.0,10.1,0.0,Cloudy,0.051584366869408364,0.9986686402879997
2022-01-04,15.4,75.4,0.0,0.0,noprecip,20.9,20.5,123.6,1017.7,55.2,6.6,8.8,0.05,Cloudy,0.06875540848113941,0.9976335468520451
2022-01-05,17.3,83.2,0.4,12.5,rain,16.9,14.8,105.8,1016.2,45.9,6.0,6.1,0.08,Rain,0.08590610426133272,0.9963032375991965
2022-01-06,17.9,81.2,0.9,20.83,rain,23.8,17.2,121.5,1017.1,44.4,7.5,7.1,0.11,Rain,0.10303137904317879,0.9946781061893646
2022-01-07,16.9,77.9,1.6,37.5,rain,35.3,22.3,127.4,1019.1,71.1,8.2,7.0,0.15,Rain,0.1201261651823505,0.9927586335250793
2022-01-08,16.3,80.0,0.7,20.83,rain,30.2,20.5,100.7,1017.9,85.4,7.2,4.3,0.18,Rain,0.13718540405660057,0.9905453876091833
2022-01-09,12.5,85.8,1.882,12.5,rain,24.1,20.5,28.3,1017.7,96.8,8.3,2.7,0.21,Rain,0.1542040475626894,0.988039023376751
2022-01-10,13.2,91.9,0.302,8.33,rain,24.1,14.8,17.0,1017.1,99.5,6.1,4.2,0.25,Rain,0.17117705961019986,0.985240282501282
2022-01-11,10.2,63.3,1.011,4.17,rain,24.5,18.4,20.2,1020.9,30.8,10.0,9.9,0.28,Rain,0.18809941761179758,0.9821499931752291
2022-01-12,12.8,77.0,0.0,0.0,noprecip,21.2,13.0,98.9,1019.3,82.6,8.5,10.6,0.31,Cloudy,0.20496611396949532,0.9787690698649216
2022-01-13,12.5,80.0,0.208,4.17,rain,19.4,18.4,25.0,1021.0,89.9,8.4,3.2,0.34,Rain,0.22177215755648186,0.975098513039961
2022-01-14,13.1,80.3,0.0,0.0,noprecip,17.3,9.4,62.2,1018.7,60.0,5.8,8.0,0.38,Cloudy,0.23851257519407648,0.9711394088771653
2022-01-15,16.0,87.8,0.1,4.17,rain,20.9,9.9,305.2,1017.2,57.9,4.0,6.8,0.41,Rain,0.2551824131233728,0.9668929289391521
2022-01-16,17.2,87.0,0.199,8.33,rain,43.9,24.1,38.8,1017.7,69.7,5.7,10.5,0.44,Rain,0.2717767384711357,0.9623603298276545
2022-01-17,12.2,84.9,22.904,16.67,rain,23.4,20.5,9.4,1021.6,77.2,9.7,2.1,0.47,Rain,0.2882906407095177,0.9575429528116719
2022-01-18,11.1,67.7,0.001,4.17,rain,23.8,14.8,351.7,1021.7,19.5,9.3,10.5,0.5,Rain,0.3047192331091634,0.9524422234305676
2022-01-19,11.9,72.9,0.0,0.0,noprecip,16.9,13.0,55.0,1019.4,23.3,8.4,14.8,0.54,Cloudy,0.321057654185271,0.9470596510722283
2022-01-20,13.9,84.7,2.625,12.5,rain,29.9,27.7,98.5,1017.0,73.2,8.1,10.5,0.58,Rain,0.3373010691361842,0.9413968285264122
2022-01-21,15.3,94.2,6.97,12.5,rain,22.3,11.2,31.3,1015.5,95.0,4.5,2.5,0.61,Rain,0.3534446712740877,0.9354554315134164
2022-01-22,17.3,93.3,5.486,4.17,rain,16.9,11.2,88.4,1011.1,94.9,5.2,5.9,0.65,Rain,0.3694836834473831,0.9292372181882051
2022-01-23,18.7,89.4,0.199,8.33,rain,16.2,11.2,191.5,1010.6,80.3,4.2,8.1,0.68,Rain,0.38541335945432564,0.9227440286201427
2022-01-24,19.7,84.5,0.6,16.67,rain,26.3,18.4,133.1,1011.6,67.2,6.5,12.5,0.72,Rain,0.4012289854475009,0.9159777842484877
2022-01-25,18.8,89.0,0.003,4.17,rain,30.6,20.5,127.0,1013.8,92.4,7.7,5.3,0.75,Rain,0.4169258813287287,0.908940487313808
2022-01-26,19.3,91.7,0.198,4.17,rain,24.8,18.4,127.0,1014.0,91.0,6.8,5.9,0.79,Rain,0.4324994021339788,0.901634220265486
2022-01-27,19.9,87.8,2.4,45.83,rain,33.5,20.5,118.3,1014.1,85.9,7.0,9.3,0.82,Rain,0.44794493940789115,0.8940611451454876
2022-01-28,19.3,82.8,0.8,25.0,rain,34.6,22.3,119.1,1013.3,88.4,9.3,8.9,0.86,Rain,0.4632579225674917,0.88622350294858
2022-01-29,14.8,87.4,0.997,8.33,rain,51.8,33.5,64.1,1013.0,95.8,8.3,2.2,0.89,Rain,0.4784338202547012,0.8781236129591848
2022-01-30,8.2,72.9,0.262,8.33,rain,19.4,20.5,34.8,1017.1,100.0,9.3,3.2,0.93,Rain,0.49346814167723735,0.8697638720650646
2022-01-31,8.6,77.8,0.796,4.17,rain,35.3,16.6,18.2,1018.8,99.5,9.6,2.8,0.96,Rain,0.5083564379375122,0.8611467540480452
2022-02-01,7.8,71.1,0.5,16.67,rain,21.6,14.8,16.4,1019.2,98.9,10.0,4.1,0.0,Rain,0.5230943033491326,0.8522748088519838
2022-02-02,8.7,78.1,0.8,20.83,rain,24.1,14.8,11.9,1020.1,100.0,10.0,3.1,0.03,Rain,0.5376773767406141,0.8431506618282
2022-02-03,7.3,64.7,0.1,4.17,rain,23.8,14.8,357.5,1020.6,99.1,10.0,9.0,0.06,Rain,0.5521013427459208,0.8337770129585915
2022-02-04,9.1,66.0,0.0,0.0,noprecip,26.3,13.0,349.5,1022.3,80.5,10.0,11.1,0.1,Cloudy,0.5663619330814524,0.8241566360566663
2022-02-05,8.7,66.5,0.792,4.17,rain,20.2,16.6,25.2,1022.8,54.0,9.5,8.4,0.13,Rain,0.580454927809098,0.8142923779467267
2022-02-06,12.0,94.6,15.873,12.5,rain,23.0,11.2,49.8,1019.4,100.0,6.1,2.4,0.16,Rain,0.5943761565849831,0.804187157621448
2022-02-07,14.4,88.0,0.199,4.17,rain,23.0,8.0,13.4,1014.9,95.5,6.6,11.2,0.19,Rain,0.6081214998935418,0.7938439653781019
2022-02-08,15.1,94.3,1.197,12.5,rain,24.5,16.6,46.7,1015.8,96.4,6.3,3.0,0.25,Rain,0.6216868902665479,0.7832658619336791
2022-02-09,11.5,88.0,0.914,8.33,rain,25.9,18.4,37.2,1018.3,100.0,9.5,3.3,0.26,Rain,0.6350683134867438,0.7724559775191742
2022-02-10,11.9,90.6,0.596,12.5,rain,15.1,14.8,51.1,1016.2,98.9,6.9,5.6,0.29,Rain,0.6482618097757122,0.7614175109532997
2022-02-11,15.2,95.5,0.695,8.33,rain,15.5,11.2,28.1,1015.2,99.4,4.2,6.5,0.32,Rain,0.6612634749656386,0.7501537286959042
2022-02-12,14.6,95.1,2.724,16.67,rain,16.6,17.8,46.7,1014.3,100.0,5.7,2.6,0.35,Rain,0.6740694616546161,0.7386679638813748
2022-02-13,11.6,85.3,7.0,12.5,rain,27.7,20.5,25.2,1015.1,91.2,8.6,2.6,0.39,Rain,0.6866759803451553,0.726963615332308
2022-02-14,10.0,66.8,0.3,8.33,rain,20.5,18.4,44.4,1017.9,50.3,10.0,8.6,0.42,Rain,0.6990793005655562,0.7150441465537444
2022-02-15,13.7,83.5,0.1,4.17,rain,14.8,11.2,44.1,1016.5,99.5,8.1,5.2,0.45,Rain,0.7112757519738152,0.7029130847082615
2022-02-16,15.5,95.2,1.209,8.33,rain,12.2,9.4,37.5,1012.7,99.9,4.8,3.3,0.5,Rain,0.7232617254437388,0.6905740195722294
2022-02-17,17.5,94.3,0.1,8.33,rain,17.6,7.6,57.6,1009.8,95.8,3.1,9.2,0.52,Rain,0.7350336741329412,0.6780306024735382
2022-02-18,20.0,96.1,0.6,12.5,rain,31.0,18.4,101.2,1010.2,94.0,2.9,3.3,0.55,Rain,0.746588114532413,0.6652865452111116
2022-02-19,11.5,89.2,31.053,16.67,rain,33.8,27.7,31.4,1016.6,95.8,9.3,2.0,0.59,Rain,0.7579216274973472,0.6523456189565257
2022-02-20,7.0,87.2,39.937,16.67,rain,27.4,22.3,12.5,1022.9,96.4,9.5,1.6,0.62,Rain,0.7690308592589181,0.6392116531380588
2022-02-21,5.5,69.3,0.36,4.17,rain,31.0,18.4,5.8,1023.9,71.1,10.0,8.2,0.66,Rain,0.7799125224167177,0.6258885343075018
2022-02-22,5.9,68.0,0.0,0.0,noprecip,29.9,20.5,5.4,1025.1,92.1,10.0,8.4,0.7,Cloudy,0.7905633969115482,0.612380204990065
2022-02-23,4.9,56.2,0.0,0.0,noprecip,30.6,18.4,356.0,1026.9,19.0,10.0,20.7,0.73,Clear,0.8009803309782905,0.5986906625177214
2022-02-24,6.5,59.8,0.0,0.0,noprecip,26.3,14.8,57.3,1026.5,18.1,9.9,20.5,0.75,Clear,0.8111602420785621,0.5848239578463322
2022-02-25,9.3,70.0,0.0,0.0,noprecip,16.6,14.8,104.7,1023.9,15.1,8.1,18.8,0.8,Clear,0.8211001178128892,0.5707841943569036
2022-02-26,11.8,72.8,0.0,0.0,noprecip,19.4,11.2,61.3,1022.1,75.9,6.6,18.4,0.84,Cloudy,0.8307970168121247,0.5565755266413303
2022-02-27,13.9,73.9,0.0,0.0,noprecip,19.8,9.4,263.5,1018.9,76.0,5.3,14.2,0.87,Cloudy,0.8402480696078469,0.5422021592729844
2022-02-28,15.5,76.7,0.0,0.0,noprecip,28.4,16.6,112.2,1015.9,64.0,5.6,16.9,0.91,Cloudy,0.8494504794814806,0.527668345562516
2022-03-01,17.1,79.9,0.5,20.83,rain,14.0,13.0,100.6,1016.4,83.5,5.8,5.6,0.95,Rain,0.8584015232918917,0.512978386299228
2022-03-02,18.2,79.5,0.0,0.0,noprecip,25.9,13.0,151.7,1016.6,65.8,5.3,14.1,0.98,Cloudy,0.8670985522812081,0.4981366284784055
2022-03-03,18.5,80.7,0.0,0.0,noprecip,31.0,20.5,118.6,1014.2,67.0,6.4,15.0,0.0,Cloudy,0.8755389928586302,0.4831474640149687
2022-03-04,19.5,89.8,0.3,12.5,rain,28.8,14.8,109.5,1012.8,96.9,5.1,9.3,0.05,Rain,0.8837203473619977,0.4680153284438345
2022-03-05,20.5,95.0,0.2,8.33,rain,27.0,11.6,114.6,1011.7,96.9,4.1,4.7,0.08,Rain,0.8916401947968874,0.45274469960737107
2022-03-06,21.1,93.7,0.206,12.5,rain,30.6,14.8,114.8,1011.5,98.0,4.6,7.5,0.11,Rain,0.8992961915530253,0.4373400963303323
2022-03-07,17.1,77.7,15.285,12.5,rain,40.3,24.1,7.9,1017.7,46.6,7.8,10.1,0.14,Rain,0.9066860720977985,0.4218060770826634
2022-03-08,14.1,69.8,0.0,0.0,noprecip,33.8,22.3,124.6,1016.0,16.3,8.7,22.4,0.18,Clear,0.9138076496466615,0.40614723863057883
2022-03-09,15.5,77.7,0.1,4.17,rain,31.3,22.3,105.2,1013.9,77.2,9.3,9.6,0.21,Rain,0.9206588168102428,0.3903682146763026
2022-03-10,18.0,85.5,0.989,4.17,rain,28.1,16.6,111.2,1013.8,96.8,7.0,8.0,0.25,Rain,0.9272375462179537,0.374473674486883
2022-03-11,18.5,81.3,0.0,0.0,noprecip,24.1,13.0,116.2,1012.3,96.7,8.9,12.7,0.27,Cloudy,0.9335418911179212,0.35846832151248087
2022-03-12,19.4,82.0,0.3,12.5,rain,30.2,18.4,124.9,1011.1,79.0,8.9,7.2,0.3,Rain,0.9395699859530622,0.342356891994542
2022-03-13,20.2,85.5,0.0,0.0,noprecip,32.0,16.6,115.6,1011.0,85.6,8.5,9.2,0.34,Cloudy,0.945320046913132,0.3261441535642696
2022-03-14,20.3,83.5,0.2,8.33,rain,31.0,14.4,115.0,1011.0,92.9,8.1,8.1,0.37,Rain,0.9507903724625832,0.3098349038318025
2022-03-15,20.7,79.3,0.1,4.17,rain,19.1,13.0,192.5,1010.0,54.7,5.8,9.9,0.4,Rain,0.9559793438440766,0.2934339689665273
2022-03-16,21.3,87.9,0.223,12.5,rain,38.2,20.5,120.2,1008.6,76.8,6.7,12.0,0.43,Rain,0.9608854255574977,0.27694620226893646
2022-03-17,21.6,88.7,0.0,0.0,noprecip,21.2,14.8,106.2,1007.9,91.8,6.1,11.3,0.46,Cloudy,0.9655071658143364,0.2603764827344581
2022-03-18,22.0,84.3,0.099,4.17,rain,21.6,17.0,115.6,1008.4,71.4,5.7,9.1,0.5,Rain,0.969843196967294,0.24372971360968387
2022-03-19,22.0,88.0,0.3,12.5,rain,31.7,18.4,117.2,1006.7,90.6,6.8,12.2,0.53,Rain,0.9738922359149924,0.22701082094141847
2022-03-20,22.9,86.2,0.0,0.0,noprecip,37.1,27.7,114.3,1006.7,91.8,7.5,16.7,0.57,Cloudy,0.9776530844816641,0.2102247521189836
2022-03-21,23.6,89.3,0.0,0.0,noprecip,32.4,18.4,107.5,1007.7,90.6,6.2,15.8,0.6,Cloudy,0.981124629771712,0.19337647441020586
2022-03-22,23.8,85.8,10.6,25.0,rain,25.9,20.5,94.7,1009.1,79.0,6.1,15.7,0.64,Rain,0.984305844499033,0.17647097349152166
2022-03-23,16.9,83.1,5.99,8.33,rain,51.8,31.7,40.8,1013.4,99.0,8.7,2.9,0.68,Rain,0.9871957872910085,0.15951325197263655
2022-03-24,16.7,88.3,4.951,4.17,rain,38.9,16.6,101.7,1011.0,99.5,7.2,7.0,0.71,Rain,0.9897936029670716,0.14250832791617088
2022-03-25,20.2,88.0,0.198,4.17,rain,25.2,13.0,110.7,1007.6,94.5,5.2,16.3,0.75,Rain,0.992098522791769,0.12546123335273648
2022-03-26,23.1,83.2,0.0,0.0,noprecip,34.6,16.6,84.6,1007.6,50.6,4.8,22.6,0.78,Cloudy,0.9941098647022418,0.10837701279187609
2022-03-27,18.3,75.6,0.89,4.17,rain,51.8,27.7,44.9,1012.8,76.1,8.7,6.0,0.82,Rain,0.9958270335100595,0.09126072172931188
2022-03-28,14.8,73.1,7.033,8.33,rain,24.1,13.0,64.5,1016.7,36.6,10.0,15.6,0.85,Rain,0.9972495210773451,0.07411742515094437
2022-03-29,17.1,82.7,0.2,4.17,rain,18.4,13.0,89.1,1014.8,85.7,5.4,9.7,0.89,Rain,0.998376906467142,0.056952196034039754
2022-03-30,20.2,90.6,0.513,8.33,rain,21.2,18.4,90.5,1013.6,94.9,4.7,6.9,0.93,Rain,0.9992088560679753,0.03977011384605572
2022-03-31,21.6,85.2,0.199,4.17,rain,46.4,25.9,60.3,1014.8,85.9,7.0,11.5,0.96,Rain,0.9997451236925734,0.022576263041545485
2022-04-01,15.7,84.1,43.745,16.67,rain,31.7,31.7,347.3,1021.5,89.4,9.0,3.6,0.0,Rain,0.9999855506507186,0.005375731557583884
2022-04-02,10.7,57.3,0.042,4.17,rain,38.2,22.3,355.5,1025.2,50.4,10.0,8.3,0.03,Rain,0.9999300657962057,-0.011826390691832589
2022-04-03,10.2,54.9,0.0,0.0,noprecip,25.2,16.6,24.6,1022.5,7.1,10.0,22.1,0.06,Clear,0.9995786855478958,-0.029025013321975237
2022-04-04,11.7,56.3,0.0,0.0,noprecip,24.1,16.6,119.9,1021.2,9.3,10.0,25.3,0.09,Clear,0.9989315138848577,-0.046215046983708354
2022-04-05,14.2,62.9,0.0,0.0,noprecip,18.0,11.2,254.1,1020.0,5.5,9.5,24.9,0.13,Clear,0.9979887423155984,-0.06339140486951038
2022-04-06,16.9,67.2,0.0,0.0,noprecip,19.4,11.2,311.5,1017.8,17.0,8.7,23.6,0.16,Clear,0.9967506498213929,-0.08054900421874167
2022-04-07,17.1,59.5,0.0,0.0,noprecip,26.6,14.8,289.2,1016.5,20.8,8.3,23.8,0.19,Cloudy,0.9952176027737294,-0.09768276782171598
2022-04-08,16.3,61.1,0.0,0.0,noprecip,18.0,13.0,125.6,1014.9,3.3,8.5,25.4,0.22,Clear,0.9933900548258936,-0.11478762552212701
2022-04-09,17.5,69.4,0.0,0.0,noprecip,29.5,20.5,116.5,1012.1,3.8,7.8,25.9,0.25,Clear,0.9912685467787256,-0.13185851571739118
2022-04-10,19.0,73.4,0.0,0.0,noprecip,25.6,18.4,117.0,1010.8,57.5,8.6,22.9,0.29,Cloudy,0.9888537064205885,-0.1488903868564548
2022-04-11,21.0,87.7,0.4,16.67,rain,27.0,14.8,111.1,1010.0,71.4,6.7,10.2,0.32,Rain,0.986146248341595,-0.16587819893463143
2022-04-12,22.1,84.3,0.0,0.0,noprecip,28.8,18.4,126.5,1006.6,73.9,8.4,13.4,0.35,Cloudy,0.9831469737221499,-0.1828169249850199
2022-04-13,22.2,76.6,0.2,8.33,rain,18.7,11.2,98.7,1006.6,47.2,8.0,15.1,0.38,Rain,0.9798567700958665,-0.1997015525660636
2022-04-14,22.5,78.9,0.1,4.17,rain,33.5,20.5,116.7,1006.8,42.6,7.8,14.8,0.42,Rain,0.9762766110869321,-0.21652708524481437
2022-04-15,23.3,84.9,1.2,37.5,rain,38.2,18.4,115.8,1007.5,89.9,7.3,8.8,0.45,Rain,0.9724075561219968,-0.23328854407545518
2022-04-16,21.7,87.3,5.688,16.67,rain,44.3,25.9,80.8,1009.0,97.4,8.9,6.3,0.48,Rain,0.9682507501166718,-0.2499809690726521
2022-04-17,16.4,89.2,0.844,8.33,rain,22.3,20.5,24.3,1014.1,99.5,8.7,3.3,0.5,Rain,0.9638074231367307,-0.26659942067929354
2022-04-18,15.4,79.6,10.892,12.5,rain,29.5,18.4,17.1,1017.8,70.0,9.2,7.7,0.55,Rain,0.9590788900341131,-0.28313898122818354
2022-04-19,15.4,67.4,0.0,0.0,noprecip,21.6,16.6,28.9,1017.6,24.2,10.0,17.4,0.59,Cloudy,0.9540665500578387,-0.2995947563972602
2022-04-20,17.5,76.1,0.6,4.17,rain,17.6,13.0,104.3,1014.9,22.5,8.2,17.9,0.62,Rain,0.9487718864399473,-0.31596187665790293
2022-04-21,19.5,85.9,1.2,16.67,rain,24.8,13.0,83.3,1011.7,83.5,5.7,11.6,0.66,Rain,0.9431964659565866,-0.33223549871590435
2022-04-22,21.4,80.2,0.0,0.0,noprecip,31.3,20.5,129.3,1009.1,75.3,8.0,14.3,0.69,Cloudy,0.9373419384643772,-0.3484108069446808
2022-04-23,23.6,82.8,0.4,12.5,rain,26.3,20.5,116.0,1007.5,73.5,8.6,15.8,0.75,Rain,0.9312100364121947,-0.3644830148102912
2022-04-24,24.4,86.9,0.0,0.0,noprecip,31.7,20.5,115.8,1004.9,94.6,9.0,19.8,0.76,Cloudy,0.9248025743285089,-0.38044736628785164
2022-04-25,24.7,84.1,0.0,0.0,noprecip,32.0,24.1,97.5,1003.9,88.9,8.5,23.8,0.8,Cloudy,0.9181214482844365,-0.39629913726891813
2022-04-26,24.8,82.5,0.0,0.0,noprecip,27.4,20.5,97.6,1003.8,79.4,9.0,24.7,0.83,Cloudy,0.9111686353326631,-0.41203363695942635
2022-04-27,25.2,84.7,0.099,4.17,rain,30.2,18.4,105.6,1005.6,86.8,8.3,18.8,0.87,Rain,0.9039461929224011,-0.42764620926777464
2022-04-28,25.0,88.2,0.001,4.17,rain,40.0,22.3,122.7,1007.6,93.8,8.7,15.5,0.91,Rain,0.8964562582905575,-0.44313223418263453
2022-04-29,24.6,88.2,0.8,20.83,rain,37.8,14.8,116.1,1008.9,91.2,8.4,12.0,0.94,Rain,0.8887010478292915,-0.45848712914008766
2022-04-30,24.6,79.9,0.989,4.17,rain,34.6,17.5,129.7,1008.8,69.7,9.1,21.4,0.98,Rain,0.8806828564301475,-0.47370635037968
2022-05-01,16.5,67.0,12.554,8.33,rain,59.4,35.3,18.1,1012.9,74.1,9.7,8.6,0.0,Rain,0.8724040568049612,-0.48878539428899265
2022-05-02,12.5,49.5,0.0,0.0,noprecip,36.0,19.7,359.6,1016.0,62.2,10.0,22.9,0.04,Cloudy,0.8638670987837349,-0.503719798736334
2022-05-03,14.2,55.2,0.0,0.0,noprecip,26.6,17.7,17.4,1016.1,29.8,10.7,26.7,0.08,Cloudy,0.8550745085896932,-0.518505144391157
2022-05-04,14.3,54.3,0.0,0.0,noprecip,17.6,16.6,104.1,1014.2,24.7,10.0,26.9,0.11,Cloudy,0.8460288880917339,-0.533137056031809
2022-05-05,18.2,64.9,0.0,0.0,noprecip,20.9,16.6,101.6,1011.5,19.9,10.4,24.2,0.14,Clear,0.8367329140344921,-0.5476112038402312
2022-05-06,21.0,74.6,1.5,20.83,rain,22.7,10.0,53.1,1010.9,54.3,8.6,16.7,0.17,Rain,0.8271893372462497,-0.5619233046832195
2022-05-07,23.1,80.9,1.027,8.33,rain,22.0,19.4,131.4,1010.7,79.4,9.0,14.6,0.21,Rain,0.8174009818249189,-0.5760691233798758
2022-05-08,23.6,85.8,2.977,8.33,rain,33.8,25.0,116.8,1010.2,90.1,9.4,18.7,0.24,Rain,0.8073707443023492,-0.5900444739548627
2022-05-09,24.0,83.5,2.011,8.33,rain,37.1,22.3,133.2,1009.0,78.8,9.3,16.5,0.25,Rain,0.7971015927871943,-0.6038452208771035
2022-05-10,25.2,82.5,1.021,8.33,rain,29.5,21.4,122.7,1005.8,72.8,10.8,19.4,0.31,Rain,0.7865965660866021,-0.6174672802835514
2022-05-11,25.7,83.1,2.0,37.5,rain,33.8,15.7,98.1,1004.0,63.7,8.7,15.9,0.34,Rain,0.7758587728069828,-0.6309066211876704
2022-05-12,24.7,88.3,37.705,8.33,rain,38.9,18.4,71.5,1003.5,80.7,9.4,13.0,0.37,Rain,0.7648913904341226,-0.6441592666722685
2022-05-13,24.0,84.7,0.032,8.33,rain,31.3,20.5,59.3,1003.8,87.9,8.7,10.1,0.4,Rain,0.753697664392914,-0.6572212950663319
2022-05-14,22.1,87.0,3.276,8.33,rain,15.5,13.9,51.1,1007.1,95.9,8.9,6.4,0.44,Rain,0.742280907086982,-0.6700888411055113
2022-05-15,21.8,83.9,5.027,8.33,rain,39.6,17.5,26.0,1008.9,92.9,7.9,7.2,0.47,Rain,0.7306444969184916,-0.6827580970759147
2022-05-16,16.2,62.2,0.021,4.17,rain,31.7,15.7,11.4,1013.7,96.8,10.0,6.5,0.5,Rain,0.7187918772884232,-0.6952253139408722
2022-05-17,17.2,64.6,0.0,0.0,noprecip,19.4,16.6,100.9,1013.2,86.0,10.0,21.1,0.54,Cloudy,0.7067265555776158,-0.7074868024503348
2022-05-18,19.6,70.8,0.0,0.0,noprecip,24.1,20.4,122.9,1012.3,57.8,9.9,17.9,0.57,Cloudy,0.6944521021088763,-0.719538934232584
2022-05-19,21.9,79.4,0.3,12.5,rain,23.0,15.7,122.1,1011.0,72.7,9.0,13.2,0.61,Rain,0.6819721490904629,-0.7313781428679254
2022-05-20,23.4,81.6,2.6,37.5,rain,25.6,13.9,106.7,1008.6,74.8,9.1,8.5,0.64,Rain,0.6692903895412567,-0.7430009249440493
2022-05-21,21.9,80.0,0.131,8.33,rain,33.5,17.5,38.2,1006.1,77.9,10.0,3.7,0.68,Rain,0.6564105761979381,-0.7544038410927472
2022-05-22,22.9,92.1,48.567,16.67,rain,108.0,19.4,24.9,1002.0,93.0,7.2,6.8,0.71,Rain,0.6433365204044917,-0.765583517007675
2022-05-23,23.8,95.4,142.532,16.67,rain,34.6,19.4,13.4,1002.4,97.0,6.8,4.1,0.75,Rain,0.6300720909843687,-0.7765366444428655
2022-05-24,23.5,96.8,47.82,12.5,rain,32.8,15.7,320.5,1006.5,93.5,7.2,7.0,0.78,Rain,0.6166212130956382,-0.7872599821916922
2022-05-25,24.7,87.4,0.2,8.33,rain,22.3,15.7,93.6,1005.5,85.3,7.4,14.9,0.82,Rain,0.6029878670694714,-0.7977503570459932
2022-05-26,25.4,82.8,0.053,4.17,rain,20.9,16.6,93.4,1001.7,75.9,8.5,18.5,0.85,Rain,0.5891760872322963,-0.8080046647350754
2022-05-27,25.3,86.0,6.926,4.17,rain,22.3,23.2,93.1,1000.3,64.4,9.7,10.1,0.89,Rain,0.5751899607119775,-0.8180198708443175
2022-05-28,26.2,86.3,32.651,8.33,rain,22.3,22.3,96.6,1000.4,82.6,8.5,12.1,0.92,Rain,0.5610336262283677,-0.8277930117131022
2022-05-29,25.9,87.3,19.788,8.33,rain,22.0,23.2,96.4,1001.6,78.8,9.0,13.3,0.96,Rain,0.5467112728685939,-0.8373211953118121
2022-05-30,26.0,88.0,0.105,8.33,rain,26.3,17.6,77.7,1003.1,79.6,9.0,11.7,0.0,Rain,0.5322271388474397,-0.8466016020976267
2022-05-31,24.4,85.4,58.624,12.5,rain,20.9,16.6,78.0,1004.5,68.3,9.1,9.9,0.02,Rain,0.5175855102531889,-0.8556314858488706
2022-06-01,25.4,82.9,24.736,4.17,rain,28.1,26.8,120.0,1003.9,63.7,8.6,21.8,0.06,Rain,0.5027907197793043,-0.8644081744776648
2022-06-02,25.9,80.2,3.958,4.17,rain,35.6,15.7,116.1,1002.1,68.8,8.7,12.2,0.09,Rain,0.4878471454423119,-0.8729290708206411
2022-06-03,24.9,72.5,0.18,4.17,rain,39.2,16.6,131.4,1000.5,80.0,10.1,15.0,0.12,Rain,0.47275920928627757,-0.881191653407483
2022-06-04,25.1,67.9,0.0,0.0,noprecip,35.6,16.6,123.7,1000.0,70.1,10.6,25.5,0.16,Cloudy,0.4575313760742512,-0.8891934772070711
2022-06-05,26.2,77.0,0.6,4.17,rain,29.5,15.7,65.3,1000.2,65.2,11.2,19.6,0.19,Rain,0.44216815196707204,-0.8969321743510065
2022-06-06,25.2,83.9,4.947,4.17,rain,32.0,15.7,2.8,1002.4,62.0,10.6,12.7,0.22,Rain,0.42667408318992467,-0.9044054548343001
2022-06-07,24.9,82.6,6.343,12.5,rain,17.6,13.9,254.6,1003.6,71.8,9.8,8.8,0.25,Rain,0.4110537546870351,-0.9116111071930239
2022-06-08,25.2,86.5,6.926,4.17,rain,26.6,11.2,75.6,1003.1,71.7,8.2,17.4,0.29,Rain,0.3953117887649151,-0.9185469991587165
2022-06-09,25.4,82.0,0.021,4.17,rain,28.4,12.1,71.8,1002.6,64.0,8.2,18.6,0.32,Rain,0.37945284372454435,-0.925211078289358
2022-06-10,26.3,81.5,1.5,20.83,rain,31.7,13.0,71.1,1001.1,48.2,8.6,15.2,0.36,Rain,0.36348161248290634,-0.9316013725767187
2022-06-11,25.8,87.1,0.495,8.33,rain,34.9,12.1,42.2,1003.3,54.6,9.0,9.4,0.39,Rain,0.3474028211842774,-0.9377159910299093
2022-06-12,26.1,77.2,0.099,4.17,rain,35.6,13.9,139.2,1003.5,82.4,7.7,14.0,0.42,Rain,0.3312212278016865,-0.9435531242349544
2022-06-13,25.6,75.0,0.074,4.17,rain,25.6,23.2,35.4,1003.1,60.8,9.3,18.8,0.46,Rain,0.31494162072895193,-0.9491110448902284
2022-06-14,24.8,85.7,56.645,12.5,rain,20.9,17.0,306.6,1006.9,71.2,9.9,11.1,0.5,Rain,0.2985688173637202,-0.9543881083175908
2022-06-15,24.6,81.3,19.894,8.33,rain,20.2,13.0,199.8,1007.5,85.2,10.0,11.7,0.52,Rain,0.2821076626819194,-0.9593827529490743
2022-06-16,25.1,76.4,0.998,4.17,rain,36.0,13.0,136.2,1005.6,70.1,9.7,18.3,0.56,Rain,0.26556302780405594,-0.9640935007889755
2022-06-17,24.3,67.4,0.127,4.17,rain,37.1,14.8,176.9,1002.6,82.6,9.9,19.2,0.59,Rain,0.24893980855376657,-0.9685189578512204
2022-06-18,23.8,62.7,0.0,0.0,noprecip,29.5,19.4,211.1,1000.2,75.7,11.4,22.1,0.63,Cloudy,0.23224292400907015,-0.9726578145718654
2022-06-19,24.0,59.0,0.0,0.0,noprecip,34.9,15.7,218.0,999.2,64.0,11.7,25.7,0.66,Cloudy,0.21547731504673012,-0.976508846196619
2022-06-20,24.5,60.0,0.0,0.0,noprecip,30.6,15.7,179.7,998.3,75.6,10.8,24.9,0.7,Cloudy,0.19864794288017112,-0.9800709131432666
2022-06-21,25.3,65.0,0.1,4.17,rain,28.4,22.3,131.7,998.9,67.3,11.7,24.7,0.75,Rain,0.18175978759137534,-0.9833429613388902
2022-06-22,25.9,72.2,0.2,8.33,rain,31.0,25.9,111.9,1004.0,64.4,11.5,19.8,0.76,Rain,0.16481784665719793,-0.9863240225317866
2022-06-23,25.0,84.2,2.968,4.17,rain,23.0,15.7,96.7,1007.4,71.3,9.9,23.2,0.8,Rain,0.14782713347053048,-0.9890132145779883
2022-06-24,25.1,74.9,0.4,16.67,rain,27.7,20.3,129.9,1006.6,44.0,10.7,24.2,0.83,Rain,0.13079267585675922,-0.9914097417023038
2022-06-25,24.3,70.5,0.1,4.17,rain,28.4,19.4,135.2,1005.2,36.8,11.2,23.4,0.87,Rain,0.11371951458594969,-0.9935128947338007
2022-06-26,25.4,76.4,0.989,4.17,rain,28.4,21.4,127.4,1006.0,54.9,11.1,24.0,0.9,Rain,0.0966127018812031,-0.9953220513156602
2022-06-27,25.5,71.0,0.0,0.0,noprecip,36.4,21.4,141.0,1004.2,60.8,12.0,26.1,0.93,Cloudy,0.07947729992362097,-0.9968366760893436
2022-06-28,25.7,70.0,0.0,0.0,noprecip,23.8,19.4,99.5,1001.5,62.4,11.9,25.9,0.97,Cloudy,0.062318379354325076,-0.998056320853012
2022-06-29,25.7,75.5,0.307,4.17,rain,28.4,13.9,43.1,1000.4,70.5,10.9,16.1,0.0,Rain,0.04514101777397193,-0.9989806246941579
2022-06-30,25.2,83.7,50.81,8.33,rain,19.1,12.8,341.1,1001.3,65.0,9.4,13.7,0.04,Rain,0.02795029824021032,-0.999609314096404
2022-07-01,25.1,80.2,0.222,12.5,rain,26.6,16.5,316.2,1000.9,67.6,9.6,13.9,0.07,Rain,0.01075130776352193,-0.9999422030204416
2022-07-02,25.0,74.1,0.4,16.67,rain,53.6,28.0,314.6,997.4,81.2,9.7,22.6,0.11,Rain,-0.00645086419810515,-0.9999791929590823
2022-07-03,25.5,73.1,2.772,8.33,rain,21.6,11.2,237.3,997.3,80.8,10.7,20.9,0.14,Rain,-0.023651127245231586,-0.9997202729664083
2022-07-04,26.8,72.9,0.0,0.0,noprecip,22.0,15.7,67.0,997.7,67.4,10.0,22.9,0.17,Cloudy,-0.04084439154329611,-0.9991655196610109
2022-07-05,26.3,79.7,84.377,4.17,rain,35.3,24.0,79.8,1000.4,68.5,9.6,22.5,0.21,Rain,-0.05802556932878035,-0.9983150972033183
2022-07-06,25.3,85.4,7.938,8.33,rain,16.6,12.1,98.3,1003.3,67.5,8.5,12.0,0.24,Rain,-0.07518957641475855,-0.9971692572470178
2022-07-07,25.1,86.6,23.747,4.17,rain,20.9,13.9,73.3,1003.0,88.6,9.3,10.9,0.25,Rain,-0.09233133369539122,-0.9957283388645872
2022-07-08,25.2,87.7,0.602,4.17,rain,24.5,12.1,65.0,1004.1,68.1,9.7,10.2,0.31,Rain,-0.10944576864891556,-0.993992768446958
2022-07-09,25.3,87.9,1.388,8.33,rain,18.7,17.8,74.7,1004.3,61.0,9.5,12.2,0.34,Rain,-0.12652781683868314,-0.9919630595773397
2022-07-10,25.2,79.1,0.219,8.33,rain,20.2,10.3,19.8,1004.8,52.2,10.0,18.9,0.38,Rain,-0.1435724234118113,-0.9896398128792412
2022-07-11,25.7,79.8,11.338,12.5,rain,29.2,16.6,52.7,1004.7,54.0,11.6,17.1,0.41,Rain,-0.16057454459499376,-0.9870237158387383
2022-07-12,26.1,81.7,1.153,12.5,rain,30.6,17.0,96.1,1004.6,60.6,9.9,12.0,0.45,Rain,-0.17752914918703497,-0.984115542601034
2022-07-13,26.0,84.1,33.768,12.5,rain,29.2,12.9,69.5,1003.9,61.4,9.5,15.8,0.48,Rain,-0.19443122004766195,-0.9809161537413774
2022-07-14,25.6,79.7,7.974,12.5,rain,27.0,16.6,101.1,1004.0,62.4,9.8,14.3,0.5,Rain,-0.2112757555821793,-0.9774264960104055
2022-07-15,26.0,82.3,34.022,12.5,rain,38.9,18.6,79.0,1004.6,64.8,10.5,19.9,0.55,Rain,-0.2280577712215198,-0.9736476020539838
2022-07-16,26.4,76.3,0.0,0.0,noprecip,25.6,16.6,126.3,1004.0,51.0,12.0,22.5,0.58,Cloudy,-0.24477230089725957,-0.9695805901076308
2022-07-17,27.6,77.8,0.0,0.0,noprecip,24.8,19.4,121.8,1002.6,70.8,11.7,21.6,0.61,Cloudy,-0.2614143985111562,-0.965226663665613
2022-07-18,27.3,76.1,4.947,4.17,rain,24.8,21.4,96.9,1000.3,72.0,11.6,24.2,0.65,Rain,-0.2779791393987801,-0.9605871111248129
2022-07-19,25.8,82.4,48.704,4.17,rain,28.1,16.7,91.2,1001.8,68.5,9.8,19.5,0.68,Rain,-0.2944616217868012,-0.9556633054034704
2022-07-20,25.9,84.7,26.736,8.33,rain,31.0,19.4,106.1,1005.9,67.0,9.6,14.3,0.75,Rain,-0.3108569682435036,-0.9504567035349151
2022-07-21,25.6,87.8,21.958,12.5,rain,36.0,20.4,75.0,1008.5,71.5,10.1,11.0,0.75,Rain,-0.3271603271220951,-0.9449688462364056
2022-07-22,25.1,86.7,16.01,12.5,rain,27.7,22.2,84.7,1010.5,69.0,9.1,13.7,0.78,Rain,-0.34336687399638804,-0.939201357453208
2022-07-23,25.2,78.3,0.002,4.17,rain,26.6,13.9,115.8,1009.0,44.6,11.0,22.9,0.82,Rain,-0.3594718130884232,-0.9331559438780432
2022-07-24,25.5,74.5,0.2,8.33,rain,24.1,15.7,120.5,1007.2,27.1,12.1,24.8,0.85,Rain,-0.3754703786876202,-0.9268343944460494
2022-07-25,25.0,72.7,0.0,0.0,noprecip,24.8,15.7,122.9,1007.5,28.8,11.4,24.3,0.88,Cloudy,-0.3913578365610259,-0.9202385798054075
2022-07-26,25.2,73.8,0.0,0.0,noprecip,27.7,17.5,122.9,1006.8,30.1,10.2,25.5,0.92,Cloudy,-0.4071294853542516,-0.9133704517637858
2022-07-27,25.4,74.8,0.0,0.0,noprecip,24.5,17.5,126.9,1006.1,32.4,10.7,22.5,0.95,Cloudy,-0.4227806579826773,-0.9062320427107697
2022-07-28,25.6,75.2,0.0,0.0,noprecip,23.0,14.8,98.5,1006.2,51.8,11.6,19.1,0.98,Cloudy,-0.4383067230125192,-0.898825465016444
2022-07-29,26.0,76.5,0.0,0.0,noprecip,20.5,15.7,105.9,1005.0,61.2,9.3,19.9,0.0,Cloudy,-0.45370308603134424,-0.8911529104063088
2022-07-30,25.2,78.2,25.725,4.17,rain,20.2,25.9,135.3,1003.5,75.4,9.1,16.2,0.05,Rain,-0.46896519100763184,-0.8832166493127127
2022-07-31,25.2,79.4,2.444,8.33,rain,24.1,19.4,105.2,1003.0,57.4,9.4,14.0,0.09,Rain,-0.48408852163897587,-0.8750190302029955
2022-08-01,25.4,81.1,0.158,8.33,rain,38.9,20.3,104.7,1004.3,46.2,9.9,18.7,0.12,Rain,-0.4990686026885319,-0.8665624788845385
2022-08-02,25.5,76.3,2.968,4.17,rain,23.8,14.8,92.7,1005.9,47.4,9.9,15.4,0.16,Rain,-0.5139010013093103,-0.8578494977869301
2022-08-03,25.1,70.4,0.4,12.5,rain,20.5,14.8,109.9,1005.8,48.6,11.1,24.2,0.19,Rain,-0.5285813283559292,-0.8488826652214553
2022-08-04,26.1,77.6,0.667,8.33,rain,20.2,18.4,99.7,1003.6,52.2,10.1,21.7,0.23,Rain,-0.5431052396834317,-0.8396646346181327
2022-08-05,24.5,80.4,0.933,8.33,rain,20.2,17.6,111.4,1003.0,60.5,9.9,6.1,0.25,Rain,-0.5574684374327892,-0.8301981337405212
2022-08-06,24.8,86.6,14.737,12.5,rain,18.7,15.7,94.3,1003.9,88.6,9.2,3.6,0.3,Rain,-0.5716666713027052,-0.8204859638785327
2022-08-07,25.5,88.0,9.697,16.67,rain,23.4,14.8,61.3,1005.2,69.4,9.6,4.8,0.33,Rain,-0.5856957398073508,-0.8105309990194823
2022-08-08,25.0,82.3,0.989,4.17,rain,26.6,11.7,327.3,1005.2,53.2,8.7,21.2,0.37,Rain,-0.5995514915196489,-0.8003361849976323
2022-08-09,24.6,75.6,0.491,8.33,rain,23.0,9.6,327.5,1003.2,62.0,10.0,21.7,0.4,Rain,-0.6132298262997502,-0.7899045386224707
2022-08-10,25.1,82.9,4.958,4.17,rain,35.3,17.7,332.6,1000.9,81.3,9.8,13.0,0.44,Rain,-0.6267266965083301,-0.7792391467859886
2022-08-11,24.6,92.6,153.071,20.83,rain,36.4,19.5,251.5,1000.5,94.0,7.1,2.8,0.47,Rain,-0.6400381082043503,-0.7683431655492202
2022-08-12,24.0,92.3,91.926,12.5,rain,22.3,20.3,93.9,1006.3,78.9,7.6,4.1,0.5,Rain,-0.65316012232693,-0.7572198192083127
2022-08-13,24.6,82.8,6.1,41.67,rain,20.9,12.9,109.8,1006.5,82.3,9.3,16.4,0.54,Rain,-0.666088855860977,-0.7458723993404063
2022-08-14,25.4,82.4,0.169,4.17,rain,21.6,13.9,121.3,1005.5,54.3,8.8,18.5,0.57,Rain,-0.6788204829862355,-0.734304263829602
2022-08-15,25.3,79.4,0.106,4.17,rain,17.3,16.6,104.9,1004.5,48.6,10.1,19.4,0.6,Rain,-0.6913512362094071,-0.722518835873311
2022-08-16,25.8,76.8,0.5,12.5,rain,22.7,15.7,105.1,1004.4,39.9,11.9,20.7,0.64,Rain,-0.7036774074790128,-0.7105196029692745
2022-08-17,26.3,80.4,1.9,33.33,rain,22.7,13.9,109.1,1004.3,47.8,9.4,17.2,0.67,Rain,-0.7157953492826642,-0.6983101158835584
2022-08-18,26.1,78.4,0.7,20.83,rain,26.6,19.5,105.3,1003.6,59.0,9.3,22.0,0.7,Rain,-0.7277014757264236,-0.6858939875998223
2022-08-19,26.4,77.4,1.8,20.83,rain,20.9,25.0,94.6,1002.6,52.3,9.6,20.2,0.75,Rain,-0.7393922635959241,-0.673274892250183
2022-08-20,25.7,89.0,17.947,16.67,rain,32.0,20.3,299.9,1002.4,80.4,9.2,13.0,0.77,Rain,-0.7508642533989489,-0.6604565640279754
2022-08-21,25.4,90.7,47.022,16.67,rain,28.8,21.3,67.3,1002.8,83.3,9.4,7.8,0.8,Rain,-0.7621140503891487,-0.6474427960827475
2022-08-22,25.8,81.4,1.979,4.17,rain,19.4,13.8,111.9,1004.7,54.9,11.1,16.8,0.83,Rain,-0.7731383255706026,-0.6342374393978054
2022-08-23,26.8,85.7,0.032,4.17,rain,23.8,13.9,94.7,1005.4,39.8,10.3,20.0,0.86,Rain,-0.7839338166829201,-0.620844401650647
2022-08-24,26.5,78.6,4.8,16.67,rain,32.8,10.3,23.3,1003.5,42.4,9.4,17.6,0.9,Rain,-0.7944973291665992,-0.6072676460566135
2022-08-25,26.1,89.8,30.979,8.33,rain,27.7,23.2,284.3,999.7,63.7,7.7,15.6,0.93,Rain,-0.8048257371083452,-0.593511190196115
2022-08-26,25.1,85.1,43.778,8.33,rain,47.9,22.3,128.4,1002.7,77.5,8.9,10.8,0.96,Rain,-0.8149159841660791,-0.5795791048257612
2022-08-27,25.4,78.3,0.1,4.17,rain,19.8,20.4,106.2,1007.3,58.6,11.3,19.7,0.0,Rain,-0.8247650844733614,-0.5654755126737576
2022-08-28,26.0,78.5,0.2,8.33,rain,24.1,19.4,115.9,1007.3,44.6,12.5,21.8,0.03,Rain,-0.8343701235229537,-0.5512045872199277
2022-08-29,25.8,76.5,0.0,0.0,noprecip,28.1,17.5,128.2,1008.9,45.9,10.9,22.5,0.07,Cloudy,-0.8437282590292712,-0.5367705514607103
2022-08-30,25.3,74.3,0.0,0.0,noprecip,19.1,13.9,117.3,1008.4,43.5,11.5,23.9,0.1,Cloudy,-0.8528367217694595,-0.522177676659508
2022-08-31,25.7,76.6,0.2,8.33,rain,15.1,12.1,76.4,1006.8,44.2,11.5,19.5,0.14,Rain,-0.8616928164028521,-0.5074302810827518
2022-09-01,25.5,83.5,11.032,8.33,rain,50.0,17.5,341.9,1009.0,51.6,9.3,11.1,0.17,Rain,-0.8702939222685674,-0.49253272872205434
2022-09-02,24.4,72.4,0.032,4.17,rain,23.8,10.3,349.0,1008.1,65.4,9.5,20.4,0.21,Rain,-0.8786374941610001,-0.4774894280028391
2022-09-03,25.4,73.7,0.106,4.17,rain,16.9,15.6,98.8,1005.4,39.5,8.6,22.0,0.24,Rain,-0.886721063082993,-0.46230483047981086
2022-09-04,23.9,80.7,2.042,8.33,rain,38.9,20.4,356.7,1007.3,71.8,9.4,14.8,0.25,Rain,-0.8945422369764496,-0.4469834295196741
2022-09-05,22.3,67.7,0.0,0.0,noprecip,25.2,11.2,314.1,1007.8,54.9,10.7,20.2,0.31,Cloudy,-0.9020987014301837,-0.43152975897147144
2022-09-06,21.9,64.1,0.0,0.0,noprecip,29.5,10.4,327.1,1008.3,33.7,12.2,22.1,0.35,Cloudy,-0.9093882203647925,-0.4159483918249421
2022-09-07,23.4,74.0,1.979,4.17,rain,48.2,14.8,358.7,1011.0,60.3,9.3,19.0,0.39,Rain,-0.9164086366943458,-0.4002439388573056
2022-09-08,24.5,89.9,100.747,16.67,rain,31.7,26.8,32.4,1012.7,84.4,8.4,3.2,0.42,Rain,-0.9231578729647039,-0.38442104726885545
2022-09-09,24.0,85.0,25.251,16.67,rain,22.3,9.4,342.6,1013.3,58.7,8.9,5.3,0.46,Rain,-0.9296339319682695,-0.3684843993077793
2022-09-10,24.3,81.4,18.504,12.5,rain,20.5,10.3,208.6,1011.9,66.0,9.2,15.9,0.5,Rain,-0.9358348973349941,-0.35243871088460327
2022-09-11,24.2,78.1,1.3,37.5,rain,22.0,12.1,71.8,1010.0,44.6,9.8,18.7,0.53,Rain,-0.9417589340994617,-0.33628873017668287
2022-09-12,24.1,74.3,0.3,4.17,rain,25.2,12.1,56.7,1009.0,45.6,9.5,19.6,0.56,Rain,-0.9474042892438845,-0.32003923622313857
2022-09-13,24.7,77.1,0.3,8.33,rain,19.1,11.2,331.3,1009.2,40.7,8.0,18.1,0.59,Rain,-0.9527692922168511,-0.30369503751065885
2022-09-14,24.2,72.8,0.3,12.5,rain,17.3,11.2,302.8,1008.6,33.6,8.1,21.0,0.62,Rain,-0.9578523554276669,-0.28726097055059635
2022-09-15,25.0,74.8,1.187,4.17,rain,21.2,14.8,104.9,1006.0,38.3,8.5,20.5,0.65,Rain,-0.9626519747161487,-0.2707418984477642
2022-09-16,25.2,82.6,0.099,4.17,rain,25.9,16.6,95.6,1004.1,62.0,9.4,5.3,0.69,Rain,-0.9671667297977312,-0.2541427094613622
2022-09-17,24.7,83.0,0.735,4.17,rain,24.8,14.8,84.0,1006.1,57.7,9.9,9.4,0.72,Rain,-0.97139528468375,-0.23746831555846842
2022-09-18,24.6,76.0,0.001,4.17,rain,17.6,11.2,145.9,1006.7,21.7,8.4,20.2,0.75,Rain,-0.9753363880767837,-0.2207236509605022
2022-09-19,25.3,76.3,0.0,0.0,noprecip,16.2,11.2,87.1,1006.3,32.6,8.7,20.8,0.78,Cloudy,-0.9789888737409319,-0.20391367068311472
2022-09-20,24.8,78.1,25.923,4.17,rain,24.8,16.6,46.7,1006.8,42.3,9.0,21.6,0.82,Rain,-0.9823516608469237,-0.18704334906991657
2022-09-21,24.0,81.7,1.704,4.17,rain,33.5,12.1,17.1,1008.8,46.0,9.5,13.5,0.85,Rain,-0.9854237542919524,-0.17011767832049052
2022-09-22,24.3,82.7,25.4,4.17,rain,31.7,17.5,67.6,1009.6,61.5,9.3,10.0,0.88,Rain,-0.9882042449941422,-0.15314166701312007
2022-09-23,23.3,80.0,18.005,4.17,rain,31.7,24.1,5.0,1010.3,62.0,9.3,19.0,0.91,Rain,-0.9906923101615609,-0.13612033862266704
2022-09-24,22.8,80.1,8.882,4.17,rain,33.5,13.9,10.5,1010.5,74.4,9.6,11.6,0.95,Rain,-0.9928872135356962,-0.11905873003404988
2022-09-25,22.8,82.5,18.36,4.17,rain,34.6,18.4,13.1,1011.2,67.2,9.2,13.1,0.98,Rain,-0.994788305609327,-0.10196189005174576
2022-09-26,23.7,79.2,0.4,16.67,rain,24.5,9.4,318.5,1009.9,27.4,7.7,19.9,0.0,Rain,-0.9963950238187231,-0.08483487790576538
2022-09-27,23.7,74.8,0.1,4.17,rain,30.6,11.2,325.7,1007.0,19.3,6.9,20.5,0.05,Rain,-0.9977068927101168,-0.06768276175455162
2022-09-28,23.0,80.1,27.2,79.17,rain,40.7,12.1,322.7,1005.8,70.4,8.3,2.6,0.08,Rain,-0.9987235240803972,-0.050510617185222886
2022-09-29,23.7,86.9,23.5,87.5,rain,35.6,14.8,1.8,1006.8,88.4,8.2,4.0,0.12,Rain,-0.9994446170919858,-0.033323525711631344
2022-09-30,23.6,84.1,20.8,100.0,rain,20.5,23.2,63.5,1008.4,70.1,10.0,5.2,0.15,Rain,-0.9998699583618592,-0.016126573270657762
2022-10-01,24.3,89.2,33.5,100.0,rain,22.3,19.4,90.9,1009.6,80.3,8.7,6.0,0.19,Rain,-0.9999994220246925,0.001075151282798226
2022-10-02,23.8,83.4,31.3,91.67,rain,23.4,17.5,94.9,1010.8,83.2,9.9,4.4,0.23,Rain,-0.999832969770105,0.018276557681691223
2022-10-03,24.0,81.1,2.0,50.0,rain,23.0,17.6,72.8,1012.1,53.7,9.1,14.7,0.25,Rain,-0.9993706508539969,0.03547255575312556
2022-10-04,23.8,81.6,0.13,4.17,rain,29.5,8.5,293.3,1013.5,40.4,9.2,16.1,0.3,Rain,-0.9986126020839734,0.052658056924614005
2022-10-05,23.6,77.5,0.08,4.17,rain,19.8,16.6,118.6,1013.2,30.8,9.3,18.8,0.33,Rain,-0.9975590477788613,0.06982797572987089
2022-10-06,23.7,84.8,4.381,8.33,rain,26.3,26.8,108.3,1013.6,41.5,8.9,15.3,0.37,Rain,-0.9962102997023297,0.0869772313136861
2022-10-07,23.7,85.8,1.117,12.5,rain,29.5,13.2,95.9,1014.0,52.4,8.5,13.4,0.4,Rain,-0.9945667569706337,0.1041007489354256
2022-10-08,23.2,81.9,0.876,8.33,rain,20.2,16.6,72.9,1014.4,67.3,9.0,7.8,0.44,Rain,-0.9926289059345095,0.121193461470736
2022-10-09,20.8,76.8,0.519,12.5,rain,48.2,26.8,20.4,1017.2,88.5,9.4,5.0,0.48,Rain,-0.9903973200352558,0.1382503109109819
2022-10-10,14.8,57.8,0.198,4.17,rain,36.0,17.5,4.2,1020.4,63.9,9.7,14.1,0.5,Rain,-0.9878726596350429,0.15526624985999563
2022-10-11,14.6,58.9,0.0,0.0,noprecip,27.7,16.6,28.0,1017.5,10.4,11.0,21.9,0.54,Clear,-0.9850556718215013,0.172236243027682
2022-10-12,15.0,57.4,0.0,0.0,noprecip,21.2,13.9,59.9,1015.7,10.7,10.8,21.8,0.58,Clear,-0.981947190186646,0.18915526872004093
2022-10-13,15.3,57.3,0.0,0.0,noprecip,27.7,11.2,0.6,1014.6,31.8,10.5,20.2,0.61,Cloudy,-0.9785481345802031,0.20601832032517084
2022-10-14,15.3,60.1,0.0,0.0,noprecip,36.4,17.5,342.3,1012.9,60.3,10.3,21.9,0.64,Cloudy,-0.9748595108374125,0.22282040779479959
2022-10-15,14.8,55.8,0.0,0.0,noprecip,40.7,17.5,337.9,1012.9,54.2,10.5,19.8,0.67,Cloudy,-0.9708824104813836,0.23955655912092708
2022-10-16,16.4,59.2,0.0,0.0,noprecip,33.8,16.6,330.4,1014.2,9.6,9.6,21.8,0.7,Clear,-0.9666180104000972,0.2562218218071163
2022-10-17,14.1,46.1,0.0,0.0,noprecip,42.8,20.5,341.1,1014.5,35.3,11.2,21.5,0.74,Cloudy,-0.9620675724981452,0.27281126433401914
2022-10-18,12.5,44.2,0.0,0.0,noprecip,42.5,19.7,345.3,1014.9,41.7,10.2,21.6,0.75,Cloudy,-0.957232443323312,0.28931997761869527
2022-10-19,12.3,58.4,0.101,8.33,rain,33.5,16.5,15.9,1016.7,70.7,9.0,9.8,0.8,Rain,-0.9521140536681102,0.3057430764672831
2022-10-20,16.0,92.3,18.421,16.67,rain,29.9,13.9,342.5,1018.5,99.9,7.1,1.5,0.83,Rain,-0.9467139181463862,0.3220757010206104
2022-10-21,18.8,93.2,5.445,8.33,rain,22.7,12.1,314.8,1018.7,77.1,7.7,3.1,0.86,Rain,-0.9410336347451197,0.3383130181923076
2022-10-22,20.5,77.2,0.0,0.0,noprecip,26.3,10.8,321.1,1016.8,21.3,9.8,19.4,0.9,Cloudy,-0.9350748843515574,0.3544502230989869
2022-10-23,21.5,71.3,0.0,0.0,noprecip,23.4,7.4,356.8,1015.0,19.4,10.4,18.5,0.93,Clear,-0.9288394302558068,0.3704825404820963
2022-10-24,21.0,69.5,0.1,4.17,rain,21.6,15.7,97.5,1014.1,20.1,8.0,18.2,0.96,Rain,-0.9223291176290545,0.3864052261209853
2022-10-25,21.8,83.7,0.131,8.33,rain,19.8,13.9,244.0,1016.2,66.5,7.0,9.8,0.0,Rain,-0.9155458729775467,0.40221356823680365
2022-10-26,22.1,83.5,0.002,4.17,rain,17.6,9.4,283.1,1015.3,81.8,5.8,10.5,0.03,Rain,-0.9084917035725082,0.41790288888678667
2022-10-27,21.7,75.9,0.001,4.17,rain,23.0,11.2,127.6,1014.6,78.4,9.4,13.8,0.06,Rain,-0.9011686968561569,0.4334685453485363
2022-10-28,20.3,69.5,0.0,0.0,noprecip,17.6,11.2,122.9,1014.9,43.2,9.7,14.7,0.1,Cloudy,-0.8935790198239952,0.4489059314938798
2022-10-29,20.7,73.5,0.495,4.17,rain,29.5,12.1,346.5,1015.0,37.4,7.8,17.0,0.13,Rain,-0.8857249183835637,0.4642104791518923
2022-10-30,20.4,73.9,0.0,0.0,noprecip,35.3,14.1,339.5,1013.8,17.0,7.8,17.4,0.17,Clear,-0.8776087166898392,0.4793776594606945
2022-10-31,16.0,56.4,0.0,0.0,noprecip,41.4,19.5,356.7,1014.8,44.9,10.0,15.5,0.21,Cloudy,-0.8692328164574792,0.49440298420761813
2022-11-01,13.5,52.5,0.0,0.0,noprecip,38.9,20.5,326.4,1014.2,59.4,11.3,20.0,0.25,Cloudy,-0.8605996962501181,0.5092820071573356
2022-11-02,14.2,62.0,0.0,0.0,noprecip,22.3,14.8,324.5,1011.9,17.1,9.3,20.3,0.28,Clear,-0.8517119107469189,0.5240103253675756
2022-11-03,15.1,62.8,0.0,0.0,noprecip,21.2,10.6,309.3,1013.2,31.0,9.2,19.8,0.31,Cloudy,-0.8425720899866032,0.5385835804920232
2022-11-04,16.8,65.7,0.0,0.0,noprecip,25.9,11.1,341.4,1016.2,26.0,9.7,17.7,0.35,Cloudy,-0.8331829385891785,0.5529974600700271
2022-11-05,17.4,67.9,0.0,0.0,noprecip,30.2,19.5,63.8,1018.1,8.3,10.3,18.7,0.38,Clear,-0.8235472349556007,0.5672476988027229
2022-11-06,17.9,72.4,0.0,0.0,noprecip,16.6,10.3,78.3,1017.6,15.3,7.1,18.1,0.42,Clear,-0.8136678304455991,0.5813300798152042
2022-11-07,18.7,75.8,0.0,0.0,noprecip,15.8,11.2,95.2,1016.5,29.5,6.7,13.4,0.46,Cloudy,-0.8035476485339116,0.5952404359043674
2022-11-08,19.0,74.6,0.0,0.0,noprecip,15.1,14.8,73.0,1016.5,22.0,6.0,17.5,0.5,Cloudy,-0.7931896839451843,0.6089746507720486
2022-11-09,19.4,75.4,0.0,0.0,noprecip,16.2,13.0,97.8,1016.3,19.5,7.2,16.6,0.52,Clear,-0.7825970017677834,0.6225286602431057
2022-11-10,21.2,81.7,0.3,12.5,rain,14.8,9.3,131.4,1015.8,65.5,7.4,9.3,0.56,Rain,-0.7717727365467837,0.6358984534680745
2022-11-11,22.0,80.9,0.8,29.17,rain,20.9,14.7,122.9,1015.0,52.2,8.1,11.9,0.59,Rain,-0.7607200913564104,0.6490800741100398
2022-11-12,21.8,78.1,0.4,16.67,rain,23.8,15.7,109.4,1013.8,62.2,8.6,10.7,0.62,Rain,-0.7494423368521953,0.6620696215153815
2022-11-13,21.6,79.9,0.152,8.33,rain,18.0,11.2,105.6,1014.6,55.6,8.1,11.6,0.65,Rain,-0.7379428103031386,0.6748632518680403
2022-11-14,22.0,82.1,0.001,4.17,rain,18.0,9.4,132.5,1014.9,41.6,6.2,11.0,0.69,Rain,-0.7262249146041543,0.6874571793269664
2022-11-15,22.4,81.7,0.021,4.17,rain,23.0,15.7,125.1,1013.5,58.1,8.4,11.5,0.72,Rain,-0.7142921172691032,0.699847677146407
2022-11-16,22.8,79.0,0.099,4.17,rain,21.2,16.6,129.3,1011.7,59.9,8.2,11.4,0.75,Rain,-0.7021479494046978,0.7120310787787131
2022-11-17,23.1,80.8,1.4,33.33,rain,33.5,22.3,122.5,1011.5,56.2,10.6,14.5,0.78,Rain,-0.6897960046655887,0.7240037789593305
2022-11-18,23.7,83.0,1.5,29.17,rain,24.8,17.5,117.9,1012.6,61.0,8.2,12.9,0.81,Rain,-0.6772399381909491,0.7357622347736527
2022-11-19,22.7,79.5,1.484,4.17,rain,24.5,13.9,118.9,1013.7,78.1,9.5,10.0,0.85,Rain,-0.6644834655228552,0.7473029667054297
2022-11-20,20.9,77.9,0.0,0.0,noprecip,18.4,13.9,48.3,1013.0,55.7,9.8,13.3,0.88,Cloudy,-0.6515303615068021,0.75862255966641
2022-11-21,20.3,74.9,0.0,0.0,rain,20.2,10.7,81.9,1011.6,38.4,8.5,11.8,0.91,Cloudy,-0.6383844591746642,0.769717664006921
2022-11-22,20.8,76.6,0.021,4.17,rain,25.9,10.0,20.5,1011.4,57.8,7.9,9.7,0.94,Rain,-0.6250496486104377,0.7805849965070866
2022-11-23,21.7,76.2,0.001,4.17,rain,23.4,10.6,13.3,1012.0,74.6,9.6,5.5,0.98,Rain,-0.6115298757991053,0.7912213413483807
2022-11-24,20.9,88.5,5.646,8.33,rain,16.9,16.4,22.5,1013.6,97.9,8.3,1.9,0.0,Rain,-0.5978291414589552,0.801623551065242
2022-11-25,21.5,89.3,1.403,16.67,rain,14.8,8.5,41.7,1014.2,93.8,7.7,3.1,0.04,Rain,-0.5839514998576998,0.8117885474764613
2022-11-26,22.0,93.0,1.965,16.67,rain,19.4,15.7,72.2,1012.5,97.0,7.4,3.9,0.08,Rain,-0.5699010576127624,0.821713322596059
2022-11-27,23.3,81.5,0.0,0.0,noprecip,37.8,21.4,140.2,1008.6,60.1,8.5,11.9,0.11,Cloudy,-0.5556819724760489,0.8313949395234058
2022-11-28,24.2,82.2,0.0,0.0,noprecip,30.6,20.5,126.4,1008.2,60.2,11.2,14.7,0.15,Cloudy,-0.5412984521036173,0.8408305333122887
2022-11-29,24.1,81.7,0.1,4.17,rain,23.0,18.5,128.3,1009.7,60.4,10.5,12.3,0.18,Rain,-0.5267547528105542,0.8500173118187018
2022-11-30,22.5,82.5,0.099,4.17,rain,42.1,29.7,110.8,1013.4,74.4,9.8,3.8,0.25,Rain,-0.5120551783114646,0.8589525565270845
2022-12-01,12.0,80.2,2.274,16.67,rain,37.1,23.2,42.1,1019.8,100.0,9.8,2.2,0.26,Rain,-0.4972040784469378,0.8676336233547726
2022-12-02,9.2,67.5,0.0,0.0,rain,24.5,20.5,11.9,1020.6,80.2,10.0,4.6,0.29,Cloudy,-0.4822058478963526,0.8760579434344281
2022-12-03,11.8,69.0,0.0,0.0,noprecip,29.5,11.2,26.6,1017.3,96.3,10.0,9.0,0.33,Cloudy,-0.46706492487743034,0.8842230238742036
2022-12-04,13.5,78.4,0.7,29.17,rain,23.8,17.5,23.6,1019.0,99.9,9.5,4.0,0.36,Rain,-0.451785789832884,0.8921264484954345
2022-12-05,11.3,71.1,0.1,8.33,rain,26.6,20.3,18.5,1021.5,80.2,9.6,5.7,0.4,Rain,-0.4363729641045924,0.8997658785476209
2022-12-06,9.3,61.2,0.0,0.0,noprecip,31.7,13.9,39.2,1019.3,66.9,9.8,15.2,0.43,Cloudy,-0.42083100859565564,0.9071390534005044
2022-12-07,11.6,70.9,0.0,0.0,noprecip,22.3,16.6,17.3,1018.8,95.0,8.8,5.1,0.47,Cloudy,-0.4051645224207563,0.9142437912130223
2022-12-08,13.3,80.8,0.0,0.0,rain,33.5,13.9,14.2,1018.5,99.4,9.7,4.7,0.5,Cloudy,-0.3893781415452015,0.9210779895789526
2022-12-09,13.5,81.9,0.1,4.17,rain,18.7,14.8,13.8,1017.0,100.0,9.2,4.4,0.53,Rain,-0.37347653741307074,0.9276396261490467
2022-12-10,14.1,87.7,1.187,4.17,rain,18.0,13.0,17.2,1016.6,99.7,7.0,2.3,0.57,Rain,-0.3574644155648614,0.9339267592294762
2022-12-11,11.4,64.8,0.101,8.33,rain,20.5,11.1,13.9,1017.9,93.0,9.6,4.8,0.6,Rain,-0.34134651424503615,0.9399375283564133
2022-12-12,9.9,58.9,0.0,0.0,rain,37.1,20.3,351.7,1020.0,49.7,9.3,12.5,0.63,Cloudy,-0.3251276029999093,0.9456701548465688
2022-12-13,7.0,52.8,0.0,0.0,noprecip,20.2,11.2,76.4,1019.7,18.1,9.0,16.2,0.67,Clear,-0.30881248126625377,0.9511229423235357
2022-12-14,6.8,48.4,0.0,0.0,noprecip,30.6,16.6,16.3,1021.3,17.1,9.9,16.0,0.7,Clear,-0.29240597695107734,0.9562942772197719
2022-12-15,9.0,61.9,0.0,0.0,noprecip,17.3,13.0,109.5,1016.9,7.2,7.9,16.7,0.73,Clear,-0.27591294500296043,0.9611826292540837
2022-12-16,11.5,67.5,0.0,0.0,noprecip,27.4,10.3,11.9,1017.1,18.2,6.7,15.7,0.75,Clear,-0.2593382659754056,0.9657865518844574
2022-12-17,4.6,39.1,0.0,0.0,noprecip,48.2,26.8,16.3,1025.9,83.4,10.0,8.0,0.8,Cloudy,-0.2426868445825954,0.9701046827361175
2022-12-18,-1.2,31.0,0.0,0.0,noprecip,34.2,22.2,14.0,1026.8,56.3,11.3,15.1,0.83,Cloudy,-0.22596360824801906,0.974135744004672
2022-12-19,2.1,47.0,0.0,0.0,noprecip,18.0,11.2,69.2,1020.7,10.8,10.8,16.8,0.86,Clear,-0.20917350564635637,0.9778785428342386
2022-12-20,6.8,56.2,0.0,0.0,noprecip,15.5,8.5,81.6,1017.1,21.0,8.2,16.2,0.89,Cloudy,-0.19232150523909483,0.9813319716704275
2022-12-21,6.5,45.4,0.0,0.0,noprecip,29.9,15.7,349.8,1018.2,43.4,9.3,15.1,0.93,Cloudy,-0.17541259380427843,0.9844950085880858
2022-12-22,8.6,58.3,0.0,0.0,noprecip,27.7,13.9,82.3,1016.6,39.3,8.0,14.9,0.96,Cloudy,-0.15845177496083632,0.9873667175937016
2022-12-23,8.8,51.2,0.0,0.0,noprecip,22.3,17.6,106.1,1017.6,49.5,9.4,11.8,0.0,Cloudy,-0.14144406768794202,0.9899462489023779
2022-12-24,8.0,49.9,0.0,0.0,noprecip,19.4,12.1,63.7,1020.1,42.7,11.5,13.8,0.03,Cloudy,-0.12439450483979998,0.9922328391893008
2022-12-25,11.4,65.6,0.0,0.0,noprecip,25.6,17.6,131.0,1020.0,10.4,8.4,16.2,0.06,Clear,-0.10730813165636247,0.9942258118156161
2022-12-26,13.5,79.1,0.1,4.17,rain,20.5,10.3,61.7,1020.6,57.1,6.5,6.8,0.1,Rain,-0.09019000427034513,0.9959245770286599
2022-12-27,15.1,77.8,0.3,8.33,rain,29.5,15.7,134.0,1019.8,92.9,8.4,7.3,0.13,Rain,-0.07304518821104743,0.9973286321364752
2022-12-28,11.7,80.5,9.7,8.33,rain,40.7,22.3,39.7,1022.3,85.9,8.7,1.9,0.16,Rain,-0.05587875690537313,0.9984375616565666
2022-12-29,7.2,65.2,0.1,4.17,rain,31.7,14.8,8.1,1026.3,97.5,10.0,4.3,0.2,Rain,-0.03869579017652689,0.9992510374388481
2022-12-30,8.0,66.0,0.0,0.0,noprecip,29.5,16.6,357.8,1026.7,85.8,9.5,7.5,0.25,Cloudy,-0.021501372740813793,0.999768818762748
2022-12-31,8.3,63.6,0.0,0.0,noprecip,20.9,11.2,12.5,1025.5,78.4,10.0,11.3,0.27,Cloudy,-0.004300592702981974,0.9999907524084426
2023-01-01,10.4,67.4,0.0,0.0,noprecip,20.9,13.0,332.8,1023.7,28.4,9.2,16.3,0.3,Cloudy,0.017201575418260506,0.9998520419557735
2023-01-02,12.3,70.0,0.0,0.0,noprecip,20.9,14.8,35.5,1024.1,68.8,8.9,3.0,0.34,Cloudy,0.03439806061360801,0.9994082116062598
2023-01-03,11.8,67.6,0.012,8.33,rain,31.7,16.6,38.4,1024.6,70.0,9.3,4.9,0.37,Rain,0.051584366869408364,0.9986686402879997
2023-01-04,13.3,71.3,0.0,0.0,noprecip,19.4,14.8,118.9,1022.5,53.5,7.0,8.7,0.41,Cloudy,0.06875540848113941,0.9976335468520451
2023-01-05,14.8,76.1,0.0,0.0,noprecip,20.2,14.8,65.2,1023.1,79.6,7.8,5.9,0.44,Cloudy,0.08590610426133272,0.9963032375991965
2023-01-06,11.2,57.5,0.0,0.0,noprecip,46.4,25.9,10.6,1024.8,49.7,11.3,14.9,0.47,Cloudy,0.10303137904317879,0.9946781061893646
2023-01-07,9.3,59.5,0.0,0.0,noprecip,22.3,9.4,317.7,1021.1,30.3,8.9,13.1,0.5,Cloudy,0.1201261651823505,0.9927586335250793
2023-01-08,11.9,64.4,0.2,4.17,rain,17.6,14.8,218.1,1019.0,23.5,7.4,13.5,0.54,Rain,0.13718540405660057,0.9905453876091833
2023-01-09,15.4,74.3,0.001,4.17,rain,20.5,13.0,71.1,1018.9,51.3,5.8,11.4,0.58,Rain,0.1542040475626894,0.988039023376751
2023-01-10,17.0,83.5,1.067,4.17,rain,20.9,14.8,38.6,1017.9,78.4,5.6,4.5,0.61,Rain,0.17117705961019986,0.985240282501282
2023-01-11,17.7,89.9,4.61,12.5,rain,13.0,11.2,51.9,1015.3,88.5,5.6,2.2,0.64,Rain,0.18809941761179758,0.9821499931752291
2023-01-12,18.0,84.0,0.053,8.33,rain,22.0,18.4,125.0,1011.8,89.6,7.3,7.2,0.68,Rain,0.20496611396949532,0.9787690698649216
2023-01-13,19.1,80.7,0.0,0.0,noprecip,16.6,16.6,118.7,1008.5,55.3,8.3,14.1,0.71,Cloudy,0.22177215755648186,0.975098513039961
2023-01-14,17.9,71.2,0.0,0.0,noprecip,28.8,14.8,56.4,1006.1,35.4,9.6,17.3,0.74,Cloudy,0.23851257519407648,0.9711394088771653
2023-01-15,14.7,74.0,0.006,4.17,rain,38.9,29.5,56.6,1012.8,82.0,8.1,4.0,0.75,Rain,0.2551824131233728,0.9668929289391521
2023-01-16,3.6,50.4,0.0,0.0,noprecip,31.7,20.5,38.1,1021.8,99.0,10.0,4.7,0.81,Cloudy,0.2717767384711357,0.9623603298276545
2023-01-17,5.4,61.1,0.0,0.0,noprecip,25.9,18.4,20.8,1024.1,100.0,10.0,7.4,0.84,Cloudy,0.2882906407095177,0.9575429528116719
2023-01-18,5.8,56.0,0.0,0.0,noprecip,27.7,14.8,6.4,1025.1,94.6,9.6,10.0,0.88,Cloudy,0.3047192331091634,0.9524422234305676
2023-01-19,7.5,61.2,0.0,0.0,noprecip,18.7,14.8,37.4,1023.2,100.0,9.5,11.0,0.91,Cloudy,0.321057654185271,0.9470596510722283
2023-01-20,9.2,66.4,0.0,0.0,noprecip,18.0,9.4,323.1,1021.9,98.2,7.9,10.4,0.94,Cloudy,0.3373010691361842,0.9413968285264122
2023-01-21,11.3,68.7,0.0,0.0,noprecip,25.2,14.8,133.1,1017.7,66.9,7.0,15.4,0.98,Cloudy,0.3534446712740877,0.9354554315134164
2023-01-22,14.4,81.6,0.0,0.0,noprecip,15.1,9.4,75.9,1015.0,85.6,4.5,8.9,0.0,Cloudy,0.3694836834473831,0.9292372181882051
2023-01-23,15.7,76.9,1.0,33.33,rain,34.2,25.9,75.2,1015.3,90.3,7.2,7.6,0.04,Rain,0.38541335945432564,0.9227440286201427
2023-01-24,5.1,46.1,0.8,12.5,rain,45.0,29.5,16.4,1025.4,67.1,10.3,10.8,0.08,Rain,0.4012289854475009,0.9159777842484877
2023-01-25,4.2,54.7,0.0,0.0,noprecip,24.8,16.6,112.6,1021.3,8.0,9.8,19.3,0.11,Clear,0.4169258813287287,0.908940487313808
2023-01-26,11.0,77.3,0.3,8.33,rain,23.4,13.0,50.4,1016.9,90.9,7.1,10.7,0.15,Rain,0.4324994021339788,0.901634220265486
2023-01-27,7.1,60.3,3.682,8.33,rain,37.1,25.9,10.6,1024.1,80.7,8.9,4.2,0.18,Rain,0.44794493940789115,0.8940611451454876
2023-01-28,0.9,39.8,0.0,0.0,noprecip,31.0,16.6,50.2,1024.4,21.0,11.2,19.0,0.25,Cloudy,0.4632579225674917,0.88622350294858
2023-01-29,2.5,51.0,0.0,0.0,noprecip,25.6,9.4,10.8,1024.4,7.8,11.0,19.4,0.25,Clear,0.4784338202547012,0.8781236129591848
2023-01-30,5.5,56.5,0.0,0.0,noprecip,23.4,14.8,113.7,1021.4,3.4,7.6,19.5,0.28,Clear,0.49346814167723735,0.8697638720650646
2023-01-31,8.6,62.7,0.0,0.0,noprecip,29.2,18.4,113.4,1015.2,1.4,8.4,19.5,0.31,Clear,0.5083564379375122,0.8611467540480452
2023-02-01,14.5,79.1,0.0,0.0,noprecip,23.0,16.6,121.9,1012.9,75.7,6.3,13.8,0.35,Cloudy,0.5230943033491326,0.8522748088519838
2023-02-02,18.1,84.8,3.0,54.17,rain,13.0,9.4,154.3,1015.5,96.1,6.6,3.8,0.38,Rain,0.5376773767406141,0.8431506618282
2023-02-03,19.6,95.1,5.099,16.67,rain,15.5,13.0,146.4,1015.5,94.5,3.4,1.7,0.41,Rain,0.5521013427459208,0.8337770129585915
2023-02-04,19.4,94.2,1.592,12.5,rain,20.5,16.6,135.7,1013.1,99.2,4.8,3.4,0.45,Rain,0.5663619330814524,0.8241566360566663
2023-02-05,19.9,94.6,5.177,8.33,rain,27.7,18.4,123.4,1011.8,95.6,5.6,2.9,0.48,Rain,0.580454927809098,0.8142923779467267
2023-02-06,19.5,94.7,0.596,4.17,rain,26.6,24.1,129.7,1011.1,100.0,4.8,3.7,0.5,Rain,0.5943761565849831,0.804187157621448
2023-02-07,20.2,97.2,1.392,8.33,rain,29.9,13.0,121.7,1011.8,98.9,3.0,4.0,0.55,Rain,0.6081214998935418,0.7938439653781019
2023-02-08,20.4,95.4,2.203,12.5,rain,32.4,18.4,132.9,1011.8,99.0,3.8,4.0,0.58,Rain,0.6216868902665479,0.7832658619336791
2023-02-09,21.3,94.1,0.964,8.33,rain,29.5,16.6,131.8,1012.3,99.5,4.9,5.7,0.62,Rain,0.6350683134867438,0.7724559775191742
2023-02-10,21.0,91.4,0.396,4.17,rain,38.2,20.5,125.0,1011.6,98.6,6.2,5.1,0.65,Rain,0.6482618097757122,0.7614175109532997
2023-02-11,21.5,91.0,0.104,12.5,rain,41.8,20.5,131.6,1008.9,98.5,6.2,11.2,0.69,Rain,0.6612634749656386,0.7501537286959042
2023-02-12,21.7,85.8,0.0,0.0,noprecip,33.5,22.3,120.6,1008.2,88.4,7.8,17.6,0.72,Cloudy,0.6740694616546161,0.7386679638813748
2023-02-13,21.8,83.9,0.099,4.17,rain,34.9,16.6,116.9,1010.2,74.4,6.6,15.8,0.75,Rain,0.6866759803451553,0.726963615332308
2023-02-14,13.0,68.1,1.098,8.33,rain,33.1,27.7,46.4,1017.7,99.9,9.9,3.9,0.79,Rain,0.6990793005655562,0.7150441465537444
2023-02-15,9.0,59.4,0.0,0.0,noprecip,26.6,18.4,36.5,1022.7,100.0,10.0,6.6,0.82,Cloudy,0.7112757519738152,0.7029130847082615
2023-02-16,10.8,68.0,0.0,0.0,noprecip,18.4,11.2,18.1,1023.5,100.0,9.5,6.6,0.86,Cloudy,0.7232617254437388,0.6905740195722294
2023-02-17,13.8,77.0,0.0,0.0,noprecip,20.2,10.6,80.2,1019.9,96.4,6.3,12.8,0.89,Cloudy,0.7350336741329412,0.6780306024735382
2023-02-18,16.4,79.0,0.0,0.0,noprecip,18.4,13.0,128.4,1016.7,90.5,7.0,8.3,0.93,Cloudy,0.746588114532413,0.6652865452111116
2023-02-19,17.4,83.3,1.088,4.17,rain,38.2,16.6,347.3,1019.0,82.1,6.2,6.9,0.96,Rain,0.7579216274973472,0.6523456189565257
2023-02-20,13.3,61.8,0.0,0.0,noprecip,19.8,16.6,29.6,1018.7,78.4,9.7,13.9,0.0,Cloudy,0.7690308592589181,0.6392116531380588
2023-02-21,15.5,71.9,0.3,12.5,rain,30.2,14.8,143.0,1019.6,57.2,7.4,11.9,0.03,Rain,0.7799125224167177,0.6258885343075018
2023-02-22,15.0,70.8,0.0,0.0,noprecip,33.8,16.6,143.3,1019.6,80.6,9.2,11.4,0.06,Cloudy,0.7905633969115482,0.612380204990065
2023-02-23,16.1,76.7,0.0,0.0,rain,25.2,16.6,131.4,1016.8,76.7,8.5,10.3,0.1,Cloudy,0.8009803309782905,0.5986906625177214
2023-02-24,15.1,77.9,0.499,4.17,rain,32.0,20.5,52.8,1020.1,97.5,8.1,3.6,0.13,Rain,0.8111602420785621,0.5848239578463322
2023-02-25,8.5,49.9,0.0,0.0,noprecip,33.8,18.4,20.8,1026.1,36.1,11.3,17.0,0.16,Cloudy,0.8211001178128892,0.5707841943569036
2023-02-26,8.5,58.6,0.0,0.0,noprecip,31.0,14.8,72.4,1028.2,0.7,9.4,22.0,0.19,Clear,0.8307970168121247,0.5565755266413303
2023-02-27,10.3,63.4,0.0,0.0,noprecip,23.8,13.0,123.6,1025.6,9.7,8.3,21.9,0.25,Clear,0.8402480696078469,0.5422021592729844
2023-02-28,13.5,71.7,0.0,0.0,noprecip,27.0,16.6,129.8,1021.9,37.2,7.6,14.5,0.26,Cloudy,0.8494504794814806,0.527668345562516
2023-03-01,16.1,84.0,0.1,4.17,rain,16.9,9.4,96.8,1021.6,81.4,5.4,7.7,0.29,Rain,0.8584015232918917,0.512978386299228
2023-03-02,16.0,69.6,0.0,0.0,noprecip,24.5,14.8,141.1,1022.5,55.2,6.7,15.4,0.33,Cloudy,0.8670985522812081,0.4981366284784055
2023-03-03,15.9,72.4,0.001,4.17,rain,20.9,11.2,111.2,1022.9,76.1,6.3,11.8,0.36,Rain,0.8755389928586302,0.4831474640149687
2023-03-04,14.5,69.5,0.0,0.0,noprecip,16.6,14.8,22.6,1024.2,81.4,9.4,14.0,0.39,Cloudy,0.8837203473619977,0.4680153284438345
2023-03-05,14.9,71.4,0.1,4.17,rain,26.6,18.4,143.7,1022.0,53.4,6.8,14.6,0.42,Rain,0.8916401947968874,0.45274469960737107
2023-03-06,16.2,72.3,0.0,0.0,noprecip,35.3,24.1,122.1,1019.3,50.5,7.2,14.9,0.46,Cloudy,0.8992961915530253,0.4373400963303323
2023-03-07,16.1,69.7,0.2,8.33,rain,29.9,22.3,135.9,1018.2,88.7,9.4,8.9,0.5,Rain,0.9066860720977985,0.4218060770826634
2023-03-08,18.4,82.1,0.1,4.17,rain,28.4,18.4,119.9,1018.4,93.7,7.8,10.7,0.52,Rain,0.9138076496466615,0.40614723863057883
2023-03-09,18.6,76.1,0.1,4.17,rain,22.0,18.4,110.2,1018.0,48.0,6.2,15.5,0.56,Rain,0.9206588168102428,0.3903682146763026
2023-03-10,18.3,75.1,0.0,0.0,noprecip,37.8,22.3,123.0,1014.8,41.8,6.2,17.9,0.59,Cloudy,0.9272375462179537,0.374473674486883
2023-03-11,19.3,86.4,0.7,20.83,rain,30.6,16.6,117.0,1016.1,90.1,5.3,7.1,0.63,Rain,0.9335418911179212,0.35846832151248087
2023-03-12,18.8,77.0,0.099,4.17,rain,45.7,25.9,53.1,1018.7,67.3,6.5,12.5,0.66,Rain,0.9395699859530622,0.342356891994542
2023-03-13,11.6,60.9,0.01,4.17,rain,31.0,22.3,17.6,1021.4,79.6,10.0,7.0,0.7,Rain,0.945320046913132,0.3261441535642696
2023-03-14,14.3,68.7,0.0,0.0,noprecip,37.1,16.6,132.3,1014.2,36.6,8.1,20.7,0.74,Cloudy,0.9507903724625832,0.3098349038318025
2023-03-15,18.9,85.2,0.099,4.17,rain,30.6,18.4,122.5,1014.2,84.3,9.8,9.7,0.75,Rain,0.9559793438440766,0.2934339689665273
2023-03-16,19.8,79.2,0.516,8.33,rain,36.7,18.4,142.7,1015.4,81.6,10.7,9.3,0.81,Rain,0.9608854255574977,0.27694620226893646
2023-03-17,20.4,83.1,0.0,0.0,rain,33.8,20.5,126.7,1014.1,90.0,8.5,13.0,0.84,Cloudy,0.9655071658143364,0.2603764827344581
2023-03-18,20.2,82.8,0.4,16.67,rain,33.8,18.4,134.2,1012.9,98.2,8.9,7.8,0.88,Rain,0.969843196967294,0.24372971360968387
2023-03-19,20.2,79.7,0.1,4.17,rain,36.7,18.4,133.6,1011.0,94.7,8.8,10.9,0.91,Rain,0.9738922359149924,0.22701082094141847
2023-03-20,21.9,83.6,0.1,4.17,rain,32.0,22.3,129.2,1007.9,96.9,8.4,11.2,0.95,Rain,0.9776530844816641,0.2102247521189836
2023-03-21,23.1,86.1,0.102,8.33,rain,23.8,20.5,113.4,1005.5,91.8,6.0,17.4,0.98,Rain,0.981124629771712,0.19337647441020586
2023-03-22,23.4,80.1,0.0,0.0,noprecip,26.3,20.5,101.4,1003.2,55.4,6.1,22.4,0.0,Cloudy,0.984305844499033,0.17647097349152166
2023-03-23,23.6,81.0,0.1,4.17,rain,22.3,20.5,99.5,1003.3,80.5,6.9,23.2,0.05,Rain,0.9871957872910085,0.15951325197263655
2023-03-24,23.2,81.1,0.0,0.0,noprecip,29.5,22.3,102.8,1005.8,92.5,6.9,22.9,0.08,Cloudy,0.9897936029670716,0.14250832791617088
2023-03-25,22.9,88.1,1.682,4.17,rain,25.2,20.5,117.6,1009.2,95.4,7.2,6.5,0.11,Rain,0.992098522791769,0.12546123335273648
2023-03-26,16.9,84.6,2.102,12.5,rain,31.7,20.5,48.5,1011.7,99.9,9.2,5.0,0.14,Rain,0.9941098647022418,0.10837701279187609
2023-03-27,15.0,79.3,1.137,16.67,rain,26.6,14.8,34.8,1014.8,99.7,9.5,4.6,0.18,Rain,0.9958270335100595,0.09126072172931188
2023-03-28,14.1,74.8,0.004,4.17,rain,16.2,16.6,43.5,1016.4,99.1,9.8,4.6,0.21,Rain,0.9972495210773451,0.07411742515094437
2023-03-29,15.8,81.8,1.387,8.33,rain,16.9,13.0,45.9,1014.7,95.6,9.7,9.8,0.25,Rain,0.998376906467142,0.056952196034039754
2023-03-30,16.0,81.1,0.735,16.67,rain,16.9,14.8,65.8,1012.4,100.0,9.2,8.9,0.27,Rain,0.9992088560679753,0.03977011384605572
2023-03-31,18.6,90.3,1.298,12.5,rain,19.1,7.6,98.1,1011.4,95.6,3.9,7.2,0.31,Rain,0.9997451236925734,0.022576263041545485
2023-04-01,20.3,95.3,1.29,12.5,rain,18.0,7.2,101.8,1009.7,95.9,3.4,7.6,0.34,Rain,0.9999855506507186,0.005375731557583884
2023-04-02,22.5,92.6,0.401,12.5,rain,31.0,16.6,120.8,1006.9,96.3,5.1,11.7,0.37,Rain,0.9999300657962057,-0.011826390691832589
2023-04-03,23.4,86.7,0.099,4.17,rain,29.5,20.5,114.6,1005.3,94.8,6.7,19.8,0.4,Rain,0.9995786855478958,-0.029025013321975237
2023-04-04,23.5,83.8,0.001,4.17,rain,28.8,16.6,106.1,1004.0,95.0,6.7,21.4,0.44,Rain,0.9989315138848577,-0.046215046983708354
2023-04-05,23.5,80.1,0.0,0.0,noprecip,25.9,20.5,108.2,1004.8,91.8,7.1,24.5,0.47,Cloudy,0.9979887423155984,-0.06339140486951038
2023-04-06,23.6,78.7,0.5,12.5,rain,44.6,20.5,110.6,1008.3,93.5,7.3,14.4,0.5,Rain,0.9967506498213929,-0.08054900421874167
2023-04-07,16.0,62.0,0.0,0.0,rain,22.0,18.4,63.7,1013.8,89.3,9.8,7.3,0.54,Cloudy,0.9952176027737294,-0.09768276782171598
2023-04-08,15.7,72.7,0.014,8.33,rain,28.8,22.3,33.0,1018.9,100.0,9.7,3.9,0.57,Rain,0.9933900548258936,-0.11478762552212701
2023-04-09,16.5,85.4,0.007,4.17,rain,13.3,11.2,65.5,1017.1,99.9,7.2,5.9,0.61,Rain,0.9912685467787256,-0.13185851571739118
2023-04-10,18.9,91.3,0.597,8.33,rain,14.8,9.4,58.9,1011.8,99.5,4.3,8.5,0.64,Rain,0.9888537064205885,-0.1488903868564548
2023-04-11,21.5,92.6,0.501,8.33,rain,22.3,9.4,50.7,1009.3,98.5,3.5,9.6,0.68,Rain,0.986146248341595,-0.16587819893463143
2023-04-12,23.3,94.4,4.308,8.33,rain,30.2,14.8,125.1,1009.7,96.6,3.7,6.8,0.72,Rain,0.9831469737221499,-0.1828169249850199
2023-04-13,23.4,96.2,3.032,12.5,rain,43.2,18.4,124.0,1008.7,98.9,3.2,8.9,0.75,Rain,0.9798567700958665,-0.1997015525660636
2023-04-14,23.8,96.0,1.996,12.5,rain,29.2,14.8,104.5,1008.2,97.4,2.9,6.9,0.79,Rain,0.9762766110869321,-0.21652708524481437
2023-04-15,23.3,87.3,9.169,16.67,rain,28.8,14.8,56.0,1010.6,79.4,7.0,5.6,0.82,Rain,0.9724075561219968,-0.23328854407545518
2023-04-16,21.8,79.2,0.001,4.17,rain,24.5,14.8,145.5,1009.1,50.1,7.6,17.4,0.86,Rain,0.9682507501166718,-0.2499809690726521
2023-04-17,23.1,86.6,0.0,0.0,rain,31.0,20.5,118.5,1006.9,83.6,6.2,15.8,0.89,Cloudy,0.9638074231367307,-0.26659942067929354
2023-04-18,25.0,88.3,0.0,0.0,rain,31.0,18.4,113.2,1004.8,95.8,6.3,21.0,0.93,Cloudy,0.9590788900341131,-0.28313898122818354
2023-04-19,24.8,82.3,0.0,0.0,rain,24.1,16.6,111.5,1001.9,86.4,6.5,23.6,0.97,Cloudy,0.9540665500578387,-0.2995947563972602
2023-04-20,24.4,82.3,0.0,0.0,rain,25.2,18.4,121.8,1001.0,91.4,6.6,16.9,0.0,Cloudy,0.9487718864399473,-0.31596187665790293
2023-04-21,24.8,81.9,0.0,0.0,rain,31.3,20.5,117.8,1001.4,87.5,6.3,20.2,0.03,Cloudy,0.9431964659565866,-0.33223549871590435
2023-04-22,25.0,83.4,0.0,0.0,rain,30.2,20.5,112.0,1003.7,85.0,7.5,23.2,0.07,Cloudy,0.9373419384643772,-0.3484108069446808
2023-04-23,24.9,82.0,0.0,0.0,rain,32.4,20.5,121.0,1007.8,79.3,8.4,18.8,0.1,Cloudy,0.9312100364121947,-0.3644830148102912
2023-04-24,24.8,82.1,12.5,37.5,rain,33.1,24.1,123.8,1010.2,73.7,8.7,12.3,0.13,Rain,0.9248025743285089,-0.38044736628785164
2023-04-25,19.5,86.8,3.979,4.17,rain,33.1,25.9,57.7,1013.9,92.7,9.5,3.9,0.16,Rain,0.9181214482844365,-0.39629913726891813
2023-04-26,16.9,71.5,0.6,12.5,rain,19.1,9.4,318.7,1014.2,56.7,9.1,17.0,0.19,Rain,0.9111686353326631,-0.41203363695942635
2023-04-27,20.4,76.1,0.0,0.0,noprecip,36.4,24.1,114.6,1011.1,37.6,10.0,18.0,0.23,Cloudy,0.9039461929224011,-0.42764620926777464
2023-04-28,23.8,84.9,0.021,4.17,rain,37.8,22.3,126.2,1009.8,89.8,8.6,14.8,0.25,Rain,0.8964562582905575,-0.44313223418263453
2023-04-29,22.2,83.0,53.559,8.33,rain,34.2,18.4,90.0,1011.2,90.1,9.0,9.3,0.29,Rain,0.8887010478292915,-0.45848712914008766
2023-04-30,18.0,72.2,0.506,8.33,rain,19.4,13.0,40.2,1013.2,80.4,10.0,18.8,0.32,Rain,0.8806828564301475,-0.47370635037968
2023-05-01,19.7,71.3,0.0,0.0,noprecip,28.1,18.4,110.2,1011.7,50.4,9.6,19.3,0.35,Cloudy,0.8724040568049612,-0.48878539428899265
2023-05-02,22.0,79.7,0.0,0.0,rain,37.1,18.4,135.7,1011.3,69.7,9.3,16.0,0.39,Cloudy,0.8638670987837349,-0.503719798736334
2023-05-03,24.1,80.3,0.1,4.17,rain,42.8,25.9,137.1,1009.4,73.2,8.9,16.9,0.42,Rain,0.8550745085896932,-0.518505144391157
2023-05-04,25.5,82.2,0.0,0.0,noprecip,42.5,25.9,121.0,1004.2,74.5,10.0,21.7,0.45,Cloudy,0.8460288880917339,-0.533137056031809
2023-05-05,26.1,80.4,0.0,0.0,noprecip,22.7,18.4,101.4,999.7,47.5,10.2,26.7,0.48,Cloudy,0.8367329140344921,-0.5476112038402312
2023-05-06,26.5,76.5,0.0,0.0,noprecip,24.5,22.3,110.7,998.4,28.3,11.4,26.9,0.5,Cloudy,0.8271893372462497,-0.5619233046832195
2023-05-07,26.3,78.6,2.7,16.67,rain,36.7,27.7,111.1,1001.3,70.9,9.6,24.5,0.55,Rain,0.8174009818249189,-0.5760691233798758
2023-05-08,22.9,87.1,26.294,16.67,rain,32.4,18.4,59.9,1008.0,91.3,9.8,5.9,0.59,Rain,0.8073707443023492,-0.5900444739548627
2023-05-09,21.7,90.3,11.675,4.17,rain,21.2,14.8,69.5,1010.5,98.2,7.9,10.0,0.62,Rain,0.7971015927871943,-0.6038452208771035
2023-05-10,24.7,88.8,0.297,4.17,rain,28.8,14.8,102.9,1009.3,92.8,7.6,16.2,0.66,Rain,0.7865965660866021,-0.6174672802835514
2023-05-11,23.6,81.0,0.064,12.5,rain,42.8,25.9,78.3,1011.2,86.4,9.2,11.1,0.7,Rain,0.7758587728069828,-0.6309066211876704
2023-05-12,18.8,64.8,0.032,8.33,rain,27.4,22.3,42.5,1014.1,96.6,10.0,10.6,0.75,Rain,0.7648913904341226,-0.6441592666722685
2023-05-13,18.6,73.8,0.119,12.5,rain,28.1,16.6,47.5,1014.2,99.0,10.0,8.9,0.77,Rain,0.753697664392914,-0.6572212950663319
2023-05-14,20.3,83.3,0.198,4.17,rain,25.9,13.0,332.7,1012.7,94.4,9.0,16.3,0.8,Rain,0.742280907086982,-0.6700888411055113
2023-05-15,22.2,77.7,1.1,4.17,rain,27.0,24.1,122.6,1009.0,52.4,9.3,19.8,0.84,Rain,0.7306444969184916,-0.6827580970759147
2023-05-16,24.7,76.5,0.198,4.17,rain,25.6,20.5,124.7,1005.1,65.7,9.0,24.6,0.88,Rain,0.7187918772884232,-0.6952253139408722
2023-05-17,23.2,64.3,0.0,0.0,noprecip,24.5,18.4,103.4,1002.9,7.5,9.9,27.4,0.91,Clear,0.7067265555776158,-0.7074868024503348
2023-05-18,23.8,62.3,0.0,0.0,noprecip,18.0,14.8,80.6,1002.8,6.9,12.0,26.9,0.95,Clear,0.6944521021088763,-0.719538934232584
2023-05-19,25.9,75.1,0.0,0.0,rain,20.5,20.5,104.3,1003.5,34.9,9.7,24.2,0.0,Cloudy,0.6819721490904629,-0.7313781428679254
2023-05-20,26.5,79.6,0.099,4.17,rain,26.3,22.3,113.2,1003.9,61.7,8.6,23.4,0.02,Rain,0.6692903895412567,-0.7430009249440493
2023-05-21,27.4,79.9,0.0,0.0,noprecip,32.8,24.1,110.7,1004.5,58.9,9.5,26.0,0.05,Cloudy,0.6564105761979381,-0.7544038410927472
2023-05-22,27.1,75.9,0.0,0.0,noprecip,33.1,22.3,104.4,1003.9,24.7,11.6,26.7,0.08,Cloudy,0.6433365204044917,-0.765583517007675
2023-05-23,26.5,79.0,0.099,4.17,rain,41.8,22.3,100.7,1004.9,59.6,10.2,13.7,0.11,Rain,0.6300720909843687,-0.7765366444428655
2023-05-24,25.3,84.0,3.76,4.17,rain,25.6,22.3,114.8,1006.6,86.1,9.0,9.9,0.15,Rain,0.6166212130956382,-0.7872599821916922
2023-05-25,24.8,84.9,7.653,12.5,rain,27.4,16.6,114.6,1007.5,63.7,8.9,18.7,0.18,Rain,0.6029878670694714,-0.7977503570459932
2023-05-26,25.3,84.3,4.76,8.33,rain,27.7,22.3,112.0,1007.9,59.6,9.6,16.2,0.21,Rain,0.5891760872322963,-0.8080046647350754
2023-05-27,26.0,82.1,0.006,8.33,rain,33.8,24.1,110.8,1006.7,50.3,9.4,18.7,0.25,Rain,0.5751899607119775,-0.8180198708443175
2023-05-28,25.8,79.9,0.11,8.33,rain,30.2,18.4,114.6,1007.4,55.3,9.4,22.9,0.28,Rain,0.5610336262283677,-0.8277930117131022
2023-05-29,25.5,74.8,0.005,4.17,rain,19.4,16.6,116.6,1007.7,30.3,10.9,25.3,0.31,Rain,0.5467112728685939,-0.8373211953118121
2023-05-30,25.0,71.1,0.0,0.0,noprecip,19.1,16.6,113.3,1005.7,16.0,11.7,26.4,0.34,Clear,0.5322271388474397,-0.8466016020976267
2023-05-31,25.4,70.6,0.0,0.0,noprecip,23.4,22.3,114.8,1002.7,15.6,10.5,26.7,0.37,Clear,0.5175855102531889,-0.8556314858488706
2023-06-01,26.8,75.9,0.0,0.0,noprecip,22.7,25.9,105.5,1001.0,33.5,9.1,22.8,0.4,Cloudy,0.5027907197793043,-0.8644081744776648
2023-06-02,26.6,73.1,0.2,4.17,rain,26.6,22.3,111.8,1001.8,52.2,10.9,23.2,0.44,Rain,0.4878471454423119,-0.8729290708206411
2023-06-03,24.2,70.2,1.979,4.17,rain,23.0,25.9,110.8,1004.9,49.0,10.5,24.7,0.47,Rain,0.47275920928627757,-0.881191653407483
2023-06-04,24.6,72.6,2.968,4.17,rain,35.3,22.3,120.4,1005.0,69.2,10.8,14.0,0.5,Rain,0.4575313760742512,-0.8891934772070711
2023-06-05,25.2,77.8,8.2,62.5,rain,22.3,14.8,102.8,1004.9,71.4,9.6,16.5,0.54,Rain,0.44216815196707204,-0.8969321743510065
2023-06-06,25.6,83.0,16.99,8.33,rain,22.7,18.4,345.9,1005.6,60.0,8.9,14.0,0.57,Rain,0.42667408318992467,-0.9044054548343001
2023-06-07,24.7,71.2,0.3,12.5,rain,27.4,22.3,57.4,1005.0,67.5,9.7,19.9,0.61,Rain,0.4110537546870351,-0.9116111071930239
2023-06-08,26.3,80.4,5.8,29.17,rain,59.4,27.7,65.9,1003.9,66.8,7.6,20.0,0.64,Rain,0.3953117887649151,-0.9185469991587165
2023-06-09,25.0,80.8,51.831,16.67,rain,31.3,18.4,287.4,1003.2,73.7,10.4,10.0,0.68,Rain,0.37945284372454435,-0.925211078289358
2023-06-10,25.2,70.4,0.1,4.17,rain,22.7,16.6,304.4,1001.3,47.2,9.6,24.5,0.72,Rain,0.36348161248290634,-0.9316013725767187
2023-06-11,26.3,73.4,0.6,8.33,rain,20.9,20.5,106.4,1000.9,43.9,8.9,25.1,0.75,Rain,0.3474028211842774,-0.9377159910299093
2023-06-12,26.5,80.1,0.697,4.17,rain,25.2,18.4,116.8,1001.5,64.0,9.4,20.3,0.79,Rain,0.3312212278016865,-0.9435531242349544
2023-06-13,25.5,81.2,0.251,4.17,rain,28.1,18.4,309.4,1001.9,66.5,9.5,13.7,0.82,Rain,0.31494162072895193,-0.9491110448902284
2023-06-14,24.9,87.3,27.007,8.33,rain,23.0,13.0,5.8,1004.5,87.1,9.4,14.1,0.86,Rain,0.2985688173637202,-0.9543881083175908
2023-06-15,25.6,80.3,0.296,4.17,rain,30.2,13.9,133.2,1003.4,65.7,8.7,16.4,0.89,Rain,0.2821076626819194,-0.9593827529490743
2023-06-16,26.2,75.8,4.2,16.67,rain,29.9,20.5,113.4,1001.8,70.6,9.1,17.4,0.93,Rain,0.26556302780405594,-0.9640935007889755
2023-06-17,26.4,77.9,0.9,12.5,rain,25.6,24.1,118.8,1002.9,70.9,10.3,20.2,0.96,Rain,0.24893980855376657,-0.9685189578512204
2023-06-18,25.4,84.3,15.937,8.33,rain,24.8,18.5,113.6,1004.0,83.3,9.7,16.6,0.0,Rain,0.23224292400907015,-0.9726578145718654
2023-06-19,26.4,87.0,0.2,8.33,rain,25.6,13.0,80.5,1003.4,70.4,9.3,14.7,0.03,Rain,0.21547731504673012,-0.976508846196619
2023-06-20,26.0,79.2,6.629,4.17,rain,51.8,22.3,94.1,1003.2,59.0,9.2,19.1,0.07,Rain,0.19864794288017112,-0.9800709131432666
2023-06-21,25.4,83.1,18.898,4.17,rain,20.5,37.1,86.3,1004.3,80.1,9.4,19.3,0.1,Rain,0.18175978759137534,-0.9833429613388902
2023-06-22,26.3,81.2,17.81,4.17,rain,23.4,9.4,67.0,1003.4,68.5,9.5,16.4,0.13,Rain,0.16481784665719793,-0.9863240225317866
2023-06-23,24.7,84.0,1.172,8.33,rain,29.2,20.5,63.5,1003.9,74.3,10.0,11.1,0.16,Rain,0.14782713347053048,-0.9890132145779883
2023-06-24,25.2,93.1,40.345,12.5,rain,22.7,11.2,85.3,1003.7,90.8,7.9,3.6,0.2,Rain,0.13079267585675922,-0.9914097417023038
2023-06-25,24.8,92.3,29.81,12.5,rain,18.7,11.2,339.8,1005.3,90.1,9.1,3.5,0.23,Rain,0.11371951458594969,-0.9935128947338007
2023-06-26,25.0,87.2,13.939,12.5,rain,19.8,18.4,104.8,1006.3,77.0,9.4,5.7,0.25,Rain,0.0966127018812031,-0.9953220513156602
2023-06-27,25.4,87.1,0.1,8.33,rain,24.8,22.3,109.3,1007.2,85.1,9.3,9.4,0.29,Rain,0.07947729992362097,-0.9968366760893436
2023-06-28,25.9,81.1,6.424,12.5,rain,33.1,20.5,131.9,1007.4,67.9,9.8,21.7,0.33,Rain,0.062318379354325076,-0.998056320853012
2023-06-29,26.6,77.8,0.2,8.33,rain,31.3,24.1,135.0,1004.3,60.6,11.0,24.0,0.36,Rain,0.04514101777397193,-0.9989806246941579
2023-06-30,27.6,79.1,0.0,0.0,noprecip,26.6,20.5,113.7,1001.8,81.7,10.7,23.8,0.39,Cloudy,0.02795029824021032,-0.999609314096404
2023-07-01,27.4,77.8,0.396,4.17,rain,30.6,18.4,108.3,1001.9,75.3,9.9,21.6,0.43,Rain,0.01075130776352193,-0.9999422030204416
2023-07-02,26.4,77.6,0.099,4.17,rain,27.0,18.4,103.2,1003.0,66.7,10.9,23.2,0.46,Rain,-0.00645086419810515,-0.9999791929590823
2023-07-03,26.9,81.0,1.979,4.17,rain,24.8,22.3,103.3,1003.6,81.2,10.0,14.9,0.5,Rain,-0.023651127245231586,-0.9997202729664083
2023-07-04,26.0,77.7,2.7,37.5,rain,25.9,22.3,90.4,1004.1,65.8,10.6,22.4,0.53,Rain,-0.04084439154329611,-0.9991655196610109
2023-07-05,26.2,82.8,2.474,4.17,rain,25.2,22.3,111.6,1004.5,63.0,9.9,22.1,0.56,Rain,-0.05802556932878035,-0.9983150972033183
2023-07-06,26.1,74.1,0.198,4.17,rain,35.3,24.1,133.8,1004.7,31.4,10.6,25.5,0.6,Rain,-0.07518957641475855,-0.9971692572470178
2023-07-07,26.1,71.3,0.0,0.0,noprecip,30.6,25.9,135.9,1004.8,29.9,11.3,26.0,0.63,Cloudy,-0.09233133369539122,-0.9957283388645872
2023-07-08,26.2,79.9,0.099,4.17,rain,31.7,22.3,129.9,1006.5,62.4,9.9,24.3,0.67,Rain,-0.10944576864891556,-0.993992768446958
2023-07-09,25.0,75.7,0.099,4.17,rain,25.6,18.4,126.1,1007.1,66.1,10.0,20.2,0.7,Rain,-0.12652781683868314,-0.9919630595773397
2023-07-10,25.3,72.7,15.636,8.33,rain,46.4,25.9,125.7,1006.1,60.5,11.2,23.6,0.75,Rain,-0.1435724234118113,-0.9896398128792412
2023-07-11,25.8,73.0,5.64,4.17,rain,29.9,27.7,133.7,1005.0,43.5,11.5,25.1,0.77,Rain,-0.16057454459499376,-0.9870237158387383
2023-07-12,25.2,69.5,0.0,0.0,noprecip,34.6,31.7,143.7,1004.4,33.6,11.3,25.6,0.81,Cloudy,-0.17752914918703497,-0.984115542601034
2023-07-13,24.9,72.8,1.286,4.17,rain,27.7,20.5,104.1,1003.5,46.2,10.9,26.1,0.84,Rain,-0.19443122004766195,-0.9809161537413774
2023-07-14,26.2,77.6,0.106,4.17,rain,22.7,25.9,89.5,1003.0,66.6,11.3,22.1,0.88,Rain,-0.2112757555821793,-0.9774264960104055
2023-07-15,25.9,77.0,0.106,4.17,rain,29.2,18.4,315.5,1002.2,55.6,10.7,19.5,0.91,Rain,-0.2280577712215198,-0.9736476020539838
2023-07-16,25.7,70.8,0.001,4.17,rain,36.0,13.0,298.9,1000.1,77.8,9.9,23.6,0.95,Rain,-0.24477230089725957,-0.9695805901076308
2023-07-17,23.7,60.3,0.1,4.17,rain,39.6,16.6,319.6,997.8,72.5,9.7,21.0,0.98,Rain,-0.2614143985111562,-0.965226663665613
2023-07-18,23.0,73.7,2.671,4.17,rain,39.2,24.1,304.5,998.2,92.6,10.0,6.7,0.0,Rain,-0.2779791393987801,-0.9605871111248129
2023-07-19,24.4,89.0,14.595,16.67,rain,22.0,13.0,81.5,1003.6,91.5,8.8,9.9,0.05,Rain,-0.2944616217868012,-0.9556633054034704
2023-07-20,25.5,88.9,7.106,12.5,rain,22.7,9.4,45.6,1006.3,56.4,8.9,7.6,0.08,Rain,-0.3108569682435036,-0.9504567035349151
2023-07-21,25.6,81.6,4.8,33.33,rain,19.8,9.4,34.1,1008.6,63.6,9.5,12.7,0.11,Rain,-0.3271603271220951,-0.9449688462364056
2023-07-22,25.3,73.7,0.004,4.17,rain,23.0,16.6,131.2,1009.3,56.3,10.7,23.2,0.15,Rain,-0.34336687399638804,-0.939201357453208
2023-07-23,25.0,69.6,0.0,0.0,noprecip,25.2,16.6,137.6,1007.8,24.2,12.3,24.4,0.18,Cloudy,-0.3594718130884232,-0.9331559438780432
2023-07-24,25.1,69.7,0.0,0.0,noprecip,23.4,14.8,139.3,1006.1,38.3,11.8,24.9,0.21,Cloudy,-0.3754703786876202,-0.9268343944460494
2023-07-25,24.8,67.8,0.0,0.0,noprecip,23.4,14.8,124.2,1005.4,51.4,10.8,23.0,0.25,Cloudy,-0.3913578365610259,-0.9202385798054075
2023-07-26,25.3,68.7,0.0,0.0,noprecip,22.0,22.3,115.0,1003.6,49.2,12.0,26.3,0.25,Cloudy,-0.4071294853542516,-0.9133704517637858
2023-07-27,26.1,71.1,2.4,8.33,rain,20.5,11.2,81.8,1000.2,46.7,11.8,24.6,0.31,Rain,-0.4227806579826773,-0.9062320427107697
2023-07-28,25.5,80.0,0.099,4.17,rain,24.5,18.4,313.6,998.7,74.4,9.7,20.6,0.35,Rain,-0.4383067230125192,-0.898825465016444
2023-07-29,26.4,79.9,2.77,4.17,rain,23.0,11.2,328.6,1000.0,53.8,9.0,17.9,0.38,Rain,-0.45370308603134424,-0.8911529104063088
2023-07-30,26.8,83.0,12.071,4.17,rain,23.0,16.6,95.2,1001.4,59.5,8.8,12.0,0.41,Rain,-0.46896519100763184,-0.8832166493127127
2023-07-31,26.0,87.0,71.539,8.33,rain,23.0,35.3,102.2,1003.0,70.1,9.3,8.2,0.45,Rain,-0.48408852163897587,-0.8750190302029955
2023-08-01,25.6,87.5,3.54,12.5,rain,30.2,14.8,86.5,1002.9,83.2,7.6,7.4,0.48,Rain,-0.4990686026885319,-0.8665624788845385
2023-08-02,25.8,84.7,4.781,8.33,rain,21.6,20.5,64.8,1001.9,73.1,9.0,12.2,0.5,Rain,-0.5139010013093103,-0.8578494977869301
2023-08-03,25.9,86.5,13.003,12.5,rain,22.3,20.5,342.2,1001.2,60.0,8.9,10.3,0.55,Rain,-0.5285813283559292,-0.8488826652214553
2023-08-04,25.7,94.6,25.29,12.5,rain,17.3,20.5,277.3,1002.0,89.3,8.0,4.2,0.58,Rain,-0.5431052396834317,-0.8396646346181327
2023-08-05,25.7,90.2,55.571,12.5,rain,30.2,11.2,229.2,1001.3,86.3,9.5,10.7,0.62,Rain,-0.5574684374327892,-0.8301981337405212
2023-08-06,25.6,86.5,4.5,33.33,rain,31.3,9.4,92.3,998.7,73.8,8.7,9.7,0.65,Rain,-0.5716666713027052,-0.8204859638785327
2023-08-07,25.5,83.8,4.2,29.17,rain,23.4,10.1,92.8,998.3,69.8,9.2,11.7,0.69,Rain,-0.5856957398073508,-0.8105309990194823
2023-08-08,25.6,82.7,1.3,16.67,rain,28.1,22.3,66.9,1000.2,62.9,10.4,20.5,0.75,Rain,-0.5995514915196489,-0.8003361849976323
2023-08-09,26.0,78.5,4.8,16.67,rain,27.7,11.2,71.6,1002.2,57.6,11.0,19.9,0.75,Rain,-0.6132298262997502,-0.7899045386224707
2023-08-10,26.9,88.5,5.0,4.17,rain,18.7,16.6,33.1,1003.4,66.4,8.6,13.6,0.79,Rain,-0.6267266965083301,-0.7792391467859886
2023-08-11,26.4,93.0,79.349,8.33,rain,22.3,11.5,81.5,1002.2,71.7,6.8,10.3,0.82,Rain,-0.6400381082043503,-0.7683431655492202
2023-08-12,25.3,84.6,6.233,4.17,rain,24.1,25.9,298.4,1001.8,69.5,9.0,18.3,0.86,Rain,-0.65316012232693,-0.7572198192083127
2023-08-13,25.5,78.8,3.0,25.0,rain,18.7,16.6,102.3,1002.1,53.6,8.8,20.7,0.89,Rain,-0.666088855860977,-0.7458723993404063
2023-08-14,25.3,80.6,1.067,4.17,rain,17.6,16.6,103.1,1002.6,59.1,9.2,16.6,0.93,Rain,-0.6788204829862355,-0.734304263829602
2023-08-15,25.3,83.8,10.989,8.33,rain,16.2,14.8,340.9,1004.4,56.5,8.9,8.9,0.96,Rain,-0.6913512362094071,-0.722518835873311
2023-08-16,26.7,85.9,0.396,4.17,rain,25.6,14.8,82.3,1005.2,69.2,8.1,15.7,0.0,Rain,-0.7036774074790128,-0.7105196029692745
2023-08-17,26.9,77.6,0.2,8.33,rain,23.0,13.9,95.3,1004.5,53.6,9.6,20.9,0.03,Rain,-0.7157953492826642,-0.6983101158835584
2023-08-18,26.5,79.1,7.0,4.17,rain,20.5,11.2,32.5,1003.5,56.0,10.3,19.6,0.06,Rain,-0.7277014757264236,-0.6858939875998223
2023-08-19,27.3,88.9,0.904,12.5,rain,18.0,11.2,31.4,1004.4,56.3,8.6,12.5,0.1,Rain,-0.7393922635959241,-0.673274892250183
2023-08-20,25.6,93.5,46.078,8.33,rain,19.1,25.9,66.1,1005.6,75.3,7.4,8.9,0.13,Rain,-0.7508642533989489,-0.6604565640279754
2023-08-21,25.7,84.0,2.5,25.0,rain,23.4,13.0,106.2,1006.2,70.5,8.5,19.1,0.16,Rain,-0.7621140503891487,-0.6474427960827475
2023-08-22,26.8,82.1,0.6,16.67,rain,22.0,11.2,108.1,1004.5,51.0,10.0,20.3,0.2,Rain,-0.7731383255706026,-0.6342374393978054
2023-08-23,26.4,78.8,5.2,25.0,rain,27.0,27.7,70.6,1002.8,61.4,9.7,16.0,0.23,Rain,-0.7839338166829201,-0.620844401650647
2023-08-24,25.1,84.2,16.3,70.83,rain,21.2,18.4,75.9,1004.4,70.3,9.7,12.5,0.25,Rain,-0.7944973291665992,-0.6072676460566135
2023-08-25,26.1,84.5,0.481,12.5,rain,22.3,20.5,116.7,1004.8,72.1,10.0,15.2,0.3,Rain,-0.8048257371083452,-0.593511190196115
2023-08-26,26.0,85.7,2.078,4.17,rain,27.4,16.6,97.4,1002.7,77.1,10.3,16.9,0.33,Rain,-0.8149159841660791,-0.5795791048257612
2023-08-27,26.4,79.1,17.81,4.17,rain,24.5,13.0,80.2,1000.1,60.2,11.3,20.4,0.37,Rain,-0.8247650844733614,-0.5654755126737576
2023-08-28,25.2,85.3,12.891,12.5,rain,28.4,33.5,323.0,1002.3,88.3,10.4,11.2,0.4,Rain,-0.8343701235229537,-0.5512045872199277
2023-08-29,23.6,74.1,0.0,0.0,noprecip,31.3,18.4,32.9,1004.5,73.0,10.6,20.7,0.44,Cloudy,-0.8437282590292712,-0.5367705514607103
2023-08-30,21.3,61.9,0.0,0.0,noprecip,32.8,14.8,20.2,1006.8,47.2,10.1,21.8,0.47,Cloudy,-0.8528367217694595,-0.522177676659508
2023-08-31,20.9,62.1,0.0,0.0,noprecip,25.9,20.5,1.2,1006.3,12.7,11.4,22.2,0.5,Clear,-0.8616928164028521,-0.5074302810827518
2023-09-01,22.5,65.3,0.0,0.0,noprecip,28.4,16.6,317.2,1005.3,23.4,11.3,20.5,0.54,Cloudy,-0.8702939222685674,-0.49253272872205434
2023-09-02,23.3,63.8,0.0,0.0,noprecip,37.1,14.8,323.2,1003.0,43.2,9.7,21.9,0.57,Cloudy,-0.8786374941610001,-0.4774894280028391
2023-09-03,23.2,74.2,0.099,4.17,rain,34.9,18.4,41.0,1002.8,86.8,9.9,4.9,0.6,Rain,-0.886721063082993,-0.46230483047981086
2023-09-04,23.4,87.8,13.728,12.5,rain,33.8,16.6,326.0,1005.5,98.4,9.1,5.5,0.64,Rain,-0.8945422369764496,-0.4469834295196741
2023-09-05,24.5,77.1,0.007,4.17,rain,27.0,13.0,321.0,1006.1,54.1,9.5,15.7,0.67,Rain,-0.9020987014301837,-0.43152975897147144
2023-09-06,24.8,72.2,0.2,8.33,rain,26.6,14.8,346.8,1006.6,37.1,10.0,20.4,0.7,Rain,-0.9093882203647925,-0.4159483918249421
2023-09-07,25.2,72.5,0.008,4.17,rain,25.6,20.5,340.8,1006.4,53.0,10.9,21.4,0.75,Rain,-0.9164086366943458,-0.4002439388573056
2023-09-08,25.1,81.3,36.079,4.17,rain,28.4,25.9,341.3,1006.4,71.2,9.5,17.8,0.77,Rain,-0.9231578729647039,-0.38442104726885545
2023-09-09,25.8,83.1,0.688,4.17,rain,26.6,14.8,279.8,1005.0,74.3,9.1,15.2,0.8,Rain,-0.9296339319682695,-0.3684843993077793
2023-09-10,25.8,82.3,14.842,8.33,rain,23.8,11.2,13.7,1004.1,60.5,8.7,15.8,0.84,Rain,-0.9358348973349941,-0.35243871088460327
2023-09-11,26.0,86.5,0.01,4.17,rain,21.6,11.2,72.6,1003.0,58.7,8.3,11.5,0.87,Rain,-0.9417589340994617,-0.33628873017668287
2023-09-12,26.1,88.0,0.003,4.17,rain,19.8,11.2,57.4,1003.5,64.1,6.8,4.3,0.9,Rain,-0.9474042892438845,-0.32003923622313857
2023-09-13,24.3,90.9,11.036,12.5,rain,35.3,20.5,312.3,1005.6,89.1,8.9,4.1,0.94,Rain,-0.9527692922168511,-0.30369503751065885
2023-09-14,23.3,94.4,65.546,16.67,rain,31.0,14.8,318.2,1007.4,93.7,7.4,2.0,0.97,Rain,-0.9578523554276669,-0.28726097055059635
2023-09-15,23.4,86.5,2.723,12.5,rain,24.1,14.8,324.5,1008.7,79.8,9.3,5.5,0.0,Rain,-0.9626519747161487,-0.2707418984477642
2023-09-16,24.3,84.9,0.159,8.33,rain,21.6,22.3,330.8,1009.4,69.2,9.3,6.2,0.04,Rain,-0.9671667297977312,-0.2541427094613622
2023-09-17,25.0,85.7,10.011,12.5,rain,23.0,18.4,20.3,1008.9,71.1,8.9,11.2,0.07,Rain,-0.97139528468375,-0.23746831555846842
2023-09-18,25.4,86.1,2.997,12.5,rain,22.0,11.2,98.5,1009.3,57.0,8.4,12.7,0.11,Rain,-0.9753363880767837,-0.2207236509605022
2023-09-19,25.9,82.6,0.9,29.17,rain,22.7,20.5,120.4,1009.6,63.0,8.8,17.7,0.14,Rain,-0.9789888737409319,-0.20391367068311472
2023-09-20,25.9,79.2,0.116,4.17,rain,25.2,18.4,123.2,1009.3,56.7,9.6,19.7,0.18,Rain,-0.9823516608469237,-0.18704334906991657
2023-09-21,25.5,76.3,1.3,25.0,rain,25.2,14.8,128.4,1009.7,39.8,11.2,18.2,0.21,Rain,-0.9854237542919524,-0.17011767832049052
2023-09-22,25.5,75.8,0.2,8.33,rain,21.6,16.6,117.1,1009.1,33.5,11.9,17.8,0.25,Rain,-0.9882042449941422,-0.15314166701312007
2023-09-23,25.0,74.8,0.2,4.17,rain,23.4,20.5,115.8,1009.3,27.8,12.4,20.1,0.25,Rain,-0.9906923101615609,-0.13612033862266704
2023-09-24,24.5,75.7,0.9,25.0,rain,24.5,18.4,113.1,1008.8,57.1,9.9,19.4,0.32,Rain,-0.9928872135356962,-0.11905873003404988
2023-09-25,24.8,81.8,20.778,4.17,rain,33.5,11.2,5.7,1008.5,61.9,9.8,12.9,0.35,Rain,-0.994788305609327,-0.10196189005174576
2023-09-26,24.7,85.4,10.585,12.5,rain,45.7,19.5,16.2,1008.4,80.1,9.8,2.1,0.39,Rain,-0.9963950238187231,-0.08483487790576538
2023-09-27,24.6,87.5,14.75,16.67,rain,27.4,19.4,57.2,1009.0,87.2,9.8,4.2,0.42,Rain,-0.9977068927101168,-0.06768276175455162
2023-09-28,24.3,96.0,173.159,12.5,rain,23.4,13.9,354.5,1011.4,79.4,7.3,3.8,0.46,Rain,-0.9987235240803972,-0.050510617185222886
2023-09-29,24.7,89.1,0.595,12.5,rain,22.0,12.9,313.6,1012.2,70.6,9.5,8.5,0.5,Rain,-0.9994446170919858,-0.033323525711631344
2023-09-30,25.1,82.2,0.127,4.17,rain,19.4,11.2,118.2,1010.8,53.8,8.7,16.6,0.53,Rain,-0.9998699583618592,-0.016126573270657762
2023-10-01,24.6,76.6,0.0,0.0,noprecip,20.2,13.0,106.8,1009.2,28.0,9.6,19.1,0.56,Cloudy,-0.9999994220246925,0.001075151282798226
2023-10-02,24.4,76.1,0.0,0.0,noprecip,17.6,10.3,100.1,1010.1,28.2,8.9,18.7,0.59,Cloudy,-0.999832969770105,0.018276557681691223
2023-10-03,24.0,73.1,0.0,0.0,noprecip,14.0,11.2,100.3,1010.3,26.8,8.6,21.1,0.62,Cloudy,-0.9993706508539969,0.03547255575312556
2023-10-04,24.8,75.4,0.011,4.17,rain,19.4,15.7,110.2,1009.7,19.9,9.5,21.6,0.66,Rain,-0.9986126020839734,0.052658056924614005
2023-10-05,25.4,75.4,0.1,4.17,rain,19.4,12.1,110.9,1008.1,31.2,10.7,20.5,0.69,Rain,-0.9975590477788613,0.06982797572987089
2023-10-06,25.6,77.2,6.3,33.33,rain,23.4,19.4,118.2,1008.0,34.1,8.7,16.3,0.75,Rain,-0.9962102997023297,0.0869772313136861
2023-10-07,23.4,81.6,0.989,4.17,rain,37.8,24.1,25.3,1011.0,86.5,8.9,5.7,0.75,Rain,-0.9945667569706337,0.1041007489354256
2023-10-08,19.8,65.0,0.4,4.17,rain,26.3,19.4,9.0,1013.5,59.7,10.1,13.7,0.79,Rain,-0.9926289059345095,0.121193461470736
2023-10-09,18.6,58.7,0.0,0.0,noprecip,28.4,16.6,22.3,1015.0,60.5,11.0,19.7,0.82,Cloudy,-0.9903973200352558,0.1382503109109819
2023-10-10,18.6,61.1,0.099,4.17,rain,44.6,19.4,36.4,1016.1,90.7,9.8,7.1,0.85,Rain,-0.9878726596350429,0.15526624985999563
2023-10-11,18.5,63.1,0.0,0.0,noprecip,26.3,20.3,42.6,1017.1,84.1,10.4,9.9,0.88,Cloudy,-0.9850556718215013,0.172236243027682
2023-10-12,20.2,80.3,0.099,4.17,rain,20.2,15.7,43.5,1017.9,98.4,9.8,9.1,0.92,Rain,-0.981947190186646,0.18915526872004093
2023-10-13,21.4,78.4,0.1,4.17,rain,19.4,12.9,353.2,1016.0,58.4,10.0,16.2,0.95,Rain,-0.9785481345802031,0.20601832032517084
2023-10-14,20.9,76.0,0.1,4.17,rain,27.7,25.0,20.7,1014.0,79.7,9.8,13.6,0.98,Rain,-0.9748595108374125,0.22282040779479959
2023-10-15,19.2,69.0,0.003,4.17,rain,25.2,16.6,346.3,1014.1,67.1,10.0,13.7,0.0,Rain,-0.9708824104813836,0.23955655912092708
2023-10-16,19.7,67.8,0.0,0.0,noprecip,23.0,13.0,1.9,1014.2,75.1,9.8,16.7,0.05,Cloudy,-0.9666180104000972,0.2562218218071163
2023-10-17,19.8,66.6,0.0,0.0,noprecip,19.4,10.1,8.8,1013.8,34.5,9.5,17.9,0.09,Cloudy,-0.9620675724981452,0.27281126433401914
2023-10-18,20.8,68.4,0.0,0.0,noprecip,22.7,10.3,352.7,1012.6,49.1,8.7,18.3,0.12,Cloudy,-0.957232443323312,0.28931997761869527
2023-10-19,22.3,71.6,0.0,0.0,noprecip,32.4,14.8,16.4,1011.2,40.7,9.1,18.4,0.16,Cloudy,-0.9521140536681102,0.3057430764672831
2023-10-20,19.8,63.6,0.0,0.0,noprecip,47.5,22.2,11.5,1014.7,57.3,10.5,14.8,0.19,Cloudy,-0.9467139181463862,0.3220757010206104
2023-10-21,14.2,48.5,0.0,0.0,noprecip,29.9,18.4,19.2,1018.2,60.9,10.0,10.0,0.23,Cloudy,-0.9410336347451197,0.3383130181923076
2023-10-22,17.4,61.5,0.0,0.0,noprecip,22.0,13.0,46.1,1018.3,92.7,10.0,8.3,0.25,Cloudy,-0.9350748843515574,0.3544502230989869
2023-10-23,20.6,74.9,0.0,0.0,noprecip,22.3,12.1,33.8,1017.2,94.2,9.6,11.5,0.3,Cloudy,-0.9288394302558068,0.3704825404820963
2023-10-24,22.0,76.3,0.099,4.17,rain,16.9,11.2,20.4,1015.8,66.1,8.9,14.4,0.34,Rain,-0.9223291176290545,0.3864052261209853
2023-10-25,22.7,75.4,0.693,4.17,rain,22.0,13.0,291.3,1014.7,50.9,8.4,14.2,0.37,Rain,-0.9155458729775467,0.40221356823680365
2023-10-26,21.5,66.8,0.4,12.5,rain,20.5,14.8,124.7,1013.7,62.7,9.8,18.6,0.41,Rain,-0.9084917035725082,0.41790288888678667
2023-10-27,22.1,72.2,0.0,0.0,noprecip,16.9,11.2,74.4,1012.9,36.0,8.7,17.6,0.44,Cloudy,-0.9011686968561569,0.4334685453485363
2023-10-28,22.6,83.0,2.594,8.33,rain,24.1,19.4,32.0,1014.0,81.5,8.9,11.7,0.48,Rain,-0.8935790198239952,0.4489059314938798
2023-10-29,22.2,89.4,4.177,12.5,rain,26.6,15.7,13.2,1015.4,97.6,9.6,3.4,0.5,Rain,-0.8857249183835637,0.4642104791518923
2023-10-30,19.8,71.5,13.854,8.33,rain,22.0,13.0,1.0,1017.7,90.8,10.0,9.1,0.54,Rain,-0.8776087166898392,0.4793776594606945
2023-10-31,19.1,69.6,0.1,4.17,rain,23.0,13.0,9.5,1018.3,44.0,11.1,16.7,0.58,Rain,-0.8692328164574792,0.49440298420761813
2023-11-01,20.1,72.5,0.1,4.17,rain,17.6,12.1,107.6,1017.2,36.4,9.1,17.0,0.61,Rain,-0.8605996962501181,0.5092820071573356
2023-11-02,20.5,74.0,0.0,0.0,noprecip,21.6,13.0,112.6,1014.2,26.6,7.6,15.9,0.64,Cloudy,-0.8517119107469189,0.5240103253675756
2023-11-03,22.5,77.7,0.0,0.0,rain,23.8,19.4,127.6,1011.3,54.2,7.8,14.2,0.67,Cloudy,-0.8425720899866032,0.5385835804920232
2023-11-04,23.9,79.0,1.3,20.83,rain,29.9,16.5,135.7,1011.4,67.9,9.1,12.2,0.7,Rain,-0.8331829385891785,0.5529974600700271
2023-11-05,24.1,80.8,0.1,4.17,rain,28.8,17.5,125.6,1012.3,72.0,9.3,13.4,0.75,Rain,-0.8235472349556007,0.5672476988027229
2023-11-06,23.2,86.3,7.619,8.33,rain,24.5,18.4,66.6,1014.9,88.0,7.8,8.3,0.77,Rain,-0.8136678304455991,0.5813300798152042
2023-11-07,20.8,87.8,22.767,4.17,rain,22.0,18.4,0.9,1015.9,89.4,9.8,5.3,0.8,Rain,-0.8035476485339116,0.5952404359043674
2023-11-08,22.2,80.8,0.0,0.0,rain,17.3,13.0,67.2,1013.2,52.9,8.6,11.4,0.83,Cloudy,-0.7931896839451843,0.6089746507720486
2023-11-09,23.8,79.7,0.0,0.0,noprecip,20.9,13.0,116.8,1012.6,54.4,8.0,12.6,0.87,Cloudy,-0.7825970017677834,0.6225286602431057
2023-11-10,24.0,79.5,0.0,0.0,noprecip,24.5,17.5,123.4,1014.0,50.2,8.6,15.0,0.9,Cloudy,-0.7717727365467837,0.6358984534680745
2023-11-11,24.1,80.1,0.0,0.0,noprecip,24.5,16.6,125.7,1014.9,52.6,8.5,14.3,0.93,Cloudy,-0.7607200913564104,0.6490800741100398
2023-11-12,23.8,84.3,29.685,4.17,rain,35.6,18.5,99.6,1017.1,67.4,8.2,7.0,0.96,Rain,-0.7494423368521953,0.6620696215153815
2023-11-13,15.0,80.9,9.031,16.67,rain,29.5,25.9,26.9,1023.0,99.4,9.7,1.7,0.0,Rain,-0.7379428103031386,0.6748632518680403
2023-11-14,12.5,67.8,0.001,4.17,rain,19.4,16.5,14.6,1023.2,85.6,10.0,5.4,0.03,Rain,-0.7262249146041543,0.6874571793269664
2023-11-15,16.1,78.1,0.0,0.0,noprecip,15.1,11.2,26.3,1021.0,94.1,9.2,9.1,0.06,Cloudy,-0.7142921172691032,0.699847677146407
2023-11-16,12.6,63.2,0.329,8.33,rain,46.4,25.9,1.5,1027.1,92.9,9.6,3.4,0.1,Rain,-0.7021479494046978,0.7120310787787131
2023-11-17,9.5,52.3,0.0,0.0,noprecip,31.0,15.7,347.6,1026.0,32.7,9.8,18.1,0.14,Cloudy,-0.6897960046655887,0.7240037789593305
2023-11-18,9.6,59.3,0.0,0.0,noprecip,19.8,9.4,355.2,1023.1,11.8,9.4,18.2,0.17,Clear,-0.6772399381909491,0.7357622347736527
2023-11-19,12.0,63.6,0.0,0.0,noprecip,20.9,10.3,291.6,1021.0,12.7,10.5,16.4,0.21,Clear,-0.6644834655228552,0.7473029667054297
2023-11-20,13.8,66.0,0.0,0.0,noprecip,15.8,15.7,201.9,1018.8,6.0,11.2,17.8,0.25,Clear,-0.6515303615068021,0.75862255966641
2023-11-21,15.1,71.0,0.0,0.0,noprecip,22.0,12.1,137.8,1016.1,12.8,7.4,17.1,0.28,Clear,-0.6383844591746642,0.769717664006921
2023-11-22,17.7,82.7,0.0,0.0,noprecip,14.4,10.3,28.3,1015.1,66.3,6.8,14.3,0.31,Cloudy,-0.6250496486104377,0.7805849965070866
2023-11-23,18.6,75.3,0.0,0.0,noprecip,19.8,9.3,300.6,1016.2,41.6,7.6,12.2,0.35,Cloudy,-0.6115298757991053,0.7912213413483807
2023-11-24,19.3,78.6,0.1,4.17,rain,19.8,11.2,323.2,1018.1,67.9,7.3,13.5,0.39,Rain,-0.5978291414589552,0.801623551065242
2023-11-25,18.4,72.6,0.2,8.33,rain,20.2,11.2,131.7,1018.7,32.1,7.9,13.0,0.42,Rain,-0.5839514998576998,0.8117885474764613
2023-11-26,18.4,74.0,0.0,0.0,noprecip,20.9,10.3,318.0,1019.6,27.7,7.6,13.0,0.46,Cloudy,-0.5699010576127624,0.821713322596059
2023-11-27,18.5,74.5,0.3,4.17,rain,20.5,8.5,32.9,1018.7,37.9,7.5,13.5,0.5,Rain,-0.5556819724760489,0.8313949395234058
2023-11-28,16.7,70.4,0.0,0.0,noprecip,29.5,12.1,98.9,1018.0,20.3,7.2,15.9,0.53,Cloudy,-0.5412984521036173,0.8408305333122887
2023-11-29,18.3,78.3,0.1,4.17,rain,18.4,13.0,84.8,1016.9,34.8,5.3,10.7,0.56,Rain,-0.5267547528105542,0.8500173118187018
2023-11-30,19.7,80.0,0.006,4.17,rain,22.3,13.0,19.0,1018.9,81.4,6.4,7.5,0.59,Rain,-0.5120551783114646,0.8589525565270845
2023-12-01,17.6,93.6,19.22,8.33,rain,24.5,19.4,24.9,1020.9,100.0,6.9,2.4,0.62,Rain,-0.4972040784469378,0.8676336233547726
2023-12-02,14.8,84.7,0.0,0.0,rain,16.6,15.7,21.3,1021.3,100.0,8.6,2.0,0.65,Cloudy,-0.4822058478963526,0.8760579434344281
2023-12-03,15.6,85.7,0.0,0.0,noprecip,19.1,14.8,22.2,1020.3,99.7,8.7,4.1,0.69,Cloudy,-0.46706492487743034,0.8842230238742036
2023-12-04,15.9,83.0,0.0,0.0,rain,18.7,14.8,27.3,1018.2,99.0,10.0,4.3,0.72,Cloudy,-0.451785789832884,0.8921264484954345
2023-12-05,16.0,83.8,0.0,0.0,noprecip,15.5,11.2,39.2,1015.8,99.3,8.6,5.7,0.75,Cloudy,-0.4363729641045924,0.8997658785476209
2023-12-06,17.0,79.9,1.7,8.33,rain,28.4,14.8,2.7,1018.8,84.1,8.8,3.6,0.78,Rain,-0.42083100859565564,0.9071390534005044
2023-12-07,14.6,72.8,0.0,0.0,noprecip,18.0,10.3,230.8,1018.7,46.2,7.8,16.3,0.81,Cloudy,-0.4051645224207563,0.9142437912130223
2023-12-08,15.2,68.6,0.0,0.0,noprecip,27.0,16.5,125.2,1014.5,16.9,9.7,16.3,0.85,Clear,-0.3893781415452015,0.9210779895789526
2023-12-09,19.5,83.7,0.0,0.0,noprecip,28.8,15.7,96.0,1012.1,64.4,6.9,13.8,0.88,Cloudy,-0.37347653741307074,0.9276396261490467
2023-12-10,22.5,89.3,0.0,0.0,rain,30.6,15.7,134.1,1010.6,88.1,6.5,7.7,0.91,Cloudy,-0.3574644155648614,0.9339267592294762
2023-12-11,22.8,88.0,0.5,12.5,rain,26.3,13.9,107.1,1013.0,92.5,7.3,6.9,0.94,Rain,-0.34134651424503615,0.9399375283564133
2023-12-12,22.5,88.7,0.5,16.67,rain,32.8,17.5,109.2,1014.9,79.7,7.2,10.0,0.98,Rain,-0.3251276029999093,0.9456701548465688
2023-12-13,21.5,83.2,0.7,25.0,rain,31.3,16.6,137.0,1016.4,70.3,7.3,8.3,0.0,Rain,-0.30881248126625377,0.9511229423235357
2023-12-14,21.4,81.8,0.0,0.0,noprecip,32.8,17.5,128.8,1015.6,52.2,7.1,9.8,0.04,Cloudy,-0.29240597695107734,0.9562942772197719
2023-12-15,22.1,84.6,0.0,0.0,noprecip,24.5,14.8,120.1,1014.0,66.8,7.6,12.3,0.08,Cloudy,-0.27591294500296043,0.9611826292540837
2023-12-16,15.8,77.3,0.032,8.33,rain,69.1,33.5,50.8,1018.8,91.8,8.8,8.1,0.11,Rain,-0.2593382659754056,0.9657865518844574
2023-12-17,7.7,66.3,0.001,4.17,rain,28.4,17.5,37.4,1024.5,98.9,10.0,3.5,0.15,Rain,-0.2426868445825954,0.9701046827361175
2023-12-18,10.3,73.5,0.0,0.0,noprecip,17.6,12.1,25.9,1021.9,99.0,9.6,7.1,0.19,Cloudy,-0.22596360824801906,0.974135744004672
2023-12-19,9.5,77.0,0.002,4.17,rain,25.6,21.4,22.7,1023.1,98.7,9.0,3.8,0.22,Rain,-0.20917350564635637,0.9778785428342386
2023-12-20,7.4,60.8,0.0,0.0,rain,29.9,19.4,6.0,1025.2,87.8,10.0,5.9,0.25,Cloudy,-0.19232150523909483,0.9813319716704275
2023-12-21,3.9,48.2,0.0,0.0,noprecip,33.8,19.4,1.6,1027.0,59.9,9.6,15.2,0.29,Cloudy,-0.17541259380427843,0.9844950085880858
2023-12-22,0.7,43.3,0.0,0.0,noprecip,33.1,17.5,40.1,1030.7,26.4,10.0,16.6,0.33,Cloudy,-0.15845177496083632,0.9873667175937016
2023-12-23,2.2,48.0,0.0,0.0,noprecip,35.3,14.8,4.3,1030.2,27.3,9.8,16.2,0.36,Cloudy,-0.14144406768794202,0.9899462489023779
2023-12-24,2.3,39.8,0.0,0.0,noprecip,30.2,19.4,355.9,1030.1,80.2,9.8,7.8,0.4,Cloudy,-0.12439450483979998,0.9922328391893008
2023-12-25,2.2,40.4,0.0,0.0,noprecip,23.4,14.8,65.3,1026.3,46.4,11.5,16.1,0.44,Cloudy,-0.10730813165636247,0.9942258118156161
2023-12-26,6.2,57.5,0.0,0.0,noprecip,17.3,9.3,48.9,1024.1,21.3,8.0,15.4,0.47,Cloudy,-0.09019000427034513,0.9959245770286599
2023-12-27,11.7,71.5,0.0,0.0,noprecip,17.6,11.2,116.2,1023.4,27.0,6.6,15.0,0.5,Cloudy,-0.07304518821104743,0.9973286321364752
2023-12-28,13.4,72.9,0.0,0.0,noprecip,16.9,8.5,131.4,1021.4,14.2,6.8,15.1,0.54,Clear,-0.05587875690537313,0.9984375616565666
2023-12-29,16.0,76.6,0.004,8.33,rain,18.7,7.6,257.5,1019.6,77.5,5.5,9.4,0.57,Rain,-0.03869579017652689,0.9992510374388481
2023-12-30,18.4,83.6,0.727,16.67,rain,11.2,10.3,257.7,1018.0,88.1,4.7,3.9,0.6,Rain,-0.021501372740813793,0.999768818762748
2023-12-31,18.6,80.5,0.1,8.33,rain,14.0,12.1,139.6,1017.3,65.5,6.2,6.5,0.64,Rain,-0.004300592702981974,0.9999907524084426
2024-01-01,17.8,74.4,0.0,0.0,noprecip,27.4,20.5,126.6,1016.9,66.7,7.7,11.1,0.67,Cloudy,0.017201575418260506,0.9998520419557735
2024-01-02,19.6,80.7,0.6,25.0,rain,25.9,16.6,128.0,1016.0,81.9,8.2,10.1,0.7,Rain,0.03439806061360801,0.9994082116062598
2024-01-03,15.0,76.5,4.057,4.17,rain,36.7,24.1,36.4,1019.9,90.8,9.3,2.7,0.73,Rain,0.051584366869408364,0.9986686402879997
2024-01-04,13.8,71.2,0.0,0.0,noprecip,22.0,14.8,101.2,1019.1,99.3,9.4,5.2,0.75,Cloudy,0.06875540848113941,0.9976335468520451
2024-01-05,17.7,84.2,0.4,16.67,rain,19.8,11.2,108.6,1017.6,94.2,5.3,5.9,0.8,Rain,0.08590610426133272,0.9963032375991965
2024-01-06,18.7,81.8,0.9,25.0,rain,23.4,11.2,152.4,1018.4,82.5,6.6,6.0,0.83,Rain,0.10303137904317879,0.9946781061893646
2024-01-07,18.3,80.6,0.9,25.0,rain,28.4,16.6,133.3,1018.2,70.0,8.2,10.0,0.86,Rain,0.1201261651823505,0.9927586335250793
2024-01-08,19.2,81.6,0.3,12.5,rain,29.2,20.5,131.8,1016.1,85.7,8.4,9.0,0.89,Rain,0.13718540405660057,0.9905453876091833
2024-01-09,20.0,83.3,0.7,29.17,rain,25.2,18.4,130.7,1014.9,70.3,8.2,8.6,0.93,Rain,0.1542040475626894,0.988039023376751
2024-01-10,18.8,93.6,3.813,8.33,rain,27.4,18.4,65.7,1016.4,96.9,7.8,2.0,0.96,Rain,0.17117705961019986,0.985240282501282
2024-01-11,16.5,93.7,7.975,16.67,rain,30.6,14.8,21.5,1017.6,100.0,7.8,2.1,0.0,Rain,0.18809941761179758,0.9821499931752291
2024-01-12,17.0,95.8,7.792,12.5,rain,18.0,9.4,10.7,1017.1,100.0,5.5,1.8,0.02,Rain,0.20496611396949532,0.9787690698649216
2024-01-13,17.5,94.9,3.574,12.5,rain,19.8,11.2,32.6,1018.1,99.5,6.6,1.8,0.06,Rain,0.22177215755648186,0.975098513039961
2024-01-14,18.1,92.7,1.558,12.5,rain,12.6,9.4,35.1,1019.6,98.9,6.7,3.2,0.1,Rain,0.23851257519407648,0.9711394088771653
2024-01-15,18.7,85.8,0.099,4.17,rain,28.4,11.2,116.6,1019.6,75.1,7.2,10.0,0.13,Rain,0.2551824131233728,0.9668929289391521
2024-01-16,17.9,85.9,2.187,4.17,rain,22.3,13.0,109.9,1018.8,84.3,8.5,3.3,0.17,Rain,0.2717767384711357,0.9623603298276545
2024-01-17,19.4,93.9,8.909,8.33,rain,29.9,16.6,118.6,1017.2,96.0,6.3,6.8,0.2,Rain,0.2882906407095177,0.9575429528116719
2024-01-18,19.5,84.3,0.693,4.17,rain,31.3,20.5,138.0,1015.2,72.8,8.5,10.7,0.25,Rain,0.3047192331091634,0.9524422234305676
2024-01-19,19.9,85.2,0.032,4.17,rain,32.0,22.3,125.1,1014.0,79.1,8.3,12.0,0.27,Rain,0.321057654185271,0.9470596510722283
2024-01-20,19.7,82.4,1.7,29.17,rain,40.3,20.5,124.3,1014.7,87.3,8.9,10.1,0.31,Rain,0.3373010691361842,0.9413968285264122
2024-01-21,14.9,92.0,0.99,8.33,rain,21.2,20.5,57.5,1018.3,100.0,7.8,2.2,0.34,Rain,0.3534446712740877,0.9354554315134164
2024-01-22,9.2,81.9,3.792,12.5,rain,36.4,22.3,34.3,1023.4,100.0,8.4,2.0,0.38,Rain,0.3694836834473831,0.9292372181882051
2024-01-23,4.2,66.5,0.198,4.17,rain,27.4,16.6,28.9,1029.0,89.1,10.0,2.9,0.41,Rain,0.38541335945432564,0.9227440286201427
2024-01-24,3.9,65.2,0.0,0.0,noprecip,23.4,18.4,20.2,1029.3,99.1,10.0,6.2,0.45,Cloudy,0.4012289854475009,0.9159777842484877
2024-01-25,4.4,62.6,0.0,0.0,noprecip,20.9,13.0,19.3,1029.1,96.1,9.9,7.1,0.48,Cloudy,0.4169258813287287,0.908940487313808
2024-01-26,5.6,65.1,0.001,4.17,rain,20.5,18.4,17.1,1027.9,99.0,10.0,5.2,0.5,Rain,0.4324994021339788,0.901634220265486
2024-01-27,7.4,80.2,2.386,12.5,rain,19.8,16.6,22.2,1026.9,99.1,8.6,3.1,0.55,Rain,0.44794493940789115,0.8940611451454876
2024-01-28,7.2,70.8,0.9,12.5,rain,21.6,16.6,20.4,1026.7,99.8,10.0,3.4,0.58,Rain,0.4632579225674917,0.88622350294858
2024-01-29,10.1,83.0,4.057,4.17,rain,19.1,11.2,6.4,1023.1,99.2,9.0,8.2,0.61,Rain,0.4784338202547012,0.8781236129591848
2024-01-30,13.1,89.2,0.1,8.33,rain,15.8,7.6,3.7,1019.5,97.0,5.3,8.9,0.65,Rain,0.49346814167723735,0.8697638720650646
2024-01-31,15.6,92.8,0.303,12.5,rain,18.7,11.2,296.4,1017.1,94.1,4.3,6.7,0.68,Rain,0.5083564379375122,0.8611467540480452
2024-02-01,17.7,92.5,0.497,8.33,rain,20.2,11.2,271.3,1016.1,93.1,3.7,7.9,0.71,Rain,0.5230943033491326,0.8522748088519838
2024-02-02,20.0,89.7,0.5,16.67,rain,34.6,22.3,128.8,1014.4,83.9,4.3,9.3,0.75,Rain,0.5376773767406141,0.8431506618282
2024-02-03,20.6,91.2,0.605,12.5,rain,40.7,22.3,124.5,1014.8,96.9,7.8,6.9,0.75,Rain,0.5521013427459208,0.8337770129585915
2024-02-04,21.1,86.3,0.407,8.33,rain,28.1,20.5,132.4,1013.7,73.6,7.5,13.2,0.81,Rain,0.5663619330814524,0.8241566360566663
2024-02-05,21.5,88.5,2.5,50.0,rain,34.2,22.3,135.6,1014.4,90.9,7.5,6.0,0.84,Rain,0.580454927809098,0.8142923779467267
2024-02-06,19.9,92.4,0.103,8.33,rain,29.5,20.5,116.2,1015.5,99.2,5.4,4.8,0.88,Rain,0.5943761565849831,0.804187157621448
2024-02-07,14.4,91.1,0.396,4.17,rain,26.3,22.3,57.4,1015.6,100.0,7.2,3.1,0.91,Rain,0.6081214998935418,0.7938439653781019
2024-02-08,9.2,76.2,0.105,12.5,rain,24.1,22.3,49.4,1018.5,100.0,9.9,4.2,0.94,Rain,0.6216868902665479,0.7832658619336791
2024-02-09,8.7,67.8,0.002,4.17,rain,27.4,18.4,3.5,1024.7,95.0,10.0,6.9,0.98,Rain,0.6350683134867438,0.7724559775191742
2024-02-10,9.7,62.7,0.0,0.0,noprecip,23.8,11.2,350.9,1027.3,52.9,8.9,9.7,0.0,Cloudy,0.6482618097757122,0.7614175109532997
2024-02-11,9.2,55.5,0.0,0.0,noprecip,19.1,14.8,59.4,1026.8,55.5,10.4,14.0,0.04,Cloudy,0.6612634749656386,0.7501537286959042
2024-02-12,12.3,70.0,0.0,0.0,noprecip,28.8,18.4,123.9,1023.4,9.6,9.4,19.1,0.08,Clear,0.6740694616546161,0.7386679638813748
2024-02-13,16.7,79.5,0.0,0.0,noprecip,31.7,18.4,136.8,1019.9,69.2,8.6,10.7,0.11,Cloudy,0.6866759803451553,0.726963615332308
2024-02-14,18.3,80.8,0.4,12.5,rain,36.7,18.4,134.2,1017.5,92.3,10.0,8.0,0.15,Rain,0.6990793005655562,0.7150441465537444
2024-02-15,19.1,87.8,1.6,29.17,rain,17.6,14.8,115.2,1018.5,79.7,8.3,5.1,0.18,Rain,0.7112757519738152,0.7029130847082615
2024-02-16,18.2,83.5,1.0,16.67,rain,27.0,14.8,119.2,1018.7,55.5,6.8,7.7,0.25,Rain,0.7232617254437388,0.6905740195722294
2024-02-17,18.2,83.5,0.0,0.0,noprecip,36.4,22.3,119.2,1013.3,85.0,7.8,9.8,0.25,Cloudy,0.7350336741329412,0.6780306024735382
2024-02-18,20.9,86.3,0.0,0.0,noprecip,28.1,18.4,121.2,1011.3,91.8,7.6,15.3,0.28,Cloudy,0.746588114532413,0.6652865452111116
2024-02-19,22.4,89.3,0.0,0.0,noprecip,34.9,22.3,121.6,1010.8,90.7,8.0,15.8,0.32,Cloudy,0.7579216274973472,0.6523456189565257
2024-02-20,22.7,92.1,0.002,4.17,rain,37.4,22.3,119.1,1009.1,93.6,5.2,17.0,0.35,Rain,0.7690308592589181,0.6392116531380588
2024-02-21,22.9,87.3,0.3,4.17,rain,31.0,20.5,116.2,1009.4,95.1,7.9,18.5,0.39,Rain,0.7799125224167177,0.6258885343075018
2024-02-22,23.0,94.6,0.793,12.5,rain,35.6,18.4,113.9,1012.6,96.8,4.8,9.8,0.42,Rain,0.7905633969115482,0.612380204990065
2024-02-23,18.0,95.4,6.932,8.33,rain,26.3,22.3,68.7,1016.4,97.9,4.2,3.6,0.45,Rain,0.8009803309782905,0.5986906625177214
2024-02-24,12.2,94.8,1.653,12.5,rain,22.7,22.3,43.1,1020.4,99.4,6.4,2.8,0.5,Rain,0.8111602420785621,0.5848239578463322
2024-02-25,11.1,88.4,0.714,4.17,rain,18.7,13.0,42.1,1021.0,99.5,9.3,3.6,0.52,Rain,0.8211001178128892,0.5707841943569036
2024-02-26,11.8,89.2,0.204,8.33,rain,19.4,16.6,43.6,1020.7,100.0,7.6,5.8,0.56,Rain,0.8307970168121247,0.5565755266413303
2024-02-27,10.4,83.8,0.603,12.5,rain,21.2,18.4,42.6,1021.0,99.5,9.8,3.9,0.59,Rain,0.8402480696078469,0.5422021592729844
2024-02-28,12.2,91.2,0.103,8.33,rain,14.4,13.0,54.3,1017.1,100.0,7.6,5.9,0.62,Rain,0.8494504794814806,0.527668345562516
2024-02-29,11.9,84.5,0.8,12.5,rain,27.4,18.4,29.9,1018.5,100.0,8.2,4.6,0.66,Rain,0.8584015232918917,0.512978386299228
2024-03-01,8.9,69.5,0.002,4.17,rain,25.2,18.4,37.4,1022.2,100.0,10.0,5.0,0.69,Rain,0.8670985522812081,0.4981366284784055
2024-03-02,7.7,63.2,0.0,0.0,noprecip,25.6,18.4,62.9,1022.0,97.4,9.9,8.5,0.73,Cloudy,0.8755389928586302,0.4831474640149687
2024-03-03,12.6,76.7,0.0,0.0,noprecip,32.0,18.4,143.0,1014.8,97.4,7.8,15.5,0.75,Cloudy,0.8837203473619977,0.4680153284438345
2024-03-04,16.9,92.9,0.5,12.5,rain,25.9,13.0,138.3,1007.5,95.9,3.8,21.0,0.79,Rain,0.8916401947968874,0.45274469960737107
2024-03-05,19.7,83.1,0.0,0.0,noprecip,18.0,9.4,354.0,1004.6,46.6,5.1,22.3,0.83,Cloudy,0.8992961915530253,0.4373400963303323
2024-03-06,19.3,75.7,0.0,0.0,noprecip,39.6,16.6,70.2,1008.0,37.6,6.5,21.6,0.86,Cloudy,0.9066860720977985,0.4218060770826634
2024-03-07,14.9,65.3,0.0,0.0,rain,23.4,16.6,91.8,1014.3,87.1,9.1,7.5,0.89,Cloudy,0.9138076496466615,0.40614723863057883
2024-03-08,15.0,75.1,0.0,0.0,noprecip,20.2,13.0,86.3,1017.0,81.5,7.5,4.3,0.93,Cloudy,0.9206588168102428,0.3903682146763026
2024-03-09,15.1,87.1,0.003,8.33,rain,20.5,14.8,36.3,1016.9,95.3,7.1,4.3,0.96,Rain,0.9272375462179537,0.374473674486883
2024-03-10,15.2,90.1,0.398,4.17,rain,19.4,13.0,35.5,1018.5,99.0,8.7,4.2,0.0,Rain,0.9335418911179212,0.35846832151248087
2024-03-11,15.1,75.8,0.111,8.33,rain,29.9,18.4,309.8,1020.0,63.0,10.3,11.2,0.03,Rain,0.9395699859530622,0.342356891994542
2024-03-12,16.3,76.9,0.0,0.0,rain,27.7,20.5,110.5,1016.8,26.1,7.7,15.4,0.06,Cloudy,0.945320046913132,0.3261441535642696
2024-03-13,18.4,88.0,0.2,8.33,rain,22.0,14.8,103.8,1014.3,80.3,5.7,8.1,0.09,Rain,0.9507903724625832,0.3098349038318025
2024-03-14,20.0,97.8,1.198,8.33,rain,20.9,13.0,52.0,1013.7,98.9,4.3,4.8,0.13,Rain,0.9559793438440766,0.2934339689665273
2024-03-15,20.4,95.5,2.095,8.33,rain,22.0,13.0,81.8,1013.2,95.4,4.6,4.5,0.16,Rain,0.9608854255574977,0.27694620226893646
2024-03-16,22.2,94.6,0.1,8.33,rain,34.9,16.6,137.8,1014.2,92.9,4.7,9.0,0.2,Rain,0.9655071658143364,0.2603764827344581
2024-03-17,22.3,93.7,0.5,20.83,rain,31.7,13.0,125.9,1013.7,89.1,5.0,6.7,0.25,Rain,0.969843196967294,0.24372971360968387
2024-03-18,22.8,93.4,0.402,12.5,rain,27.4,16.6,125.9,1013.1,92.4,6.2,6.6,0.26,Rain,0.9738922359149924,0.22701082094141847
2024-03-19,18.3,92.3,28.203,16.67,rain,47.2,33.5,48.7,1019.6,97.1,7.6,2.5,0.3,Rain,0.9776530844816641,0.2102247521189836
2024-03-20,14.5,72.2,0.101,8.33,rain,17.3,9.4,16.2,1022.4,99.2,9.8,4.1,0.33,Rain,0.981124629771712,0.19337647441020586
2024-03-21,16.3,73.9,0.0,0.0,noprecip,33.1,22.3,117.7,1015.4,37.4,10.0,22.6,0.36,Cloudy,0.984305844499033,0.17647097349152166
2024-03-22,19.5,91.6,0.001,4.17,rain,32.0,16.6,108.8,1009.3,83.6,5.5,13.9,0.4,Rain,0.9871957872910085,0.15951325197263655
2024-03-23,22.3,85.4,0.021,4.17,rain,33.5,24.1,114.6,1007.8,82.3,7.6,18.1,0.43,Rain,0.9897936029670716,0.14250832791617088
2024-03-24,23.5,92.7,0.198,8.33,rain,33.8,18.4,108.5,1010.4,90.6,5.3,16.1,0.46,Rain,0.992098522791769,0.12546123335273648
2024-03-25,23.6,85.9,0.101,8.33,rain,25.2,22.3,122.5,1012.0,73.7,7.4,11.3,0.5,Rain,0.9941098647022418,0.10837701279187609
2024-03-26,22.5,80.1,0.3,12.5,rain,36.4,24.1,136.6,1015.4,62.5,8.1,14.0,0.53,Rain,0.9958270335100595,0.09126072172931188
2024-03-27,22.8,82.9,0.2,4.17,rain,37.1,24.1,131.9,1014.4,73.8,7.7,14.4,0.57,Rain,0.9972495210773451,0.07411742515094437
2024-03-28,22.9,91.6,8.3,75.0,rain,25.9,18.4,90.0,1012.6,80.3,5.5,11.9,0.6,Rain,0.998376906467142,0.056952196034039754
2024-03-29,21.5,90.4,4.6,45.83,rain,48.2,25.9,33.9,1013.2,69.0,7.1,8.8,0.64,Rain,0.9992088560679753,0.03977011384605572
2024-03-30,22.9,86.9,0.0,0.0,noprecip,25.2,20.5,115.5,1010.6,75.3,6.5,14.3,0.67,Cloudy,0.9997451236925734,0.022576263041545485
2024-03-31,24.4,84.5,0.0,0.0,noprecip,25.6,18.4,96.3,1007.5,63.3,5.2,20.3,0.7,Cloudy,0.9999855506507186,0.005375731557583884
2024-04-01,24.7,84.1,0.0,0.0,noprecip,33.1,18.4,95.2,1004.0,55.3,6.7,24.6,0.74,Cloudy,0.9999300657962057,-0.011826390691832589
2024-04-02,24.6,84.2,0.0,0.0,noprecip,37.4,20.5,100.2,1002.8,53.9,7.9,25.0,0.75,Cloudy,0.9995786855478958,-0.029025013321975237
2024-04-03,25.1,84.1,0.0,0.0,noprecip,29.9,20.5,96.8,1004.3,84.0,7.7,24.4,0.81,Cloudy,0.9989315138848577,-0.046215046983708354
2024-04-04,25.3,86.8,0.0,0.0,noprecip,28.4,20.5,108.6,1005.1,95.5,7.9,24.8,0.84,Cloudy,0.9979887423155984,-0.06339140486951038
2024-04-05,24.9,89.6,0.198,8.33,rain,32.4,24.1,135.7,1007.3,97.8,8.1,7.6,0.88,Rain,0.9967506498213929,-0.08054900421874167
2024-04-06,24.0,90.4,0.997,8.33,rain,33.1,22.3,136.7,1008.6,97.4,7.4,8.3,0.91,Rain,0.9952176027737294,-0.09768276782171598
2024-04-07,23.7,96.7,0.204,8.33,rain,29.2,16.6,93.7,1007.7,95.0,3.8,5.2,0.95,Rain,0.9933900548258936,-0.11478762552212701
2024-04-08,20.1,84.8,0.834,8.33,rain,28.8,24.1,49.3,1011.9,99.5,8.6,5.9,0.98,Rain,0.9912685467787256,-0.13185851571739118
2024-04-09,20.5,86.3,1.002,12.5,rain,14.4,16.6,38.6,1014.6,97.9,9.2,5.5,0.0,Rain,0.9888537064205885,-0.1488903868564548
2024-04-10,21.9,91.9,0.204,12.5,rain,23.8,9.4,99.8,1014.5,89.7,5.2,11.1,0.05,Rain,0.986146248341595,-0.16587819893463143
2024-04-11,23.6,89.3,0.4,12.5,rain,31.3,18.4,120.0,1013.2,76.3,5.7,14.3,0.08,Rain,0.9831469737221499,-0.1828169249850199
2024-04-12,24.0,83.8,0.0,0.0,rain,35.3,18.4,134.0,1011.4,83.1,8.1,13.7,0.11,Cloudy,0.9798567700958665,-0.1997015525660636
2024-04-13,24.5,83.4,0.0,0.0,rain,36.0,22.3,136.9,1008.5,87.9,9.2,16.1,0.15,Cloudy,0.9762766110869321,-0.21652708524481437
2024-04-14,25.1,87.4,0.0,0.0,noprecip,28.8,22.3,113.8,1008.6,95.5,7.7,16.9,0.18,Cloudy,0.9724075561219968,-0.23328854407545518
2024-04-15,24.9,88.0,0.2,8.33,rain,36.7,20.5,120.4,1009.7,93.0,7.9,14.3,0.21,Rain,0.9682507501166718,-0.2499809690726521
2024-04-16,23.6,77.9,2.977,4.17,rain,38.9,25.9,136.1,1007.9,45.5,10.4,16.0,0.25,Rain,0.9638074231367307,-0.26659942067929354
2024-04-17,25.1,88.1,0.0,0.0,rain,29.2,20.5,122.3,1006.7,89.1,8.2,18.9,0.28,Cloudy,0.9590788900341131,-0.28313898122818354
2024-04-18,24.5,86.0,13.915,8.33,rain,33.1,24.1,123.0,1004.9,61.4,8.1,15.3,0.31,Rain,0.9540665500578387,-0.2995947563972602
2024-04-19,25.6,85.2,0.0,0.0,noprecip,29.9,24.1,120.6,1002.3,77.2,8.4,23.5,0.34,Cloudy,0.9487718864399473,-0.31596187665790293
2024-04-20,25.6,83.1,8.905,4.17,rain,57.6,38.9,96.6,1002.2,75.8,8.3,23.5,0.38,Rain,0.9431964659565866,-0.33223549871590435
2024-04-21,24.8,86.5,40.567,4.17,rain,33.5,22.3,93.2,1004.2,90.4,8.7,21.1,0.41,Rain,0.9373419384643772,-0.3484108069446808
2024-04-22,24.3,86.7,0.022,8.33,rain,24.8,14.8,91.8,1006.0,95.8,9.0,8.4,0.44,Rain,0.9312100364121947,-0.3644830148102912
2024-04-23,25.0,83.4,2.5,33.33,rain,32.8,18.4,86.7,1006.1,90.9,8.3,11.6,0.47,Rain,0.9248025743285089,-0.38044736628785164
2024-04-24,23.9,89.4,2.97,12.5,rain,22.0,13.0,65.2,1006.9,82.8,8.3,7.7,0.5,Rain,0.9181214482844365,-0.39629913726891813
2024-04-25,25.7,83.9,5.94,8.33,rain,26.3,20.5,116.7,1004.1,65.7,7.7,18.0,0.54,Rain,0.9111686353326631,-0.41203363695942635
2024-04-26,26.7,79.2,0.0,0.0,noprecip,27.7,18.4,112.7,1001.0,50.9,7.1,25.1,0.58,Cloudy,0.9039461929224011,-0.42764620926777464
2024-04-27,24.6,69.4,0.0,0.0,noprecip,27.0,16.6,97.9,999.6,9.0,7.8,27.5,0.61,Clear,0.8964562582905575,-0.44313223418263453
2024-04-28,26.9,80.9,0.0,0.0,noprecip,25.9,20.5,98.6,1002.0,45.3,10.4,26.2,0.65,Cloudy,0.8887010478292915,-0.45848712914008766
2024-04-29,27.2,84.5,0.2,8.33,rain,32.0,20.5,108.3,1002.1,66.7,9.7,25.1,0.68,Rain,0.8806828564301475,-0.47370635037968
2024-04-30,26.7,78.6,0.8,4.17,rain,33.5,18.4,84.8,999.1,43.0,9.5,26.4,0.72,Rain,0.8724040568049612,-0.48878539428899265
2024-05-01,22.8,82.9,2.2,41.67,rain,31.0,18.4,41.9,1004.9,93.0,9.5,6.5,0.75,Rain,0.8638670987837349,-0.503719798736334
2024-05-02,22.5,91.1,32.473,8.33,rain,15.8,16.6,61.6,1008.1,89.2,8.5,6.4,0.79,Rain,0.8550745085896932,-0.518505144391157
2024-05-03,23.6,91.6,34.2,12.5,rain,32.0,22.3,103.6,1007.9,93.3,8.0,8.0,0.83,Rain,0.8460288880917339,-0.533137056031809
2024-05-04,25.1,84.1,0.1,4.17,rain,27.0,22.3,118.5,1004.6,72.5,8.8,22.0,0.86,Rain,0.8367329140344921,-0.5476112038402312
2024-05-05,22.2,77.4,1.1,33.33,rain,28.1,16.6,52.3,1008.3,85.0,9.9,7.4,0.9,Rain,0.8271893372462497,-0.5619233046832195
2024-05-06,23.5,86.4,2.106,4.17,rain,32.4,16.6,51.9,1011.0,79.7,9.3,7.6,0.93,Rain,0.8174009818249189,-0.5760691233798758
2024-05-07,24.7,85.9,4.947,4.17,rain,22.7,13.0,72.2,1012.7,82.0,9.2,11.7,0.97,Rain,0.8073707443023492,-0.5900444739548627
2024-05-08,25.4,89.7,5.095,4.17,rain,26.6,14.8,99.5,1011.7,82.3,7.8,14.6,0.0,Rain,0.7971015927871943,-0.6038452208771035
2024-05-09,23.7,87.0,2.997,8.33,rain,23.8,20.5,73.8,1012.7,89.2,9.6,11.3,0.03,Rain,0.7865965660866021,-0.6174672802835514
2024-05-10,24.5,82.8,0.131,8.33,rain,34.2,24.1,121.6,1011.5,66.7,9.1,21.3,0.07,Rain,0.7758587728069828,-0.6309066211876704
2024-05-11,25.6,82.3,0.3,12.5,rain,27.4,20.5,144.6,1010.7,60.4,9.3,19.9,0.1,Rain,0.7648913904341226,-0.6441592666722685
2024-05-12,25.5,84.7,17.074,4.17,rain,25.9,24.1,102.5,1010.3,70.8,8.7,15.3,0.13,Rain,0.753697664392914,-0.6572212950663319
2024-05-13,22.9,80.8,144.501,16.67,rain,20.9,16.6,326.8,1012.0,63.0,9.5,6.0,0.16,Rain,0.742280907086982,-0.6700888411055113
2024-05-14,23.8,78.6,0.1,4.17,rain,27.0,14.8,137.8,1011.2,46.3,9.9,21.4,0.2,Rain,0.7306444969184916,-0.6827580970759147
2024-05-15,25.1,87.2,0.792,4.17,rain,27.7,22.3,93.5,1012.3,76.7,8.3,17.4,0.25,Rain,0.7187918772884232,-0.6952253139408722
2024-05-16,23.2,78.5,0.198,4.17,rain,33.8,16.6,25.2,1012.8,85.2,9.9,7.8,0.26,Rain,0.7067265555776158,-0.7074868024503348
2024-05-17,22.8,74.6,0.7,20.83,rain,27.0,20.5,140.8,1009.9,71.0,9.3,19.2,0.29,Rain,0.6944521021088763,-0.719538934232584
2024-05-18,26.0,84.0,9.4,41.67,rain,34.9,22.3,133.7,1004.8,89.4,9.9,16.8,0.33,Rain,0.6819721490904629,-0.7313781428679254
2024-05-19,26.2,88.1,43.841,8.33,rain,31.3,25.9,84.4,1002.4,84.7,9.8,11.9,0.36,Rain,0.6692903895412567,-0.7430009249440493
2024-05-20,24.7,84.7,7.927,8.33,rain,30.2,16.6,301.3,1005.8,51.7,8.6,17.9,0.39,Rain,0.6564105761979381,-0.7544038410927472
2024-05-21,24.7,81.2,1.0,12.5,rain,28.1,9.4,72.5,1007.7,72.5,8.4,17.0,0.42,Rain,0.6433365204044917,-0.765583517007675
2024-05-22,23.8,76.3,0.021,4.17,rain,21.2,16.6,15.1,1008.7,53.6,8.8,19.4,0.46,Rain,0.6300720909843687,-0.7765366444428655
2024-05-23,24.6,82.6,5.939,8.33,rain,20.5,14.8,272.6,1008.1,61.7,8.7,17.2,0.5,Rain,0.6166212130956382,-0.7872599821916922
2024-05-24,24.8,78.8,0.9,16.67,rain,42.5,22.3,130.8,1007.6,57.5,7.8,21.3,0.52,Rain,0.6029878670694714,-0.7977503570459932
2024-05-25,26.2,89.4,13.968,8.33,rain,31.7,20.5,134.6,1007.5,71.7,8.8,11.2,0.56,Rain,0.5891760872322963,-0.8080046647350754
2024-05-26,26.9,81.5,10.472,8.33,rain,31.7,13.0,159.2,1004.9,64.4,9.7,18.8,0.59,Rain,0.5751899607119775,-0.8180198708443175
2024-05-27,26.2,73.1,0.198,4.17,rain,25.2,14.8,231.0,1001.2,70.8,9.5,18.1,0.63,Rain,0.5610336262283677,-0.8277930117131022
2024-05-28,26.9,76.0,0.2,8.33,rain,28.8,14.8,52.3,1000.9,57.9,9.9,15.5,0.67,Rain,0.5467112728685939,-0.8373211953118121
2024-05-29,27.6,78.4,0.0,0.0,rain,28.8,24.1,120.2,1000.7,76.6,11.0,21.0,0.7,Cloudy,0.5322271388474397,-0.8466016020976267
2024-05-30,26.4,80.7,57.387,4.17,rain,32.0,29.5,92.7,1002.0,80.0,9.2,15.3,0.74,Rain,0.5175855102531889,-0.8556314858488706
2024-05-31,23.7,84.7,31.694,12.5,rain,24.5,13.0,294.6,1006.2,90.2,9.8,8.2,0.75,Rain,0.5027907197793043,-0.8644081744776648
2024-06-01,24.3,73.5,0.1,4.17,rain,16.9,11.2,100.3,1007.3,50.2,9.7,21.2,0.81,Rain,0.4878471454423119,-0.8729290708206411
2024-06-02,26.6,78.3,0.6,25.0,rain,40.7,22.3,130.1,1005.9,53.9,9.8,19.3,0.85,Rain,0.47275920928627757,-0.881191653407483
2024-06-03,26.3,78.3,0.011,4.17,rain,25.2,29.5,103.0,1003.0,60.0,9.0,17.6,0.88,Rain,0.4575313760742512,-0.8891934772070711
2024-06-04,26.1,84.5,12.594,8.33,rain,29.9,14.8,62.9,1004.0,67.0,9.9,10.2,0.92,Rain,0.44216815196707204,-0.8969321743510065
2024-06-05,25.1,88.6,69.268,12.5,rain,23.0,20.5,23.5,1007.0,91.8,9.8,3.6,0.95,Rain,0.42667408318992467,-0.9044054548343001
2024-06-06,24.3,88.6,5.676,12.5,rain,23.0,16.6,339.4,1008.6,94.4,9.8,9.7,0.0,Rain,0.4110537546870351,-0.9116111071930239
2024-06-07,25.8,85.7,9.2,41.67,rain,21.2,22.3,108.5,1005.0,79.6,7.7,14.6,0.02,Rain,0.3953117887649151,-0.9185469991587165
2024-06-08,26.0,84.6,39.631,8.33,rain,22.3,14.8,130.7,1002.8,77.7,8.9,6.8,0.05,Rain,0.37945284372454435,-0.925211078289358
2024-06-09,25.4,95.2,31.782,12.5,rain,21.6,13.0,70.8,1003.9,89.1,8.6,7.3,0.09,Rain,0.36348161248290634,-0.9316013725767187
2024-06-10,26.3,89.8,15.959,16.67,rain,29.9,16.6,103.0,1005.3,85.1,8.3,15.3,0.12,Rain,0.3474028211842774,-0.9377159910299093
2024-06-11,27.2,84.3,10.884,8.33,rain,27.0,18.4,115.2,1004.9,69.0,8.5,17.8,0.15,Rain,0.3312212278016865,-0.9435531242349544
2024-06-12,26.6,76.1,0.198,4.17,rain,25.9,11.2,100.9,1003.8,65.3,9.1,21.8,0.18,Rain,0.31494162072895193,-0.9491110448902284
2024-06-13,25.5,67.2,0.0,0.0,noprecip,28.8,13.0,242.8,1000.9,52.2,9.7,21.5,0.22,Cloudy,0.2985688173637202,-0.9543881083175908
2024-06-14,25.2,63.6,0.0,0.0,noprecip,24.8,11.2,219.0,999.4,67.9,10.4,18.7,0.25,Cloudy,0.2821076626819194,-0.9593827529490743
2024-06-15,27.9,81.1,0.2,8.33,rain,21.2,13.0,28.8,1001.1,51.0,7.4,13.9,0.28,Rain,0.26556302780405594,-0.9640935007889755
2024-06-16,27.3,80.1,0.099,4.17,rain,16.6,16.6,78.4,1002.1,52.6,8.5,19.1,0.31,Rain,0.24893980855376657,-0.9685189578512204
2024-06-17,26.5,80.3,1.979,4.17,rain,23.0,37.1,90.0,1001.6,60.7,9.2,20.1,0.34,Rain,0.23224292400907015,-0.9726578145718654
2024-06-18,26.6,82.8,7.916,4.17,rain,28.4,14.8,66.4,1000.9,67.8,10.9,12.5,0.38,Rain,0.21547731504673012,-0.976508846196619
2024-06-19,26.8,77.6,0.1,4.17,rain,37.1,24.1,97.2,1000.3,68.9,10.4,22.1,0.41,Rain,0.19864794288017112,-0.9800709131432666
2024-06-20,27.1,80.9,0.798,4.17,rain,28.8,16.6,100.8,1000.5,75.1,9.9,20.5,0.44,Rain,0.18175978759137534,-0.9833429613388902
2024-06-21,28.2,85.7,3.958,8.33,rain,28.4,18.4,108.3,1001.3,76.8,9.6,20.5,0.47,Rain,0.16481784665719793,-0.9863240225317866
2024-06-22,27.4,79.4,1.2,37.5,rain,29.2,18.4,125.7,1002.8,78.3,11.1,20.2,0.5,Rain,0.14782713347053048,-0.9890132145779883
2024-06-23,26.9,80.9,51.514,8.33,rain,27.0,22.3,114.9,1003.0,64.5,10.3,21.4,0.54,Rain,0.13079267585675922,-0.9914097417023038
2024-06-24,26.2,85.9,12.126,12.5,rain,18.4,14.8,101.4,1002.9,80.1,9.4,4.9,0.58,Rain,0.11371951458594969,-0.9935128947338007
2024-06-25,26.2,90.4,11.951,12.5,rain,26.6,16.6,82.2,1004.6,70.4,9.5,10.7,0.61,Rain,0.0966127018812031,-0.9953220513156602
2024-06-26,25.7,88.0,6.264,8.33,rain,29.5,16.6,85.6,1007.7,79.7,10.0,9.0,0.65,Rain,0.07947729992362097,-0.9968366760893436
2024-06-27,25.9,85.8,6.0,12.5,rain,29.5,18.4,104.8,1008.4,66.8,9.5,12.2,0.69,Rain,0.062318379354325076,-0.998056320853012
2024-06-28,26.6,82.3,0.297,4.17,rain,34.2,24.1,131.6,1005.8,67.9,10.0,16.9,0.72,Rain,0.04514101777397193,-0.9989806246941579
2024-06-29,26.8,77.7,9.894,4.17,rain,28.4,16.6,143.5,1003.3,65.6,11.0,23.2,0.75,Rain,0.02795029824021032,-0.999609314096404
2024-06-30,26.4,73.5,3.068,4.17,rain,36.4,13.0,164.6,1002.0,97.3,10.0,22.1,0.79,Rain,0.01075130776352193,-0.9999422030204416
2024-07-01,25.1,66.0,0.0,0.0,noprecip,26.6,13.0,176.4,1000.2,90.3,10.0,13.4,0.83,Cloudy,-0.00645086419810515,-0.9999791929590823
2024-07-02,26.5,83.4,4.4,20.83,rain,22.0,16.6,72.4,1001.8,82.8,9.8,13.3,0.87,Rain,-0.023651127245231586,-0.9997202729664083
2024-07-03,26.1,92.8,7.818,8.33,rain,40.7,22.3,76.0,1006.7,80.6,8.1,9.3,0.9,Rain,-0.04084439154329611,-0.9991655196610109
2024-07-04,25.8,79.3,2.922,8.33,rain,30.6,25.9,137.0,1008.5,54.5,9.3,18.4,0.94,Rain,-0.05802556932878035,-0.9983150972033183
2024-07-05,25.4,77.9,0.1,12.5,rain,31.3,25.9,125.8,1006.0,47.6,11.1,22.2,0.97,Rain,-0.07518957641475855,-0.9971692572470178
2024-07-06,26.3,78.6,0.158,12.5,rain,27.0,20.5,122.6,1005.4,53.0,12.5,20.4,0.0,Rain,-0.09233133369539122,-0.9957283388645872
2024-07-07,26.0,74.9,0.0,0.0,rain,36.4,25.9,138.8,1005.9,45.5,10.6,24.5,0.04,Cloudy,-0.10944576864891556,-0.993992768446958
2024-07-08,26.4,76.5,0.396,4.17,rain,30.6,22.3,135.7,1005.1,56.3,11.0,24.2,0.07,Rain,-0.12652781683868314,-0.9919630595773397
2024-07-09,27.0,80.2,10.983,4.17,rain,24.8,22.3,121.4,1004.7,66.4,9.8,23.5,0.11,Rain,-0.1435724234118113,-0.9896398128792412
2024-07-10,27.0,85.8,0.747,4.17,rain,24.5,14.8,112.9,1004.8,60.9,11.1,22.6,0.14,Rain,-0.16057454459499376,-0.9870237158387383
2024-07-11,26.2,78.3,9.598,4.17,rain,27.0,18.4,108.2,1003.1,50.1,10.4,23.4,0.17,Rain,-0.17752914918703497,-0.984115542601034
2024-07-12,26.5,75.8,1.413,8.33,rain,22.7,20.5,136.2,1001.2,76.4,11.2,20.5,0.2,Rain,-0.19443122004766195,-0.9809161537413774
2024-07-13,26.8,76.4,15.337,8.33,rain,23.4,25.9,116.3,1000.9,65.1,10.2,18.8,0.23,Rain,-0.2112757555821793,-0.9774264960104055
2024-07-14,26.2,81.8,1.927,8.33,rain,34.9,20.5,108.0,1004.0,60.1,9.7,14.7,0.25,Rain,-0.2280577712215198,-0.9736476020539838
2024-07-15,26.1,83.7,25.717,12.5,rain,33.1,18.4,353.0,1005.5,76.9,10.0,15.2,0.3,Rain,-0.24477230089725957,-0.9695805901076308
2024-07-16,26.1,82.5,7.97,12.5,rain,32.0,18.4,45.1,1005.6,75.9,9.6,13.1,0.33,Rain,-0.2614143985111562,-0.965226663665613
2024-07-17,26.1,85.7,2.222,16.67,rain,29.2,16.6,51.3,1004.8,80.6,10.0,7.9,0.36,Rain,-0.2779791393987801,-0.9605871111248129
2024-07-18,25.8,89.9,24.287,16.67,rain,23.0,22.3,67.1,1003.9,88.0,9.2,8.8,0.4,Rain,-0.2944616217868012,-0.9556633054034704
2024-07-19,26.2,88.9,11.491,12.5,rain,26.3,16.6,77.3,1004.0,75.0,9.9,9.3,0.43,Rain,-0.3108569682435036,-0.9504567035349151
2024-07-20,26.5,88.5,11.894,12.5,rain,22.3,25.9,70.7,1004.8,63.6,10.2,12.7,0.46,Rain,-0.3271603271220951,-0.9449688462364056
2024-07-21,26.3,79.3,2.474,4.17,rain,23.8,14.8,69.6,1004.8,55.3,11.6,18.2,0.5,Rain,-0.34336687399638804,-0.939201357453208
2024-07-22,26.4,83.8,3.986,8.33,rain,28.8,13.0,309.6,1002.4,72.0,9.8,15.2,0.53,Rain,-0.3594718130884232,-0.9331559438780432
2024-07-23,25.6,94.2,188.332,16.67,rain,28.4,22.3,280.6,997.8,90.6,5.7,2.4,0.56,Rain,-0.3754703786876202,-0.9268343944460494
2024-07-24,26.0,90.0,100.843,16.67,rain,26.3,14.8,287.3,995.6,91.3,8.3,6.6,0.6,Rain,-0.3913578365610259,-0.9202385798054075
2024-07-25,26.7,84.7,23.566,12.5,rain,29.9,13.0,288.1,995.0,78.4,9.7,16.0,0.63,Rain,-0.4071294853542516,-0.9133704517637858
2024-07-26,27.1,75.2,0.0,0.0,noprecip,23.8,16.6,263.4,995.5,60.1,10.5,26.3,0.67,Cloudy,-0.4227806579826773,-0.9062320427107697
2024-07-27,28.5,78.7,0.0,0.0,noprecip,21.6,27.7,46.8,998.7,67.9,9.5,23.9,0.71,Cloudy,-0.4383067230125192,-0.898825465016444
2024-07-28,26.1,87.8,34.531,4.17,rain,30.2,22.3,55.3,1001.9,82.6,9.0,9.8,0.75,Rain,-0.45370308603134424,-0.8911529104063088
2024-07-29,26.3,92.0,27.129,12.5,rain,24.1,16.6,113.6,1001.3,82.9,9.4,7.5,0.78,Rain,-0.46896519100763184,-0.8832166493127127
2024-07-30,26.1,91.7,1.987,12.5,rain,32.8,22.3,131.1,1001.3,91.3,8.7,5.9,0.81,Rain,-0.48408852163897587,-0.8750190302029955
2024-07-31,25.9,85.3,0.408,12.5,rain,28.8,13.0,145.3,1002.4,86.7,10.0,9.6,0.85,Rain,-0.4990686026885319,-0.8665624788845385
2024-08-01,25.5,80.9,0.396,4.17,rain,42.8,14.8,165.2,1003.3,87.0,10.0,7.2,0.88,Rain,-0.5139010013093103,-0.8578494977869301
2024-08-02,24.9,86.6,13.3,12.5,rain,41.8,16.6,166.9,1003.4,89.1,9.7,7.6,0.92,Rain,-0.5285813283559292,-0.8488826652214553
2024-08-03,25.4,83.1,0.001,4.17,rain,30.6,14.8,75.8,1005.0,64.2,11.0,16.1,0.96,Rain,-0.5431052396834317,-0.8396646346181327
2024-08-04,25.7,76.6,0.6,16.67,rain,22.3,24.1,114.7,1006.3,64.9,10.8,22.9,0.0,Rain,-0.5574684374327892,-0.8301981337405212
2024-08-05,26.7,79.4,4.7,12.5,rain,19.4,16.6,95.9,1005.7,59.7,10.5,19.8,0.02,Rain,-0.5716666713027052,-0.8204859638785327
2024-08-06,26.9,79.3,0.9,29.17,rain,24.5,25.9,106.1,1004.9,45.6,10.2,21.7,0.06,Rain,-0.5856957398073508,-0.8105309990194823
2024-08-07,26.6,79.9,1.7,20.83,rain,22.0,24.1,115.0,1005.3,45.4,9.9,23.4,0.09,Rain,-0.5995514915196489,-0.8003361849976323
2024-08-08,26.5,77.1,0.1,4.17,rain,40.7,16.6,142.9,1005.0,40.9,10.9,24.2,0.12,Rain,-0.6132298262997502,-0.7899045386224707
2024-08-09,26.3,71.6,0.0,0.0,noprecip,27.4,18.4,137.4,1002.2,44.4,12.0,25.3,0.15,Cloudy,-0.6267266965083301,-0.7792391467859886
2024-08-10,27.1,73.6,4.5,16.67,rain,22.0,31.7,85.3,1000.3,57.0,11.0,24.8,0.19,Rain,-0.6400381082043503,-0.7683431655492202
2024-08-11,25.3,84.9,0.6,12.5,rain,32.4,31.7,313.5,1001.5,64.7,9.8,15.5,0.22,Rain,-0.65316012232693,-0.7572198192083127
2024-08-12,26.5,83.5,0.388,4.17,rain,21.6,16.6,71.7,1001.7,72.9,9.8,12.4,0.25,Rain,-0.666088855860977,-0.7458723993404063
2024-08-13,26.6,88.3,19.566,4.17,rain,17.6,16.6,340.4,1004.4,79.6,9.7,12.7,0.29,Rain,-0.6788204829862355,-0.734304263829602
2024-08-14,26.0,90.4,13.082,8.33,rain,22.0,13.0,312.4,1005.7,89.9,9.1,11.2,0.32,Rain,-0.6913512362094071,-0.722518835873311
2024-08-15,26.0,85.2,0.548,12.5,rain,22.7,14.8,327.3,1004.6,80.7,9.5,18.0,0.35,Rain,-0.7036774074790128,-0.7105196029692745
2024-08-16,25.4,76.8,2.0,25.0,rain,22.7,11.2,14.0,1004.2,73.6,10.0,20.0,0.38,Rain,-0.7157953492826642,-0.6983101158835584
2024-08-17,26.2,82.4,33.839,4.17,rain,17.6,14.8,60.8,1005.5,75.1,8.8,19.3,0.42,Rain,-0.7277014757264236,-0.6858939875998223
2024-08-18,26.8,82.6,5.2,41.67,rain,19.4,13.0,38.1,1005.5,75.2,8.5,15.7,0.45,Rain,-0.7393922635959241,-0.673274892250183
2024-08-19,26.6,84.6,0.444,4.17,rain,27.0,11.2,321.1,1003.8,58.8,8.5,16.4,0.48,Rain,-0.7508642533989489,-0.6604565640279754
2024-08-20,26.2,83.5,4.314,8.33,rain,23.0,14.8,118.1,1004.3,66.8,10.3,19.1,0.5,Rain,-0.7621140503891487,-0.6474427960827475
2024-08-21,26.3,86.7,37.5,4.17,rain,27.7,13.0,325.7,1005.9,79.0,9.1,11.1,0.55,Rain,-0.7731383255706026,-0.6342374393978054
2024-08-22,26.4,82.9,3.9,33.33,rain,61.2,20.5,91.7,1006.9,65.7,8.4,15.9,0.59,Rain,-0.7839338166829201,-0.620844401650647
2024-08-23,24.4,94.3,102.336,12.5,rain,23.8,14.8,84.2,1009.6,84.8,8.8,5.9,0.62,Rain,-0.7944973291665992,-0.6072676460566135
2024-08-24,24.8,89.3,31.845,12.5,rain,19.8,13.0,107.8,1008.4,64.8,9.4,8.0,0.66,Rain,-0.8048257371083452,-0.593511190196115
2024-08-25,25.1,85.2,8.127,8.33,rain,25.6,16.6,114.6,1006.8,73.1,9.9,13.4,0.69,Rain,-0.8149159841660791,-0.5795791048257612
2024-08-26,25.5,79.0,40.567,4.17,rain,20.5,14.8,112.7,1006.1,60.8,9.7,16.1,0.75,Rain,-0.8247650844733614,-0.5654755126737576
2024-08-27,26.2,78.9,8.905,4.17,rain,22.3,14.8,109.6,1005.6,48.0,10.0,17.2,0.76,Rain,-0.8343701235229537,-0.5512045872199277
2024-08-28,26.8,76.2,0.0,0.0,noprecip,19.8,14.8,97.5,1004.1,37.1,9.0,22.7,0.79,Cloudy,-0.8437282590292712,-0.5367705514607103
2024-08-29,27.7,81.2,0.0,0.0,rain,18.4,11.2,83.5,1004.0,53.4,8.9,19.3,0.83,Cloudy,-0.8528367217694595,-0.522177676659508
2024-08-30,25.6,82.4,38.799,8.33,rain,22.7,18.4,220.9,1005.5,71.7,9.0,12.7,0.86,Rain,-0.8616928164028521,-0.5074302810827518
2024-08-31,25.4,77.8,0.89,4.17,rain,20.2,13.0,80.6,1006.6,46.1,9.3,13.7,0.9,Rain,-0.8702939222685674,-0.49253272872205434
2024-09-01,25.6,80.8,5.096,12.5,rain,20.9,14.8,60.7,1007.3,76.1,9.9,13.5,0.93,Rain,-0.8786374941610001,-0.4774894280028391
2024-09-02,26.1,76.3,1.982,12.5,rain,16.9,11.2,81.5,1007.6,58.3,10.6,18.0,0.97,Rain,-0.886721063082993,-0.46230483047981086
2024-09-03,25.6,82.5,39.776,8.33,rain,22.0,22.3,299.0,1007.3,59.1,9.7,21.4,0.0,Rain,-0.8945422369764496,-0.4469834295196741
2024-09-04,25.7,76.4,0.0,0.0,noprecip,16.6,13.0,338.8,1003.4,43.3,10.5,23.4,0.04,Cloudy,-0.9020987014301837,-0.43152975897147144
2024-09-05,26.3,75.3,0.2,4.17,rain,29.9,14.8,306.8,1001.1,48.2,10.8,23.9,0.07,Rain,-0.9093882203647925,-0.4159483918249421
2024-09-06,25.7,81.1,18.14,20.83,rain,46.4,25.9,315.8,999.8,71.5,9.5,19.4,0.1,Rain,-0.9164086366943458,-0.4002439388573056
2024-09-07,25.1,92.7,255.269,29.17,rain,88.9,53.6,322.2,992.8,98.1,7.9,1.5,0.14,Rain,-0.9231578729647039,-0.38442104726885545
2024-09-08,26.0,92.9,20.063,16.67,rain,57.6,38.9,127.6,998.8,95.6,9.4,3.1,0.17,Rain,-0.9296339319682695,-0.3684843993077793
2024-09-09,26.4,92.6,27.704,4.17,rain,32.0,32.7,94.2,1003.4,75.4,9.5,6.7,0.2,Rain,-0.9358348973349941,-0.35243871088460327
2024-09-10,24.5,94.3,116.932,16.67,rain,19.8,14.8,71.2,1006.1,90.3,8.8,3.1,0.24,Rain,-0.9417589340994617,-0.33628873017668287
2024-09-11,24.3,95.3,64.042,16.67,rain,30.6,14.8,36.3,1007.8,94.2,8.1,1.9,0.25,Rain,-0.9474042892438845,-0.32003923622313857
2024-09-12,25.1,86.9,0.246,16.67,rain,27.7,13.0,312.3,1007.5,60.7,9.9,7.9,0.3,Rain,-0.9527692922168511,-0.30369503751065885
2024-09-13,25.2,83.3,45.546,4.17,rain,25.9,20.5,328.6,1005.2,63.6,9.9,16.0,0.34,Rain,-0.9578523554276669,-0.28726097055059635
2024-09-14,25.5,79.7,2.201,4.17,rain,20.9,18.4,24.2,1003.0,61.5,9.7,17.8,0.37,Rain,-0.9626519747161487,-0.2707418984477642
2024-09-15,26.2,79.9,5.9,25.0,rain,16.9,13.0,72.5,1002.4,36.6,8.2,20.8,0.4,Rain,-0.9671667297977312,-0.2541427094613622
2024-09-16,25.4,85.1,96.771,8.33,rain,30.6,20.5,293.0,1004.6,68.6,8.7,15.9,0.44,Rain,-0.97139528468375,-0.23746831555846842
2024-09-17,25.5,83.3,4.496,16.67,rain,34.2,18.4,341.9,1005.4,82.2,9.7,8.9,0.47,Rain,-0.9753363880767837,-0.2207236509605022
2024-09-18,25.7,79.2,2.31,12.5,rain,33.8,13.0,339.9,1003.9,68.2,10.1,14.3,0.5,Rain,-0.9789888737409319,-0.20391367068311472
2024-09-19,25.0,73.0,0.236,8.33,rain,46.8,18.4,18.5,1002.9,61.4,9.7,16.0,0.54,Rain,-0.9823516608469237,-0.18704334906991657
2024-09-20,25.7,83.6,56.451,8.33,rain,39.2,24.1,324.1,1003.2,65.8,9.6,16.1,0.57,Rain,-0.9854237542919524,-0.17011767832049052
2024-09-21,26.1,90.0,75.026,8.33,rain,41.0,37.1,304.2,1004.7,77.2,8.9,13.0,0.61,Rain,-0.9882042449941422,-0.15314166701312007
2024-09-22,24.8,89.3,34.395,16.67,rain,41.4,18.4,0.0,1006.1,96.2,9.5,2.7,0.64,Rain,-0.9906923101615609,-0.13612033862266704
2024-09-23,22.1,78.9,15.919,16.67,rain,35.3,13.0,32.2,1009.5,85.1,9.8,5.2,0.67,Rain,-0.9928872135356962,-0.11905873003404988
2024-09-24,21.2,71.5,0.0,0.0,rain,20.5,18.4,101.5,1010.0,32.7,9.2,20.9,0.71,Cloudy,-0.994788305609327,-0.10196189005174576
2024-09-25,23.4,80.7,0.1,4.17,rain,11.5,9.4,99.7,1011.1,45.7,7.7,5.1,0.75,Rain,-0.9963950238187231,-0.08483487790576538
2024-09-26,23.9,77.7,0.0,0.0,rain,15.8,16.6,110.5,1011.1,25.8,7.8,21.1,0.78,Cloudy,-0.9977068927101168,-0.06768276175455162
2024-09-27,24.8,78.7,0.0,0.0,noprecip,24.5,18.4,119.2,1010.1,37.2,8.8,18.4,0.81,Cloudy,-0.9987235240803972,-0.050510617185222886
2024-09-28,26.2,81.7,0.0,0.0,noprecip,25.6,16.6,129.3,1007.9,64.0,9.9,17.9,0.84,Cloudy,-0.9994446170919858,-0.033323525711631344
2024-09-29,26.3,83.5,30.475,4.17,rain,26.6,25.9,135.7,1006.5,85.9,9.7,11.3,0.88,Rain,-0.9998699583618592,-0.016126573270657762
2024-09-30,26.2,91.5,3.989,12.5,rain,23.0,16.6,104.4,1005.8,87.1,9.2,10.6,0.91,Rain,-0.9999994220246925,0.001075151282798226
2024-10-01,23.4,78.6,5.876,12.5,rain,42.5,27.7,19.5,1009.3,79.8,9.7,11.2,0.95,Rain,-0.999832969770105,0.018276557681691223
2024-10-02,17.9,62.1,0.099,4.17,rain,36.4,20.5,2.2,1015.1,47.2,10.4,20.4,0.98,Rain,-0.9993706508539969,0.03547255575312556
2024-10-03,15.2,54.1,0.0,0.0,noprecip,28.1,18.4,25.9,1015.7,40.9,9.9,22.7,0.0,Cloudy,-0.9986126020839734,0.052658056924614005
2024-10-04,16.3,60.0,0.0,0.0,noprecip,20.5,16.6,67.5,1015.4,41.0,11.5,22.6,0.05,Cloudy,-0.9975590477788613,0.06982797572987089
2024-10-05,17.5,63.2,0.0,0.0,noprecip,12.6,11.2,16.5,1014.3,0.3,10.2,23.5,0.08,Clear,-0.9962102997023297,0.0869772313136861
2024-10-06,19.2,65.8,0.0,0.0,noprecip,22.7,11.2,348.2,1014.7,10.6,9.4,21.5,0.12,Clear,-0.9945667569706337,0.1041007489354256
2024-10-07,20.3,65.1,0.0,0.0,noprecip,28.8,14.8,356.5,1015.6,16.9,9.7,20.5,0.15,Clear,-0.9926289059345095,0.121193461470736
2024-10-08,19.2,60.0,0.0,0.0,noprecip,28.8,18.4,21.5,1014.9,8.1,12.1,21.5,0.18,Clear,-0.9903973200352558,0.1382503109109819
2024-10-09,20.4,68.6,0.0,0.0,noprecip,24.5,14.8,32.6,1014.1,21.2,9.8,19.9,0.22,Cloudy,-0.9878726596350429,0.15526624985999563
2024-10-10,21.1,73.9,0.0,0.0,noprecip,17.6,13.0,15.1,1013.2,21.6,7.5,19.9,0.25,Cloudy,-0.9850556718215013,0.172236243027682
2024-10-11,20.8,69.2,0.0,0.0,noprecip,16.9,13.0,101.9,1012.8,18.0,7.2,20.2,0.25,Clear,-0.981947190186646,0.18915526872004093
2024-10-12,21.6,71.5,0.9,16.67,rain,21.2,16.6,130.9,1013.7,24.6,7.6,15.2,0.32,Rain,-0.9785481345802031,0.20601832032517084
2024-10-13,22.5,73.7,0.2,8.33,rain,27.0,18.4,133.0,1013.3,43.7,8.8,13.7,0.35,Rain,-0.9748595108374125,0.22282040779479959
2024-10-14,23.0,73.9,0.0,0.0,rain,22.0,13.0,122.0,1012.1,49.2,9.8,17.7,0.39,Cloudy,-0.9708824104813836,0.23955655912092708
2024-10-15,24.5,85.9,29.585,8.33,rain,23.4,20.5,79.0,1012.6,65.2,8.9,13.2,0.42,Rain,-0.9666180104000972,0.2562218218071163
2024-10-16,23.2,79.5,1.922,4.17,rain,22.7,13.0,31.9,1013.4,75.0,9.9,13.4,0.46,Rain,-0.9620675724981452,0.27281126433401914
2024-10-17,24.2,77.8,1.0,33.33,rain,20.5,18.4,111.2,1011.4,59.3,9.3,14.9,0.5,Rain,-0.957232443323312,0.28931997761869527
2024-10-18,24.8,78.5,0.6,16.67,rain,20.9,18.4,121.2,1011.0,43.0,9.4,13.7,0.52,Rain,-0.9521140536681102,0.3057430764672831
2024-10-19,24.5,79.3,0.331,8.33,rain,27.7,18.4,122.9,1013.2,40.9,10.3,11.9,0.56,Rain,-0.9467139181463862,0.3220757010206104
2024-10-20,23.3,72.8,1.1,37.5,rain,23.0,14.8,108.0,1015.2,49.8,9.8,16.0,0.59,Rain,-0.9410336347451197,0.3383130181923076
2024-10-21,24.5,90.0,33.146,4.17,rain,16.6,10.0,53.7,1014.5,68.6,8.7,6.4,0.62,Rain,-0.9350748843515574,0.3544502230989869
2024-10-22,23.5,78.7,1.8,20.83,rain,25.6,11.2,342.2,1014.6,39.5,8.1,15.5,0.66,Rain,-0.9288394302558068,0.3704825404820963
2024-10-23,19.0,61.5,0.001,4.17,rain,34.2,27.2,24.8,1015.2,47.2,11.7,17.4,0.69,Rain,-0.9223291176290545,0.3864052261209853
2024-10-24,13.9,52.5,0.0,0.0,noprecip,20.5,18.4,10.2,1012.7,58.7,11.4,20.8,0.75,Cloudy,-0.9155458729775467,0.40221356823680365
2024-10-25,15.3,61.4,0.0,0.0,noprecip,22.3,11.2,344.7,1010.1,53.0,10.0,20.6,0.76,Cloudy,-0.9084917035725082,0.41790288888678667
2024-10-26,16.0,57.1,0.0,0.0,rain,36.4,20.5,336.0,1008.4,66.5,10.0,20.6,0.79,Cloudy,-0.9011686968561569,0.4334685453485363
2024-10-27,16.6,66.1,1.956,4.17,rain,47.9,25.9,340.8,1010.3,94.4,10.0,4.3,0.82,Rain,-0.8935790198239952,0.4489059314938798
2024-10-28,17.5,73.8,2.178,8.33,rain,34.2,20.5,358.8,1011.9,91.1,10.0,3.8,0.86,Rain,-0.8857249183835637,0.4642104791518923
2024-10-29,18.1,69.2,0.231,4.17,rain,31.3,18.4,355.9,1011.6,72.7,9.9,7.1,0.89,Rain,-0.8776087166898392,0.4793776594606945
2024-10-30,19.2,67.7,0.011,4.17,rain,23.4,14.8,356.2,1011.7,46.0,10.2,16.0,0.92,Rain,-0.8692328164574792,0.49440298420761813
2024-10-31,21.6,76.2,0.0,0.0,noprecip,18.0,9.4,339.3,1010.1,10.0,8.6,18.7,0.96,Clear,-0.8605996962501181,0.5092820071573356
2024-11-01,19.0,64.7,0.0,0.0,noprecip,27.0,16.6,19.5,1012.3,1.8,9.4,19.6,0.0,Clear,-0.8517119107469189,0.5240103253675756
2024-11-02,15.5,58.1,0.0,0.0,noprecip,29.2,20.5,51.4,1016.9,6.0,9.6,19.7,0.02,Clear,-0.8425720899866032,0.5385835804920232
2024-11-03,17.0,65.2,0.0,0.0,noprecip,21.6,16.6,2.7,1017.5,51.5,9.5,12.9,0.06,Cloudy,-0.8331829385891785,0.5529974600700271
2024-11-04,18.9,69.6,0.003,4.17,rain,26.6,14.8,358.5,1017.5,74.0,9.3,5.1,0.09,Rain,-0.8235472349556007,0.5672476988027229
2024-11-05,19.0,74.7,1.204,12.5,rain,18.7,16.6,1.1,1019.1,63.5,8.6,3.8,0.13,Rain,-0.8136678304455991,0.5813300798152042
2024-11-06,17.5,64.1,0.0,0.0,noprecip,21.6,16.6,356.6,1019.4,61.3,9.1,6.3,0.16,Cloudy,-0.8035476485339116,0.5952404359043674
2024-11-07,17.3,61.6,0.0,0.0,noprecip,23.0,16.6,50.8,1019.1,20.2,8.9,16.4,0.2,Cloudy,-0.7931896839451843,0.6089746507720486
2024-11-08,16.7,65.6,0.0,0.0,noprecip,19.8,11.2,347.7,1017.7,5.0,8.4,18.3,0.23,Clear,-0.7825970017677834,0.6225286602431057
2024-11-09,17.5,68.0,0.0,0.0,noprecip,18.4,11.2,334.8,1015.3,2.6,7.7,18.6,0.25,Clear,-0.7717727365467837,0.6358984534680745
2024-11-10,16.7,62.8,0.0,0.0,noprecip,22.3,13.0,320.1,1015.2,1.3,7.6,18.6,0.3,Clear,-0.7607200913564104,0.6490800741100398
2024-11-11,18.5,65.3,0.0,0.0,noprecip,16.9,9.4,334.7,1014.1,4.3,8.8,17.8,0.34,Clear,-0.7494423368521953,0.6620696215153815
2024-11-12,21.0,72.5,0.0,0.0,noprecip,18.4,11.2,146.4,1012.6,13.1,7.5,16.9,0.37,Clear,-0.7379428103031386,0.6748632518680403
2024-11-13,21.6,75.4,0.0,0.0,noprecip,24.1,14.8,120.3,1011.0,9.8,6.9,17.4,0.41,Clear,-0.7262249146041543,0.6874571793269664
2024-11-14,22.5,77.9,0.0,0.0,noprecip,17.3,14.8,124.4,1010.5,44.6,5.9,13.1,0.44,Cloudy,-0.7142921172691032,0.699847677146407
2024-11-15,23.1,78.7,0.0,0.0,noprecip,19.8,14.8,113.3,1009.6,37.4,7.0,13.0,0.48,Cloudy,-0.7021479494046978,0.7120310787787131
2024-11-16,23.0,78.1,0.3,12.5,rain,22.7,18.4,114.4,1010.9,38.2,8.8,11.9,0.5,Rain,-0.6897960046655887,0.7240037789593305
2024-11-17,21.5,73.5,0.0,0.0,noprecip,24.1,11.2,82.0,1013.5,21.3,7.6,18.7,0.54,Cloudy,-0.6772399381909491,0.7357622347736527
2024-11-18,21.0,76.3,4.4,50.0,rain,29.9,25.9,64.8,1015.9,39.7,8.2,8.4,0.58,Rain,-0.6644834655228552,0.7473029667054297
2024-11-19,18.4,64.0,0.0,0.0,noprecip,24.1,18.4,44.4,1017.2,29.8,9.8,14.7,0.61,Cloudy,-0.6515303615068021,0.75862255966641
2024-11-20,16.7,64.2,0.0,0.0,noprecip,28.1,18.4,69.5,1018.0,34.7,9.7,14.3,0.64,Cloudy,-0.6383844591746642,0.769717664006921
2024-11-21,15.1,63.6,0.0,0.0,noprecip,24.8,18.4,35.1,1018.2,11.4,10.0,16.3,0.67,Clear,-0.6250496486104377,0.7805849965070866
2024-11-22,14.5,59.4,0.0,0.0,noprecip,26.6,14.8,27.5,1018.4,55.1,9.7,17.2,0.71,Cloudy,-0.6115298757991053,0.7912213413483807
2024-11-23,15.3,61.7,0.0,0.0,noprecip,21.6,16.6,58.2,1018.7,48.5,9.6,11.5,0.75,Cloudy,-0.5978291414589552,0.801623551065242
2024-11-24,17.6,74.5,0.002,4.17,rain,21.2,11.2,61.0,1017.9,68.3,8.3,9.6,0.77,Rain,-0.5839514998576998,0.8117885474764613
2024-11-25,19.6,76.2,1.3,12.5,rain,15.8,9.4,69.7,1017.1,74.2,7.2,9.3,0.8,Rain,-0.5699010576127624,0.821713322596059
2024-11-26,16.2,74.5,1.3,12.5,rain,41.0,22.3,3.8,1019.1,92.7,9.4,1.9,0.84,Rain,-0.5556819724760489,0.8313949395234058
2024-11-27,12.6,61.3,0.0,0.0,noprecip,28.4,16.6,7.2,1021.2,83.2,10.0,5.2,0.87,Cloudy,-0.5412984521036173,0.8408305333122887
2024-11-28,9.3,50.6,0.0,0.0,noprecip,30.6,20.5,351.6,1024.1,60.4,10.1,14.5,0.9,Cloudy,-0.5267547528105542,0.8500173118187018
2024-11-29,10.0,52.3,0.0,0.0,noprecip,23.0,13.0,349.0,1021.4,21.1,9.9,16.5,0.93,Cloudy,-0.5120551783114646,0.8589525565270845
2024-11-30,12.0,60.3,0.0,0.0,noprecip,18.4,13.0,113.3,1016.7,30.5,9.2,16.7,0.97,Cloudy,-0.4972040784469378,0.8676336233547726
2024-12-01,15.5,73.6,0.0,0.0,noprecip,25.2,16.6,126.1,1013.1,36.2,7.7,14.9,0.0,Cloudy,-0.4822058478963526,0.8760579434344281
2024-12-02,17.5,73.5,0.3,8.33,rain,18.0,13.0,98.7,1013.4,78.9,8.9,8.5,0.03,Rain,-0.46706492487743034,0.8842230238742036
2024-12-03,19.7,78.3,0.6,20.83,rain,22.7,18.4,116.1,1013.8,80.2,9.0,9.3,0.07,Rain,-0.451785789832884,0.8921264484954345
2024-12-04,19.1,77.5,0.5,20.83,rain,28.4,16.6,123.9,1014.4,73.9,9.3,5.5,0.1,Rain,-0.4363729641045924,0.8997658785476209
2024-12-05,18.7,76.5,0.0,0.0,noprecip,31.7,24.6,125.9,1014.5,51.5,8.5,6.8,0.14,Cloudy,-0.42083100859565564,0.9071390534005044
2024-12-06,18.9,85.6,0.004,4.17,rain,29.2,18.4,68.0,1014.3,81.6,6.9,4.7,0.18,Rain,-0.4051645224207563,0.9142437912130223
2024-12-07,14.4,75.2,0.2,4.17,rain,29.2,22.3,27.1,1017.8,98.1,9.0,2.7,0.21,Rain,-0.3893781415452015,0.9210779895789526
2024-12-08,10.4,65.2,0.4,16.67,rain,24.5,20.5,17.1,1021.7,98.4,10.0,3.7,0.25,Rain,-0.37347653741307074,0.9276396261490467
2024-12-09,12.0,67.5,0.0,0.0,noprecip,13.3,9.4,20.5,1018.2,96.1,11.2,7.2,0.28,Cloudy,-0.3574644155648614,0.9339267592294762
2024-12-10,16.4,77.8,0.3,12.5,rain,17.3,11.2,62.3,1013.7,89.9,5.8,6.3,0.32,Rain,-0.34134651424503615,0.9399375283564133
2024-12-11,15.4,80.4,2.976,8.33,rain,45.7,24.1,8.4,1016.3,96.0,7.2,6.8,0.35,Rain,-0.3251276029999093,0.9456701548465688
2024-12-12,11.0,69.3,0.4,16.67,rain,20.5,18.4,7.3,1018.5,100.0,10.0,2.7,0.39,Rain,-0.30881248126625377,0.9511229423235357
2024-12-13,10.2,66.6,0.1,4.17,rain,29.9,22.3,10.7,1021.6,98.6,9.9,3.7,0.42,Rain,-0.29240597695107734,0.9562942772197719
2024-12-14,7.7,57.5,0.0,0.0,noprecip,32.0,22.3,16.7,1025.9,95.3,9.8,2.0,0.46,Cloudy,-0.27591294500296043,0.9611826292540837
2024-12-15,6.9,55.9,0.004,8.33,rain,24.5,14.8,356.8,1026.5,78.2,9.6,2.1,0.5,Rain,-0.2593382659754056,0.9657865518844574
2024-12-16,7.9,58.2,0.002,4.17,rain,22.0,11.2,331.3,1023.5,44.9,10.9,12.3,0.53,Rain,-0.2426868445825954,0.9701046827361175
2024-12-17,8.9,55.2,0.0,0.0,noprecip,16.6,14.8,41.8,1020.3,28.3,8.3,15.8,0.56,Cloudy,-0.22596360824801906,0.974135744004672
2024-12-18,8.3,49.4,0.0,0.0,noprecip,27.7,20.5,14.5,1021.2,35.7,9.4,13.7,0.59,Cloudy,-0.20917350564635637,0.9778785428342386
2024-12-19,7.8,56.3,0.0,0.0,noprecip,25.9,16.6,55.9,1021.3,17.0,9.3,13.1,0.62,Clear,-0.19232150523909483,0.9813319716704275
2024-12-20,9.2,59.9,0.0,0.0,noprecip,24.5,18.4,113.8,1019.4,24.7,8.7,15.5,0.66,Cloudy,-0.17541259380427843,0.9844950085880858
2024-12-21,10.1,61.7,0.0,0.0,noprecip,17.6,13.0,20.5,1020.0,53.6,7.8,11.7,0.69,Cloudy,-0.15845177496083632,0.9873667175937016
2024-12-22,9.3,63.7,0.0,0.0,noprecip,22.3,13.0,96.9,1020.3,26.1,6.9,16.6,0.72,Cloudy,-0.14144406768794202,0.9899462489023779
2024-12-23,9.2,64.9,0.0,0.0,noprecip,21.6,11.2,22.8,1019.8,3.2,6.7,16.7,0.75,Clear,-0.12439450483979998,0.9922328391893008
2024-12-24,8.5,53.2,0.0,0.0,noprecip,24.1,16.6,0.6,1021.1,42.5,8.5,15.3,0.78,Cloudy,-0.10730813165636247,0.9942258118156161
2024-12-25,11.5,58.9,0.0,0.0,noprecip,16.6,13.0,108.6,1020.1,29.4,6.7,15.9,0.82,Cloudy,-0.09019000427034513,0.9959245770286599
2024-12-26,12.9,61.0,0.0,0.0,noprecip,24.1,13.0,14.5,1021.9,89.5,8.1,9.8,0.85,Cloudy,-0.07304518821104743,0.9973286321364752
2024-12-27,12.6,68.9,0.002,4.17,rain,28.1,20.5,27.0,1024.3,98.5,9.6,3.6,0.88,Rain,-0.05587875690537313,0.9984375616565666
2024-12-28,9.4,57.2,0.011,4.17,rain,29.2,18.4,358.8,1025.9,57.1,10.9,11.1,0.91,Rain,-0.03869579017652689,0.9992510374388481
2024-12-29,9.9,60.6,0.0,0.0,noprecip,31.7,16.6,120.6,1021.5,21.7,8.4,16.5,0.94,Cloudy,-0.021501372740813793,0.999768818762748
2024-12-30,12.6,73.5,0.0,0.0,rain,20.2,11.2,3.8,1020.6,66.9,6.2,7.3,0.98,Cloudy,-0.004300592702981974,0.9999907524084426
2024-12-31,12.3,69.9,0.0,0.0,noprecip,24.8,18.4,349.7,1021.1,52.8,6.1,7.1,0.0,Cloudy,0.012901459949419653,0.9999167727021953
2025-01-01,12.5,73.7,0.0,0.0,noprecip,17.6,13.0,132.5,1017.3,12.2,5.1,16.7,0.05,Clear,0.017201575418260506,0.9998520419557735
2025-01-02,13.6,71.3,0.0,0.0,noprecip,16.2,9.4,27.1,1018.4,23.8,5.0,16.3,0.08,Cloudy,0.03439806061360801,0.9994082116062598
2025-01-03,12.4,64.3,0.0,0.0,noprecip,26.6,13.0,34.8,1019.8,9.6,7.0,16.4,0.12,Clear,0.051584366869408364,0.9986686402879997
2025-01-04,11.9,66.1,0.0,0.0,noprecip,24.5,14.8,130.9,1018.9,10.6,6.8,14.6,0.15,Clear,0.06875540848113941,0.9976335468520451
2025-01-05,11.1,63.8,0.0,0.0,noprecip,25.9,11.2,278.9,1020.4,15.0,6.8,16.8,0.19,Clear,0.08590610426133272,0.9963032375991965
2025-01-06,10.8,63.5,0.0,0.0,noprecip,22.0,16.6,99.0,1017.8,9.4,6.3,17.1,0.22,Clear,0.10303137904317879,0.9946781061893646
2025-01-07,13.4,74.6,0.0,0.0,rain,22.3,11.2,113.8,1017.3,36.8,5.5,11.2,0.25,Cloudy,0.1201261651823505,0.9927586335250793
2025-01-08,15.4,75.4,0.6,20.83,rain,22.7,16.6,111.8,1018.0,71.1,7.2,8.9,0.3,Rain,0.13718540405660057,0.9905453876091833
2025-01-09,11.3,60.4,0.0,0.0,noprecip,38.2,20.5,47.6,1021.3,56.5,8.3,6.5,0.33,Cloudy,0.1542040475626894,0.988039023376751
2025-01-10,6.5,51.8,0.0,0.0,noprecip,31.7,20.5,24.0,1027.9,35.2,10.0,8.8,0.37,Cloudy,0.17117705961019986,0.985240282501282
2025-01-11,5.3,51.0,0.0,0.0,noprecip,33.5,22.3,13.6,1030.5,23.7,9.9,8.0,0.4,Cloudy,0.18809941761179758,0.9821499931752291
2025-01-12,3.4,53.2,0.0,0.0,noprecip,26.6,16.6,343.3,1026.9,3.7,10.5,18.3,0.44,Clear,0.20496611396949532,0.9787690698649216
2025-01-13,6.6,60.6,0.0,0.0,noprecip,24.1,9.4,135.0,1022.0,2.8,8.8,18.2,0.47,Clear,0.22177215755648186,0.975098513039961
2025-01-14,10.9,72.3,0.0,0.0,noprecip,17.6,11.2,2.3,1021.1,14.7,7.4,17.1,0.5,Clear,0.23851257519407648,0.9711394088771653
2025-01-15,10.7,60.3,0.1,4.17,rain,30.6,16.6,57.5,1024.2,30.7,7.9,6.4,0.54,Rain,0.2551824131233728,0.9668929289391521
2025-01-16,7.6,51.3,0.0,0.0,noprecip,26.6,20.5,30.9,1024.7,13.3,8.9,14.6,0.57,Clear,0.2717767384711357,0.9623603298276545
2025-01-17,10.4,66.8,0.0,0.0,noprecip,30.6,18.4,122.1,1021.0,5.9,7.2,18.2,0.6,Clear,0.2882906407095177,0.9575429528116719
2025-01-18,11.0,72.9,0.0,0.0,noprecip,21.2,14.8,346.9,1019.1,64.8,6.5,9.5,0.64,Cloudy,0.3047192331091634,0.9524422234305676
2025-01-19,11.6,66.6,0.0,0.0,noprecip,19.1,13.0,265.5,1017.1,39.3,6.4,15.9,0.67,Cloudy,0.321057654185271,0.9470596510722283
2025-01-20,11.6,63.4,0.0,0.0,noprecip,19.4,11.2,88.8,1015.5,19.1,6.1,17.6,0.7,Clear,0.3373010691361842,0.9413968285264122
2025-01-21,12.1,66.5,0.0,0.0,noprecip,29.2,18.4,122.6,1014.9,7.8,7.4,18.1,0.73,Clear,0.3534446712740877,0.9354554315134164
2025-01-22,15.5,81.3,0.3,12.5,rain,18.4,14.8,97.3,1015.3,78.5,5.2,5.7,0.75,Rain,0.3694836834473831,0.9292372181882051
2025-01-23,16.9,83.2,0.0,0.0,rain,25.2,20.5,119.5,1014.4,86.2,6.5,6.2,0.8,Cloudy,0.38541335945432564,0.9227440286201427
2025-01-24,18.3,87.4,0.1,4.17,rain,29.2,20.5,114.1,1011.2,89.6,5.6,8.7,0.83,Rain,0.4012289854475009,0.9159777842484877
2025-01-25,19.3,86.1,1.4,4.17,rain,29.5,20.5,121.8,1012.7,94.3,7.7,5.3,0.86,Rain,0.4169258813287287,0.908940487313808
2025-01-26,9.7,66.9,1.9,4.17,rain,49.0,38.9,17.2,1023.3,63.8,9.4,2.0,0.89,Rain,0.4324994021339788,0.901634220265486
2025-01-27,3.0,44.1,0.0,0.0,noprecip,23.8,22.3,13.5,1023.7,18.4,10.0,7.8,0.93,Clear,0.44794493940789115,0.8940611451454876
2025-01-28,3.3,47.8,0.0,0.0,noprecip,26.6,20.5,24.4,1025.0,25.1,9.9,13.2,0.96,Cloudy,0.4632579225674917,0.88622350294858
2025-01-29,6.1,59.5,0.0,0.0,noprecip,22.7,11.2,337.9,1023.4,21.6,9.2,16.0,0.0,Cloudy,0.4784338202547012,0.8781236129591848
2025-01-30,10.3,66.4,0.0,0.0,noprecip,35.3,18.4,127.6,1016.3,30.9,10.5,12.4,0.02,Cloudy,0.49346814167723735,0.8697638720650646
2025-01-31,16.8,80.3,0.1,4.17,rain,33.5,20.5,123.5,1012.5,75.0,8.8,9.3,0.06,Rain,0.5083564379375122,0.8611467540480452
2025-02-01,18.2,86.9,2.6,8.33,rain,31.3,18.4,123.1,1010.8,95.1,7.6,8.0,0.1,Rain,0.5230943033491326,0.8522748088519838
2025-02-02,17.9,80.5,0.9,25.0,rain,31.0,18.4,130.9,1012.0,96.0,9.9,5.6,0.13,Rain,0.5376773767406141,0.8431506618282
2025-02-03,10.4,65.8,3.6,33.33,rain,31.7,27.7,35.0,1020.0,80.6,10.0,2.8,0.17,Rain,0.5521013427459208,0.8337770129585915
2025-02-04,6.2,49.7,0.0,0.0,noprecip,25.9,18.4,78.3,1021.8,22.0,10.7,9.7,0.2,Cloudy,0.5663619330814524,0.8241566360566663
2025-02-05,11.4,70.9,0.0,0.0,noprecip,19.8,18.4,107.4,1017.0,76.8,9.1,7.3,0.25,Cloudy,0.580454927809098,0.8142923779467267
2025-02-06,14.4,93.8,1.8,4.17,rain,19.4,13.5,53.6,1015.6,100.0,4.7,3.6,0.27,Rain,0.5943761565849831,0.804187157621448
2025-02-07,10.2,76.7,2.6,4.17,rain,27.0,18.4,27.6,1021.7,100.0,9.0,3.3,0.31,Rain,0.6081214998935418,0.7938439653781019
2025-02-08,7.5,63.9,0.4,12.5,rain,27.0,20.5,36.8,1025.0,78.5,10.0,3.6,0.34,Rain,0.6216868902665479,0.7832658619336791
2025-02-09,5.8,55.8,0.0,0.0,noprecip,21.2,16.6,56.3,1023.6,80.5,10.0,8.2,0.38,Cloudy,0.6350683134867438,0.7724559775191742
2025-02-10,8.5,64.4,0.0,0.0,noprecip,15.8,11.2,50.1,1020.4,89.0,8.7,12.3,0.42,Cloudy,0.6482618097757122,0.7614175109532997
2025-02-11,13.2,72.2,0.0,0.0,rain,26.3,16.6,144.1,1017.0,89.8,7.0,9.3,0.45,Cloudy,0.6612634749656386,0.7501537286959042
2025-02-12,16.1,83.0,0.1,4.17,rain,15.1,13.0,296.6,1016.8,85.1,5.3,7.9,0.5,Rain,0.6740694616546161,0.7386679638813748
2025-02-13,15.7,79.8,1.3,16.67,rain,29.5,18.4,32.3,1017.5,64.6,7.7,7.2,0.52,Rain,0.6866759803451553,0.726963615332308
2025-02-14,16.8,82.6,0.0,0.0,rain,22.7,16.6,115.2,1015.4,93.5,7.2,5.8,0.55,Cloudy,0.6990793005655562,0.7150441465537444
2025-02-15,18.9,90.2,0.1,4.17,rain,26.3,20.5,122.5,1013.2,95.5,4.4,5.2,0.59,Rain,0.7112757519738152,0.7029130847082615
2025-02-16,15.3,90.9,5.2,4.17,rain,23.0,22.3,43.3,1016.9,98.5,8.0,2.8,0.62,Rain,0.7232617254437388,0.6905740195722294
2025-02-17,14.5,90.9,1.9,4.17,rain,15.1,14.8,22.4,1019.3,99.3,6.6,6.9,0.65,Rain,0.7350336741329412,0.6780306024735382
2025-02-18,14.3,93.3,5.0,4.17,rain,19.1,14.8,31.2,1020.3,98.3,6.9,3.2,0.68,Rain,0.746588114532413,0.6652865452111116
2025-02-19,15.0,95.4,0.6,4.17,rain,14.0,9.4,35.9,1019.0,98.5,4.0,3.6,0.71,Rain,0.7579216274973472,0.6523456189565257
2025-02-20,17.4,93.9,0.6,4.17,rain,23.4,11.2,112.1,1018.7,95.5,3.2,7.0,0.75,Rain,0.7690308592589181,0.6392116531380588
2025-02-21,17.5,91.6,1.6,4.17,rain,21.2,16.6,62.0,1019.6,93.6,5.4,3.7,0.75,Rain,0.7799125224167177,0.6258885343075018
2025-02-22,16.8,92.6,4.3,4.17,rain,18.4,16.6,68.0,1020.3,95.3,5.1,4.2,0.81,Rain,0.7905633969115482,0.612380204990065
2025-02-23,14.1,87.2,5.1,4.17,rain,27.7,24.1,37.2,1024.6,99.5,7.7,3.4,0.84,Rain,0.8009803309782905,0.5986906625177214
2025-02-24,10.9,84.1,1.2,4.17,rain,21.6,16.6,22.1,1027.7,100.0,9.1,3.6,0.88,Rain,0.8111602420785621,0.5848239578463322
2025-02-25,12.6,92.3,11.4,4.17,rain,15.1,9.4,20.9,1025.8,98.0,7.4,3.0,0.91,Rain,0.8211001178128892,0.5707841943569036
2025-02-26,13.0,88.8,1.2,4.17,rain,15.8,13.0,42.9,1022.8,97.9,8.2,4.7,0.94,Rain,0.8307970168121247,0.5565755266413303
2025-02-27,15.7,86.5,0.0,0.0,noprecip,24.8,16.6,118.7,1017.3,95.6,5.2,10.7,0.97,Cloudy,0.8402480696078469,0.5422021592729844
2025-02-28,17.9,86.2,0.0,0.0,rain,31.0,16.6,131.9,1015.0,98.9,5.4,10.6,0.0,Cloudy,0.8494504794814806,0.527668345562516
2025-03-01,19.9,90.9,0.6,4.17,rain,35.3,16.6,129.4,1011.5,94.7,6.5,12.0,0.04,Rain,0.8584015232918917,0.512978386299228
2025-03-02,21.0,93.4,1.2,4.17,rain,31.3,16.6,113.5,1009.6,98.1,5.2,12.6,0.08,Rain,0.8670985522812081,0.4981366284784055
2025-03-03,21.9,89.7,0.2,4.17,rain,22.0,16.6,116.6,1008.6,97.0,6.8,14.1,0.11,Rain,0.8755389928586302,0.4831474640149687
2025-03-04,22.2,85.8,0.1,4.17,rain,29.2,18.4,128.5,1007.2,91.6,7.3,14.8,0.15,Rain,0.8837203473619977,0.4680153284438345
2025-03-05,21.4,86.3,0.1,4.17,rain,30.6,22.3,119.9,1008.9,98.4,6.4,6.2,0.18,Rain,0.8916401947968874,0.45274469960737107
2025-03-06,10.5,64.8,0.604,8.33,rain,32.0,27.7,58.7,1019.0,87.0,9.9,4.0,0.25,Rain,0.8992961915530253,0.4373400963303323
2025-03-07,7.6,54.9,0.4,16.67,rain,24.1,14.8,52.7,1021.3,43.4,10.0,5.2,0.25,Rain,0.9066860720977985,0.4218060770826634
2025-03-08,10.9,70.8,0.0,0.0,noprecip,16.9,9.4,58.2,1020.3,73.9,9.4,7.8,0.29,Cloudy,0.9138076496466615,0.40614723863057883
2025-03-09,14.9,80.4,0.3,8.33,rain,17.6,11.2,99.5,1020.4,92.1,5.7,5.6,0.32,Rain,0.9206588168102428,0.3903682146763026
2025-03-10,17.8,88.3,0.4,12.5,rain,20.5,13.0,132.5,1019.1,95.2,4.2,7.4,0.36,Rain,0.9272375462179537,0.374473674486883
2025-03-11,19.1,85.3,0.3,12.5,rain,28.4,18.4,125.7,1014.5,91.6,5.2,8.6,0.39,Rain,0.9335418911179212,0.35846832151248087
2025-03-12,20.8,91.4,0.1,4.17,rain,30.2,20.5,122.5,1011.4,97.4,5.0,8.4,0.43,Rain,0.9395699859530622,0.342356891994542
2025-03-13,22.1,94.9,1.6,4.17,rain,34.6,18.4,122.8,1011.2,98.5,4.7,6.3,0.46,Rain,0.945320046913132,0.3261441535642696
2025-03-14,22.6,88.6,0.1,4.17,rain,28.8,22.3,122.4,1010.8,93.1,6.8,8.8,0.5,Rain,0.9507903724625832,0.3098349038318025
2025-03-15,21.6,84.1,0.1,4.17,rain,35.6,29.5,93.0,1012.7,93.3,6.8,5.7,0.53,Rain,0.9559793438440766,0.2934339689665273
2025-03-16,11.2,56.7,11.1,4.17,rain,27.4,22.3,46.8,1019.3,45.3,10.0,9.0,0.56,Rain,0.9608854255574977,0.27694620226893646
2025-03-17,10.7,63.2,0.1,4.17,rain,23.4,13.0,86.4,1020.6,35.4,10.0,9.7,0.6,Rain,0.9655071658143364,0.2603764827344581
2025-03-18,9.2,56.3,0.0,0.0,noprecip,26.3,14.8,15.8,1023.9,38.3,9.9,7.9,0.63,Cloudy,0.969843196967294,0.24372971360968387
2025-03-19,8.9,51.9,0.0,0.0,noprecip,28.8,18.4,332.3,1025.7,30.0,10.0,21.7,0.66,Cloudy,0.9738922359149924,0.22701082094141847
2025-03-20,9.4,50.4,0.0,0.0,noprecip,22.7,11.2,291.9,1024.0,23.7,9.9,24.1,0.7,Cloudy,0.9776530844816641,0.2102247521189836
2025-03-21,9.8,51.0,0.0,0.0,noprecip,24.1,16.6,144.6,1021.9,7.0,8.8,24.3,0.73,Clear,0.981124629771712,0.19337647441020586
2025-03-22,12.9,59.8,0.0,0.0,noprecip,23.8,14.8,109.1,1019.5,2.7,9.2,24.5,0.75,Clear,0.984305844499033,0.17647097349152166
2025-03-23,17.0,74.4,0.0,0.0,noprecip,28.8,18.4,132.7,1016.8,37.2,7.7,23.9,0.79,Cloudy,0.9871957872910085,0.15951325197263655
2025-03-24,18.3,73.2,0.0,0.0,noprecip,28.8,18.4,126.5,1013.2,10.2,6.5,22.9,0.83,Clear,0.9897936029670716,0.14250832791617088
2025-03-25,19.5,79.1,0.0,0.0,noprecip,30.2,16.6,110.6,1008.1,45.7,6.1,20.4,0.86,Cloudy,0.992098522791769,0.12546123335273648
2025-03-26,20.4,83.5,0.0,0.0,noprecip,29.9,20.5,129.7,1005.5,91.7,7.3,21.6,0.89,Cloudy,0.9941098647022418,0.10837701279187609
2025-03-27,22.2,91.9,0.0,0.0,noprecip,28.1,18.4,120.2,1002.9,98.4,5.3,21.0,0.93,Cloudy,0.9958270335100595,0.09126072172931188
2025-03-28,23.0,87.8,0.2,4.17,rain,37.1,20.5,116.7,1006.6,90.9,5.8,12.0,0.96,Rain,0.9972495210773451,0.07411742515094437
2025-03-29,15.4,84.0,3.0,4.17,rain,38.2,31.7,48.8,1015.0,98.7,8.4,3.5,0.0,Rain,0.998376906467142,0.056952196034039754
2025-03-30,9.8,70.3,0.2,4.17,rain,25.6,18.4,36.9,1021.3,98.3,10.0,5.4,0.03,Rain,0.9992088560679753,0.03977011384605572
2025-03-31,9.1,61.8,0.0,0.0,noprecip,23.0,14.8,25.1,1020.4,77.1,10.0,11.4,0.06,Cloudy,0.9997451236925734,0.022576263041545485
2025-04-01,10.7,57.5,0.0,0.0,noprecip,23.4,13.0,318.3,1019.2,37.8,9.9,17.1,0.09,Cloudy,0.9999855506507186,0.005375731557583884
2025-04-02,13.8,63.9,0.0,0.0,noprecip,18.0,18.4,282.5,1018.7,25.6,7.6,22.8,0.13,Cloudy,0.9999300657962057,-0.011826390691832589
2025-04-03,13.8,58.3,0.0,0.0,noprecip,29.5,20.5,141.2,1017.5,15.3,10.7,24.5,0.16,Clear,0.9995786855478958,-0.029025013321975237
2025-04-04,17.2,75.0,0.0,0.0,noprecip,36.0,20.5,120.0,1013.2,55.8,8.8,15.7,0.2,Cloudy,0.9989315138848577,-0.046215046983708354
2025-04-05,20.1,93.2,1.1,4.17,rain,18.0,16.6,79.7,1014.1,92.0,4.8,4.8,0.25,Rain,0.9979887423155984,-0.06339140486951038
2025-04-06,20.0,87.2,3.8,4.17,rain,23.4,18.4,118.0,1014.7,89.9,6.1,10.6,0.27,Rain,0.9967506498213929,-0.08054900421874167
2025-04-07,20.2,90.3,1.4,4.17,rain,21.6,11.2,134.9,1015.6,90.6,5.0,7.0,0.3,Rain,0.9952176027737294,-0.09768276782171598
2025-04-08,20.7,82.6,0.0,0.0,rain,30.2,14.8,123.2,1014.6,85.4,6.1,11.5,0.33,Cloudy,0.9933900548258936,-0.11478762552212701
2025-04-09,22.1,85.0,0.0,0.0,noprecip,33.8,18.4,126.9,1010.7,95.6,6.9,11.5,0.37,Cloudy,0.9912685467787256,-0.13185851571739118
2025-04-10,22.6,89.5,0.2,4.17,rain,25.2,22.3,120.2,1007.1,97.4,5.5,9.0,0.4,Rain,0.9888537064205885,-0.1488903868564548
2025-04-11,23.2,89.6,0.3,4.17,rain,25.9,18.4,119.5,1005.3,96.3,5.5,16.9,0.44,Rain,0.986146248341595,-0.16587819893463143
2025-04-12,22.2,80.5,0.1,4.17,rain,51.5,25.9,20.7,1008.3,74.8,6.5,20.6,0.47,Rain,0.9831469737221499,-0.1828169249850199
2025-04-13,14.5,60.5,1.9,4.17,rain,40.3,18.4,308.9,1017.0,35.2,9.9,21.4,0.5,Rain,0.9798567700958665,-0.1997015525660636
2025-04-14,14.9,57.8,0.2,8.33,rain,15.8,11.2,272.3,1014.6,24.7,9.7,14.5,0.54,Rain,0.9762766110869321,-0.21652708524481437
2025-04-15,15.6,58.4,0.0,0.0,noprecip,21.2,18.4,149.7,1012.2,11.7,10.9,25.7,0.57,Clear,0.9724075561219968,-0.23328854407545518
2025-04-16,16.6,60.9,0.0,0.0,noprecip,33.5,24.1,105.1,1008.9,17.6,10.7,24.1,0.61,Clear,0.9682507501166718,-0.2499809690726521
2025-04-17,22.2,82.4,0.3,4.17,rain,29.2,20.5,117.3,1006.4,85.5,8.6,22.9,0.64,Rain,0.9638074231367307,-0.26659942067929354
2025-04-18,23.9,83.9,0.1,4.17,rain,31.0,18.4,108.5,1005.3,85.0,7.1,16.0,0.68,Rain,0.9590788900341131,-0.28313898122818354
2025-04-19,24.6,81.8,0.1,4.17,rain,31.0,22.3,95.2,1005.4,54.9,8.1,21.9,0.71,Rain,0.9540665500578387,-0.2995947563972602
2025-04-20,24.6,80.2,0.2,4.17,rain,32.4,27.7,108.4,1006.6,59.1,10.0,21.3,0.74,Rain,0.9487718864399473,-0.31596187665790293
2025-04-21,24.1,85.9,10.8,4.17,rain,35.6,22.3,119.5,1008.8,81.7,9.1,21.3,0.75,Rain,0.9431964659565866,-0.33223549871590435
2025-04-22,24.8,86.3,0.0,0.0,noprecip,29.9,18.4,115.1,1007.7,91.6,6.7,22.5,0.81,Cloudy,0.9373419384643772,-0.3484108069446808
2025-04-23,24.7,81.7,15.0,16.67,rain,24.8,24.1,107.4,1005.7,64.7,8.1,23.2,0.84,Rain,0.9312100364121947,-0.3644830148102912
2025-04-24,24.7,83.9,0.1,4.17,rain,23.8,18.4,97.3,1006.4,84.5,9.2,15.0,0.88,Rain,0.9248025743285089,-0.38044736628785164
2025-04-25,22.0,80.1,18.5,4.17,rain,31.3,18.4,33.7,1010.3,88.9,9.6,9.9,0.91,Rain,0.9181214482844365,-0.39629913726891813
2025-04-26,23.2,83.6,0.3,12.5,rain,29.9,22.3,128.2,1010.6,98.2,9.0,7.6,0.95,Rain,0.9111686353326631,-0.41203363695942635
2025-04-27,24.9,86.9,0.2,4.17,rain,28.1,22.3,120.6,1010.0,93.6,7.9,13.3,0.98,Rain,0.9039461929224011,-0.42764620926777464
2025-04-28,23.4,88.5,6.6,4.17,rain,29.5,25.9,5.2,1011.7,72.5,8.8,3.1,0.0,Rain,0.8964562582905575,-0.44313223418263453
2025-04-29,23.1,86.4,0.1,4.17,rain,18.7,22.3,306.7,1012.2,56.5,7.9,17.8,0.05,Rain,0.8887010478292915,-0.45848712914008766
2025-04-30,24.3,84.5,0.4,4.17,rain,28.4,13.0,112.4,1011.2,69.6,7.0,18.7,0.08,Rain,0.8806828564301475,-0.47370635037968
2025-05-01,22.8,84.2,35.4,4.17,rain,23.4,27.7,319.0,1013.5,49.4,9.0,11.9,0.11,Rain,0.8724040568049612,-0.48878539428899265
2025-05-02,22.3,74.1,0.0,0.0,noprecip,22.7,16.6,144.4,1010.2,10.0,10.9,24.2,0.15,Clear,0.8638670987837349,-0.503719798736334
2025-05-03,24.5,81.0,0.0,0.0,noprecip,26.6,25.9,125.7,1007.3,57.7,9.1,19.7,0.18,Cloudy,0.8550745085896932,-0.518505144391157
2025-05-04,24.9,81.0,1.6,4.17,rain,29.2,18.4,125.2,1005.4,64.6,9.5,23.0,0.25,Rain,0.8460288880917339,-0.533137056031809
2025-05-05,25.5,80.9,0.0,0.0,rain,27.7,24.1,108.4,1004.6,50.0,8.4,23.6,0.25,Cloudy,0.8367329140344921,-0.5476112038402312
2025-05-06,26.0,82.7,0.3,8.33,rain,25.6,22.3,114.8,1005.1,65.6,9.2,19.2,0.28,Rain,0.8271893372462497,-0.5619233046832195
2025-05-07,26.4,82.2,1.2,29.17,rain,26.6,22.3,114.0,1003.5,82.7,9.8,17.0,0.32,Rain,0.8174009818249189,-0.5760691233798758
2025-05-08,26.9,79.8,0.0,0.0,rain,29.2,22.3,115.4,1002.3,65.3,10.0,24.7,0.35,Cloudy,0.8073707443023492,-0.5900444739548627
2025-05-09,25.8,76.5,2.2,12.5,rain,33.8,18.4,84.6,1004.8,61.8,10.0,20.6,0.38,Rain,0.7971015927871943,-0.6038452208771035
2025-05-10,23.9,81.6,4.4,4.17,rain,38.5,20.5,70.4,1008.3,94.1,9.5,15.5,0.42,Rain,0.7865965660866021,-0.6174672802835514
2025-05-11,18.6,74.3,50.3,4.17,rain,41.0,18.4,3.3,1012.3,47.5,10.8,11.0,0.45,Rain,0.7758587728069828,-0.6309066211876704
2025-05-12,16.8,62.5,0.0,0.0,noprecip,22.3,22.3,111.7,1010.4,14.2,11.4,27.8,0.5,Clear,0.7648913904341226,-0.6441592666722685
2025-05-13,20.4,70.8,0.0,0.0,noprecip,29.5,24.1,118.9,1009.9,23.1,10.7,20.2,0.52,Cloudy,0.753697664392914,-0.6572212950663319
2025-05-14,24.3,83.1,0.2,8.33,rain,25.6,14.8,116.9,1010.1,73.9,9.2,16.9,0.55,Rain,0.742280907086982,-0.6700888411055113
2025-05-15,25.0,84.7,3.6,29.17,rain,23.8,18.4,121.6,1009.5,68.9,9.3,11.9,0.59,Rain,0.7306444969184916,-0.6827580970759147
2025-05-16,25.2,85.0,0.2,4.17,rain,21.2,18.4,135.4,1008.4,76.7,9.3,9.5,0.62,Rain,0.7187918772884232,-0.6952253139408722
2025-05-17,25.3,86.3,10.2,4.17,rain,25.9,22.3,128.4,1008.2,71.7,9.3,10.7,0.66,Rain,0.7067265555776158,-0.7074868024503348
2025-05-18,25.2,81.8,5.0,4.17,rain,26.3,14.8,119.1,1007.8,58.3,10.0,12.6,0.69,Rain,0.6944521021088763,-0.719538934232584
2025-05-19,25.1,87.0,1.2,4.17,rain,25.2,18.4,105.9,1007.0,86.8,9.5,12.1,0.73,Rain,0.6819721490904629,-0.7313781428679254
2025-05-20,26.4,84.5,11.2,4.17,rain,32.0,22.3,123.5,1004.9,70.8,8.9,20.7,0.75,Rain,0.6692903895412567,-0.7430009249440493
2025-05-21,26.3,84.3,37.0,4.17,rain,30.6,27.7,120.4,1005.2,56.5,9.5,22.0,0.79,Rain,0.6564105761979381,-0.7544038410927472
2025-05-22,25.8,80.9,0.2,8.33,rain,27.0,22.3,122.0,1004.3,55.6,9.9,17.2,0.83,Rain,0.6433365204044917,-0.765583517007675
2025-05-23,25.3,92.9,41.0,4.17,rain,22.0,16.3,86.4,1005.6,74.0,9.5,9.8,0.86,Rain,0.6300720909843687,-0.7765366444428655
2025-05-24,22.3,87.9,45.0,12.5,rain,33.1,16.6,355.8,1010.6,90.5,9.1,5.6,0.9,Rain,0.6166212130956382,-0.7872599821916922
2025-05-25,19.3,78.6,7.7,4.17,rain,29.9,24.1,4.1,1014.7,77.3,9.3,6.0,0.93,Rain,0.6029878670694714,-0.7977503570459932
2025-05-26,18.8,69.0,0.0,0.0,noprecip,22.7,13.0,22.3,1014.2,56.4,10.0,11.7,0.97,Cloudy,0.5891760872322963,-0.8080046647350754
2025-05-27,21.5,83.8,7.6,37.5,rain,33.5,9.4,330.4,1011.6,98.3,8.6,3.9,0.0,Rain,0.5751899607119775,-0.8180198708443175
2025-05-28,23.9,84.1,1.3,4.17,rain,24.1,20.5,134.5,1007.8,75.9,7.8,17.6,0.04,Rain,0.5610336262283677,-0.8277930117131022
2025-05-29,24.5,87.3,3.8,4.17,rain,32.0,24.1,47.4,1007.2,87.9,8.4,9.5,0.07,Rain,0.5467112728685939,-0.8373211953118121
2025-05-30,24.0,86.6,6.3,4.17,rain,19.1,16.6,89.3,1007.3,88.0,9.7,6.9,0.1,Rain,0.5322271388474397,-0.8466016020976267
2025-05-31,26.1,82.7,0.0,0.0,rain,31.0,22.3,123.7,1003.8,74.0,10.2,20.6,0.13,Cloudy,0.5175855102531889,-0.8556314858488706
2025-06-01,25.3,67.5,0.0,0.0,noprecip,36.7,25.9,239.7,999.4,14.5,12.1,26.1,0.17,Clear,0.5027907197793043,-0.8644081744776648
2025-06-02,25.0,58.3,2.0,12.5,rain,29.5,20.5,269.2,999.0,19.0,11.6,25.5,0.2,Rain,0.4878471454423119,-0.8729290708206411
2025-06-03,25.0,74.0,15.1,4.17,rain,29.5,16.6,64.5,1003.2,62.9,10.0,13.6,0.25,Rain,0.47275920928627757,-0.881191653407483
2025-06-04,25.2,81.9,10.9,4.17,rain,20.2,13.0,53.2,1006.2,70.6,9.6,14.6,0.27,Rain,0.4575313760742512,-0.8891934772070711
2025-06-05,26.0,81.3,2.5,20.83,rain,24.1,22.3,159.4,1006.6,55.0,9.6,17.1,0.3,Rain,0.44216815196707204,-0.8969321743510065
2025-06-06,26.8,81.3,1.3,12.5,rain,28.1,20.5,118.4,1005.6,53.4,10.0,20.1,0.33,Rain,0.42667408318992467,-0.9044054548343001
2025-06-07,26.9,84.8,18.8,4.17,rain,22.0,18.4,113.3,1004.6,70.9,10.0,20.5,0.36,Rain,0.4110537546870351,-0.9116111071930239
2025-06-08,26.2,87.7,0.411,4.17,rain,19.8,16.6,100.4,1003.8,69.9,9.5,16.0,0.4,Rain,0.3953117887649151,-0.9185469991587165
2025-06-09,25.0,79.1,0.2,4.17,rain,25.9,11.2,261.7,1004.0,53.9,9.9,9.4,0.43,Rain,0.37945284372454435,-0.925211078289358
2025-06-10,24.6,83.6,26.5,50.0,rain,33.8,25.9,317.0,1005.0,68.9,10.1,6.4,0.46,Rain,0.36348161248290634,-0.9316013725767187
2025-06-11,24.5,78.9,2.2,12.5,rain,33.8,20.5,306.0,1004.2,30.5,9.8,23.7,0.5,Rain,0.3474028211842774,-0.9377159910299093
2025-06-12,24.9,77.6,9.0,4.17,rain,35.3,16.6,342.2,1003.1,59.7,9.3,13.7,0.53,Rain,0.3312212278016865,-0.9435531242349544
2025-06-13,25.0,75.1,2.0,4.17,rain,39.2,20.5,347.1,1002.1,38.8,10.6,13.8,0.57,Rain,0.31494162072895193,-0.9491110448902284
2025-06-14,24.8,65.7,0.0,0.0,noprecip,25.9,16.6,34.2,1000.8,22.6,9.8,23.6,0.6,Cloudy,0.2985688173637202,-0.9543881083175908
2025-06-15,26.2,80.4,4.0,4.17,rain,19.4,24.1,64.3,1001.9,35.0,10.0,23.7,0.64,Rain,0.2821076626819194,-0.9593827529490743
2025-06-16,24.9,91.1,9.0,8.33,rain,22.7,13.0,11.9,1004.8,83.2,9.7,11.2,0.67,Rain,0.26556302780405594,-0.9640935007889755
2025-06-17,26.1,84.9,1.032,8.33,rain,26.3,18.4,136.4,1004.3,63.3,8.0,14.0,0.71,Rain,0.24893980855376657,-0.9685189578512204
2025-06-18,25.7,74.9,2.0,29.17,rain,30.2,20.5,149.0,1003.4,33.3,9.9,13.7,0.74,Rain,0.23224292400907015,-0.9726578145718654
2025-06-19,26.5,78.2,0.1,4.17,rain,38.2,18.4,138.4,1002.9,57.5,9.2,20.3,0.75,Rain,0.21547731504673012,-0.976508846196619
2025-06-20,26.5,81.0,1.7,16.67,rain,29.2,18.4,122.2,1003.1,62.8,9.9,14.6,0.81,Rain,0.19864794288017112,-0.9800709131432666
2025-06-21,26.1,91.2,19.5,8.33,rain,24.1,22.3,106.4,1004.4,81.4,8.8,11.9,0.85,Rain,0.18175978759137534,-0.9833429613388902
