datetime,conditions,PC1,PC2,PC3,PC4,PC5,PC6,PC7,PC8,PC9,PC10
2020-01-01,Rain,-3.394360944650484,0.5727539242933843,-2.21787618526311,0.13233786587674046,-0.7133833856812554,-0.6341794706748762,-0.5009421096864265,-0.7287775818968002,-0.1950288979253206,0.07959802567199505
2020-01-02,Rain,-2.9400340724719793,0.8170573060622405,-1.137043038172617,0.2521542761417893,-0.6601310935086111,-0.5599075022338165,-0.6611142457759104,0.1405701393206488,-0.9724586080067807,0.3697114200732119
2020-01-03,Rain,-1.950578781312103,1.022597292309078,0.569885424411325,-1.2239314300115343,-0.6397200967849558,-0.816939032110843,-1.3830521513124772,1.657143789256482,0.6091411455729157,0.2139957538715984
2020-01-04,Rain,-2.3251617298677454,1.1658722294863457,0.32759673083406593,-0.08517843747197616,-0.6249392188999275,-0.012206718282023514,-0.47470772099883285,0.23256738795896784,-1.2985912585934927,0.6893803366803521
2020-01-05,Rain,-2.3261029202360537,0.9413449961551913,-0.08952973499103517,0.27578863458422853,-0.864203119500259,0.449609424966578,-0.6919006131729649,0.41636253496940245,-1.357692257875153,-0.34242092939131497
2020-01-06,Rain,-1.4899182506640307,0.6412297766372859,1.4515175886964495,-0.30116064005488086,-0.732823308813501,0.3628544733858043,-1.1521216555258182,1.1956254710750496,-1.1167336744336154,0.1276083778468065
2020-01-07,Rain,-2.3632418193470475,1.1212795119623302,-1.8513210878139224,0.45302802730473146,-0.21511677251086694,-0.37482814069827775,-0.33160851809966874,0.1193989323402444,-0.7742353768601958,0.28344302334711563
2020-01-08,Rain,-1.1057217531128234,0.582475011502302,1.1509012136065653,-0.8246073713526368,-0.36600845121315095,-0.1263089855929737,-1.2122320436639156,2.2608893631019824,-0.355520153681263,0.9361586731975687
2020-01-09,Rain,-1.127566835894113,-0.1912175740947397,0.2703412134000201,0.12390602801036338,-0.1583920290995541,0.21716231321106497,-0.626912373531735,-0.1105745784662551,-0.6525948193642539,-0.3676500901647568
2020-01-10,Cloudy,-0.997855365417992,-0.4845833817630774,0.6568933335387223,0.015262929603756028,-0.1706770176936563,0.5332540474162987,-0.5752349389388111,-0.20497526954858442,-0.9867020981749126,0.04429254294152622
2020-01-11,Rain,-1.9116846578721562,1.6448904885188544,3.0307596674723247,-0.7643354459660899,-0.2684079145227029,0.29528512120184197,-1.6741497902023246,2.7750913556282812,-0.5353684266198017,-0.3423017936947792
2020-01-12,Rain,-4.63023566239816,-0.26654358384123694,0.9293218042126902,-0.349435201519281,1.0599086784726701,-0.9608858180555491,0.07830899411658393,-0.8791163960522829,0.6790681057802292,0.5983126794723972
2020-01-13,Rain,-4.734175746468837,0.9694732875660654,-1.8585225235196399,1.027368829837303,0.6262117658841605,-0.3511035552285227,0.10436238377712419,-0.16140437184649253,-0.5577085652724715,-0.22878765050700625
2020-01-14,Rain,-3.460908058082477,1.0936750947751888,-2.2271929909284345,0.6994470178415654,-1.0241809948187766,2.4542144618504826,-0.8009517899278165,0.06332300513008583,-0.45490512369579017,-0.16880412624767396
2020-01-15,Rain,-1.3814347608235125,1.0534503716725925,2.5942421628567813,-0.38461721489311723,0.04788898009170837,1.1811262013429475,-1.4323012981662826,1.088188405665842,-0.9582406021860393,-0.14027938666718245
2020-01-16,Rain,-1.6805758342136614,1.2681200766288327,1.6947386118546972,-0.8575740269755716,0.47973468822297066,0.2092197587850633,-1.2090437619812582,2.1365236737332367,0.3356239302272113,-0.06336102546883861
2020-01-17,Rain,-4.680916360818649,0.40637425568763164,0.76356181973446,0.10137313835795927,1.4188902849624436,-0.3487728266865786,-0.05011833545853171,-0.6015666005607903,0.3311839029777499,1.3682884742727428
2020-01-18,Rain,-4.703061544606688,1.1415630473193348,-1.7830987056633496,1.1926902390444596,1.003200718399054,0.07820519104426459,0.1265145839130397,0.1308675832984683,-0.7415931001542176,0.4889178519378391
2020-01-19,Rain,-5.2134724463410835,0.3539541039247841,0.3918862482248007,-0.020246455559372305,1.5680584791875574,-0.4580994399045628,0.03640811010352892,-0.20121888768404078,0.5350850672148195,0.5094100571741498
2020-01-20,Rain,-5.672925177870716,0.9353322595946695,-1.9811788012847635,0.8175547089673579,1.3299463911396252,-0.2808906951603474,0.23436572820719112,0.6620548008615962,0.17059359520351325,0.19247078830635236
2020-01-21,Rain,-4.158504954242863,1.1881031641025146,-1.2270410736398747,1.4961068111871092,0.711685964746644,1.2950937621115448,-0.32154172517731744,0.578535948910949,-1.254514790254386,-0.23393904688247533
2020-01-22,Rain,-2.8500972316232835,1.1024063721030544,-0.8491384961726246,1.0619351254834,0.4192752951372736,2.000186706005954,-0.714757736319626,0.1900404028570165,-0.6937708921506857,-0.5172182159824662
2020-01-23,Rain,-1.3163661743729775,1.4091604997070781,0.97814648869572,0.0426584776127542,1.1014906267217734,0.9732125898556181,-1.1844295595868568,1.178931691313871,0.061356092823542444,0.3431331251586701
2020-01-24,Rain,-2.2465116156035343,2.3021360546925167,0.570285960382303,0.5818568444487114,1.0755378259800392,1.594370812557843,-0.718475829832985,0.3504409253688243,-1.1952165931369378,-0.10243101698549309
2020-01-25,Rain,-3.6176674824342188,2.6028620514600065,2.805722515894405,-2.1167397629859304,-1.3461869095979124,-0.2825952837766422,2.4912922672236717,0.7815654815199558,-1.40024090480222,0.3690662088998944
2020-01-26,Rain,-3.987038481970702,-1.623133484433299,2.421594920839604,-0.25442758637635765,-0.8171074427152696,-1.2445695693626144,0.8372561004171382,0.05854329793242948,-0.098734088020069,0.3135937825463073
2020-01-27,Cloudy,-4.620237636082678,-2.0680483842409876,1.3121107054557966,-0.06016025604500807,-0.6779222821342936,-1.36162505084983,0.6399343061790593,-0.5280068509607564,0.361083191173678,-0.40559215583915925
2020-01-28,Rain,-4.822021816046715,-1.2599716369243288,1.3461797478770572,-0.06928528181041936,-0.38928517271021984,-1.5673302619970986,0.3624559809892543,-0.7951528195179949,0.9546583230045129,-0.3254781489433778
2020-01-29,Rain,-4.90903970946845,-1.4496925521693331,0.2957445814411946,-1.1010796246341785,-1.964754585772845,0.913975162247675,-0.3287845257270602,-0.5819404824325743,2.1227992077939373,0.04806283445336338
2020-01-30,Clear,-4.337735721601007,-3.5525860968002743,0.048921867091187565,0.26170114314564397,-0.6098615061666508,-1.2499020650895114,1.3082545931965461,1.004723984032462,-0.5366112870077668,-0.3837839661294427
2020-01-31,Cloudy,-4.196530328740677,-2.4780588715726237,-0.1065625112258879,0.06626562635943702,-0.936055703177289,-0.4430287676965351,0.7632043578324482,0.36244861556025726,-0.1387775898004755,-0.16728144827776062
2020-02-01,Rain,-5.099207265144054,0.5929346298753231,-1.7010066010677758,0.820579868790658,-0.18920524434691624,-1.4159024414564334,0.40164461748718633,-0.5330337429371332,0.03631145905006733,-0.21192365947412858
2020-02-02,Rain,-4.3976678277567,1.1317666032749432,-2.122308823545536,1.6511328062786719,-0.6160728550820332,-0.7043426084859429,0.14126711174421655,0.05151842806221544,-1.0215309240339046,-0.9826256351283121
2020-02-03,Rain,-4.04937251706623,2.1184597245834396,1.550080811625564,0.9813947174461545,-0.7043172852765721,0.06205296768397619,-0.6268059870070567,0.4780654560011214,-1.8798063775711966,0.22978621027159102
2020-02-04,Rain,-5.33813448315456,1.1109368643489212,0.12048184746827889,0.002189040518296237,0.016686568241235076,-1.2462887646027216,0.3836278060523897,0.17451124773514987,0.12606121499059528,0.7418204452114779
2020-02-05,Rain,-5.3674017419093305,1.0935840265617984,-1.4364705698764968,0.6119917729786709,0.03877800407888709,-1.117179013547679,0.4702410795184065,-0.20299878126338752,0.24032671981365344,0.2758902650357281
2020-02-06,Rain,-4.19578367169434,0.771614506056259,-2.3193038657574485,0.8746756082117308,-1.5155922133924042,1.5648270605848165,-0.17053567722888271,-0.1983031077385646,0.35593673993051944,0.17622879155284268
2020-02-07,Rain,-3.9969955157741586,1.8998979190049072,-1.4174596373574049,0.4230062475265593,-1.5161570526954873,1.8678383126830536,-0.8677430893059821,-0.1649338708437379,0.11912341576575244,0.3613416602488093
2020-02-08,Rain,-4.194313769128637,1.5756019654642999,0.5781304239414206,0.2429962817314988,0.197215003864856,-0.6014225769638772,-0.21866689634547723,0.12103114581279363,-0.03025639332982314,0.7483200456548019
2020-02-09,Rain,-5.187487885970124,0.44140543980555813,0.8631467923030758,0.11182303986255294,0.47757625072718124,-0.7494353075111845,0.10612374225299073,-0.14895490681926793,0.35950222175455654,0.40103031955823787
2020-02-10,Rain,-4.489492063003213,-0.5637239311388268,-0.7622959760710436,0.7158961399081528,0.3989653631902703,-0.5930654635182715,0.5769137688990154,-0.1723863580582344,0.6769912149587156,0.06768353711154489
2020-02-11,Rain,-3.4907824153243903,0.8607538540666708,-0.9066412597847143,1.433886032090395,-0.06651146670038659,0.48445045477283954,-0.04970227581483632,0.20411615855154788,-0.5869281576315044,0.04067297691480859
2020-02-12,Rain,-3.1238541141471057,1.64343639783981,-1.8645250017822814,1.3241699788694847,-0.055946784350076155,0.3926703963496428,-0.27793662940813585,0.6954941586767877,-0.20989405459554983,0.13002547960241545
2020-02-13,Rain,-2.6219243770329936,2.5821600602954513,-1.0971017664872804,1.836709106371483,-0.1254237938533982,1.0191696033718791,-0.4542602164249143,0.3515568371080881,-1.0412089032469922,-0.48216294048506514
2020-02-14,Rain,-0.7000956465564846,1.505173263853492,-0.06146021545314575,1.8776677054144375,0.19261823423534508,0.6667456306401964,-0.31536005063322836,0.4879271903244661,-0.5905393035836528,0.9187379632787063
2020-02-15,Rain,-0.16179776134612994,1.2061653206428045,1.8977638916178075,1.0219951362847652,0.014644787047107775,1.5206518047377287,-1.0217041346953402,0.3067023933614703,-1.5857935815175532,-1.553625159840424
2020-02-16,Rain,-2.890755352943228,-1.8880731966679258,4.001661867555909,0.002782902318312004,1.059174961866672,0.2127243426270793,-0.12710001514282027,0.806472138829433,0.3506720721300026,0.03214824246507857
2020-02-17,Cloudy,-3.9445101244237972,-2.611098757037662,2.0581577603002312,0.18750792163574287,1.3553655441714363,-0.07843745264519672,0.42199089108633,-0.24236645133565823,1.1440371989296727,-0.6065840403813201
2020-02-18,Cloudy,-3.769987166497984,-3.4021329921626804,0.9568908842294878,0.25079437063815474,1.2928605564833966,-0.02166335072256703,0.8646887388589117,0.09336002964808666,1.5313436224815122,-0.01770464006488575
2020-02-19,Cloudy,-3.62080374987692,-1.9366267552612115,-0.5787617514298149,0.8594548161180163,1.403312304115376,-0.12959271068774678,0.8674156209908328,-0.17787090545099712,1.17274861886714,-0.4836058883702201
2020-02-20,Rain,-3.989616585279887,0.7654989405707784,-2.3772887806363725,1.253474452922554,-0.08526893712486573,2.276333569925668,-0.22921783355672107,0.14831519763552614,0.5839568796945657,0.550372509975869
2020-02-21,Rain,-3.6464052824231916,0.6825833147433698,-1.3865467099783035,1.347168764209692,-0.33823547022251077,2.9273978699951653,-0.5121570411061621,0.9412983193431135,-0.6658229273174375,-0.10184777746705301
2020-02-22,Rain,-2.9354769436785633,-0.4411817189200959,-2.144864999737544,1.7288415133000672,-0.17231768404267173,2.690747630938876,0.03604282623091524,1.2480182401620687,-0.14569101633679168,0.04888309742841535
2020-02-23,Cloudy,-2.504381053323844,-1.5718697524395913,-0.5493682977716139,1.2008137743588794,-2.0507738806865676,-0.17534529561996506,0.5772237987240025,0.8482385790338293,-1.1870611151678316,-0.3938784374713429
2020-02-24,Cloudy,-1.838232231881667,-1.1241461790164258,0.6020075357866526,0.7571523325558569,-1.825330981050599,-0.23559192560387812,0.27406622807914954,0.4442267782101748,-1.1007030855085285,0.13250709368002053
2020-02-25,Cloudy,-1.9115750408215069,-0.3243762481783947,-0.14353709102391807,0.8854509206908437,-1.6256557424298914,-0.36670916633694167,0.16707656011996688,-0.13735062167214235,-0.7219858559758744,-0.28893382645829757
2020-02-26,Rain,-1.84960367384593,-0.3978370974554978,-0.729425157965196,0.8574485407703496,-1.391506382743507,-0.7205101660916574,0.28577253989214724,0.30629087436859886,-0.46571763508268094,0.20892769599661734
2020-02-27,Rain,-1.1167042032675285,-0.5796724798720664,0.3161092154790547,0.03387319051573393,-1.1605058131035328,-0.8907173597138128,-0.05017380783940685,0.4987049619188676,0.5308464782520582,0.026923083647363573
2020-02-28,Rain,-0.9509528303384914,-0.5553575272394997,0.7675826823596645,0.27941780943726613,-1.220155300200496,-0.3803108967668643,-0.08260912792855003,-0.08339462514607844,-0.07150624277623045,-0.20912469667034697
2020-02-29,Rain,-1.0717099342089533,0.6767971507572214,0.04426111576730055,-0.10401885896370706,-1.0928660400313572,-0.8974266604532998,-0.43947989464719295,1.3474373684930099,0.7646020616251901,-0.020536975844755688
2020-03-01,Rain,-0.8106300145460168,0.9155379327461443,0.5326876409739738,0.6695041425599911,-0.9841841484885985,-0.45713157033809737,-0.38921861567746496,0.31554073009396105,0.07961768403320466,0.41888658501969567
2020-03-02,Rain,-1.0918291478449877,0.9472382709984576,1.454875128898421,0.5313754846467338,-0.9645645984218241,0.0029266168440893153,-0.4909123417605537,-0.6423788544696274,-0.13974634844591505,-0.15030317638790203
2020-03-03,Rain,-1.3677985067660923,3.660847395735243,1.3131787494999085,-2.491152258189846,-1.1004330436580634,0.8742452845430941,4.782635910823682,0.8784088695614888,-0.8486013541174681,-0.15178464459167473
2020-03-04,Rain,-2.7191474056566998,2.2003616311480316,3.5283465671771506,-0.4334569871919854,-0.48099258540258194,-0.20803424066548531,0.3591273911903048,0.7012944601083074,-0.5989656354030366,1.1044321447656944
2020-03-05,Rain,-4.3121579465282345,0.712909197987847,0.23879102855651083,0.32470716704014146,0.1174230388244358,-1.3724913589413341,0.4466594675687424,-0.5260925490673752,0.9755334539041121,0.807952453167649
2020-03-06,Rain,-2.7463897315039754,0.2598739639180723,-0.24127094565119153,1.476109772517485,-0.5567708322457199,-0.09766216900263869,0.38744694538392277,0.029171071922906727,0.06302518093656266,0.023671183382180657
2020-03-07,Rain,-1.7799110894981556,0.5155612152586552,-1.0576620946284405,1.7829316919441032,-0.674199081244214,0.15879290593282736,0.23468859329261077,0.4716143346906737,0.1130704310406504,-0.6048004069989573
2020-03-08,Rain,0.17664612423762915,-0.3755263541769555,-0.9176890868074581,2.1764808192717346,-0.6262091997323466,0.2521006818405708,0.5424019950976521,1.035281200577996,-0.7528610771406312,0.28261219294343537
2020-03-09,Cloudy,1.179291769236422,-1.3976121202476781,-1.0670635578497658,2.175571161816674,-0.45457620900140283,0.20960384484601927,0.6851319800996325,1.184667610834043,-1.2561114058896186,-0.905306142607215
2020-03-10,Rain,-1.271004101130208,0.9907313999341358,1.9921269191160456,0.21750871318636625,0.39306508213252017,-0.6798796698075523,-0.5491482051986368,0.3614747573620948,0.6710696432224281,0.28261783077737207
2020-03-11,Cloudy,-2.0848114696729914,-0.13046469756408627,-0.5524971922712496,0.7411414513554269,0.3884484314456776,-0.3790070134879673,0.3383535978910927,-0.9926450617994588,1.137077381985988,0.7151269959538614
2020-03-12,Rain,-1.5657991882261995,0.7401212672897003,-0.935849061834286,1.9894528394858344,-0.17064477462720012,0.5020753108986178,0.1635589794539104,0.0998988061076825,-0.040682824793679136,-0.5771942505691491
2020-03-13,Rain,-0.5948581533924086,1.2827811858142022,-0.6726746503659746,1.9203909567281472,0.04514131116370986,0.3652198974222789,-0.160637509881622,0.5135986247436602,-0.35522434118175955,-0.05338174815540304
2020-03-14,Rain,-2.079441589139284,1.1471596274371947,0.8234738056315877,0.5621979603813945,0.8969921350661246,-0.5354278215179009,-0.2252941503467604,-0.6177763833453581,0.8761924534517515,-0.08185360315743796
2020-03-15,Rain,-3.180845453711596,1.4833163047924198,-1.3542344663164156,0.6028454442411549,0.8940453405325974,-0.9385694761528393,-0.03672778390580202,0.8649065813030028,1.8349601064274896,-0.42743544831937386
2020-03-16,Rain,-2.9883184408994006,2.0456340980704484,-2.0527445775497912,2.3050062280215533,0.30472671630424814,0.5551519921725827,-0.003338885055209649,0.9573238129411629,-0.30485056571231184,-0.9338977141764552
2020-03-17,Rain,-2.2359419232538085,2.6211724381876196,-0.10661161339183982,2.1354525790415777,0.28150167778307866,0.8548641754154278,-0.2672030773577521,0.944807472309709,-0.830119433419388,-0.06803564386329843
2020-03-18,Rain,-3.183287336140809,2.2178161037795774,0.4115813154938814,0.9589336023856908,0.9053541505487208,0.2806744389892413,0.6839071527990801,0.11998717479964902,-0.11541415399831005,0.5794538462041413
2020-03-19,Rain,-2.8460474955389903,1.1642878253838411,-0.7676568859028066,0.2537110804318708,-0.3073653452182552,2.1910306238755153,-0.2833923763707286,-0.5033105250627613,1.8854817883579975,0.6736669308917875
2020-03-20,Rain,-1.8276169134939957,0.5516320249211769,0.08799784481452548,1.042747328233316,1.1271943848414783,0.1824193145880063,0.22963740695475873,-0.004280521165744158,1.0761703729884324,0.5995992457935821
2020-03-21,Rain,-0.8454600346818206,1.0049450830257591,-0.25500640855028167,1.647662477775627,0.6517728686031735,1.0889999317615016,-0.11100145263299946,0.5786276389970474,0.09315743968037334,0.04149279548984641
2020-03-22,Rain,-0.050405392882130244,1.4087744229900991,-0.17880699554627555,1.4724710720345289,0.8828000455933699,0.928237367104161,-0.13855524330849311,0.6689525563756421,0.4425890727856218,0.45982350178557846
2020-03-23,Rain,-0.4761503306803797,1.131682131114002,-0.5902135954419329,1.4844274859753837,0.8604191852092281,1.159407669063544,-0.06485895453586729,0.6357329894347713,-0.06630015384120706,-0.44894416594865
2020-03-24,Rain,0.3371716389000942,-0.2470010798951603,1.3097747764889713,0.9728525779736207,-1.9495799403337137,-0.2634787400869664,0.017081616483368183,0.32274147383461005,-0.6756978338820546,0.2059732251877998
2020-03-25,Rain,0.6880359783387935,2.1516133504958064,2.327919920558622,-0.8740012053359795,-1.964539518091123,-0.9303505200257882,-1.1175789309072426,3.657219256329794,1.29843258712392,0.05368925651647166
2020-03-26,Rain,1.013622564621508,0.13188004297406644,1.5061687694450892,0.8884820369228759,-1.554658418875528,-0.45863699287666,-0.0002231532535202558,-0.42954640784021714,0.1781933858861097,0.5112737689894682
2020-03-27,Rain,1.1326327747713676,0.09418703526231606,0.22808936547905218,1.0877002340260369,-1.2962331151822828,-0.8764482351787712,0.14127614876781464,-0.08985626411055286,0.584596742557466,0.2871450272069325
2020-03-28,Rain,-0.13281793454245674,3.211101996182951,1.543892595574926,-0.7718910167238605,-1.3675163974695856,-0.9885664748179034,-1.380402398627131,2.2304239793966296,1.2615628845875386,-0.2971065243844345
2020-03-29,Rain,-0.2666914558331759,1.7458148469990524,1.3610973984909875,1.1187091232970532,-1.2667254277458833,-0.17232494657271852,-0.33750589210551485,-0.692811810189979,-0.22802107858818085,1.0599652087763871
2020-03-30,Rain,-2.0069917034532883,1.7090353225396828,2.0089206553574,1.0033563117831021,-0.8653501966301707,-0.5012738174371401,-0.048754217926324984,-0.6494931266002744,-0.28181173472688015,1.0277850110446056
2020-03-31,Rain,-3.106033477021947,1.164279636405696,0.8096929508502343,0.9569450933879116,-0.4412106406818923,-1.1321816794297497,0.44123630449502,-0.8324370541717028,0.44952539513575196,0.3285329068319916
2020-04-01,Rain,-2.8716873482476224,0.42383830140437473,-0.4245764396914351,0.9345360388592726,-0.24415738536610304,-1.5122778948825757,0.7590941817661531,-0.8451529312452487,1.0109841621372806,-0.07662939810617019
2020-04-02,Rain,-3.1425039063553832,1.942903366331562,-2.2209823780830984,1.567767759875813,-0.45552542093261567,-1.1816975345198386,0.48431685793218854,0.10746510939545714,0.4956208247749882,-0.41460357700779743
2020-04-03,Rain,-2.336392076659031,2.398905754624781,-0.39359034737225623,1.9468269457132905,-0.6235154883313121,-0.39267965154651113,0.09474556180803144,0.17799448568895135,-0.6354258290026582,0.4723743009018004
2020-04-04,Rain,-2.922067191555746,1.5291561746572646,1.0503401313833443,0.508999794491569,-0.05844801689234478,-1.0246690248372794,0.21493384907588353,-0.0707096625989491,0.5947269229114757,0.4377167049177825
2020-04-05,Rain,-3.6540340880892033,0.4359877599916712,0.8574551064468643,0.41277808276266004,0.3564372298927962,-1.4227845042884484,0.513156927809061,-0.6410721540363457,1.3468267176737876,-0.0902353464138334
2020-04-06,Rain,-3.428049753410364,0.5224482451379393,-0.410070901189269,1.0058685162821082,0.25559165755883095,-1.2428895970770297,0.8507073855465277,-0.20200709604849978,0.9221902749444468,-0.7917302443342336
2020-04-07,Rain,-2.5320501220856104,-0.18105185839843763,-0.46988475988358336,1.10384373864689,0.2790660322452915,-1.140269736944457,0.8860917406822068,0.27622278128401023,0.7135663151086756,-0.6622116905595111
2020-04-08,Rain,-2.4027983645432958,0.09869059913004634,-2.4061378886091496,1.2547680720882488,-1.1035240172389447,1.184027052971487,0.747231393040507,0.20146018823182543,0.8586358641207312,0.08671453702521821
2020-04-09,Cloudy,-1.4298594709746966,-0.37840722279419786,-1.2309174418759659,1.4703382429621403,-0.739877015401372,1.0472306133962805,0.4346665795671372,0.1940436295409192,0.10881713903468042,-0.13209542623658477
2020-04-10,Rain,-0.6337837405224895,0.2845746421063352,-0.057677631195470695,1.6249956307347386,-0.08619398510222727,0.28320915769093274,0.24110466299265265,0.17745594605414533,0.034885241933120946,-0.40789837049858013
2020-04-11,Rain,-0.1567536579387758,0.7415861554860559,-0.7157983928097268,1.5505937346010639,-0.14117404897297825,0.30558131593688703,0.13756509748413787,1.0392760082049122,0.0233041981355254,-0.6291179729839923
2020-04-12,Rain,-1.6760835248530574,0.8121345138100055,3.117834383020918,0.07280016459415767,0.2911620283125795,0.45601403652582123,1.4080023409364728,1.2286327892277151,-0.5147912807242431,-0.19658668996013298
2020-04-13,Rain,-3.050427231104985,-0.6036329594628326,0.5334761827388684,0.13717900390980142,-0.8203210551338268,1.8582794037819772,0.6521486403009741,0.6945858222276414,1.9131395219692249,-0.06540604466691756
2020-04-14,Cloudy,-1.8595479031542863,-2.928100824501027,-0.4718578093007813,1.1595567251021799,-0.14491596375942545,0.9277136190564849,1.4466744022844917,0.8416078139853479,1.0688671025983725,0.3380105941733088
2020-04-15,Cloudy,-1.1657084279186607,-0.8854770446289086,1.1625822300778663,1.9407488118460094,0.16574478811339144,1.1470571788094395,0.6184920276777804,0.4908220148243106,-0.06930954086920535,-0.4091546725196297
2020-04-16,Rain,-1.211024220570749,1.6529400121235869,-0.4459505546799752,1.693437445974094,0.21079323327374466,0.9337375450455199,-0.19567908813606547,0.7407262664897022,0.04781902536534537,-1.2956116676484897
2020-04-17,Rain,-0.5703275647437678,1.8888158849991976,-0.018598181101564307,1.3453743822532858,0.41187047017906847,0.8188665537107391,-0.3125038415054161,0.36574600878049673,0.43241541437473613,-0.20650881865988574
2020-04-18,Rain,1.0661594797030975,0.264651302898608,0.8902704219874824,1.3594765057678204,0.6319092261652592,0.9032204953288422,0.08893663912922987,0.21095741782247554,0.152706146053311,0.31308099133367523
2020-04-19,Cloudy,0.7955304455197835,0.7406556000698874,-0.1341677646228652,2.019535312628593,0.8124933758981059,0.8114452412240575,0.2493203651949407,-0.24081048478777098,0.01785725586038963,0.2269562930992511
2020-04-20,Rain,1.0274135082926885,0.5635074420783813,0.13142921186304848,1.4429148979052342,0.8902160346448104,0.8111699988673902,0.08541645911466979,-0.023642212590625687,0.41235291676056923,0.128838616570777
2020-04-21,Rain,1.471366077048262,0.7230850650309332,0.678635686490778,2.024161408047808,0.8070131228313441,1.2527606745334903,-0.037147925673711626,0.32678963086541996,-0.126753226513025,-0.14227033304732611
2020-04-22,Rain,-0.6190054791060574,1.5803034257454855,0.3728718215969355,1.228196113966349,1.209202738733651,0.7484922463990284,-0.02866471552300567,0.12811111203569675,0.2930915016278112,-0.07900381921426751
2020-04-23,Rain,-2.2421489874423335,1.3571657487500164,1.6949788877309748,0.1183285419596487,-1.0400815077518695,-1.617262132350467,0.33636406931305846,-0.7435041184643859,0.49401303699050025,0.8919559394575481
2020-04-24,Rain,-3.2772650713110423,1.0140878951285575,0.25424839187487724,-1.1173821798378396,-2.613106059434752,0.992033023129931,1.0356802713823041,-0.2050713731124768,1.6331724981220743,0.7699616682526698
2020-04-25,Rain,-2.853026995457578,-0.18152394171384573,-1.2089338469420032,-0.35052048626307997,-2.2572086110717744,0.22296424921960697,0.30081563213548446,-0.1654729472103788,2.1230902114289196,-0.3025698972224091
2020-04-26,Rain,-2.2651356266049034,-0.09006800696720603,-0.31794116951088697,-0.12646751964368977,-2.1876534959313583,0.5423514537648029,0.09609228871406265,-0.2276694841428305,1.356604482048458,-0.010304071766487403
2020-04-27,Rain,-0.3719374721156047,-2.8229433655477862,-0.23505874945715582,0.7685541845874476,-2.322009819402943,0.8156990298438099,0.8898581530172897,0.9734165158556211,0.840840923928207,-0.16209086365851336
2020-04-28,Cloudy,0.3201203597997273,-3.239070792649113,-0.5370737824933607,1.2336744094843666,-1.1218303683431934,-0.7816229782822876,1.4592773200118931,0.6855782752313705,0.5957906660200012,0.10219632297594183
2020-04-29,Rain,0.5156988195379146,-2.093373353247072,-0.5897424344435721,1.0428899309344044,-1.1356909510035904,-0.7137706671399173,1.0479449514124883,1.3142182979207973,0.34870289651732367,-0.07941511136090405
2020-04-30,Rain,0.548992109531,-0.881910852976275,-0.34245574345557817,1.083908716133593,-0.9863870679721891,-0.4781753390705456,0.6055854869867628,0.2704083456883673,0.24153571657762707,-0.4220391162940103
2020-05-01,Rain,0.029760189080823694,1.0681541806997334,-0.12357517895036194,0.9708210720075405,-1.1292019835434028,-0.10921974217066797,0.7131997567137665,0.2606766173032814,-0.24213794173581085,-1.2340130252421644
2020-05-02,Cloudy,1.1847555252488633,-0.3345819078423993,-0.2992183880714387,1.3609410309453955,-0.8517846632319577,-0.07116487843624601,0.45798403758124717,-0.13560751833947862,-0.1265148139685987,-0.02551249925438761
2020-05-03,Cloudy,2.002332117677174,-0.27058019553909024,-0.07225571247345297,1.468783831096517,-0.6531427787793742,-0.19191127010056383,0.42233525271969846,-0.5246741913875062,0.345600277994648,-0.10448295963391058
2020-05-04,Cloudy,3.1251326154721015,-0.4917555965987882,1.3970282966065644,1.5132428435912284,-0.5942904318242956,0.09389807267195252,0.2567728217419924,-0.011679459073401791,-0.32374542339362916,0.9605920973626406
2020-05-05,Cloudy,3.4044422802590617,-0.2852219063003763,0.9590035254852097,1.8176223357087078,-0.5612105966038362,0.20083031230621246,0.18446051154849047,-0.13133941046316222,-0.28201735881795564,-0.04129951630680966
2020-05-06,Cloudy,3.144833313784449,-0.7549739313634098,0.9573285722650355,1.6471865708871485,-0.3494996661960048,0.03011592203573358,0.5231015483930589,0.011157873277633233,-0.10857266611365875,0.28323880211051955
2020-05-07,Cloudy,3.213713145232187,-0.16644018290762633,0.7281775540591038,1.9314171393708233,-0.24612512081254975,0.1695786678190603,0.34703432639574755,-0.2869203928907641,-0.07364359225278425,-0.4780275953297301
2020-05-08,Cloudy,3.26678509515073,-0.41501565167727067,2.0244340248758403,1.7345600445085465,-0.1267947152066563,0.19214623015536034,0.44290764112010506,0.08259946623422394,-0.3191953269163809,1.7705815255706763
2020-05-09,Rain,2.9798234157278873,-0.7122394119725948,-0.18463809109119145,1.5341407904222564,-0.08487951520387484,-0.014764096470964832,1.1119353987722693,1.0703183782662538,0.10419195997648598,0.13498079543045238
2020-05-10,Rain,3.7285970784351905,-1.2715943169223312,0.020520030575097267,1.6611484441166007,0.11786288010224405,-0.05760557312657909,0.5492302211797304,0.7159892564395235,0.09204378450234912,0.28229923496634224
2020-05-11,Rain,3.1468769763197004,0.08412035072812342,0.8036638477498937,1.285727350350472,0.20283099467213622,0.20700619445419666,0.05702319379677807,-0.16036064643710166,0.32356205587387316,-0.010649083760094246
2020-05-12,Rain,0.7397042957322916,1.5231895663692734,-0.22274527081934398,-0.605940568198075,0.6641264970998817,-0.03065500042805469,2.0699980783441676,-0.2845796763970449,0.6084808456664393,-0.5804023918443609
2020-05-13,Rain,2.060219106919981,0.1051319345895869,1.4596351556812368,1.1048843706255183,0.012455663212191062,1.0675751906548205,0.5209232927797836,0.2823575140266174,-0.03236676593049732,0.1993051420513563
2020-05-14,Rain,2.2829665840649196,-0.7901294161996034,1.2687142320521883,1.101262085321735,0.353168970738773,0.8216489494095235,0.4108089170451604,0.3488702257502165,0.2887182709462856,-0.8033968313107952
2020-05-15,Cloudy,3.130890629500396,-0.20456410594970442,2.6095621846424213,1.4232325285956502,0.11066866479399655,1.4392502849589037,-0.13751513037711222,0.06467581587651927,-0.6190242452294673,-0.9575962202389099
2020-05-16,Rain,2.6499372294929935,-0.2884663296858553,0.7826708945211834,1.3556420243773764,0.6135837941098722,0.5883842478501089,0.5695967092737549,0.29251324425625486,0.2637262422686612,0.3966693889888553
2020-05-17,Rain,2.89032128598251,3.1300804146834684,2.8448879177275503,-1.8490906086892087,0.8899176634435538,0.1698726929072562,1.559090732737308,3.3873077496123294,1.5968473121983389,1.8185153645267558
2020-05-18,Rain,2.22634514782216,-0.0963619473875742,0.43701107253853927,0.5452980303167343,1.2376870524039503,-0.09697489961101009,0.46838566695943923,0.1271431381597463,0.8524540884729389,-0.03737971508279252
2020-05-19,Rain,2.65722506046611,0.4232370238392474,-0.06331829551731886,1.4299673239457364,1.0135214343536898,0.5240539994156926,0.2581415817527448,-0.04422664888448238,0.32731047286915294,0.0890001091623426
2020-05-20,Cloudy,4.776542020467839,-1.2702483652832863,-0.31040846950766665,1.2401833119163084,1.242813755631517,0.3811250192920631,0.45157906913776796,-0.3048634210125954,0.9072763980022567,-0.46275756494259174
2020-05-21,Cloudy,5.350237048957521,-1.9459939490793465,-0.20853965683413428,1.0380418386970005,1.2036055589366832,0.6720589098429453,0.39610750830472197,-0.4510938224126112,1.4736711186875298,-1.22574835213939
2020-05-22,Rain,3.456719707157707,0.19296862277648852,0.9095687471726464,0.8921605476031421,1.400303727448274,0.6358254974382105,-0.17769157373500766,0.0790200370840398,0.5646270535470997,-1.5467828597057982
2020-05-23,Rain,1.797626331953969,0.7935321022468973,-1.2096960954271085,0.6178832175193307,-1.0729576760327435,-1.7474732076094452,0.5610084445481697,-0.9751954020542254,0.4414271413169011,0.13749207309979702
2020-05-24,Rain,2.485428587629525,0.02970397690300013,0.1718812032695718,0.6337074384531172,-1.2056535236680848,-1.1851655664801148,0.26855377325157564,-0.33412653866014064,-0.09498384266598334,0.3910631367326565
2020-05-25,Rain,3.9033235816151284,-0.11768308637744491,2.177398283816732,0.35980630006438846,-1.5821840624784718,-0.2506581929530939,0.1272618760586615,0.9825126173125772,-0.7330336205109885,-0.9995283589664835
2020-05-26,Rain,1.8143683493280902,-0.12935111569240218,0.9224956717933656,0.3890828270634575,-0.7618984036492294,-1.3804048702646412,0.3422619787402879,-0.18442548022660873,0.29403255425093405,-0.9632888575440581
2020-05-27,Rain,1.14148235305878,-0.22216514605549273,-0.465883025546658,-0.13575900624339263,-1.9192609805406584,0.5223117830814089,0.3945515472368246,-0.19295641376753578,1.2983188453030268,0.7546292163273358
2020-05-28,Rain,1.614726310067656,-0.489971498985481,-0.9854759906421645,0.5150351609581426,-1.1086795394534021,-0.5355556466169316,0.3097903149619043,-0.4666970928195155,0.7572116001510778,-0.5175620676565705
2020-05-29,Rain,2.7283676245373387,-0.198651908894246,0.4332442188572008,0.5076413726332454,-1.0602002152854204,-0.3029010473511541,-0.057409722412227415,0.2789081222750346,-0.004201012837445007,-0.35772715451340825
2020-05-30,Rain,3.6820234647073438,-1.1244581985941686,0.22943815854950575,0.6643632704777938,-0.7433552924654269,-0.6721102506062568,0.2478392356451091,-0.04580351621034549,0.2414460363250865,-0.756015792905112
2020-05-31,Rain,3.8820839885100824,-1.0270438600181082,0.055709553926080985,1.055322047107432,-0.553325319770405,-0.6645652273554935,0.3640529494966517,-0.033163247841038954,0.4015002503765005,0.05057460982916064
2020-06-01,Rain,3.7668053134008086,-1.4197529444899246,0.7751675366306783,0.8102864301926899,-0.601991923114404,-0.3212763301332061,0.5073487265537321,0.4188331869692102,0.024251328524324017,0.3486575815208594
2020-06-02,Rain,3.865354403726035,-1.4287738352021122,0.9195059038233714,0.7133964555715431,-0.6637181687381375,0.03185689370209669,0.3677222399661058,0.3078662204175904,0.02504765084369541,-1.135559210083245
2020-06-03,Rain,4.355090350236215,-1.3423967786954982,0.5755250856998808,0.9502703718951945,-0.20644477764244903,-0.61059356506986,0.4314727583281221,0.8679686744450068,0.07765129250151723,0.533901563115587
2020-06-04,Rain,4.53512526878684,-0.45283611220847736,1.1286768405684353,0.7324335490657383,-0.17566163672115953,-0.2619756419006461,-0.1488313920562868,0.1519362563097155,0.3400848007068389,-0.04747393532980517
2020-06-05,Cloudy,4.289884791415027,-1.2115539238971889,-0.10200357800222604,0.8803755713337392,0.2208690566361922,-0.654093912352546,0.4446956289026878,-0.4727097969763447,0.38870472372941756,-0.460913173568535
2020-06-06,Cloudy,4.296512870503049,-1.2613814339227902,-0.4926705929234557,0.7031769390067718,0.33279225337813967,-0.7640529933794747,0.5270043719830292,-0.6275012950321912,0.6690577912493032,-0.44456116988915956
2020-06-07,Cloudy,4.789476550187923,-1.8123621353073953,0.6081449445971673,0.7046166235561415,-0.15755865397005456,0.5087332055054058,0.14645937981181958,-0.2154428226787368,0.4536733874852751,-1.059475850909291
2020-06-08,Cloudy,5.192941233084738,-1.911886596953127,1.134540427665617,0.5498261291619073,-0.18904319582929122,0.8903719478272927,-0.13136581341924083,-0.444408841708039,0.8022634065093941,-1.109927089751334
2020-06-09,Rain,4.25816115577635,-0.844421487889526,0.7460632433913603,0.8478521711692206,0.5507144048710696,-0.1880807194694027,0.02725810441644382,-0.4636810594525465,0.9347558918381553,-0.11977747499544891
2020-06-10,Rain,3.451763962053005,-0.47971361625268316,1.4371260994028874,0.5867135744585675,0.38458236360453474,0.22290301984811822,0.14838576433593645,0.09494915542120055,0.15999251461594283,1.938212400739526
2020-06-11,Rain,3.2816165803042163,0.2646934522623176,2.164133334635703,0.6303049723203786,0.4918143030622666,0.29038354212452006,0.12172919912071793,0.35860639281665163,-0.08669370254865387,1.2217361093709806
2020-06-12,Rain,3.169506148450323,-0.09264524752051682,0.6820359477299978,0.40562154954868535,0.589978375317535,0.24590772041521305,0.016718597409243436,0.07310342215964076,0.5503049671349973,0.06937351509785912
2020-06-13,Rain,4.297517968002387,-0.6516026692321657,1.1618697573395813,0.4204943480431505,0.7461031280291439,0.27501608853076215,0.6006025942319907,0.5398237199804269,0.358341323516289,0.5635628434920585
2020-06-14,Rain,2.259599684518406,1.1986908715565507,1.2356158454646065,0.3310161680091065,0.97512819759327,0.25493525506722736,-0.3880015152216412,-0.639219988598928,-0.21089173863999777,-0.46266911474760375
2020-06-15,Rain,1.2986441942024893,1.6476608757636162,-0.7096884611746972,-0.1052787368116971,1.0982676354558576,0.00391869448186699,0.939007657437745,0.06801176663856245,0.5476716565751526,0.007759601048390419
2020-06-16,Rain,4.152093533960674,-0.4509178661467303,1.345270313923498,0.40265545873062425,1.0095889239575868,0.3240834236135387,-0.11261809534694858,0.6286028228202254,0.7164616627158998,0.4267012409702484
2020-06-17,Rain,4.095390079111929,-0.32368278386372223,1.4933464277842827,0.09352670932505576,1.1131689091502175,0.326866994227167,-0.27024902452933774,0.553665786193233,1.3369474700149317,-0.34738741042660626
2020-06-18,Rain,4.567534156882056,-0.7216360227706257,1.1088472175474244,0.21255257779738,1.317426833454141,-0.037238722476208734,-0.12397425654088831,1.4412395871195658,1.1348433214943958,0.4158352660139335
2020-06-19,Rain,3.993365205856368,0.4428149307869047,0.8064439472515507,-0.2874278800516249,1.4068977456291838,-0.16739214235983793,-0.49821313684242924,2.072954482870789,1.658461718156787,0.4880445559121206
2020-06-20,Rain,4.706536527401007,-0.8696874808254774,1.3612825926734748,0.8372617646643341,1.3013321494604662,0.916867267491918,-0.12241102130747038,0.23283284663167975,0.28048262391819573,0.6657366248355012
2020-06-21,Rain,5.12600534530612,-1.3557573871728665,0.9491756438859192,0.1575428104716826,-1.3019211140887763,-1.1437259412873544,0.059414494167631615,-0.5789031401022683,0.5289921924119788,-0.10226390631197255
2020-06-22,Cloudy,5.315852562226059,-1.8196103958163332,1.779010754611689,0.15256769246911603,-1.2725558727916149,-0.815012327167509,0.061772467840385835,-0.663575028278874,0.11461346361565086,-0.323840650839858
2020-06-23,Rain,4.8623432919798235,-1.3492190609111576,1.3818872338005512,0.24967668369508275,-0.9979165807154351,-1.0396349405768959,-0.017772989921082675,-0.765748588194996,0.7770517861925219,-0.23639794358535013
2020-06-24,Rain,4.771024392894561,-1.1368990159224908,0.6956881569780577,0.21538420175896097,-0.9352398728268801,-0.8569404788934932,-0.04389749536324744,-1.0381082490813196,1.0858320943800326,-1.106901923639855
2020-06-25,Rain,3.7429952613194737,0.5438190747490952,-1.0006166328451498,0.501370639416724,-0.5739484646250735,-1.5471102697179757,-0.06822915314803038,-0.5913395771168874,0.3471990528636378,-0.07425383834308923
2020-06-26,Rain,4.769224468283698,-0.8906328671858715,2.364483348925638,0.01739170698186118,-0.7638693427748041,-0.529742882809568,-0.11211581584782919,-0.8009834418866294,0.6481483327345373,0.5702657035727327
2020-06-27,Cloudy,5.079700976142551,-1.5630138616368654,2.173759850734198,0.13888807066529313,-0.6709723707287488,-0.49993891694571174,-0.09723582530998764,-0.8985023119901648,0.4190511180420912,0.055148236401013545
2020-06-28,Rain,5.233320200145798,-1.5846344240718524,1.782492456211357,-0.04995915224951264,-0.5311681127750457,-0.6577737159968547,-0.05129268696327941,-0.4054738428769164,0.5248362908036932,0.46284466016908105
2020-06-29,Rain,4.777638787610165,-0.9174892769447937,1.14920285588267,0.26714362513956297,-0.457100835141986,-0.6188791016238591,-0.05940772831486399,-0.4317027327406645,0.2733495271045443,0.3693830754493987
2020-06-30,Rain,4.684828825611614,-0.397081590976531,0.8701944838543937,0.13847098870277874,-0.30676332491597136,-0.7586320541797994,-0.23177856626315776,0.23573244839527996,0.48956428570325994,0.6365657180874572
2020-07-01,Rain,3.514907358765928,-0.16562940573689533,-0.363049223371042,0.5098724424068385,-0.09741808305813399,-0.79012502807821,0.13694737116259745,-0.5519241859997087,0.16010901172307915,-0.3863347155545461
2020-07-02,Rain,3.075591076730338,-0.03166197062330256,-0.790416935873378,0.3265614658236352,0.036716832327473525,-0.8366451049768884,0.17357800147833344,-0.48221310224703073,0.0807091377543301,0.20624388689863993
2020-07-03,Rain,3.3233065180110195,0.8775016946781266,-0.22307658317016643,-0.1058295179891451,0.22153168804476897,-0.9058925862700067,-0.42871891096219655,-0.21391800953413354,0.4247504605470401,0.6011544849042858
2020-07-04,Rain,2.44185281470166,1.2784527855774572,-0.9200039107528344,-1.205674822586045,0.18183727457977947,-0.4071563324785305,2.2547089000275733,0.09121983211716293,0.24752964557727716,-0.5161201953580702
2020-07-05,Rain,4.125053618724026,0.4945495179452475,0.8752162447652015,-0.26148791993769943,0.2501076898970914,-0.7260792635822818,-0.5752969325657832,1.1056215881295028,0.9572362641663585,1.0774639970394755
2020-07-06,Rain,4.200497113815976,-0.6658204852228047,0.881235801407461,0.06975370459484599,0.19517576294710776,-0.11943576416057006,-0.15866700360074876,0.08966011084789717,0.2586156530135243,0.02226022796043138
2020-07-07,Cloudy,5.062918247347025,-1.0245656124965332,1.7324145349691908,0.47281128768439773,0.17237854626927143,0.37971734087359943,-0.29842123818123356,-0.41738875122790847,-0.23337994889513575,0.3500273024656252
2020-07-08,Cloudy,4.991915453663839,-1.1941848187491455,1.2938916700611454,0.32223693057573677,0.5343379425535125,0.07409723133483817,-0.17232595174039642,-0.9580952666300993,0.7067050379065697,0.4331704315489876
2020-07-09,Cloudy,4.927291849240718,-1.3029416328267205,1.005006746192598,0.2984793894755186,0.27417816108771176,0.7246741004288001,-0.3256984733085115,-0.8510113462426062,0.7354583399138573,-0.08596339079792864
2020-07-10,Cloudy,4.501903218184032,-0.7894661052926375,0.7372532902810088,-0.32683110909189494,0.5931071976073751,0.46887511356744527,-0.5140003954811448,-1.7306768045062069,1.5029182165530226,-0.5693893307173937
2020-07-11,Rain,3.1704469094384957,0.37457932073754574,0.11771757778128523,-0.6347068079776063,0.6434534227031332,0.4333088939037269,-0.852257583461265,-1.2923384476659232,1.6733785004705655,-0.49228627988321605
2020-07-12,Cloudy,3.3627375492060825,-0.5697466270709767,-0.5351756012295626,-0.15116429654082322,0.7104293285989215,0.515897863649919,-0.24718961478680151,-1.0085272781313572,0.6612877015132377,-0.12247398022509629
2020-07-13,Rain,4.719062990442471,-1.9956986661014058,0.5778643033626334,0.04769941078617517,0.8936695962699553,0.1734351134498376,0.13223056265953206,0.2669353050635897,0.3445889226160405,0.4081690822647059
2020-07-14,Rain,3.676188360635211,-1.4748504460954048,0.011471599966621109,-0.3608584418081654,0.7461711073245275,0.31786542367519816,-0.005402176834585581,1.2097777952178035,1.0460885921334913,0.7699662747058322
2020-07-15,Rain,5.002436835579338,-1.4480266874347059,0.991579813595578,0.2761243843559267,1.0066084317758253,0.5467622159388758,-0.1653319229677622,0.31779998615699273,-0.06331954904292326,0.47372613148296305
2020-07-16,Rain,4.773983535719408,-1.0342621567218298,0.8920841785764739,0.26322859581974,1.203072912282704,0.47062995135580593,-0.2460301966127903,-0.0931932903464961,0.22557899821247504,0.12722855958671506
2020-07-17,Cloudy,5.094866143861345,-1.4099096849791772,1.3736896864063586,0.2714685120267374,1.3675184651914265,0.6392739226480556,-0.24406829092831253,-0.6183270981990155,0.4874932628135625,0.2801122596970636
2020-07-18,Rain,5.053332674551196,-1.3546033482036814,0.7928326251734865,0.18952645818464806,1.416068611640495,0.6326310896275396,-0.31746225280551527,-0.4148845802659889,0.9092099926399284,-0.22911946941642464
2020-07-19,Rain,4.985747477396177,-0.7164649406814763,1.1885393742131733,-0.4005004470190932,1.4078172107908051,0.6631092866561106,-0.5532468966026058,0.581691763855418,1.1044965647949618,-0.7253721123239464
2020-07-20,Rain,2.7859569115634173,0.10851401142348778,-0.3533992515033874,0.07098888537971487,1.7638862592514142,0.23200215769601484,-0.15184351217154027,0.10760839895133996,0.16044710329479991,0.3887551850052851
2020-07-21,Rain,3.5710175726252857,-0.4341295910125661,1.7517858001714812,-0.28748532221667383,-1.4495778788088742,-0.6735540889845935,-0.40505550658577383,0.24992398167130697,-0.8933610437379264,0.9071938854101086
2020-07-22,Rain,4.163360620092757,-1.358268157878073,0.9095057615553256,-0.5928852891759946,-1.2615849257427074,-0.8842502775222346,-0.3262588018771376,0.6073863304527723,-0.15750425049899683,-0.23450543935460155
2020-07-23,Rain,4.043487473846102,-1.5101965886124629,0.10928033378416394,-0.39069164984578336,-1.0643472744217928,-1.030639415037721,-0.12856786831250458,0.7585807856212614,-0.12699019577008352,-0.1336841386094118
2020-07-24,Cloudy,3.891889444676743,-1.5964296981449173,0.10796916474599862,-0.09146163888493432,-0.9016180450253198,-0.7790444396063115,0.032649335848302104,-0.3528382470710307,-0.550039054406426,0.16206687226895386
2020-07-25,Cloudy,4.177526683428853,-1.377035472722063,0.6105995603547656,0.06391774775203819,-0.8088514223353793,-0.5869851111788802,-0.10029834147906198,-0.406921438511287,-0.6329904488946979,0.16928443655706568
2020-07-26,Rain,3.87825935880354,-0.2719661128782795,2.9405454519289305,-0.06358396771165924,-1.0515840929312288,0.2908051833100155,-0.7996891229416763,-0.25993315059800554,-1.109309374010355,-0.47320224341557154
2020-07-27,Rain,2.265990590445698,0.5368272287239105,-0.7110608233981831,-0.2977133325925162,-0.10952348844989161,-1.4928045500308895,-0.14271863375169652,0.18028046714669618,0.1918942904062591,-0.9399042381664984
2020-07-28,Rain,2.2183580688102396,0.6000114018450733,-0.8181263035340364,-0.22436756705453037,-0.1445358751843455,-1.093391934852753,-0.3631250621669143,-0.3268241710117694,-0.43982833907154983,0.22344890825272146
2020-07-29,Rain,3.3542052175962214,0.5409377288238942,-1.1293013321073457,-0.871175033150251,-0.3535603247052932,-1.2924997653984611,-0.29838886208463383,2.366357851196849,0.8396222083313994,-0.4147951276202272
2020-07-30,Rain,3.9511479657739748,-0.7199965782252437,-0.24109346134686166,-0.45119938144091454,-0.11104743469237789,-1.0330971953156627,-0.3581128486722367,1.0791880489831158,0.5153362123132569,0.008132571387795206
2020-07-31,Rain,3.836431131050454,-0.3541523796525664,-0.763952745644432,-0.43746057023435014,0.191411393198406,-0.9063208106337124,1.1272302152668354,0.4139299670302037,-0.6182131175523793,-0.027667024964884768
2020-08-01,Rain,2.2701769853111937,1.878731522163219,1.1823503349721682,-1.0521108163406623,0.6772097539862743,-1.1655623256264351,-0.5001522884757411,-0.6796824054281961,-0.4580072591679149,-0.5350411277919204
2020-08-02,Rain,1.8269159267348527,4.465473146460384,3.6822775708877873,-3.1057370539560774,-0.058208248073631716,0.7170118868065383,1.7568702523924171,1.456160276169956,-1.8936646356943336,-1.332619037338056
2020-08-03,Rain,1.5600338143925743,1.552254067670428,-0.7082842630211297,-0.4924197121094003,0.7938725491665072,-1.0392816487915897,-0.0966256236633172,-0.9291848423474041,0.011072649551100057,0.45696218258750293
2020-08-04,Rain,1.7006951540389266,1.8480853317906274,-0.7790255111472105,-0.8107931232820949,0.6202022946977098,-0.6858047466691123,-0.2970858818581127,-0.7337088446478759,0.2700604016982636,0.15144598048146407
2020-08-05,Rain,1.1833107547144346,2.7656958770841555,-1.80084629354402,-1.5610190797045338,0.5363027559182824,-0.08808817298619294,1.728346943082407,-0.47719826097673307,-0.09055708225219922,-0.16736341199167976
2020-08-06,Rain,1.1386796212407326,1.9915205195636672,-1.3656957659835214,-0.5399600029950598,0.7398172104337438,-0.5689195579296216,-0.4506502974265,-0.6268417134774755,0.15609250711959338,0.15772301193519164
2020-08-07,Rain,2.1282340619327695,1.3920943471588405,-0.34612126891233297,-1.3546499769433218,0.6253902850413247,0.0921069917217676,1.4547089414529537,0.12514181976687025,-0.3798213793840881,-0.7388287420119714
2020-08-08,Rain,3.1851721711661773,-0.3021605251607537,-0.13284140200858105,-0.06933619486769373,0.6160774346636716,0.1300866612521823,-0.3600199420260288,0.1383314362810233,-0.2900019651258192,-0.28812702218635866
2020-08-09,Rain,3.8781745633159286,-0.5810559090443689,-0.6447082203550184,0.056624161581454245,0.8229254294373348,-0.0025823351026873914,-0.17567768974648218,-0.02928895591579683,-0.4750610983898223,0.38580190130079883
2020-08-10,Rain,4.447093993932679,-1.007203278240742,-0.5671826425783337,0.007981277922711718,0.9149126609043012,0.04527874064715668,-0.12226772894179869,-0.10939876428256556,-0.0885060686694647,0.440231097667805
2020-08-11,Rain,3.77474594081142,-0.3009515173659356,0.9335609463275728,-0.8590095457378587,0.9693028693352738,0.5341026604490677,1.378412951540817,0.6121592576015844,-0.5891117757149603,0.8536174181618028
2020-08-12,Rain,3.77080983170928,-0.2720697714836355,0.003160126301611486,-0.49282512046419064,1.19092882928301,0.31920028073454715,0.9393848264912938,-0.18225051734772582,-0.26398571067319,0.313936606536727
2020-08-13,Rain,1.8862565530339312,1.048984860666521,0.08418845928106289,-0.7485738100509861,1.446477582983542,0.07740683852163655,0.3689886786921346,-0.43405898849165786,0.06842484060782807,1.5403033894256826
2020-08-14,Rain,1.2502174562303676,1.5058359734807119,-0.2827469924658152,-0.7529118487090927,1.3442210014758442,0.30298428976642244,-0.2716191095246573,-0.2465161476870009,0.11932797591895093,0.45429918144220743
2020-08-15,Rain,2.163548891277554,0.08299019669828256,0.27341237707752625,0.10344259380291787,1.3726791976493207,0.49131673057575875,-0.305318146389461,-0.26726545113679684,-0.444018518774472,0.27125845023216366
2020-08-16,Rain,1.7987016539229728,1.1264909523388575,-0.300195417898162,-0.9847587762912289,1.5628103110108529,0.4542644702377639,0.4279989295835427,0.1817854136652651,-0.23334460288027914,-0.32239737605601415
2020-08-17,Rain,1.584213427730752,1.2052961360827392,0.3982375528254826,-0.15343846364280625,1.4218026329769484,0.936385533619704,-0.5038450481640461,-0.03186201409906556,-0.7758996326208961,-0.4030408483269707
2020-08-18,Rain,1.2209440531424225,2.485716462402552,0.004349062782285546,-2.0620586943534542,1.8049746268948634,0.8801678475514746,2.123164542282448,-0.10685702755616465,-0.3092969670727423,-0.08948474975306706
2020-08-19,Rain,1.3669420003177135,1.9932266491777386,-1.4925899459343122,-2.6016956913937124,-0.5985676555278212,-1.7229446984991978,2.0919773690267305,-0.31818681260679677,-0.18368120298521415,-0.5874429877678722
2020-08-20,Rain,1.942424755730316,0.13676546070583198,-1.5432310037143635,-0.8108002753983308,-0.7592928032426428,-1.5571215756562622,-0.33222996420480017,-0.6411341036415324,-0.18068953620052658,0.21116535190958088
2020-08-21,Rain,1.5987776018985742,1.460251166634821,-1.1136357381124873,-2.6783026867797965,-0.6425859383511138,-0.9212790275165723,2.2189894932241816,-0.960429969752664,-0.25651329040581905,-0.6037667023001505
2020-08-22,Rain,2.0731730800729116,0.1689123384485373,-1.8576485935657745,-1.5702599977599838,-1.531410148024752,0.06990448240425588,-0.4534629562005488,-0.39746890803018214,0.575418428580843,0.2524079887599046
2020-08-23,Rain,2.9871968568210985,-0.893729929586977,-0.4174705834823906,-0.4576274621102915,-0.7500538783358508,-0.7267046479294068,-0.3122213980790734,-0.14118193260120662,-0.9451269028639392,0.006344627999647759
2020-08-24,Rain,3.749677064811557,-1.1035825552549967,1.2131630975102154,-0.6288323015601539,-0.8870273964975478,-0.15378791992935018,-0.5935143881832123,-0.03154451569161937,-1.1660360471413784,-0.15358428864710277
2020-08-25,Rain,3.3846740032856144,-0.9212004186445003,-0.8240014724709697,-1.0776722926807718,-1.2564435693558704,0.6369033346828273,0.15862811642391525,-0.7052160570576168,0.3839438995228684,0.07527099393552891
2020-08-26,Rain,4.079146361755288,-1.431166923905704,-0.9661155632387337,-1.0152794880421583,-1.367986781843652,0.9094953676154676,-0.7494927007237231,-0.8003616352887328,0.6747497912565614,-0.41161181261193713
2020-08-27,Cloudy,4.584401371262327,-1.750901387554413,-1.0168307095395341,-0.07782196450703056,-0.3918709230913791,-0.42880789254244395,-0.10363512671946054,-0.019871841138523673,-1.1586888763666798,-0.40973512415931274
2020-08-28,Rain,4.241671631826279,-0.6571347528183267,-0.9746226548487135,-0.40654962686415436,-0.08166904907251307,-0.834094403494449,-0.34656090091450814,0.21560327036504262,-0.839244091462721,-0.19983196209251256
2020-08-29,Rain,4.1251460481778635,0.24939755680293316,-0.45595928385504536,-1.3317371219752259,-0.009576982314992039,-1.1274106695568362,-1.0158435149866016,1.8390562851022922,0.41276824612758856,-0.21936616124429398
2020-08-30,Rain,3.573491417850295,-0.6025547042634832,-0.8143147100202549,-0.6330119971897985,0.17441879390702417,-0.6078347237977341,-0.582034261917402,-0.44478315985730876,-0.7082295907743585,-0.4764437849233491
2020-08-31,Rain,3.3945020277060123,0.04324716243500334,-1.4017913800995432,-1.7885700862527696,-0.7719595808287149,0.6776071791415358,-1.3240402973759995,0.7976154603001128,1.110505238963986,0.022809744126194603
2020-09-01,Rain,3.3453620916994318,-2.3308999060167634,-1.390886811147395,-0.8367237133501796,-0.6605002268295773,0.9693745835517228,-0.31008773235220777,0.1720996558067369,0.11127756080583334,-0.15879674460651022
2020-09-02,Rain,3.831003058021227,-1.9994759099204462,-1.9998131133959531,0.21813827463911917,0.5393409182736686,-0.7565298840568354,0.09454037939092952,0.9223041773273617,-1.421413994868171,-0.4436610079854601
2020-09-03,Rain,3.414208979742644,-1.133506209949602,-2.4069854930435137,0.21551511453882452,0.6245461931725541,-0.6600535338809354,-0.07322333311758689,0.5676237447665853,-1.3878570515287014,-0.4201916642859918
2020-09-04,Rain,3.6868630567013265,-0.5002862300204467,-0.8067763220409101,-0.6545754716036808,0.6415365605471031,-0.6003491357579154,-0.7724645645053946,1.478131638762584,-0.3688583189386851,0.49439751987691277
2020-09-05,Rain,3.9692152000905674,-0.4380596841303215,-1.17343494785033,-1.3320089065653475,0.6267552558804992,-0.5846941466560746,-0.7748871002422144,1.9872190998632828,0.2469153781942318,-0.09647946289754249
2020-09-06,Rain,3.5559637398638126,0.3725598041960375,0.5372075989077132,-1.0286960614951925,0.880012753604096,-0.32465762892134564,-0.8184224482499781,0.7751449123668319,0.066557480371353,1.30488524776408
2020-09-07,Rain,0.9719693518316281,1.7112769422347605,-1.0850236561587443,-2.571876897981228,-0.2791675265092795,2.198902453536765,0.449644387827684,-1.0254559224851947,0.36008486063046985,-0.762940247234565
2020-09-08,Rain,1.4607022493765818,2.2015399469241212,-1.481194111007765,-2.1370099591045033,1.4262809664156868,-1.4981736245229187,-0.7222640718595263,2.638223667389816,1.3101560029860289,0.17154949273679773
2020-09-09,Rain,1.904833752628418,0.4473949447393751,-0.4640426465633146,-0.5451204690253817,1.2166633293856852,0.03208520273098582,-0.7367113093290374,-0.7739370473263393,-0.446862608881193,0.664630166592029
2020-09-10,Rain,2.565743737740345,0.10270678212765896,-0.9200403022802113,-0.5405164717062212,1.1751013380321715,0.14762113809798827,-0.6807436364509584,-0.6094541210661759,-0.527337918692172,-0.24212786273550688
2020-09-11,Rain,2.17126680016345,1.7488095246743465,-1.2211254262173288,-2.211303641695402,1.4207057622769108,-0.8417204610952832,-1.1260654362344276,2.6441494225234305,0.7698608374656981,-0.2961675635293521
2020-09-12,Rain,2.136581788092572,0.22106781349101828,-1.6771209719908704,-0.47709470999993076,1.6450360853618058,-0.18852414438956544,-0.4959942684820492,-0.34603544750099197,-0.8232342523181561,0.44476603122252956
2020-09-13,Rain,2.157216729347917,0.16510934214476258,-0.26676907607199096,-0.6198826173041242,1.5119722368821438,0.2955669470420595,-0.66489308246293,-0.10953568300468207,-0.466933757936853,0.2415019747384803
2020-09-14,Rain,2.184936280106565,0.44057153003111343,-0.753404772909152,-1.237020574347376,1.5742493503171227,0.3589517699089246,-0.1803763449250677,0.1930834737261765,-0.24897143154269843,-0.04454137835386411
2020-09-15,Rain,2.564587358823079,0.04943325414159293,-0.6963028251279136,-0.4927450352278291,1.6993083843825871,0.39914505679294127,-0.7590515562866494,-0.028628665728633557,-0.38638977963363547,0.4656771282969659
2020-09-16,Rain,3.391891199513898,-0.5105692742984426,-0.06261304256362406,-0.4253916323561535,1.8044200711425509,0.5282367833438886,-0.6562266658090324,-0.08772768697214539,-0.6360848617957426,1.2300714074470596
2020-09-17,Rain,3.15310707773447,0.8566790994715612,-0.7270867038684733,-2.2628009449326436,-0.7783016176750931,-2.4152470492680718,-1.0808517371909496,2.935386039202358,0.6562765667300678,-0.4306182283387858
2020-09-18,Rain,1.3967704080241914,0.6716557791658472,3.1433063788024214,-1.5213753009012725,-0.6154367197760574,-1.0891221653225753,-1.6020556796523573,-0.4535236918300236,-1.3971567861112935,-1.7501244381622212
2020-09-19,Rain,-0.3246422101060832,2.483829271240866,1.2565286627755732,-2.4831337824603814,-0.25904679270765846,-1.4494834143502415,0.5900159361383579,-0.3804401024569481,-1.0953511695164204,-0.17602252516664232
2020-09-20,Rain,-0.4755170580440046,1.504791221424064,-2.002106501771074,-1.0137190389623716,-0.14749868388240098,-2.01537084541129,-0.5344875182751382,-0.6241006178348687,-0.6747556888999461,-0.4485204804825044
2020-09-21,Rain,1.5376368800290432,1.5341225784744277,-0.6867493479178286,-1.6652743204440044,-0.7937358836730923,-1.1136376277677222,-1.3402157032848256,1.5016147798665282,-0.22516575144141218,-0.03834853948881843
2020-09-22,Rain,1.4669018891785086,0.8619293864418386,-1.1215913753889881,-1.129755594028907,-0.5072574608710277,-0.9428499595566613,-0.936248073860737,-0.7003895620197698,-0.8631688021639016,0.24775472521585126
2020-09-23,Rain,0.969801536719413,1.1010800941979442,-0.6624022428556305,-1.1247697043238356,0.04219267925674205,-1.3742374236776433,-0.819919365891883,-1.1144624009117148,-1.2335299353677895,0.6483691501819506
2020-09-24,Rain,0.30953833218248095,0.4060378814580322,-0.9474480938129461,-2.0247840625983957,-1.125731721264347,0.7253084366562709,-0.7831262525565236,-1.022140109671957,0.5139251210000032,1.13841613328002
2020-09-25,Rain,1.9041378789503693,-0.3246263184083029,-0.448005568907553,-0.9437123262002014,-0.1540930038142029,-0.665879659363819,-0.7121255166713907,-0.769633019919628,-0.6857114772901932,-0.015996351124012535
2020-09-26,Rain,2.051463797190671,-0.12362597546235933,-0.958482024235071,-1.0546468888236045,0.16250915560612003,-1.0491357733871933,-0.5230647324280976,-0.9355551350695035,-0.48857849322283053,0.6693105629175454
2020-09-27,Rain,0.5953839472074345,1.7253569695781557,0.24711021133956146,-2.1164058693792516,0.5577333065055476,-0.9637750242135965,1.1192300346335036,-0.6919250077677123,-1.093790222970774,0.7164345861819464
2020-09-28,Rain,0.4755481202282161,0.8212950785994128,-1.076782502464773,-1.09858896607105,0.6838420439640678,-1.4293034573828742,-0.6869347360361303,-0.8981892812302922,-0.5415179728105489,-0.34064500510024487
2020-09-29,Rain,1.8584351582692125,0.032450849053914245,-0.8494247783084246,-0.5588957774735585,0.25618569591503765,-0.43532428126327566,-0.7881686383154972,-0.4260319997063527,-1.2114177804875255,6.122590419707488e-05
2020-09-30,Rain,2.0895850048787867,0.06364575881442325,-1.4530229789166595,-1.1939459605814584,0.5481580139803744,-0.8804557639278197,-0.773536046854223,-0.26499460012371606,-0.740993593788306,0.7377591401163824
2020-10-01,Rain,1.279924998423439,1.031662845840776,-0.8778842875106806,-1.6337598692852224,0.6223374858923141,-0.45158286745636966,0.2980088390801691,-0.5120270997348458,-0.774635916195273,0.2626904133211406
2020-10-02,Rain,1.6390509644804037,0.3569277960192493,-1.4506304425901102,-0.7391795133599102,0.5571709677938395,-0.6024860844756106,-0.8840550467968314,0.10742059510465138,-0.6410807449425444,-0.1315954757269022
2020-10-03,Rain,1.2395171117830763,0.746973872792423,-1.4132958540098328,-0.861438682783919,0.6093509981030772,-0.2917500010054997,-0.37154190220898864,-0.013721198725589233,-1.2955619246913066,-0.155511842505905
2020-10-04,Rain,1.425491736273136,0.5384754559674374,-1.4696523453286725,-0.7803322517531571,0.8207138475952253,-0.37119481336342774,-0.9128661855378853,-0.5552170041140974,-0.4385204507076899,0.03212400192376117
2020-10-05,Rain,1.1838018154302499,0.8050129909824013,-1.1223267273767932,-1.218204078861314,1.1711089595639765,-0.707145683736467,-0.8892414801587827,-0.47030632310313153,-0.769215312337128,1.089261026583668
2020-10-06,Rain,0.1516468630735992,-0.2011973297816933,-0.07416727078772002,-1.1864360914683494,1.5386440955163332,-0.8947321007748992,-0.6655900466421469,-0.7191794479917712,-0.6548617675302496,0.3836270865619618
2020-10-07,Rain,0.07407286964469002,-0.5716444922850834,0.9666240324619677,-1.2744180007218684,1.4439802129338875,-0.6949281109685963,-0.8656906321527427,0.6218068900499795,-0.2295288408328264,-0.09981981560321358
2020-10-08,Cloudy,-0.19592128373045872,-1.3977244602329066,2.054633302366589,-0.6675031598315864,1.5500324226661288,-0.14505283749796938,-0.57514165937745,-0.665264658457218,-0.6661375458022075,-0.029222474616251354
2020-10-09,Cloudy,-0.16639293175222805,-2.20371126139015,1.892036082272338,-0.7873406282979134,1.5204837611954867,0.018599668865286363,-0.36665689068339924,0.11015540785964642,-1.2782264324906918,-0.582476595104509
2020-10-10,Cloudy,-0.19213283209315973,-2.697187002549903,1.813702930086493,-0.9218673631639164,1.6389696975307348,-0.27061463433781435,-0.00908495343218633,0.2722979573863368,-1.0500575637389964,0.4851439065335705
2020-10-11,Cloudy,-0.17604135455464218,-2.3950133914315774,0.17172274411740185,-1.6799986351888865,0.2804675584585688,2.2305624136374287,-0.7449598887576562,-0.6979773084550029,0.8177355648983129,0.13254948016442228
2020-10-12,Cloudy,0.17411640461197264,-1.3194500901511668,0.39655472689974874,-1.4072446607514801,0.4404486343714196,2.35600309956947,-1.1076988781657808,-0.9502820888313925,0.44721924322158163,0.1378208095148077
2020-10-13,Rain,1.229906008241728,-1.4396305166199204,1.684937225210373,-0.8164257556508968,2.010609885254097,-0.020371679137321918,-0.7102961058625601,0.42208879270358224,-0.7616135407531998,-0.8070894392843896
2020-10-14,Rain,-0.4528244311858003,3.9387324474628866,2.4384139310338484,-3.787288669907587,-0.0821752585527641,3.999751275818497,-0.006194640074152957,0.5558282447601491,-0.6663813868646162,-1.4937696689566657
2020-10-15,Rain,-1.1338071859955032,3.1139585139643198,0.9846168211420259,-2.127671962282818,2.1537223788543085,0.4743139721349662,0.7007309406079065,-0.046279908455907556,-0.9995264152481645,-0.7947567929285203
2020-10-16,Rain,-0.6284868864191475,2.2629064591109826,2.273816541097385,-2.748255415071529,2.417837590006688,0.7361413449573307,1.5866227923375338,-0.616639031620886,-1.0775050639453818,-0.2598247263337583
2020-10-17,Rain,-1.7698637832601467,-0.0503233441331757,1.0732873857485534,-2.6353905553843675,-1.80185321732027,0.7398356834760655,-1.734704150039804,-2.0836921762502176,0.8487013653506916,0.28028301651519266
2020-10-18,Rain,-1.9223454792793726,1.0989355440601252,1.552631200028134,-2.969905624444098,-1.908305028865788,1.311112068301043,-1.2647483141680442,-1.604249416127954,0.323483917203289,0.1953410468807506
2020-10-19,Rain,-2.1459172840867566,0.32785951199250474,0.39103895175493636,-2.556788280603468,-1.5232893016387787,0.6136254015929479,-1.6505156362976479,-1.8415583405813754,1.153839781650082,0.14951272259166887
2020-10-20,Rain,-1.8148609168416305,-0.5538152483172333,0.31702755319937503,-2.4411875233362808,-1.4859481878919645,0.8319756453654564,-1.5580840868085204,-2.0235272641146587,1.2395434650214137,-0.5275795997436572
2020-10-21,Cloudy,-0.23621229245115274,-2.9113849531447933,1.1243224040779933,-1.8607182976014778,-1.703454031047731,1.3125853285181084,-0.8974211026487686,-0.5049044966817116,0.043550381112203516,0.2009671587673499
2020-10-22,Cloudy,-0.2909430939523562,-3.7867853134764355,1.3521758025562327,-2.0121447708702536,-1.6806211629887646,1.3870389333410045,-0.5679368700466767,-0.03159531655920065,-0.06673260968662083,0.01811726232394238
2020-10-23,Cloudy,-0.6523757632403053,-3.5095850945920692,1.7870105167246055,-1.1128530241530172,0.14298032681165798,-1.0716977914127854,0.1594907890735058,0.34280329034062257,-1.2830592717646263,-0.6196770847382523
2020-10-24,Cloudy,-0.8408336997569853,-3.64807403217365,-0.777418282276916,-1.6308790065621703,-1.3099736858752715,0.9499382061831132,-0.05261522973824594,-0.30436459976600433,0.6639151013549677,0.16758245260830962
2020-10-25,Rain,-2.173649209020096,-0.21896079091050483,-1.4345795652264537,-1.8671940274953343,-0.8400209340983549,0.5540817752857145,-0.9420250621175933,-1.5811650785162334,1.0359374977456044,0.8735150533723456
2020-10-26,Rain,-1.6458523805163863,0.6539909320325985,-1.7231808539952873,-1.8390072525554817,-0.9491285760101162,0.8666696869210255,-1.3629155834017115,-1.4509267688027385,0.9893591022015867,0.21827078184636928
2020-10-27,Rain,0.042448339226057175,-0.7575535653434031,-2.07488874276684,-1.1043406192934282,-0.9819137689116904,0.9572332948227417,-0.7410540946548568,-0.3321366083191606,-0.3031002052323506,0.3498518796245303
2020-10-28,Rain,0.1529213508859762,-0.018066221336346774,1.1862957803472716,-0.7974478690203822,0.49268141845571184,-0.7362573903599293,-0.942960239684472,-0.3812480833784814,-1.704513995448525,-0.4794420398327219
2020-10-29,Rain,-1.6688774329087703,1.997552952306041,2.3931729142940488,-2.0828394244282435,0.6179155099325083,-0.3696808873422733,-0.7001206754617598,-0.6464531927125141,-1.1543655761473095,-0.7753777810499383
2020-10-30,Rain,-2.449933909653161,1.9424226896380312,-1.0517881003964349,-2.0430155947798774,-0.8614366755283487,1.508357062054442,-1.3398976611893871,-0.5981472496780139,0.5038126813771713,-0.4835371877594015
2020-10-31,Rain,-2.1487785563182262,0.7298634326538705,-2.7879274561134935,-1.7184181506431984,-0.36221341681326036,0.9024557411253559,-1.0069018011443782,-1.08939373829033,0.8004001534376846,0.5413425398580664
2020-11-01,Cloudy,-1.0801737546679235,-0.16013811376316486,-2.4370599418680166,0.15136682789820177,0.5191585269335067,-0.2473273334691893,-0.3292853613895154,-0.32489644100794557,-1.3631517616359552,0.11106310840616083
2020-11-02,Rain,-1.1507348270332622,0.5850535655798768,0.14616766195913208,-0.631319961702463,0.7757474793874907,-0.16989711107987915,-0.8975850901577084,-0.16055378476560125,-1.8667931961660589,0.0006813263145795944
2020-11-03,Rain,-1.6943349154875478,-1.478360422690369,0.3670667438658216,-0.9667061701666226,1.4919016550913853,-1.0880852836776111,-0.3774951087490773,-0.598975711790616,-0.03103430480135324,-0.5028270873314923
2020-11-04,Cloudy,-1.6119684498536435,-1.866254595957542,-0.614418475059436,-1.6754243252236911,-0.12649293703875997,1.6683390605262345,-0.8560932062141884,-1.1262213956303433,1.0472561173363293,0.40459692336097686
2020-11-05,Cloudy,-1.6267423603444817,-1.755122705315828,-2.193077394105713,-0.3694153523092689,1.1055583505078477,-0.3800174565518995,0.14418524948777858,0.0627540186704142,-0.7977016752201873,0.12101152863910393
2020-11-06,Rain,-1.1234178547099019,-1.2075877479307766,-2.5289611640788636,-0.6041036663367072,-0.31817726080611625,1.9843701305445358,-0.7914263360084617,0.6481993396206855,-0.8380112316334257,-0.14615350239742228
2020-11-07,Cloudy,-0.4760089426467215,-2.15010969689395,1.0744362062246269,-0.7666173321325602,1.5855517073340983,-0.327794605682031,-0.36669532487974127,0.22240859716704456,-1.3886140675132324,-0.09004083468607885
2020-11-08,Cloudy,-0.3968238279881332,-3.128083592033345,0.9702995074368809,-0.8928477795403401,1.589610348317349,-0.2688341159657975,-0.16907957516760122,0.5687609269554835,-1.2712239254928093,-0.6187032032588216
2020-11-09,Clear,-0.667561774654326,-3.9404247692406735,1.6399104421021882,-1.1839747564614131,1.6766411522857005,-0.15629429030382785,0.017381234711364314,0.9499955137406442,-1.3084551659832924,-0.5519957970820385
2020-11-10,Cloudy,-1.605689422587737,-3.220629676103458,0.7363667870932006,-1.443476218716375,0.24205232049976366,2.4878524655556684,-0.7270495218717176,-0.3784084021022924,0.9835437535520287,-0.2370089438727114
2020-11-11,Rain,-2.0209485558117892,-2.4200425636165854,-0.9657582158723073,-1.7263987651591606,0.7113515703635515,1.7074166993378261,-0.73967316990853,-0.38977696351264957,1.245789010632713,-0.21618680337029353
2020-11-12,Cloudy,-1.129168370840346,-3.788840947208218,-0.7705837472296262,-1.64954207158264,0.588800061190756,2.067173364148159,-0.3418455938663397,0.2494535477942933,0.6206529984814027,0.20930494888297105
2020-11-13,Clear,-0.7539546763223827,-4.338684680736863,-0.11184205178053984,-1.8067099754843174,0.5540672403281859,2.2901593296061624,-0.24351232960263144,0.644402063118985,0.40743574581231734,0.47258108496463486
2020-11-14,Cloudy,-1.5686179955685842,-3.4398005529858646,1.2723374171485449,-0.9568022105227871,2.3740014712422166,-0.13410283413412072,0.21071520898214977,0.4365225860725865,-0.5135020033573998,-0.1528539309457905
2020-11-15,Rain,-3.308670724487778,1.9563074142542085,0.011222539913718244,-1.7453701171458158,-2.1918638327857045,0.9623803672103707,-1.3439325894928127,-0.7899378904792491,-0.2942737533322039,0.20793944231315356
2020-11-16,Rain,-3.1317830523557455,3.102407508205573,-1.1335547189238573,-2.296117172101898,-2.3601321929656525,1.4788358741330139,-0.21996234786448235,-0.25450516210608226,-0.9078658282289693,-1.8791400023336295
2020-11-17,Rain,-1.0872524515094693,0.9300614778476739,-0.6423302729132105,-0.14476852251999836,-1.1917267197994665,-0.24922645390728682,-0.6623046791433269,-0.43009112305096137,-1.6144392281772209,0.5224053965920811
2020-11-18,Cloudy,-0.4130678701776526,0.15002137684588096,-0.8754631572229884,-0.5745892538158967,-0.8444814145797516,-0.5798036108427916,-0.8096410483881401,-1.0511316379731046,-1.2408798421022198,-0.2823821687937634
2020-11-19,Rain,-0.7545184290033348,0.42725212114246564,-2.109612863077708,-0.4204934964599304,-0.6501020194122378,-0.9281542511464156,-0.6267569238935282,-0.8008425840672232,-0.7575446918793635,0.28142745234612504
2020-11-20,Cloudy,-0.24207382626271973,0.21500439999373458,-0.6970173324107686,-0.3528067591061614,-0.7557618506807147,-0.3242390652063015,-0.8431380128388288,-0.9750192914864937,-1.2105709946190018,0.19589358710419025
2020-11-21,Cloudy,0.057455129614944055,0.15780515206974252,-0.46157790374912483,-0.40353201646367887,-0.5135848154876681,-0.4510959642550977,-0.8330572930063698,-0.9124380712189889,-1.2418930513487065,0.7904979663663407
2020-11-22,Rain,-0.3771895267005229,0.7158350485524991,-1.1943927926198596,-1.0587440174206468,-0.32341209478200994,-1.097917565938239,-1.1286813185131854,1.077790634495888,-0.17425102851969734,0.1938600887693412
2020-11-23,Rain,-0.3094920201523131,1.0897213122928935,-0.26525084723203013,-2.2679106689626853,-0.30530502969636664,-1.4080016625397906,-1.7190216749984872,2.5660325002722346,0.7164684715086342,-0.059186071525649794
2020-11-24,Rain,-1.4915897002012528,0.71686724463676,-0.8799175727929404,-1.0877507882955226,-0.1383626199778056,-0.6469409991777788,-1.203576489534461,-0.23170754643211453,-0.39420672464856404,0.14904746411607234
2020-11-25,Rain,-1.1295397286578617,-0.2432431858709106,-1.3314266455960455,-0.6083874993161544,-0.2928990778665852,-0.3066062334395421,-0.7467759450988505,0.15712240713752518,-0.8082349076582996,0.08677106731852757
2020-11-26,Rain,-1.0065713444098603,0.4291409720758558,-1.3608624411634884,-1.3052955617940676,-0.04468630877588049,-1.0411536978743894,-1.2751316962884733,1.9805602583186177,0.22552482896673856,-0.4719588499083649
2020-11-27,Cloudy,-1.5133964661533952,-1.3812320091051338,0.15890829864768866,-0.5101416000943397,0.25638070355613324,-0.48281412256872175,-0.3233586964751601,0.0537560562461231,-1.4698735542681751,0.576617707840958
2020-11-28,Cloudy,-2.69606049164613,-1.177985676922053,1.6536654475626595,-0.707867838549013,0.6118216460409913,-0.5797016186154446,-0.5020232730149894,-0.8556293724065513,-0.501274453720426,-0.14053302697075554
2020-11-29,Cloudy,-2.750090268571588,-3.1843743440857755,1.638658882453405,-0.9874859558375397,0.8733907008296573,-0.9579872302439438,0.149804828238377,0.05769584158929277,-0.4397092215240153,0.3474662484691316
2020-11-30,Cloudy,-2.7050347254710903,-3.4364081760684964,2.1907160116883215,-1.1869065578245526,0.9693572933189818,-0.7909801058886937,0.0876203687452658,-0.010672733023241902,-0.23424020213238553,0.225287839816347
2020-12-01,Cloudy,-3.5365355924250808,-1.9378255032725789,0.8893076296986698,-0.8914517924286006,1.1099466413053662,-0.7771835804410208,-0.2023722043455511,-0.8058340294488299,0.17278826579587814,-0.01349600103299974
2020-12-02,Rain,-3.8564843892576652,-0.927920650392763,-0.12548384822022526,-0.8350042033923909,1.1021715250618707,-0.9261385966901313,-0.27724205678250785,0.055841905486605656,-0.14625494400505556,-0.19884370499033763
2020-12-03,Rain,-3.1334973832460755,-1.7063844966231045,1.2554917527181972,-1.012313321931973,1.2355754429869044,-0.628489033235168,-0.39116428572340406,-0.3645341181008115,0.060067020857598165,-0.3457415992622399
2020-12-04,Cloudy,-3.9799395970872,-2.1477123808549616,1.2332572671973245,-0.7944295780763702,1.3517845121277379,-0.5812811798576514,-0.004052328241997258,-0.5477183891437898,0.08719726832457304,-0.05125990556821025
2020-12-05,Cloudy,-3.9543943651114857,-3.318737467336802,1.2268733817138096,-0.6948702815381387,1.2484594499337474,-0.38124740481939745,0.5033123063100218,0.5082537992137364,-0.414478961141439,0.6299773006113103
2020-12-06,Clear,-3.694806386606993,-3.977289535766615,-1.1661338423280094,-0.6322258161968501,0.8918064902800075,-0.07021526872503683,0.9981564301504069,1.1197206120721943,-0.4683042623681149,0.1729632845488115
2020-12-07,Cloudy,-3.044458790334594,-2.6731593387670958,-0.37781659928763206,-0.8765648530348058,-0.2881612253232965,2.396534535418207,-0.37223774143878025,0.24997599180199967,0.24988362693633298,0.3271090966540241
2020-12-08,Clear,-2.9806658072065777,-3.046159341331105,-0.5668974733138372,-0.9653678267938129,-0.34037412560754376,2.4359130237965525,-0.21728356636139898,0.7789434062229724,-0.17586187513247215,0.6913186595572497
2020-12-09,Cloudy,-3.26302014943444,-2.5538905262327707,-1.4036426339668218,0.2636283336605411,1.1586426369279526,0.3056751528794145,0.6412661221891742,0.9843181999131844,-0.8986277997582754,0.41034508143599063
2020-12-10,Cloudy,-2.759901792349303,-2.0306800958443967,-1.6385545358578086,0.2859830962799698,1.3614106012496867,0.2363248811559244,0.29802314653965145,0.845096399355823,-1.2488238887112242,-0.7041957435553136
2020-12-11,Cloudy,-2.5043408794567354,-0.6468737762838738,-0.4819846170894892,0.6779899637764457,1.0893213092234397,1.1440466900347204,-0.23346081024009654,0.40801577640382364,-1.2370507664516202,0.7139773570218628
2020-12-12,Rain,-2.1704573240124736,0.05824901561371364,-0.9346268190474389,-0.030651267649100675,1.374086289889831,0.841947061852422,-0.6450368495976352,-0.007134154329665476,-0.5908595603593638,0.15573515119950582
2020-12-13,Rain,-1.5684119534278544,0.39548395480901016,-1.5566265603453955,0.12384648888298737,1.3858000009100728,0.7419792402302203,-0.6244050223416342,0.8879460200187734,-0.4875487228073151,0.36781385884882795
2020-12-14,Rain,-2.4898748680458653,1.4750233147969565,1.8400132861341931,-0.44104676890696476,-1.1125729380078169,-0.560156248971868,-1.2986227043894953,-0.7562308439580724,-1.8835027431183424,0.22664160364278144
2020-12-15,Rain,-5.2861073850391405,0.6773935629645381,1.2440826492786055,-1.2582583650112045,-0.5714630139007726,-1.736410797498267,-0.665033160059614,-0.26036227746783197,0.3046414129874008,0.7105486740310339
2020-12-16,Rain,-6.058605660288413,-0.3186106333714214,1.0918113628211337,-1.3173562962640522,-0.29273950491146994,-1.9352673073270499,-0.2717955532886439,-0.6389573557790101,0.7812826651160647,0.10435524424095156
2020-12-17,Rain,-5.908263739019852,-1.0051338078553638,0.7615918253772697,-0.9028836944313726,-0.1347643736760708,-1.8854488588854474,0.13921487107952796,-1.136806357567058,0.6739520994454795,0.2000013469696951
2020-12-18,Rain,-5.907869698217013,-0.8356598035158416,2.015335637753886,-1.007149197250524,-0.18936760828249607,-1.4881788696651717,-0.12407545865212531,-0.7082206716771179,-0.1907504352857359,0.2646970909446627
2020-12-19,Cloudy,-5.3061506305597,-2.0945892137135425,1.4321358980558747,-1.8321709780853357,-1.6600185370804028,1.2179226951522282,-0.7488810148938905,-1.5097104572772155,1.6029893076040562,0.0019746372075451183
2020-12-20,Cloudy,-4.820533682743859,-2.90849138890582,2.075473343280958,-1.8672308726255298,-1.66510645738372,1.4385759956317052,-0.7170860669210213,-1.0049119596000629,1.3918716278954937,0.12060687012415353
2020-12-21,Cloudy,-4.0740068000309755,-4.378259640554795,1.65468061006367,-1.7464767177080138,-1.770234641027195,1.5795769967408404,-0.2819146006796061,0.0747872607272994,0.8672991150902228,-0.3759222968315588
2020-12-22,Cloudy,-4.170428873506302,-2.890936356017435,-1.1080077334169602,-1.3783785126376649,-1.0973281474162913,0.5235110711634988,-0.04427954301099641,-0.5890697598700765,1.0267778099079665,-0.6546102669859817
2020-12-23,Cloudy,-3.746162048115151,-1.3223350064166235,-0.3295067818061579,-0.1523991380040821,0.0536467981120993,-0.9342344984837075,0.012290050194852105,-1.0318608859503193,0.45086787600254946,-0.2533257465742827
2020-12-24,Cloudy,-3.5577319518104034,-1.535783560314361,-0.49868040022537535,-0.41892899476969414,0.4120337342274725,-1.422738703935599,0.18709572136524869,-0.6630944219072968,-0.10981702279658562,-0.4427497724419854
2020-12-25,Cloudy,-3.275856726396427,-1.8810001460951413,-1.150896872355748,-0.18073821149245425,-0.1404608107954808,-0.5273903053058622,0.2393255100976916,0.08908111904403232,-0.543023627049828,0.11066489487160713
2020-12-26,Cloudy,-3.7174606310059413,-0.1913586017970755,-1.6755650709330627,0.6754952861249037,-0.028018955542047228,-0.46611647340251977,0.060279272376778194,-0.48188088999838413,-0.6155040154360665,-0.15099493470910347
2020-12-27,Rain,-3.791357998419813,1.7502438028031455,-2.4212266939132823,0.8283548722831767,0.11174486768765665,-0.6370339582701905,-0.40626935222035326,0.0510028211728195,-1.0990343854225106,0.03241868740603552
2020-12-28,Rain,-2.2551075682165873,1.674675919657156,-0.32904240899554665,0.340240485895364,-0.3248646850797311,0.37423672681309006,-1.0943506359070478,0.4048224741141937,-1.073548335466524,-0.019682500039321812
2020-12-29,Rain,-1.5699069427392238,0.8621202713311765,1.5471172518169678,-0.28874803861666726,-0.391714717219036,0.9261078555733429,-1.3941403491701487,0.26856540225035874,-1.6226683025548072,-1.6167948213270638
2020-12-30,Rain,-4.359057080062183,-0.8316543166711956,4.608187747071332,-1.4930605881208465,0.7316708303349466,-0.1302551965099109,-0.9503900683575142,-0.3933212311976046,0.15507606214863237,-0.03605327117080424
2020-12-31,Cloudy,-5.228544656619655,-3.798844355838349,1.6687457836118065,-0.7624501675632005,0.6846568616708079,-0.3006576221599721,0.47217577743265116,0.21488444515431504,0.38526574915841844,-0.7217527102389479
2021-01-01,Clear,-5.336153191879287,-5.126235843258568,1.0234024620488265,-0.505248306001642,0.7963908795809809,-0.5664034069358076,1.2055694423162777,1.4044789846062826,-0.26616565729560476,-0.5049210631503651
2021-01-02,Clear,-5.141998847514442,-4.498459216497154,-1.1925106180111522,0.10303601337180804,0.4344159164446377,-0.0647836018338207,1.412044976336149,1.6959518130563915,-0.5061363780779976,-0.20463420068754914
2021-01-03,Cloudy,-4.906049277479167,-3.0521632683129436,0.5603715914484131,-0.15694047516446158,0.7695516506508133,-0.02108084164365063,0.6696332376335786,0.8767761552775595,-0.5341339737498839,0.48073970753275225
2021-01-04,Cloudy,-4.40033636989364,-3.1950134394698444,-0.6196864853817463,-0.07936560382018337,1.31095153226591,-0.7017042930195722,0.7780419944479234,0.21411087465033118,0.41060944857780246,-0.8295946985397185
2021-01-05,Cloudy,-4.6618933350895775,-1.0420085079849795,-1.8030109094373103,0.04638037507878057,-0.28040737949291905,2.153931289181966,-0.3351347851875214,-0.6715791545453518,1.210166218874784,0.11529530074915753
2021-01-06,Cloudy,-4.686909311967225,-0.589099881761612,-0.48237275305161575,0.5042102914892259,1.5017697531950305,-0.37964475606835096,0.1437333225040611,-0.659096244861304,0.17267480838312613,-0.4428838481671087
2021-01-07,Rain,-5.552613489304584,-0.3616859939821123,1.3620512602428205,-0.07056620246560572,1.4751649644250935,0.031686721120523335,-0.15515052564232096,-0.36835741033293684,0.24937040012107697,0.1694545898002701
2021-01-08,Rain,-7.020642252469636,-0.549701909084025,2.6745033409511523,-1.330266518378083,1.7655098668692337,-0.5564970401649573,-0.433453796056427,0.9405382748434241,1.8355487879068078,-0.02168928957069541
2021-01-09,Cloudy,-7.331156478777681,-2.7405007798884915,1.6172812028334256,-0.6093994932576525,1.94788399268678,-0.19107423420625247,0.5553491407823709,-0.7602466929372838,1.6437455283438338,-0.8669663809496088
2021-01-10,Cloudy,-6.796577784625435,-3.1787517939652705,1.436726298917838,-0.34617721638940085,2.101872071586329,-0.32192377671924394,0.7288879340846635,-0.48952887051824157,1.5508482582143035,-1.257123540528281
2021-01-11,Cloudy,-6.253010142718663,-2.706746852762707,2.6651191198929958,-1.6993072916142709,0.45951133653401655,2.8187183971406573,-0.7412448669381762,-0.9365874977328168,2.1707820656829173,-0.4895426906356677
2021-01-12,Cloudy,-5.127098090987728,-4.397436193916384,1.351739739103536,-1.076229213263178,0.6380027609144457,2.3444947817433603,0.1452444426207203,0.1401433274211658,1.9971578781009907,-0.31649133687062236
2021-01-13,Clear,-4.439029132568606,-4.463295270709293,0.7392253197371562,-0.33903791273794104,-1.4628478747384752,-0.6811098575109432,1.0611127278263404,1.056645495627318,-0.2670330703482658,0.5075528921376485
2021-01-14,Clear,-4.1698036976411395,-3.6511584480755426,-1.1527078092393857,0.16161364195113162,-1.4913365299002665,-0.6903612686659596,1.135113200683325,1.0468277110128388,-0.5107718343076431,0.03498434979228085
2021-01-15,Cloudy,-4.546333933594741,-0.8695092505845305,-1.1588804987423054,0.9729046821362717,-1.4565368961539222,-0.3979259674692521,0.5253705843059304,0.4485287968952175,-1.2719523604132537,0.4298797174031001
2021-01-16,Rain,-4.362848628059895,0.14292674991379414,-1.8146280519187454,0.6995441350050412,-0.6794560012627666,-1.3643164728456312,0.1553239460672255,-0.09662696408179365,-0.7620415681283367,-0.6060694040156234
2021-01-17,Rain,-5.363315475682793,0.6785060137601205,2.640000144264438,-0.44282199770554315,-0.6831005463931858,-0.6830418431052587,-0.6424557446838796,-0.10425678071085898,-1.006997052282543,-0.693425817386222
2021-01-18,Cloudy,-4.473417822656146,-4.810856915521011,0.19211103811839714,-1.0302965053422781,-2.0679722410013777,1.1893711991625862,0.6064397494324089,0.6411857248848885,1.0638666531440923,0.07982159584856963
2021-01-19,Clear,-4.110570299878225,-3.5471010542288144,0.26171068810970516,0.3486829229147115,-1.3008599631842725,0.060238573286912615,0.9939332639367415,1.71198082770583,-1.3936537095576405,0.1731546534106149
2021-01-20,Cloudy,-4.588851436853076,-1.271553958156822,-1.5086365718800234,0.7887183790492939,-0.8341488937762317,-0.4527097150795449,0.647513081486634,0.5536332592012116,-1.0628990367917566,-0.10256154381811253
2021-01-21,Cloudy,-4.50633178263892,-0.14498930040303284,-3.0984846403378223,0.6775609479820973,-1.6995621392759224,1.0502288422092878,0.05075754978712085,-0.17426593276772703,-0.10430297091957315,0.4972518605406485
2021-01-22,Cloudy,-3.3559350073245016,-1.2637501940283349,-2.3235917291194474,0.5088623242261797,-1.7670691484428833,1.3829575155473444,0.0928818142523616,0.6701956019987577,-0.7389675006216994,0.2698141020899594
2021-01-23,Clear,-3.3800183635056458,-1.6704899138000662,-1.5709556916774428,0.9347285699938043,-0.7151233603109894,-0.09133970548944766,0.6386319331411034,1.0658528472472009,-1.431591849197003,-0.25614270325172184
2021-01-24,Cloudy,-2.5213291968821268,-1.3447843061817746,0.28933729610837317,0.7494638507014264,-0.9130222906627428,0.641624817201814,0.09347509433199487,1.0312134378048374,-1.7657490086482197,-0.11591370288407221
2021-01-25,Rain,-3.22042747092882,1.4001880686697712,-1.6457186534460055,0.8830348800429482,-0.5388034510544588,0.03876613213287823,-0.4270886973923261,0.20618516634524248,-0.6299018471075017,0.4385534366092553
2021-01-26,Rain,-2.2002540221105775,0.5363794057032464,0.2259403190886909,-0.2325671906130152,-0.4449259151006555,-0.13166459387792348,-0.73351653944595,1.7484801948816737,0.2495389211951068,0.6764183807117397
2021-01-27,Cloudy,-2.8094316603776597,0.03203836883118435,0.10172599433088059,0.3303591688789421,0.04001753190339515,-0.08350694914483515,-0.20730895096900026,-1.0456591303745757,0.296736450193621,0.13107405893616283
2021-01-28,Rain,-4.100948233377515,0.8317872852020874,1.9757389194390413,0.05345502175951695,0.29218886930028115,-0.12665517800596632,-0.6142585556751252,-0.6898297934824386,-0.2972666092499842,-0.02052226962358951
2021-01-29,Cloudy,-3.787095643772657,-1.0554970875954997,-0.3213504324293875,0.3150994136114656,0.26526200349050166,-0.2527305875320895,0.24541667746018256,-0.5532610470878428,0.4992607951919691,0.21536775613427853
2021-01-30,Rain,-4.436928352033156,0.7077816013741809,-0.8079579832428343,1.0962928737934434,0.09953148383410995,0.2105782510407312,-0.06172899337129142,0.04287681785428006,-0.4829949718651889,0.06618720077662524
2021-01-31,Rain,-4.439323652314587,1.395224843432156,-2.026664984863145,1.2423010483754406,0.1394847685952267,0.33666284304798294,-0.1504057514659617,-0.2056706558047279,-0.41747611188151046,-0.5492721039356847
2021-02-01,Rain,-3.110394991445049,0.6945478790509726,-1.0536430677790292,0.6946009818766526,0.1460111972488046,0.33532233177822257,-0.3415518601086853,0.7099002273755525,0.04917754525506601,0.20631392395736872
2021-02-02,Rain,-2.926649249977362,0.6017333042711646,-0.9581635751947001,0.3296020633253252,0.4099925320615004,0.06463486488040464,-0.40023940572560757,0.8455283143371697,0.5099902312778664,-0.17997575100444912
2021-02-03,Cloudy,-2.5390470502948865,-0.7655881679792212,-0.6018219873237479,0.5644950917830618,0.43227622975907554,0.5297003882237434,0.1058237182504383,0.2221866276346578,-0.45536467673639036,0.6288055306735179
2021-02-04,Rain,-3.112864298438971,-0.1328754939338675,-1.0837003213854441,0.8119444537966022,0.5365188434080773,0.47770962188037863,0.0554003557846402,0.5133984218916833,-0.4772996414139106,-0.02393281628732255
2021-02-05,Cloudy,-2.666180837394634,-0.9106257779903485,-0.9745449439293834,0.7615027641413659,0.6576498580712739,0.4924130496366079,0.28666851685344047,0.32887637692325106,-0.3687874998353579,0.4490330839983723
2021-02-06,Cloudy,-2.404675383891992,-1.3936641369944598,-0.9246951996084536,1.1952825771191165,0.6244444491733321,0.7577422955358286,0.5308427974713302,0.8225232862552904,-0.5688933858716392,0.3573250931072246
2021-02-07,Cloudy,-2.547644877184833,-0.956647348953581,-1.2756928641830885,1.1743700831106245,0.8818412782841358,0.6725466435144678,0.38220991695532,0.48453916419869714,-0.3740902838213464,0.037370817149064664
2021-02-08,Rain,-2.5119300677594523,-0.22157784251335724,0.008273651078660736,0.5211383222466326,0.00833132691649012,2.2058299800426764,-0.22423122162606965,0.8608320022829112,0.48399600281863747,1.9655804091318045
2021-02-09,Rain,-4.303055601934907,2.3885079329832997,0.5482090268960095,-1.3719812821540367,0.09709768618562467,2.6934362255041533,1.5187875953881471,0.5283153395635564,0.982516828622046,0.7415114421934419
2021-02-10,Rain,-2.890675525604655,-1.6951874341955746,-0.6474305725667545,0.7954187056468084,-0.03553274369455798,2.5844064280217736,0.21114719115660982,1.276211058105089,0.13699747116451796,-0.30423627256030245
2021-02-11,Cloudy,-2.8280307441602566,-2.0498500324077717,-0.7890853607954931,1.1555242066797844,1.4375293352742509,0.5528499175712778,0.9400760242750695,0.8831889634177009,0.006786999824536132,0.5338088544109729
2021-02-12,Cloudy,-3.252995664724743,-0.6662963283469476,-0.4739276005645744,0.4646775543145809,-1.457941580032447,-0.8648498641032553,0.3543524230352224,-0.33236152401211466,-0.27469369956371154,0.6613020997688331
2021-02-13,Cloudy,-2.7904724294883185,-1.8344761533811762,0.4483013135800832,0.5377052883001693,-1.4464108698633213,-0.5740041233037302,0.567127072692922,0.11518719041160853,-0.22590188554231894,0.03404740120572509
2021-02-14,Cloudy,-1.6887528278734554,-2.721378441357074,-0.45826221600785577,0.06198536104536827,-1.1890558217435674,-0.9115433872119675,0.6998487664861274,-0.11277768278691629,0.6656490610519548,0.05040116356425729
2021-02-15,Cloudy,-2.6772539925269934,-0.09576695576882037,-0.36479238574234124,1.0944939670500147,-1.3916778785179031,-0.2938690002543198,0.2102954629640562,-0.18193546034150587,-0.7870983381273285,-0.6750061010335415
2021-02-16,Rain,-2.94963960419154,1.0178535345324367,-1.0013482675632013,0.7249148013743392,-0.9134742682510069,-0.9988464301567617,-0.08006139904208735,-0.33067234048286503,0.0935073827178567,-0.5938790279299717
2021-02-17,Rain,-2.9407290028626383,0.6243222476608175,1.1676681391975445,-1.2973137168718836,-2.042457300174199,0.9026917180285174,-1.2451266547561806,0.5920479434220269,1.9405059923186903,0.2605366420828699
2021-02-18,Cloudy,-3.1548008015108495,-1.4063635296255577,-1.1879326110938855,-0.30228098661015496,-1.412282883211169,0.30955102888865227,0.11138578036667472,-0.9221889613901812,1.4665617444184753,0.24937191889745683
2021-02-19,Cloudy,-2.9590516662894637,-1.1443420454573676,-1.139623856316953,0.898189149413837,-0.9859755276112293,-0.2537355311592357,0.4419630466984315,0.13453288207315192,-0.1934308362148109,0.1578740847582806
2021-02-20,Cloudy,-2.3761549474115955,-2.5888818610226205,-0.2823389194118913,1.1560929786345076,-1.1980476211225373,0.14139097854111227,0.736454329531256,1.0121105886923814,-0.5106937143913429,-0.215799111960111
2021-02-21,Cloudy,-1.29902583899573,-2.554851404537877,1.4949771152707947,0.8786787116920743,-1.0771964398395153,0.37913976153212936,0.546823222365112,1.2033123366165577,-1.0037499998165886,0.33959878582368663
2021-02-22,Rain,-1.9501458375394716,0.30638606048948225,0.5582605351506353,0.7943538397647,-0.5906662214735725,-0.07667012115790212,-0.19870796609917982,-0.4729473498202382,0.32802035383594563,0.5127442562694237
2021-02-23,Cloudy,-1.814662945653419,-0.26100022832117037,-0.7244837916220669,1.308642326073685,-0.45745874460566216,-0.1285999014075949,0.20936512086544337,-0.6550211733370864,0.4153662493148718,-0.3808145405789546
2021-02-24,Cloudy,-1.307155728961463,0.34034167042690544,1.8769122524135184,0.6748510965269207,-0.5949398554665316,0.5812214820271441,-0.4268814533136022,-0.7544118463626565,-0.1741254073403108,-0.16873587509331525
2021-02-25,Rain,-1.0512420005697636,0.8036097998073518,0.976144642463347,0.9415249319873993,-0.46389704814038474,0.36337503264909227,-0.3546649924028539,-0.5615442181254205,0.09836625534454928,-0.50975331354523
2021-02-26,Rain,-1.0355256335483853,0.9168452907888407,0.4784033211495889,0.7190604084067598,-0.32363985051912814,0.3028332640430366,-0.4319073611281818,-0.4789487253344082,-0.1132302327878763,-0.6699202746334648
2021-02-27,Rain,-3.122414415510429,1.4853845149130382,1.3180652216730953,0.3281870891455833,0.12101926890800384,-0.1102369588967016,0.06709961507641896,-0.36079211503195896,0.19068264345486166,0.09174589239713314
2021-02-28,Rain,-4.394692247776211,2.3267275422612532,-2.272393983214012,1.9306517199101918,0.07608707576388701,-0.27078462659655145,0.32395626624198953,0.007776533093841177,-0.013987580141000308,0.6042190533596364
2021-03-01,Rain,-2.81450718895932,2.4076532679228357,-0.8795050786992887,1.2789969481437207,-1.576579987934264,2.787398550575936,-1.027845864368106,0.1489801822874514,-0.3216068368769829,-0.9740567249892175
2021-03-02,Rain,-3.1310751092003564,0.3569363421542673,2.1842850654117156,0.029076658955364213,0.8736173209215876,-0.6648179984299715,-0.26866903469797715,-0.3067132279532056,1.4270340911111523,0.4370938072842279
2021-03-03,Rain,-4.106301370845679,0.8870454700973248,-0.5936812701386969,1.0706083176496966,0.7308536379067596,-0.3806842343282798,0.2508959098804316,-0.6428671331493476,0.7624421868563671,0.23424641716881356
2021-03-04,Rain,-4.205134005829462,1.5440888345006787,-1.346619802302163,1.4029918284618073,0.6238786618373346,-0.20974143525481778,0.5209891188016936,-0.05072927253172249,0.43922040413667185,-0.25386209126262277
2021-03-05,Rain,-3.513785599337743,2.011425772330516,-1.959849727535234,2.4966793496007433,0.30465905282709005,0.5771050814799341,0.22816520867118653,0.11878181761660539,-0.5359852845634875,-0.40100776666023047
2021-03-06,Rain,-1.3817887563992817,0.9879875054584631,-0.503866474970275,1.9209877080586508,0.6957424186540558,0.1658961434533439,0.12479910507040415,0.6789163705235639,-0.2941162961861905,0.5317272670653265
2021-03-07,Rain,-1.8496996143628912,0.6382638608975127,0.6178753867056075,0.5791803547748013,0.9489908488396642,0.28063724500450743,-0.27946414425166716,-0.5441717841022922,0.5689928748186381,-0.01673758193537605
2021-03-08,Rain,-2.4767005104216717,2.1785580838069594,-0.6347325688360925,1.7008647079245716,0.5231309930358276,1.0046323368638412,-0.32955303390010227,-0.31294219171038146,-0.13525350225492128,0.6350330417859048
2021-03-09,Rain,-1.0450489542312897,2.6247721014304,1.047104231922161,0.5646895147263786,0.41033291344123346,0.8177816473893333,-1.2373893977592665,2.441703591659796,0.887423990326849,-0.37109270570463565
2021-03-10,Rain,-0.7754519432059799,1.2449533282596998,2.0641399678657097,1.198819399180543,0.669689797500196,1.5120492100395597,-0.6880309389838448,0.00679602131224823,-0.42402206349732147,0.36742070407832234
2021-03-11,Rain,-1.275044117589165,1.0557807063425448,0.5887396837874406,0.9683157217021693,0.9504982393415433,1.0796759428765537,-0.3614061503609771,-0.2440358573521502,0.16991667093701973,-0.11271528227811972
2021-03-12,Rain,-0.6539244556898977,0.16249240952319516,-0.0416466154658799,1.177774265856109,0.9240000806660892,1.0031004024147385,-0.12569799531169462,1.0876320505232497,0.5414975721694683,0.3588624082260003
2021-03-13,Rain,-1.400327407505924,0.30076953011497265,-1.0507098003822077,1.17352765600082,-1.7645582123406007,-0.7408628390121089,0.20411836777727183,-0.020732174350636814,-0.3219085052439224,-0.13175244696721405
2021-03-14,Rain,-1.1643453822074696,-0.5413795063430399,0.05996102071240856,0.8518814968674352,-1.8436427721231747,-0.38461678069091837,0.3149083123973873,0.6689781025730603,-0.7975918590876169,0.40531609883287445
2021-03-15,Rain,-1.0370381583950583,0.831201987267493,0.9801632575458513,0.7277627535353629,-1.7170669125011386,-0.20569102366282102,-0.37319762346600605,-0.06048573420564474,-0.15927217672123567,-0.5734442892005089
2021-03-16,Rain,-1.3964105583204016,2.301153928856376,0.3923889999255601,1.2136747592249528,-1.7337451624717264,0.02427876824339975,-0.49477832962251206,-0.26926208167612853,-0.554081353939043,-0.39352159811129683
2021-03-17,Rain,-0.9001239042941048,2.336569913562987,0.6076828647025997,0.5279276080230241,-1.4823262323971442,-0.44976494241203663,-0.8755150941695362,0.441731260784924,0.34823929690593897,-0.44792274497546164
2021-03-18,Rain,-0.8107452551146084,1.882508903404502,0.0699316179213657,1.2599417140170097,-1.357910342870535,-0.2097403339783593,-0.40223189494998063,-0.323196546063028,-0.10949842823782495,0.006600406871398837
2021-03-19,Rain,-0.37193990890759965,1.8197517642898713,0.8780187919097772,1.1094998456280494,-1.306911015391745,-0.015345856871545119,-0.5507494644319145,-0.38966506771822224,-0.08809996177298378,-0.07620914375302151
2021-03-20,Rain,-0.9915495843453095,2.513091460782685,-0.6415353790904441,1.447441173848571,-1.275816209748814,-0.012631071783469283,-0.45355197148907717,-0.39303932125942576,-0.27403611220001256,-0.4987049312028311
2021-03-21,Rain,-2.432720677439168,2.3530861344719245,4.385415602286476,0.06998441859807118,-0.7704415206911797,0.14340857248486044,-0.1543407588703225,-0.33957737880910843,-0.7644446853335585,0.47224186420509606
2021-03-22,Rain,-4.099761355130467,-1.1217331830013624,2.422725564809872,-0.1392670506641607,0.1682428323243256,-1.3504096701344819,0.1882834114612054,-1.0086999966227705,1.5647683394334,-1.051049809142518
2021-03-23,Cloudy,-2.650272382534616,-3.4630439660962593,0.2700383341263278,0.6440318406316079,-0.23647176093134858,-1.0059530712116576,1.282964493580541,0.12419492207519083,1.322707227058781,-0.9886610108533905
2021-03-24,Cloudy,-2.6089685669353773,-0.6732511050669506,-0.5155487858603065,1.606187881441807,-0.6807960396407284,-0.05800727292783014,0.6431018077255205,-0.5225306903369387,0.852760097121065,-0.9370843371965027
2021-03-25,Rain,-3.0421125668044526,2.270481831065649,-1.692796765573939,2.1927780661164844,-0.6297916050811205,-0.046288933016962346,0.11247191111484194,-0.37905103783825544,-0.25895460886869753,-0.08914119674034574
2021-03-26,Rain,-1.7383021511246726,2.7220937410810393,0.10620015095469015,1.4580774459737216,-0.8577080876844436,0.5781131415765144,-0.5680485223456897,0.21359787873004213,-0.27566475864455375,-0.2553377316599972
2021-03-27,Rain,-1.1789246440205923,2.60178267327688,0.045987408735848695,1.7427921745891017,-0.7765067053983062,0.6923311088117136,-0.5008238485861072,-0.07138731245257941,-0.44635703679724714,-0.254894229634091
2021-03-28,Rain,-1.4274453617531968,2.968897353229768,-0.9732974783466074,1.7393614445544763,-0.611376310155552,0.44571599493493064,-0.4861019558767012,0.10760115949588483,-0.16119635275947522,-0.900535663660559
2021-03-29,Rain,0.5656620844626039,1.3006166428706816,-0.7750078038646995,2.5762859105384104,-0.5934219635267259,0.5926491709328213,0.11164704602986392,0.15130010255711665,-0.4521038358582792,-0.5472642555857998
2021-03-30,Cloudy,0.5293546696057758,1.3988106246329481,-1.1808460371018674,3.0996963208900508,-0.41442170345793705,0.6727649413257974,0.30909317328012176,-0.06022575202154992,-0.7020339747478719,-0.3825517360237845
2021-03-31,Cloudy,1.4811475345097265,0.732833345696558,-0.09292799199318577,2.888530546385065,-0.2937483728404096,0.7103748792753375,0.347027632874762,0.033439226830281416,-0.55095624062926,-0.10530353876888451
2021-04-01,Cloudy,1.266182503249661,0.6139317308587587,-0.45422296150082847,2.6491750404324015,-0.11634817831786566,0.6415827824731626,0.38770697746097393,-0.15239932425380062,-0.15684063741145876,-0.11485347779282618
2021-04-02,Rain,0.15418132218535535,2.284174852043486,-1.0288758657383659,2.2408203250713634,-0.04781567064376303,0.6214300861710551,-0.23020738254551099,0.044353463345402126,-0.08566806168571994,-0.3741713531692884
2021-04-03,Rain,-0.3259680338765083,2.7273384858401544,-0.4648128253942693,1.518698880463691,0.2799051559112003,0.482593112801546,-0.49095464666950134,-0.421383273274663,0.10881759310075895,-0.14919429317951977
2021-04-04,Rain,-0.07050614098475479,2.6944694562395424,-0.3244227420215882,0.6301310316507963,0.3159925243564939,0.17062059096915774,-0.203353031605412,2.5577764089726283,0.952953373805635,-0.3429745131584565
2021-04-05,Rain,-1.085700847115903,1.0764257125474275,-0.06126591413441086,1.3312891843529802,0.6753326364698518,0.20612774519992655,0.6038416955474436,0.20484563897916708,0.4031528193348796,-0.42149896827700234
2021-04-06,Rain,-0.25401690343891675,1.00228802527239,0.9738783842918395,1.325185854749385,0.596022985113342,0.7478804239199102,-0.17634863264947323,0.031151613979032357,-0.16371696941921765,0.42940869543695054
2021-04-07,Rain,0.3839484531838482,0.40070818487970583,0.29167499115733847,1.2685938547665505,0.5951896092472098,0.8514583429790141,-0.010470712402084817,0.18283129106641294,0.10353501895049878,0.035485260074961444
2021-04-08,Rain,0.8847830451462596,0.5615394254200892,0.976379248356818,1.643476134343592,0.5801796919887601,1.1478539017449458,-0.07648744822210908,0.20650322169161825,-0.020850119508213857,-0.145591276257541
2021-04-09,Rain,-2.1936531766681258,1.9814721219481402,0.7645205441604879,0.7867445736352274,1.594470098133269,-0.11513395575412902,0.7017803960324405,-0.5335254344847022,1.0301050378036034,1.107821006158207
2021-04-10,Rain,-3.1953749498264927,2.385427508181598,-1.670364935553806,2.1005369406603793,1.235795636827914,0.19481383425632412,0.35630478545429806,0.4709605095380196,0.49112632023925773,0.0955408624030962
2021-04-11,Rain,-0.5213822344623239,1.4208625922556917,0.695732586880132,1.7523743140414525,0.7489226964577226,1.5076007164465444,-0.23053330324470078,0.6157432237283332,-0.16800922874801327,-0.01671136874623745
2021-04-12,Rain,0.41582133700140794,0.778690039557807,1.0873385158101003,0.9823261570528513,-1.758328755270332,-0.4982523386158994,-0.20363293685974088,-0.6724033393415504,0.083492040937337,-0.03073762998596077
2021-04-13,Cloudy,0.26340861928529985,1.2342073797821564,0.7791421411679694,1.1536799545735807,-1.5816328750574424,-0.47685969581405846,-0.13453768571794514,-1.2776894777699543,0.01023071367915174,-0.24457470504152684
2021-04-14,Rain,0.9126345803602571,1.252203595636869,0.9391885639402971,0.8014336952158351,-1.430110916685797,-0.7923055330907456,-0.31993321034973193,-0.09316081319602179,0.3932412626478625,0.042839907488721955
2021-04-15,Rain,0.6234924482591797,1.8211248851087223,0.7542440671795193,0.9741525633021425,-1.4620181141581643,-0.4486697021788097,-0.14035353564700895,-0.5688555098817377,0.11851707695606337,-0.39180302857545823
2021-04-16,Rain,0.6966217182756218,3.072465619580984,0.6800310376901357,-0.7438376156236504,-1.2180742309006471,-1.545088767513157,-1.227772569706301,2.819520898948962,2.104359934003658,0.050783530468742184
2021-04-17,Rain,-1.2302837985427075,4.674788686827266,0.38401411089331244,-2.8536274595711952,-0.7573309638037237,-0.023758673539181305,6.846646106545566,-0.057043158260856104,-0.3893817305142803,-0.022314602390283125
2021-04-18,Rain,-1.5399144459772642,1.1045158027631656,-1.2195050403176555,1.2028793354599443,-0.5199113623816046,-1.4710860468877496,0.6484464999880253,-1.1008390972160933,1.004605554238093,-0.1112156721065287
2021-04-19,Rain,0.7152539648425411,0.6041996154973912,-0.009962432715895232,1.4549896911165647,-1.1071531593155717,-0.20997123931685127,0.20273697640692576,-0.20058797777987936,-0.018380726205002522,-0.2252491185430115
2021-04-20,Rain,2.082655295017535,0.4003523118591853,1.2332925961946921,0.9656763889090336,-0.9987402015681619,-0.41829764033115563,-0.08083070097879157,0.4443587847812532,0.4521756174147192,0.7620701501049681
2021-04-21,Rain,2.323938951946677,0.9728939307189878,1.866528290420163,0.4052844436358664,-0.8813959645443634,-0.34354770770901993,-0.5602361885645185,0.8437142689500197,0.7136547420791838,0.1582709837446191
2021-04-22,Rain,2.4741140951585825,1.0830834747705338,1.3559947662236207,0.5575640675285839,-0.6994695743748617,-0.4344209432364349,-0.5532343360374389,0.7274338281127536,0.9011806889218397,0.06194127900034002
2021-04-23,Rain,2.23881950859275,1.0823275363121947,1.5416315719571718,1.2897724561536972,-0.6874200034691373,0.12405747715308632,-0.2328205102099377,-0.630034092229109,0.12655243062371427,-0.022719626924922798
2021-04-24,Rain,2.2694607169532945,1.2476540181599973,0.7247069347232608,1.4315616553022399,-0.5358490633765857,-0.11047975580541297,-0.16675537834676432,-0.2894446699107309,0.4028065002811965,0.11820730387407057
2021-04-25,Rain,0.8667003464940187,2.692485219756853,-0.21203847248274926,1.3727619075267052,-0.4316266509063277,-0.09005370218411914,-0.4094284561008988,-0.16276355492704414,0.11375120957277592,-0.3710186686913744
2021-04-26,Rain,-0.9161923654122965,3.6567458612490977,1.2816505275438796,-0.7416707445646176,-0.44986079358752656,0.6224521053003879,1.5237772052747613,0.27525136286178975,-0.39630062062061894,-1.9975775714358948
2021-04-27,Rain,-0.9549956485956812,1.1394063950828384,-0.2917529774029904,0.6775786337198952,0.42821186690710245,-0.912907805198968,0.2596493783980086,-1.2723289521529375,1.1192469763145285,-0.8790574669417108
2021-04-28,Rain,-0.5890836380570961,1.2532716165768198,1.8425907120005742,0.9047915889996505,0.2998328009683318,-0.327063876369508,0.28133313929352594,-0.2835906665676049,0.34952190252252097,-0.5401325773672246
2021-04-29,Rain,-0.4602649118283089,-0.7842462102136306,-0.28310186950864197,0.08218993773388189,-0.8032790617872543,1.2970131532573828,0.0783310576592252,-0.32875993226901745,2.405103108556057,0.14584963508020615
2021-04-30,Rain,0.8674577312687745,-1.5737338445487798,0.38334520703840974,1.518089636177612,-0.0993680288472723,0.2964798076234575,0.903683758462045,1.1366594253646742,0.0084925797263976,0.6582080088804345
2021-05-01,Rain,0.44604000558254525,0.394481799167685,-0.7158979375984469,1.2346696810505682,0.2575574281707223,-0.051294052405898766,0.36864469390818716,0.13123772437254266,0.843411098934259,0.0958972237319879
2021-05-02,Rain,1.7111870477190099,0.8349668400580529,0.4726046921145549,1.235870081448298,0.09206249489073687,0.5003657004374695,0.08909456099243465,0.8033449984069925,0.21742270802875052,0.16961646948463988
2021-05-03,Rain,2.953315647017993,0.3284013712914809,1.5868872701403183,1.0854040415170876,0.25541362174456367,0.5634644170170267,-0.21019214238826467,0.5559085156112594,0.7031661698510978,0.3250050604403536
2021-05-04,Rain,2.845521808161705,-0.4672526071321428,1.0839428847312982,1.2119588719838081,0.58588959796828,0.3963334879524585,0.5022611276353156,0.23472547293334797,0.44617702483484456,0.906975295509333
2021-05-05,Rain,-0.12765323221660782,3.008843814898042,1.0415288553343653,-0.424999320885317,0.8617472981857465,0.62619709612447,2.115173527006699,-0.3774680741715212,0.13663502870705796,0.498915104596166
2021-05-06,Rain,1.247194091539125,-0.44150499874224003,0.005997567268705964,1.1932777943919104,0.5624162428886957,0.6804062117475513,0.3765615583235535,0.240466752851901,0.5599578771391212,-0.03552415066216904
2021-05-07,Cloudy,1.902393904684668,-0.5157530344989378,-0.15924359234964627,1.6506427126151735,0.5807525786646426,0.896493457508191,0.40912125006391076,0.20369927534986979,0.011197624927030077,-0.15205744899345353
2021-05-08,Cloudy,2.028764942409727,0.04474135913539593,-0.4337601436107271,1.792663037806212,0.8768338244759674,0.6643177813461779,0.4643927391474835,-0.14344073034074098,0.22780474011479676,0.15254998107255552
2021-05-09,Rain,2.860748427980318,0.24114842107678433,0.5836308999258167,1.3271903034234878,1.012261808015135,0.5836464587437763,0.11325248214131087,0.327719627892768,0.653426556232406,0.3275505273567355
2021-05-10,Rain,3.797656867141543,-0.7980029863167732,1.4424947547564333,1.471304156153238,1.0412037334839297,0.8730578073915011,0.34731778849325795,0.6227820068173057,0.23337478747192447,1.0507496770942755
2021-05-11,Rain,3.5824251442526553,-0.23811948953906806,1.4542050923939287,1.1081052452751055,1.0396168368786978,1.3170317281703188,1.8152214394383874,0.9632178932792671,-0.18266366669761386,1.320812722437652
2021-05-12,Rain,3.3862717164901652,-0.608463998645377,0.72699806673578,1.1915297260803883,-1.7371596265150815,-0.7772324902348153,0.5916491317309932,0.2999330896977513,-0.4382015827842843,0.21014121999768032
2021-05-13,Rain,2.6364564221741196,0.57035846369268,1.091373301220352,1.2370813859270127,-1.4641093809827526,-0.8275458692038538,0.653842795307684,0.0729250612886872,0.005939951364532091,0.6602005533221419
2021-05-14,Rain,3.2461224184157205,-0.6301435750307129,1.730659356000593,1.0140987235630397,-1.7348031648370381,-0.1527907803724172,0.16183419727702156,0.47829545523242667,-0.7307386697215249,0.17505777165420852
2021-05-15,Rain,4.0818648708591345,-0.19711655325017682,1.3879862653135833,1.1020814534026733,-1.3050252026652496,-0.5581373457540727,0.026311155180609527,-0.2923632446443428,0.11277292369460741,0.501798734717676
2021-05-16,Rain,4.017927338887823,-0.27303940373938834,1.3821352335839006,1.1152824853020027,-1.233460949849146,-0.4561836461400198,0.0037659079788782807,-0.19804972004319854,-0.028525109719424513,-0.035310321892548825
2021-05-17,Rain,3.4752748658641486,0.3611133841214389,1.0291330975337403,0.9004316010130039,-1.11164724592802,-0.43487841449150316,-0.12886741817133712,-0.4782834484583335,-0.030889770208883487,-0.20765377585545283
2021-05-18,Rain,3.552254373448305,0.9053554908660809,1.409974067993375,0.7310753586647197,-0.8742794696917581,-0.5413390730548971,-0.4408192638437122,-0.5512174176201307,0.44102315539372183,0.3560409905445534
2021-05-19,Cloudy,4.322874949072715,-0.6269833101032367,1.5816703704674118,1.025040428488397,-0.9183475787227565,-0.24301254162328126,0.14507544208804415,-0.37327171818957544,-0.18477646924266058,0.39073876954885517
2021-05-20,Rain,3.7096485146776934,0.5325470763750154,1.1807806847821924,0.24284406274428624,-0.7560042737476125,-0.6649795910132443,-0.11769698543678606,0.2859777495825527,0.13941441836747892,0.06266512930665119
2021-05-21,Rain,4.246607860210972,0.3765204729903054,0.6893445612403034,1.1674396108656975,-0.6537445213521561,-0.44573183224067514,-0.11219076339477184,0.042392569590662746,0.10414533932293672,-0.05962686669167355
2021-05-22,Cloudy,5.212702928789891,-1.1703994695180782,2.025070291220989,1.0209044192127887,-0.5959026103927397,-0.1530451189410774,0.270302807848837,0.0997021790793204,-0.4609436386304041,0.9612428204369355
2021-05-23,Rain,4.485741923851713,0.2998636094520828,1.5207187835724776,0.7985690772350736,-0.30258331082976364,-0.3171905926730879,-0.2378390418113066,-0.5960765906680416,0.243445120682785,0.31697230307863095
2021-05-24,Rain,1.703726264757885,0.856343396364782,0.9006792477322727,-0.06141979303917489,-1.4282885218387076,1.7839587962528878,-0.10745483847558009,-1.0377097429204394,1.278211374351074,0.5791861771684654
2021-05-25,Rain,0.4100415420594742,1.5872714621459383,-0.13011466460698626,-0.27156889096724957,-1.335898205376017,1.6569187409708221,-0.13688376237183197,-0.418551023777549,1.4674438194062123,-0.19033821443883356
2021-05-26,Rain,2.9631344443926206,-0.4080460687541453,0.8854964232753487,0.9561984151601357,-0.23518161175395091,0.12089042731733968,0.46479233097873374,0.26046093288122896,-0.0633757481724122,0.5585307406335329
2021-05-27,Rain,3.7969431093866404,-0.3231737117103102,1.0307255553940946,0.3941926851394769,-0.08138048585588355,-0.17726813626750793,-0.0530180423729688,0.6750677595690705,0.4068891061397225,-0.04662658584313713
2021-05-28,Rain,3.6163800507126407,0.07070844474501842,0.030011145815703157,0.45983244136115003,0.07569314338275566,-0.5147827187579197,-0.1706847597185809,1.6706767112149126,1.0646774428290282,-0.001465473702468081
2021-05-29,Rain,4.411516946627702,-0.24476964241086932,0.9832923387588749,1.183778916074517,0.21955396976649724,0.06968109717447252,0.0861409691164567,-0.008719304967677874,0.21584530979803257,1.063907913888811
2021-05-30,Cloudy,4.8312258566390875,-1.433654947563621,-0.06170395980051905,0.8784927051965042,0.550037971740346,-0.35987402229737275,0.46222245600355005,-0.3510679704245512,0.5871061254098475,-0.17497831122500476
2021-05-31,Cloudy,5.2492079315404325,-1.3971492648841557,0.0281621752120518,0.7332067904545466,0.8641957658826563,-0.50086414429102,0.34952954048959795,-1.0068465234327582,1.4611804529360117,-0.18621269850509362
2021-06-01,Cloudy,5.596276574479118,-1.5955991528424307,0.7872276205700982,0.995210945385357,0.4927902522372218,0.390088439034392,0.08201909525541035,-0.5852853565328902,1.0901858408716911,-0.1822697774611514
2021-06-02,Cloudy,5.276932936712641,-0.8945709911511903,-0.5160512432979334,1.2362554392970393,0.8690833162919942,0.04467735894385296,0.1537764965018181,-0.5306105194862216,0.6168543806313644,-0.692872971981712
2021-06-03,Rain,5.958400094238438,-0.9777035059738904,0.13580635578112688,0.8899686725458126,0.9087314331944578,-0.20903739279863018,-0.02813599368316301,0.6062431117368824,1.1038173035401149,-0.315503751141763
2021-06-04,Rain,2.5976348316629996,0.6605202551415275,4.864304190091542,0.7979605500442537,1.1219787302514352,0.4895516080386678,-0.5325930353892666,-0.11260381461465722,-0.7072627665438649,0.7053719208858388
2021-06-05,Rain,1.996310438573226,-1.219036806653535,-1.2352780589439005,1.105651219965081,1.4721328591637957,-0.5597429822651021,0.7678991303553311,-0.31181273333317777,1.4039500310693314,-1.491356963317099
2021-06-06,Rain,3.0967739415130224,0.7920442387905967,-1.2994695068414288,0.7352718441868944,0.886846957015776,0.10819890633366339,0.2551748145684816,2.0973423781096794,1.1718917310096595,-1.3211069868188126
2021-06-07,Rain,2.403626568026645,1.8075919136102954,0.1858442228204382,-0.8089836202480771,1.200879091171505,0.868653896467786,2.960880953195641,0.3173397633123682,-0.18602434959442682,-0.24591063873149044
2021-06-08,Rain,1.7173178705314716,2.33827034568248,-0.864470891656957,-0.4584519974573392,1.8208865554580065,-0.23850764540931252,2.1109239997701383,0.45859114815602037,0.48885699510045694,-0.7243276664576497
2021-06-09,Rain,1.9854848087155241,2.1095169390248785,-0.6970781337857582,-0.255704561988462,1.731033592895272,0.16153577737905297,2.0097812259011585,-0.0055680927072605906,0.7857537381137547,0.18828321785510418
2021-06-10,Rain,2.775993458947595,0.867226499074678,-1.7196870011763143,0.5594020916214028,-1.1695548379272085,-1.7416954192037475,0.1847010416423174,-0.7957496830589826,0.5809570650254324,-0.7226096727312906
2021-06-11,Rain,2.6926245814191367,0.8556237243634096,-0.6383609852813161,0.12380326360131498,-0.959248333893157,-1.5856149027437323,0.07942668143320113,-1.0580013586715655,0.07603850137203982,-0.2789100585127318
2021-06-12,Rain,2.849073249863696,2.004090490323892,0.43934816504784374,-1.2258534356774977,-2.4577425504203143,1.139315701106808,0.681089694263463,-0.01984455059093699,0.6189070456427942,-0.493996054858301
2021-06-13,Rain,2.6042777868731037,3.0614047679661955,2.2780305969536503,-1.4050928119479018,-1.1502215842519807,-0.3412408960304688,2.4359288520905986,0.5702094092897,-0.4203976803454075,-0.6540436511805847
2021-06-14,Cloudy,3.5156427355364364,-0.6418841105907627,1.08531754697053,0.6608896437030152,-1.0463583233593192,-0.6765481119604873,0.31416446439737183,-0.8493060800012645,0.23600100373588573,0.43986532038255216
2021-06-15,Rain,4.17271429291921,-1.2972634072139317,0.36521431394190373,0.27842449519638524,-0.9094811217946174,-0.8196756228752673,0.28235984933346225,-0.45507555371373853,0.6396104369598146,-0.9936351791164251
2021-06-16,Cloudy,4.79398917057909,-1.1883054512059397,0.6935826035263554,0.722891903560977,-0.7757125101610222,-0.6296315728174289,0.12474483170643273,-0.8558480409756114,0.4640259183610564,-0.5921668564499978
2021-06-17,Cloudy,4.986531411604146,-1.8449919448355039,0.590085142346493,0.5327565553359288,-0.6324030539252028,-0.6869840115536959,0.28915280825924866,-0.4844974665244021,0.36849298941043845,-0.38882011036870745
2021-06-18,Cloudy,5.468917684571818,-2.472624746143467,0.24956424101209138,0.23683003292689084,-0.5905151339507958,-0.7893571341082397,0.4131889413287682,-0.3358088421510428,0.5241943815023994,-0.43550450558699494
2021-06-19,Cloudy,5.7294708344934335,-3.2274948957710485,0.16881906450246573,-0.14449852418823228,-0.7865871075970751,-0.09049096562585811,0.3491487470980603,-0.23244201783859655,0.9533924240208616,-0.8391231702012194
2021-06-20,Cloudy,5.777240446750179,-3.178316496996471,0.4473201267619737,-0.12448869808402196,-0.7422011941653578,0.14465685067264158,0.19691069696317848,-0.3749774529111755,1.0871062822219013,-1.241325255413777
2021-06-21,Cloudy,5.7346897081200146,-1.8825938514363423,0.09870967506568674,0.3927028009556629,-0.3509277155105527,-0.18155103604536657,0.06655634135035389,-0.9997888550342791,1.3015659511682924,-0.5640459779472154
2021-06-22,Rain,3.865551559183349,0.34736397379501466,0.6258044807576043,-0.3468640704117956,0.3329637227775595,-1.4897230724028148,-0.2629229096572461,0.6206319769863052,1.5504001198131976,-0.360998978890345
2021-06-23,Rain,2.5191463252071205,1.4468929330278084,-0.7476204064344992,-1.4080009045669695,-0.10329637419913164,0.13368021377413009,2.1248505011219003,-0.8303637783688442,0.9199123029287378,-0.6296771307691613
2021-06-24,Rain,2.730567668667208,0.880872841612253,-0.508033603067543,0.6285688574741252,0.30000758654097553,-0.7219983218276674,0.1644731459144941,-0.8050692751291871,0.10435749053106799,-0.2958367542119074
2021-06-25,Rain,2.5148939136813784,0.8205418558863512,0.8445205537023208,0.7003840112279388,0.13089922067125384,-0.15816342593289645,-0.04978784006823739,-0.46711429434759194,-0.167171780180525,1.2782000080157074
2021-06-26,Rain,3.280288608104808,0.2725821545957689,0.4964323473613424,-0.8217090974458086,0.06522043938204977,0.4250464381455874,2.1916103317335547,0.1051994000933282,0.22691147739026607,-1.161083791154556
2021-06-27,Rain,4.125973886006263,-1.1754443637614742,0.7338066046236705,0.14643881621374588,0.006891741469661079,0.5908961562690421,0.3235650454039229,-0.4120795434268795,0.8417471055889038,-1.4722605204661596
2021-06-28,Rain,4.880623015171827,-1.2883555184607531,-0.04770100854165626,0.19404298271151252,0.18892774143833663,0.4923137689640811,-0.24677237343063224,-1.0644972398611374,1.7836636872189215,-1.9897692664421607
2021-06-29,Rain,4.172375350790562,-0.16398713853493413,0.23091163691480518,0.3404795473304385,0.8234047064412298,-0.15258620969341039,-0.36032586000489963,-1.324854009313392,1.4203391712837277,-0.884574083967338
2021-06-30,Rain,4.0243182898526095,0.00447647146511043,0.47635296958842094,0.34727162377891385,0.7032074661353799,0.22359671630375738,-0.44492140147405423,-1.1569198331195207,1.0834026367178216,-1.0772553047870141
2021-07-01,Cloudy,4.259869067229397,-0.500252718570383,0.744258094093777,0.2753017929389199,0.7159637039865276,0.5754563811477478,-0.5091070974145375,-1.5383949933851797,1.2766915247799444,-0.9187061151165181
2021-07-02,Cloudy,4.903875431586319,-1.2876653317412337,1.738157613348068,0.24348997989953539,0.55098929290031,1.1436721484280146,-0.5444529478246803,-1.1985158225814065,1.3112013515006007,-0.6638125528775579
2021-07-03,Cloudy,5.042626497612951,-1.3018773482823784,-0.3310243834571345,0.1368864966508603,0.16078292451907447,1.6559523980787267,-0.4840572583478334,-1.1781685664567008,1.6000724011038185,-1.2928833799692088
2021-07-04,Rain,5.054760175037488,-0.8757540387770089,0.16760685077185086,0.5649444818693946,1.2511688075361633,0.013279201799523119,-0.09058195957580795,-0.5767356152682809,0.9864080971465488,-0.2124326607567486
2021-07-05,Rain,3.2738887765916305,0.34984687412058074,0.2179781151628877,0.3640572072073397,1.1578033414813385,0.30917606236212736,0.04342605541935739,-0.21220644158301805,0.6373130798064164,0.40874828438807115
2021-07-06,Rain,4.208830766588094,-0.9597055792496829,-0.1540437943443309,0.33839211077720543,1.2853233412237202,0.1639805890580793,0.0020988494267970793,0.19219146257944306,0.7597457369943815,-0.37350148407010386
2021-07-07,Rain,3.4427165887888265,0.8104913754099801,-1.1007082701650694,-0.9689234225604223,0.37374013479917406,1.9991962286500293,0.5966816685729975,-0.14283604621084356,1.3908722327314176,-1.013012212139164
2021-07-08,Rain,1.8835794114115905,3.3445583296321524,1.4381006243813375,-1.494330358086274,1.1336741324396191,1.4338480059841783,1.953665688340656,0.7462431182175011,-0.2226828091717062,-1.002983541252072
2021-07-09,Rain,2.850636153142405,0.5232029809347138,0.10188699420720017,-0.15048822606523798,1.3297703466653326,0.7619644630249157,-0.039720914208229,0.5288437409603955,0.1262722307937543,-0.5394755025347692
2021-07-10,Rain,3.0065709619908203,-0.6467113552104945,-0.07881882487528528,-0.24065107405692693,-1.3146203325566252,-1.054357540720955,0.8518844696477016,-0.05224987549161494,-0.6969048611573624,-0.6978938508184185
2021-07-11,Rain,3.4609389353979454,-1.6697015891921099,0.39883632778396855,-0.3995087958846479,-1.305854306198469,-0.9701595959541459,0.09427635771372589,0.1774386284976157,0.20823755391079843,-0.44461152653146774
2021-07-12,Cloudy,4.403177383102096,-2.2714653463783376,1.2477284239935502,-0.2806137724603411,-1.2187232071135359,-0.6437787591349303,0.16404427086628554,-0.15098959885047986,-0.4338179037109315,-0.13923171468785187
2021-07-13,Rain,4.427639148353033,-1.287178737244706,0.4843622902093373,0.027032682921884876,-1.0740806403418248,-0.7493528977891661,0.022319790993345866,-0.08768612726177523,-0.24752818270152951,0.17212626774741172
2021-07-14,Rain,4.39860117765026,-0.59756043862944,1.1710285228796735,-0.5022471285510878,-0.9115073945942785,-0.8897843829318945,-0.48564758784376055,0.7456439319842825,0.12425137234035212,0.3905535510367041
2021-07-15,Cloudy,4.164675630862683,-1.676044708894118,1.076634125099003,-0.2913096501270355,-0.7702204174177284,-0.6108528891131515,-0.022015509630697684,-0.5855862933899322,-0.14289928581701583,-0.10911029907785134
2021-07-16,Rain,4.317619209563118,-2.0819808218623925,-0.14883742767546082,-0.5645125769297616,-0.47687251519415863,-1.208263095435349,0.22408586671460753,0.11373712668069809,0.6091329293009586,-0.34063422333115106
2021-07-17,Rain,4.4710165060329015,-1.5274698059539022,0.6028827914361844,0.04526920204687342,-0.3790287098079467,-0.9181062235670022,0.19695436220278906,-0.23681340622182184,0.22104179759825096,0.7053464973429627
2021-07-18,Rain,2.710320996803785,0.8502144346940104,-0.432105220966187,0.4109217692289341,-0.2814785932686176,-0.8275499891086507,0.05261364721618782,-0.9467239454019872,-0.045210642576782964,0.5481216970728249
2021-07-19,Rain,2.8818771842377795,1.5803895772121614,-0.46242721810026954,-1.5135257110406932,-0.07707064462744709,-1.784532627600819,-0.05344817752126979,2.9351362906399605,1.6009590452793125,-0.16445433397152692
2021-07-20,Rain,3.2195090510338646,0.23868793874085978,-0.4595779748861821,-0.28224850596307594,-0.9077512783860668,0.6631563887832083,-0.4147326232758374,-1.0066181520075927,0.7863468599742478,1.5787677948637646
2021-07-21,Rain,2.9488206762864295,0.363928068773832,-0.4936719348019748,-0.511988011760105,-0.8824293418166955,0.9133152952742593,-0.5380828053769554,-1.0099363605111344,0.7390640107845925,1.551177352135402
2021-07-22,Rain,2.350922852262486,1.9687575767277237,-2.160300689847377,-1.8270293801409672,-1.0013701714879073,1.3634568362197161,1.0967056703694023,-0.8928221543034692,0.6659982328450077,0.45236300702644716
2021-07-23,Rain,1.3447194453553948,4.345862039293056,-0.18568942017090007,-2.238759437011875,-0.8887229820202114,1.7979763927704215,1.3079848959511424,-0.575329296387077,0.03917973614518314,-0.3116300613062313
2021-07-24,Rain,4.329540945133339,0.10321514380684187,0.8535189995354768,-0.23596728163756453,-1.1165614909335009,2.0391140276781914,-0.8119357384891296,-0.21021168142049973,-0.3726312430435247,0.3856209112508542
2021-07-25,Rain,4.435030023620833,-0.10424258585539839,-1.1930779771112012,-0.8220112842844454,-0.6366797603877205,0.8310738282751469,-0.46742571047636,1.0302079942099542,1.6985145733449523,-0.0112180251161508
2021-07-26,Rain,3.5947147576333407,-0.7110078385891271,-1.2649102721562355,-0.18368774915405825,-0.16795174558167972,0.716734182925614,-0.11253253293265837,-0.6461844573993671,0.9218636044999178,0.2590993074118298
2021-07-27,Rain,4.780021116645687,-1.1855120587631758,-1.0514329966149876,-0.3331677166339822,0.05870422997035423,0.5591123368886199,-0.1693889436782758,-0.8862334077938842,1.2996473844683867,-0.7908635219489304
2021-07-28,Rain,4.600902284488323,-0.3993245500250108,0.15520105013499266,0.23853304100063738,1.392326180150468,-1.2015682972416581,0.06246689503750742,-0.699576516884991,0.11507471345743484,-0.07940432515801692
2021-07-29,Rain,4.284332176207595,0.766565360459077,-0.019369903369691934,-0.06350840135981808,1.0386922553928297,-0.4347647003327465,-0.028567061213385484,-0.4201407961618169,-0.042770903625693885,0.3829646920264494
2021-07-30,Rain,4.2064194980845455,-0.41369436524756376,-1.6867233073157988,0.42888919044274765,0.8460162709643458,-0.04270784925011015,-0.09195357267391703,-0.4825397239252703,0.2836045348570693,-0.7204541660119328
2021-07-31,Cloudy,4.932626892211938,-0.5594129950842689,-0.9386337664424088,0.6383379116379309,1.401143860562173,-0.46112667705770877,0.06043782578303436,-0.7683345232543853,-0.08301233970248457,-0.34202798676281243
2021-08-01,Rain,2.0696678105825743,2.4275825625373884,-1.3657165045497208,-1.295866725982484,0.3363412196955343,1.4414836263877275,-0.14440265882456288,-1.5059454800214094,1.0055047719498695,-0.06324970296347493
2021-08-02,Cloudy,4.538779636402037,-0.8937133953037278,-0.9502041985009982,0.05751863003036639,0.2712109878962155,1.5671375455131573,-0.34366599958354066,-0.5639728563240022,0.21734050583560607,-0.4208099159945328
2021-08-03,Cloudy,4.528076719867089,-1.4928491793645597,-1.3244761307983668,0.10368328546148622,0.4192393784670309,1.568173703476896,-0.17387200978776637,-0.6688990121392894,0.8852786201335434,-0.3713914568595035
2021-08-04,Cloudy,5.539080943052814,-1.822855305087705,-1.2616879670526089,-0.14306595091148175,0.6330789033066048,1.373570149003154,-0.20143488595815906,-0.684234856639785,0.9869161142138793,-0.3088542309127046
2021-08-05,Cloudy,5.726467812034472,-1.2600075741096646,-0.9495498197893572,0.16947776789969574,0.4766898379593559,1.9201457023569155,-0.531841845653853,-0.4396882301830731,0.3671288475303265,-0.11598269220623175
2021-08-06,Cloudy,5.511649753219946,-0.9755437281208152,-0.08636410742850935,0.01916082783506379,0.8671967125938067,1.7136741236907787,-0.782725038349757,-0.6831326327100873,0.33948961988082077,0.027926787768946786
2021-08-07,Cloudy,5.4452046541237005,-1.3883585859328198,-0.6116666059576981,-0.23839406635346697,1.3084241666373335,1.202285391587631,-0.5558825890709451,-1.073566439318136,1.0429671748755591,-0.6441204281069313
2021-08-08,Rain,4.55596218901275,0.1586736793849687,-0.9356292393702907,-0.14227398516971831,-0.821663844756446,-1.8000006795810357,0.21520558479111906,-0.535705719107828,-0.3142829323869427,-0.07480608789201953
2021-08-09,Rain,3.5080018698017708,1.6270988218057936,-0.5194046147782977,-0.5930711636858366,-1.0137066515396305,-1.1995523246786777,-0.40883454932974117,-0.5231503722493929,-0.7427023148509339,-1.3625915942824225
2021-08-10,Rain,2.11954943333571,2.611316388230998,0.7127606805239202,-1.3944117683967403,-1.0493973043050762,-0.6926909373583098,0.2321778891983455,-0.4280961836544826,-0.34521630660998665,0.7994299280789424
2021-08-11,Rain,2.202642755103388,2.2673764433817034,-0.3653663197927176,-1.030724341158674,-0.8817442637014653,-0.8023591142575373,0.6639114417580109,-0.3657739644705763,-0.7735157619143892,0.7427337030877804
2021-08-12,Rain,2.4331532248531715,1.7341398134832011,-0.281161912537135,-1.2511813640711487,-0.8081036278797783,-0.415992668144669,2.4302796707248855,-0.13430789705289262,-1.2372739808155166,-0.3566103214979883
2021-08-13,Rain,3.3933762472810907,0.23964787034357146,0.08181090457975083,-0.2573846335665077,-0.7096752917547957,-0.5904049829091207,-0.501410575445055,-0.9631140325518216,-0.535352362489009,-1.0650287326888848
2021-08-14,Rain,3.1043044701823668,0.3822758268942377,-0.4221538911830409,-0.3446257944133711,-0.6527964176883493,-0.6447507010268546,-0.5196715497857362,-0.48434560168820345,-0.3985946879255372,-0.19807704035767548
2021-08-15,Rain,2.7423581110877673,0.7408806218341116,-0.7614754870018883,0.0002221866765437037,-0.2631092635692902,-0.9405867277985547,-0.3282272288515675,-0.9937108038035628,-0.5454167908525361,-0.18992753789501038
2021-08-16,Rain,3.793097555293515,0.43733873187221645,-0.5813810405809248,-1.4999876525570321,-0.19250340679917524,-1.6794937260264742,-0.7957647858707195,1.96399828350113,0.9190614215186755,0.07237516583917547
2021-08-17,Rain,3.5256215944747433,-0.6954954413397981,1.4842836976591738,-0.8540447581722547,-1.1180732506044584,0.9373647476458375,-0.989538453402494,0.2773525390927603,-0.7725339615889059,0.12206476239876425
2021-08-18,Rain,3.347853722194573,-0.7258382121687936,0.9671611780587546,-0.2798994857377456,-0.1858886416945142,-0.29735398512758193,-0.25109339016397497,-0.3560544909090744,-0.45699950198383094,0.9515540744023532
2021-08-19,Rain,2.5997825263698244,0.5167641877684057,-0.09637693584472978,-1.776825561589541,0.2439169722307255,-0.5269116710635797,0.884366365001663,-1.0642934515241278,-0.2187196096112131,-0.05282468601450773
2021-08-20,Rain,3.9327530275337224,-0.9160129404260486,-0.4828115564567879,-0.6999895602661058,0.19647617087909164,-0.6295689990320991,-0.3116565691684382,-0.4867636181563926,-0.22345219459441787,0.2098641101222962
2021-08-21,Cloudy,4.644167488259184,-0.8734331926142035,0.021161860402146862,-0.09602707694086536,0.13307271989804478,-0.13144011943359693,-0.46377428448599584,-0.5903950517512484,-0.7394320114697953,0.3911132616279446
2021-08-22,Cloudy,5.008591361213783,-0.47938441697760287,0.2663864719156949,0.11199756179044248,0.24479950244511944,0.0005540658117208137,-0.5038100911961458,-0.4428391042646426,-1.1688594732353528,0.5898252870446123
2021-08-23,Rain,3.785443139711964,0.7522283283058823,-0.1190550263977082,-0.3910150658483821,0.4169164502460335,-0.5926128917736659,-0.5866787806258643,0.5980660071130252,0.17207568642718174,0.03571409845907411
2021-08-24,Rain,4.227874014341483,1.3043870540213143,-0.0837082427065475,-1.2530371820220803,0.6879762149621831,-1.0095143971806586,-0.9058486228849898,1.338639422758618,0.7536589825610538,0.5553172722459279
2021-08-25,Rain,3.7487018963791545,0.33045342654097576,-0.10705553737948831,-0.5522165861176193,0.6101045432426129,-0.08696349834137342,-0.1266693964295968,0.10165303016402173,-0.8138521155609036,0.9566343601704317
2021-08-26,Rain,2.471501574724273,0.976732500878719,-0.556249936403726,-1.3797083463188597,0.8150170685804011,-0.003852411999861259,1.351235019472449,-0.12725637548940902,-0.681911113331479,0.06798838570084656
2021-08-27,Rain,1.8407372807001656,2.198379800482469,-0.7884554811204509,-2.8692639067919945,1.3942437890423796,-0.4087073950072893,3.9031490272878053,-0.12977918308851646,-0.4610554568039444,-0.4530469181329177
2021-08-28,Rain,1.80362027424725,1.0108732570485504,-0.0978770539635954,-1.1041613675012183,1.0362559837370549,-0.021763187928968423,0.3189740410488152,-0.39538958172339894,-0.33433671184857944,1.3092834756305503
2021-08-29,Rain,2.539208314952534,-1.1185691856188367,-0.48601028714429995,-0.13150478806041402,1.096626729128724,-0.11470438636418867,-0.05304474790391049,0.13977604784443778,-0.5419642333723754,0.582551882004703
2021-08-30,Rain,2.5149294329118694,0.2720653539918368,-0.8052187272137128,-0.9238908489729588,1.186751333070147,-0.5580913886549383,-0.7778506482622373,1.559007464660149,0.7102068586483936,0.21130665381288927
2021-08-31,Rain,2.8553297919409952,-0.6219483371518649,-0.8940790399172738,-0.6095550833271426,1.2956380305859398,0.05063448211735057,0.3326869158520186,-0.1260776441198197,-0.385936259461784,0.45622615446221987
2021-09-01,Rain,3.0746430473066972,-1.0012475658993467,-1.267963768889611,-0.798961250904162,1.5550102669277022,-0.1780533321881702,1.115111067549397,0.22816981901260808,-0.5542815037480584,0.3017227488307284
2021-09-02,Rain,2.0875121857841656,0.5228629567449646,-1.4690377861630692,-0.5620047726534274,1.5452658662097318,0.025049525441289553,-0.5183912048178956,-0.8910394924452871,-0.13082696212848963,-0.03875991272466177
2021-09-03,Rain,2.9595752344730086,-0.43968788193947034,-0.7199417977001275,-0.09014758653960463,1.5687475036927334,0.2437618199829698,-0.1919933849509568,-0.052065849177988316,-0.5763977989826554,0.5353757305246313
2021-09-04,Rain,3.255924849343264,0.1916615039144841,-0.5880048442389875,-0.7972592625799642,1.7347654601834217,0.22678318950136306,-0.17857204021850076,-0.05672619148627081,-0.35264941835891817,0.3746741685642653
2021-09-05,Rain,1.9691617173344305,0.9919033315497283,-1.2653838899058099,-1.5748025524442548,1.7449441585627856,0.5845109680280445,1.6546081218264528,-0.05573570677639723,-0.4415800471859011,-0.22441273505236978
2021-09-06,Rain,2.5470933133593094,-1.1314170160243315,-2.03194807952696,-0.7453801534147938,0.8272779314626909,1.8347353356880847,-0.5500348070584071,-0.20782376651393297,0.5599415102132195,0.4994673978301294
2021-09-07,Rain,1.8062107360047956,0.749654252945924,-0.4709228549152838,-1.350060667241715,-1.907732261489848,0.3187118385290753,-1.1748214880976862,-1.1325141159477976,-0.6887889586956589,0.5309115589748219
2021-09-08,Rain,1.9224174778410081,1.5574788984492904,1.2031090104301867,-2.0744425638808663,-2.1115156206395573,1.0671424423533433,-0.923191779311591,-0.32392272766261776,-0.6499140324029615,2.4769427169275087
2021-09-09,Rain,2.0703989731787096,1.5928174678463396,-0.7791811507187094,-2.8911078640632457,-1.5649960091036044,0.5973938901648765,2.26120474867394,-0.11593971668743858,-0.5638947084740868,0.28205589898447225
2021-09-10,Cloudy,2.9699810830250923,-1.557649293890886,-1.297366609928344,-0.6280275723918052,-1.6670320671097154,0.4934720634623432,-0.39808621908235564,-0.4754639548229296,-0.5489277408299104,0.29087721425268664
2021-09-11,Cloudy,3.288774919100833,-1.7579424982426948,-0.8863770331282959,-0.9478999312018442,-1.1586017120627972,0.03256508386014786,-0.32880527271490906,-1.0213460869111832,0.2472389535018954,0.6147460015439715
2021-09-12,Cloudy,4.153476784860694,-2.2270929958925407,-2.070764299734108,-0.5110661835256997,-0.29507681409214737,-1.3186937654970035,0.2091977086197928,-0.33197153668548135,-0.6317037190691799,-0.10634402257456128
2021-09-13,Rain,2.887637953426444,0.6150418597034513,-0.05957880091654674,-0.3942907647828117,-0.01392880911930694,-1.386397743225251,-0.6218794416189501,0.22128266708026145,-1.980726270381733,1.3593252095370323
2021-09-14,Rain,0.6652725588839361,1.4958808804059522,-2.1858145086616934,-1.6793624390297364,-1.2763817196912914,0.8258347319282994,-0.4847286579897361,-1.1219863315543224,0.22424351058640807,0.5681804323229545
2021-09-15,Rain,0.8151337428052474,1.8906618239817894,-2.153862650282697,-2.2138342595282583,-1.24260775251218,1.2289992286184583,0.4514769615431756,-1.1522657968582366,0.17477606377156835,0.03897955911640289
2021-09-16,Rain,1.8322136785365224,0.9500427950434754,-0.7860080154234984,-0.7341266673028634,0.044331628143005,-0.7347367839387118,-0.49497269541876354,-0.6381844529130863,-0.6984199763176554,0.29415061155350614
2021-09-17,Rain,1.968558782186451,0.6653325280258374,-1.0727454218817771,-0.4711843198689373,0.11480141413922845,-0.7684497350577213,-0.6444993360181163,-0.4671967550059186,-0.69557788450627,0.5459442819035979
2021-09-18,Rain,2.38932127931974,-0.4083098927086988,-0.5099402102305868,-0.6354769469370092,0.011820683250906122,-0.19036461931022447,-0.43960017630621595,-0.3737404441332011,-0.8794565860694219,0.014618778194683369
2021-09-19,Cloudy,3.0408263889260274,-1.5054644469913285,-0.2935210322516568,-0.5923890382155608,0.17807499496895762,-0.20113966989276993,-0.3427688626041871,-0.21643692387765284,-1.1396947060528966,0.3892948439406155
2021-09-20,Rain,2.3345894369855262,-0.6972148799810437,-1.5804819520430786,-0.9236758120637338,-0.7190724550896791,1.2463166357868085,-0.7704176085804837,-0.3483273222112889,-0.07044491620922606,1.4776828385269325
2021-09-21,Rain,2.206746849258273,-1.5506856321470972,-1.7806891346180644,-0.563911153676359,0.679144024550866,-0.9296825937146905,-0.0705036259966643,0.22803999573675007,-0.22334761254542185,-0.5745269509005868
2021-09-22,Rain,1.8409697397835754,0.46562941691818105,-1.1224426397075657,-0.6881608612192072,0.700644986962572,-0.5432322187606777,-0.5631349850620071,-0.20015261119388414,-0.8985115136253352,0.0925367480280873
2021-09-23,Rain,1.8331813536681878,0.2697755889757675,-0.8659189773554414,-1.3784674241715116,-0.31526589607570293,1.3184415273200094,-1.2021917748833892,-0.5457768462147582,0.19809476395090603,1.5142696413264431
2021-09-24,Rain,0.45029868629426356,1.9292452770036403,-1.7535144047484539,-1.2577521635998141,1.2419086980984326,-0.9536108632928184,0.15126033764599356,-0.2317493273610366,-1.0202846848722151,-0.8447770572052034
2021-09-25,Rain,1.1556136060094002,4.068712421975908,2.5127699763502678,-3.366722506305207,0.9716077466945519,0.8848830553105209,3.2998216308236206,0.6098451104956011,-2.4778266208760495,-0.07556138755380441
2021-09-26,Rain,1.1753719065911212,1.8863677727138084,-0.6603500883473443,-2.5278310260853782,0.01778812323566155,1.6102134013279013,0.40473778714042863,0.1989918338433295,-0.35958491920604735,-0.29203199170203525
2021-09-27,Rain,1.3872437786792653,0.05363327622162047,-2.065575158828539,-1.5378241141234543,0.22531104354234255,1.0956042397899834,-0.7391404053100786,-0.07946494936822751,0.4050941465317611,-0.37072066080093263
2021-09-28,Cloudy,2.4703117597174837,-2.1204767763669174,-1.6657811312563693,-0.6669890677834314,0.8439282616712392,0.39388331511480995,-0.05314513183145859,0.06554890634943135,-0.5553105078358488,0.8067491206340075
2021-09-29,Cloudy,2.530944797445818,-1.6834252367951807,-1.9817472000025487,-0.0029202037228735125,1.1882662668074966,-0.02391841260411945,0.042542277362475796,0.22753475496723302,-1.032114464082698,0.7342141511220477
2021-09-30,Rain,2.6822235683697335,-1.588175867093487,-1.6355584358385844,-0.24882211124798498,1.2233964992222908,0.18727323372568,-0.2031444463352011,0.7029948194613159,-1.1486649524729415,0.3363946117231906
2021-10-01,Rain,2.5675864108022113,-0.8726994412735835,-1.676908076776506,-0.503446414701737,1.4196328390498396,0.0322120563372982,-0.417890713775573,0.554600478029222,-0.7122364998976635,0.44678469514720115
2021-10-02,Rain,1.4658976288380303,1.9341532804602997,-1.6229491851202755,-2.1908679517901066,0.013737438457295808,1.8859999834213657,-1.7206591777923568,2.6079301341171894,0.6014669572577132,0.1258676297911825
2021-10-03,Rain,2.179700908975413,-0.9398756684918845,-1.7212656892361942,0.08058598427179464,1.2768916002184552,0.6673394386982994,-0.33315882638324473,0.9012198765974753,-1.6664440337593265,0.2855352780560804
2021-10-04,Rain,2.27437539319074,-0.23088191804662042,-0.750378317093613,-1.0375069098847594,0.5502018586499554,2.079144062047575,-0.5593355121919606,0.9647761326134601,-0.3164774821758011,2.216619484379175
2021-10-05,Rain,1.6003559974824804,0.22408506689711183,-0.5566668025937223,-1.1275989911271214,2.027486510898616,-0.016049914105268143,-1.0855894495626564,0.3385672789738058,0.047466140281270455,-0.3917945243332898
2021-10-06,Rain,2.4876761527194287,-1.334128439865925,-2.0769422737054253,-1.2984043396978555,-2.0883460443173685,0.32092764583519884,-0.8477252950510771,0.10770862941694033,-0.46271053201410606,-0.5230409961335928
2021-10-07,Rain,2.810856443781694,-1.4256705156080476,-1.3863171494640598,-1.5170393114213812,-2.0629882858144626,0.529564190046463,-0.9242183753684646,0.23297515519700762,-0.6310226140207111,-0.22079553771306973
2021-10-08,Cloudy,2.7043483895920133,-1.4365428884742844,0.5351673494591002,-1.7351771607024753,-1.8132217269536746,0.9515695654792594,-1.3456439861664409,-1.2876501823898607,-0.07053392949874823,0.02900136553745518
2021-10-09,Rain,0.34143328324473854,1.0199778625088638,-0.6362968067036121,-2.608423500492055,-1.7077888852025442,0.777425963896667,-1.1768342930313327,-0.8787375077135474,0.1177269873604529,-0.3228687116225733
2021-10-10,Rain,-0.3239592225935826,5.234684441027039,1.1110301454992475,-4.503446297545636,-2.0766821718924846,2.3172261453234912,2.178437231057777,0.07864512801987764,-1.082468450919958,-0.9801111428304962
2021-10-11,Rain,-0.85253844571237,5.10750622550477,1.509931138947179,-4.060401873557338,-0.3654137258792105,0.20656079616901005,4.039633757683722,-0.12078953017437062,-2.3323398951363727,-0.7428564232567594
2021-10-12,Cloudy,0.7132044946567906,-1.9394968372386192,2.212061589361384,-1.1325860215696224,-0.002020536563069124,-1.044099518288135,-0.3959790984431367,-0.37748954967713055,-1.5258291366339376,-0.8610363709601112
2021-10-13,Rain,-0.12245616037315069,1.195707835622593,2.7142782267571306,-2.3655634103903913,-1.807143383668848,2.421407016645961,-2.2119532742448063,-1.22363321626275,-0.6274119553781732,-2.538130690822373
2021-10-14,Rain,-0.8927824498353897,3.455727091351016,3.7775835093761065,-2.3202940512488803,-0.21556446765152756,-0.1924183847823722,-1.719361160374293,0.23700859211647482,-1.800496382302155,-2.0174943588827534
2021-10-15,Rain,-1.7804330750142963,3.2529761833296544,-0.621272624333128,-2.6857794609798256,-1.3283260686780216,1.6823918998436098,-0.10540120742370358,-0.7556043403269751,-0.045024492020710544,-0.41174705625174846
2021-10-16,Rain,-1.8429899027508199,2.969224039680203,0.49070004106485604,-3.636101045754276,-1.2043436834045602,1.951927174643831,0.8928394209858523,-0.6091813257212304,0.05184705224851101,0.4290669275801035
2021-10-17,Rain,-1.7057003337716097,-0.22088694961471803,2.4558899987561063,-1.4060609162999285,0.48487210564006467,-0.6467116250860098,-0.8531353348603518,-0.20787688630097761,-1.181932129247025,-0.7366402822397304
2021-10-18,Rain,-3.103950034266414,2.041584728635677,-1.7328251823616352,-1.9968206424249675,-0.9014358141796694,1.3956857492291945,-0.6312774009631967,-0.9723253949813202,0.4973403176996349,-0.04689536445036357
2021-10-19,Rain,-1.878504636681906,1.6095814970058793,-1.0535437715035567,-0.8349612085410608,0.5587719011760579,-0.6843091840385884,-0.7747811297428092,-1.0178375323928988,-0.6568323895824243,-1.1172395218355953
2021-10-20,Cloudy,0.7390321269651424,-0.0106806484574233,-0.6402404806983665,-0.11602065338047043,0.22451105186493256,0.23831482391885514,-0.6995431934900481,-0.5575952817337837,-1.464426927184956,0.16030238282659742
2021-10-21,Rain,-1.050282714921871,2.749990328693522,3.9871538476082997,-1.657705176487252,0.36727604839896505,0.406134621100167,-1.5793006911314076,0.9929845200115773,-1.7327386797440314,0.29240106718328934
2021-10-22,Rain,-2.824232187118092,0.05651101682269672,1.185322530848024,-1.4072741509111775,1.2763214905672426,-0.8028596129915444,-0.843357908760862,-1.348456977116468,-0.09824664561865507,-0.38251403003747814
2021-10-23,Cloudy,-2.0301614255490805,-1.9712271276811983,0.4602924162724888,-1.1924968550265367,1.4468471333778312,-1.074295864447881,-0.04867921587535938,-0.7301447310318849,-0.29225053352858904,-0.4359395359584903
2021-10-24,Cloudy,-1.260780565141273,-2.6844883690770764,-0.7438022442888713,-1.506368853042071,-0.4248855383227232,1.916152830936795,-0.5084416215091071,0.004698529786488469,-0.07348682233123864,-0.16761907413245766
2021-10-25,Clear,-0.8195359933141481,-2.8133289661524037,-0.31289904341256003,-0.5182262124179537,1.2449482170552515,-0.6587138146960738,0.47008513450095396,0.8393939222583788,-1.5614904328138515,0.47439376345205186
2021-10-26,Clear,-1.2791700992048949,-1.7674344521663061,-2.2324347742162676,-0.13504454035449465,1.0295154023261803,-0.20664221907039393,0.27265278795046094,0.6686042274090621,-1.614673038546159,0.23078977898529046
2021-10-27,Cloudy,-0.49830025773611136,-2.0315768886849424,-0.9484616766812127,-0.08279765363143958,1.2837659575312497,-0.192239270266524,0.03830948474190795,0.7383298098379323,-1.8665476430716346,-0.5394674523294549
2021-10-28,Rain,-1.992423743117172,2.101293881801744,-1.9396156272596312,-2.520780643361086,0.02453127435328423,2.3500331935141148,0.6661084722892862,-0.3597694797306694,0.22314703128577373,0.1674752133288585
2021-10-29,Rain,-2.170607146781002,2.5170809724681384,-2.0514852172218636,-1.845800643729589,-0.07670970021759532,2.1289649882445394,-0.7860041211743718,-0.39682870179733815,0.42989753178237,-0.5234523338856877
2021-10-30,Rain,-2.6566337668750744,2.6527792685933598,-1.1894610712481248,-2.4623225100392188,0.26482874824178976,2.300247551244661,0.3771836324288239,-0.8314314708354721,0.6628674734942867,1.473117047269963
2021-10-31,Rain,-2.6991968364621415,1.9237253556880205,-1.7690866051220546,-0.6918727926665823,2.162575187711068,-0.9059140037499183,-0.6833496640580493,-0.7367040027628036,-0.01234926784135737,-0.3168126792704694
2021-11-01,Rain,-2.562584052355369,2.145795000647,-1.3636576861255436,-0.7710634327853999,2.197790515249817,-0.6811765199108791,-0.5674272721718259,-0.6145505297755152,-0.23240985015425158,0.186563982697929
2021-11-02,Rain,-2.23952112492741,2.2324364633821854,-0.9264184813856361,-0.49538906220272194,2.1376280081771104,-0.2318236801029465,-0.7981146681733937,-0.8601181229715822,-0.7278895921629118,-0.3923678862911776
2021-11-03,Rain,-1.081635245603199,0.6857908561469342,-1.89991290140346,-0.24286965693618842,2.2064890695751944,-0.27153551306250595,-0.41601320211807324,-0.7090407914526798,-0.37500923590436774,0.6937993147542499
2021-11-04,Cloudy,0.35244316328932485,-0.5806879943056643,-0.46536017534122665,-0.5749118419386486,1.701429820030022,0.8965744300975863,-0.6313443840818899,-0.18150341269528134,-1.137030334169916,0.6907576603485854
2021-11-05,Cloudy,0.9980434136077072,-0.44338155033860066,-0.2705127722245387,-0.9122378370791627,-1.060136118791473,-0.8923731606427483,-0.6837005884671459,-1.0812452128848407,-1.123189316258238,0.22487088437566954
2021-11-06,Cloudy,0.7857597732189803,0.46522301193224014,-1.36818952532398,-0.33222947487689397,-0.9400925105696465,-0.8151249389410999,-0.7048159475069032,-1.1329239907808208,-1.3415158173853279,0.3540460796141697
2021-11-07,Rain,0.8861682167522342,0.743891924976126,0.5331256423836939,-0.7497347042932788,-1.1511443130909444,-0.16318484849307874,-1.3767889497696417,-0.5571593048765109,-2.147943236146895,-1.4241478016107918
2021-11-08,Rain,-2.7237139278282907,0.26124464585281204,3.842948814179436,-1.7485208184949967,0.0033055650670267517,-1.3221083038379038,-1.2725295971837087,-0.8455141220539749,-0.8546807422480209,1.1793127440518891
2021-11-09,Cloudy,-2.4386479238157177,-3.514953230916712,0.6254035965509835,-1.1779454651592982,0.015877377078717253,-1.555557160687096,0.2523344906762356,-0.12781051165472246,-0.4680558551443605,-0.6919763194693479
2021-11-10,Cloudy,-2.1171934293455617,-3.751230588497306,0.4903848955541017,-1.19129450214112,0.17916995108113118,-1.6497742671695497,0.2712515572600952,0.014131461557943361,-0.5380364881103532,-0.8454387780098939
2021-11-11,Cloudy,-1.9731831123803474,-3.3367599381460833,-1.19417742531167,-0.6730008020134777,0.1671951981547048,-1.5286493629329725,0.6906355116615224,0.29733202397638736,-0.7464269360882796,-0.4148313485668283
2021-11-12,Cloudy,-1.865222347631054,-1.6680192243206662,0.2801673194863338,-1.8898945635606665,-1.2248939779296009,1.1883781085168026,-1.0624281394294297,-1.3872534238506047,0.7987446233504769,0.4081582735755741
2021-11-13,Cloudy,-1.8979894867879867,-2.7231482071862754,0.07389416611446255,-1.886835111829798,-1.1257879334099863,1.1337940743213397,-0.6656961202389745,-0.7321363110671902,0.6190255176760244,0.2342051467641038
2021-11-14,Clear,-1.6067964193043807,-3.1851560102267182,-1.5117022570612821,-1.3563616117181665,-1.3063166979076384,1.2270730403518253,-0.08918591282911127,0.2210943604024068,-0.023344309852927788,0.6678873858394009
2021-11-15,Cloudy,-1.7390665574514945,-1.2846508894065094,-1.0112687768391893,-0.39106244754810016,0.10312466892395578,-0.541483421406562,-0.09287083055698528,-0.3218852387496321,-0.8028401666384617,0.8159257220230453
2021-11-16,Rain,-2.8138250631811546,1.2609853740516586,-3.410507417218869,-0.4939930062585812,-1.0272464853370482,1.3508771810791222,-1.1474239116801226,-1.2618645578565006,0.33418394816376223,0.4450788054164313
2021-11-17,Rain,-2.8905848780226333,1.7608487639192199,0.23911752424161872,-0.3073204129822543,0.5172159840017051,-0.45212865439566363,-1.161972542368525,-0.9532913129839767,-1.5547674571098244,-0.7662098053542452
2021-11-18,Cloudy,-2.755083758178009,-1.41698013121787,-0.19441637482275864,-0.7281959832260189,0.9994100192003,-1.1934777288660352,-0.007672923751211386,-0.6697183381369876,-0.49498443599829345,-0.14031854537577151
2021-11-19,Cloudy,-2.502158703026826,0.32160914757118814,-1.097982658062771,0.5280910469452511,0.24131749622724027,0.21022159123185113,-0.382532577294133,-0.4524775542338753,-1.4101143097858402,-0.5718621658379682
2021-11-20,Rain,-1.3832901945250569,1.6040050225040854,-1.8342953577793897,0.06408070821880604,-0.20190288772327342,0.937066663190419,-1.1615364611026051,-0.15421917388188333,-1.1794793165682238,-0.7357746478457818
2021-11-21,Rain,0.36783190842457764,0.329402396748804,-0.02820458811006523,-0.46708037593086466,0.12257026335953422,0.7763124402227919,-1.2562828472394492,-0.22495623271749673,-1.5105396097393902,-1.0060178197878997
2021-11-22,Rain,-2.5681720428048296,0.5553729829869253,3.2935154979623955,-1.3218480151261145,0.9964020707787127,0.006144311167979967,-1.373451804327364,-0.3819273716085109,-1.0980582697279186,-0.07025289068298309
2021-11-23,Cloudy,-3.585603573218657,-1.421600596928603,1.6353712758749017,-0.9702706042157709,1.507087457926793,-0.6349117402493228,-0.38180228053192805,-1.0025686234517408,-0.0019407692177153893,-0.06317393024494422
2021-11-24,Cloudy,-3.219047540278368,-1.7301175064363352,0.4477266765855188,-1.6132156429187408,-0.02861224779451275,1.829041885666327,-0.8375636910592267,-1.1760835478604836,1.2121571586874367,0.7451289603919552
2021-11-25,Cloudy,-2.9085292691788505,-2.3613519659161235,-1.5074675133319053,-1.0274956152068175,-0.029863127226663025,1.5884213536661764,-0.09306065193459152,-0.06252402272982516,0.28402092753287217,-0.04513889718886366
2021-11-26,Rain,-2.4112820952131604,-1.948615230780452,-1.4896072519585173,-1.224371702718242,-0.12407559700490847,1.646843556500775,-0.42800220955947815,1.330358782607506,0.241078281498486,0.5286533232852549
2021-11-27,Cloudy,-1.904375149728996,-2.7329120014640402,-0.07182865454964389,-0.4686697639014735,1.524519277900977,-0.41337164307481583,0.2435615285413414,0.6070781083227292,-1.0945495851306561,-0.18410808572053453
2021-11-28,Cloudy,-2.131441465993622,-2.98987566525696,-1.6823678231240073,-0.941749466204109,0.1284353593925244,1.896471522501064,0.004191839328849143,0.3313773827049823,0.2959094731195701,0.18902230682602106
2021-11-29,Cloudy,-1.5238093588129653,-2.5298415782872707,-1.8322561230199348,-0.9696252009439439,0.3080753500031714,1.8585661341577069,-0.22190015210552716,-0.14815896958995822,0.6737107468102757,0.20482303661537155
2021-11-30,Cloudy,-1.7301159901256873,-2.2375559041689317,1.2472384937546641,-1.5603221242822718,0.152842334485758,2.783243379659543,-1.0907678987519935,-0.13892260444835394,0.13321176280789102,0.5145524008900765
2021-12-01,Cloudy,-2.6688578273418835,-3.356503631013647,0.6071657610669525,-0.4835469513325218,1.870605334979969,0.05938149303177264,0.3135006797898874,0.6956833599195503,-0.6568488318221377,-0.6423714086333671
2021-12-02,Clear,-3.226520220718719,-3.9140408642476703,0.18006391097759228,-0.6753722466592298,2.0699284680200467,-0.2453681878627915,0.7856350582168992,0.9784437095190975,-0.5860405583229106,-0.294611843106498
2021-12-03,Clear,-3.153277476036409,-3.575188864731388,-1.1377279949572172,-0.843474029015992,0.3122636754829028,2.561079983578497,0.210899517389259,1.1639312927000622,-0.1528527833920949,0.5751226183168872
2021-12-04,Clear,-3.321695167988462,-4.094372454718103,-1.8781931470903115,-1.3402781898312588,-2.41809389260593,0.7571423303323305,0.37513398257026387,0.7118833840535518,-0.22690293094909603,-0.138524192880762
2021-12-05,Clear,-3.1739182710511886,-3.586597717418147,-1.3565368713003387,-1.045906332580095,-2.371372481333777,0.9403584809261135,0.20659176153717504,0.9812922173490036,-0.8908155059281088,0.32532998965246773
2021-12-06,Clear,-2.8239567348224526,-3.7600251928744886,-1.4303190557569936,-1.3535782672963435,-2.3337228215424237,1.0155446827169403,0.23415535694154252,0.7357928835765367,-0.3959450910258863,0.4389337051938571
2021-12-07,Clear,-3.3292810494598455,-3.7594632395467524,-1.3330686180323192,-0.6128753505659532,-0.9088696583021614,-1.0111181358886208,0.9350065672998122,1.0468608893239872,-1.1208741348531732,0.3792109294471646
2021-12-08,Rain,-3.5211222868931515,-2.13080693058061,-2.325002593425385,-1.045496997445312,-1.8690547291522783,0.6988774567249967,-0.04869520012722489,0.03622261269030944,0.42705347783602926,0.14930554737788307
2021-12-09,Rain,-3.4288455126735227,0.4622908282590354,-1.7819362309009175,-1.3722037845317325,-1.6485091738697226,0.44064479358662006,-1.2073000141771677,0.6042481914426228,0.5732197103148191,0.0030881763156295093
2021-12-10,Cloudy,-2.5312417891756707,-0.927674903381299,-0.9032919894307112,-0.25684856125825706,-0.8771811516987809,-0.1735452445607028,-0.1935477370630598,0.18824427689990236,-1.6145816628707632,0.7575802896776809
2021-12-11,Cloudy,-2.6057499161599047,-0.7653976299549197,-1.549778912454384,-0.14559786218845153,-0.561805141988659,-0.3651363044190441,-0.20232958533530176,0.004636376158513466,-1.3523644244262778,0.6784525225239578
2021-12-12,Rain,-2.361957070761819,-0.6103844585342048,1.2596208472817285,0.046790318504950634,-0.4042392869424546,-0.29289872399278966,-0.5709935970884086,0.8890649557265411,-2.4896880197802194,0.051506827771277144
2021-12-13,Cloudy,-3.7157293956447512,-2.0500945650867757,0.9219175737473898,-0.7055360842103208,0.339490272584928,-1.24840321271932,0.17853770808720587,-0.27472147710608397,-0.5873107771242772,0.25857678750156626
2021-12-14,Cloudy,-3.205069053252472,-2.30942218905452,-1.1956534260184417,0.0016661189196982946,-0.265430281344223,-0.5247238741634082,0.5947293603929147,0.7934148546723476,-1.4110632147976352,-0.07965135731599401
2021-12-15,Cloudy,-3.3049220588849453,0.033875279136250776,-2.229286730064309,0.8635962848289875,-0.43068213800943583,0.04861125711085575,0.019521731087845183,0.3782493070286829,-2.0391768485649484,-0.44014028442954684
2021-12-16,Rain,-2.5454973316392073,-0.3374178107236764,-3.8518997959244516,-0.22653871444680912,-1.2097081462182409,1.25360732094853,-0.42794653935327465,0.3261778310863135,-0.5415897014856412,0.5602553571178688
2021-12-17,Cloudy,-2.3967315512648115,-0.8066842387330351,0.5860481660490873,-0.28327699417124513,0.4074503243826182,-0.5427705282607495,-0.3562644991931876,0.01927485246590954,-1.6853917222538906,-0.08707445432021976
2021-12-18,Cloudy,-3.1036823247130503,-2.6466276417295758,1.3534677492221092,-0.7851499726826927,0.7306950934391568,-0.7498920604937173,0.025808522797925556,-0.030026522039016373,-0.46284469639622455,-0.28296091290128916
2021-12-19,Cloudy,-3.394438826136417,-3.231222838645084,1.1922054647350304,-1.5250440474286342,-0.848937949307631,1.9269973146749793,-0.4345025502854824,-0.17546764018681277,0.8512537632402725,0.5739267699026711
2021-12-20,Cloudy,-3.465025613437792,-1.0370795714916698,0.4785782381071202,-0.6007575948334002,1.1484142215231374,-0.9620195255568357,-0.15313045707171546,-1.3452726709865823,0.6255331606365201,0.036444282858137764
2021-12-21,Cloudy,-2.6788122410315105,-2.4747444708478366,-0.7936573958899422,-0.8436181413389084,-0.6853653509645893,1.785605015966033,-0.17812954163866265,-0.038267277043397135,0.4888395021294122,0.1601884875881409
2021-12-22,Clear,-2.7100696802522353,-2.3138514877504353,-0.9362774975445951,0.28325734507825157,0.4663010894709629,0.034325372365995095,0.5430047457714899,1.010743690629593,-1.2012442914207604,0.9475360477665528
2021-12-23,Clear,-2.5607832869375136,-2.451687646856487,-1.322640105687996,0.2830240007244201,0.20721631873790036,0.623499422761014,0.45832799999630436,1.3299603840532133,-1.483307123508622,0.1632824257248508
2021-12-24,Rain,-3.2331855203793336,0.17375004433743338,-2.1773726936766953,0.47797636997020365,0.8319153843993967,-0.33214966320697403,-0.10834128466308615,1.232944234481903,-0.843363015223771,0.5296544069864151
2021-12-25,Rain,-2.7455018850693125,1.0725374905106018,-1.0362332572642765,-0.4895905009429635,0.6393714294772378,-0.0893886907074397,-0.9789831012562084,2.9304888845624784,-0.5865493623881947,-0.19076914113235738
2021-12-26,Rain,-4.199645897764447,1.014094960632422,1.6417514888925913,-0.6548949748393417,0.9986149126576569,0.3010363392309097,-1.0623834020932317,0.798255237045707,-0.6299200119537312,0.0054532892828521
2021-12-27,Rain,-5.937327753699285,-0.22627636574700036,2.0561184822894587,-0.6987493248470644,1.599697207022392,-0.29335716192971123,-0.3110902982780346,-0.8283116349708428,0.49918999051568586,0.9730956515364148
2021-12-28,Cloudy,-5.647154189348979,-1.0516195680805944,-0.17609110531212754,-0.12125822310294922,1.8410762405532195,-0.5697851895584071,0.40955841426301715,-0.7748967885091975,0.5275610489983684,0.06342939204835968
2021-12-29,Rain,-5.242696221215094,0.09693012548846866,0.007253053953566869,-0.185839009002831,1.9332413784634463,-0.5246662461543542,-0.07143362070233296,-0.9017020621887346,0.651691461633183,0.17666928553226402
2021-12-30,Rain,-4.963351601021567,-0.2932653579460341,0.7229448397191882,-0.48215894257680497,2.120560992822977,-0.5750873399010102,-0.22632145669301784,-0.49012724370058486,0.8836263448467594,0.06752283925304356
2021-12-31,Rain,-5.302644182148881,0.43436882637568014,-0.5365101597646285,0.11810749059139213,1.9633167005820817,-0.36530247679373606,-0.0026688421466351695,-0.0643246960838232,0.23026902261743656,0.5082211220749302
2022-01-01,Cloudy,-4.695668078463716,-0.11944242245322816,-0.037285259032923276,0.15184137960568536,2.1643957869100863,-0.19465712203438187,0.05022233319925608,-0.8205800323220203,0.12922243105767436,0.1592106603815686
2022-01-02,Cloudy,-3.530935248749606,-1.9386108154371973,-1.5108380273461761,-0.35083436116432093,0.4356757385212265,2.4563163396224588,-0.08930762512352967,-0.1863617765624489,1.198031162874602,0.46090810042731944
2022-01-03,Cloudy,-4.388039849945479,-0.7933724474330338,-2.733205891770105,0.12589795277089114,-2.657392531620229,1.0641248603126037,-0.05910986004982282,-0.15915042712619776,-0.34383827594706495,0.049177947989338305
2022-01-04,Cloudy,-2.992211633436279,-0.6025477898946092,-0.1978396768159625,0.1395071030020109,-1.2649608749399495,-0.5045614018845619,-0.10878494365447738,-0.1691911110912866,-1.0871230892189023,1.2103988562928547
2022-01-05,Rain,-3.0408782822917653,0.3131373463081182,-1.5934830132510867,-0.04016627569313514,-1.1252942916335293,-0.9908010227515839,-0.23877412317898675,0.7754132705751356,-0.8008286954205553,0.769698389516011
2022-01-06,Rain,-2.3538022913198176,0.40020133822923454,-0.5649484427225893,-0.6508862818809728,-1.1120702680911654,-0.9051074635226628,-0.6631320189801787,1.3054488283358656,-0.41168271002534557,0.5748235307285685
2022-01-07,Rain,-2.4736124929241594,1.3827900295681492,1.3271613788374026,-1.3150832314241792,-1.0940404183893424,-0.7402751804047724,-1.5140425232074244,2.127812101443158,0.3533585224303026,0.19597849525529554
2022-01-08,Rain,-3.5138800427334234,1.4091541030683903,0.6868215174038633,-0.5308944293533497,-0.8158428177837747,-0.6540366989964174,-1.0164108776709986,0.6283788385907815,-0.11129640405704631,0.3462425930347343
2022-01-09,Rain,-5.017556797388183,1.36814293605604,0.7071476539819712,-0.23854751604446764,-0.20302162882355762,-1.2805150383014654,-0.2855166472171288,-0.34534337910766805,0.04441687989737957,0.789500277529705
2022-01-10,Rain,-5.3527958798564095,1.5602797160053306,-0.4601000317271789,0.6261673528081287,-0.29022850356974733,-0.9552566055311499,-0.15495618402671754,-0.3253047897975328,-0.5608349930757661,-0.011000140438430284
2022-01-11,Rain,-3.7399391696611626,-2.12008650253112,0.87602113317082,-0.6095953968771891,0.04815710061032051,-1.2696248048925771,0.41170449270034454,0.4123728167680237,-0.3483600753957762,0.34378512838976366
2022-01-12,Cloudy,-4.042773019007765,-0.7390474181821409,-0.475251249482322,0.27796972991266095,-0.29082920870909024,-0.5097227370662863,0.20869691916997116,-0.7414455341086887,0.15275620766761447,-0.0746606200371827
2022-01-13,Rain,-4.93613249934784,0.5262425276819984,0.17428040116520657,0.03672963867586332,0.2993146814135944,-1.1847494150840006,-0.04311996965120059,-0.8496331297791073,0.10152079345930157,0.7876497052534565
2022-01-14,Cloudy,-4.531119279023383,-0.4536386109923206,-1.8243686173894933,0.7936633944909062,-0.1198306125090184,-0.5109994239317592,0.4106728148523692,-0.09104778316753147,-0.6561576619187633,-0.26639541480966167
2022-01-15,Rain,-3.8258113374257317,0.3610856467909349,-2.5746385065353774,0.5335373144992147,-1.4453169799023786,1.6430425185086597,-0.3886824430160255,0.27870321376753154,-0.46351932565193926,0.11632537991263404
2022-01-16,Rain,-2.811706634566511,0.9792602320460035,1.8637770922982193,0.7866599676419986,-0.3648425098762721,0.5011992229128936,-0.761422159358775,0.9363642982857249,-2.066538657823805,-0.06655207105733528
2022-01-17,Rain,-5.210826281117378,1.2840964512522222,0.9472814038819658,-1.1547696858245766,0.639000167758662,-0.9946065051583673,1.0673256151099335,0.4053752917287994,0.24349701053171854,0.8819295924455318
2022-01-18,Rain,-3.4622020481299147,-2.4738283231610194,-0.5891958757963323,-0.9780252407339785,-1.0787099881129265,1.64050335555221,-0.04588585349527072,0.6109040673456997,0.6538784205954623,0.6746448530355648
2022-01-19,Cloudy,-3.5924345420233497,-2.5060330130684396,-0.8999639359373589,0.5140434986551482,0.3763278542218704,-0.460306888433079,0.9962721496300422,0.8556740526956111,-0.5492276693116752,0.4133609505734058
2022-01-20,Rain,-3.7764203596260106,0.5033119215013753,1.8300061620745143,0.2316382250892039,0.1617428637825663,0.3787755672881771,-0.22413453612226789,0.8111822418223809,-0.3041792449721615,1.5308421772911232
2022-01-21,Rain,-4.838774864913548,2.391855337459504,-1.5271238611185753,0.8756111467072504,0.5390146710346868,-0.17595316128188984,0.031208513090976678,0.23840739716289477,-0.46663811523881804,-0.4737426127027291
2022-01-22,Rain,-3.6790087956498145,1.6730485989454278,-1.99603065231522,1.208697514252387,0.48402096885054124,0.2240836992369545,0.2802090627016319,-0.3794159340984689,-0.3112900626228866,0.06936073275426749
2022-01-23,Rain,-2.657727825758497,1.22389886090172,-2.5259111712006135,1.2399263470894388,-0.024073124960087434,0.9986277661774859,-0.2944555670648703,0.3267664635336455,-0.140418184246277,0.24483077388885457
2022-01-24,Rain,-1.436815868081965,0.7755891656966764,-0.34774227960533977,0.7164547144784797,0.3180746431588603,0.6730380523820301,-0.5675618104825074,1.2894316242589645,-0.23269860065449172,0.3731555345961951
2022-01-25,Rain,-2.5787522923715485,1.606049121650952,0.5013768883564462,0.602461942925459,0.6317794379714412,0.8484301131438154,-0.736905555808574,-0.6318453939650557,-0.25279689329378524,0.47372963711708477
2022-01-26,Rain,-2.626154911002497,1.614382473833532,-0.4065071771172798,0.930242085983476,0.7255969467113368,0.8227137724294025,-0.5128111260960471,-0.44351467916346,-0.27851682826513646,0.6634069639546486
2022-01-27,Rain,-1.6860624192190463,2.5771065201448033,0.6148215863916726,-0.2533518729353134,0.6204115175243217,0.3590901869033299,-1.5045552477528361,3.0699264792516634,0.8779504415623512,-0.0005243390403812559
2022-01-28,Rain,-1.511577263474509,1.5140870347727848,1.4021959004196596,-0.1565157303655709,0.9759051841157677,0.5683757553456885,-1.1254795011778023,1.1229970220996337,0.7051406657274473,0.2500817504613458
2022-01-29,Rain,-3.8633531115406265,2.2077203731717114,4.244279887419802,0.21092775670742844,0.9868339333804224,1.4947590857647137,-1.0964635189421874,0.03428754623589739,-1.0842262921086825,0.785148268580296
2022-01-30,Rain,-5.865942708394176,0.27868914612040707,0.9924233574928262,0.18088708775644327,1.9444327652250828,-0.19304630506757292,0.22678253034826032,-0.4324431993985152,1.337429379627372,0.8946103357135267
2022-01-31,Rain,-5.9425627210946805,0.5061683728864881,1.6329009385897373,0.15483006887296835,1.8250465729792809,0.3454243711181876,0.009812773785249203,-0.671484714342893,0.5629662573659747,-0.7352124376333095
2022-02-01,Rain,-5.820227765474199,0.12385922173775639,0.7136927384406295,-0.5527751098603302,-0.6296880904425404,-2.2307670423758403,0.15162740963685295,-0.29768459634013494,1.4612327667619383,-0.22233200705187386
2022-02-02,Rain,-6.0613015209502565,0.7121594809666518,0.7761357419237487,-0.6059528470030948,-0.6178275091896399,-2.172302975813882,0.025492459801836093,0.02644485705740849,1.3684025773182902,-0.24923356762962012
2022-02-03,Rain,-5.10657632022421,-1.3393476472160666,0.3576255952029112,-0.8181265718081487,-2.1621682182156086,0.7887448880251691,-0.11638907753484119,-1.1878299346653036,2.2652357624358146,0.16605497082502652
2022-02-04,Cloudy,-4.3891938362526215,-1.8324641575824547,0.12146056259464327,-0.6414958229322638,-2.124344783277885,0.9680346264908102,-0.017349519760198384,-1.0548619570318538,1.6750292676343537,-0.17864068771040506
2022-02-05,Rain,-4.89864556684449,-1.6003583706396292,0.5602887658963293,-0.11374228779840326,-0.4620749433541043,-1.598775764544152,0.719383768331496,-0.004443789703264476,0.33145326619630294,0.34943389014944437
2022-02-06,Rain,-6.088321307560301,2.1143008895060147,-0.8659067089998842,0.2492042465861168,-0.8446061344023614,-0.8515133466113579,0.8958498088558143,-0.07077237264479849,0.017224351807804166,-0.43947110427611047
2022-02-07,Rain,-4.107328426748714,0.4785712306996923,-1.1593230886036963,1.3873203189302274,-0.6171489682683394,-1.1128896408780313,0.4918653255076553,-0.3185542933579211,-0.22165930166274433,-1.0920243632435425
2022-02-08,Rain,-4.8253294455143125,2.110667667744976,-0.2348706402592461,0.7771575410037703,-0.5625664441846246,-0.810707597609993,-0.13163352891359584,-0.02945550710690988,-0.15324185874665244,0.2780051589347436
2022-02-09,Rain,-5.491034340247135,1.1015490850521947,0.9576046296049874,0.17284409311100024,-0.2285245984839124,-1.1130911808431816,0.15526227397665088,-0.7184356592192348,0.5811292203091832,0.4247139913452366
2022-02-10,Rain,-5.455699195231997,1.238681396567429,-0.8082298779585209,0.8820085510939049,-0.3104072916668522,-1.1026114106500016,0.38424899639050136,-0.0020229555619070295,0.6534503208361253,0.638064431594177
2022-02-11,Rain,-4.770797747810229,1.7791765561060124,-1.8777699902678053,1.7697368835632012,-0.3622067748931427,-0.8214352465687348,0.3497691994739151,0.034919163090288294,-0.3053119476655229,0.03305688063439559
2022-02-12,Rain,-4.966608238650113,2.4147045849552757,-0.7246004952135328,0.9392339119264351,-0.2044457821041468,-0.8980861677811783,0.07351915035688966,0.2897557587225928,0.28810931419350927,0.9680463789028549
2022-02-13,Rain,-5.182552996417027,1.4728315394781932,1.2202884915173633,0.08750231276124311,0.08568164143138111,-0.7954862929717014,0.34644063846559486,-0.08378512982287213,0.3772583136819539,0.43632992103176954
2022-02-14,Rain,-4.148697628366112,-1.3910831448491825,0.7642375526940854,-0.060161915231643166,0.24968785945998212,-1.0521022042838768,0.6428090891153047,0.43898269058655437,0.7092123587556285,0.6231683662892692
2022-02-15,Rain,-4.538344752342873,0.7011893161867269,-1.0871321507844725,0.8880222462322244,0.3764621286575682,-1.0250524421154077,0.45353018264663125,-0.9228924332609891,0.9125104778328681,0.002173368976232926
2022-02-16,Rain,-4.742881651041524,2.068244135923674,-2.3360490853127907,1.6209125094739152,0.2619583978395269,-0.7178329223400393,0.39735333839450077,-0.2748745647556777,0.21807187789183066,0.01792652221517901
2022-02-17,Rain,-3.5218064577474872,1.8299243555396993,-2.563750680672218,2.2516490501230684,-0.09649578828532325,-0.0814023060875991,0.21901104507350214,0.2999054146188584,-0.37463496075415,-0.7669434375043587
2022-02-18,Rain,-2.896582123255032,3.1895204859153328,-0.5226766186866655,1.6526239850011926,-0.35385123411042047,0.7646570754708287,-0.7918748944286413,0.4822788176291476,-1.0239547743161106,-0.014209977065271252
2022-02-19,Rain,-5.146021874015786,2.316996794934931,2.780251223269529,-0.7455221920592503,0.47762641621221275,0.09173317171363478,1.4903930066484694,0.5315934239206378,0.10536043469352258,1.1634530095684303
2022-02-20,Rain,-7.342257732609366,1.8477027958358399,2.0271316982064924,-1.0695797048803777,0.7449026311988779,-0.18712891021799408,2.500464312717718,0.5175486374396059,0.7493319093227623,0.7340855758351034
2022-02-21,Rain,-6.3516242232668505,-1.29864648333874,1.9993169674581994,0.2534760807922611,0.8901187507401506,-0.3576688793133066,0.8008159391929869,0.16337868045287224,0.6211694172196569,-0.19144191460246468
2022-02-22,Cloudy,-6.217061925288272,-1.052507267504767,2.314294394543684,0.49801331336053484,1.1147513212338622,-0.26722131599385585,0.6899853863273474,-0.5493969639998556,0.8127187541270062,0.057185815460624505
2022-02-23,Clear,-4.368817536977395,-4.463653616100253,1.2903848669369882,-0.19931762316751736,-0.8156829365760802,2.5651168223699274,0.7924928628400889,1.2186000487274924,1.216420764503122,0.38733399417929765
2022-02-24,Clear,-4.425553235649275,-4.140874021416428,0.9727366952283643,0.6388985287896424,0.7003192571028268,0.1987840039786278,1.5026676765831872,1.4699436459932114,0.21028330607652704,-0.26735788630497065
2022-02-25,Clear,-4.240657065903924,-3.3530262823595813,-0.46074220598570603,1.1264392380771822,0.5854062219561424,0.5245579415420262,1.5642402257243466,1.584639286855502,0.04572311573873193,0.7360201084318788
2022-02-26,Cloudy,-3.9841192980238627,-1.6727493600655572,-0.700651101119704,1.8830612484290525,0.917702530603952,0.4505235939431572,1.083762621790155,0.5595863190885473,0.3582021078317661,-0.4620420912980592
2022-02-27,Cloudy,-3.284738982921679,-0.904834784103617,-1.7546581377588228,1.5007627779679187,0.03435364415864644,2.0497891997834454,0.34939887489669486,0.1453698886620225,0.832126208389717,-0.4571092590041972
2022-02-28,Cloudy,-2.368695826344694,-0.7850535319668182,-0.0003407161792352441,1.9469428569657026,0.6479832572684515,1.44008404567005,0.44459927091016216,0.7813327956706946,-0.4950193507403926,-0.21400740474789628
2022-03-01,Rain,-2.9951773743512793,1.3762793403549747,-1.6161069890689557,1.007740320926972,1.319874340797283,0.16889815902821298,-0.16376862801261932,1.0688103706915388,1.2821128422042374,0.21578998025366494
2022-03-02,Cloudy,-1.9264214444043137,-0.21561187105340415,-0.9916172408920149,1.8720559830385444,0.7465841226667568,1.6637392192495462,0.1914012854560666,0.45074524123499454,-0.2522911435219391,-0.4601490666404966
2022-03-03,Cloudy,-1.659647739226837,-0.13338996580211887,0.7058404039148365,1.4106134561503354,-1.931736070033509,-0.12985107908240978,0.1589103399577204,0.0433946762559135,-0.9706028539690695,0.2483366497200628
2022-03-04,Rain,-2.2500408423541023,1.930160442241432,-0.4930304768811564,1.3786756012533834,-1.7007814622573492,-0.4345507258312192,-0.38608535295996205,0.15871326807219005,-0.23680342584127598,-0.5365926078323398
2022-03-05,Rain,-2.5840066109227404,2.63154383150622,-1.4145014810152798,1.5466919984029683,-1.6321645823252215,-0.30724122307728235,-0.4274741119930714,-0.3690142669979784,-0.5111357433043088,-0.7426760898273624
2022-03-06,Rain,-2.0119454803042314,2.5385269235869803,-0.6162158617241678,1.4764601268070052,-1.610247273730927,-0.18969005097833808,-0.5837587299070868,0.09027330805737464,-0.4524071983327863,-0.6032599894852794
2022-03-07,Rain,-2.025971312616917,0.5459009327014924,2.3024721413317177,0.11543235326580581,-1.0349728319387423,-0.648824907121836,0.6468769643181261,1.2393078742780606,-1.215247942526093,-0.09785009477845051
2022-03-08,Clear,-1.3334501497175868,-2.7627940125396884,1.6575545130613865,0.9656999251626792,-1.5408341483664372,0.20220710254290566,0.830738584737901,1.316770518265499,-0.9364906157755384,0.3948916831945969
2022-03-09,Rain,-2.583507987576969,0.09600113806991549,1.654468354082241,0.5538841456163276,-0.9405443429503432,-0.3569723451905028,0.12735818852434344,-0.3676102957542821,0.22841942502180712,0.48218889235396967
2022-03-10,Rain,-2.5004936171194756,1.2680540696073628,0.1307353419642233,1.171904887984899,-0.9409930367647762,-0.1663564316602235,-0.021386213663816652,-0.6344118981902741,0.10025066670133245,-0.14553654309071004
2022-03-11,Cloudy,-1.5946041136246978,0.22458671282384812,-0.2694534946386747,1.1951642789590449,-0.7126425640051023,-0.4370180537417709,0.2934806500901409,-1.1088472829049445,0.7126439685625221,-0.47302769944379863
2022-03-12,Rain,-1.453713822750104,1.1796217831567195,0.6396144288269554,0.40647180851133774,-0.7373045442213269,-0.3510970047268302,-0.35452011274037104,-0.0680083585987184,0.5857670865572063,-0.01874828202612959
2022-03-13,Cloudy,-1.3442912042867987,0.953007174536424,0.45464755606986085,1.080228874953977,-0.667417866422072,0.030623959177832602,-0.08634056873081601,-0.9589628549981125,-0.010299335107009203,-0.3776763927580676
2022-03-14,Rain,-1.3794387797758858,1.3653866630162639,0.09130873983034106,0.8915886793892982,-0.5538272531252731,-0.13588895266225828,-0.30546905976148453,-0.4925410866498016,0.4791255578339405,-0.7541514050374903
2022-03-15,Rain,-0.7547819711589587,0.3005455326404171,-1.6901913520418295,1.2675681437096658,-0.9037403144287857,0.41769595525227143,0.10982141459161435,0.1459884465407997,0.07921233756811007,0.12441124010142135
2022-03-16,Rain,-0.6900456297145596,1.5647822702850291,0.9945939542261276,1.2728266372169248,-0.7896165292829943,0.5487481270097408,-0.520602770809487,0.6527080461590142,-0.4210887621425305,-0.35307283532314243
2022-03-17,Cloudy,-1.000021587250159,1.3210383239617625,-1.026138390214615,2.0152919383292667,-0.3216633809827161,0.08017467449732864,0.17039182126331762,-0.7363688815666648,-0.02465082700859503,0.002497833685988734
2022-03-18,Rain,-0.6103540084074737,1.1869512822942496,-0.8949211874883388,1.665550802690236,-0.2782730076668219,0.17404388996280862,0.022627867253167913,-0.033655527863438034,-0.2503369252161976,0.3962727232196814
2022-03-19,Rain,-0.5667392351184231,1.7252812445614794,0.31279901256606085,1.493004821877217,-0.3428267084518939,0.4111970909247654,-0.35512449725774287,0.3450299151671767,0.14906562466165174,-0.27545173016433766
2022-03-20,Cloudy,0.6564599666909335,1.131864184042352,2.047121044178577,1.9324667115605705,-0.2567714887669008,0.9584136948060703,-0.313556248986357,-0.36093917495210015,-0.6427320646520007,0.6842458438174281
2022-03-21,Cloudy,0.4773346750889097,1.2489965975700388,0.18271349911030108,2.236549094152144,-0.1752809782978006,0.8166708176521941,-0.13047696958537897,-0.3109279142595529,-0.6296199518158474,-0.28258149557182943
2022-03-22,Rain,0.9596863031368374,1.8105115418604216,-0.00115218401501564,1.2407778172186246,0.06018719945067602,0.19041240587032662,0.08173591479630901,1.8891246582093684,0.22865388811860582,0.35018353135137514
2022-03-23,Rain,-2.4018775002541304,2.4111205794240638,4.306377430701167,0.43997965864896654,0.4319259360241908,0.8218371647781402,-0.5522078987611313,-0.2465958309084041,-0.5619192131189349,0.19181170713209675
2022-03-24,Rain,-3.0352829121491403,1.7494997420956304,1.0123044636779346,1.228095833497626,0.19139306633134284,1.0251445178040088,0.15190055241086695,-0.44342944491016734,0.0641585531734082,-0.963366524176944
2022-03-25,Rain,-0.9833233711138397,0.9266228103226124,-0.9670234138622926,2.4624454043430037,0.20636910705256262,0.9001432310283036,0.3455596384344775,0.2254648758907025,0.022981930359692176,-0.5948957054215613
2022-03-26,Cloudy,1.3321517803990701,-0.27017455548871244,-0.13220097928243416,2.7176546000737005,0.09635830853195405,1.3086631040426784,0.3265247609101532,1.1812203792985152,-1.5091379613056342,-0.7222206383489619
2022-03-27,Rain,-1.5970054792384127,1.215828280870079,3.710124219770425,0.7048665211312917,0.772186894368296,1.066201520010829,-0.5615308131617023,-0.04799204428179997,-0.6986317734126877,-0.4416638895121684
2022-03-28,Rain,-2.0001334195967546,-1.4551953981157093,0.0345307528185431,0.6353214898752937,1.0497643184304968,0.042478754121251974,1.3072484075197834,1.0740272720581217,0.8356465741339137,-0.4678229248378888
2022-03-29,Rain,-2.697186258402716,0.8005141304622674,-1.2442615899369678,1.9849206003071371,0.9617179975322462,0.5891709030843012,0.48663850218081167,0.062302231243516915,0.5280888818398586,-0.11042784661006154
2022-03-30,Rain,-2.1463948092735263,2.1614074128618084,-0.7082776286101292,2.04353752049573,0.996297817461588,0.8175091237712406,-0.010107170699676952,0.2149213923748828,0.15790289765892732,0.5896230303899526
2022-03-31,Rain,-0.5678101804576573,1.5013151110789822,2.561509162154341,1.6724069489267752,0.9436009682127396,1.485241643012545,-0.5166513812284101,0.29510091370748653,-0.9125126925436101,-0.20630302460030908
2022-04-01,Rain,-3.021664431701572,2.3495856249958447,2.513097756671923,-1.81207592135255,-2.72051504778498,1.3961405320640268,1.541072467427594,0.029552886993195557,1.1285889470463635,2.157942634944749
2022-04-02,Rain,-2.916730127126894,-1.6879479903301517,2.2188917445421756,-0.9559041736123346,-2.6339812026336333,1.1986468748018468,-0.3142072446848747,-0.2911818011830806,1.3404910971225026,0.18319138764725104
2022-04-03,Clear,-1.9097498536101438,-4.151488354915774,1.1359849210787383,0.6500805125421087,-1.1044809585275084,-1.4243533286569348,1.596557103367787,1.204289223837194,-0.06841614019789183,-0.22583852929537504
2022-04-04,Clear,-1.1191514122173627,-4.2955345044895035,0.7996676800451278,0.6961495571186951,-1.4972140070084685,-0.670923795063562,1.4570073343038044,1.1965055604321848,0.2879193347595287,-0.022128824343279084
2022-04-05,Clear,-0.9627764696304383,-4.179517906912553,-0.9326931623788746,0.6541448921089867,-2.0263929908966345,0.19144360230794422,1.4552997484935484,1.130167567213129,0.784400196977208,0.0740524883366805
2022-04-06,Clear,-0.3077092540595715,-3.3522644310356413,-1.2433655858999895,0.7646009815956795,-2.2578889554164645,0.7866789665254001,1.0661704157232381,0.8592250109489432,0.7581181591870606,0.08291237504036213
2022-04-07,Cloudy,0.6583179888903572,-3.1938291035081985,-0.19934821132645383,0.7530958693970953,-2.1058040563834908,0.9554376771796549,0.6197076331022581,0.8251684845865407,0.4521781113728351,-0.27316121752466566
2022-04-08,Clear,0.24947525605308093,-3.739966788027557,-0.7556564069889579,1.2488550274046097,-1.1927405960260171,-0.4979649919300426,1.48069359024167,1.3561729348634493,0.025404423687664438,-0.06654400499281389
2022-04-09,Clear,0.5478242833475773,-2.864922102011764,0.7824345852403607,1.5324971671139584,-1.382055650572297,0.15845570255101646,1.1006232921722738,1.6430505338247736,-0.9800842041016129,0.2866796066392832
2022-04-10,Cloudy,0.2562310489645678,-1.545241445200035,0.5168434345229328,1.6210992691200312,-0.9654773073845212,-0.11927269717383197,0.8615650430614056,0.2855961523230398,0.13151832670667704,0.11110428237984962
2022-04-11,Rain,-1.0736829992193362,1.4667345693642735,-0.5122366594068266,1.1332012986673137,-0.889612874818658,-0.34441038212893044,-0.03373389711661386,0.7574123462478821,0.3875938191475569,-0.37531181635810096
2022-04-12,Cloudy,0.3271892122060427,0.5764477440457225,0.3213624582352689,1.412884434817395,-0.7381859617341392,0.03842291832024754,0.22799652027131825,-0.6431199303391698,0.0492199108150225,0.056704437322245525
2022-04-13,Rain,0.9587061727076147,-0.36758919882255264,-1.4156585795495782,1.2491104719911386,-0.4310225373758113,-0.7122243339031957,0.5955843705891305,0.5297171633368827,0.4565362292382223,-0.361169680895795
2022-04-14,Rain,1.0506508876964196,-0.025854174257779017,0.7465162008634321,1.2513499423000398,-0.6919762814680145,0.2931887403990388,0.15526381171292294,0.5378986579709408,-0.5861938713382129,0.03209114917357982
2022-04-15,Rain,0.29977221408364724,2.9271330493154535,0.8428610269765927,0.3417159124373639,-0.5641509220014306,-0.2189416126065978,-1.1433827921025432,1.859840820038598,1.108748842777302,-0.93115301382584
2022-04-16,Rain,-0.82716517180517,2.6529105063287597,2.7252979905567787,0.42982160479525944,-0.2684323164511537,0.20378669876506203,-0.47748435294834046,0.11543574078460248,0.2154396765451643,-0.1188397041090778
2022-04-17,Rain,-3.3313324418784953,1.926258011658389,0.7015856872186907,0.963908041505774,0.44511809674717046,-0.9315085125201316,0.3677073675260376,-0.7618219618700224,0.948823190056172,0.7554071058361124
2022-04-18,Rain,-2.5918898283216523,0.7194559385179611,1.1457054541762874,0.305917460679796,0.434506135345787,-0.6480732412423388,0.9501166101328579,0.4421928448126175,0.6086141366315585,-0.17923941328641785
2022-04-19,Cloudy,-1.085953188541588,-2.40664638895375,0.40326429545443104,0.9944305220458893,0.5304580608741889,-0.6855418241083691,1.3332033350738572,0.6476409823589614,0.2803296292243616,0.19061210165670742
2022-04-20,Rain,-0.9627061861860229,-1.7413114198125188,-1.0474944664423802,1.3035287703599434,0.0979940883258554,-0.0680575087894011,1.249787172121906,1.1067881381582834,0.3404574152417508,0.1655212373303837
2022-04-21,Rain,-1.4824067555887628,1.44375715497979,-0.8518733310630491,1.591112519019916,0.18875556388373652,0.08927963587061201,0.18639646299100965,0.9214839739352124,0.6355603046689567,-0.6787554934401416
2022-04-22,Cloudy,0.3865754534478063,0.3662647696236883,0.8010377126860524,1.5272885104127483,0.16829755080380643,0.8150506756084774,0.16946430245546415,-0.3389507559478221,0.09165968970238528,0.10608659993084336
2022-04-23,Rain,1.3848371618299542,0.7648235602772889,0.3908708823656021,1.306146523524313,0.5032900016980006,0.3036672836374392,0.022598017390630238,0.5663148060981797,0.6982130707006682,0.4431472357494274
2022-04-24,Cloudy,1.7587637555016264,0.6874371178593642,0.9039641440413775,1.9778176517249197,0.4549059670399379,0.7792921957765032,0.1643291540776376,-0.6257356684401485,0.3323231844399183,-0.009330136148511607
2022-04-25,Cloudy,2.6213017676487573,0.2434782348296928,1.3652447696107308,2.3070191404865144,0.5570467831969446,0.8774349412061044,0.25641957484883326,-0.1306877730940351,-0.05228450512798515,0.4079431338702966
2022-04-26,Cloudy,2.7165572111163807,-0.25205914813269414,0.6092742029241803,2.233246483851123,0.7369103151401065,0.6510744777703994,0.5046476182462554,-0.07094247860800988,0.25718556421013655,0.22037306608136775
2022-04-27,Rain,2.2062000033381115,0.7733734253799351,0.3318380883066714,1.9251317583734795,0.8219750502869245,0.7569103199482706,0.054964013823562974,-0.1368745855709904,0.3503336054067846,-0.24990398363013044
2022-04-28,Rain,1.5600947630684676,1.5093362528392713,1.572788270912909,1.6036884175823172,0.7696776637275483,1.2872146627357774,-0.4163440461612859,-0.40530487812073973,0.15656665973570846,-0.3192120875717321
2022-04-29,Rain,1.0341756531806439,2.155657499053388,0.3669245496879169,0.9721606761586736,0.9236405407608772,0.7748093815780023,-0.6780346120115694,0.6818332366611006,0.984851618345005,-1.3084358584334466
2022-04-30,Rain,2.3798573472415603,-0.15955181987769507,0.65948057559115,1.5993053634448944,0.9499287518926193,1.2218820640228993,0.15005438807692037,0.3045758747896911,0.34645891844447313,-0.6478964734385516
2022-05-01,Rain,-0.5332428139611264,1.0430136080981587,5.788410140815255,-0.3796878486098019,-1.4511467822377326,-0.35340237798833307,-0.04299833977895474,-0.005232867327890774,-1.0166556944940126,-0.2512761994150018
2022-05-02,Cloudy,0.037217246181319934,-3.0367994852283333,1.8710445125278607,-0.01750435351222025,-2.6823146930803374,1.3167124532699437,0.1958333173424461,-0.3287789374531813,1.654281031697914,-0.5827988134252593
2022-05-03,Cloudy,0.42404657911728544,-3.710067294544563,1.4184286996233295,0.9091959963814381,-0.9148615674603767,-1.5167886018336496,1.4353070223295907,0.6788082250304179,0.26931913861213114,-0.4830961525666683
2022-05-04,Cloudy,0.4492683777238224,-3.974966511407864,0.3017921006260445,0.9336805749348066,-1.1647084973515,-1.0657879682633078,1.5845285950396943,0.7497585604151056,0.7523589237483674,0.17426725174502322
2022-05-05,Clear,1.02011799009979,-3.0449066353790637,0.20166351880441882,0.9003414450992032,-1.1130248694964515,-0.9838073999337297,1.3574660008578996,0.5878939277262154,0.3442586335008929,0.1963826107296782
2022-05-06,Rain,0.6057506560569427,-0.19649230988166755,-0.891449416706679,0.6477044750704407,-0.8167205604825291,-1.6199230659707649,0.48544639383654525,1.248382455089696,0.9694637743973964,-1.1082320776574222
2022-05-07,Rain,1.0353830249245988,0.5248294024256294,0.10063225282549167,0.9059335500130383,-0.9260754118713365,-0.7281008288079844,0.21714865026938537,-0.32019439271126393,0.8294912759891646,0.5903202688905678
2022-05-08,Rain,1.412350888616557,0.8441864874097367,1.8109502163142543,1.085243097742723,-1.0209849646391564,-0.20816923345078495,0.07382735649769587,-0.15483086152254769,0.2829489827736562,0.5122455156459592
2022-05-09,Rain,1.7029684206510571,0.7785632714507053,1.5486016703185002,0.8399057865859,-1.0999185922204866,-0.040201183331907975,-0.10771359612436318,-0.09434714507951206,0.12608148531255398,-0.03697078395430784
2022-05-10,Rain,2.8196219642019176,0.2091965888012583,1.0360508841424572,0.8492471183227104,-0.6510789826926687,-0.5118154520977749,0.1470267742665067,-0.16302593897459336,0.6405851722066667,0.3760260321538586
2022-05-11,Rain,2.6620999004921284,1.655282371839133,0.186319702006286,0.22580204409137186,-0.6995682418290202,-0.9111463655873315,-0.5895218478914708,2.289609761841178,1.0539967995654322,-0.9605686984531577
2022-05-12,Rain,1.7018334177321222,2.1674914413365243,1.2365921774460809,-0.11261808774188503,-0.49215135995377474,0.11009693754965891,1.9310534117980298,-0.1859600898986973,-0.3155147847978393,-0.9294431736982511
2022-05-13,Rain,1.3108977836071065,1.7644757075713144,0.8299349762142824,1.0191068644878942,-0.11725705183002871,-0.6193601638328482,-0.17710960827458525,-0.5771885627001174,0.24410253001419552,-0.03991529680129228
2022-05-14,Rain,-0.5120772703894816,1.834963945990103,-1.0163614598957549,0.8908476804350263,0.35313551022397804,-1.2747161837035532,0.5155474292899099,-1.061323920616253,1.2837743849680252,0.140624152384375
2022-05-15,Rain,-0.2519688051890233,2.1754481302221857,1.15803100274312,0.8130564724954649,0.07870012293244005,-0.32310544169331107,-0.10120892731337144,-0.5878210929234182,-0.027786012986137157,-1.2851237989844244
2022-05-16,Rain,-1.0915317500607227,0.3224636241230844,1.3192726853963959,0.2806455459823723,0.7203344831079754,-1.0433446881087964,0.08230306024796065,-1.311986167812712,1.2942373441742916,-1.3048810615918778
2022-05-17,Cloudy,0.1104563866876086,-1.607947437486694,0.3886319412894369,1.1771356162340552,0.2997858773651922,-0.39604637213007815,0.9408298296526298,-0.6454304601235278,1.5514256752224458,-0.06127932982039107
2022-05-18,Cloudy,0.6629046786753806,-1.1948974793120852,0.7324550581465004,0.8996245299441721,0.15197270325670373,0.024359457276967426,0.6683366840781191,-0.26334342214879947,0.7188051565734426,0.5150584031315851
2022-05-19,Rain,0.5605123009943,0.46940346076176653,-0.32445882496039274,0.7180511023619117,0.27497232599519333,-0.21647837470949471,0.17524659737801898,0.17488343072404453,1.1808548746162104,-0.04684956698017538
2022-05-20,Rain,0.8465153931482143,2.060126573385514,-0.4823605364793233,-0.24419516895856264,0.45458753182444683,-0.7867474733990907,-0.5140864345472751,1.7105280025334568,2.002773960138665,-0.5938750201222986
2022-05-21,Rain,0.14537493725245842,1.6833118494878998,0.8783483568799572,0.2874191510656138,0.9746494788712214,-0.5048702325367943,-0.21043861753001203,-0.8252168501390763,0.6805397245729794,-0.659594119616349
2022-05-22,Rain,0.3472490016360356,4.954564624166949,6.21051566335287,-0.992673369774231,-0.5865170574175803,3.1800072885900743,0.34457979003796035,0.8700554398134165,-2.9715867033620955,-6.218779322510998
2022-05-23,Rain,0.2023160385543727,6.144370312099116,0.9571781470913258,-2.924035599503705,0.7661497025591403,1.526256250709088,7.479984328907854,0.5888287843799891,-1.0219994018690057,-1.0589149524423629
2022-05-24,Rain,-0.17161001708551904,3.476324098151345,-0.4779101994724774,-0.7398732615618894,-0.5211408137061573,2.7207145370077472,1.9317580524767533,-0.2006582107682188,0.8471744067315529,-0.4246920713558042
2022-05-25,Rain,1.5313469226194716,1.247879197649042,-0.8332690165275238,1.6232128686247829,0.8941842251450036,0.21550091350212008,0.19058471228154944,-0.03712775030659134,0.5617593197657382,-0.007466762084180328
2022-05-26,Rain,2.8174027136732205,0.4305299827623208,-0.6785879080698014,1.6714267403472172,1.077689404010564,0.17052013080634532,0.40309025348967414,-0.2130498087567567,0.5809383686274834,0.16404026444047753
2022-05-27,Rain,2.2170221493898414,1.303327957219786,0.2973965344470135,0.7589269393570149,1.3417425715920765,0.21376789830643084,0.5681302632773337,-0.48091337202605877,0.3856509761154685,1.2952908215603867
2022-05-28,Rain,2.7142800690380127,2.2579388337476614,0.11956278059897202,0.35768778947478264,1.3185151045598853,0.6439946935642787,1.7608149545833145,-0.17498980742399198,0.36382035697244014,0.8600949996061271
2022-05-29,Rain,2.70866842990796,1.7748398008523618,0.24211032650729244,0.6859218627130795,1.4547234439909222,0.5292604324052729,1.1237604547337106,-0.09867155292112675,0.47583413531251006,1.1386424144935887
2022-05-30,Rain,2.200581181881829,1.5146906585611246,-0.11009641939692454,0.7401096406763724,-1.2277909851849174,-1.4856792754967745,-0.024752216695604796,-0.7566799311044341,0.16023634661796102,0.06222382795569079
2022-05-31,Rain,1.5546763721069516,2.302473710972967,-0.38660975600556857,-1.2653062937003723,-1.1534728869278312,-1.049428321848115,3.4242689082362596,-0.0832587266127532,0.09331266351637332,0.07728750610999723
2022-06-01,Rain,3.2395764217518597,0.509294263025835,1.2689967275846081,0.5289169525482654,-1.523639889969498,-0.2812152652226027,1.5979454407198104,0.09962722872915518,-0.6213330432297859,1.1430185199679037
2022-06-02,Rain,2.7602967012325643,1.021856680387906,0.23290310207029927,0.4591550803089053,-1.2983698136318387,-0.5876417199909838,-0.027317190309155456,-0.779928598481425,-0.2577699448082923,-0.9708244128100791
2022-06-03,Rain,3.355579683592802,0.397258873241589,1.0331939864287811,0.31821975762710836,-1.1903025802984308,-0.4924216658063251,-0.3143505097930756,-1.011602844425313,0.277404827277251,-1.2743401551571227
2022-06-04,Cloudy,4.76279624454115,-1.1609495526261076,0.9433696087428608,0.890434171711423,-1.0687170411853253,-0.4889880833594373,0.16529942475236892,-0.7151330729447524,0.2642914913085279,-1.2069232875800875
2022-06-05,Rain,4.179584235129155,-0.2104695035185929,0.3097176039434621,0.6296297893731909,-0.5230878679290141,-1.3257328163325681,0.24646851812172293,-0.7326355067577127,0.38218202341935487,-0.7151492001604375
2022-06-06,Rain,2.192988821488409,0.7507682145799119,0.4573643430709478,0.4161690423697023,-0.23348307108930416,-1.5049590276921612,0.5392383194218255,-0.7334194622324699,-0.1935981524412204,-0.7635975532927989
2022-06-07,Rain,1.8086300078795037,1.1331448892962226,-1.4232730917256098,-0.3695376602947352,-1.0759871597529145,-0.2651312669679841,0.18038970937980778,-0.6960602261726236,1.643391721887363,0.44672145542865693
2022-06-08,Rain,2.3536631505004175,0.675609667467834,-1.020087388870179,1.0661982680463942,-0.548976490581458,-0.6933693808129615,0.7309378522656318,-0.4125782133405229,-0.08840817745079955,-1.0106443788760464
2022-06-09,Rain,2.73535519969116,0.17784015014588622,-0.7642455273980745,1.2175680867331862,-0.4652641922714429,-0.6814791052794134,0.3284057858849953,-0.21597055608984816,-0.17351158107066242,-1.0577445406458483
2022-06-10,Rain,3.5237615778725515,0.9549211385809357,-0.5646594313763582,0.3405849941564381,-0.32085569481119924,-0.9630786577747277,-0.24761847004259072,1.019395602575812,0.18276423280352372,-1.18761261069383
2022-06-11,Rain,2.055582190739838,1.3234144660399185,-0.36939508101737156,0.4300977115995669,-0.06388856865319041,-0.8437048693840904,-0.10851216897382969,-0.280073343291434,-0.36150382181377905,-1.3394231920863087
2022-06-12,Rain,3.463743253678389,1.0947094593671893,-0.2192864125766122,0.8121227666542877,-0.40401020483012534,0.14076270321487924,-0.5874449372494971,-0.8945547613447894,0.0735362754463202,-1.4609702512264435
2022-06-13,Rain,3.570271047521265,-0.12581954956067687,0.7718727122631852,1.0025668956596405,0.3310020639250019,-0.8670492387123356,0.27730468133488173,-0.11673892044640681,-0.18257876425694783,0.6658800260856084
2022-06-14,Rain,1.8980157747664765,1.93563466450278,-0.7654422044895636,-1.8402795907334804,-0.7507937692943492,1.3641829803951058,2.820918798226913,-0.22922187506351774,1.2594763359506398,0.5960455631524051
2022-06-15,Rain,1.8485456685390205,1.1260617494278267,-1.069148995492873,-0.4178233357630684,-0.034794508696217794,0.11496350219041514,0.9966731339915481,-0.9316185601223748,1.4569538702881484,-0.15518756579510573
2022-06-16,Rain,3.1072715713970656,-0.11729682524474372,0.10898283581622874,0.5384969395297867,0.005367587682731483,0.2748264361828417,-0.0410911813666993,-0.43138626460085727,0.2915613217501834,-1.4113061011324473
2022-06-17,Rain,3.416321505408192,-0.3264121238769425,0.6096665901895478,0.4097286817857035,-0.009641107767070044,0.623527586169385,-0.28318480029673254,-0.7191423388036654,0.8246721073219221,-1.475442998659744
2022-06-18,Cloudy,4.520427263111009,-1.171934224487547,0.8329914970706177,0.32090018940840964,0.21723421870862764,0.5936506095014468,-0.08342365306697459,-1.1074455443462146,1.3326040966422585,-0.2949145652092204
2022-06-19,Cloudy,5.239573052583489,-1.8827827816407963,0.7693051117964306,0.27394797943178983,0.1455125729044914,0.8442307796048396,-0.05941173185168533,-0.7579025449686226,1.177879955800823,-1.2830893134915966
2022-06-20,Cloudy,5.231585851602881,-1.370011904728829,0.38272069806156234,0.6332826761887627,0.5094288665270105,0.5440239939523805,-0.055744216963537256,-0.947273199099088,1.1938904794337588,-1.1399288173882676
2022-06-21,Rain,5.511193512855592,-1.1355717698430594,1.1555374865750052,0.5223111781540647,0.9396961275276021,0.10204590555264802,-0.015723226001813077,-0.4452941989996112,1.010110566467518,0.11918539914634828
2022-06-22,Rain,4.395736170001361,-0.283217084919272,1.6896998388967364,0.2246582579330301,0.9960033479845142,0.046299213739464856,-0.23235197326669133,-0.10336949587421874,0.6456567856154227,0.739006225648
2022-06-23,Rain,2.7373550662150388,-0.438163781419855,-0.4388093284819356,1.0727686792386093,0.9911228040745581,0.09073815211521762,0.6947404815288689,-0.056779446663849126,0.5094575692173637,0.027624830536622545
2022-06-24,Rain,4.060790960136788,-0.8649784172578242,0.4839016106255699,0.29690851970527604,0.9304468986364989,0.16458437359463815,-0.020511988885075497,1.2234514559641203,0.831705996954879,0.21487593520582726
2022-06-25,Rain,3.8237527267821982,-1.6434374799813827,0.5397518271205355,0.3795073972290649,1.067415111157519,0.47944611809248333,0.33962047566549614,0.35289938058447373,0.46933770870604935,0.10779260259878874
2022-06-26,Rain,4.1554670157876075,-0.9670466569791137,0.7463945361381673,0.6255641459887482,1.215749217895549,0.50443987986505,0.19605380917910598,0.05140537115138541,0.49932866992334834,0.37599307645403257
2022-06-27,Cloudy,5.136487770786523,-1.3566489885699355,1.5240856235673872,0.5483016010070001,1.2315361554396234,0.8814776538313263,-0.07006897457290388,-0.4126244694621732,0.4560745777880627,-0.35227419260593734
2022-06-28,Cloudy,5.2062750362221335,-1.4425902909430484,0.39497381277591814,0.8056271274705941,1.78321286245104,0.13531010647800382,0.34277641000592096,-0.5585375537086696,0.8958729384578692,0.1554146957852762
2022-06-29,Rain,3.825718121876526,0.16297441565202414,-0.0752240426769183,0.11402941384148073,-0.7426360045716405,-1.973417686150784,0.0011644931113367792,-1.2602793618957193,0.2806291906948045,-1.0043269781097248
2022-06-30,Rain,2.428832009137256,1.1907336613020416,-1.658083598337907,-1.80082956415736,-2.2119971504863023,0.7875927179817196,2.728854336043554,-0.6021646268769052,0.9179262697988595,0.20011964581495584
2022-07-01,Rain,3.1689809251472916,0.6277426569433244,-0.702526074769764,-0.5434633441259396,-1.9692790287118591,0.19333670203596298,-0.6431847948910776,-0.5968987438925918,1.1861796900603596,0.13203896601759643
2022-07-02,Rain,4.496043109458395,0.4961259219338743,3.0695751346262834,-0.4295985096794593,-2.398115210334332,1.460594273600712,-1.3373011323745232,0.36187698614303193,0.19299706705120676,-0.4451305165520183
2022-07-03,Rain,4.178327706221445,-0.4641441776800222,-1.1974027898766795,-0.110942647330573,-1.2554149854221899,-0.48036606176859625,0.16321540149208785,-0.8641988583783372,1.4891630730886511,-0.5934442281110851
2022-07-04,Cloudy,5.417689340681875,-0.6059832990786304,-0.5697255853036446,0.7976807581359643,-0.3634065719779304,-1.4813003156926432,0.20583848072339467,-1.0851255138200628,0.1465441512449184,-0.36346624426416707
2022-07-05,Rain,4.246844545349309,1.4636938067543046,1.7100874870586942,-1.7576166558464779,-0.8173551643953835,0.4201555444391364,4.697774399704651,0.11117645959958138,-1.3046563768122441,-0.14045805392067373
2022-07-06,Rain,1.9536128770320103,0.9835829306861112,-1.8154788533347415,0.11578319664697936,-0.3782248550152495,-1.2112037512860465,0.6099904790456528,-0.5834329248900735,0.3434342421250991,-0.010166824813293632
2022-07-07,Rain,1.9555101326351159,1.696434589218825,-0.9540734961012166,-0.32293251723080546,-0.17471094213995028,-1.0538318158112494,1.3630028852326883,-1.327390903636094,0.20913027090577388,-0.1994244366937324
2022-07-08,Rain,1.6925686003982228,0.9961555325841679,-1.0591947030779059,0.12646614459101732,-0.01709814652731099,-1.2139895444755486,0.09196335974109866,-1.1131159741785357,0.09302504306985475,-0.5304932863983004
2022-07-09,Rain,1.8821818594258877,0.8549678311165445,-0.8106705690055217,0.15786148594179994,0.04859394945144136,-1.237452957038559,0.21476873486054304,-0.4717676315188584,0.18421371604037787,0.7693568403488892
2022-07-10,Rain,2.9702315810435063,-0.5273914671622167,-1.3657161598855025,0.3745776194974484,0.3804772588024676,-1.652784985592439,0.49366635638751455,-0.018191188600824713,0.19585456398232845,-0.7058031007518447
2022-07-11,Rain,3.6930394658057732,0.20687679734924622,0.25064685649728924,-0.6241502524102663,0.350832255370259,-1.17960079298316,0.4706903294567505,-0.012452796979733028,0.273941295165775,-0.4244353481529905
2022-07-12,Rain,3.170038802583538,1.005190534930293,-0.0699225045109223,-0.33586783274981524,0.22091238646985337,-0.7224364838311459,-0.5331170381259048,-0.2903609449527568,0.19739419708394762,-0.3792178159345801
2022-07-13,Rain,3.022922022191622,1.193321404546357,-0.574213030885978,-0.8489177368762958,0.2609581615000086,-0.40948007416503307,1.707290714389581,0.20655912742555319,-0.1806301785099785,-0.9943145120986235
2022-07-14,Rain,3.1483879473053227,0.7225612596570326,-0.3008452333180929,-0.3778873782126171,0.35273151815468734,-0.5870565802818296,0.05574157266642708,-0.11804346752503304,0.34399794189677435,-0.2559223799140786
2022-07-15,Rain,3.491294788760127,0.8545176667470136,1.1217511840010945,-0.9544946886358423,0.2825352771071691,0.16494019217736255,1.5097536964464309,0.42842662564757156,-0.4063248885782028,-0.8976943985521193
2022-07-16,Cloudy,4.701304208365726,-1.2001754785569236,-0.14120366366191475,0.08254311809696085,0.588130708487678,-0.3772796111911435,0.1374421070968962,-0.7996326086221057,0.3869367416920817,-0.028731375476476063
2022-07-17,Cloudy,5.3603300612316955,-0.4623709960222897,0.09895376492534955,0.2614185873717855,0.7925502505369065,-0.39085001976999645,-0.15155705514233064,-1.2230306326493572,0.48862038394844903,0.3374102284552979
2022-07-18,Rain,5.010939644502557,-0.6328314979192823,0.5464163422782077,0.2370915093419152,0.9042850520545636,-0.36198465937950414,0.37139925425307835,-0.4963640789710485,0.3979603790138164,0.5965841980609666
2022-07-19,Rain,3.5796596581753084,0.8940902063277802,-0.05646643961338329,-0.9134968141334577,0.7597886707496785,0.4735806053328775,2.7507652005934604,-0.2100000786962801,-0.42617963449418617,-0.3926877027944428
2022-07-20,Rain,2.7490528545263833,1.271171651302398,0.2948305943053446,-0.7138658406349138,0.9252914806128358,0.4552073500595271,1.0628168649068725,-0.16341161248339336,-0.2382749023474954,-0.025079790500829865
2022-07-21,Rain,2.4425145864030764,1.9055195038470347,0.8585401685504571,-0.9286086518315617,1.104913828952765,0.1546994972051823,0.39932329391046817,-0.1847485469909951,-0.1997441990771171,-0.26689955712592617
2022-07-22,Rain,2.0792407056148914,1.3104081206503093,0.3762592585197927,-0.40560081990651264,1.1344614946568776,0.14323325608743717,0.41513727274052653,0.2346186737556229,-0.15614003897953802,0.6827153617423549
2022-07-23,Rain,3.398144658388876,-1.3672086411780189,-0.5418270654416006,0.12068089881606683,1.143087931972971,0.13004329201369605,0.22222570713023557,0.10414911923885165,0.17989196455367346,-0.37725717703479045
2022-07-24,Rain,4.421949779630209,-1.897930011512196,-0.41313939316776843,-0.21837740746509093,1.328678047387846,-0.10819680681389782,0.22663257585409943,0.584029467346401,0.48721678487321346,0.027338261074906046
2022-07-25,Cloudy,3.8938801044063736,-2.1830461886294055,-0.39967143670644917,0.08110358849939585,1.3398357315140432,0.2729684301312819,0.43604948070200417,0.10594953058460785,0.03441859959781436,0.021291098426165254
2022-07-26,Cloudy,4.108621628447666,-1.9569583310035374,-0.17650910604840422,0.3988425149333917,1.2954385578440206,0.6460528838380223,0.3012141743836991,0.36402123042823364,-0.40841372623498384,0.033837141836517405
2022-07-27,Cloudy,4.1557924719719095,-1.5942190293215293,-0.4221424607243589,0.18851416897282577,1.5445909666895155,0.46477391884905916,0.1849052405114701,-0.03212447350389525,-0.07636385252036723,0.26507202787778744
2022-07-28,Cloudy,3.5996390816373136,-1.123659270749049,-0.5989759667452111,-0.016100125560317265,1.9543281806026616,0.05631179879219881,0.1936617749491529,-0.65612074958368,0.40155721027965213,-0.036736369539448414
2022-07-29,Cloudy,3.8135683506847444,-0.6516770238225903,-0.9665265811043265,0.17354395404981784,-0.9894492378912373,-1.4279501250489404,0.059901046571108146,-1.0149206423195336,-0.3026293166415648,0.11127177850535058
2022-07-30,Rain,3.1344631400312464,0.7451233905807944,0.41149083099794953,-0.790042381596013,-0.9767136959823556,-0.7444525431103423,1.1873535198322378,-0.8236277258179007,-0.3448760159111962,1.6170279084357666
2022-07-31,Rain,2.8901396347811987,0.3520898441560099,-0.28302376466092016,-0.4648780931653588,-0.7553430199960283,-1.2574966136321224,-0.16399697713957034,-0.47363049346620195,-0.2739321926678226,0.5153225533121367
2022-08-01,Rain,3.3498946593267336,-0.14879671744856038,0.9490892319778109,-0.41679160871245563,-1.0079930854997448,-0.6365633778634546,-0.469241264716264,0.09499728885531489,-0.9967020646837103,-0.3530805474864862
2022-08-02,Rain,3.477027684607643,-0.32301959017463416,-0.8596374323214595,-0.5001720312068796,-0.4174914502223188,-1.3280620291645062,-0.034775014581266986,-0.6996145641578678,-0.3060187352476787,-0.18580209067338338
2022-08-03,Rain,4.3241140130287725,-1.487094065934956,-0.7276761610082101,-0.4794233760897519,-0.38505161137742555,-1.4927341067279656,0.011857406889629302,0.2365822133453458,0.5577879122431699,-0.12155336498186532
2022-08-04,Rain,3.871984980629539,-0.7757269314732439,-0.5670880571679633,-0.10856837729732097,-0.3135944783762725,-1.2255880497466651,0.09894854835687528,-0.003520819714151649,-0.08430601192753583,0.6431194806252117
2022-08-05,Rain,1.7651052728451044,0.9608732549581871,-0.8134685835713352,-0.9322398447629412,-0.07576145747861775,-1.277307800815971,-0.3583497200177067,-1.0181888943350053,0.19637692271919593,0.6801470012418118
2022-08-06,Rain,0.9902278097541909,2.412152724848778,-1.1676205020364323,-1.1545651191047905,0.1715254464488275,-1.2452208819502555,0.17504902695930402,-1.220374709778326,0.4952234772909659,0.3535549459443945
2022-08-07,Rain,1.520757815384164,2.0974183618540234,-1.0010239710774294,-1.1927697038298233,0.30218683065940793,-1.4572179404790917,-0.1715411543653462,-0.48807151729101655,0.12973008373182854,-0.021462057688094716
2022-08-08,Rain,3.130199379871383,-0.787376610336953,-1.7130576612972628,-0.30890615543196903,-1.2557527156117274,1.1918746689185373,-0.3156109533596678,-0.27729570386441427,0.17788192689897248,-0.31860677588087455
2022-08-09,Rain,3.3339516301869185,-1.1303734790223752,-1.8627832594507627,-0.6470541974996662,-0.9505629556630264,0.803915643860527,-0.28228764427966146,-0.3242759584019569,1.0945228140429546,-0.5244186948184488
2022-08-10,Rain,2.7524943451014567,0.8482378966351564,-0.0831304559912131,-1.0019592484022894,-0.91420646933295,1.5186365005684759,-0.8040749333114615,-1.3251792241741518,0.4091748050259418,-0.14771567862433133
2022-08-11,Rain,1.1298681767778371,6.119900323853946,0.29118492429921544,-5.367366976565125,-0.7628890750207429,2.7458548843428887,6.894238079342439,0.26883970068333063,-0.9244758018559452,-0.7021765692464358
2022-08-12,Rain,0.27576851392895785,4.047642473805146,-0.42514468020254165,-3.035005703942844,0.38220024414178405,0.5204771083317156,4.437311168304467,-0.21736178814896828,-0.8926734578950709,0.5716808441925194
2022-08-13,Rain,2.1043451211546564,1.4760566584773844,-1.2721375556515488,-1.166896590118205,0.5357754621342538,-1.1696162949126039,-0.6459564163416519,1.9099213120883138,1.6401079978180608,-0.4275426193861462
2022-08-14,Rain,2.8172659905276234,-0.35933487756837007,-1.4445649371095317,0.09158954356668299,0.48811250997187206,-0.2294022006279219,-0.058730151130956046,-0.24937835209826031,-0.3446688127172335,0.029054438849598067
2022-08-15,Rain,3.1298576167019347,-0.850586984888172,-1.1422116945808667,-0.09161246273375225,0.8231766994237348,-0.5823266217625244,0.15187227049284457,-0.2383578488205636,-0.06490637894188052,0.7305743182676204
2022-08-16,Rain,4.149428957371402,-1.0236337872191048,-0.6441455796460765,-0.7456824827128777,1.0009243263711458,-0.7650791669883891,-0.1782004421978356,0.2990811822174754,0.40819434430699136,0.12484974212111097
2022-08-17,Rain,3.7782987440603706,0.6519201488348473,-1.373352140186971,-0.9802535537972552,0.9120833961628896,-0.8473467523564834,-0.842691592103799,1.8289018944672617,0.7830552062095366,-0.27827656897790043
2022-08-18,Rain,4.105913478883224,0.032096322718304426,-0.2071024705423988,-0.28860067478190404,0.912727404075807,-0.2696815754420217,-0.6808969090240641,1.1008163354733855,0.1422498484029094,0.16869960035883455
2022-08-19,Rain,4.276611002028199,0.1026038473025159,0.09400385234797536,-0.4161721832046848,1.2630476334080936,-0.4662553337050325,-0.5554072332125022,1.1256422041919092,0.16180366324680245,1.4341556644440712
2022-08-20,Rain,2.3344090014653425,1.7528489264725002,-0.13500270140180337,-1.3752823575854443,0.13902484525409864,1.8035442545367673,-0.2797381946041211,0.020530814885196463,0.4764563122115726,0.476090088413906
2022-08-21,Rain,1.6374045083374131,3.082434213133384,0.2934464555229766,-1.9345827375603364,1.4749102627668027,0.2640981820315716,1.63667238264257,-0.07893227191641095,-0.34908225723147385,0.3256082325769947
2022-08-22,Rain,3.009319780424099,-0.5398383477049539,-1.2989599355122308,-0.4578458161280434,1.5613676784991473,-0.22561202855097537,0.0720845976052381,-0.541644527119667,0.2133626846123435,0.2767117368774778
2022-08-23,Rain,3.8173717287968962,-0.6403719953458282,-1.2859923868595102,-0.058974888135213684,1.5188503785766816,-0.041613875994338856,-0.13339529979011217,-0.02811007117662363,-0.48903033534303264,-0.012580316826559445
2022-08-24,Rain,3.864625333093701,0.08785217984194375,-0.9898203707189139,-0.5230532126001598,1.8309146462964372,-0.36795328319647774,-0.37540283116970213,0.9452166719332373,-0.5574753761745319,-1.609380623526581
2022-08-25,Rain,2.7289113679463064,1.5292197114212995,-0.4078404761596978,-1.0083912325985154,0.5559233979829022,2.413212323481638,0.8035886511964416,0.1389876052141307,-0.4854893444657854,1.1695817851637125
2022-08-26,Rain,2.2481120588766474,2.3808563699146887,1.6613445429843596,-1.790795256646815,1.272111095940995,1.9496549706707853,1.061073009549708,-0.17043467412749977,-1.3197640303266573,-0.8549910097112984
2022-08-27,Rain,3.5497969046396944,-0.8129088332253631,-0.21171453501547766,-0.7128877054018542,-0.7224070176736116,-1.7035227333187284,-0.2332081305903371,-0.8873671589441275,-0.18485275618436486,1.0361469933767267
2022-08-28,Rain,3.8811852643437605,-1.2871255425329278,0.07526976578902729,-1.0840685364681004,-0.7619061754881837,-1.6067846723251684,-0.203799779907662,-0.2601254894017304,-0.16724457139739146,0.7489582404111047
2022-08-29,Cloudy,3.9621590212961246,-1.4499050600812695,-0.14147914206403706,-0.5965361455628807,-0.8578072823890647,-0.9764393682381293,-0.2922218748385225,-0.7013340291923064,-0.7846891936125862,0.06037264221525881
2022-08-30,Cloudy,3.926521919317689,-2.005007029908251,-1.1024010012721988,-0.5710990987435179,-0.5311676401008683,-1.4488612025294445,0.10190906510035976,-0.758884738802569,-0.2165775688918915,0.13963131834247972
2022-08-31,Rain,3.616494462749266,-1.2104955796338281,-1.6574958374194784,-0.8552665297784791,-0.09896761059674605,-2.083735424891666,-0.0033812739102904955,-0.39849238007585325,0.1404790505916465,0.15404125587997908
2022-09-01,Rain,2.2224831611449587,0.7728780205091547,0.6615939837456929,-2.0619665916050383,-2.0125935798134207,1.70395256380314,-1.1132000575133867,-0.4162523469336196,-0.9408518232811693,-0.9946459743564278
2022-09-02,Rain,2.971609350048563,-1.288532093718388,-1.8435572782952443,-0.9990941931261972,-1.4785387858674288,0.7557792098572242,-0.67288261486817,-0.828919703163601,0.6528078054212162,-0.4546032561953644
2022-09-03,Rain,3.7559242402428388,-1.319554090400629,-1.5573485268397174,-0.12146520595290011,-0.2024020535544422,-1.1325877417362187,-0.07133939468733798,-0.013098984081775096,-0.7338697204619464,0.4190585176472274
2022-09-04,Rain,1.9956403140697374,0.3196767882775206,0.44601273557637194,-1.4484590616207969,-1.6354792774074978,1.5257795597656867,-1.32741298556337,-0.668012229939398,-0.022160224561536112,0.07312376410501913
2022-09-05,Cloudy,2.6396605916109555,-1.9647319870266584,-1.2813471905173892,-1.192955096008603,-0.9438195463378174,0.6852071383326347,-0.4582298295509565,-1.0253550585216231,0.5897470644885199,-0.5124878810016746
2022-09-06,Cloudy,3.0550926721511695,-2.923251852109962,-0.8871061336987899,-1.6234998194214187,-0.9188590626646872,0.8449264341902165,-0.34708112540325003,-0.652891757980429,0.5492570163121124,-0.8122687115944456
2022-09-07,Rain,2.641539574634638,-0.7743023629612309,0.4343240251906695,-1.3744629795018886,-1.4431140671930431,2.180456135277789,-1.3593051723216543,-0.4265558526064134,-0.4857886349238428,-1.5073199599448242
2022-09-08,Rain,0.7580727348196282,4.4805232977399205,1.3218999151881323,-3.954662349708931,0.5186116423578331,0.2047623218407798,4.165355935456156,0.04338765885158184,-1.672612702337307,0.7478531327577947
2022-09-09,Rain,0.6556386274739762,1.3595369369258847,-2.456905212422041,-2.6436588097186378,-0.6513034761849512,1.0683169321859267,0.0838263680329476,-0.24171285440435222,0.6899426806748475,-0.15491319092748757
2022-09-10,Rain,1.7074826827305074,0.14931576129095553,-1.984144001110727,-1.4321968767816111,0.044713672402467285,0.1910286602029465,0.35406858795385693,-0.05230718968848677,0.31456319684442097,-0.32952686336065506
2022-09-11,Rain,2.354920534031297,-0.029188436500150326,-1.3743653169921848,-1.4034725957160037,0.7207263353628527,-1.4369366910574872,-0.8051115674178358,2.3746582145453337,0.6678366354022444,-0.48191762453017345
2022-09-12,Rain,2.5170060486586543,-1.2096942822430423,-1.1110395255569099,-0.38206517547350516,0.8698962453784381,-0.6964173843200181,-0.18121725904023123,-0.04909250793159814,-0.7526434787467872,-0.6817857418707648
2022-09-13,Rain,2.486893156871963,-1.0220714526241474,-2.5993207536556326,-0.8453022025314847,-0.38766679634986173,1.2608152605596266,-0.6750374455193662,0.22077157935733754,0.184302836467002,0.2152406346109171
2022-09-14,Rain,2.840779668821605,-1.5272512568459322,-2.5881289858214713,-0.8206282029997328,-0.17089298091707364,0.9747257515941442,-0.5435336067182709,0.8491914527300698,0.30340096073202,0.1882682631703405
2022-09-15,Rain,3.117382615002097,-1.1863241435421255,-1.4398562475067365,-0.1935368195129772,0.864838042751915,-0.1456238675258212,-0.1669426079131609,0.25182547056024157,-0.8836769564623962,0.11174002181555785
2022-09-16,Rain,1.6762638753612826,1.1045089569836497,-0.8671340169870734,-0.9616849026590375,1.2887755807877284,-0.2850827544678699,-0.9110324581773557,-1.1293934860242543,-0.6180007278207342,0.22845124986093385
2022-09-17,Rain,1.7127107996231192,0.44692811240874836,-1.0281549918272501,-0.8375680429756203,1.389185637556273,-0.34944330234643656,-0.6033143807215449,-0.8310405446523036,-0.5576602887448799,0.04678064603339504
2022-09-18,Rain,2.6912056856119273,-1.653559985591171,-2.3759756664639586,-0.2687055354957331,0.9401032796796702,0.20077211230215516,-0.04149957372167837,0.558870932949139,-0.7560079908402149,0.0660634007084859
2022-09-19,Cloudy,3.105904518354674,-1.575273910548637,-2.306847211997326,0.05185975720477207,1.403739939770353,-0.22162268029113452,0.09083815526976938,0.04549172726259286,-0.8857459916081923,0.03491422011719338
2022-09-20,Rain,3.303501280608321,-0.5532166392137989,-0.7204616144716858,-0.7225306365555987,1.5718034055516472,0.13067088054095086,1.1616418734351,0.4300135395058363,-1.32290019823807,-0.06825065447364113
2022-09-21,Rain,1.5822142501952625,-0.12450359860954437,-0.6365838765488923,-0.5630351681390613,1.7986838215083272,-0.17964975519756915,-0.4536988244099697,-0.13156763871708343,-1.2694160584553775,-1.1403011115650932
2022-09-22,Rain,1.3402087817499024,1.0238927747588698,-0.09336023674556528,-1.4048475724577187,1.7303470256671445,0.5019593289357841,0.5442326951282993,-0.46020197995206197,-1.1641612683894693,-0.23203670486802916
2022-09-23,Rain,1.8225887209547764,-0.0509586211266262,1.0784185144403868,-0.5568374486314978,1.9701538462875647,0.25605001702721764,0.5089888654417709,0.2464397256582509,-1.5129916012836595,0.5341963827082689
2022-09-24,Rain,0.7191040186870931,0.5159736348057521,-0.09761305780001721,-0.7525642621362691,2.2221881234724083,0.021979236515078427,-0.22028435983235378,-0.6305143575607612,-0.8254584057336123,-1.0762451012302237
2022-09-25,Rain,0.7784268887043094,0.6959645620968045,0.4628850094822597,-0.8708061937016679,2.177379650627547,0.40359279451026775,0.274566019790993,-0.2520709891500811,-1.282203015899489,-0.48405810285765405
2022-09-26,Rain,1.945128819550377,-1.191388381399928,-2.4399594350697837,-1.2836834634739884,-2.2436292485846443,0.28206964001832696,-0.7778272031538569,1.11853384335652,-0.365934469500382,-0.37165427938477635
2022-09-27,Rain,2.4047916775146554,-1.655517764522921,-1.9198323907105064,-0.8764351164991141,-2.276402924311576,1.0178529059007375,-0.7364662071076179,0.491832721104429,-1.2926832718102232,-0.6171144158191377
2022-09-28,Rain,0.6741505055055699,4.11475114735281,-0.6528885734923969,-4.773399054670856,-1.9654916854809696,-0.1908693675350381,-1.9531942946193999,4.15872568773021,2.1147407321363025,-1.7253960085585993
2022-09-29,Rain,0.3114909684467849,5.015480089526751,-0.04275751612025571,-3.762517186246847,-0.2695378400816155,-2.8115751573975736,-1.6852090631117576,4.868116029537863,1.5006685858206423,-1.5202008088595382
2022-09-30,Rain,1.0511534124161357,4.436970524135735,0.041279985353224795,-4.4456627834684115,-0.1154280522031497,-3.2689517234206606,-1.8147465350395493,5.921937866097101,2.716483884221132,1.0289913508324582
2022-10-01,Rain,0.6413223020023813,5.0989764725398565,-0.5693817020914295,-4.446901908813311,-0.3132891566567326,-2.6216080084993885,-1.211499826526525,5.974416193200147,2.545222673145516,0.3134798156718656
2022-10-02,Rain,0.6488226569391199,4.537659516612712,-0.455618258690423,-4.602458437373064,-0.03868894260314259,-2.5906664153453574,-1.2349937993917377,5.010517592797523,2.7177212509393125,-0.05145194706199431
2022-10-03,Rain,1.6182045441649855,1.1247675844713245,-0.7134944999430448,-1.9895998875417449,-0.08178352109984217,-1.9806653187508143,-1.4583733181881025,3.066516604463395,0.5808895253255225,0.31290455354418584
2022-10-04,Rain,1.6233717197845405,-1.0395470992288394,-1.9574361495111783,-1.2751081443353693,-1.1084517087514982,0.7870406891593336,-0.8603122391607815,-0.28705216258256894,-0.5605759486630459,-0.7493650367095052
2022-10-05,Rain,1.7740083924128132,-1.5150225645283322,-1.178121181338052,-0.7102164090905384,-0.0514075844573888,-0.6893663693534118,-0.2507839557336709,0.2211624740162197,-1.0600736875824148,0.7614636414533656
2022-10-06,Rain,1.3598234211518176,-0.11635828385068446,0.5129614966462152,-0.89777796652846,-0.009300484591937334,-0.30538839442224525,-0.5378430311538888,0.4495980190532842,-1.5498475111719971,1.8591793094710287
2022-10-07,Rain,0.748957219864791,0.21328861679811648,-1.046283715937114,-0.8994853650926034,0.09376723986577332,-0.5134588655324085,-0.8265066681488275,0.36339876897975537,-1.0598374992845105,-0.46064653434262204
2022-10-08,Rain,0.24027147409229205,0.6160736947804436,-1.0551348878795475,-1.0296487051168297,0.7054016869437267,-1.0240174481823707,-0.7964695655237005,-0.6485104642836645,-0.5378992460922397,0.5931840112714355
2022-10-09,Rain,-0.5031845804912369,1.5812721278872988,2.8204154263634154,-1.5270714034596675,0.7441670059408955,-0.34793704539507125,-1.8294549495053536,-0.5017908633191703,-1.2919391215668612,-0.27257168209127647
2022-10-10,Rain,-0.9544436117514882,-1.634835181552193,1.3164956531024061,-1.194340817494915,1.0057319576042543,-0.7734625130695192,-0.6052336096729415,-0.2960021924725463,-0.7049783679078453,-1.0845944111217922
2022-10-11,Clear,-0.17306744490767426,-3.8341271957601455,0.5124256993670123,-1.044767216661738,0.9299632718720616,-0.7246376616650783,0.397970738971126,0.6780845557680295,-1.0402704997326768,-0.2078166539568479
2022-10-12,Clear,0.20920540567427626,-3.9048561634623633,-0.45257667726964207,-1.0077079575217707,1.0226949165779746,-0.7015606677219957,0.44578175207812704,0.525194212455374,-0.5963067069484641,-0.15843872995930594
2022-10-13,Cloudy,0.13095009820454181,-3.1811657295727853,-0.17965572573892047,-0.8355485899911551,1.3494885681088302,-0.8903182474759733,0.19108742260703565,0.1205137676357616,-0.7213434074348665,-1.2980820753268267
2022-10-14,Cloudy,0.28942581260954653,-2.796220852403046,0.7182183974233342,-1.3560195391014631,-0.37384923173379914,2.2066486948748243,-0.7237358003415016,-0.3245608273380367,0.2729565140562623,-0.41678511297891657
2022-10-15,Cloudy,0.4854792333803315,-2.7789338487859823,1.0647828348044102,-1.6497776065068324,-0.24778963452360026,2.287064416623148,-0.9679412811822645,-0.387288867917272,0.18678839826177396,-0.8290540490003219
2022-10-16,Clear,0.5865813521520952,-3.664339509771372,-0.010823646112886297,-1.4220512956848281,-0.28644991718324136,2.2237923251081124,-0.4191622797868103,0.7483271769862256,-0.5706176008025341,-0.09481609490113697
2022-10-17,Cloudy,1.174064514518741,-3.661427105351924,1.7746591466828554,-1.9637020114166672,-0.017652854304986216,2.4195015884860225,-1.0463848637339004,-0.041945453060494575,0.1664607069878306,-0.6818005346674657
2022-10-18,Cloudy,0.5580954315172566,-3.6494472643231552,1.6317034999245597,-1.7746291022120353,-0.07231522324350087,2.5890434381599685,-1.017623098805309,0.010159442755688483,0.19789269979765783,-0.8790474238324816
2022-10-19,Rain,-2.2021645807185743,-1.1286559640110445,0.9493574690201636,-1.1914682645033217,1.81065391769644,-0.23670897867223747,-0.6008995511642224,0.008461355392943138,-0.28055391174920863,-0.9795600143098636
2022-10-20,Rain,-3.9308933681959872,2.2628729683971485,-1.1169298189581243,-2.0427537582750364,0.16082219188917293,2.4034374447428397,-0.5804736428793866,-0.3125152161364752,0.6627088229018131,0.00247057173199957
2022-10-21,Rain,-2.8726809854226607,1.2082578384043547,-2.0529408926333184,-1.3955739279936825,0.5067447464633189,1.896935121370385,-0.8281477392205395,-0.6352808165092245,0.3042670444385871,0.47838363092054614
2022-10-22,Cloudy,0.5152545383204281,-2.5502877374510904,-1.6939366349145923,-1.0447956052554244,0.4241281683568243,2.1361952647613824,-0.35803536667716107,0.3839100516314655,-0.38484310023483526,0.011889689163952718
2022-10-23,Clear,1.2830943879713244,-2.783823556855999,-2.3464337809932623,-1.349030438605351,0.5251104610616835,2.1364280441025154,-0.46077883664785935,0.08785810990776913,0.16004240775972792,-0.3376942331383971
2022-10-24,Rain,1.0157271958507565,-1.9824258032471385,-1.2131689482954355,-0.3640918094471252,1.7180254211385042,0.5201013490996395,-0.25869417748182977,0.9958002894066746,-1.1997141029719203,0.3380417129154557
2022-10-25,Rain,-0.6019255842808243,0.3304702543341052,-1.980881972482151,-1.037270277608527,-1.6220956377747937,-0.22182691924832407,-1.032498028616769,-0.4944904748477332,-0.5331762140980139,0.5474189523383176
2022-10-26,Rain,-0.6078989981076132,0.40122593184100497,-2.925499422321916,-0.6022508335958396,-1.7513867410700732,0.21732250412789916,-0.9981295242018241,-0.9701092835111091,-0.38935279981358467,0.007705249995824
2022-10-27,Rain,0.1998572869200941,-0.48189943640414695,-1.2566678894399543,-0.9391144442389832,-0.7183798091580811,-1.1261230011174646,-0.7143828333413311,-1.0811895486976648,-0.29820435991828004,-0.5100157823116469
2022-10-28,Cloudy,0.38212075230453574,-1.809896429526219,-1.649745257751955,-1.0452154273915837,-0.5311494955556437,-1.2277905659629256,-0.22913532254785687,-0.7131858156572857,-0.5688665947384791,-0.029697978068228187
2022-10-29,Rain,0.3750694330473744,-1.5905569089953497,-1.4834108071754695,-1.2464965925020648,-1.9891727412707167,1.2000923086585695,-0.9248839600590122,0.07792841781371071,-0.6789430150474627,-0.33508523017204184
2022-10-30,Clear,0.3416594945434,-2.0341852760780275,-0.8845503926786586,-1.196863883743844,-2.0241052201022343,1.5880737441651633,-0.8137001959442697,0.3153358253525977,-1.447198539649534,-0.3024882497756417
2022-10-31,Cloudy,0.09229758952393714,-2.391626964911222,1.1788569892379235,-2.0115942020558797,-1.6732781990995444,1.6784412684801016,-1.2387059573806152,-0.549159386787754,-0.3240734984477932,-0.41811929863162356
2022-11-01,Cloudy,0.027517444118259033,-3.05594615922682,1.701329077481921,-1.8855239743495613,-1.2971375112049262,1.35292578666737,-0.9154823881834251,-0.6597598399348814,0.2784563704604282,-0.31714413393729873
2022-11-02,Clear,-0.5254069173319804,-3.564154951633644,-0.9861856552516766,-1.3038585153342905,-1.3143426972282115,1.0776186189484707,-0.033712795371586626,0.3678612013699404,-0.22551972217329005,0.496805256660578
2022-11-03,Cloudy,-0.7031173880981945,-3.313559800154629,-1.5552534946688896,-1.1804577333652684,-1.1101446178965828,0.9154624668965037,-0.02914779888680133,0.08436289734525758,0.019550387990291657,-0.08963399325686407
2022-11-04,Cloudy,-0.41247996663958136,-3.0008290816057523,-1.3084269170561291,-1.5033615103198728,-1.1639011265725225,1.2900390831017274,-0.3868512959058512,-0.013430315879917935,-0.11019979956341572,-0.1712985225515938
2022-11-05,Clear,-0.18237066979582126,-2.87372451260365,0.6095903080276492,-0.9918150199052147,0.1690912805989546,-0.5118582665738873,-0.049004596760102465,0.6340429522449361,-1.6692145919198713,0.34901136996595167
2022-11-06,Clear,-0.8827597150105353,-2.4712376268476772,-2.189820652786557,-0.15172865010313033,0.17149128060674781,-0.5348576309821984,0.297162459041276,0.7367467800427677,-1.5150376454395378,-0.009880506497320543
2022-11-07,Cloudy,-1.2685349123641123,-1.534312901792156,-2.2830635835872135,-0.2036245047528337,0.274027068278063,-0.3667714810176369,0.058735945395217065,0.2898151255327966,-1.3893216663659615,0.2733591032143512
2022-11-08,Cloudy,-0.722788321428752,-1.8976951851363397,-1.9390911822367045,0.20516288052550055,0.3783837624714666,-0.2933335229602452,0.16573006268181228,0.8136284177303859,-1.7992629184161377,0.7450605751635292
2022-11-09,Clear,-0.6709608082201549,-2.018454804926718,-1.9967129335475813,-0.13179018763705677,0.3872253839852286,-0.215990189134565,0.15484948921257208,0.6362951601232432,-1.501289411209048,0.5465188771147511
2022-11-10,Rain,-1.0990640237601699,0.24753718473186787,-2.6207747208040315,-0.6429711551165667,0.5996151595801619,-0.4249747485305737,-0.6864782357504701,0.10060149945397978,-0.09496811653597328,0.009466720614938518
2022-11-11,Rain,-0.04738311507415409,0.4363268446738301,-1.4301927385184383,-1.1799907027561511,0.5906796148905445,-0.5217299710290395,-1.148466955564675,1.7854900447222175,0.025615322962829232,0.30881206441468706
2022-11-12,Rain,-0.04305832824746291,0.2496041105517808,-0.894603685311237,-0.9525862438120368,0.8190487623643653,-0.3070323664222059,-1.0438475097888391,0.5476276823851816,-0.29040046775222406,0.182153621763994
2022-11-13,Rain,-0.5151359174317821,-0.30482697081051285,-2.009768255314579,-0.4975757757762772,0.9286912847294378,-0.28792522161086676,-0.5346143690026104,0.11697709046009719,-0.4864980993011051,0.050829564069969635
2022-11-14,Rain,-0.6091280784472307,-0.34317941350216197,-2.7593088118403113,-0.10877638208072253,0.71824783986839,0.2966223563827617,-0.48497493190278246,0.29247937286402037,-1.1742141368607193,-0.06443698053668
2022-11-15,Rain,-0.06961990092571249,-0.10053654345180903,-1.1199634713506939,-0.42007839853874174,0.9839630563771433,0.2639535219247024,-0.735857153355012,-0.21460480596607082,-0.8189733109210522,0.4227787622881037
2022-11-16,Rain,0.4356821524845955,-0.07427885150995867,-1.1746452769322986,-0.36829365427025346,1.1037934451636613,0.2874408472143804,-0.7884632587286065,-0.2564853643954603,-0.741189231199448,0.6068631392890477
2022-11-17,Rain,1.135980673280869,0.6279776213169651,0.8617460725235154,-1.568929422550463,1.0891086168935435,0.007913758475568276,-1.5923537732428137,2.0132537395293455,0.15332359351523697,0.44592559673320964
2022-11-18,Rain,0.6465609535953052,0.888037095815324,-0.823483703957623,-0.9075069235356372,1.1733848589129063,0.013521097665441567,-1.3272784744524908,1.8021747566623487,-0.08011245548435303,0.4009430187622029
2022-11-19,Rain,0.14750558630628346,0.27366576770449536,-0.9543792156584885,-0.6169176600770846,1.5552882303335718,0.28365878186778254,-0.8877661715173923,-0.8260254759059189,-0.2062840178236905,-0.11309841328708041
2022-11-20,Cloudy,-0.18847740333056784,-0.8970973435661214,-1.1834965635991472,-0.2066797766478319,1.9710656916373506,-0.28190286295176004,-0.1917609185879523,-0.4725686429453393,-0.547712317564023,0.30918845807018996
2022-11-21,Cloudy,-0.3683175167128582,-1.1106042694843337,-1.8015825008912945,-0.24674252922238954,1.743548516594742,0.20383572758687685,-0.2138619751081918,-0.06883410275357169,-0.8640755222178803,-0.22086893440778635
2022-11-22,Rain,-0.7594880348705106,-0.13031739587851401,-1.3856124193852015,-0.1224821455078533,2.041585517740416,-0.03767338387507919,-0.51875713705818,-0.054460866570617786,-0.9762281635185087,-0.9512651119593631
2022-11-23,Rain,-0.399147761305969,0.47196668126866015,-1.2269106349391652,-0.5595274480702849,2.5341988813178866,-0.4571358455366256,-0.7966970171080321,-0.9361352860513765,-0.267707913589795,-0.7376789522782619
2022-11-24,Rain,-2.0067170547795268,1.9842094212940629,-1.055306775467801,-0.817252246039257,-0.32196243699439875,-2.092585438388882,-0.5610960513745751,-1.3812357622704239,-0.5479307917986466,0.7137872477144244
2022-11-25,Rain,-2.04525212513762,1.8779834732604639,-2.427628144874251,-0.7598930545850631,-0.3705266867518861,-2.1749163237278504,-0.8118729580913818,-0.6183961496806897,-0.062363567404148716,-0.2496981092911019
2022-11-26,Rain,-1.841350072184151,2.3394505458410157,-1.3148237309948008,-0.6375980559240896,-0.5369782403552034,-1.5303619583905008,-1.049323368834203,-0.5032765070419326,-0.3919392435259616,0.5300875249051897
2022-11-27,Cloudy,0.741710792784878,0.22569710515296376,0.7285417070219817,-0.5223633225937773,-1.10263249262837,0.006588849073875179,-1.1484513685055684,-0.6997070686249683,-1.8692183362249688,0.15800439206533703
2022-11-28,Cloudy,1.4557637902054696,-0.4304894002347637,0.5191271539071223,-0.7490181074020466,-0.6300826108823501,-0.6246644375224313,-0.7649525514924803,-0.9501944347775059,-1.0982824139732168,0.6481610187817671
2022-11-29,Rain,1.1543341740610034,-0.13999405036741855,-0.4341372192396552,-0.8004301575932817,-0.4307713848826718,-0.9128092622843139,-0.7785408696997056,-0.7623512903735793,-0.6788033599775251,0.8719976966298609
2022-11-30,Rain,-0.6225248344007226,1.1880635553958077,2.506296525488405,-1.2066210909984354,-0.4304530117624742,-0.011738471307589836,-1.5128172763823131,-0.8199281270860529,-1.6782257822653666,1.2448241675620053
2022-12-01,Rain,-4.690702555449621,1.2641768453919702,2.176897914352393,-1.522434800439022,0.02032703271295508,-0.9278312602660291,-1.0167855840641558,-0.32784250957731986,-0.10178776842645684,0.20260668709979443
2022-12-02,Cloudy,-4.890747082278462,-0.8427585340216363,1.2136201217204605,-1.030236214838042,0.49438476426516764,-1.3226941298753028,-0.0958674950995974,-1.1781716545253935,-0.1782386344068615,0.6142013237365329
2022-12-03,Cloudy,-3.8513524114449735,-0.8179415790190742,0.3126433741929983,-0.6735891457050082,0.4149451539677723,-1.0361119276377444,-0.18570513018112123,-1.3749132609811163,0.048916865944978905,-1.2540452354627343
2022-12-04,Rain,-4.178717853841089,1.243779036430483,0.4152839968889616,-1.4261066907902447,0.5669054107450494,-1.6915952533514775,-0.9545528138550371,0.6217940960226694,0.9395685797374913,0.18650010051930274
2022-12-05,Rain,-4.248653301810133,-0.34497299252329366,1.1183494930886368,-1.0021589992798594,0.6564685045650099,-1.1044246006532188,-0.428495242546524,-0.37682290166612925,-0.11397432012157187,0.4513619755241063
2022-12-06,Cloudy,-3.7515285621961687,-2.3631030274097267,0.9180940289765909,-0.558996319230783,0.42777512617673247,-0.5137156295174313,0.13354673612565662,-0.30024340704419705,-0.27143600419446196,-1.0641371622162732
2022-12-07,Cloudy,-4.428235755053569,-0.19852622599201883,0.24886876154836476,-0.44017735753463627,0.9342979279553248,-0.9552636723065251,-0.21398259397354638,-1.3219524044853037,-0.031213522120189685,0.09292673552707369
2022-12-08,Cloudy,-4.299676098526351,0.44549937892131747,0.6586046749901155,-0.5243629705570125,0.8571316593112062,-0.6267539496541406,-0.49108072256697843,-1.4918739867836581,-0.36903470006456096,-0.9267330241169972
2022-12-09,Rain,-4.362733111719876,0.5745227997940134,-0.41862854427696117,-0.3374006946981155,1.1492510620529433,-1.132241883537951,-0.20365214129640383,-1.2232912113097756,0.23147113838358052,0.2785583181177984
2022-12-10,Rain,-4.772523316010382,1.278990073723737,-1.2082705812973722,0.07634229461695335,1.0580907040586345,-0.7824605396646888,-0.19836028539665254,-0.9852882462944539,-0.3044826728795629,0.16790087119861724
2022-12-11,Rain,-3.9038446052067095,-0.3891709517867245,-0.4104366946650534,-0.8332501416560875,1.4469244325948432,-1.2089134214622677,-0.31418502867584164,-0.8247948932375296,0.8133979697225736,-0.7386931225761575
2022-12-12,Cloudy,-3.092368435388807,-2.4106044700217297,1.2852388198122335,-1.3751159699204547,-0.61909578086239,2.4606539979180577,-0.7609454998785351,-0.11558553844370553,0.22821402439334967,0.14663871082492835
2022-12-13,Clear,-3.4182159672948753,-3.956444237213841,-0.5775578474508832,-0.547827542577384,0.9504017769609544,-0.15915306284015782,0.7044104164887194,0.8178433497198249,-0.22071754847616173,-0.45386309410862846
2022-12-14,Clear,-3.2632171679869577,-3.9519873540487445,1.2439190563933908,-0.7572710937302422,1.2585724514707828,-0.24215270996984373,0.4363492514915216,0.8749461058640553,-0.6557514850465544,-0.6228180867412262
2022-12-15,Clear,-3.609848297463374,-3.653469258164929,-1.0391254673466583,-0.13101074474008573,0.7700472914020452,0.3552764494694049,0.8924320900397916,1.2977445096682771,-0.6623312894519297,0.3564762352156706
2022-12-16,Clear,-3.256720088573798,-2.61209773537456,-0.8100722925261499,0.35775865141103375,1.0496436678819943,0.13158539934507446,0.5677128619404078,1.2863100551414095,-1.6180114347977401,-0.9697238462057626
2022-12-17,Cloudy,-3.860500849448909,-1.9815489507070607,4.4044501537378045,-1.224585569485493,1.6794456059284304,0.45569729591176505,-0.9604016381907577,-0.6306149658827654,-0.2046713826850165,-0.9647218872740698
2022-12-18,Cloudy,-4.466351450319343,-4.41605157763441,3.303817273452284,-1.22983027449215,1.924081595230198,-0.09918904444151436,0.19646421740154651,0.12609458578665436,0.6316763850007279,-0.6090945432319567
2022-12-19,Clear,-4.690854094053127,-5.0594502133836645,-0.10013230050689913,-0.8333137505556312,1.6288045987447082,-0.1153719488519327,1.2426809232147888,1.0105217736431855,0.5210516392541166,-0.2680837514769064
2022-12-20,Cloudy,-4.1886052424543125,-3.8811906526962683,-1.3767313064110793,-0.04237247823181065,1.459923017913036,0.24970029021596402,1.0819873478275197,1.0626431806700807,-0.011873349723242341,-0.400587897243275
2022-12-21,Cloudy,-3.047978954454688,-3.657251175159021,0.48716519934455643,-1.1634737921535903,0.3585159622383287,2.6512725357224465,-0.2961291165137401,0.2080547562453124,1.079128584860365,-0.3176228411667626
2022-12-22,Cloudy,-3.405766678026306,-2.784061520323121,0.12224881041352662,-0.00026762871076373265,1.5280991209963213,0.8598347337383307,0.3373551920699318,0.7409721957251447,-0.4408296413632085,-0.6272347404480465
2022-12-23,Cloudy,-3.0836668432495555,-2.75896825923611,0.5978764817759905,-0.9184587534512546,-0.9567881379723179,-1.1275589649428865,0.14279650356488535,-0.3821953477653404,-0.01585795052424186,0.1853505641043932
2022-12-24,Cloudy,-3.0967899196433972,-3.6493361335895003,0.14384038740406802,-1.1687162358566507,-0.5083086364346083,-1.8089371202841484,0.5759658012280379,-0.41249624653569283,0.4844645515807479,-0.38618473049523
2022-12-25,Clear,-3.0317002663246737,-3.1254114337918146,0.16970218128639067,-0.46323331992004646,-1.3738613490802458,-0.39063811430821993,0.4381142200714156,0.9067496384494119,-1.2385162306666486,0.5251401933660482
2022-12-26,Rain,-4.502406835395344,-0.4748142915566876,-1.431995071967125,-0.04000742257441956,-0.8111598452104556,-1.0850444593798512,0.09700511470448643,0.0222746137592175,-0.8748741615453995,-0.26670930250254005
2022-12-27,Rain,-3.4918093250458444,0.3529787483796834,0.23138649299393624,-0.5540558777211315,-0.9400309525141493,-0.48056665331299103,-0.7365320292986851,-0.6230113593060507,0.018119460119054912,-0.268996950469061
2022-12-28,Rain,-5.093401582949263,1.0068079874971598,2.2460951198766677,-1.093318994870529,-0.5871392654692058,-0.5446331322715703,-0.2683192385862579,-0.3456829354928425,-0.9665161576280981,-0.07790612581376082
2022-12-29,Rain,-5.977591106258256,-0.6635621369973123,1.4083053676012578,-0.907811123233348,0.05170591502677274,-1.384388021748399,-0.21416451319805166,-1.1011413250587336,0.4009975495881369,-0.9394095067182736
2022-12-30,Cloudy,-5.292658541017767,-1.4676324607966535,0.6035883035150178,-1.3162552143953996,-1.5741702522483028,1.4551454633551106,-0.5957785883968306,-1.2014922239842474,1.2061746059946303,0.22610399537623746
2022-12-31,Cloudy,-4.9102618685393065,-2.0171826258512793,0.05231829790320132,-0.34038338692541387,0.26446635824181586,-1.5004890907802304,0.4613987383210684,-0.7833755461085103,0.4674557407372542,-0.6564451388621739
2023-01-01,Cloudy,-3.8473113334603095,-3.365682227852366,-0.8601465634574075,-0.7628419348413878,-1.5467643954463084,1.2311901853807243,0.3662746579707953,0.4524128585611446,0.40401748216511124,0.6105903376988155
2023-01-02,Cloudy,-4.336109050980011,-0.6139412760149049,-0.16707874005199724,-0.49169530763576225,0.3631903606200908,-1.1577390202839137,-0.06597734355440409,-0.9225758508915328,-0.14796685598750034,0.1656387457962653
2023-01-03,Rain,-4.236139645008491,-0.5349311440283266,1.0314819038698981,-0.8247603627972961,0.2410463108676736,-0.8406330668478242,-0.4615765301088984,-0.1188322451031692,-0.11045333704004685,-0.45189021017301373
2023-01-04,Cloudy,-3.8325668381856,-1.1545466728306861,-0.8339809527836006,0.07105408044757157,-0.13253065587787738,-0.10594631750268657,0.05849329836759185,-0.09137331547409731,-0.4655921544713198,0.41022328616968884
2023-01-05,Cloudy,-3.833767504729913,-0.15421867335114658,-0.5602798704947546,0.1092936443058204,0.35954219765387746,-0.5885986312837423,-0.1478564474163233,-0.8180796214227681,-0.23708947754409151,0.25622896207798446
2023-01-06,Cloudy,-2.358829498748383,-2.3691105655906477,3.8414880760644943,-0.6744266025960552,0.4369467892021214,-0.1850417157023889,-0.3548745203067727,0.17209406823282214,-1.0187293376109667,-0.3563983047148785
2023-01-07,Cloudy,-3.7269371724001967,-3.2376907707498748,-1.1461377634170926,-0.8111336328773565,-0.8383133801915114,1.40694942450956,0.23200490011939406,0.2607823183534066,0.7259912460425684,-0.28645118566317107
2023-01-08,Rain,-3.0921032782248754,-2.493353459380503,-1.0728627264914612,-0.18436884853178243,-0.330149768683189,0.7519146662378156,0.2691640070667727,0.9900801676183696,-0.011325624434728655,0.6774359939199595
2023-01-09,Rain,-3.038759793397206,-0.8031778509977763,-1.2287758327749234,0.6956682851276192,0.36935545846701495,-0.021669069873896846,0.07418245572568563,0.658677240984303,-0.8111048459575321,-0.07806881009526262
2023-01-10,Rain,-3.415754574281075,1.0129706777542875,-1.0796336645883464,0.7190864330568667,0.727295733159835,-0.23626042315410445,-0.26887308002415267,-0.18329563724595965,-0.8131755789393308,0.1817651639146703
2023-01-11,Rain,-3.7818672957875252,1.922958001473833,-2.239680046570454,0.5213879088493385,0.8799812898937484,-0.5585406865608915,-0.09723065184368455,0.01575763315842214,0.002424824036261727,0.27751641383592424
2023-01-12,Rain,-2.4748796236182975,1.0781396106452363,-0.41001255292039446,0.4571724398622169,0.5972634969563473,0.35113605610773957,-0.5499897529236469,-0.21836664771390615,0.06776004464902753,0.6988727739196288
2023-01-13,Cloudy,-0.9904831947331523,-0.731630647187083,-1.0326031823705224,0.7873268356475603,0.7096634288420095,0.2722651175392394,0.2195166381893204,-0.006247339067893716,-0.3661007597353319,0.971542206868685
2023-01-14,Cloudy,-0.10604110115762641,-1.7768403125967243,0.04265630036807457,0.5216552936530878,0.9431329403898882,0.15023992562517913,0.24905816329844496,0.47382598786142777,-0.821289285928164,-0.44747908916109663
2023-01-15,Rain,-3.258624346735884,0.8615209488081043,2.8242635168217327,0.06908878343864015,0.9649150823629028,0.683161085210999,-0.7856997685999343,-0.23474676397121494,-0.8423507660051354,0.9134419700878512
2023-01-16,Cloudy,-5.828682591709871,-1.3531782724145218,2.483938154362202,-0.5026298623961811,1.6660360840502217,0.04875279102955008,-0.06020830400089187,-1.0780634449754343,1.0779593829073428,-0.4293712325125232
2023-01-17,Cloudy,-5.950168909812686,-1.2286718078723178,1.6447939023275409,-0.047813817333405235,1.800641190443717,-0.17867195766271696,0.26097447175893473,-0.9396467290852131,1.0555111278699316,-0.11810685088973367
2023-01-18,Cloudy,-5.279770903593667,-1.7566857090716985,1.3073050796531378,0.09543965281094761,1.9084477095582366,-0.14736826952013682,0.2861602764040643,-0.6493818386759473,0.9226422460503002,-0.9265878915595425
2023-01-19,Cloudy,-4.981643022620065,-1.51972636575208,0.44917201688638314,0.37061969736050115,1.956843940587874,-0.16113951406843685,0.4443298496861688,-0.8035095954643073,1.31859236797696,-0.16209298466687377
2023-01-20,Cloudy,-4.756437495000038,-1.3280342654142037,-1.3261942755502016,0.11091561423851273,0.5105385683084236,2.1442667156207893,-0.04164592149485075,-0.8627367548356317,1.9875467269404763,-0.27192787194460155
2023-01-21,Cloudy,-3.6688765856270007,-1.6932875701366046,-0.11592531470425103,0.9399567811095713,1.1242942091595545,1.3935716455177434,0.3855611276338425,0.503016094887779,-0.00024022890723974266,-0.17259162206826953
2023-01-22,Cloudy,-4.134216921702443,0.21627382056851593,-2.080985101981114,1.2680239968344253,-1.3363900132436297,-0.9858553802055089,0.35346800586462973,-0.5326997781868609,-0.6141935134742775,-0.26971931237787017
2023-01-23,Rain,-2.8985818875836538,1.7084376137320105,1.951016567811278,-0.4810734980016575,-1.2727282162731772,-1.0687974772456865,-1.2185183042597265,1.7271099251257944,0.20907148926233143,0.5257124392300354
2023-01-24,Rain,-4.27864145725397,-1.9424837679576057,4.728089797266787,-1.098884764227903,-0.7195913401239264,-0.9954109669197064,-0.4344554402634147,0.701357930467063,-0.00032645877258937237,-0.13800487656959728
2023-01-25,Clear,-4.85176984035223,-4.662632762644349,0.9949359943321182,-0.2580268165560945,-1.2563260948652963,-0.518350471405799,1.370685755089963,1.292021375961149,-0.20494240276099332,0.24161431759122087
2023-01-26,Rain,-4.766387279227796,-0.17754463142300284,-0.20358350209563492,0.6323639140399584,-0.7730963821130387,-0.9948043396649883,0.29748538397800395,0.044922317451017345,0.15025932122623797,-0.46405452911786443
2023-01-27,Rain,-5.153485466257666,-0.3318823076126881,3.16834572979584,-0.6629912481385293,-0.33828108624121445,-0.963751620177851,-0.21888539755355949,-0.13126493506994605,-0.08384814846461637,0.12349742126190957
2023-01-28,Cloudy,-4.2725510233270825,-5.053892907737242,2.1557577803768413,-0.6284341593645464,-0.33410927039697386,-0.8514528902748815,1.0275638691936588,0.8037751765717327,0.3867398954951271,-0.8315772455967895
2023-01-29,Clear,-4.598583505399072,-5.0930243239818225,0.5869573928753024,-0.27938337530770196,-0.24436545614137561,-1.3114811515480258,1.5731559907161785,1.1690120971527838,0.0602669018318841,-1.152526219651412
2023-01-30,Clear,-4.358242861555509,-4.341528176439842,0.15609794476995206,0.35522386345787627,-0.9571171138297128,-0.01900018706759156,1.3077651506160486,1.720640756826263,-0.6321822516780851,0.04778870022903168
2023-01-31,Clear,-3.396896139333435,-3.7128719792923777,0.9086912338779122,0.36181038978608415,-0.9480496774342574,0.21408307963706563,1.0868893994714515,1.6461497940445764,-0.9968216581293541,0.2593830341183972
2023-02-01,Cloudy,-3.23116205997965,-0.49801094598091017,-0.31037163185464195,1.240828088121848,-0.7005528616734956,0.2278400313812865,0.35591666983345865,-0.012600253896477811,-0.44348493610792256,0.30482928110982477
2023-02-02,Rain,-3.063163893374746,2.7943432715052725,-2.24704606300376,-0.7576974866476572,-0.40218659164794346,-1.270348705006909,-1.1239326293234844,2.771115237181638,2.5514506435244666,-0.17704100665667866
2023-02-03,Rain,-3.428526387764278,2.9258263991625175,-2.3791605929173536,0.9253703197041547,-0.5623170135203076,0.0566623631991921,-0.45291829848465853,0.36298308366571547,-0.05471072619000102,0.4567704510565913
2023-02-04,Rain,-3.13865198173213,2.60821355626778,-1.2347578875337217,1.0112518574547373,-0.3837663579350572,0.17862314944011176,-0.5859924334068252,-0.04691959637911984,-0.09509740850943486,0.6073969525232509
2023-02-05,Rain,-2.6647659015078258,2.660485445608103,-0.3858198346271047,0.827562379949154,-0.2979349272691327,0.4449102062688291,-0.4884910821881886,-0.3383598237302754,-0.5528776750506786,0.3717879232481521
2023-02-06,Rain,-2.9112695503870842,2.667556304481231,0.1903615951357279,1.3445594695431053,-0.3120683965252686,0.71330476534434,-0.6893668732800271,-0.5578781115028298,-0.7932555741446875,1.2490568941127107
2023-02-07,Rain,-3.0335975813988885,2.947285606414698,-1.3704741187549323,1.6099618249822656,-0.3764599313180465,0.8874276371913763,-0.7209280030092998,-0.010634017320950845,-0.9741270008239616,-0.6643756164129526
2023-02-08,Rain,-2.728931260158832,3.0891273886707755,-0.347516313840011,1.2675712231390202,-0.3105262273270098,0.9966053049310327,-0.9311324850453746,0.25788627126187474,-0.7838611874933494,-0.08060729458389848
2023-02-09,Rain,-2.1845364014793507,2.5524162769129015,-0.6263123289414132,1.3345638820383035,-0.05715671649545777,0.8551449787853707,-0.7793980977652725,-0.16616845236114813,-0.5392429270388814,-0.1079224744430487
2023-02-10,Rain,-1.9834081901525564,2.398311509617868,0.7859742762872711,1.0865709746885155,0.0484925865486782,1.122459431346512,-0.95934851073165,-0.5693867306461554,-0.7910464288029017,-0.1801824706848203
2023-02-11,Rain,-1.097602236624303,2.1847719518672064,1.070013900943876,1.2328485621643432,-0.04751893503278723,1.302659188551826,-1.0856480592024542,0.41308006004402265,-0.6022382046112323,-0.5928834040272771
2023-02-12,Cloudy,-0.13547851426049357,0.4935318575938341,1.05310674302453,1.6413249402032288,0.2813889428377178,1.101520231608549,-0.28864776894254734,-0.22053137995212543,-0.5934718564810565,0.2922632967263644
2023-02-13,Rain,-0.20721718141490977,0.4942216104063693,0.14177458522230124,1.531119747060683,0.26367487343042423,1.134101521997258,-0.39183528384946126,0.40920803592721117,-0.7916193703308324,-0.6284922996682112
2023-02-14,Rain,-3.1733118999803756,0.711286430573978,2.8767042448417928,-0.011910540456957061,1.3464125975381116,0.06357137118756565,-0.5083925006781768,-0.5033128195130943,0.7140390085474178,0.8117859604295101
2023-02-15,Cloudy,-4.511411886725814,-0.7793370600304735,1.6144519814974536,0.2509526367551121,1.6063933758658582,-0.16439469045550753,0.1485589678568175,-1.1181741697159557,1.3145416808458799,-0.2835683072750705
2023-02-16,Cloudy,-4.600725472813649,-0.5489519330838301,-0.1810414509483622,0.6428283928937236,1.8379727574358842,-0.534870151362351,0.4816428264627996,-1.1258541444697692,1.4219563009569374,-0.5755930850137375
2023-02-17,Cloudy,-3.794972678850903,-0.2641609533082731,-1.0025857914799816,1.7012530523731302,1.1403969251686756,0.6050866138653785,0.4526067615968063,-0.2824319677461507,0.5181060075493082,-0.6455917078192144
2023-02-18,Cloudy,-3.086078748198373,0.26819544768502374,-1.0684641754188013,1.297303871428771,1.1731954562900098,0.8257478711479195,0.193657851634331,-0.5857589788674041,0.6552688882671338,0.0760811787625136
2023-02-19,Rain,-2.719517746784395,0.9679525555029302,0.09377301195256024,0.5368915365096717,-0.21244472579395535,3.306059060679171,-0.943432477396046,-0.10242424309058364,0.3559099046779847,-0.3643483142645858
2023-02-20,Cloudy,-2.3425333003870064,-1.5580506568116836,0.6184374291566486,0.5432389020803262,-0.8058752885056725,-1.8099764217852172,0.571573391629687,-0.7739033902000021,0.607990159169352,-0.008646957789749376
2023-02-21,Rain,-2.4619952651469688,-0.5109925090177532,0.1666351249744755,0.249176320516274,-1.7552915871973256,-0.46580756735560785,-0.17210814417991938,0.7811518401231003,0.08354665965743645,-0.5984801262826294
2023-02-22,Cloudy,-2.463143276679084,-0.6271765144640509,1.1172974887377078,0.2940630989156344,-1.4848340054216125,-0.2733859965765623,-0.11800433606498813,-0.8487804852763328,0.23656719885087726,-0.6351769234012634
2023-02-23,Cloudy,-2.5908024300265904,-0.295704297418742,0.22431421529885948,0.6339632118876162,-1.275814718935787,-0.49172484697626273,0.1769952272613611,-0.7430865575393613,0.17673970747809578,0.13656041957311657
2023-02-24,Rain,-3.559043230980415,1.127339057124026,1.4178707770454135,0.4273631877572631,-0.7977909548930798,-0.8652530337314838,-0.33138321647362096,-0.9588759424891969,0.0035286441930696224,-0.010592515482220172
2023-02-25,Cloudy,-2.6225953390643246,-3.5468998569181673,2.371081924396734,-0.14235647372049645,-0.5456620577358294,-1.203360927580877,0.7211510637891185,0.34696579703023583,0.14372983798474198,-0.7031094972238858
2023-02-26,Clear,-3.0846364188629884,-4.35655902139444,1.0473123330439529,0.3999180806237463,-1.1070121813744895,-0.4861874632376688,1.2241989665142596,1.6046570066568135,-0.5904683625802375,-0.5982689692073879
2023-02-27,Clear,-3.2099594457830403,-3.950066451034008,-0.07259408268523676,0.7755184655314786,-1.1817310612208698,-0.11304504710100396,1.3430674684895487,1.532349992251788,-0.3117285001811096,-0.18402013106903875
2023-02-28,Cloudy,-3.0522223735184144,-1.8457846210769615,0.2810064952252862,0.799719931861411,-1.1212093230870035,0.07704567207202566,0.6598789297591799,0.6440403573489891,-0.45372264146442115,0.14359131848267487
2023-03-01,Rain,-3.821467900616817,0.5324140694343373,-1.8290871339634927,1.3670940048938427,-0.708268395528074,-0.5096266186948456,0.3542852821442834,-0.17572321882231295,0.13955741401454733,-0.31313883077969723
2023-03-02,Cloudy,-1.9878392367355042,-1.4237874693395611,-0.31749596264501617,1.131415264293497,-0.9064719565863139,0.20505802434797193,0.37587441077046513,0.3386433813047382,-0.20892699524078162,-0.15182049930343852
2023-03-03,Rain,-2.890754555202474,-0.5091361244836773,-0.9820430580904134,1.1600917732596483,-0.5665516981708202,-0.22838359636358063,0.29526255926465017,0.08123775688890011,0.3412167653792691,-0.5374984980404176
2023-03-04,Cloudy,-2.7451367923136014,-1.268129590314567,0.01530952261208373,1.0206670565008955,0.27762266016560927,-1.2526520221392463,0.7681370146820372,-0.5568499650999387,0.8236330338551172,0.13581641030754535
2023-03-05,Rain,-2.431528998743229,-1.1774698049179653,0.34262959956738076,1.0135691332651866,-0.7339617555659746,0.4454138808469016,0.31705435591690934,0.7947918863563648,-0.1529037010751728,0.2859071678885054
2023-03-06,Cloudy,-1.7704698247137185,-0.9335863311260881,1.721763589454704,1.1068940032132357,-0.6264007911303928,0.7777539398362123,0.09285410377186379,0.5621620749563442,-0.8365928061170397,0.4410874703194189
2023-03-07,Rain,-1.9370682380758948,0.1523485445509173,1.6016437202917018,0.290381592476128,-0.07418466472708567,0.11978440496559233,-0.33292140775462936,-0.3006858716938904,0.9706852280777806,0.39156954336478206
2023-03-08,Rain,-2.082414893633754,0.7193852109954854,0.5217194615256302,1.1444087025422913,-0.14675068521880488,0.29146518912841163,-0.14815104125565037,-0.43616625061037034,0.36323893731486834,0.05964887274001695
2023-03-09,Rain,-1.1472264890197774,-0.7590317528540406,-0.3375095931093644,1.5268085301275756,-0.18059164605451705,0.3390441109746105,0.3897761643562,0.9721933184399476,-0.44422947468337887,0.6051539573858944
2023-03-10,Cloudy,-0.5936941190083377,-0.8696804752464423,1.2919911111852076,1.602668652067153,-0.4691237638672433,1.2511838619416829,0.08906075509892407,1.009857725904903,-1.3034618990205855,-0.01989883124707696
2023-03-11,Rain,-2.3558325697384803,2.1980972857200616,-0.12887283565100394,1.0894448431779094,-0.06170582315744601,0.4777976983917694,-0.6928792776514945,1.0317617757770932,0.36267831272648576,-0.4479722062569569
2023-03-12,Rain,-1.2212121319656088,0.5306934203723507,2.6002529074788012,1.3545104396920107,0.1106953361531986,0.9598901445689538,-0.48880531225069723,0.6754698693208474,-1.3040165064816276,-0.25119832527604125
2023-03-13,Rain,-3.238482027546912,-0.5917439010692566,2.3122453326352037,0.3044573729386243,1.1349936154115925,-0.4006464525649118,0.14068279860172,-0.3800873812739248,0.8663888697202847,0.012218606906170952
2023-03-14,Cloudy,-1.4812669231554925,-2.186625002658374,1.1061421537684735,1.3039507222365567,-0.006534337632740008,1.3247456626395644,0.6554036474214632,1.100569989331359,-0.37849265001795945,-0.8405226191277974
2023-03-15,Rain,-1.8000170450531856,0.6203385400084217,0.8575245045529041,0.8578165099999726,0.5488645199714873,0.5680780989229889,0.028269735596079447,-0.4413946951188346,0.6429150701400788,0.11866352698682342
2023-03-16,Rain,-0.8137290335924126,0.5734770454603365,1.3982760440672202,0.3153332919468833,0.6705099453318584,0.7675307363855074,-0.41410747389125485,-0.2604656151374771,0.8951898761098868,-0.41708260750194576
2023-03-17,Cloudy,-0.9445674370877005,0.6195826456271547,1.1514316968508733,1.4397180276864405,0.6393996561207032,1.1519884580854,-0.13256964581215178,-0.5178537294877974,0.17103129908289136,-0.002992736980590683
2023-03-18,Rain,-1.2428790292290108,1.7634792652221993,0.9186532433138686,0.6347093121192138,0.8505051245134146,0.7687512373400087,-0.6939969977395112,0.16630199405143808,1.1990001899671452,-0.41089787897313185
2023-03-19,Rain,-0.6401731901172539,0.9565806156694454,1.148765207818986,1.1270609724213403,0.858278801024293,1.217135514273512,-0.39287490787515567,-0.49645738913744064,0.5662446334802769,-0.6388242003107202
2023-03-20,Rain,-0.0572248956672985,1.3732060548741398,1.1106005333625717,1.4423256692922866,1.0283936491942098,1.187846997684761,-0.3660774912837061,-0.4789823786705449,0.45607359080398385,0.30754922286171565
2023-03-21,Rain,0.5373680809432222,1.1759187686867327,-0.1472523344387068,2.354292270802293,0.9888307194248016,1.1311076387692591,-0.026145117545462934,0.5621321493797038,0.19848803661692002,0.5315632613498782
2023-03-22,Cloudy,1.942669396572925,-0.4177786526781891,0.03833759137564457,2.1935727421314195,-1.9057303690708278,-0.400656150871724,0.4205543213488832,0.43289439672770547,-1.184641050415147,0.4009958706785695
2023-03-23,Rain,1.908382197618495,0.005146651820789189,0.019287403259736047,2.177968827815268,-1.571069996523562,-0.6715159099635865,0.34903780822412794,0.1700161649340557,-0.2964857760782155,0.5491219301109399
2023-03-24,Cloudy,1.3880857243495992,0.20929123833694324,0.8933983263799613,2.2506295499841404,-1.588577393924717,-0.2183787058320821,0.1471137919823767,-0.30760000169763513,-0.5024293920569235,0.20901037628114408
2023-03-25,Rain,-0.9250752864181345,2.0426753310220955,0.16957668980579602,1.1806056074498266,-1.2728806854835701,-0.5365338458103869,-0.16092447990508005,-0.9851307397081923,0.041787589203702485,0.6244234627135372
2023-03-26,Rain,-2.7123396614476394,1.8220825712127742,1.4942756274555349,0.46890521425870196,-0.8137030487116643,-1.1415507096359547,-0.052057449251351605,-0.5350018122856093,0.699821886475509,-0.01832450696385491
2023-03-27,Rain,-3.2499318379262516,1.333197048300149,0.6252725041482553,0.24844364969297095,-0.4945658286754968,-1.597273106068259,0.08445948415030806,-0.3022204458338158,1.4103200474601278,-0.5814917079063584
2023-03-28,Rain,-3.502160933178752,0.484651545314367,0.24133538013917816,0.5709744187463736,-0.19447494344301336,-1.6712317010919304,0.5619959104266884,-1.3353078473105786,1.547458595827008,0.4553238834947952
2023-03-29,Rain,-2.8252834056355276,0.3688235869104113,-0.34758744891613763,0.8682856448432801,-0.2893512085508369,-1.5279344322715234,0.7979440769453312,-0.601133568466008,1.4321736239116403,0.005391975944219046
2023-03-30,Rain,-2.6999145391482293,0.9504120653319023,-0.2311179288288675,0.711185061673369,-0.33578102245673525,-1.4584258292246997,0.42218504714508837,-0.09062048899556639,1.7976193898537922,0.16844770103140408
2023-03-31,Rain,-2.845943615107221,2.070320830960955,-2.268757829440751,1.8303041309260288,-0.8705662681971991,-0.39359484878389056,0.23123840930426312,0.18626871965255537,0.4081737474225259,-0.9592500588129288
2023-04-01,Rain,-2.4067052134038245,2.455349222983541,-2.6643276374619953,2.0822009698598785,-0.8514858840590057,-0.2851200303280733,0.19109511151302702,0.21798033264381617,0.22976241277871706,-0.8746583064249055
2023-04-02,Rain,-0.7089850722887786,2.285059868159369,-0.2851291826750392,1.8748558174337315,-0.9679419781745758,0.3169074628253371,-0.3195424070126015,0.33005266765326763,-0.12157836194824834,-0.4944500376227393
2023-04-03,Rain,0.9901553397868523,0.9074569053079942,0.4767132488743924,2.2206326636589524,-0.7588975496558432,0.3343383138727672,0.08100000005849585,-0.026715686682948808,-0.1807942758308409,0.11360790734100742
2023-04-04,Rain,1.304664350890534,0.6050843398648645,-0.0248296505045952,2.3306335136084617,-0.5916957705723088,0.2618749919248256,0.17976089982684498,-0.015604463246723408,0.01368468843648,-0.5466634113052617
2023-04-05,Cloudy,1.9793799253562134,-0.040665944466768564,0.38218587202312493,2.493185713236593,-0.4427653811490329,0.3159787022022041,0.35293937595615854,-0.13845526201718203,-0.042825873594437305,0.1932087293515053
2023-04-06,Rain,1.3604527409618181,1.528578917441893,1.7079019929194401,1.253818191550195,-0.4892480647496441,0.6238903641849425,-0.8101236835695398,0.3222376463216994,-0.12366370713990894,-1.1452671338162754
2023-04-07,Cloudy,-1.4238995576449947,-0.17463261493738413,0.8411758391421316,0.6513899237172119,0.6415201920683387,-0.7154326183557589,0.29797655845697535,-1.3397745781647468,1.4146978134511417,-0.007240485091935409
2023-04-08,Rain,-2.6028279226864712,1.058684829929598,1.8329502322034574,0.4413965014478391,0.7160946444566146,-0.7154572734722023,-0.09428241526096638,-0.7945294329989626,1.200275693883774,0.2654876594215158
2023-04-09,Rain,-3.3188693834970793,1.1554128287974605,-1.433411956328136,1.4929967158053103,0.5907063943634032,-0.6095269092276865,0.622195511984496,-0.8633444080937761,1.2663525436066274,0.02056586359481545
2023-04-10,Rain,-2.690908208251797,1.867809632322218,-2.213186087412001,2.276515563350967,0.34764975789399655,-0.20130918435467643,0.546885307246754,-0.0009773675397259233,0.5226527534458657,-0.4119154446041069
2023-04-11,Rain,-1.5208680724692756,2.2919890972370665,-1.9634525381958805,2.5190410020924103,0.3131336043392918,0.17060371482029582,0.18558023307089352,0.16142180242179513,-0.10320003816367128,-1.0428955470926649
2023-04-12,Rain,-1.0559189444416521,2.992220226490774,-0.9525209212677063,1.9952481046922164,0.009651441826391419,1.109846889300529,-0.22926740715478283,0.01609619974301097,-0.3348636940207012,-0.6535443478317083
2023-04-13,Rain,-0.8764910849080438,3.3678287274643983,0.39809706759530694,2.0899577629738735,-0.21628642582516774,1.7053900057571278,-0.7217996264881439,0.6179201984368141,-0.857263889140414,-1.1463834321888091
2023-04-14,Rain,-0.9886444679378342,3.343293015066727,-1.1753636391271107,2.2525074520763666,0.2522540945705307,1.038398836336865,-0.42090488498239376,0.4284126931247573,-0.3460742847726401,-0.6626820447924034
2023-04-15,Rain,-0.16384774330759327,2.467292847717595,-0.4058544497267677,0.8875378194616224,0.9521722350392118,0.09720230378650646,0.09021981802182076,0.5253807832813359,0.36940367595568535,-0.6292818677626347
2023-04-16,Rain,0.6456463858175356,-0.45639820604272885,-0.6702462344243473,1.6357826002758382,0.529996756020274,0.9426767491378588,0.4990997283874873,0.6505622148882491,0.29462518542532734,-0.1267352915999459
2023-04-17,Cloudy,0.5819242817788007,1.0547317431867484,0.36716450747587087,2.28907515402231,0.6086083667723721,1.3523689100659908,0.08761778869523489,-0.09503649180827446,-0.3115631129704617,0.0970519350707027
2023-04-18,Cloudy,1.7719723402830168,0.9690837179039887,0.09425582584380629,2.7249784251907387,0.7147253192039794,1.3834479755502131,0.11979071963084031,-0.11815702427156684,-0.19534296609860918,-0.331251016902669
2023-04-19,Cloudy,2.417724181858781,0.2196116265969681,-0.5728875551359357,2.8008793303307296,0.9588086496913585,1.1370124483282118,0.4342827458030813,0.056753678910809194,0.15452868198059583,-0.22248649187091948
2023-04-20,Cloudy,1.656709226479123,0.9433675825442143,-0.17774466637890038,1.9848667674345664,-1.7524986343127928,-0.5492549961763159,0.19420661031384628,-0.8631314833934438,-0.14404334804921048,0.021343523633207784
2023-04-21,Cloudy,2.2609519297526695,0.7241416214894176,0.49002133534380726,2.170087660223802,-1.831793735422621,-0.19126045146680334,0.08394545857593468,-0.47708638254150065,-0.6055285557678799,-0.16009406532820109
2023-04-22,Cloudy,2.512442824789827,0.24438146541370567,0.6099556738303764,2.136714901279926,-1.6393804232813978,-0.31355250880427654,0.2586208283066102,-0.3990724409210992,-0.3886384046326074,-0.024031690681279697
2023-04-23,Cloudy,2.3950046222837784,0.428190402727932,0.8248502757861867,1.5551565903385274,-1.4503439526103226,-0.35216511709590675,-0.04515587762176378,-0.7178970471716585,-0.21806402237650496,-0.11933351611968221
2023-04-24,Rain,1.927249519279698,2.2966047731381583,1.3640187889550084,-0.34996135310168924,-1.3541279779891162,-0.9200515531134729,-0.37669605681577445,2.033043925364971,0.956876669089587,0.34574304497394026
2023-04-25,Rain,-1.5284390720658259,1.8330442506307176,2.1267957924647973,0.45315771267275456,-0.7802710507579494,-0.8474412877759555,0.14084818630625928,-1.0703305205249145,0.075356853523544,0.909551813508402
2023-04-26,Rain,-0.7373128822685411,-1.3153591220438177,-1.3865684196606587,0.2044776309535026,-1.9625407024136872,0.41039332658166183,0.4729057943356927,0.4344340779739104,2.1333375037853513,-0.3987922607485419
2023-04-27,Cloudy,0.9382840558671667,-1.098171182041646,1.9800547766328842,0.8237266629058122,-1.1444030491459052,-0.060215947633512824,0.4584083760317345,0.23104042093062,-0.5119880210612486,0.4286395976198228
2023-04-28,Rain,1.198690740206004,1.1093156043190961,1.551121383803752,1.2145622808795666,-1.104480136804994,0.0795718562963045,-0.27570159243641706,-0.5624109033102009,-0.07206911117516802,-0.110300580815256
2023-04-29,Rain,0.10045527153229755,2.368391613979016,1.1559281618564845,-0.7798338800330175,-0.7100325096740733,0.14003377717284318,2.793414075894235,-0.3674635529064143,0.04405001793307486,-0.6917608178841163
2023-04-30,Rain,-0.4703242456914129,-0.8512991053485975,-0.10002474547861494,1.093244949292923,-0.12864432261674522,-1.4148440288190534,0.9091490432693247,-0.08664877963024341,1.4427535352221745,-0.5480075050426996
2023-05-01,Cloudy,0.7509733273649787,-1.3717954828589525,0.7494525394054674,1.0562850260448187,-0.6065069643567295,-0.24034255685819075,0.6892244959948561,-0.017325304292893372,0.26436910716485335,-0.05823881504060594
2023-05-02,Cloudy,0.908987760373577,-0.09514867569577942,1.1411211056154957,1.0465733568839841,-0.7363876475650947,0.3493357400159586,0.14299585149752878,-0.4509179261850384,-0.017823484496061963,-0.53755364480448
2023-05-03,Rain,2.0297818380731134,0.5853711242591172,2.352776370679777,1.0794611558770357,-0.751785645121265,0.6523068487937831,-0.38469121809029877,-0.08622457940373962,-0.3659484539159994,0.03577650340329451
2023-05-04,Cloudy,3.390313129589123,0.15325805979745644,2.4462926744604117,1.4124056280110213,-0.5591850340684035,0.5615241810437286,-0.11035250717601182,-0.3510600960563713,-0.44317732200529303,0.0689654238010676
2023-05-05,Cloudy,4.359900249634879,-1.2157007742782164,-0.07125178321481411,1.7888492897027553,-0.15863189564244173,-0.33327049602077335,0.8636972104459429,0.15743450159814365,0.07097681991598763,0.45783799751292303
2023-05-06,Cloudy,5.330466131687726,-1.7059531806269543,0.6286761747462697,1.3860581025489211,-0.0732263010066279,-0.3054304404774965,0.7713852546408786,0.34152419451551735,-0.018677353254677398,0.9308523850117292
2023-05-07,Rain,4.384964732868775,0.42785502012906595,2.1991396541587163,1.182301256524085,-0.1715196957122047,0.20234810303580406,-0.20990109667934562,1.1016448699171622,0.28806058439679566,0.4704776363818789
2023-05-08,Rain,0.19499699806712908,2.733446641075913,0.9290849476543093,-0.32015687716825963,0.4768970616660901,-0.2840380350897625,1.0741666871473505,-0.12761267748785673,0.7944320674110273,-0.42931906471098147
2023-05-09,Rain,-0.8189004162471082,1.7376199921838142,-0.601743258634049,1.216068362355832,0.47756187537863126,-0.17683021108301294,1.03625413453426,-0.7854282946197417,0.6711792393362912,-0.06908333207487513
2023-05-10,Rain,1.2636841549866782,1.1440622526001512,-0.3407531021675396,1.7866385036454853,0.23954185208052034,0.33189188399287667,0.12138581010499486,-0.39784290449893167,0.2859777211525562,-0.5704198729751024
2023-05-11,Rain,1.3795710218440245,1.6132150531124112,2.5154586325300428,0.6905983250320411,0.48973909089428486,0.4003547809451108,-0.6935012756977836,0.12414179355816714,0.12946597980286106,-0.05675365061236064
2023-05-12,Rain,0.14600652101804745,0.38924527485017335,1.6564967790621412,0.5784015261176498,1.2866686946581545,-0.4830871311890205,-0.06732899278048822,-0.6537915147874322,1.4618552615630476,0.05092300316301106
2023-05-13,Rain,-0.8856040247499519,0.9251940036759059,0.8578981807761126,0.5037181908222899,1.235945650829404,-0.4881101256718069,-0.013209242803916003,-0.469370157394075,1.683775448587077,-0.6440810517727964
2023-05-14,Rain,-0.4065899195723162,0.056267766271904066,-0.6633116876657097,0.8823060107445544,-0.32306197970596434,2.0543575517886548,0.1257432773802872,-0.645525330523548,1.9775160658425532,-0.2550572216744322
2023-05-15,Rain,1.6155366779873817,-0.647750873162087,1.0578253842616907,1.2483387159202635,0.720352372120989,0.7204021578169594,0.5475342972117899,0.5518012443557034,0.27343167878763924,0.9932128708374098
2023-05-16,Rain,3.395054724999267,-0.7176968311765081,0.3790602521104825,1.72636656109857,0.8417956741102856,0.7176773133523904,0.4535994030836747,0.4471379016437261,0.451901340260353,0.39314690729450297
2023-05-17,Clear,4.3015810885209484,-2.8319056727190586,0.09713041022736983,1.3977399180770553,1.0163615903313237,0.5360400217921967,1.001233310052633,1.1991686132123853,-0.07995617567116152,0.13835024083680267
2023-05-18,Clear,4.736925071080989,-3.1830924240558223,-0.4972610820361004,1.0377843084498997,1.5819664167539678,-0.19651333762924425,1.2018899039702817,0.7203469827685826,0.731388077111213,0.03694961963651446
2023-05-19,Cloudy,4.319288089076138,-1.3985005034428513,-0.0335225264611551,1.2412890928126354,-1.428859750680915,-1.2644629885397618,0.7292717112590569,-0.010485240565503484,-0.2170810404550971,0.8382988675049361
2023-05-20,Rain,4.40302721100132,-0.1743739088663497,0.4531667586889567,1.421727252117055,-1.5219123627319369,-0.9062388520491229,0.15355878742431867,-0.0821569140307659,-0.22802902172013712,0.5611652857104835
2023-05-21,Cloudy,5.080959527716228,-0.5277547835703651,1.2684491410113437,1.4409351612583576,-1.4899930809454225,-0.6285395195298807,0.11200610782432428,-0.2704394225493386,-0.5840752378273121,0.40150452492351096
2023-05-22,Cloudy,5.551255590172991,-1.7015983071517904,1.2765531070397325,0.83759841262383,-1.2927054006793726,-0.8844466262966668,0.42365149343966263,0.13166385801530317,-0.5506347601698501,0.28530280319834567
2023-05-23,Rain,3.99076619619585,0.800597179821211,1.7285329519857833,0.3741549749243532,-1.1419310164496506,-0.65604956914478,-0.5875927195966278,-0.7353128247156615,-0.4181731579665336,-0.49001661923042245
2023-05-24,Rain,1.8802253303700844,1.4762957916047132,0.5326548207848044,0.6190244009786601,-0.9156372675262819,-0.8138020408206866,0.09381368258391588,-1.0830228323194433,0.2479990095206508,0.8652022772240974
2023-05-25,Rain,2.240055777683097,0.4496317241505424,-0.09600322586902457,0.6736868750293801,-1.1219781455235671,-0.6969495180527631,0.6068357776627781,0.4840706192435767,0.2413743466740967,-0.14112916183399832
2023-05-26,Rain,2.47528587033842,0.5024165477151699,0.6952613404540381,0.5696295685535445,-0.8993063380732977,-0.6856305142850926,0.3470651964301847,0.03376441985935537,0.04823779417559659,0.7589017704761379
2023-05-27,Rain,3.146831278475946,0.1666431191996852,1.2851096863444214,0.773404761869736,-0.92684006270801,-0.38953417611518565,-0.055045807888876135,0.38003296872530856,-0.35077581258838947,0.5255400810671732
2023-05-28,Rain,3.7018133959523416,-0.3740880092205395,0.3455868282129468,1.0155933382645905,-0.807373283204895,-0.5041387631480205,0.10367566939333321,0.35625666692252483,0.09966008078395479,-0.23186846815958756
2023-05-29,Rain,4.168074442949293,-1.8271247369536723,-0.48362653842497033,0.856862282978196,-0.4861550365677596,-0.9524880893399689,0.7451301509203722,0.3486815757790004,0.4609194012565567,0.40176170743096046
2023-05-30,Clear,4.517656593582585,-2.55569282857024,-0.38985718592562735,0.7656569168536944,-0.33712074192757646,-0.9415754664072649,0.9904010474352509,0.23969022745382165,0.35080061054090184,0.43351766473168807
2023-05-31,Clear,4.941510813196844,-2.2065879389945575,0.43868710692221136,1.0200697730051884,-0.4215394942500967,-0.49020853151311927,0.7750123472122992,0.5238329477951276,-0.24381553842821121,0.9131049027550138
2023-06-01,Cloudy,5.119826096560627,-0.8582200816987298,0.5167737175362571,1.3130814253676764,-0.27046134214134837,-0.4051310773927117,0.39857385811741636,0.13935455374712644,-0.504256675812847,1.4738386518180995
2023-06-02,Rain,5.169174338334206,-0.8191574906371138,0.7778427775154844,0.8252622804740156,-0.05143555460424151,-0.5155768428130632,0.19012273028287155,-0.13015847806187034,0.3536300447250139,0.5296767370666976
2023-06-03,Rain,3.954277333285386,-1.4042696331012268,1.1661147675600112,0.8777595418039513,-0.019927204237871723,-0.3661823987806437,0.64825114049828,0.3272541822190821,0.3329044730335997,1.3465557437807545
2023-06-04,Rain,3.1830077928274796,0.25274255725710115,1.553253231458326,0.1452675116181599,0.07254064570878298,-0.05173553156858363,-0.09974414593648462,-0.6984902532792644,0.3740908898963841,-0.03182255654514184
2023-06-05,Rain,2.962882043455009,2.0345975555189164,-0.5475679938590261,-0.947357570089374,0.22361293396509418,-1.570875248746734,-0.5618619252810674,3.8631396440402668,2.890352848479387,-0.5158721604581729
2023-06-06,Rain,3.091530127760469,0.8218116458547178,-0.8966141047037898,-0.26690315074539916,-0.8382697054557053,1.5830304238202126,0.508490981759388,-0.25480643419486976,1.1321857014588759,0.8197648441102927
2023-06-07,Rain,3.768462890027153,-0.04375663999373916,0.9455650400207064,0.7645274917910264,0.6733888585650449,-0.6229778599909583,-0.06212512379848366,0.3885712525168591,0.6024996639885783,0.1969002684040765
2023-06-08,Rain,4.051251179041382,1.9066000891649615,3.440163152283529,0.40361175083151196,-0.09667404187127387,0.8051821795140627,-1.1303430608962202,2.2855814506121805,-0.8535181985181344,-1.3329603659179994
2023-06-09,Rain,2.5505539851064034,2.162923983815565,0.32338015420197325,-1.9214870486035134,-0.23302903173256528,1.687293577712469,2.1499851140857884,0.05644390536383622,1.2656748703447154,-0.08921129219788487
2023-06-10,Rain,4.714140400101057,-1.4055028517899557,-0.8051390135828678,0.6839126880635371,-0.2191608287402049,1.393461399884996,0.10131294366784142,0.07537143641929209,1.2132686871600407,0.23292305339995129
2023-06-11,Rain,5.063742006180555,-0.8550566645063626,-0.27149824554169566,1.2660450836917168,0.7723463115056087,-0.03527561218544241,0.325559891551079,0.7584440776307306,0.32293329297975676,0.5799854031486433
2023-06-12,Rain,4.191592454833849,0.07310551064593794,-0.20580585878712548,1.1361889816471835,0.8905549561715421,0.21854266632256453,0.13081693936515246,-0.2436726353303591,0.41885005651374013,0.11033327085178457
2023-06-13,Rain,2.921626504986488,0.4537611294817704,-0.344244310505465,0.27186569156074114,0.05778822780917735,1.7847673429803268,-0.3206767477951042,-0.624974664451519,1.0442215202059042,0.4627147692574999
2023-06-14,Rain,1.7167993853651395,1.6661650347967498,-0.6419704584692314,0.37449778472985423,1.661086643473307,-0.36886459597125576,1.8042975633335807,-0.3662680976620533,0.5192953861115501,-0.7164156368000912
2023-06-15,Rain,2.9802708264558166,0.32106589174431055,-0.5324449266297435,0.9420201520992745,0.9768735126461707,0.7416177939619822,0.006796695751128806,-0.22506827619472922,0.28672745681525585,-0.780275656410358
2023-06-16,Rain,4.190392612816227,0.8769007831008577,0.4388127899773628,0.5019385569213398,1.3049136841123772,0.39488190897493447,-0.2991149856812687,0.5775200135317855,0.7842073067443156,-0.11441726753356361
2023-06-17,Rain,3.891993496624271,0.17110403892943388,0.8229099871413852,0.688885210128997,1.4278440582763507,0.3866270186112137,-0.01812792514334047,0.4407144114386088,0.8580643265824499,0.9734115693408238
2023-06-18,Rain,2.7238615366336814,1.0029243428543548,0.07573568714597383,0.03388005419089368,-1.303486809065965,-1.1249256507650143,0.9256659431954598,-0.6536075760540928,0.3393107675898515,0.2205629346085154
2023-06-19,Rain,2.877156227295577,0.9473902656239797,-0.8614590710165624,0.5158339334707542,-1.0633984484169507,-1.562982081130779,0.001333900340522026,-0.693311632450483,0.19648309012554613,-0.6167271692601259
2023-06-20,Rain,3.827825492710136,0.44048298216244447,2.3673614791696744,0.23687955671327912,-1.5420484493053395,-0.0441408599936628,-0.17437075431628596,-0.10061377032272062,-1.3807162522230931,-1.2380355326289525
2023-06-21,Rain,3.3670388401952582,0.903454348062895,2.20861804649842,0.38688104330833356,-0.852112696600471,-0.8684465143411259,1.1560195401614557,-0.42487424919966527,-0.39605875584003136,3.210066656216037
2023-06-22,Rain,3.1366022019851134,0.47774502445194567,-1.2891012665259733,0.10578086202697783,-0.6732156909570031,-1.336775323517932,1.3184306836984414,-0.7616437314081012,0.09450696887076526,-1.086909827406465
2023-06-23,Rain,2.016969109878117,1.1851205405668863,0.6577757084333887,0.09626566140083824,-0.5479819289669953,-1.3123670243243855,-0.07542936405508513,-0.7563927712667698,0.10888361103545549,0.25045595474583726
2023-06-24,Rain,0.7692852344826565,3.467344880648105,-1.4532374667301569,-0.9237880148279932,-0.545094947188096,-0.8627728718493748,1.9080230482651495,-0.8962430722976172,0.23603200880747335,-0.7263441102140004
2023-06-25,Rain,0.6835693509927087,2.759832296672013,-2.0651979112044705,-1.4661497466693194,-1.4967704627151601,0.6571906163783817,1.011977505201619,-1.3218668855970253,1.6941390677199355,0.13625856113908874
2023-06-26,Rain,1.2773556164001443,2.0913465732883463,-0.5605165457363462,-0.5482926213245075,-0.30407694514918365,-1.1508564686653042,0.5018694378048285,-0.7480603963898486,0.6416393271452657,0.7217840681418635
2023-06-27,Rain,1.7318242900455665,1.704292197521401,0.3023467629298012,0.16646510938803052,-0.2983525247222853,-0.8473134061540392,-0.3799053439289189,-0.9958282046471298,0.3887812898151371,0.9128889910951048
2023-06-28,Rain,3.475647331978471,0.164483229161354,0.8167574749051223,0.15448793273811054,-0.6163044703101229,-0.2374853972326543,0.09672270486044832,0.3602001061479541,0.1316319716708975,-0.061147221846333796
2023-06-29,Rain,4.96735446150575,-0.4425927323472163,1.2259079380082805,0.3130164433876726,-0.3635318962771038,-0.3863990380910766,-0.24352416604099664,-0.043086107869541056,0.24676982492427232,0.5202609055730534
2023-06-30,Cloudy,5.430070707738161,-0.19055332642178996,0.40126182852894593,0.8472114159126313,-0.018091860931017313,-0.5738273552052394,-0.07894683941004524,-1.1734407661474164,0.32560418277557257,0.22241511260764973
2023-07-01,Rain,5.082253630235687,0.05629326186097157,0.27872148340039327,0.6610406110312527,-0.0008593423595255158,-0.41716154445675924,-0.2341756984686674,-0.6731977715120163,0.11852868331115773,-0.36311039734418804
2023-07-02,Rain,4.695533267597852,-0.563230836377497,0.22385708109772703,0.5399583041841567,0.17429047035630024,-0.5886897123454424,0.07375536172405348,-0.49747120124462957,0.34888163312560916,-0.02945119885802553
2023-07-03,Rain,3.722651174119687,0.8380997439445003,0.3698661472979283,0.34514339548940826,0.41177201857684204,-0.531451988646083,-0.16211869821875394,-1.0420435952668499,0.32354093671238415,0.7788616861556299
2023-07-04,Rain,4.373538554303977,0.6351738164710538,0.6714284499797517,-0.4046253883337236,0.3897316513994885,-1.13959030165366,-0.5213956628235737,2.161464937197372,1.4601283274460402,0.4463731905788168
2023-07-05,Rain,3.8130825569108615,-0.2542062102349196,0.3627707372881224,0.6692656694030238,0.30345588906568394,-0.13391855663263225,0.2942128688813479,-0.12379463365462962,-0.05823453419065243,0.8758315493962134
2023-07-06,Rain,5.119800368743889,-1.3511950776497388,1.326380506393333,0.32900796176776886,0.178493494874322,0.3483014301948839,-0.09285647428252317,0.47959087163264974,-0.4877158079545163,0.3206340048010183
2023-07-07,Cloudy,5.36600760236385,-1.7927852737675518,1.3500989999736681,0.31984884795843926,0.42070946249809604,0.23934761441880653,0.09216477681440578,0.09867139724023812,-0.32214263811703997,0.9312379981717152
2023-07-08,Rain,3.9363407790732916,-0.6358414025206036,0.8619985752463817,0.6720303220794714,0.415509938058231,0.4230938139789571,0.013636151501342135,0.10701253350620896,-0.18321877825615002,0.4230838955670672
2023-07-09,Rain,3.3234536509979375,-0.5547990676837566,0.007451561210160992,0.40662554846412735,0.7515107326164585,0.07494340993969431,0.04678283203284893,-0.3229365192716264,0.4033853778896396,0.17125808727295486
2023-07-10,Rain,4.6599520390758835,-0.27506585212683293,2.740127718743032,-0.4632018091142129,0.6057295131309949,0.9785887489440268,0.20940323113145404,0.34827731259558287,-0.3316286405170214,-0.41812018276202606
2023-07-11,Rain,4.954087574685049,-1.2313668890714693,1.6383792267428232,0.05499192052900013,0.8865005666055777,0.4391536874599523,0.26754884354170033,0.23675748935199598,-0.006037027189404825,1.2182959469943682
2023-07-12,Cloudy,4.988161380755296,-1.7049688255919029,2.459368699992225,0.23399272563358392,0.8526173886994256,0.8742878738833321,-0.0699962545054308,0.24469084462303048,-0.47882248551837575,1.4852022924311317
2023-07-13,Rain,4.14329429784619,-1.5890927373741413,0.5855660993533028,0.45858560368732243,1.1612687776303563,0.27683765117681663,0.42290736749258623,0.38639813983180177,0.10566986855068954,0.29781324796816655
2023-07-14,Rain,4.494407251564327,-0.4538080398397686,0.8971120104503375,0.48404625855075456,1.6242429650463233,-0.07279004110954444,0.03471553263060327,-0.3752487817096286,0.45327711327656445,1.4122514213133766
2023-07-15,Rain,4.189757464267964,-0.5721704305765825,-0.24220237185927404,-0.22685381196522458,0.47890784417919186,1.8551943840289142,-0.47511969674738025,-0.4742774733165499,0.9949252764845186,0.29120567443007034
2023-07-16,Rain,4.875174639084326,-0.6584192002789615,-0.3138441216837347,0.16454914293299788,0.5498695690795133,2.0824377075815215,-0.6732382334046094,-0.6090411558902071,1.0866558612896466,-1.419223128920561
2023-07-17,Rain,5.011673102632071,-0.7942961299899702,0.48069552325325215,-0.22830078436057658,0.5849174698557643,2.4175646818744396,-0.9890567261875556,-0.6445797137004765,1.1078074680130192,-1.388471211111476
2023-07-18,Rain,2.146736778716757,1.4131386244285797,1.517313886807155,-1.2334380926539728,-1.999709109872242,0.5913774998663425,-1.058691717725777,-1.9801883163162595,0.5949768325982503,0.19376915511571266
2023-07-19,Rain,1.1916601938914966,2.136027339083836,-1.1229688957839827,-0.6087090856673963,-0.8019218678119653,-1.5924758307387512,0.447193218578163,-0.5858836362371662,0.5318038489840081,-0.4227163872129399
2023-07-20,Rain,1.425650470558396,1.466339754447862,-1.7785763213533894,-0.5745643302169486,-0.5559326850317441,-1.9118000439971767,0.20658454119362382,-0.4530110392392568,-0.1475099720849398,-0.7787726876730827
2023-07-21,Rain,2.3154463037335042,1.2084891944910068,-1.670444833296164,-0.9704547494531849,-0.34335551069112225,-2.5532617164871194,-0.23634274087725124,1.2185680105443835,1.0178188909402472,-0.8498548864446299
2023-07-22,Rain,3.9170625841383493,-1.287628906848251,-0.35684189241121156,-0.08031419656023898,-0.7039572414498831,-1.0850312186886681,0.05201148541319588,-0.49274540779212833,0.26689738436182714,0.06597391828123321
2023-07-23,Cloudy,4.484033276595918,-2.4518929729623564,-0.07355554821536366,-0.4702082772748826,-0.6272168616636887,-1.004868048203475,0.33233215753650647,-0.35104578940710496,-0.004904484025041028,0.06889655289656724
2023-07-24,Cloudy,4.44031120513985,-2.207788909248571,-0.45346595572654486,-0.23370234785741267,-0.5271148946637841,-0.964856470422828,0.33351183557835573,-0.5607500733973153,0.22753883406343778,-0.17408467594517887
2023-07-25,Cloudy,4.453289020566497,-1.674899314166178,-0.5319487378056589,-0.072944541283828,-0.3134011450300631,-0.9407768362539548,0.10614608266564866,-0.8000945488358387,0.2137257119838035,-0.3777002214675254
2023-07-26,Cloudy,4.946741355919334,-2.010556607137651,0.5586075061927291,-0.05187663472361108,-0.2244923131575466,-1.0453347962519628,0.28383354344890166,-0.6154127077288306,0.173492981277211,0.9028902403934664
2023-07-27,Rain,5.150571425160198,-1.5132292000948775,-1.1219621712627583,-0.25279466729635613,0.12702893759513487,-1.5486762739788327,0.3733670808345161,-0.1744810490478547,0.6044500546080623,-0.7083612068657743
2023-07-28,Rain,3.836561832625248,-0.11172640730251894,-0.6710794418829619,-0.14165812763688274,-1.0381218523449955,0.8344912636589782,-0.5060407081247728,-1.0259982185377228,0.880144623802768,0.4587779233731836
2023-07-29,Rain,4.109132638152276,-0.31628891152950744,-2.0800608751905774,-0.4029936143813324,-1.063505060355019,0.9191011679794139,-0.28775111715810797,-0.6995751197939197,0.5721245770775648,-0.23609474220793802
2023-07-30,Rain,3.607931973229121,1.0772326731231507,-1.018634877904587,-0.3510549405898074,0.2529538036867166,-0.6838373931964938,0.26006371273614226,-0.88499535051648,-0.42511845197351184,0.1343727137502991
2023-07-31,Rain,2.7551254288134217,3.068899975689189,1.7467886726966835,-2.3809448209098467,0.30199519375165934,0.30699311493325193,3.3173361282717506,-0.3362735352564703,-1.0578799557084022,2.857445611797861
2023-08-01,Rain,1.9547397506077289,2.233497099001608,-0.8033452473229455,-0.2513146402158593,0.3162405048442113,-0.453158141672165,-0.6672752862115418,-0.5543363045024907,-0.30817507243702286,-0.6229669984888935
2023-08-02,Rain,2.955107898680095,1.2879114145768253,-0.42566584980493943,-0.10373132329760903,0.6967053099697146,-0.8821441166392966,-0.17065364088735832,-0.6758934577348112,-0.1451209112458908,0.7507150276364428
2023-08-03,Rain,3.034029500370743,1.4102234172936667,-1.075250775781738,-1.2336081923194304,-0.5441674171281223,1.3237743725334978,-0.309731917888718,-0.3763447930733267,0.6870051340800912,1.2994683271375655
2023-08-04,Rain,1.1000197803412048,3.0794475480373866,-1.3503615567151888,-1.2746948469419004,-0.07084412457457522,0.9640323631234755,0.44699056559922395,-0.962091775639057,0.7169189366061429,1.5688014028307797
2023-08-05,Rain,2.090843251934106,2.626873292546467,-1.0931839641316725,-2.1839398837200528,0.05488250044073925,1.2710732552985764,2.2302905560576356,-0.6127282947898584,0.3918611224558643,-1.088417197684194
2023-08-06,Rain,2.254816201830406,2.309333697792351,-1.3098900887160128,-0.9752778778921217,0.7642003512318234,-0.6333277926929484,-0.8810020307956876,1.1397642371276948,0.7798043568690756,-1.6046228988816673
2023-08-07,Rain,2.3755752775247343,1.6412503864503967,-1.6764898529944188,-0.8163866586969168,1.0398632324507264,-0.8092082461857791,-0.5128874416807511,0.8835371338699236,1.039156388277892,-0.9482607508476649
2023-08-08,Rain,3.8385755639932464,0.36383991226331347,0.5204991926023578,-0.13547386615591786,1.2549323923550288,-0.3987823461828503,-0.42125309520445964,0.5739123747212276,0.11265619176583982,0.46034547196898246
2023-08-09,Rain,4.06869695244791,-0.1442364258914306,-0.8619303246050618,-0.5510451211082867,1.3218716341477736,-0.6235004243213369,-0.11811020835629865,0.4367082739862523,0.4973775152978385,-1.128720185666775
2023-08-10,Rain,3.139528689237396,1.0970929802753908,-1.3621131106753022,0.29537220991309154,1.693715464878493,-0.623797493674161,0.01622945810944432,-0.7104109555606698,-0.4344668378475431,0.42212568343751106
2023-08-11,Rain,2.1937179726934226,3.189151017247938,-1.9406594913767752,-1.8494144079934114,1.2225283882796543,0.9368437603118267,4.013716930071135,-0.02179349392927448,-1.1111600338619534,-0.694136701641268
2023-08-12,Rain,3.138780502666458,0.3379025249730551,0.02270356602727285,-0.24695748196041822,0.4529675833764784,1.9220627213293229,-0.28690726536448014,-0.41815938907864386,0.21440919035774686,1.858954134523259
2023-08-13,Rain,3.463604966598041,0.07483459453757098,-1.2234261413356051,-0.23088044883786918,1.4940264737277076,-0.23601113161219373,-0.2159822042167699,1.6299251591461774,0.581885961111757,0.3691417521596705
2023-08-14,Rain,2.7818257197317173,-0.23613361761672227,-1.26768730671417,0.14537291090294444,1.7378376973831837,0.10405336923634784,0.1257985814680529,-0.23475419666488587,-0.03262656537236049,0.7272739217770241
2023-08-15,Rain,2.1051084586953226,0.7656657980247381,-2.2716334396127977,-1.1821963669095827,0.7913466698100139,1.8042487795594624,-0.10091665922674577,-0.5140454108326586,0.9521424767625463,1.0579933861658024
2023-08-16,Rain,3.182317580238611,0.6628782577727316,-1.124713980512702,-5.372931957459199e-05,-0.9580604131699394,-1.377360535234294,-0.45979093348166167,-0.8920388889986095,-0.9371035957852857,-0.2653136669701126
2023-08-17,Rain,4.32730538129015,-0.5953451860588065,-1.1532518928086049,-0.3245630023961948,-0.8310882035025866,-1.5846573393052064,-0.2832887547192407,-0.2516827265498519,-0.4090347613772485,-0.28122823634969374
2023-08-18,Rain,4.011140723516872,-0.4305020100801015,-1.4523694266089064,-0.3951294580324737,-0.3149787561672339,-2.0752916406101094,0.35019574368004047,-0.8195656804720582,-0.41331974272321764,-0.6524320326833842
2023-08-19,Rain,2.5452106911506513,0.8986663301306278,-2.127983375038403,-0.3291361651066458,-0.2929016239707614,-2.1344179381805577,-0.189795501385948,-0.20943289802604548,-0.5585258669521581,-0.11326782638920177
2023-08-20,Rain,1.3783833923324433,2.803577399279632,-0.14362319422050368,-1.4022416866927756,-0.47604570546058317,-0.7878134446885977,2.0063594246823557,-0.5071603575432767,-1.329369706067182,1.8238847324783718
2023-08-21,Rain,2.667305003260603,0.6158536633296521,-1.336765038291902,-0.5882254567536823,-0.658986819615712,-1.3454084933659676,-0.5108481018609031,0.9660366217371523,0.19525603947766929,-0.4138573208001248
2023-08-22,Rain,3.926416891190023,-0.25525662883940525,-1.6490088418575697,-0.6257596571044614,-0.38699199821194163,-1.4526179829623729,-0.393532200457302,0.36193852052670744,0.08810446227286997,-0.4912754483700632
2023-08-23,Rain,3.7693487803261156,0.9568148123225422,1.0157903516006015,-1.0971021564849863,-0.14082216833158745,-1.3889436342520456,-0.7268897735279745,0.9904075038779588,-0.29362097499332296,1.427806812792606
2023-08-24,Rain,2.379435306773862,2.917149105590665,-0.5557181838423716,-2.743051123931903,-0.07977849145602947,-2.4157248099706456,-0.896688468139244,4.057125215333579,1.996401965846995,0.30614563321486654
2023-08-25,Rain,2.7770215427417413,0.5895336003762833,-0.3266082754911543,-0.6499657901452944,-0.05619903492775772,-0.9965150709545386,-0.5630980531624495,-0.32709111930242474,-0.028107617761926097,0.9800282825583424
2023-08-26,Rain,2.8794752600090265,0.30834175482683523,-0.35623057590674667,-0.37692161302990507,0.03244901154314014,-0.757982672883814,-0.24973878787638298,-0.9475744382546711,-0.43692858644095994,0.035345982496894704
2023-08-27,Rain,4.227822222939426,-0.3337119371392965,-0.8535682588815301,-0.9149230481098973,0.3445768010643434,-0.9495808230603195,0.803246279382533,-0.7425664210255228,-0.26132936901520026,-0.570559685748173
2023-08-28,Rain,2.3866143820156935,1.6584857200146,1.5739043177575966,-1.7133409787592997,-0.7435115854617954,1.1905295218184242,-0.7219969015015835,-0.791371887363376,0.44565553463859714,2.731541441029808
2023-08-29,Cloudy,2.9161254348335484,-0.6889706917142956,0.6064557664121689,-0.15339790624271124,0.6700805118595449,-0.8536401611768873,-0.3001944951063325,-1.023132113666347,-0.562625270974853,-0.5284917663175691
2023-08-30,Cloudy,2.6907721585521576,-1.993133130343084,0.35521956196511023,-0.3657944457614616,0.7219327855241374,-0.8063417083213178,-0.060331205528090855,-0.3134039652988501,-0.8138955764565843,-1.2800195816464193
2023-08-31,Clear,2.88851734956702,-2.830191387704307,0.6544587355110021,-0.6384148327877638,1.0111905223597695,-1.1935569121627987,0.37618935950316,0.271255886610027,-1.0143676899827878,0.3017150122031762
2023-09-01,Cloudy,3.199534832023585,-2.5293447939272857,-0.418319488868353,-1.3632579732756271,-0.39730635637395834,1.2442599411938153,-0.35681851928022934,-0.30557865869464024,0.1601327710085923,0.20818684602958232
2023-09-02,Cloudy,3.9591944082608195,-1.8766610133333732,-0.2384309162436644,-0.9604054019001476,-0.5266148969457398,1.7947184745693276,-0.8787423258098113,-0.47670491091528117,-0.12279639613159679,-1.004794475868791
2023-09-03,Rain,1.4310368370284996,1.3498626977084287,0.6327575027155622,-1.0048105454197362,1.2728514418265142,-0.5979113000668991,-1.08313645754664,-1.6342106684511304,-0.37717018090752596,-0.6735072662629574
2023-09-04,Rain,0.42944062231218244,2.237204724139913,-0.4241688446851792,-1.8231016782466813,-0.18042620704320503,1.7553484179111913,-0.8370520976956247,-1.117331090821999,0.6872598462314143,-0.14520107019627582
2023-09-05,Rain,2.7873936865760607,-0.6377523953508669,-1.480800281741793,-1.0266826757335021,-0.05836446691006639,1.4796801890620261,-0.8439005636880776,-0.5873915251364703,0.26062001268890284,-0.11629669728917759
2023-09-06,Rain,3.6609455989882314,-1.5126601666823878,-1.2414389789065912,-1.1928734043454032,-0.12950016894447827,1.628290428821106,-0.8015141452280955,0.22760365517427877,0.39677617312417135,0.16312217270575843
2023-09-07,Rain,4.094631020137173,-1.3809948422649705,-0.3573383989410827,-1.0526352798346577,0.19481678815832726,1.6509237671892034,-0.8732477310377442,-0.43545791692234387,0.5545962331865963,0.988430048060435
2023-09-08,Rain,2.928093640267967,0.5581036338057582,0.4240040331553211,-1.8015091392714275,0.048859887314581525,2.5204810354220353,0.9282082084472159,-0.41825302818036475,-0.1761336733935711,1.559090584401331
2023-09-09,Rain,2.977658561826718,0.3303721546370084,-1.3450247723263236,-0.6325764521378631,0.5560501387168694,1.4311348618870587,-1.0210800889176561,-0.9394800743388184,0.21989311860449923,0.034681541303442726
2023-09-10,Rain,2.888277990202079,0.5490127955790469,-1.5715640925702752,-0.45370298714910856,1.8955852031781792,-0.47613548580316645,0.3675700529284272,-0.03979920351698785,-0.7553293784029478,-0.8437341822906028
2023-09-11,Rain,2.350211706907196,0.6452216147601973,-2.097338687647961,-0.12394231816701036,1.7412341427075806,-0.12142145338185469,-0.4667522649364011,-0.5313605544517758,-0.7493673870104938,-0.27650711480790824
2023-09-12,Rain,1.666826822111167,1.8056389220413818,-2.542155760236059,-0.12801258176791402,1.9816891912545727,-0.21138392937732797,-0.8215103122898356,-0.9511918253885016,-0.8588379200284705,-0.24073275763265697
2023-09-13,Rain,0.6350878553566003,2.5022900807979425,-0.052076167534113316,-1.6941821771061083,0.7228065914949872,2.2692090186025506,-1.1938498070907724,-0.8202581269017634,0.2655047192231851,0.4525007241967844
2023-09-14,Rain,-0.4467155950593912,3.9920804726777805,-1.1789668949048362,-3.1128926165444146,0.6678284000484163,2.9053115501452837,1.8645815077475956,-0.35604168388581514,0.1482443139575646,-0.3616113857129871
2023-09-15,Rain,0.3113017383194625,1.3565460464678767,-1.424849016790435,-1.9457816399324894,-1.8081204340170478,0.06359047174291757,-1.2034372315244455,-1.2270574197162862,0.6016869110571139,0.46196978251774473
2023-09-16,Rain,1.1206313153348326,1.0157643360264832,-0.7546634855524188,-1.7705217248937823,-1.670444992442053,0.2174831995356282,-1.331312129003851,-1.2417491095809985,0.17287018455396433,1.8525039875708893
2023-09-17,Rain,1.5888948695358245,1.1721010291712268,-0.557204093340455,-1.0430105575186448,-0.25469865187392177,-1.8806788865419608,-0.188119744868376,-0.32505560195496996,-0.9737018451615156,0.4718412187108779
2023-09-18,Rain,1.6279681772510877,0.5188592264151511,-1.9254614329563038,-0.9005410761977913,-0.598074703403279,-1.35432596962865,-0.5014074984267177,-0.08263194607217696,-0.7313377942155532,-0.2725978348593132
2023-09-19,Rain,2.7965682741093665,0.6348485690849293,-0.5374158730616033,-1.1485157385711888,-0.6323774512002566,-1.373097032489741,-1.124909923935032,1.3781756403567889,-0.10662416965800288,0.8951693365682476
2023-09-20,Rain,3.342717219766175,-0.6326914177121353,-0.5214256614241488,-0.5858627671350098,-0.4649473996744497,-0.8514439180512475,-0.6612330315510841,-0.5034759352644083,-0.8784053081740221,0.4169577530687373
2023-09-21,Rain,3.402359530679073,-0.5508546417314689,-0.7901591058916358,-1.7548499849333594,-0.30932026400104656,-1.4351531609615489,-0.9479150392161405,1.0565293484505387,0.20493388533409612,-0.11772941551170948
2023-09-22,Rain,3.525929392359229,-1.2751037250875188,-0.7426657829024775,-1.37778304507695,0.0023416852023068714,-1.3402982168440571,-0.5061071691293263,-0.1933467081908313,-0.30029745425627963,0.5452291289436233
2023-09-23,Rain,3.6394214955112876,-1.7695935956975501,0.019199675717799625,-1.2898574454228682,-0.02819363082629604,-1.164341005658644,-0.3625138948402886,-0.2640114838722441,-0.5944806519020207,1.0154357879481835
2023-09-24,Rain,2.692498031886822,-0.2631783240545734,-0.35547898282174656,-1.246573880989841,-0.023016347616535794,-1.093484379507887,-0.9334018802566247,1.1815927885066733,0.09523705776912011,0.3067945221617063
2023-09-25,Rain,1.9865802030728832,0.5172383215746115,-0.5536572454031898,-1.3185921106058331,0.4937743709837815,-1.007589005404723,0.483295736498394,-0.6451575170708718,-1.4612545990964365,-1.408130259757148
2023-09-26,Rain,0.8696389132691559,2.5162503221831924,1.3257484785501559,-1.8469925547020132,0.5663836417794745,-0.7394876288117318,-1.1748251412856532,-0.8545830770484185,-1.3813238076597776,-1.0091684327314732
2023-09-27,Rain,0.7060262063003,2.3906239202499964,-0.051768447494006886,-1.7879836941388878,0.7217799850155757,-1.0480592899286814,-0.5606718578953445,-0.6662368753677982,-0.3245744749714031,0.351985954928496
2023-09-28,Rain,-0.2560707808539831,5.198922042272494,-1.6897408987730635,-6.344519818834112,-1.0257066703431117,3.408622555585377,8.174544583442822,-0.10657903505594012,-1.0436572729111082,-0.12290743044713166
2023-09-29,Rain,0.9879939606995132,0.8228297025825949,-1.9919881880546002,-1.592581510265581,-0.3354391011188944,0.7604585436363148,-1.2482114673430948,-0.6194669914984051,0.49499753674974944,0.5517456254101271
2023-09-30,Rain,1.9268319219105239,-0.5669074059193153,-2.0804758119537294,-0.4009518551675441,0.5593386443892007,-0.41178985785484334,-0.392860980294285,-0.282284617852593,-0.7081720690929553,-0.03651909543600523
2023-10-01,Cloudy,2.5284658097692607,-1.6588185987051054,-1.6603385097623473,-0.49849688879202997,0.6993224708493032,-0.39512222341094827,-0.11777263582260689,-0.08970177120454985,-1.0475982751377655,0.1649015477395155
2023-10-02,Cloudy,2.2982520397324904,-1.654038955664615,-2.293233253085204,-0.3521396320726493,0.8184243898571846,-0.44444480044804885,-0.057289016708047966,-0.051907726001594594,-1.0129451351945495,-0.09477639175921483
2023-10-03,Cloudy,2.371283269700123,-2.0699537077179486,-2.4001924739881857,-0.16012679766475013,0.9139972544471364,-0.4387776202271726,0.10153945259896931,0.15598500509861316,-0.9080413530979946,0.2012340656753196
2023-10-04,Rain,2.8653999448137526,-1.918450299724901,-1.4071909435476895,-0.4640553680075239,0.9172721124533971,-0.21719679187106766,-0.15088365905995996,0.6107579971189729,-1.033545993574269,0.5993491802589114
2023-10-05,Rain,3.4261862492281705,-1.6865809287864748,-1.7142962150295082,-0.6865143323583129,1.1880030613753798,-0.4424980045014412,-0.2913184944911034,0.021097257803492437,-0.4771139376602001,0.0020752540754205386
2023-10-06,Rain,3.198237417102174,0.3663344074854238,-0.8505576993570334,-1.48826030578265,1.1228255769089703,-0.3457112223324564,-1.0537019867606414,2.379130892652716,-0.1302091024440132,0.6231030167964495
2023-10-07,Rain,0.5696843238478922,1.6339348076242586,1.3183854188023725,-0.8193666782400204,1.62660083190143,-0.04274764601392656,-1.384563499442361,-1.100653346126213,-1.3294174979979354,0.20841044771224493
2023-10-08,Rain,0.7024089872036102,-1.03878438994922,0.45177413104098524,-0.8793281581000262,1.994498053219922,-0.636447937070786,-0.5218173298260915,-0.3531972559917724,-0.5449790246076562,0.0803886625814589
2023-10-09,Cloudy,1.0509368598402127,-2.2835438344675185,0.5864977958655441,-0.7470864349342645,1.9962833208944015,-0.4100246715347382,-0.2704788003787805,-0.4665830668161099,-0.30795958558455916,-0.6128999085291805
2023-10-10,Rain,-0.09836702219555338,0.18758412379627518,1.912549718096596,-1.3731608200356324,1.9296085110976366,0.2468225568611862,-1.5180972099014827,-1.1353367494675797,-0.5716272280374884,-1.4219254815833942
2023-10-11,Cloudy,-0.119152307525405,-0.6347009044037075,0.7463465761919037,-1.0265695597077362,2.2694974935998955,-0.2560804771246936,-0.7862953794811597,-1.334456931193128,-0.03013736354633025,0.18395651992818762
2023-10-12,Rain,-1.0889944623966992,0.4939616940398309,-0.623574988173918,-0.6269574844541859,2.3322778009627885,-0.3876511456774904,-0.6682095660711374,-1.2794674222748812,0.24232980373315235,0.22062415707950095
2023-10-13,Rain,0.44341748787168733,-1.2936498735991824,-1.8521179344258698,-1.1722872535861981,0.7381502002395711,2.0027325014102324,-0.734107687436322,-0.41013735988380806,0.8096551540991871,0.6270409908707515
2023-10-14,Rain,0.29665098735160844,-0.05511216878518984,1.1217319057375297,-0.45596543221022456,2.3933846638571374,0.014427760138815244,-0.7437091821700161,-0.46019630079995855,-0.6734563977137528,0.9798560337817037
2023-10-15,Rain,0.23560051653652722,-1.2264086079568226,-0.5889308037074034,-1.8576630509219278,-1.9100909886455122,0.46244702877102567,-1.0371869403409522,-1.0853575951278793,0.4447303852451541,0.46646859440113136
2023-10-16,Cloudy,0.3613187995587729,-1.3497051282513441,-0.4848922797578796,-0.6542185710308823,-0.10836908719739764,-2.004715385352184,-0.20132787172883643,-1.0848318199820999,-0.7238490025436051,-0.6288320275641278
2023-10-17,Cloudy,0.5749785384088194,-2.3501084918797726,-1.4038464722200041,-0.6991246778306349,-0.1270873817700382,-1.9645898559276354,0.19453658622055994,-0.2264596821025978,-1.1354844768061267,-0.5872596101004594
2023-10-18,Cloudy,1.0126433831324726,-2.0908079527912764,-1.959004645945725,-1.224420145991779,-1.7850549752240152,0.8712709176467914,-0.6400048179444873,-0.6383666143209615,-0.052845894060372954,-0.20982982348538212
2023-10-19,Cloudy,1.5533064008792918,-1.4863791031874491,-0.10907984656822611,-0.5405512165453816,-0.21348873376908695,-1.2011650377549266,-0.3878360532158286,-0.16657935700887774,-1.9040840890749833,-0.797335985816312
2023-10-20,Cloudy,1.0000379794842498,-1.121839034825111,2.504925961656157,-1.2584349875931102,-0.07535152670917428,-0.801716514113857,-1.0845381822685431,-0.6825296061361491,-1.8386477749176455,-1.0546234171054576
2023-10-21,Cloudy,-0.6026450037300409,-1.8393436070640667,1.0719295282894354,-1.581688351182583,0.4604720258331972,-1.443845077363397,-0.6949084199720568,-1.0999630760593018,-0.5020680702050632,-0.6440535815379062
2023-10-22,Cloudy,-0.9091306649685618,-0.6874366077769835,-0.41086517027843844,-1.252527151771037,0.535367660903413,-1.5649299880992897,-0.6766986531435685,-1.8921362907485435,0.15911437328244532,-0.6286581788829149
2023-10-23,Cloudy,-0.5421891928140677,-0.2163614569526876,-0.8363837473229938,-0.6608235924366527,0.538046045747142,-1.3993114800295001,-0.548943881276628,-1.6192076300225604,-0.3277914613348331,-0.540871720257505
2023-10-24,Rain,0.272355422589623,-0.7355526145342575,-1.6776828212805046,-0.4564274465608957,0.6116828873385608,-1.5733870073465366,-0.2676821734507912,-0.5128699520723538,-0.6894269505802125,-0.15328863297027143
2023-10-25,Rain,0.8579185833192726,-0.9644191197203729,-1.8284641521730134,-1.1345538494350942,-0.7501146675205905,0.7703870305693847,-0.8835343067671488,-0.3666465771160779,-0.2848252361823584,0.28377839782311226
2023-10-26,Rain,1.4987158834906231,-1.3133340260996416,-0.8629695089856337,-1.0307105439621467,0.3243067605533841,-0.7679273234355929,-0.7169423230786,0.21278230241720425,0.12081297957335187,0.004348327727891922
2023-10-27,Cloudy,1.036799803390062,-1.8323630668997843,-1.9390369016954847,-0.36902930580794363,0.5188708463215222,-0.8333995959633063,-0.04335323548996548,-0.08032575889246941,-1.0541411971358796,-0.011630646445495278
2023-10-28,Rain,-0.08213771047857338,0.6467096564108583,-0.16147993479786818,-0.5827018436623361,0.8611541073271338,-0.9195399525281538,-0.7020480620393101,-0.46192998219006737,-0.7956648991052495,0.5441649644992403
2023-10-29,Rain,-1.2935596084514276,2.0092179948991684,-0.3720625939564273,-1.1753048981554206,1.1408592628657739,-1.2285961237304486,-0.9764972848753206,-0.9767063233264451,-0.3688773416410981,-0.08716485509436743
2023-10-30,Rain,-0.599718436812754,0.27316634948932716,-0.5537513082955965,-1.3800176061171552,1.4408749358696629,-1.3138781590989992,0.010670145285786196,-0.8811651569097236,-0.039235558848427235,-0.5480891053484358
2023-10-31,Rain,-0.08704012358183648,-2.0425642139617324,-0.470497537478499,-0.9276341240312561,1.3272208651860118,-1.186906997152788,-0.06887854752138758,0.02262951248877392,-0.5550523709609131,-0.2987511359602984
2023-11-01,Rain,0.07280946085397909,-1.880251189412078,-1.6576812562491883,-0.6386158062711295,0.8389819403570841,-0.34944512717457016,-0.15415024239045796,0.2952723061785516,-0.577686380399991,0.15671962591733582
2023-11-02,Cloudy,0.1299811262499963,-1.6742515363768538,-1.633083770233031,-0.3074512480357915,0.6913372860971136,0.18422702626296494,-0.20137507542104735,0.3563980363652719,-1.4090925415480222,0.06501688398351146
2023-11-03,Cloudy,0.6534369839592542,-0.5358653826449442,-0.6598585303587153,-0.22238710444134654,0.7825871352443995,0.4397993188566068,-0.6499795333695059,-0.2544336332275099,-1.2819624355081574,0.8064865267000937
2023-11-04,Rain,1.2307135832427516,0.651727689853295,-0.44382115664584,-1.18294409541955,0.8952568784199447,0.08795311189519202,-1.4292319507558113,0.7033805626790739,-0.17882906693091336,-0.1729603669913616
2023-11-05,Rain,1.1503003268111252,0.1014117348426043,-0.34140286915764767,-0.5525899235030552,1.1176785263812772,0.39558999971268155,-1.0487433576876846,-0.5350786859069061,-0.7576976046301843,0.15878688196472004
2023-11-06,Rain,-0.24784788773630187,1.3722168403956891,-0.5991976899453524,-0.5387957156682642,1.4489657943115626,0.02587752399210647,-0.663729543940037,-0.38105493671226753,-0.8975080900258571,0.5576245099342473
2023-11-07,Rain,-1.493084147222307,1.5646761803774267,-0.1925021052812684,-1.2198788729867818,2.0687502899027894,-0.5028122561233518,0.5300916420561165,-1.0826450916385402,-0.6502273223527325,0.6028419884668977
2023-11-08,Cloudy,0.03767701399945644,-0.5065864032929861,-1.7931874737121793,-0.22023758172915078,1.706513724072546,-0.17655253874603968,-0.3097259254739803,-0.4342176786701388,-0.9048459208426929,0.4037176629640634
2023-11-09,Cloudy,0.7193954160784022,-0.40520472994148327,-1.7774713038388052,-0.1567222917824859,1.4866811105171371,0.45378165151989813,-0.6042409445613973,-0.3763149728139942,-0.9875403719523351,0.14556872072738478
2023-11-10,Cloudy,1.2178124881252468,-0.6788945155541418,-0.850604918108608,-0.196510449119084,1.4821249424235137,0.7048501383317927,-0.696270425244999,-0.14174849316357674,-1.1812838790754858,0.5809271308869758
2023-11-11,Cloudy,1.1226009598878806,-0.5334557345740902,-0.9991789077882703,-0.19585988388348383,1.5688576665546938,0.7558120736395832,-0.7564738852342929,-0.2248328925344918,-1.1231771546266316,0.4542487622236345
2023-11-12,Rain,0.24126418546778855,1.4540238841042494,0.13545587180612578,-1.4462948050547748,1.6429340618575445,1.2779707780900424,0.2669472371002629,-0.21753952209242158,-1.660846867347446,-0.15093058738159829
2023-11-13,Rain,-3.631801963861982,1.5181269812137559,1.803510686257104,-1.945625290708787,-0.42637779614253657,-1.7445529446652945,-0.7117040827829495,-0.5226760016836288,-0.3774045280220389,1.1806586271317188
2023-11-14,Rain,-3.8362977836675163,-0.6528704086352639,0.1508759805706438,-1.3592983204984794,-0.06473182906223361,-2.1787968390104266,-0.30582119965546406,-1.2994992190070456,0.080341346813706,0.335073445585631
2023-11-15,Cloudy,-3.0657931920076766,-0.3761875897441848,-1.2604298395200049,-0.5740767380988265,-0.1266231021400775,-2.0042224050626745,-0.08904050559530571,-1.5875048781564154,-0.12111519479948342,0.0042315402238904485
2023-11-16,Rain,-3.3266782034966202,0.25494434553440876,3.3907572940907125,-1.7986599816792384,-0.18806613840484063,-1.1360941240812619,-1.49736001114636,-0.8404485179301389,-0.9964537610465549,-0.45223800101065725
2023-11-17,Cloudy,-2.2877314550501517,-3.979926758751327,0.3591371766436906,-1.8901028031073492,-1.829366129807855,1.2061213484600775,-0.42675612958788534,0.06668307821761194,0.15852965298652646,-0.11667096129638817
2023-11-18,Clear,-2.651283781195467,-4.364907732837094,-1.595923956238821,-1.647571135745973,-1.7756111085293613,0.9573491578793675,0.22673160702033626,0.4795090083507291,0.21581764657702057,0.11008292705713606
2023-11-19,Clear,-2.225886520394542,-3.821074528430042,-1.2879203429986623,-1.6780823719623343,-1.2694408330488092,0.4357335659502375,0.18335419746918566,0.2198277821067717,0.06728418887003192,0.14446390854600952
2023-11-20,Clear,-1.6292955584499278,-3.8157569410085137,-0.8037113636489841,-1.3845134454719505,-0.6369521943919324,-0.3365877963928699,0.48101212783308483,0.42598973690565434,-0.25188268398502983,1.2398591100731051
2023-11-21,Clear,-1.8426759351943627,-2.721583177783321,-1.421514059726566,-0.400990020956292,-0.6694687581264952,-0.07304857397932661,0.29237087386693944,0.8417240546794517,-1.474724710775789,0.042823286078653544
2023-11-22,Cloudy,-2.2526005834817915,-0.7157473308675495,-2.108501191679302,0.41183891119046023,0.1602120893141091,-1.123284995084845,0.21963354066712817,-0.31716819642692196,-1.079557091577798,0.018251402585145248
2023-11-23,Cloudy,-1.1575712858535518,-1.4550314303049485,-2.4050522277220874,-0.81364617026688,-1.0082328872171842,0.9627574686862985,-0.4921981414108533,-0.3153833761491052,-0.3801515126496973,0.041978183808861175
2023-11-24,Rain,-1.3422634260266988,-0.756423470831056,-2.135789590140525,-0.6417907634664809,-1.0043953542622073,1.199076996101021,-0.7858863775601221,-0.36842070006626654,0.0989218636523537,0.22162688151204457
2023-11-25,Rain,-1.1950040063643121,-1.4554639535253813,-1.7103464289987234,-0.7361434959175988,-0.013916420664734627,-0.3330004178064404,-0.3424583770804509,0.7124933539197459,-0.7159912019994885,-0.06454696182192066
2023-11-26,Cloudy,-1.2300013125840812,-1.9098087161854873,-2.2494817499749993,-0.8716594604300321,-0.8528569393669246,1.360959321282683,-0.4668637238719239,0.10653182160420373,-0.5218822008617917,0.22501651019084695
2023-11-27,Rain,-1.3842238280104067,-1.3887566076762092,-1.8987579121797786,-0.16809645813740956,0.6323476508736776,-0.7904736423400048,-0.03479233986764248,0.5046890685338281,-1.1935631847019164,-0.6493519090215742
2023-11-28,Cloudy,-1.2922197043350216,-2.130772486283331,-0.8939772339283432,-0.22293491151893285,0.15583892477119424,0.3102473142662276,-0.14760742436897625,0.7721683827943135,-1.724823938555121,-0.694555161532661
2023-11-29,Rain,-1.9499950855505475,-0.6978310468318019,-2.020204651522659,0.14167822822122866,0.40681645882756207,-0.033356584285861135,-0.20221963118134806,0.7599333668943251,-1.5757022215098468,0.3175749202824734
2023-11-30,Rain,-1.9292325178646046,0.6305684557986198,-1.28460612899093,0.12879049693729047,1.0378257720655233,-0.5883031898433856,-0.6940950738581732,-0.45484338708578603,-1.037474455924184,-0.3065892511915832
2023-12-01,Rain,-3.804198971296955,2.348394815356713,-0.1560450695790461,-0.6459158042766965,1.0534774186531626,-0.20077271572791958,0.1927791659461876,-0.4993112646676513,-1.0046995078568874,0.7096816582384098
2023-12-02,Cloudy,-4.470443201572279,0.8135303027241163,-0.719498154418434,-0.27847773559241246,1.5136073824065612,-0.8271677781658865,-0.28824119969779366,-1.5346060772474441,-0.08085353760371355,0.7303536168547039
2023-12-03,Cloudy,-4.02303938621769,0.7509824587366914,-0.6839550665453515,-0.14738315164966367,1.5498517715644298,-0.6535735552041929,-0.3184888709483529,-1.4362330563394106,-0.16427060390424814,0.3935641632044812
2023-12-04,Cloudy,-3.5348924896724165,0.49542121220828306,-0.5042656562620427,-0.39808194783788775,1.7378712596917887,-0.758703665840164,-0.29070013355356294,-1.6145011863658243,0.19250795452517652,0.40820199951252806
2023-12-05,Cloudy,-3.5200312939584135,0.5314078410362602,-1.475562967489141,0.03014170968355264,1.6750507011725524,-0.5750025101679097,-0.16799022393309745,-1.4432122611997922,0.16857191866502386,0.048036793384384456
2023-12-06,Rain,-2.8859308908741412,0.8434207388025802,-0.04988989741461257,-0.6051213697599913,1.7524225916990894,-0.5013751607749362,-0.6976686415788669,-0.45328580618844505,-0.4456985090259913,-0.4048023401332354
2023-12-07,Cloudy,-2.3761008670733066,-2.2199976538679014,-1.8756774097130016,-0.13096521968917585,0.5312171388609703,1.324894995319488,0.09614640480118697,0.3094062862942577,-0.06838353420732357,0.1431405860057994
2023-12-08,Clear,-1.4866917133022324,-2.6613383210918418,-0.04340209909841264,-0.47261552683159647,1.1073775030390818,0.7777994987872769,0.14329525099716248,0.7682540840552569,-0.8851494408311007,0.27982182546689044
2023-12-09,Cloudy,-1.3253082945866177,-0.17820185294512922,-0.611256306207473,0.5692243978545405,1.1684763283770487,0.9910500818608887,-0.41086297134384336,0.07538970864223382,-1.3439139523105743,-0.08565110697495626
2023-12-10,Cloudy,-0.9067180979153491,1.4613548945216488,-0.822214692578126,0.46033736312254264,1.1892593842185384,1.2949223189278616,-1.0919713878162345,-0.8228446799797327,-1.139182795429891,-0.18508448329084853
2023-12-11,Rain,-0.9903931447397881,1.7509403590127732,-1.1371928459548732,-0.000631595799839257,1.5609963428690221,0.5808438902005031,-1.2133604513889813,-0.12021132554275687,-0.26643953651868474,-0.2410678702140408
2023-12-12,Rain,-0.9116178727875842,1.468671985206241,-0.22094355977165567,-0.026850377844846115,1.4272280515854767,0.9679731619630907,-1.3171554784751418,0.7994118044914829,-0.6742931560171254,-0.12333865866071281
2023-12-13,Rain,-1.000703213068591,1.3097992846203936,-0.331930235706523,-0.9952669794318078,-1.4416432665763337,-0.8571202661884353,-1.4997032686064824,1.001869442206229,-0.567300764685876,-0.179721958317056
2023-12-14,Cloudy,-0.7628381040251486,0.00959843499078338,-0.2006056171871214,-0.22883221954727814,-1.3768025520049583,-0.22022806438678783,-0.8266639293676622,-0.33537022129480515,-1.9468634005940184,0.04948233996321903
2023-12-15,Cloudy,-0.5147438340445051,0.03993467729181461,-1.0404372659690337,0.09306697025115646,-1.0533702473383229,-0.5935683949597047,-0.569538946292341,-0.6688951283297443,-1.2917989300858086,0.16274240942567827
2023-12-16,Rain,-2.7424826287766124,1.1070800893337127,5.647806137717029,-0.930147151216378,-1.2279863506645705,0.5622767899965219,-1.8654899467381132,0.01539052987302552,-2.4287264432257953,-0.6405562567040394
2023-12-17,Rain,-5.688054816596451,-0.4947263453916105,1.345845464343635,-1.1394918567561458,-0.09850992715058297,-1.367897532554535,-0.3404125180413809,-1.2705910824969868,0.40964175321086405,-0.2047811252333758
2023-12-18,Cloudy,-5.107118019290227,-0.7030409217456259,-0.39206011644683686,-0.40551785455885,0.10936034443006122,-1.638374015900252,0.2206052094784443,-1.4498804424171245,0.4356225020859661,-0.09514877939735956
2023-12-19,Rain,-5.693804392816343,0.19855932283699096,1.2843264580812004,-0.5774587987431135,0.03770679010487801,-1.2077457564875755,-0.25916061105983895,-0.999905785618983,-0.10038107697899099,0.7525008564877819
2023-12-20,Cloudy,-5.318099586849913,-1.2602494791022065,1.8349996719541726,-0.8978179232027022,0.26795638216481527,-1.2341426898400722,-0.11302936079373214,-1.0905695493002874,-0.005430270883611096,-0.12400480764199123
2023-12-21,Cloudy,-4.195886424756912,-3.323705575194494,2.287666601846234,-0.6884677456850091,0.15859401266679263,-0.8894892565792878,0.20423846923857678,0.1379042710626428,-0.45626101244643713,-0.622818246174793
2023-12-22,Cloudy,-5.368446193671955,-4.653970859560801,2.085374060234544,-1.049431801070319,0.016002568571782852,-0.5770981550066403,0.5972560553559842,0.794664901849167,-0.311441150729973,-0.7087631433988012
2023-12-23,Cloudy,-5.427514961088593,-4.391722407171242,1.8255119293947812,-0.8463695102507748,0.15978310077801558,-0.6788098425442397,0.6929026338607496,0.9144352987985794,-0.6697422870948488,-1.159625444671755
2023-12-24,Cloudy,-5.037607619526424,-2.9731345017853585,1.5932653928665772,-1.9611840359127137,-0.8871713682642907,1.5816820236664444,-0.7499654082338336,-1.0727535150762484,1.7604261584447327,0.041325781362363714
2023-12-25,Cloudy,-4.079499232192881,-4.488915369865996,1.21020468150955,-1.1470537078574887,0.6179253803922677,-0.8775319611843475,0.5765625033520584,-0.03665054779682643,0.9054416934512788,-0.5417396453501521
2023-12-26,Cloudy,-4.735028856760362,-3.8548757165160414,-1.003188638080446,-0.14212288573745563,0.34551020494726786,-0.642497328866477,1.071057083209216,1.0055254484075413,-0.4276690863762342,-0.38619387504247826
2023-12-27,Cloudy,-3.8714894123947663,-2.5726073253380153,-1.538091976008331,0.2921584515309623,-0.05847784051062404,0.13785571002238392,0.6370766154916269,0.9706910198476191,-0.9073829971996595,0.20454828489013238
2023-12-28,Clear,-3.156215175233892,-2.6731076026345777,-2.146506893748798,0.25086237615023055,-0.02170352875709706,0.2245076375168905,0.6464932034941357,1.0907629106508525,-0.9629256165910598,-0.0425071775006006
2023-12-29,Rain,-3.254502176449015,-0.22756399868221092,-2.46936844053348,0.07594284077476073,-0.41526308864692446,1.1207835795664984,-0.5178670216019604,0.18050819513989283,0.35528302793161476,-0.42579077507390384
2023-12-30,Rain,-3.1471115546827804,1.42202823761928,-3.0431854861863674,-0.02479378635355496,-0.16298894390642857,0.7666896426174455,-0.9211186628365055,0.2651983226923247,0.7550051656543406,0.5208075712263139
2023-12-31,Rain,-2.425892852037477,0.37850307750286966,-2.2080984079015216,0.20327515488338196,0.52126696648836,0.0855654080895312,-0.43809234521405616,0.14202167795492274,-0.10828803608412982,0.4784254568540144
2024-01-01,Cloudy,-1.6574113659165557,-0.4645418895286368,0.33210748441129584,0.24791952195640068,0.5262851500256367,0.6846691009066228,-0.4835198180760922,-0.19084515884099365,-0.7750402502425502,0.639881631786368
2024-01-02,Rain,-1.3989632133840322,0.968410709979082,-0.3089814390607246,-0.36619337241242284,0.660752298512733,0.06195786398428997,-1.093286219612677,1.1817683378940276,0.5548519777541715,0.07754583188172756
2024-01-03,Rain,-3.4978955884626783,0.9463103950664944,2.1358427869304464,-0.5030026082494977,1.2537181200795815,0.1683098207738192,-0.669230608173092,-0.7412342163441231,-0.5013815636626813,0.32310514525978623
2024-01-04,Cloudy,-3.704906330888585,-0.09175454376762758,-0.06966955021869693,-0.1827657512782431,1.2764267043295687,0.049622752549565885,-0.3183518359626972,-1.383306974111005,0.7491697423836723,-0.0030521004185941
2024-01-05,Rain,-3.1661479748620605,1.4763025077165866,-1.7986320171679213,0.4736558977645547,0.9498668062959036,0.32322021074049484,-0.7448244758338781,0.5588991835754484,0.19076513830645567,-0.2666646516195355
2024-01-06,Rain,-2.453127554798517,1.3632189136982067,-1.4960284077575956,-0.24057092872460864,0.8565603278892129,0.47747818157950306,-1.083812663585748,1.1900633172340587,0.6661240868817472,-0.45103153148131025
2024-01-07,Rain,-2.0905166110808264,0.6614535769461682,-0.09622319718030282,-0.37543083188618004,0.967801914435905,0.5223141946790572,-0.9495536437536661,1.575864347667115,0.47614562321437953,-0.006325727677712108
2024-01-08,Rain,-1.7666934762124789,0.8687016354888786,0.5056336879302435,0.048556642975469695,1.1444560555913663,0.8296801918659644,-0.932172500132405,0.2696710875864479,0.11417290724922664,0.49420926966365863
2024-01-09,Rain,-1.519015351471014,1.2767365657126775,-0.2576757381757632,-0.37074785320715997,1.2506783545639133,0.41169749450906185,-1.1187480089413504,1.7486782521639124,0.6646031069881689,0.4863243785513089
2024-01-10,Rain,-3.2889170005869195,2.2087446735377045,-0.010923930948334501,0.25545390594121525,1.6776378792725586,0.534325276864218,-0.5917903008061012,-0.44178593448409564,-0.25559235958785886,0.46306311044032294
2024-01-11,Rain,-4.22063983258958,2.408425662344607,0.10804139879399385,-0.41078082727090504,-0.9490244727197282,-1.5107071429410672,-0.3642010797851519,-0.2378838044470806,-0.38201589016179743,-0.49368072070769986
2024-01-12,Rain,-4.502600628710347,2.4424670407870797,-1.9392431034033453,0.3584788165885663,-0.8176293975409236,-1.718776941473195,0.0681570949979165,-0.3842620157725044,-0.4967622451100709,-0.38329557818141086
2024-01-13,Rain,-4.13751769057272,2.247000372815422,-1.4653447930309091,0.20712936986967762,-0.7332372951895798,-1.6051866137904014,-0.3006453544725226,-0.5262342349577961,-0.2449959573874759,-0.17755147165752952
2024-01-14,Rain,-3.930021928608185,1.8057736456846727,-2.1927039617554334,0.36371211221236593,-0.5074949063890737,-1.8438899334055183,-0.18555436999085254,-0.500142287983858,0.1386993425082734,0.08145708896596611
2024-01-15,Rain,-2.5414170896219797,0.3170257024366356,-0.8879502293829735,0.3713481959527944,-1.1597581915927178,-0.40631083664638595,-0.39663673174677233,-0.3069640319701739,-0.716692043371034,-0.6878905710896568
2024-01-16,Rain,-3.2249253408511724,0.9253077662634868,-0.8520154497616681,-0.17074060724142776,-0.6761342891220677,-0.8339985528553943,-0.28621428162159285,-1.017612715683673,-0.0509174070286432,0.08477535666861538
2024-01-17,Rain,-2.911961838537124,1.9944181880292513,-0.2630815682855954,0.3278555186021779,-1.0394780270814181,-0.017941313991522254,-0.3035011998573792,-0.3163378844784695,-0.7884427121618063,-0.0385211105568916
2024-01-18,Rain,-1.4484554061124486,0.37902730042881516,0.6477868476502283,0.18417053363253943,-0.8683824325427338,0.03206314470469023,-0.5597604543677935,-0.2841148118578679,-0.7079631039923444,0.4994566717073085
2024-01-19,Rain,-1.2762644028164418,0.5222164404137001,0.9483957118469641,0.43505045495342987,-0.7935318946058598,0.0627922165137903,-0.603457563951522,-0.264708287420836,-0.7906211272416948,0.6426005242877133
2024-01-20,Rain,-1.4416365316074773,1.4965640972519056,1.5427080559805941,-0.5953848006576385,-0.7499280241461268,-0.18080733997069492,-1.323905612875834,1.3798968015687667,0.22844422219075955,-0.4172697897801313
2024-01-21,Rain,-4.592242921440673,1.7043152979095184,0.20294494905210958,0.29883300611982144,-0.038837416279292866,-0.7930273008917752,-0.2361606618542736,-0.5990948115526257,-0.04052444696621555,1.2226245792993575
2024-01-22,Rain,-6.351035179330263,1.1845226386793328,2.2045548535432427,-0.36991693758764477,-0.022417597576744584,-0.40424835779409907,-0.25790620358870053,-0.03412082875372977,-0.036921493065794904,0.16144693875039365
2024-01-23,Rain,-7.438523298707645,-0.9624206266637308,1.513740013417308,-0.5884517008215543,0.4211185721329985,-0.9045459771754042,0.3336838300179796,-0.6621551927749093,0.8545386281737887,-0.14556162060128283
2024-01-24,Cloudy,-7.2688364281460105,-1.316293794402477,1.6033547437863023,-0.1481679771580971,0.630264596085863,-0.9023362862915995,0.5669754640835497,-0.9691823840744928,0.9783540213999187,0.2790634734567521
2024-01-25,Cloudy,-6.904261652310285,-1.6247374479653636,0.6915069630350817,-0.09088331316149928,0.7626269973805729,-1.0321983157990187,0.674419360915051,-0.9683857166879133,1.2097001078417768,-0.40711148698841815
2024-01-26,Rain,-6.4385742739737,-0.9085606660293664,1.2653733846775261,-0.21403924057966947,0.8874673554189119,-1.1034472959487096,0.35495900722704765,-0.8251058820332122,1.2461632613134175,0.41341195252984064
2024-01-27,Rain,-7.2142110326689535,0.38870654602200644,0.45944817021366224,-0.044023632997169763,0.7682215603348783,-0.8992451370839993,0.39493951256146487,-0.0025756752936255175,0.9979093472578987,0.5164962189572505
2024-01-28,Rain,-6.3655094166491955,-0.10124562910372223,0.9348144348076132,-0.41564729572342535,1.0510489727783654,-1.0823799458713146,0.1462311232344251,-0.29278111070026536,1.4794700314244942,0.1690593916577742
2024-01-29,Rain,-5.790161914922586,-0.07633521624572027,-0.3596320805915895,0.5490891732842819,0.9844564356806067,-0.8267997688446923,0.829328298484736,-0.5402460299785783,0.7420413536818296,-0.27168751498603266
2024-01-30,Rain,-5.234210459421464,0.7853800893025591,-1.951044057332699,1.5460975505738144,0.8215617065039781,-0.5841131952371008,0.4622031910718136,0.23004035044195204,0.10021749502933766,-0.6100844013069615
2024-01-31,Rain,-4.363176056709315,1.473983104517906,-2.265833986362426,0.8997746915067283,-0.6087579698035418,1.8094690082309794,-0.4801483104857041,0.37737039136449946,0.7090355164724699,0.29492984022412383
2024-02-01,Rain,-3.5434379168480112,1.514860358008815,-2.3101469124737335,1.2771511441941645,-0.46893928624818,1.8775193831709596,-0.4872940736068228,0.20407124833148532,0.1930126200651595,0.09481964368986653
2024-02-02,Rain,-1.8648185808546127,2.0670808673259184,0.4353669131647136,1.181893537200425,0.13052524249893038,1.2961645019605916,-1.0451961497982043,1.2966231989587775,-0.9287456744843152,0.33196065659092094
2024-02-03,Rain,-1.7755279485340756,2.2000025116961193,1.463478127222259,0.5077754538588897,0.4106283633672546,1.0669589133815112,-1.1901487501140475,0.09141987749063339,-0.3570557576048381,-0.04996358558275231
2024-02-04,Rain,-0.7722811582931285,0.6512499794324444,0.20580055259398708,1.0165830547702768,0.6032501071760817,0.9381579707377005,-0.45599079528895486,0.5401459767373998,-0.3402401989264885,0.6452338830531322
2024-02-05,Rain,-1.3456970716926486,3.2563271461692316,0.8940864068944752,-0.532606442909032,0.6624442644514275,0.343033446397769,-1.8047963563923808,3.0337862003999874,1.2544048699025523,0.2623834777748428
2024-02-06,Rain,-2.699176672417258,2.3711106134992344,0.06218458736740263,1.2397470329194078,0.8262666434121745,1.1754330701994158,-0.8172689917146467,-0.011421701763691023,-0.45729768687670463,0.5117902664496708
2024-02-07,Rain,-4.713021608334988,1.7178611146219627,0.7984650933806806,1.0520712614030363,1.3556166584736877,0.6197522760380191,-0.10343032420117229,-0.43463480716126024,-0.0660890105845369,1.025288320872432
2024-02-08,Rain,-5.431778682401241,0.5234766624702133,1.5969053358410032,0.10998266356990777,1.7916441581499598,-0.011716221685965585,0.02073530641910949,-0.0805371683467931,1.441085726720387,0.8821856640989775
2024-02-09,Rain,-5.298492191925077,-0.6087368883020353,1.6130745054001407,0.31716004624789257,2.0948840915485754,-0.07596985014723967,0.27966957838988865,-0.40146206157906805,1.0384040379647845,-0.09521073345178452
2024-02-10,Cloudy,-4.110052656610406,-2.296292670505187,-0.6042569356107182,-0.7122966212195129,-2.4921944694784255,0.7672678887620025,0.04901658713233707,-0.5237652805899823,1.1953052403760072,-0.15874497184079106
2024-02-11,Cloudy,-3.3782790766439774,-2.9187701931723544,0.5299251930828516,-0.09694522322350402,-0.7794044195531129,-1.6374128891892046,0.7643793043369854,-0.2920179174146726,0.7278085182971668,-0.015079391068835947
2024-02-12,Clear,-2.903392870130636,-3.262091058800907,0.897800475882204,0.26990750018232895,-1.6042809271468257,-0.306126175768641,0.9243725185064667,1.21946226232785,-0.849952307890762,0.48566964701717114
2024-02-13,Cloudy,-2.51139273150195,-0.4027270964540949,0.8097349838225137,0.43491830331181797,-1.4032511155090173,-0.139449538482647,-0.04146498628621628,-0.4079085684282521,-0.4636834928608372,0.14850949537803815
2024-02-14,Rain,-2.006882126856822,0.9341076188105263,1.3879917714812833,-0.20255291577881607,-1.1229586023086546,-0.4307108441310765,-0.768590149311746,-0.3773232905035377,0.5033763338199791,-0.43764309619901237
2024-02-15,Rain,-2.6422994993489124,1.7057433629475847,-0.9450097463936092,-0.22433709511693634,-0.8276739667578097,-1.3800379650643497,-0.5085504815573298,1.099748288711125,1.200098659975819,0.5554076127981968
2024-02-16,Rain,-2.4205211865054586,0.7072689330448634,-0.5330194381932957,0.32218713940442406,-1.0003882104382644,-0.39432366919141765,-0.3406420091851185,1.0788776461769523,-0.18282034483159806,-0.10888217469882405
2024-02-17,Cloudy,-2.172733737941081,0.7039910158358681,1.4977361872262354,0.8811712986141768,-1.0389636835334557,0.29926965963381497,-0.3095831209702195,-0.5943123749836307,-0.7236680044756033,0.2265052209043798
2024-02-18,Cloudy,-0.7539521405638895,0.5227395171560614,0.22164710744233368,1.460146088291906,-0.8907342862816814,0.0652432455235985,-0.0967905414749806,-0.6045666882223788,-0.39218400240207296,0.16681989462097113
2024-02-19,Cloudy,-0.3131469250423897,0.8345791296892011,1.1806870622666326,1.4389198767739941,-0.8882097199045104,0.4029413892828717,-0.3493871194694446,-0.5387308264175942,-0.7531931464945454,0.2903659161739985
2024-02-20,Rain,-0.41557909656671993,1.524699064345806,0.8776694690011606,2.0382155740927805,-1.0975017086615388,0.8440656977079515,-0.5833540161328491,0.16689047088686823,-1.2790970160123805,-0.05934267870432809
2024-02-21,Rain,0.35574849478607823,0.7551012974584891,0.687300895982588,1.5967305884454641,-0.6120428467496843,0.2494611688852241,-0.30405468158355176,-0.22763562442662094,-0.3065791176767775,0.13797999415352244
2024-02-22,Rain,-1.2681051269910346,2.560225084181985,0.09636913285282862,1.541042910763948,-0.7770898068021568,0.587956505435978,-0.8856305106603835,0.3965275412246768,-0.8164885097357324,-0.4252493242527679
2024-02-23,Rain,-3.743169313219506,2.6828244615890564,0.16456166443719455,1.4068420059855227,-0.3454934960548261,0.24930745184496245,0.025638991998439373,0.15009838510355872,-0.9026938140826264,0.9794244256316531
2024-02-24,Rain,-5.746745789574987,2.0417052506356765,0.6229051820585119,1.016366102490121,0.1305213224630516,-0.3683570784805839,0.13257533790208906,0.19827978972161894,0.18760539580262178,1.2594283021448138
2024-02-25,Rain,-5.860646626495335,0.6868450846256355,-0.2412943598943986,0.6659556276017562,0.5195573211130241,-0.8434756232267238,0.6780775081088167,-0.9052674110361438,1.0955955910381765,0.20738912916861227
2024-02-26,Rain,-5.485914467196887,1.0152340330227858,-0.026420166280697772,1.0785523218069886,0.44001362171138003,-0.5295828714303478,0.4502266400565489,-0.20092849159829282,0.7491727211720395,0.5792071044664984
2024-02-27,Rain,-5.5372523164255565,0.8121960951198501,0.8244667478564529,0.307874857816414,0.7388197990869713,-0.8086141909029159,0.34204833605730645,-0.24643216432819695,1.4555358913040022,0.6633601068241041
2024-02-28,Rain,-5.336658506204402,1.0391337870656392,-0.9548553401135171,1.2268043316598072,0.6188112599328259,-0.5644881723675181,0.6553135089546337,-0.28287127595435535,1.0718410181875055,0.45610821238832283
2024-02-29,Rain,-5.063885188694967,1.278513366775989,0.9588737856604758,0.7224367242943404,0.7553532588533186,-0.3408557932488046,0.1201401916284181,0.030708351284722338,0.8140846411876973,0.08900973281011379
2024-03-01,Rain,-5.258799238758657,-0.15592978592814669,1.453615738466266,0.3422718682350271,1.1058235706704482,-0.46013083780596975,0.3699445429465956,-0.8370532350067845,1.4364397170784715,0.06182687906614539
2024-03-02,Cloudy,-4.94184153324207,-1.0061029988728858,1.5787390409822362,0.5179765212044443,1.0620159265966098,-0.05652835428498913,0.5440279778782199,-0.8881298570406988,1.4555783016720456,-0.06825530309761221
2024-03-03,Cloudy,-3.449197524756724,-0.41521002520849093,1.1685283585958623,1.4580396876484356,0.23262338933547236,1.2575114464569201,0.3483678104850179,-0.2673963586585213,0.5648549894022398,-0.29097117960201024
2024-03-04,Rain,-2.487122115664312,0.8359640978822686,-1.0589657517021762,2.691210163016942,-0.08134133360925803,1.4225783261221372,0.36182937872597654,1.419692579451552,0.031171534447733452,-0.624936476049749
2024-03-05,Cloudy,-0.1569394381097575,-1.2775889835385679,-2.6768984973826018,2.079154406407068,-0.7889573307032643,2.7718856410071617,0.5917166197628513,0.9437964440677706,0.2877698246055855,0.040424387418216724
2024-03-06,Cloudy,0.05532007988337806,-1.1709967665979566,0.7339222910666222,2.0250331835545663,0.46546184054386663,1.366804030151905,0.3740199526558813,1.310849598832007,-1.3688316531322635,-1.1360354716364427
2024-03-07,Cloudy,-2.2124636213410542,-0.2325144164619623,0.4477915568052705,0.790161642048798,1.4044529952443598,0.3229854452096079,0.1513152800536532,-0.9248549866854348,1.1840899067443105,-0.1681775426083926
2024-03-08,Cloudy,-3.42863637395797,0.3791530305864607,-0.6856133459602597,1.09391410614351,1.4097407432372873,0.41574109925103525,0.3003501702115058,-0.7261089899778902,0.8116085719845484,-0.19973904817601956
2024-03-09,Rain,-4.091475290775667,1.466179476217417,-0.47221880364690544,1.3650236649255825,1.6053434425231219,0.09956516856903806,0.23951414016962672,-0.12869108381785263,0.7837175812972892,0.09975982501839208
2024-03-10,Rain,-4.247731181126391,1.2228675644094509,-0.4464742783863003,0.8107200215869809,-0.9957288663950891,-1.7846367064978303,0.47209152499277596,-1.2056040473166698,0.65722914688046,0.03607292885855539
2024-03-11,Rain,-2.3884389905859282,-0.8363216654692658,0.8164258789731812,-0.3828237074240716,-2.3968888645171074,0.5406973683723082,-0.10188574743583188,-0.07621259579283995,1.2384544470619665,0.502916999193545
2024-03-12,Cloudy,-1.8343106937801252,-1.4471242028522497,0.6455329641470998,1.0022692936792095,-1.6918864317436657,-0.35150694345712363,0.699870346256168,0.7311521436580546,-0.9448849173785444,0.6925185287849652
2024-03-13,Rain,-2.4646160950504865,1.28028176249555,-0.8880378588134066,1.3345212180284372,-1.4318958946083427,-0.6733749990184797,0.08853818262168554,0.018791224432272262,-0.09583600963148013,0.08386047850911095
2024-03-14,Rain,-2.9810237347592885,2.652455800076201,-1.4712956445214262,1.8220403419288989,-1.1273341698646897,-0.8854453541664662,0.044841618494694285,-0.29947672404398656,-0.4132694820746384,-0.12286513387250111
2024-03-15,Rain,-2.6908074200550125,2.5165471279495413,-1.4096018243596897,1.6064938662289072,-1.1685586180040846,-0.6155245340215436,0.012328715431724577,-0.29615245923072336,-0.3042983900711621,-0.157350741025329
2024-03-16,Rain,-1.501969808363585,2.323278959323443,-0.14685627975544677,1.6429771002421105,-1.5803745703151748,0.3934747144240546,-0.6044993260087707,0.005953384656569448,-0.729953285103949,-0.5648201408778653
2024-03-17,Rain,-1.608302218079452,2.723574976768387,-0.8181500075040792,1.1409514164312404,-1.2838921753858252,-0.10202982145611017,-0.7553384624620679,0.8017660940289887,-0.006588744225707803,-0.9117766056991953
2024-03-18,Rain,-1.2220980346030326,2.4487676829628313,-0.4874166875601451,1.2062148995888666,-1.044230354014074,-0.2095089996516877,-0.5391487511748562,-0.08964726048393853,0.05626798430900443,-0.017308058483695835
2024-03-19,Rain,-2.8622707662025797,3.4872866337943096,3.940942973868127,-0.28576893780369456,-0.7960050176585498,0.32884273112573353,0.5093205423603588,0.5109902335202692,-0.9282822464998981,0.8984638772619575
2024-03-20,Rain,-3.3971043739507136,0.34910614196342704,-0.57669501300707,0.36295263029708064,0.31118725271664305,-1.849529498822325,0.3790907749508,-1.0051244651633087,1.7268887998563374,-0.7352511046869316
2024-03-21,Cloudy,-0.8556573049677604,-2.2062065768700734,1.8217635478892131,1.0955041325818073,-0.8667164303546339,0.24842442186465893,0.8240566679954311,0.7690443479847237,-0.26966070302095013,0.4067391997668708
2024-03-22,Rain,-1.7520037180216017,1.1476057032795501,0.008038054528964387,2.0464146931935936,-0.906753031983617,0.5419996704687801,0.17318080550257414,0.21897832994839977,-0.5884560803589766,-0.4087978916950392
2024-03-23,Rain,0.5402105850784565,0.6497764906541438,1.3691244843922177,1.7834726983316413,-0.6677805885678,0.4730671702780852,-0.052017372098843634,0.14691553405924482,-0.4106206619201201,0.4832605820842593
2024-03-24,Rain,-0.14575250364266001,1.7151712903956773,0.160657228478786,2.169375694370454,-0.7372090119183112,0.6199627475748438,-0.3149374812918449,0.416982825040597,-0.5956257528132199,-0.4383460578993273
2024-03-25,Rain,0.2783507377754495,1.195477978137968,0.28576016193009784,1.3247554743160663,-0.2695134364465182,0.11912960270849557,-0.20815687814964437,0.19716324386191494,-0.014867855223673844,0.993754154992144
2024-03-26,Rain,0.4458127092611694,0.5947345999417589,1.5531545807508638,0.8900988004828255,-0.432252217216537,0.5741184600609648,-0.4849677662700968,0.9062711145441679,-0.13908510559113277,0.37068983051898413
2024-03-27,Rain,0.4360360976802883,0.7582771169471897,1.5451372813479156,1.3693490576438734,-0.31662604951454837,0.8569158255083603,-0.38614682441729525,0.1258971782141015,-0.43670938296203676,0.2921631525460986
2024-03-28,Rain,-0.5823029685822907,3.9228718582051747,-0.33865359800683853,-0.09753020336655842,-0.1583534909622214,-0.888897722622857,-1.1316586624306133,5.482201575893672,2.178209636579265,-0.1431268974607116
2024-03-29,Rain,-0.7408170796286735,3.1718645823747744,2.602616748957788,0.14941574236743724,0.032967054358353516,-0.001424106641359493,-1.1814494837197986,3.4673961215823974,0.061425765947212746,-0.4380240391109221
2024-03-30,Cloudy,0.22684503071351594,0.7731706724333662,-0.038697689175319315,2.0408237918824867,0.11405480670891409,0.6902308232704301,0.17810483941199426,-0.08289950540800678,-0.39493896755878477,0.7054214622996573
2024-03-31,Cloudy,1.5303129393382757,0.19829408318402247,-0.5338762509252193,2.654339742326779,0.08390463232615676,0.8089983734335949,0.3496253694328631,0.5939775574984175,-0.9159843367551689,0.20525750231970769
2024-04-01,Cloudy,2.417598168138158,-0.3488569314494654,0.22295076104202993,2.5407589176723495,0.1043845294984617,1.0258241629828762,0.38285985599672906,0.8031751414434808,-1.0038720852640441,-0.3446858874899207
2024-04-02,Cloudy,2.685105544055497,-0.4245739387681912,0.9855227189094651,2.2877608004625674,0.12181439799417342,1.1226900829338127,0.29586181201492495,0.7182979988652326,-0.9501437660893884,-0.31995626840671104
2024-04-03,Cloudy,2.5801034413013135,0.11540142890823911,0.5588156095537433,2.5428617539202185,0.534662280425488,0.8936287602145166,0.24631012956570839,0.08571301206274341,-0.22797409757228912,0.042546256214399586
2024-04-04,Cloudy,2.3792418344372708,0.3364489555675167,0.4927369485352692,2.627519145923277,0.6079806530550882,0.9660506838006084,0.23877498373181746,-0.1433854260990395,0.06864889392942933,0.1599606611480511
2024-04-05,Rain,0.5421706022568318,2.4902240195423735,1.0638195730989366,1.2903532464427494,0.8072640735745593,0.9985798939708812,-0.6789937404664899,-0.4895975841686503,0.43429878007683076,0.6404328274816706
2024-04-06,Rain,0.14599543508655807,2.406802402518273,0.812910372618928,1.4419687025576582,0.7791525479372593,1.2010119011493758,-0.555556872788197,-0.2792917922991114,0.3061859027795889,0.3294382226934581
2024-04-07,Rain,-1.078762342709523,3.2373900639472994,-0.8388519498195094,2.25411671315885,0.8522958945147107,1.2050969754192677,-0.44725011589766533,0.07241938470915317,-0.3977200398780915,-0.2867140423588292
2024-04-08,Rain,-1.4187799423649428,1.9952188472245467,1.4086824355729972,1.2048701012061893,1.6156818445828331,0.37470558198352166,-0.16346879840560571,-0.4294925356706506,0.7466216103389482,0.6919494096566965
2024-04-09,Rain,-1.6487741441783432,1.6837956926734197,-0.45248130613787196,0.6728266721864978,-0.8522098748063492,-2.2502081030591863,0.2728548986143351,-0.8047305540711241,1.2534768146146715,0.7113727199075733
2024-04-10,Rain,-1.371947739556823,1.7600430293508464,-1.623206510474094,1.6522172326097557,-1.650214963867977,-0.8265902164118222,0.03295942996877829,0.1673234258157654,0.15958836059838222,-0.9877558751573028
2024-04-11,Rain,0.24873485340389606,1.4352788755775525,0.02130447842041076,1.547053706550808,-1.7921988606029333,-0.28057151428800076,-0.2402516560219839,0.6671215009590187,-0.4812527622639685,-0.12737594477699524
2024-04-12,Cloudy,0.9590376194015345,0.8162014664774179,0.7389548278318501,1.288723121903675,-1.5410647958678325,-0.10934909692310087,-0.17241571970660322,-0.8192488107093848,-0.32330684844796753,-0.414973811924151
2024-04-13,Cloudy,1.7956569022714173,0.7556695758900414,1.468837225973848,1.2726278036793002,-1.3622427007892928,-0.07742573653130824,-0.22188104973403028,-0.9544628505654068,-0.11314894128533697,0.04097530484790509
2024-04-14,Cloudy,1.6129509231246717,1.128323437216803,0.708868898814936,1.862560421997695,-1.1824130713068037,-0.2459035870184976,-0.0521832108536735,-0.865052745020981,-0.21233406643806862,0.5003797372236425
2024-04-15,Rain,1.2563248932855233,1.6635554041713236,1.0407464416593286,1.3258451407480298,-1.2291935597230321,-0.09645836581600063,-0.4864787925765569,-0.32394732048820624,-0.07389557316949222,-0.3281517323672742
2024-04-16,Rain,2.142814165524275,-0.1344364234114661,2.2209845866698794,0.5294546559319181,-1.1206230348701662,0.06698650612213343,0.031101327995143018,0.12935851874463147,-0.3847084982776176,0.4835565320772755
2024-04-17,Cloudy,1.7306985439127651,0.7502622357593512,0.5407703898747999,1.8957666333243872,-0.9773358807413866,-0.02598651668154768,0.14749725139863046,-0.6697297963403663,-0.09666152744680875,0.2692456223191089
2024-04-18,Rain,1.7810477339656743,1.1581088043388887,1.1623021539827312,0.8835528793207185,-1.0046921982135755,0.2056083900334384,0.6627046095117171,0.45817736140496995,-0.5029635514999962,0.5768189587002723
2024-04-19,Cloudy,3.034830656029216,0.16319547931151254,1.0409291598997354,2.0903672795550676,-0.8643378489127966,0.15883354441791095,0.2623389820632608,-0.19696644470606509,-0.34549968197811687,0.6849892660222542
2024-04-20,Rain,3.4587393310740233,1.0269399837390605,5.110588124110671,1.5085684669032693,-1.1323064972830232,1.3264965589774993,-0.18250381642566335,0.6704731097691674,-1.8352458216593175,0.7257737803908809
2024-04-21,Rain,2.349880647959436,1.4246946294964118,1.3968720204935743,0.7096432856450544,-0.5782594216758693,0.5333491359793562,2.386084708976581,-0.009083934313155366,-0.38054383632389693,-0.05108376880634494
2024-04-22,Rain,0.6043937359888175,1.820512928638785,-0.3649475531508838,1.0556497952722868,-0.04035838121750839,-0.6522046468002242,-0.08238202212972937,-0.8910758047180722,0.9286542282316884,-0.2792417436705964
2024-04-23,Rain,1.720157134008552,2.4885223713255793,0.5919803577523429,0.4822803850125023,-0.1721466502220719,-0.6737901040670161,-0.7871034238488712,1.4428762651611036,1.2259503518064125,-0.6026508173492864
2024-04-24,Rain,0.1312787757194113,1.9124350298158823,-0.951746432757593,1.0280337326365008,0.17919514895965882,-0.795263817687595,0.2381851534808172,-0.19640697985439115,0.7652050993656067,-0.2887553841872039
2024-04-25,Rain,2.6742224062487425,0.7336527367355383,0.08847984637968305,1.4906747628434507,-0.20405747000725982,0.18645619589780102,0.4269490493733648,0.5056168143410171,-0.05768225520831669,0.48686412144767616
2024-04-26,Cloudy,4.309787180517104,-0.5024067941032829,-0.25657795675037615,2.313133289757706,-0.19807088932215589,0.4538202386752958,0.37163678420592344,0.4521535548735255,-0.6212326104934602,-0.08634722651770799
2024-04-27,Clear,4.679518528920975,-2.1055611373004823,-0.40770811811546487,1.9772211500119237,-0.07220732323550234,0.31062733386061525,0.7777091107961901,1.279911844332407,-0.8260541426582784,-0.3650262890278177
2024-04-28,Cloudy,4.67759696499974,-1.064477997362087,0.39539247658862037,1.789605143402877,0.3243123178563237,0.023211026340996657,0.6187861680398361,0.23219071679239808,-0.04344928978013427,0.5461711506130389
2024-04-29,Rain,4.608773833715874,0.11524696050769392,0.734672377692524,1.7228031464103108,0.2708593464670316,0.2564097290081946,0.010777062925004832,0.45682013346035794,0.23934882883752992,-0.056611266754367826
2024-04-30,Rain,4.887205992677914,-0.8171324290499373,0.5638404732633707,1.790934537403748,0.3881349306432787,0.3422966259697492,0.4051363034218886,0.7661854128212041,-0.3214463220644114,-0.49480118166019205
2024-05-01,Rain,0.48229541920897745,3.006401309602172,0.808448086435866,-0.07314453950281075,1.0323275719323155,-0.9390706119593831,-0.8145057198855672,1.7445940100594879,2.0524232369047133,-0.5562556338667519
2024-05-02,Rain,-0.6312421685795463,2.5030383531509277,-0.7558158461151138,0.36641899873802924,1.1452917728582466,-0.07760494664636867,2.1423448851460014,-0.4781497695248074,0.8633810584804594,0.5706674001172194
2024-05-03,Rain,0.19265256419600055,3.077030735794231,0.9778813947990559,0.1852425769246348,0.733984879063571,0.9864337764641059,1.4906164950938852,0.0680026882824163,0.2653122651074749,0.22883840551110315
2024-05-04,Rain,2.74153378404816,0.10827144784835041,0.6143767326746089,1.8907387952079804,0.7443322851548715,0.7589725125911464,0.3235916855504448,0.2665501401662241,0.27500850708675967,0.6712882083816285
2024-05-05,Rain,0.4538686928655623,2.0205236793638184,0.469421843404559,0.017682823032708923,1.5204979761508088,-0.6468558776513454,-0.5563975115120178,1.276889924648086,2.09991865646569,-0.5921688622163476
2024-05-06,Rain,0.40661150540369234,1.556036797008391,0.4447490463248335,0.9805903228674304,1.452509988095725,0.26915955326089086,0.01798961076983241,-0.661112005175154,0.364347521984507,-0.5395394422275654
2024-05-07,Rain,1.076006034296695,1.0227424321875915,-0.7819607923335433,1.201183683380732,1.5832090724238554,0.14896916695337578,0.49300532250887663,-0.5577915446936297,0.8294114414212914,-0.34547933351888965
2024-05-08,Rain,1.3987068339246116,1.2038196310709288,-0.5156336018231221,1.219257803730128,-1.567616234237284,-0.958125880949888,0.36749036491491827,-0.6590717135521236,-0.09370282493411079,-0.3555267871783893
2024-05-09,Rain,0.7624148145686265,1.2739630663896826,0.5149557226685633,0.685015847364302,-1.1036409552745194,-1.4889807915774242,0.25323458398389753,-0.7186003243172812,0.5292328526623344,0.7112800309103853
2024-05-10,Rain,2.1853639912075664,0.006400400663569742,1.556049052922629,1.0830379708136222,-1.6239054288954058,-0.45969869938868363,0.04540447364673055,0.3741908932360692,-0.1901587088069498,0.45487996386035034
2024-05-11,Rain,2.753029434445493,0.0858502398901838,0.42836424050907607,0.8135403360678171,-1.46963755168707,-0.7220644786491204,0.013659767974643527,0.5056521346473428,0.35205015065051504,0.481344422851971
2024-05-12,Rain,2.2572961591489764,0.9671242607887498,0.8035083605543403,0.6384380320530768,-1.1338884214819227,-0.5945608699604475,1.0483605951787163,-0.28160099197705024,-0.31243788530041744,1.0805993243893717
2024-05-13,Rain,0.7402098328790349,3.603153913749404,-0.3945951494499932,-4.714037703678042,-2.0070323394557077,1.8974900957653722,7.656693331540462,0.4036971821490044,0.7947743945487287,0.20861525467103798
2024-05-14,Rain,2.1210754088567834,-1.1034593916915274,-0.14456364058480456,0.8956915118284838,-1.1578565242719454,-0.531742244776016,0.5705955128390211,0.18899478046911328,0.27911617598577476,-0.29069188145058
2024-05-15,Rain,1.6842348748708977,0.6609743095461886,0.6625169069624349,1.3820036364327641,-0.8377328854726914,-0.4896841067622702,0.20319969955467904,-0.21629449540613585,-0.19368673036654532,0.7037403193197244
2024-05-16,Rain,0.8193037514706929,1.1555528043133587,0.9016007301923721,0.47205296134636615,-0.193734520941627,-1.2428719767338499,-0.15897652376915355,-1.1746408625175937,0.28342095902044623,-0.8552685715786292
2024-05-17,Rain,1.8697237587937394,0.1439146205145147,0.70943954864718,0.4893238595272656,-0.8321959186564251,-0.5899260265112782,-0.10534843252232964,0.979484307072473,1.2122510301028195,0.17131314653155186
2024-05-18,Rain,3.235262939854439,2.3840334962792937,1.3660965107176046,-0.3183911922426835,-0.7171521050162863,-0.7460795174821261,-0.6497731736646704,1.955609007058298,1.7152392847865359,-0.20894008202774747
2024-05-19,Rain,2.5798957702102876,2.5664091957657003,1.6118492183288295,-0.4224902562232494,-0.3259561354360704,-0.06978040037967614,2.2020133231816605,-0.4337255457530617,-0.15149508335075362,0.7674710502898586
2024-05-20,Rain,2.2524657318681713,0.19647069668752756,-0.4089967185859451,0.4159112416426678,-1.515228208172636,1.3030221611664952,0.32915023927467046,0.31006785684040866,0.5680433941892603,0.020090004671221358
2024-05-21,Rain,2.296987993483359,0.5243950815513602,-0.9603547919426114,1.0536737537299166,-0.18756661584498147,-0.744094043220331,0.153857786002653,0.2795186519924975,0.5230486407783991,-1.474900138124727
2024-05-22,Rain,2.213591811726131,-0.5840340385296257,-0.29174228057792295,1.4036399446871595,0.3003481043129233,-1.1072035817034385,0.7121735153391224,0.20594179673738702,0.034444602122954075,0.01714997842940785
2024-05-23,Rain,2.2426694833015044,0.11349331211675126,-1.2272076598877624,0.5689415973728938,-0.8028012639723395,0.8016901810471362,0.41240019902674985,0.03251565255677963,1.136453363105486,0.37289242635817527
2024-05-24,Rain,3.022241017918669,0.378054626354519,1.550305866927334,0.9455064606177239,-0.5689820469656222,0.6482366449688604,-0.43857710211332285,1.447448948562275,-0.30458692598525916,-0.6161622998735499
2024-05-25,Rain,2.1829925932816328,1.821035343082858,0.4463728619186433,0.37196128993165334,-0.05297867572684364,0.3588959118375954,0.42178145864821,-0.2262333729405933,0.025220788624239047,0.2362661773916434
2024-05-26,Rain,3.5511724551141732,0.33057874387102304,-0.3471233823545226,0.5224375535455831,-0.09177716511010571,0.39472103046671436,0.5432310151828461,0.06780101652910381,0.4897693628429765,-0.9589710581343446
2024-05-27,Rain,4.309526964688254,-0.056739207472418354,-0.7006114286770248,0.7776344872301609,-0.05243958801535557,0.6524574155322753,-0.18634149591191687,-0.7080164270676539,1.221333634662058,-0.40106845561186044
2024-05-28,Rain,4.415747514788218,0.4850403869713763,-0.22181088506494084,0.8079221116062962,0.9050581322378379,-0.6695406718778355,-0.12785884410366682,-0.2335233914498878,0.4653328711170282,-0.8686538575742085
2024-05-29,Cloudy,5.273850172677452,0.12089369558778001,1.124810264961877,1.1519545006201728,0.7175188580124726,0.11021660625723215,-0.0943948404425734,-0.9746463979338138,0.5377056414968688,0.6310236980705312
2024-05-30,Rain,3.620076583209712,2.150630462749565,2.073010911013095,-0.5173690066178636,0.6989290330889161,1.0355122412986366,2.957666576026287,-0.19463130143853802,-0.487693553728891,1.0369208163486587
2024-05-31,Rain,0.9765898103329086,2.0192413790687507,-0.9013860619447359,-0.9164253749541362,0.010038964706364764,1.4970342767802962,1.3275296665983127,-0.6647282690006068,1.915047323964938,-0.29697118488710705
2024-06-01,Rain,2.9182138001980658,-1.2006711512231873,-1.4172466824275705,1.1384202303807442,1.0748372122542906,-0.2271872273705296,0.754630245424287,0.1345679866464389,0.9527952593343965,-0.3536771852865181
2024-06-02,Rain,4.307897799972094,0.6793843831282138,1.5000327381938465,0.25782929913821084,0.68988294622048,0.5823758311280046,-0.7850439989190747,1.7152330682346217,0.5454314363510152,-0.41786318815267964
2024-06-03,Rain,4.03573487442258,0.4035099840128445,1.2271958226107391,1.2037329469790363,1.1932084216642993,0.44454163845948047,-0.07916610724446549,0.00744617656461887,0.023090701067364973,1.7596645837613694
2024-06-04,Rain,2.944826614003525,1.5371293047338392,-0.2151049622292108,0.2652914300118716,1.56280111049494,0.05483531409999944,0.47278178524595554,-0.3839565231230329,0.41434304132736316,-0.6922249979979419
2024-06-05,Rain,1.196558402964996,3.855480199448195,0.39900138460695295,-1.519710459690742,1.989994667205096,0.20343296397769914,3.5508332941278766,-0.5020744348943196,0.49911297067768307,0.36326874362960465
2024-06-06,Rain,0.9112292472068279,1.5904338368377855,-0.6826448735588058,-0.4888153325025828,-2.307261335998809,0.2131030146515075,-0.21314758429503772,-1.119683909027782,1.8435087524959262,0.6007405281177283
2024-06-07,Rain,2.507617092514972,2.4565306620359317,-0.05231638493010025,-0.20252845867851996,-1.3821553032508862,-1.711886170862792,-0.26514747127704635,2.1310405216363133,1.251842435300269,0.8600510157888794
2024-06-08,Rain,2.2144401001511165,2.407665231794312,-0.8489305940825633,-0.9372634955664196,-1.165023244975829,-0.8287598021204657,2.0004892616280308,-0.9804425164765521,0.29147901630996714,-0.13595571467771314
2024-06-09,Rain,0.9296480931947029,3.010463506488899,-1.1098067796671895,-0.35835152506235374,-0.855681500988515,-1.282220546645319,1.6767036612511912,-0.7818052976491208,0.386981619171192,-0.38735176145107103
2024-06-10,Rain,2.4213456565085907,1.9628426435676467,-0.10554643137893989,0.22214943366689446,-1.1604010564033747,-0.8088731252811147,0.5394066370722261,0.14687572485462697,0.1949287603889428,-0.46256467106541593
2024-06-11,Rain,3.9775833485986984,0.9891623735594006,-0.21194625417689522,0.5328420822052852,-1.0132699435502983,-0.7496223224591478,0.3766812723506313,-0.25492144243394516,-0.09177437453200403,-0.0012663600566658354
2024-06-12,Rain,4.408032272388369,-0.3749668994172634,-0.9815607364695176,0.9541534785328589,-0.7895217927741217,-1.0404506716971524,0.15710806941217162,-0.5091244692388288,0.2693391847149033,-1.1492741620693785
2024-06-13,Cloudy,5.011552929309551,-1.1598016781142544,-0.6721314449773775,0.39004031156791613,-1.3011385929231851,0.18276518734644942,-0.09983678812559586,-0.8143829968206865,0.6344828472989724,-0.9723864461037729
2024-06-14,Cloudy,4.8270728442811,-0.8824530851047625,-0.92316449774453,0.20920218661120868,-0.848949714714275,-0.284705426256895,-0.08483017035581479,-1.4246327708902122,1.248916947482309,-1.099096670091912
2024-06-15,Rain,4.213620636979418,0.9285032500777071,-1.5939150030862856,0.9897867541365865,-0.1092584679254312,-1.5563218995282837,-0.02849730997336774,-0.15106714795691842,-0.3218190243682055,-0.5174041289055183
2024-06-16,Rain,4.359607687876267,-0.10611425184646067,-1.2405722419602343,1.0945730562399787,-0.20851580691591717,-1.1850574241844376,0.39294552178140735,-0.20246195218626145,-0.050301964671668746,0.5533282799603298
2024-06-17,Rain,4.272382055804749,0.284000245239316,2.1330373661084843,0.9532428362493244,-0.2589108502996135,-0.5198551035622442,0.17409037447561782,0.010570361346816756,-0.5664437266449188,3.1276606501289392
2024-06-18,Rain,3.388067039694199,0.8170170710701131,-0.14655540109148352,0.0502724432019312,0.12828611420916824,-0.9916387486107915,0.4881600884053811,-0.9860771000120085,0.20299136174137508,-0.49026685138605164
2024-06-19,Rain,4.388305160020534,-0.16344090285320492,1.7441687436856381,0.7075264283950243,-0.24894341625470234,-0.1422390820404566,-0.04616487097882132,-0.2088701287304801,-0.3035485166860545,0.1365249378252306
2024-06-20,Rain,4.140263683312299,0.11871999882287212,-0.006036994855148516,0.8481248344295218,-0.03532391436787093,-0.4430763381731809,0.1507926116604425,-0.549038189721175,0.1908571845799708,-0.3552746083104018
2024-06-21,Rain,4.992993910841487,0.8579305265128941,-0.05747220035632502,0.7780310765808821,0.05317370398926581,-0.4213036036941786,-0.0941177917793985,-0.4112076660227946,0.2567414424729853,-0.13767818610417124
2024-06-22,Rain,4.997504815241112,1.2738972663375112,0.36172877165675266,-0.43861092573538957,0.18877033971661492,-1.0533371571674828,-0.9744934749211243,1.4998067478553676,1.97315688378126,-0.4227667758595452
2024-06-23,Rain,4.801074855693947,1.034893358759455,0.6895844095969412,-0.8537589261297363,0.21808500615584353,0.26388578559415754,2.7352154728656464,0.08876202848078103,-0.02223447595365205,0.3699380322639343
2024-06-24,Rain,2.3157782631034762,2.333211805953491,-1.275638225363643,-0.3455768733872028,0.773497840671337,-0.8211828076273262,0.2465238205573995,-0.9362048212849149,1.0094261491406773,0.1834860368654801
2024-06-25,Rain,2.2254559184224014,1.811347810681927,-0.4004581074111901,-0.05470277377217254,0.6188305700643957,-0.42201731992142827,0.40690638196567486,-0.20070971967429005,0.2952781430000139,-0.03250569615072091
2024-06-26,Rain,1.865780483475547,1.6900289937864117,-0.024225002943092936,-0.04145196507246547,0.7994407218945225,-0.3176927902959672,-0.017737600280365567,-0.8297879697858364,0.41660364530871835,-0.2418793721882902
2024-06-27,Rain,2.432598417786741,1.1999030373889135,0.06674868916560903,-0.018059352023635143,0.7019786392872261,-0.055265535870756374,-0.030799424785169005,0.06284726495612708,0.2522063614650534,0.08937106668143815
2024-06-28,Rain,3.798534423785938,0.5962744104321999,1.1712788604711222,0.4397568191382898,0.6549278710092913,0.46865606389838316,-0.4755676020532039,-0.5408061418897164,-0.00830688858275685,0.42176803728061246
2024-06-29,Rain,4.955312962691953,-0.3800685522591778,-0.0028255705286069394,0.2750744545299971,0.7900821861208596,0.32803194284232695,0.48521042171937606,-0.4173238749550631,0.5860406680500021,-0.3850750273580387
2024-06-30,Rain,4.664112819298635,0.14821746750195383,0.1394740235420051,0.5775668039039177,0.7283137418206014,0.8052315057157745,-0.3577077897292006,-0.9770048816002769,0.887635276507264,-1.7694090448700124
2024-07-01,Cloudy,4.12449360811144,0.29081134549893906,-0.6280934881591749,0.19036973991820344,1.1798990128272022,0.4603840264018846,-0.5204657730070692,-1.84220061787757,1.3624396773276963,-1.0914889350750003
2024-07-02,Rain,3.2962710313486117,1.6315517940558129,-0.6044350986417061,0.08459198142554707,1.6277651253103658,-0.5652511177338821,-0.22092935616351364,0.2226301517412185,1.2493596716161954,-0.0007366710769727715
2024-07-03,Rain,1.919852043144769,2.476032678722677,1.107211281395091,0.32823750573505556,1.2107546520417427,0.8392374734595393,-0.3785394725373031,-0.29832285665721153,-0.6898320647106272,-0.2213978832092946
2024-07-04,Rain,3.3436104232660218,0.09770090793652414,1.0553980447767455,0.33558895179451564,1.1959449773675481,0.8991490065894591,-0.16179150427895359,0.464918542491772,-0.08251266742079964,1.0381309367205844
2024-07-05,Rain,3.894925008036832,-0.569315414341885,1.4337112016383102,0.14979514181535206,1.3874044124220333,0.618381893815015,-0.16333303191739956,0.8830759496447934,0.33586272051948585,0.9718614911232222
2024-07-06,Rain,4.313878481763835,-0.5180647395757905,0.6572117940330191,-0.5575850469511012,-1.0955409695292535,-1.629310140356057,-0.13681173584002493,-0.18369569305690692,0.6089381365677705,0.47750137175717333
2024-07-07,Cloudy,4.865888919310606,-1.0779373403689922,1.7468575070556622,0.17681070810847227,-1.3872339080683649,-0.4952465311312211,-0.21173718569363692,-0.4277236170113961,-0.7432215984507876,0.4676120649231084
2024-07-08,Rain,4.760617741774074,-0.8357252866696143,0.9379460637828476,0.10274708819827753,-1.1390972686996828,-0.8614719379823692,-0.11675833156396061,-0.45323662538907816,-0.0735563402930344,0.3386124498264034
2024-07-09,Rain,4.969676383193864,-0.08125572868044514,0.3001208451109427,0.21306697897846189,-0.9208552386835053,-0.8686126613087957,0.46605275460301787,-0.5249506320629451,-0.183955340531593,0.6757785553522184
2024-07-10,Rain,3.7250533764989617,-0.5384638896950174,-0.5449344873589428,0.2676771828967451,-0.7949043651012551,-1.1721182408772373,0.34747231178442134,-0.5776627978587671,0.13895528852238972,-0.04802241564977075
2024-07-11,Rain,4.5228427000181375,-0.7093563039694265,0.06110305697900518,0.019397214049571385,-0.749598770428751,-0.8585585594213972,0.67777711267992,-0.19142940070933395,-0.29587776170161445,0.06819445015590189
2024-07-12,Rain,4.656385012043335,-0.12000648841206477,0.18677823754715045,-0.08512307316716589,-0.48386985148518297,-1.1164417461306335,-0.1442759153585189,-0.7964844622610915,0.8072856703462389,0.5527860001295664
2024-07-13,Rain,4.891997941116413,0.5104354720443123,0.7180987401183142,-0.38289282790127854,-0.37402974805728356,-0.8752730448663486,0.44647843170766877,-0.48680666699535996,0.1135177440442905,1.200855937775456
2024-07-14,Rain,3.127110251914994,0.6484986413744949,0.7165263566414848,-0.23309268902732866,-0.5702481359908728,-0.5679887237124062,-0.3744120696129642,-0.3265935314897435,-0.4394266880492852,-0.08404055964249972
2024-07-15,Rain,3.3219281122396973,1.1622949479508142,0.0004193578789363413,-1.5239842872862568,-1.5579508233943777,1.4199389245503389,0.43302773313990583,-0.41406020455339826,0.7899448912917215,0.08041316926221448
2024-07-16,Rain,3.2138508910959387,1.3667900382984624,0.3694102142398787,-0.34585474260371324,0.09960496214902928,-1.100570238025954,-0.2057861529652108,-0.38350733452367974,-0.14954898378423112,-0.45878300810418104
2024-07-17,Rain,2.248170158368553,1.9266195293317638,-0.07906332490438787,-0.576232765679315,0.284679401468717,-1.3646436126800936,-0.5745288815369717,-0.49244293608716716,0.3545521042443571,-0.3318327185283996
2024-07-18,Rain,1.9726102116964377,2.6806394399430116,0.12075849810133364,-0.8427376960276238,0.3130767445003688,-0.9157961570728298,0.7436109270001994,-0.3528703534656263,0.22730880360874145,0.8909367316944492
2024-07-19,Rain,2.342249972788067,1.8433429821691265,-0.4321401141122266,-0.6353439348072425,0.3430348579840698,-0.9054034621982127,0.1535906803020164,-0.5841742215082691,0.1501150432588336,0.01203966721642908
2024-07-20,Rain,3.1585388816749393,1.4656640106877026,0.4834139368853834,-0.4972931241670825,0.5133855733947668,-0.9456564378884345,0.222268604216053,-0.2029044755789032,-0.047199602424608286,1.6322336121103331
2024-07-21,Rain,4.0360110768360205,-0.46302958015802176,-0.5273782938077857,-0.20105427249833918,0.6956357920180527,-1.0691091859475714,0.19476453225418716,-0.6986175412010868,0.22502950634581065,-0.15525116298984573
2024-07-22,Rain,3.5168005991244846,0.6108368804314452,-1.1824257129350784,-0.6004179675582437,-0.5503532562808352,1.0817349117960573,-0.5510831755697401,-0.8103177270991974,0.9258749233620468,-0.4300495645780893
2024-07-23,Rain,1.5039609578773496,6.9967701299170075,-0.14445391118259077,-5.663565230984209,-0.7348759479051685,3.5281952283694915,9.172510853689742,0.28684978473465794,-1.1630747332960008,0.17136943518896325
2024-07-24,Rain,2.4312381415898003,4.345510452104278,-1.09338881224829,-3.4616207617763832,-0.33056290424280993,2.109513311469123,4.562949439139634,-0.3216506525060037,0.3793097201678097,-0.41021350218689756
2024-07-25,Rain,3.9759229738658566,1.3987634033657754,-1.0558242526947885,-1.0296330261396884,-0.20769401991876515,1.3232317784936207,0.4752708462281076,-0.48862025034278267,0.9019414171280202,-0.753311339301207
2024-07-26,Cloudy,5.5774127593732885,-1.2876759502700932,-0.8204502003933435,0.3074194019776671,0.10182658048795985,0.9992144792278851,-0.05249429766252491,-0.6685900743595157,0.6075750941904816,0.20390855013474057
2024-07-27,Cloudy,5.746669384784325,-0.1907722868800115,0.6281585537404589,0.9915859171593784,1.3102331850166005,-0.44563474892526755,-0.06358684920069267,-0.5499712836183468,-0.578455611032758,1.6341089486715907
2024-07-28,Rain,2.3222072585950198,2.2951526429488145,0.5781464850893085,-0.7828974896065186,1.2533500347421302,0.29899025991939754,1.4432263173435558,-0.8195616985472677,-0.7614333128452219,0.4012497402077574
2024-07-29,Rain,2.0381046494041684,2.6427896294712814,-0.8147238349013081,-1.0244628463565069,1.2246883163962359,0.14114687128127693,0.8599985821752727,-0.6485827976233314,0.2941373066738399,0.1705553597044026
2024-07-30,Rain,1.9900914762295172,2.780996935474657,0.3700250130466445,-0.34052733425982457,1.1092572982592768,0.49184267112638136,-1.0350063360708894,-0.754937712890971,0.02052912945205137,0.4580522230068607
2024-07-31,Rain,2.2831104662268182,1.5686896652054578,-0.8353869110831224,-0.49259526491588423,1.3034550917332852,0.22669542061851128,-0.7664282382942526,-0.7972856548583972,0.8382794270749276,-0.6829928860094688
2024-08-01,Rain,2.4805296811108084,1.6487058578943778,0.4052162161640213,-0.6760751561167689,1.1813991929422594,1.0424023866553853,-1.2513404634103873,-1.5630475300907871,0.1831708353190196,-1.5317166603590082
2024-08-02,Rain,1.709682120595946,2.3172067390844866,0.5557692296974873,-1.0733660221533887,1.1640874972162099,1.2417243418444546,-0.5389704710970956,-0.6990674483289498,0.2552054686885366,-1.1402788666624415
2024-08-03,Rain,2.87431420892658,0.05230334866619518,-0.1939932656289369,-0.10634704113295121,1.8656992684440932,0.13871637564881192,-0.21876883907543088,-0.5849091592750749,0.032510370230574244,-0.5506782942072264
2024-08-04,Rain,4.146730058988972,-0.4095412398777488,0.5448675238826831,-0.5451819107745014,-0.9738533924410595,-1.6487597840622257,-0.390040928584946,0.2514425106795413,0.36129382180356295,1.1625727062009819
2024-08-05,Rain,4.2905661478396135,-0.1480317266877802,-0.849878883683383,-0.5819397929079972,-0.7423793727629999,-1.8821369215000754,-0.040419240604940176,-0.25536715550710687,0.22076488716536374,0.341720526645887
2024-08-06,Rain,4.678060907291353,0.11710283363645241,0.603759175294703,-0.8762787457303033,-0.8905723661236432,-1.6944105700567655,-0.7291758564706919,1.6297405521247077,0.14522766724585576,1.3791540777490796
2024-08-07,Rain,4.6244256201139695,-0.29914452287233834,0.12238624405807957,-0.5143542955241681,-0.8434729885555676,-1.4463777463104923,-0.4063800324920436,1.0838779247917798,-0.062344839726688424,1.3054784869559553
2024-08-08,Rain,4.454162697962459,-1.2998961708577557,0.672424647364979,-0.5052679168298676,-1.1665386291509783,-0.3446653264412318,-0.3604838177882691,-0.02428190675114407,-0.9787021762507616,-0.953082183163454
2024-08-09,Cloudy,5.188748443552467,-1.8755221389662076,0.18572625446474525,-0.42749710191259976,-0.6551046942986637,-0.9188824278925718,-0.006980557223737411,-0.6893226942304841,-0.23986933339355096,0.10628788117654239
2024-08-10,Rain,5.4850781830848225,-0.4637518963130908,1.4814771597455265,-0.5097356523710641,-0.25643320480570336,-1.4284147069637443,-0.20484171765355005,0.6249283598530776,-0.06354276535914599,2.2129520446926016
2024-08-11,Rain,2.871591251588579,0.739683674796907,1.5093548024775,-1.022257918010382,-1.5177119401063917,0.9336707041028238,-1.067001989781082,-0.12552755529999374,-0.005656945041420715,2.2287849379067035
2024-08-12,Rain,3.213712900236878,0.8117684914847786,-0.8789474766358102,-0.2979203941171068,0.08811546670616406,-1.4255701342475502,-0.3821173757069308,-1.3154711667228662,-0.20277750934851368,0.2676543173411325
2024-08-13,Rain,2.7979169523839134,1.0332307668441632,-1.6679358435593241,-1.3197947390171973,-1.1036734140947213,0.8019261204716152,0.4060426801901337,-1.4313205827408204,0.707305239946443,1.1588698639075536
2024-08-14,Rain,2.0251387266848724,1.5130393832056108,-1.8245595510788446,-1.1331675541108364,-0.9767816295131477,0.6840046963368918,-0.17790510340945706,-1.3047382571732256,0.7877829476957683,0.20083693240713232
2024-08-15,Rain,3.069546636554283,0.34272299890466373,-1.4623677806319142,-0.7331842449276768,-1.0332857004108964,0.7017254360312571,-0.7955250347878693,-0.49762583851987363,0.9847972519853653,0.37927733572454503
2024-08-16,Rain,3.199920783490959,0.17696001933721955,-1.069251857996518,-0.538297719205853,0.5878798213487872,-1.931500619377449,-0.2953214275158796,0.8388356536416052,0.6162557216655901,-0.9831371989915788
2024-08-17,Rain,3.4130760274039122,0.653178812058092,-1.336299940320934,-0.6413630029926015,0.4845596234674101,-0.7440734176459911,1.775789417992392,-0.600957471560476,-0.48379847724065955,0.03371086972736054
2024-08-18,Rain,3.6277814953007907,1.8157585899734556,-1.6298838696611833,-0.966779173482544,0.7038537627120682,-1.9708351423149209,-0.9117652295486197,1.9097759650730028,0.9977181609165651,-0.45655029257073065
2024-08-19,Rain,3.485061290650386,0.0804553552567684,-2.0145724872718604,-0.5267253834878655,-0.7428541383700638,1.2149942494246093,-0.8039216747416259,-0.7398615636414967,0.09629493558215738,-0.39194751350968154
2024-08-20,Rain,3.531534033630754,0.012765428598986474,-0.996844172094148,-0.41846651394455797,0.47100652050001107,-0.5824839157431378,-0.13607121561620872,-0.4395214759771401,0.0734034681381378,-0.019833667063955084
2024-08-21,Rain,2.6569045803545173,1.58028778270801,-1.4644601054851818,-1.931360878014909,-0.4569524281330902,1.7352416998395843,1.018787775702631,-1.2117403973249865,0.1542267811834491,-0.251569170356741
2024-08-22,Rain,3.1248113483068383,1.8233692954972085,2.3047192576844653,-1.2621992013287222,0.030009969746019126,0.6224399601314358,-1.8605527153808354,2.130137935601207,-1.182010349078458,-2.0939974599378735
2024-08-23,Rain,0.3971190077621768,3.940904052632905,-0.8430245582234753,-3.5397896552335752,0.8554205815571286,0.6300346350783755,4.978161553814499,-0.3331087481373893,-0.7327983679401499,-0.32286651734217936
2024-08-24,Rain,1.3466596718962383,1.6973295070768912,-1.6306068485839527,-1.6940120594725885,1.0206312159542679,-0.22475692638774672,1.235967466993333,-0.24318402834083822,-0.10179438544468122,0.14135827141716764
2024-08-25,Rain,2.0420968307669534,0.7525173110971622,-0.5929911586742087,-0.7473146054659371,1.0223644851634999,-0.0683865949354087,-0.13226701155637832,-0.5496857758134245,-0.06512638639661945,0.14870184370641454
2024-08-26,Rain,3.0849957434273967,0.4442873610710594,-1.1501694189391227,-1.4674137507322502,1.2384176289308495,0.2834304717741853,1.9766255704321767,-0.394671218309241,-0.3916698553404459,0.05713368033945775
2024-08-27,Rain,3.3999210971300466,-0.4475389820558349,-1.162809564649616,-0.6169425866451026,1.2637169298982636,-0.04904041452336577,0.23136269087881145,-0.25079153048229325,-0.39553630317970173,0.11192692786464248
2024-08-28,Cloudy,4.63518623751302,-1.2870576437162529,-1.5775490311244391,0.25472904832733984,1.3492018011374831,-0.0740577820970943,-0.08751253612481029,-0.11589797277303979,-0.7453391299128437,0.14583103818914803
2024-08-29,Cloudy,4.2855695037790955,-0.4607905844571653,-2.2077333348451162,0.2951501701474786,1.6253109763516556,-0.25625340781447026,-0.19527139242067185,-0.6420572677368068,-0.51710499903003,-0.2404468323896073
2024-08-30,Rain,2.4503279751597415,1.301015187875489,-0.8804103384665413,-1.7220095404094162,0.9975100188735605,1.379671373868093,1.3335933001738218,-0.34665142632377194,-0.01420315670477345,0.6551796573686416
2024-08-31,Rain,3.024840051821528,-0.26823490709457554,-1.687227944461087,-0.39023790134410086,1.895796900878041,-0.209929441471796,-0.32946528573026934,-0.36755318211660065,-0.3614603204824226,-0.06403118048300194
2024-09-01,Rain,2.702572471823088,0.7294789440640251,-1.1076222021264306,-0.6192844245864063,2.1604067868202455,-0.4505382376231976,-0.4271373612577718,-0.3225531050017227,0.32927207689425747,-0.04403417553257251
2024-09-02,Rain,3.5804262681976025,-0.4976288988401448,-1.8394969331581728,-0.5890017878933609,2.22639037077185,-0.5182995595697986,-0.2886936200356757,0.07247958571301787,0.5892033891057629,-0.20654890900356246
2024-09-03,Rain,3.2488923990718432,0.0510500370045459,-0.360460581277873,-2.0307784281086465,-1.9473485864236848,0.5438256376602946,1.5711114770756185,-0.08615289380009361,-0.3478828689179506,1.457453185979263
2024-09-04,Cloudy,3.8927201180694264,-1.9681722864830415,-2.084422634246797,-0.883264032711575,-1.8327127626898017,0.1734995161170429,-0.15955555368156413,-0.814617063657296,0.2815863040052807,0.7011598102279156
2024-09-05,Rain,4.725054549154227,-1.4653003800934945,-0.7901864135934893,-1.0499000178837143,-1.750833788171362,0.3417082075657733,-0.6934845828101579,-0.5563713086737375,-0.07308408126801505,-0.20578677132734047
2024-09-06,Rain,4.025275095537833,1.0420452563295755,1.742599226868969,-1.965296307046625,-2.07424934127159,1.2812588148097108,-0.8492174654608264,0.6280986947685404,-0.5285008077644923,0.09687027470637669
2024-09-07,Rain,2.4221878160506773,9.930183321468599,8.789956181832745,-9.712624850838726,-2.8658192308623325,6.065819086856186,10.171106011372599,1.489050955625703,-4.212894667848071,0.02931121627807077
2024-09-08,Rain,1.9455542715987313,4.129543114402573,4.426867121719808,-2.112772559441789,-0.909160592101951,0.5287703878110888,-1.3639531006237198,-0.6342287176871341,-1.8625098642700741,1.0735892559472928
2024-09-09,Rain,1.980538826439812,2.578655725248996,1.759912377032586,-1.6347444771211166,-0.3091807053421158,-0.33669968089227786,0.3547724118990904,-1.1589464613197298,-1.6893388127591833,2.1666260337942624
2024-09-10,Rain,0.3282830322069602,4.667027242962372,-1.115112528574046,-4.4025095836587536,-0.006817784718635868,-0.22911291279279897,5.589339018439754,-0.434376187600853,-0.8379968255392298,-0.11885416534204729
2024-09-11,Rain,-0.366693944326755,4.173903691418941,-0.5014344397354541,-2.8169874562375083,0.02495572426354189,-0.6030372160706532,2.301617831996189,-0.5782787296795356,-1.043597166285222,-0.8147227416047564
2024-09-12,Rain,1.5864042181281162,0.9658933955651368,-1.5196191492116518,-1.9178383980587883,-0.9860534030980093,0.4304534294610157,-1.376924008511305,-0.376922834076743,0.4869534568480161,0.05044329057021176
2024-09-13,Rain,2.65631815059556,0.6671652108707352,-0.4226976795330935,-2.4179743658213604,-1.0527839957541676,1.5547009705480206,1.6090978261614919,-0.674515240235265,-0.3326521568353394,0.9984714283202699
2024-09-14,Rain,2.934562867062491,-0.27388530554110907,-0.5916670579068273,-0.29349462331948095,0.6160676019802171,-1.3715804556003777,-0.08756317044966762,-0.4965141832886029,-0.9015466555759571,0.5870812103187513
2024-09-15,Rain,3.778080999552367,-0.15162648053453162,-2.12024246083383,-0.683299106030796,0.3051263604563075,-1.3479182902534559,-0.2278208432664119,1.7099437032622746,-0.3562200634893622,0.0407407864160417
2024-09-16,Rain,2.6227177885915824,2.1414291059361386,-0.059352148650327376,-3.647415980044316,-0.8419281420826895,2.340501550065418,4.278876878584549,0.06264423925076368,-1.0978183893828604,0.33713991448109887
2024-09-17,Rain,2.2201867496371497,1.4791831576986108,-0.2968465116551009,-1.945253711314988,-0.6743491593459432,1.3090262618145894,-1.6460795097815237,-0.5752463016631383,0.5256726225941268,0.16392577151704374
2024-09-18,Rain,3.1919501228793266,0.30566443020487394,-0.9879786450849395,-1.6421208970365782,-0.6020032359672614,1.3012051651134775,-1.4522161017332964,-0.5489870124754805,0.5093757962971021,-0.7115949809624916
2024-09-19,Rain,3.4791477880321096,0.23335012319472279,1.3318531503149755,-0.780569678999388,0.8193158748965724,-0.3568905586681829,-1.2959421405170986,-0.1881506231437699,-1.4849653352033856,-1.621646924086165
2024-09-20,Rain,3.302732053907745,1.445713926049338,0.9255569800139299,-2.799086122419551,-0.6114216355320935,2.5452991539543057,1.5990742037824996,-0.09212247226531246,-0.9270943960366472,0.4555816466065829
2024-09-21,Rain,2.8487210002556664,2.9120845467709073,2.6799394302227264,-3.151647513486111,-0.477903838348524,3.018912401000223,2.3058062521557914,-0.040858109774557415,-1.6663926159502307,2.228255186179746
2024-09-22,Rain,0.6360161536989468,3.5327512793800895,0.9474588181720256,-2.180016477877495,1.3685018710924082,-0.32166514558707787,0.21118088286919418,-0.6232787181678159,-0.9896055659105643,-1.0970857553231377
2024-09-23,Rain,0.1358885830581595,1.7603763355599336,-0.006811874862384138,-1.8664721362259187,1.423616792068983,-0.5527501533502752,-0.4275371803861411,-0.4145112670605016,-0.18949687388362962,-1.4337431323926924
2024-09-24,Cloudy,1.6262170258752766,-2.06124788148126,-0.6687450410070245,-0.3040822119816836,1.0803106140432464,0.04412897971663875,0.05609427353276268,0.22202681738789637,-0.9181756487128444,0.7387705813071483
2024-09-25,Rain,0.23815611851875632,0.3134488584602439,-3.0984212724769287,-0.7290617378082156,1.5098876260743777,-0.5172320610117493,-0.4161949448754652,-0.6452865683999756,-0.4009813242340128,0.2837394227086707
2024-09-26,Cloudy,2.0823988471846624,-1.6988920092300264,-1.7713636427631914,0.10899553335171096,1.1745413337539459,0.19773129813727827,0.04600548249542645,0.47092980487275543,-1.2543882365342738,0.9767967199214918
2024-09-27,Cloudy,2.398765729323187,-1.09591896407355,-0.7942959408842577,-0.2574297682883948,1.2312466543582228,0.47439795437490573,-0.3929622051326299,0.046068381942433796,-1.2836135296033364,0.6608128072412005
2024-09-28,Cloudy,3.3704606122168546,-0.3723487350377014,-0.8318785719064461,-0.3146456588984789,1.4645355981464117,0.37594954611359016,-0.7325218643551412,-0.805525606161744,-0.6743343311107511,0.23936038277842528
2024-09-29,Rain,2.6953910319070906,1.6315726607701542,0.555975629302005,-1.4887806840851112,1.614267138615801,0.8878495275036615,0.478461982018056,-0.9335323497617847,-0.7443772173936677,1.4259569434791015
2024-09-30,Rain,1.9359681480737199,1.7670300193344886,-1.1500347123450203,-0.6285911186228916,1.849006372328117,0.06263794341565292,-0.9626459753881553,-0.5719406252899087,-0.07519582164291763,0.37028018121258044
2024-10-01,Rain,1.744389421064785,1.2552331863251867,2.3188260180861615,-1.034401837724481,2.1006784774365275,0.3485851544291055,-1.2060245239978713,0.06414066610974527,-1.1935646879039377,0.2800475578118285
2024-10-02,Rain,0.8160252826202066,-2.0325767353271886,1.5342143109830417,-0.6836269137780486,2.27414590636078,0.11944859098402168,-0.42254750254383305,0.4190963953411235,-0.8804601114807667,-0.6007953117954108
2024-10-03,Cloudy,0.41434027928755396,-3.225359836073974,0.8608011273737911,-0.900668226081493,-0.5563394439151862,-1.5934217523201761,0.08132290760526549,-0.0687415891958786,-0.9857141626724186,-0.3996899716202945
2024-10-04,Cloudy,0.40201953319060146,-3.377743306148875,0.11791460148642549,-1.11830442620112,-0.4171408513264805,-1.66350063304693,0.3538801944332449,-0.30643344741985545,-0.32561017918504453,0.2316494409965135
2024-10-05,Clear,0.7285798853127351,-3.962631967247363,-1.637624513674475,-0.7401564826775296,-0.1990439356525629,-2.14615685728253,0.8914063006339317,0.6060730364781133,-1.063747705958027,0.1628715153628276
2024-10-06,Clear,1.0521917115512538,-3.4262352101795828,-1.7776447091968974,-1.4695224524191817,-1.8658577729528583,0.8363233160431389,-0.1780227988994443,0.23154455122202894,-0.39298537745981094,0.08490747580381332
2024-10-07,Clear,1.4929705034408973,-3.0160536336965986,-0.8574512615766537,-1.6342002665710784,-1.828884865213928,1.1280730013180043,-0.598979407287211,0.03629733335559359,-0.5280476586787999,0.12342355399302522
2024-10-08,Clear,1.7397428941898154,-3.4025659232484102,0.7405878176893627,-1.3690051946802562,0.0761978204927915,-1.5925930539689142,0.04685762102109475,0.1767667102413385,-1.2535101602635301,-0.051484137079133005
2024-10-09,Cloudy,1.0676338726528314,-2.4552880223642792,-0.5499238033606152,-0.7400930115313799,0.010058720535372725,-1.32851318906024,0.05737908670012256,0.13112781889599764,-1.4354488163149473,-0.17439410173835532
2024-10-10,Cloudy,0.663203226325435,-2.072129445914575,-1.7274262148069535,-0.05475569999915731,0.05217329884571034,-1.340001149413807,0.30127770233175977,0.4788022117440352,-1.8381193842517174,0.12036332403846198
2024-10-11,Clear,1.0092251373506846,-2.3927219297876303,-1.9553610384470732,-0.2657405111147591,-0.345432584850184,-0.7082905589076448,0.1263262149728154,0.4967513546947516,-1.5235015173338187,0.22821510921282354
2024-10-12,Rain,0.8856322830973645,-1.0564048278220775,-1.2450087973731438,-1.132888728728388,-0.2528350165735997,-0.6192805892781518,-0.6406900452469366,1.3822805699761453,-0.8943673595163691,0.5143302277093678
2024-10-13,Rain,1.1723513345685614,-0.698293640700136,-0.40114258509490835,-1.113903068377236,-0.08891762017207326,-0.35137392607332923,-0.8637243852244367,0.1785302508248475,-0.994318764041495,0.387070305230509
2024-10-14,Cloudy,1.5818119756396867,-1.487331341701198,-1.2549407899725706,-0.7114297423339913,0.20362264827034812,-0.535828329504161,-0.34762010847140146,-0.5712360794300163,-0.733137756261176,-0.06308527786335334
2024-10-15,Rain,1.2864077688304825,0.9643380948262602,-0.3508396326797906,-1.4735668783228892,0.4001880412544759,-0.383291427743155,0.7887365122583951,-0.09251404634360146,-1.2678267780824473,0.8902356017255907
2024-10-16,Rain,0.8187569285818805,-0.13427617673861497,-0.9818300400750418,-0.6948711288003498,0.9277190373369103,-1.1850364972466385,-0.4672810292829371,-0.8680186974558596,-0.5829462632015094,-0.2964210772735098
2024-10-17,Rain,1.7961591568404467,0.4926223193697097,-0.8171141629750793,-1.4843822922318657,0.5790174826546863,-1.0495361009604196,-1.3071102397571843,1.744295688108904,0.3891667756955776,0.673668931226923
2024-10-18,Rain,1.8972030264580522,-0.18761768761205688,-0.9508819333639958,-1.1900031449939739,0.5808232385496177,-0.6181825109327578,-0.9210413343567001,0.7382575113598974,-0.5020875823469774,0.9247375885430311
2024-10-19,Rain,1.6944562205754414,-0.37629404213708345,-0.34186915783807104,-1.3068389626546988,0.6696219033117246,-0.252467239252908,-0.9620529678265617,0.018565867088309883,-0.8996077710406789,0.5561854570704631
2024-10-20,Rain,1.6969607750099411,-0.10983635862372407,-0.9299826957136048,-1.8015874182561633,0.8242529913370024,-1.0071510009435598,-1.33579734247192,2.3089883215768494,0.6322927365892134,-0.08247170398318227
2024-10-21,Rain,0.03196998891080681,1.522290044588938,-2.3144676238084987,-1.543771581758177,1.2816237544807505,-0.5438439785773873,1.1938279481085146,-0.8661006968552992,-0.9263107100967335,-0.06228926166138095
2024-10-22,Rain,1.283893622154779,-0.5457459831927207,-2.1243885420359643,-1.5456913310724294,-0.34953327837482373,1.5259014198777134,-1.281069398959573,1.3323335682972235,0.19962584192461744,-0.10531875439782777
2024-10-23,Rain,0.9654995881291079,-1.8330727213031734,2.369855257405453,-1.2066462907650546,1.5375495012565221,-0.4217384144035926,-0.6953569957515625,0.022475867402080966,-0.8545550640672808,0.7013436536476739
2024-10-24,Cloudy,0.13898454156406817,-3.1544193915883185,0.6442452169632686,-0.747764385647841,1.9744966969459845,-0.8472886563130773,0.20155119840572727,-0.2963694581793343,0.09295474479336727,0.13231328863903596
2024-10-25,Cloudy,-0.025037170748562626,-3.0407746505826108,-1.2877685579800735,-1.1272779278104594,0.1368436347148393,1.892639586977776,-0.24612326849757257,-0.27914961383889497,0.7913967755876204,-0.19698416133429697
2024-10-26,Cloudy,0.6796550822349054,-2.4175710433504856,1.0705497208772505,-1.1953771214643518,0.12174137181191005,2.475087072142272,-0.9328910353923838,-0.4036096776600317,0.26884273848296847,-0.11655502946488176
2024-10-27,Rain,-0.9957360800531008,0.5402453802233655,2.4559862418656304,-2.144588591894893,0.2811264863910401,2.7637659594729773,-1.9900696339517348,-1.3890169900374416,0.21519412183050424,0.022748962955787305
2024-10-28,Rain,-1.5046357085472004,0.6949599594418816,0.5478017280471611,-2.0752059818777653,0.4785446839853875,2.3311134950249373,-1.6461262730304769,-1.1999024632786595,0.9484475637733355,0.4383772209008881
2024-10-29,Rain,-0.8219781243617172,-0.3457304770631072,0.0031227132509118543,-1.810148139772729,0.560239697990979,2.3271471496384484,-1.4086699231325341,-1.0184166927676734,0.7039308641049796,0.35012468397873964
2024-10-30,Rain,0.5611987852241729,-1.97518884464888,-1.1112925763997576,-1.4083548082701227,0.5890155892717673,2.1386673033898242,-0.7848979154714447,-0.10165893615492952,0.6453515773948353,0.47858279587862995
2024-10-31,Clear,1.010661113011147,-2.4594910918844426,-2.8745355084688873,-0.7124770138529322,0.5465052431894034,2.192164322801733,-0.22869150668854174,0.5570000844173238,-0.3603747904979446,0.3853043582381734
2024-11-01,Clear,0.8932914693854462,-2.9438052798034944,-0.14173252277718615,-0.8172729661702888,-0.7064645577666103,-1.5800202784911694,0.09177828046200877,0.6314453664199556,-2.110595158369432,-0.060432591013755275
2024-11-02,Clear,-0.015846343468303065,-3.426777225912325,0.8220071632148306,-1.0932026722996298,-0.7897900252082072,-1.1965357484767778,0.0234191681641642,0.6759832099464667,-1.8178066997915268,0.293823719185275
2024-11-03,Cloudy,-1.1231885603867782,-1.7045940204812897,-0.11117992064404657,-0.8984250548984167,-0.12723955435615245,-1.9280214769978132,-0.09936663836762123,-0.619030283498736,-1.0147401256097859,0.16188224481709376
2024-11-04,Rain,-0.973792005052849,-0.23881394757462718,-0.8837202142464512,-2.116081537803653,-1.6538053394656331,0.7141422959631432,-1.4975523044152628,-1.5141997491661103,0.48825532467866617,0.19857589572485088
2024-11-05,Rain,-1.6644524503535612,0.43819561437622856,-0.7459300768187813,-1.3440782994878429,0.1849666070530947,-2.1844316960490935,-0.7380268832235938,-0.30774804533855804,-0.6320917119276929,0.5093679594300189
2024-11-06,Cloudy,-1.1600125751642691,-1.1048271733861388,-0.9448963100850788,-1.9717720466957138,-1.3989220630280303,0.7881623257759133,-1.1541591891759668,-1.4198591095183433,0.40402605676929687,0.810540657399977
2024-11-07,Cloudy,-0.2405007165557662,-2.621058680727457,-0.3521644017801735,-0.854219715602437,-0.12765745604003922,-1.1632638776289475,-0.12100012550301656,0.23391182544349445,-1.3956013949080692,0.1516869354122424
2024-11-08,Clear,-0.6134190986721296,-3.400234963128756,-2.0438851403992238,-1.296290525582059,-1.616737060308915,1.0957422270191208,-0.1448702374099239,0.5214812460769512,-0.4883170650475125,0.3782073951398669
2024-11-09,Clear,-0.3999112957442583,-3.2085200483159895,-2.331008757059266,-1.013787404395654,-1.5637417345019695,1.0942670519381388,-0.07541534740185986,0.6887774075496519,-0.7513879221430813,0.4953266694558429
2024-11-10,Clear,-0.2203618585347643,-3.3669199473418865,-1.7065306448531117,-1.071727187060952,-1.390710515413742,1.2361569863471373,-0.20197231578260127,0.8165141280830969,-0.9199691241392637,0.3318916144947769
2024-11-11,Clear,0.16971611322925617,-3.3104197616561617,-2.527532706915863,-1.2303603045638694,-1.14239646423654,0.9819262894149337,-0.10075291569922958,0.4272677251165493,-0.33510991962337133,0.3174733738027052
2024-11-12,Clear,0.3479818571551941,-2.129325042804682,-2.20871225464761,-0.37414612092194954,-0.26961517557209747,-0.14019915604600616,-0.05044295715514629,0.5067786134435336,-1.4475635249570646,0.13921318854118256
2024-11-13,Clear,0.7352736860474925,-1.7780003654233472,-1.4774001280114377,-0.1290053459101111,-0.21020658630178715,0.09526609376647732,-0.2163692215881843,0.7933412393982946,-2.1172369300708733,0.23410317621222668
2024-11-14,Cloudy,0.2827016556658803,-0.5205569937078565,-2.0686928505051867,0.13059254214193206,0.054953147991850776,-0.04253269326130998,-0.43807188970425737,-0.037670948672512215,-1.5655190180153975,0.613153491638986
2024-11-15,Cloudy,0.7407458700614983,-0.6173462988640104,-1.7929558840804558,-0.07945498637047925,0.2543168934215158,-0.11183423707545018,-0.4644678282232977,-0.04701699927351333,-1.5956471845043787,0.49453379978597817
2024-11-16,Rain,0.8198631237064458,-0.2559458751623308,-0.7980129078753568,-0.8765577776540544,0.4111007551802586,-0.4112331955703687,-0.8680932782746477,0.6364545136587104,-0.8680079182159061,0.7828921829238441
2024-11-17,Cloudy,0.6934996465782464,-1.9561922065408166,-1.6315144317814054,-0.019604290709330206,0.415191787563171,-0.098099517141382,-0.13762871698572002,0.6230918339407315,-1.7389636509539874,-0.4556035859496246
2024-11-18,Rain,-0.16255216895229802,1.4203122180503724,0.8795813350280108,-2.1014980554014646,0.7023613151875132,-0.9255603643911494,-1.7431098433256458,3.679529616892451,-0.07886192232235507,1.0864124875026733
2024-11-19,Cloudy,-0.05870388884064296,-2.1245156876082705,0.05384866943399887,-0.7192044265557578,1.1333286699580851,-0.5442077372621168,-0.2573783034328294,0.0893669127577391,-1.0711164065992256,0.38625098121320955
2024-11-20,Cloudy,-0.9250189822116467,-2.1272139499614684,0.42128840143910146,-0.7912369230679875,0.9984429044686474,-0.10159963185445463,-0.28208029113782823,0.11165955725346267,-1.0092051062113014,0.1584283506533245
2024-11-21,Clear,-1.2788214389022121,-2.9334273717500903,0.2806737080104866,-0.7321081225575385,1.2126437240203065,-0.3940973454080228,0.1822482207154046,0.6821179986464655,-1.1897465951479977,0.4444809473534975
2024-11-22,Cloudy,-1.2349553146421832,-2.424604205973514,0.2467739554445925,-0.45678473093037986,1.4529232240093217,-0.37078843158597014,-0.08565698292846674,-0.0823456920525508,-0.49510634809692045,-0.6143812586856858
2024-11-23,Cloudy,-1.6401103349722859,-1.8875701145208625,-0.1285298769833979,-0.7502797612893236,1.5641095374443243,-0.3028036624530932,-0.19922765138362056,-0.29911920287852317,-0.36275969889256493,0.2306193001685054
2024-11-24,Rain,-2.150226417872167,-0.5325783086937057,-1.258980733033994,-0.3652771651833841,1.4760930194731636,-0.21879709592307056,-0.37157463388175294,-0.2991536664494673,-0.3342684504955529,-0.3833336798754716
2024-11-25,Rain,-1.3607685391066284,0.18389608362781049,-2.2167638133094134,-0.3000936058346008,1.557022277040329,-0.386009790512276,-0.5899896488178965,0.22520110372987895,-0.001228928080008824,-0.33914501457861046
2024-11-26,Rain,-2.8228684931750165,1.3058361239269975,2.0660343717672567,-1.1943992470026807,1.8880984074101284,-0.058110470992950185,-1.4006561507468631,-0.3550798531236119,-0.5456007432138852,-0.4033577915898934
2024-11-27,Cloudy,-3.048359608749383,-0.7254647444867329,0.810037509247943,-0.9248420885218803,2.2581446032147228,-0.3783108128032205,-0.603032182981769,-1.199657337009945,0.04871759032716392,-0.5202618848662924
2024-11-28,Cloudy,-2.5888464477019224,-2.98367762892358,1.1072800530164877,-1.5618092698564925,0.48566424055644947,2.5112610872721697,-0.7900178166892654,-0.36433114627573715,1.044761735238632,0.40162330449063016
2024-11-29,Cloudy,-1.9660471096053567,-3.9893312563795162,-0.7641317677228472,-1.448191743852559,0.5302698202316796,2.255983530170342,-0.1961466602024232,0.4148415229066724,0.787540462104675,0.10217765687544719
2024-11-30,Cloudy,-2.3408077541244845,-3.1901423253990386,-0.8492432338388963,-0.395814578103203,1.7188087316386467,0.569157323783805,0.4358621004917135,0.5895888050977806,-0.10166245138490934,0.1152237092151753
2024-12-01,Cloudy,-2.0930340478172917,-1.796143765256636,-0.39864879799229563,-0.36032604433961135,-1.4117718386330134,-0.5212349416715434,0.059425118856125905,0.21981716625544617,-1.4609311154320757,0.3819455824612388
2024-12-02,Rain,-1.8574767224219235,-0.160356411497476,-1.1019655133352595,-0.8408877992850503,-0.6920422379018747,-1.5189596000144734,-0.5009027092298803,-0.7385773779449472,0.07148271524547611,0.059959729026399775
2024-12-03,Rain,-1.148935345005911,0.6561612837218296,-0.22371759885766215,-1.1150128981016387,-0.7845378715650131,-1.3161857953888523,-1.0577847472355446,0.3109344984949127,0.1472287312919651,0.581592558237122
2024-12-04,Rain,-1.4817205639143145,0.8550289860904008,-0.054896857610434516,-1.5079962035013257,-0.7589137546341208,-1.1169270417392065,-1.2847716525757613,0.19869684702942753,0.05595235674772898,-0.02473498078427403
2024-12-05,Cloudy,-1.4430194461350394,-0.11383575934260977,1.017142777115008,-0.8104176756053456,-0.8346594480782656,-0.23816402491642982,-0.855915799609368,-0.5949318768165646,-1.5415681154501721,1.1039377613430013
2024-12-06,Rain,-2.5336782946465934,1.2315522389436153,-0.08956771380509007,-0.23241119319334588,-0.5063027900544724,-0.6391018524610578,-0.8822840852561047,-0.733975851368313,-1.3453780008264153,0.22456182547773193
2024-12-07,Rain,-3.593580388065422,0.8258121672117251,1.3110787724253272,-0.8033024316445008,0.08697711391900245,-1.1759694295351066,-0.8299359067083897,-1.3207581582935701,-0.4552908701893517,0.4930850759085486
2024-12-08,Rain,-4.49124771072754,0.1485108449296758,1.3066172768530808,-1.437279775774565,0.4208949097523939,-1.7559143443182932,-0.7360757950025888,-0.4094392350935387,0.8101295258132343,0.3343125559371681
2024-12-09,Cloudy,-3.802760205632498,-1.0948645922847042,-0.8945402793065201,-0.8110571390493413,0.7066315647242992,-2.0058184315274463,0.2225137380774114,-1.8020693056005765,1.0002250306481568,-0.299653530031495
2024-12-10,Rain,-3.0133010547669445,0.8201565953280111,-1.7652054982585546,-0.022767613367127647,0.03534384326325151,-0.9794143330217006,-0.5413612995824564,-0.044580903846728914,-0.2261090242306731,-0.25542577719472503
2024-12-11,Rain,-3.3408907713124845,1.3709956286374194,2.438955098790299,-0.3005796498644235,-0.013014950547144315,-0.12563072096477942,-1.046196204245491,-0.19997915821878923,-1.5767460281102859,-0.5166224308727065
2024-12-12,Rain,-4.522188370113041,0.4582069540804722,0.6551164493376621,-1.1933181548814142,0.9036585164124492,-1.7427504989826665,-0.5715957474068457,-0.4786412088283358,1.0078546509437059,0.36577452979543346
2024-12-13,Rain,-4.623204155892914,-0.08184666519655522,1.9273823457368422,-0.9337892037572689,0.809939738487497,-0.9901907917009699,-0.5656931709853129,-1.1401347376614699,0.0984931773704505,0.2991914090249765
2024-12-14,Cloudy,-5.1920430333336975,-0.6415847735752929,2.277327841417648,-1.144469238024002,0.9466546642835586,-0.7748865944249635,-0.5980763125588526,-1.4357017893549249,0.1259165925429897,0.02046261937623472
2024-12-15,Rain,-5.211288994387435,-1.3861310814835142,-0.010836636679891737,-2.1647227588526032,-0.5308001547428556,1.3285298382320359,-0.9416802195348367,-0.7992576322231055,1.9168034075221323,0.17387460202637336
2024-12-16,Rain,-3.771738889100688,-3.2059670689848323,-0.5955920789650904,-1.6948338002021557,-0.4728869837258594,1.1722976562960519,-0.10538732988355087,-0.07747095759884864,1.4620301790997596,-0.010995859410498984
2024-12-17,Cloudy,-3.315256772551192,-3.367604995787691,-0.42873668502774026,-0.1713393264372962,0.8176181604770248,-0.6224784596038639,0.6668431969685858,0.6699326125516131,-0.39570699217367733,0.2292432476182175
2024-12-18,Cloudy,-2.96868600164627,-3.119403265687994,1.4786193361330116,-0.6053744582671033,1.0488568120669042,-0.5091450805056975,0.1811536401041729,0.41202913451809,-0.5780452665935717,0.0763507557546347
2024-12-19,Clear,-3.7746252955557438,-3.3965754799629573,0.5826607199519316,-0.6614117136425319,0.8085425557245709,-0.1620675608736564,0.5133007371014587,0.8195256083102597,-0.6846875833524098,0.06330564551226
2024-12-20,Cloudy,-3.4904012058511515,-3.173636470255911,0.46591315562872065,-0.3445527509591915,0.5687740866051016,0.4426374250567919,0.4408651272807014,0.8477021205016071,-0.5601144867390739,0.4984850412036213
2024-12-21,Cloudy,-3.722616548750165,-2.069723453713744,-0.6787675584243859,0.088156332514642,1.3151176151616972,-0.5301911713899953,0.4045831010483333,0.08722617044098831,-0.2478151058279599,-0.13823526931216934
2024-12-22,Cloudy,-3.824125428260237,-3.0216016693108863,-0.6944920359250666,0.2428639087441039,0.6509985017190493,0.5444341770960505,0.6141194586002913,1.14498039097731,-0.8239088378334267,-0.14748208415531697
2024-12-23,Clear,-3.9487432618386777,-3.383993142267476,-1.0023027289844415,0.4072653955944607,0.9931473071723531,0.06166894957747655,0.9786233820937285,1.7058461790739747,-1.4156494081596864,-0.33273271622832046
2024-12-24,Cloudy,-3.6035325314763935,-3.0268849857600992,0.6365371675367038,0.008943300248185303,1.5507113984063936,-0.270887541332475,0.4932636192054632,0.6027930803304612,-0.41029772651263136,-0.24471633577943364
2024-12-25,Cloudy,-2.6932403734471295,-2.869744367062439,-1.2374098989160225,0.30296605603494836,1.0706116278101485,0.5108884913114056,0.4125360233817221,0.9003418478209506,-0.4529473118170674,0.09544729404528027
2024-12-26,Cloudy,-3.13943065170517,-1.0127787384538214,-0.06247952077541424,0.1655947852007818,1.8652122942066292,-0.19524683417280717,-0.2025962652350963,-0.6762827680441563,0.1070755011926317,-0.8262625140575387
2024-12-27,Rain,-4.105901529847944,0.14904358966349782,1.3465679926462968,-0.482081158444849,1.997780101881404,-0.12685387644998636,-0.6377713755543758,-0.9189413242119125,0.36378911059299585,0.2439005848887046
2024-12-28,Rain,-3.385299876408913,-2.577004334514911,0.8537370286547719,-1.5269555893482796,0.3845040146223926,2.3669020000377197,-0.6151235773578544,-0.06660975756578202,1.4953930774534245,0.49460182586215395
2024-12-29,Cloudy,-3.1711992459754232,-3.0776823643593043,0.6463167509069796,-0.09625791725773822,1.1393931303089784,1.2694084772335281,0.22256820546119088,1.1264995952675305,-0.7038508937939121,-0.32029569956987325
2024-12-30,Cloudy,-4.5331003621484545,-0.6332809527815896,-1.1432625620098558,0.7014063449069656,2.0013612762279642,0.14759945702849908,0.25999713095814275,0.0870491223075688,-0.6278961539597703,-0.38415727777128994
2024-12-31,Cloudy,-4.09487499839905,-1.067323016934151,-0.5044716333780722,-0.6741768883943012,-2.540222781384857,1.2440345324478579,-0.5586247388066949,-0.3352162539000164,-0.27172386690483913,0.9454346735228075
2025-01-01,Clear,-3.327095502580427,-2.5337532626264876,-1.682779397157034,0.5899875966720917,-1.6628885599051328,-0.25330788585537456,0.7480475358703622,1.3365614953855771,-1.683923712744456,0.5112163020577648
2025-01-02,Cloudy,-3.1039090605979354,-2.248318125994158,-2.0170271104305737,0.8844674915941444,-0.9707282208341472,-1.1410856343621303,0.7909803261387943,1.0588019695351778,-1.686243529302181,-0.29043904906566514
2025-01-03,Clear,-2.6381129940483827,-2.917671396530454,-0.4100542525619228,0.18443569286899594,-0.8958114768020593,-0.8653151586266826,0.5564220033892291,1.1829552535316097,-1.7505172805496845,-0.5125026040178782
2025-01-04,Clear,-3.2507736951058077,-2.7536699077608846,-0.538948202762334,-0.008211563491931272,-1.2615543085731156,-0.11196270455696627,0.4807519627695417,1.0806543936795496,-1.3653972150181917,0.16230220099116965
2025-01-05,Clear,-2.9928886423651577,-3.2046048193039605,-1.1045537752195769,-0.25800739153571006,-1.8867231868918237,1.0745942008137503,0.23423052615331239,0.9754528892027963,-0.6411734321722019,-0.3059284211781873
2025-01-06,Clear,-3.1447517951836583,-3.071470723542058,-0.40262324972584024,0.3650474176497703,-0.9464928107587761,-0.19061422103510525,0.697097863872475,1.384939423626884,-1.4328352444006098,0.43142133955918344
2025-01-07,Cloudy,-3.755387277485356,-1.388242255484771,-1.4241084750213195,0.5027781055087808,-0.9090795810904873,-0.0543942708128565,0.35403712910638446,0.5734614650275435,-1.2547516930717009,-0.22472298086154166
2025-01-08,Rain,-2.9810070049138506,0.2757167275272132,-0.3584836429617341,-0.32432227596108526,-0.4764326991969059,-0.6389734257387781,-0.5950324233289217,1.0969562104390944,0.23554458406169185,0.269606047148276
2025-01-09,Cloudy,-3.4331599588744415,-1.0678061550426983,1.8836834505593993,-0.46477384574438724,-0.11672867891303225,-0.2651078393311104,-0.47170619892194127,-0.27419177587226523,-0.9777077032450832,-0.5118820937060382
2025-01-10,Cloudy,-4.590402259599312,-2.7628728038742008,2.0418893381500127,-0.8671244753310577,0.2907770981879754,-0.7867228494724017,0.16403113960284105,0.11660919774424688,-0.35279231341198347,-0.07722186765889778
2025-01-11,Cloudy,-5.086811215731216,-3.0663793083327158,2.440120839882319,-0.9682218780887726,0.33936213787005226,-0.6817951811053282,0.26809498804242965,0.5008759239765376,-0.6784800772037627,0.18386497167579743
2025-01-12,Clear,-4.441596617917992,-5.055049626157823,0.6474704446898204,-1.21393339722702,-1.2673566463314374,1.6804098627196469,0.6349989993330865,1.1286706531238666,0.682863835193545,0.600969621549988
2025-01-13,Clear,-4.608708369955473,-4.365540194298963,-0.553235114159634,-0.1323476162610679,-0.37188619262420786,0.2753943352022754,1.2136172812130637,1.494642577803187,-0.3953984220230794,-0.5416524889061911
2025-01-14,Clear,-3.8685537629898845,-2.9150670703326322,-1.116667799694699,0.7913811605410443,0.371949094412741,-0.7373415615185361,1.206197224744695,1.3499091870523208,-1.1196048689714793,0.009449847810859289
2025-01-15,Rain,-3.733476681777713,-1.6949127291862853,0.6397309470317901,-0.4509611027725267,0.40719486252928566,-0.15159587404106195,-0.08700541973452498,0.6949605512413236,-0.7361549582546818,-0.32300809278846926
2025-01-16,Clear,-3.57211332742536,-3.634921003637365,1.3612976626635782,-0.1826831849503427,0.6211163722845239,-0.30303165310093794,0.6428522909030218,1.156245867412734,-0.7221507070946246,0.3881247932302171
2025-01-17,Clear,-3.4761740961558716,-3.1484120377130917,0.5814129440716944,0.435927334629956,-0.17207425444117339,0.9416673744283599,0.6321333302909575,1.726686614757699,-1.3575269903542235,0.2383316099933959
2025-01-18,Cloudy,-4.56620324213182,-1.1568308768978046,-1.0181264968447525,0.09960569065574322,-0.7574017101048767,2.2199237636841884,-0.09355058480102896,-0.14218884595051112,0.6605205721405699,0.633561452131853
2025-01-19,Cloudy,-3.0509784865210396,-2.3355124239361476,-1.3344579270127732,0.5045295724321625,-0.35979902082359094,1.6291582999379057,0.32175976455923566,0.6774388675393664,0.13811601855360342,0.2635305830310951
2025-01-20,Clear,-2.8478953278018233,-2.8376444542304693,-1.2874164913426267,0.9660492868908249,0.4681032882402458,0.42671048037305104,0.840003522060616,1.3509670384322647,-0.7664689832434454,-0.3419372362203361
2025-01-21,Clear,-2.427011362873862,-2.857444928280433,0.38819434667710473,0.6010764281036716,0.25299771926251724,1.0686771122394607,0.580904520227889,1.5953121519506166,-1.1914844012842551,0.2558149782879477
2025-01-22,Rain,-3.6994559033202212,0.9706443328314268,-1.2701765364091515,0.7794666198680643,0.7496632702313933,0.28687507555423375,-0.27024060579173476,0.6427433159669217,0.01206473360764032,0.3534298498535419
2025-01-23,Cloudy,-3.0256206384413926,0.940292871235418,0.07241377470992491,0.917946201871257,0.8124690555828131,0.9343682812958221,-0.3864932445017049,-0.5590858875794709,-0.4360198993454309,0.7873261154561114
2025-01-24,Rain,-2.4993835061692837,1.3731137764232897,0.13882075912654465,1.2611079601642128,0.7025759434066408,1.1944209876454284,-0.528604005468156,0.004025475917065249,-0.7420966224322568,0.460770841243286
2025-01-25,Rain,-2.234486925638228,1.5904984752505722,0.44611376071494063,0.5982082313085688,1.0216244575635836,0.9565447287783273,-0.6743071381251465,-0.6328466484920996,-0.1491958001786399,0.4774631150082911
2025-01-26,Rain,-4.316405645955512,0.2117282436861282,5.371162461041334,-0.5034850557654873,1.4608222494315473,0.9604375785272937,-0.7753510579407025,0.26941370676472987,-1.1465761132131367,1.5362545975919848
2025-01-27,Clear,-4.728810545214062,-3.385074050228106,1.8610082709371045,-0.5247966689483101,2.0103837182489435,-0.15154893965279795,0.6729573423318613,0.6517465047016733,0.29807731158273326,0.6358058309958221
2025-01-28,Cloudy,-4.88868815946601,-3.7170497309861625,1.8800492799849675,-0.13170778510801515,1.8483235692839952,0.20642529887140082,0.8564583865906136,0.9350175174103069,0.2703862833652847,0.20986065176143573
2025-01-29,Cloudy,-4.55450630815029,-3.9270400782537376,-0.5467735763856698,-0.7044490294712408,-2.5694230452908657,0.7835103723669367,0.7006532934376575,0.4823897844580342,0.8119288308031067,-0.009435653635349124
2025-01-30,Cloudy,-3.567768534204137,-2.455922619846066,1.6580061411551859,-0.4870464792348758,-1.5813773142266352,-0.3807695779133696,0.4791127674251653,0.25554148018870887,-0.5043347994470839,-0.09669447345379774
2025-01-31,Rain,-2.1879153231582156,0.27716360830255354,1.1620846607473054,0.14888985311555708,-1.3934619287393195,-0.36554596325756866,-0.38262987919708125,-0.4453596938540971,-0.4706832985908727,0.1902457637125326
2025-02-01,Rain,-2.3297085695598536,1.429063928662683,0.4761418589072264,0.42883234897700284,-1.3160545018487857,-0.3144068079729216,-0.4466914454719686,-0.45899712281506255,-0.2713601365991951,-0.0251430370473443
2025-02-02,Rain,-2.1334654686228767,1.6233326272328665,0.9023400722431784,-0.7003999233876904,-0.9911075158617489,-0.9596307365719274,-1.0116126412588735,0.2642300864708572,1.1313857276954176,-0.1181850989547409
2025-02-03,Rain,-4.217555293921463,0.9054473817827783,2.913839904265524,-1.3954251429317663,-0.3740556271242341,-1.632311311817702,-0.7354509870466178,1.4459226050415552,1.1940887149367951,0.8663702086271882
2025-02-04,Cloudy,-3.9849945023776416,-3.2600852099023427,1.4205526669655768,-0.7631105431263121,-0.466238705388186,-0.985464280333593,0.6329766733601806,0.14356763121615437,0.3114366625554244,0.10591404383856921
2025-02-05,Cloudy,-4.138225339002688,-0.7035177593523185,0.408965500990157,0.18239355381908784,-0.459741086644162,-0.673317147299749,0.33582259302520917,-0.8685528138754864,0.5852925929091282,0.722941678445663
2025-02-06,Rain,-5.154951090677733,1.87231051096711,-1.2400725613306183,1.363369534717748,-0.5599017103429382,-0.5657345423207072,0.20919661845054296,-0.5393989422572059,-0.44299371752988503,0.1509606861299513
2025-02-07,Rain,-5.358622334436941,0.5069256254966518,1.189146051899057,0.09290007880727229,0.017471162026610174,-0.9649166956609219,0.1872996118874887,-0.9345089038013631,0.4637288176577777,0.0982628539052616
2025-02-08,Rain,-5.514191527207836,-0.5155004051307425,1.8208945087835888,-0.6256919403315604,0.15670032642988888,-1.176789410329417,0.00032775602149388524,0.008147233412299748,1.068611363995967,0.26887751599727955
2025-02-09,Cloudy,-5.2115704373929574,-1.9240317110403897,1.084165131045937,-0.09019073145643795,0.2694723086941904,-0.9428396910342486,0.6060628637961044,-0.7997387082393727,1.224030915123198,-0.018668594651940956
2025-02-10,Cloudy,-4.765970806927698,-1.6325411286928293,-0.3740629909123717,0.7467168100371159,0.2794623013385998,-0.9231034817359107,0.8869762586323372,-0.6392842723503576,1.1397434327524312,-0.3917842357646473
2025-02-11,Cloudy,-3.5010997576089515,-0.23739958766122343,0.22873292934974318,0.8198127979704926,-0.3784500355304777,0.4637086453410321,0.021469558218426308,-0.5725267567922914,0.22143357981365352,-0.05944516999754971
2025-02-12,Rain,-3.5324937389279487,0.4608838382671131,-1.9814367978248781,0.9175603636836758,-0.9777699937981776,1.3695030326237236,-0.1140620928929648,-0.2793037973720656,0.7780271385845647,0.7107213982677224
2025-02-13,Rain,-3.000855267544203,0.7269878599743451,0.627362495084797,0.35238065080031894,0.27696729133991893,-0.5372749363326884,-0.2380674907120869,1.0162292793472032,-0.07630300659402263,-0.04466666669757508
2025-02-14,Cloudy,-3.1509669869535806,0.9183221330785637,-0.3042957092946964,0.9901195321699613,0.14738601968333687,0.20498487481208824,-0.09299546435700111,-0.9605670347424481,0.18039339594077192,0.3230963710924006
2025-02-15,Rain,-2.850633808483401,2.141766864518916,-0.22715493329062314,1.5563767412379206,-0.09732158718233198,0.8108008539303667,-0.5138225115866415,-0.2716895493219538,-0.6617865258075377,0.6563597853246133
2025-02-16,Rain,-4.094822867166589,1.7516520887490237,0.7169347159065195,0.7620581784165226,0.703850572112032,-0.2112917564847333,0.2553272646224256,-0.6918209496756803,0.04213582632562592,1.238063000709856
2025-02-17,Rain,-4.629577813057911,1.154092163483776,-0.9187501093196724,1.4927992033827506,0.8345887340383876,-0.49861979605131307,0.5517602725443705,-0.4008540013919137,0.29161405416455066,0.5729503861950382
2025-02-18,Rain,-5.006438168722029,1.6485330794582491,-0.6584699848324075,1.1146701668005916,0.8705010333824855,-0.28094993847737104,0.5126580114833905,-0.5782406258966205,0.2089365949055446,0.3854537989933476
2025-02-19,Rain,-5.1812052674624285,1.8779593280092715,-2.297662852882465,1.948126388458221,0.764979025655057,-0.11794604494868142,0.3892618208295829,-0.2712054847469671,-0.07811282823213678,-0.07262034484696771
2025-02-20,Rain,-3.9955240096742637,1.7803005406401031,-1.7319555021463349,2.0349151273553043,0.24282648270724969,1.0240627810539158,-0.04897077421125553,0.1155826845641892,-0.531788746024706,-0.4191728496754548
2025-02-21,Rain,-3.83519925541569,1.8620882878887457,-0.7470683230915961,1.4736049236113,0.7845334019393952,0.2838313889686711,-0.006143631940001479,-0.29027220965207945,-0.2496561262866962,0.5045093629199183
2025-02-22,Rain,-4.2916190053088545,1.8567233286081386,-0.9497088771245147,1.5530928264020738,0.9190310573025489,0.42925224134668977,0.29035576809349056,-0.20781636032058473,-0.1154606633557247,0.7109043510479639
2025-02-23,Rain,-4.76365018309454,1.4764741468628504,1.460672042200275,0.8457123908985986,1.2430885432965777,0.36025511351795636,0.18254932353172107,-0.38660031286625934,0.04144523453364643,1.0878569169692505
2025-02-24,Rain,-5.932815567075743,0.5878095666787705,0.5148630409548365,0.6945999069136006,1.6392255914605371,-0.21841334481847693,0.4698461472126745,-0.6299109981570514,1.008258905007958,0.41902884805264967
2025-02-25,Rain,-5.870968534430565,1.2858740271916274,-1.3961914210411386,0.9392899966398177,1.6426779884782812,-0.15690468903483748,1.2231019846556597,-0.5001018379998644,0.772911517472699,-0.09767905227341461
2025-02-26,Rain,-5.172502145399932,0.8172333452976344,-0.7827582661467407,1.1220966760301534,1.6806681093432922,-0.07746130809678707,0.6198478285042665,-0.5270534954512572,1.0185834533967375,0.398726685492911
2025-02-27,Cloudy,-3.629646395264227,0.7642354281074369,-0.3673358054904932,2.0167466910224205,0.9355836761534579,1.448972086588316,0.20733464485398348,-0.08330814631642963,-0.06301354036231942,0.16264307366460032
2025-02-28,Cloudy,-2.6586520787380907,1.0968123462517543,0.07535887981881875,1.5304234046764995,-1.9452891283969267,-0.013741896572982509,-0.15081498506447688,-0.7197967891438817,-0.632221236092151,-0.35936919032495984
2025-03-01,Rain,-1.6532142513149477,1.3868227977368874,0.359741653003498,1.358191788025127,-1.8642275507363475,0.004794712723526668,-0.30148089635761666,-0.4237699963100677,-0.6254291378287243,-0.6080760922754368
2025-03-02,Rain,-1.6095196697060583,1.7276005279705742,-0.16751014215717272,1.8338309120900873,-1.7338838973760837,0.0027122256005477673,-0.16314572416057463,-0.28846792762426793,-0.8111044992261801,-0.38179394569615666
2025-03-03,Rain,-0.6815223199495752,1.1574608634105088,-0.6065709574774951,1.6832338579639508,-1.349482548094466,-0.5187690630707272,0.025642662376511846,-0.5288211095244539,-0.06950761329317677,0.28365313371879597
2025-03-04,Rain,0.017251999703123837,0.9658043310192738,0.20912889985439034,1.477256211103663,-1.3630267299078491,-0.15337292137782446,-0.20889361466426679,-0.4150641290731158,-0.2525374473754339,-0.01741233857030184
2025-03-05,Rain,-1.1103895440407114,2.0661500946277847,0.6890941306675193,1.2050270121953737,-1.1811994284537788,-0.06728681650953611,-0.5649352700014711,-0.7734049732289286,-0.45624996805469314,0.5106793994867272
2025-03-06,Rain,-3.998115248033442,0.13595180490993797,3.0357642728704404,-0.17957270769491332,-0.34810130903990666,-0.8282970986228199,-0.11537885164257615,-0.4704092414361337,0.8028504712663789,0.8770888183560057
2025-03-07,Rain,-4.361667392071254,-1.4897437161486582,0.837755826940696,-0.7151379057882201,-0.26719361089353083,-1.5203051409194663,0.4022877624002845,0.8349874475227239,1.4456662482681077,-0.47800828473124984
2025-03-08,Cloudy,-4.46515262496402,-1.0686331443278436,-0.6692884703775447,0.5705385265109274,-0.1784646344086967,-1.2396048237703399,0.9645169843325483,-0.8276090471420459,1.1545171574666417,-0.49183917040311703
2025-03-09,Rain,-4.046919493838383,0.8930159931403309,-1.3267394613988313,1.128468248745672,-0.5659807425644259,-0.5566388118648489,0.2194048198547557,-0.18351163706022847,0.6743864781100058,-0.23806544426205972
2025-03-10,Rain,-3.2982031356741532,1.7159856757195953,-1.4239303658637423,1.5215624210623355,-0.8469127297489747,0.039710068332686733,-0.1464470027798192,0.3594760444175973,0.2708269486891102,-0.1042764729389705
2025-03-11,Rain,-2.1579589493418454,1.7199809831100452,-0.02173592631680911,1.3533076613197212,-0.7761542441397681,0.27064937011135437,-0.41330309136342824,0.4077570183301931,-0.01598155952267412,0.020929699180075634
2025-03-12,Rain,-1.6329915105125823,2.123086998193869,0.17765445856766254,1.8142014291664423,-0.6945975534414701,0.6100060904227155,-0.39956117086812104,-0.30700532979763584,-0.5907530500184638,0.29090736290999775
2025-03-13,Rain,-1.7056325994600712,2.7279004254537105,0.05178006334503249,1.7506260064468881,-0.685266550874475,0.8190467194472135,-0.5470806820181282,-0.45114180069123627,-0.7918726387276415,-0.3139103253153501
2025-03-14,Rain,-0.5333306875273564,1.8500556125296286,0.5143398778044715,1.4805883586928001,-0.28994892164326413,0.41290335100191294,-0.4296432531878413,-0.4965819928904887,-0.2327119315287735,0.6873229435300839
2025-03-15,Rain,-0.9259035182053266,2.1357167869749794,2.1185231268688414,1.2241415598977434,-0.09718314845011992,0.5351855766534961,-0.7351822751703324,-0.4748348166022244,-0.6296709681106797,1.1458463654889974
2025-03-16,Rain,-2.707913500839236,-1.386831809771326,1.9257986237887386,-0.1929044385412951,0.5462881245874688,-0.4064652104649179,1.0667440819395364,0.24836106305740713,0.5967743150914939,0.3136404489353655
2025-03-17,Rain,-3.3513211053758947,-1.9257424525905384,0.18915961645609047,0.16004872488746172,0.4387078306145124,-0.37828099764420337,0.7977900424430048,0.33470652612368496,1.000836913464585,-0.4290642899955339
2025-03-18,Cloudy,-3.80514158720937,-2.147971720471128,0.9559832070721545,0.2017071854890802,0.8948868664308748,-0.6838502444655393,0.8480557964889704,0.03951389726286539,0.653177359576635,-0.6040715120888918
2025-03-19,Cloudy,-2.315327567764149,-4.087995540487497,1.1767531393480652,0.09771831265136087,-0.8099971919261112,2.0648237591365133,0.6551111789783854,0.8236844492275484,1.496042058166736,0.17958649575570654
2025-03-20,Cloudy,-1.635107459079511,-4.598909667627741,-0.2077685063034408,0.37485057246720976,-0.4415334683481106,1.5364043240433631,1.027595110819716,0.9805787482465131,1.6391950030124771,-0.5422688405579914
2025-03-21,Clear,-1.6928897990510963,-4.526244946328027,0.6210586546791894,0.9286672285114451,0.1557431062525719,0.810568889463475,1.3485219720637562,1.7440031241060858,0.3810756776449122,-0.027293307721224215
2025-03-22,Clear,-1.1840886169678257,-4.064814552406403,0.19738655586106432,1.1359596679570116,0.3501421349737616,0.5222526253840184,1.4331791327882828,1.735623948268207,0.09144404958029691,-0.13622322066050194
2025-03-23,Cloudy,-0.6636313408640644,-2.1306051651694182,0.5082166671695297,1.8041664171931358,0.16417932395190954,1.2077721860885386,0.8517126856093479,1.275010671148989,-0.3303747446943772,0.10808695847904251
2025-03-24,Clear,-0.02416009814109996,-2.232305396311478,0.07768023207985489,1.9137131567234025,0.17510566352864837,1.3667526381383581,0.8801849343980893,1.8571903240636534,-1.0197959085466963,0.16524808522974177
2025-03-25,Cloudy,-0.2297612842359062,-0.8197356689081914,-0.07061414894780521,2.233969380288836,0.3853346252273042,1.3389702209021865,0.6193886182307817,1.0138523170330218,-0.6976087827270187,-0.374180031692245
2025-03-26,Cloudy,-0.020376244516734126,0.13790722480475542,0.7382499655374144,2.395876851504392,0.5666464683720449,1.4249772992362715,0.33920136696962006,0.007671035269319093,0.173277497051213,0.03992843370322799
2025-03-27,Cloudy,-0.04447755923222914,1.031837850024399,-0.16704925089038278,3.0395425108655783,0.5642858130673151,1.6098691902481133,0.31054015691175874,0.08524831403574866,-0.2600408658618444,-0.1068657270396166
2025-03-28,Rain,0.13973532017112322,1.8631475247782372,0.7099582564342024,2.060797070933485,0.7512616345436449,1.63597004687185,-0.43910100737313046,0.055265633067819,-0.4752212711260745,-0.34148090756091753
2025-03-29,Rain,-3.115045114994982,1.7831962144508549,3.4069602096164147,0.5812060909651245,-1.3917687498324878,-0.6974200211863534,-0.04957367796751589,-0.7883906320302194,-0.46942494108364463,1.3181177441436964
2025-03-30,Rain,-4.723477713705722,-0.08688193430975813,1.5552130460793903,0.2521924445490438,-0.8555274460079761,-1.6389214470269289,0.5858622292291572,-1.1160927813549737,1.2832561274560663,0.005145188725423562
2025-03-31,Cloudy,-3.9847594879737156,-1.6353933599165464,1.0010939016422138,0.5395451222122125,-0.7568476159038326,-1.6788864897811628,1.0790368581856689,-0.7784108664508939,1.1519495783756135,-0.4980511056492129
2025-04-01,Cloudy,-2.33089005328771,-3.1883760245046053,-0.02861320180928172,-0.04798845761171676,-2.2489497636747884,0.6278075352907045,0.829026488908781,-0.01037708405653975,1.6183376751912482,-0.18160531554611073
2025-04-02,Cloudy,-1.1717258308257352,-3.1313915725299903,-0.29079858310743134,0.9854240315911967,-2.208795478805769,0.6983483216903243,1.0114422747488114,0.9047442902576517,0.5918798554141735,0.9987848903304676
2025-04-03,Clear,-0.34286861624632636,-3.738530773535918,1.6439999249193507,0.5746537776575238,-1.3999902073390242,-0.24989978919110598,1.0851126588061906,0.9511764869951282,0.2303835005623025,0.17856256888212413
2025-04-04,Cloudy,-1.1178225504198862,-0.841079351782922,1.5885045429305364,1.0015020394279064,-1.3171662991630013,0.07181900209852306,0.4272784618933142,0.030002336328713318,-0.28063732449504875,-0.17916316139717234
2025-04-05,Rain,-2.479615166610464,2.2318580468715434,-1.1443524868706392,1.804111345997377,-0.812331552417318,-0.5713660614316989,0.22972912805260856,-0.5815659769648008,-0.13482138786116835,0.602881188335577
2025-04-06,Rain,-1.5524658228306036,1.3233535916128543,-0.22477256656970238,1.5534430267509778,-0.9871613649818628,-0.1039727014294231,0.33668727422040545,-0.3555910883281762,0.06430358208160263,0.3950627199155573
2025-04-07,Rain,-2.219088382318375,1.7096264690622842,-1.6042313991520836,1.6504327418937634,-1.0052286003515496,-0.01705281352312373,0.19079562150884172,-0.505327039256515,0.14511321400637403,-0.4034937964176974
2025-04-08,Cloudy,-0.9133883711684889,0.805610027976043,-0.21666295201011418,1.6651743425458525,-0.9351067061841987,0.2561969841094076,0.07399818400182688,-0.5203536431095666,-0.2394046950540703,-0.6269222622957193
2025-04-09,Cloudy,-0.3282086194841399,1.3525040791668796,0.5683452952819841,1.6322695486415333,-0.8022326285265895,0.4170809323357023,-0.1764696362473062,-0.8612644202323626,-0.15619639117658102,-0.4202216831917886
2025-04-10,Rain,-0.3206216113524932,2.2160753736240486,0.08754832092626462,1.8937401605545767,-0.6312733549017503,0.22952903868536698,-0.19008978661562503,-0.5508825523413629,-0.16236778894961856,0.8017829887598619
2025-04-11,Rain,0.3906035973324332,1.4130731537361214,-0.3163896388409615,2.382402852628772,-0.6756645870624606,0.40078525107032037,0.1367265399515293,-0.11367652652870698,-0.1416367353606015,0.08061009419409378
2025-04-12,Rain,1.1770896000249307,0.6448802692178227,3.0062555982678894,2.090699892991371,-0.5229396425943974,0.6609492577664773,-0.26941719097860417,0.7539642383774204,-1.6151172101042108,-0.9443995615775317
2025-04-13,Rain,-0.21349418769690828,-2.5848750001913547,1.6603106363331843,0.14485589436709406,-1.377519029693575,1.9293696759889323,0.2534878706730015,0.807783381628123,0.913376484961767,-0.7570672511338475
2025-04-14,Rain,-0.6001406667577236,-2.5097156134246803,-1.1794266893269045,-0.02003586779359779,-0.5746548692513468,0.5138148716273594,0.7096648369017514,0.7229378694234683,1.961930214272875,0.00932911948462084
2025-04-15,Clear,0.9213042026629584,-3.891476283005178,0.5846983893424262,0.8654859505718341,-0.13008465235932512,0.16711833979454882,1.3665318833027538,1.1011404609228441,0.7042291320449936,0.5105931490106507
2025-04-16,Clear,1.1131077369625,-2.986762228469344,2.2096603868820757,0.9370644176029911,0.007343884235356128,0.4446139695928517,0.9309808001461849,1.0617325694768882,-0.050148477887892985,0.3282412192615715
2025-04-17,Rain,1.2256352713558625,-0.05905356772839898,0.857419253256256,1.968726484249125,0.01867992206852085,0.5517468465011048,0.40122912949714323,0.13984212634360846,0.430485180853264,0.09743497060855061
2025-04-18,Rain,1.4168442054471049,1.00852816648826,0.2555844178944726,1.9120627078035872,0.16356339015264565,0.635521835812523,-0.00739746136134122,-0.07133739418689806,-0.0299948362726917,-0.27512885047339203
2025-04-19,Rain,2.7010542410136646,-0.1853324191148242,0.8150963718164975,1.9170686247405666,0.2449670898439537,0.5860883596650565,0.2799852050747869,0.7444599074284396,-0.45024075777146627,0.38889301939136983
2025-04-20,Rain,2.887473380093473,-0.2681853391056536,1.9567342597232926,1.4568150063163514,0.4369130519527588,0.5913305507586127,0.15427347910251255,0.443758310083523,-0.07343393262336011,1.132071126352061
2025-04-21,Rain,1.8467441630331458,0.5430834312454643,1.4596751242543484,1.4417678701760814,0.26986493289177554,1.0237036980032355,0.6479802553397582,0.1716498991837378,0.012201033802507203,0.0191535067300297
2025-04-22,Cloudy,1.9318418529895725,0.5250095460318385,0.12506495715071622,2.5743534679056155,0.404263401856174,1.0855910220003977,0.212153747742125,-0.06991523137825363,-0.1372351597602981,-0.23273852417687946
2025-04-23,Rain,2.8099108874129355,0.45788401805951906,0.6894207116555462,1.346146712693416,0.640471918733755,0.6343769649547187,0.961010690344628,1.6565106597807069,0.36916987136419355,0.9358446957889424
2025-04-24,Rain,1.7735656542859008,0.8425459588858899,0.006471800956038043,1.5821227488643976,1.1365687762928116,0.29971312031702374,0.1514229640574279,-0.46384504626486167,0.7852594308161008,0.2849606748408054
2025-04-25,Rain,0.14728968981854867,1.3610354077869038,1.0334450387531686,0.656750823757757,1.4823529975193643,0.29665788355314604,1.1142039172538087,-0.544121354958787,0.4937612420744684,-0.4523011532970898
2025-04-26,Rain,0.27982231822840664,2.020820812123967,0.9996223624692823,0.8593973077509471,1.199137907767619,0.7065162953956453,-0.521484612215569,-0.3056158462909934,1.1967460117544884,0.435390147957107
2025-04-27,Rain,1.3504614144492761,1.49079836380557,0.569916743360081,1.7300750647810592,1.1637528830647144,1.0142440162598454,-0.1858269377924306,-0.3815271700909837,0.415968068974527,0.6224111909898854
2025-04-28,Rain,-0.28793023957852537,2.1726364818681003,1.4950558520883888,0.5225626271976717,-0.9684021596978801,-1.6076571265539388,0.25772500722390423,-0.9030701016825787,-0.6198963526661009,1.0842144110923888
2025-04-29,Rain,0.9207522530793023,-0.14488951193502375,-0.4392813497879074,1.0292017996506835,-2.435351684342624,0.5467722489065888,0.22686012721093404,-0.020118884174076285,0.5912829858381686,1.801261984759816
2025-04-30,Rain,1.4624929015245551,0.26633407820737964,-0.6744887019718842,1.644318405248677,-1.6004039391521865,-0.5377223974261562,0.2757808352302926,-0.0025341591384486326,-0.2744623812085797,-0.8054856017258356
2025-05-01,Rain,0.6856688737983271,0.7863457804302766,0.8244398889249372,-0.7052547514749186,-2.2619977562209943,1.176165253779718,1.9098059277443509,-0.05955340891417416,0.2516899859478881,2.287357081603637
2025-05-02,Clear,2.210290907630597,-2.611695287574899,-0.09095694998099532,0.841969248244896,-1.3443199502490972,-0.6492383181797637,1.1339857995069456,0.628481468387052,0.030273178869646096,0.4390066861430092
2025-05-03,Cloudy,2.472995936761276,-0.2887063238342636,1.1371154921974238,1.378593646925243,-1.1774677581763735,-0.3524873173599842,0.3656029770125152,-0.19904876212358652,-0.29178724327212735,1.3259289909242353
2025-05-04,Rain,2.9730565740267663,-0.3894165996461743,0.44459361362022737,1.3655970393568004,-1.0216898233019995,-0.3260254219017972,0.44220941979311407,0.024092879391527745,0.15667708278155212,-0.08903583394885017
2025-05-05,Cloudy,3.199342646005797,-0.6663595139037237,0.835674400606182,1.7814275562241038,-1.0584073049629268,-0.1916811676229583,0.5565725840127639,0.3078800339735655,-0.6846006728126806,0.9604452705266407
2025-05-06,Rain,2.968222450308163,0.32310336390169914,0.5406513869275923,1.237614714681828,-0.7779669371484037,-0.5675504673690805,0.16162023726019598,0.15837266071688544,0.23476864567505523,0.789799189566226
2025-05-07,Rain,3.5224050942463077,1.5692864377532187,0.730662942964109,0.49406828154030774,-0.5239516925689167,-1.054155452157556,-0.5590629811976545,1.1164316653302429,1.4262833494621963,0.479309136465197
2025-05-08,Cloudy,4.792433822561244,-0.4212086721954913,0.8833511598568177,1.5939152607538183,-0.5642411316179675,-0.27072895789934676,0.22009215864338064,-0.3939152693209434,-0.006684743162148815,0.402681260352056
2025-05-09,Rain,4.021465794257668,0.1339787355340604,0.836316771160553,0.8564320073229469,-0.3520569769173458,-0.612701618933166,-0.07127716090066208,0.42411600921186504,0.3865547196768257,-0.6790353596253835
2025-05-10,Rain,1.393069744044249,0.9967576578665112,1.692481072393872,1.0360124365657595,-0.2497299793943673,-0.12075738374896813,0.1294352636062576,-0.6655677360181574,0.13450259913686177,-0.64013870670084
2025-05-11,Rain,-0.21246004251185546,0.6226645090922427,2.14853252159818,-1.1224290172682836,0.12504629952644686,-0.12641807304180014,3.14229729352058,0.12662646676582393,-0.5014100244716174,-1.2673447473811743
2025-05-12,Clear,1.2390956725888873,-3.698499868508774,1.2562232002067395,0.9057487518424898,-0.14042186834034495,-0.19724794788834657,1.5121158286088663,1.032194348190796,0.5126649548039971,0.9476477618235184
2025-05-13,Cloudy,1.571565004596605,-1.9142397967335056,1.5309726443262628,0.7267887423818921,-0.149163940212004,0.11600940458734922,0.7685789792762018,0.48991245568743896,-0.03363062975978291,0.8649793218194282
2025-05-14,Rain,1.7255635239079583,0.35994741259339263,-0.35033799189626125,1.1011445490074798,0.039922746875862294,-0.1956203637663009,0.19683404044847522,-0.05165885678490403,0.7643634115304927,-0.3094234910427036
2025-05-15,Rain,1.8377207731865375,1.6084333712325094,-0.15078917310204773,0.15294404128803976,0.20987521255343583,-0.5772681149535804,-0.2509935656163585,1.3887275047220649,1.4193595357946591,0.3921760498127905
2025-05-16,Rain,1.630802510933739,1.1496574503738146,-0.3980472730312186,0.8543683777671811,0.3851158303776865,-0.11515217405461156,0.0404778786168692,-0.8528195105821837,0.7850371302562439,0.7351361044521281
2025-05-17,Rain,2.0040428211182593,1.2913753713436047,0.44785773576440374,0.6165442743699265,0.393601086850667,0.2823023824192481,0.5352750858870653,-0.4884039153331714,0.2403672719862246,1.0096569699752422
2025-05-18,Rain,2.3263558826299593,0.4086658825535829,-0.39120544055640477,0.6031445200056109,0.5543868646631361,0.030716293196442247,0.4395935197002967,-0.3834921879537553,0.5133149053191229,-0.19436868338025814
2025-05-19,Rain,1.6267098983114605,1.2163424210438682,0.04831299895923461,1.0918082864855536,0.7447659061940343,0.06096333816237007,0.14996146362846677,-0.7950800469240867,0.7075705921566481,0.33631468565024547
2025-05-20,Rain,3.771220291875792,0.6619808748149105,0.8396718283043798,1.2212769289129228,0.44004066832650074,0.777048682416906,0.5467124056977354,0.03500943625202003,-0.06721179113581216,0.23443187693144227
2025-05-21,Rain,3.94201951945139,0.7377475618113674,1.5757677836467008,0.3948456684198493,0.5519893692826064,1.1067419050918648,2.142306644217574,0.4819397556754016,-0.41659966810105614,1.1166375054653193
2025-05-22,Rain,3.153411288177823,0.22094617392157676,0.5903302078218506,0.9530370711949296,0.8664506754905096,0.3533004292783597,0.09756990730170158,0.31427825711580315,0.48636937274920544,0.7638019061036628
2025-05-23,Rain,1.2615629641364232,2.184423200731455,-0.5223681090350177,-0.053931117518352285,1.186735550997504,0.47782962578890253,2.577741586103841,-0.5314600001033127,0.3073801927307802,0.24918391884562238
2025-05-24,Rain,-0.30208294115631884,2.6993190084817402,0.06794042892782386,-1.379098295226517,-0.11836487687660413,2.875942487389337,1.7083138390104486,-0.40987833261956724,1.5828662830203204,-0.2624416299205126
2025-05-25,Rain,-1.0641695355865093,1.1665067789873758,1.6701151157651868,0.49110053105186197,1.8001351359989404,-0.023913737086347052,0.577295161211323,-0.4847907732842227,0.3106299306171727,0.5483394953742499
2025-05-26,Cloudy,-0.22546378311288512,-0.841308898267992,-0.18624181821190677,0.7685286693958963,1.955816110849991,-0.3065963130901408,0.7742746288851834,-0.47258893641827604,0.8918747778216373,-0.6259974618741974
2025-05-27,Rain,-0.6449512337014398,2.81675162120786,-0.782036089198494,-1.409147469407524,-2.5081771120082568,0.06270543657632205,-0.9739445171229616,0.6326247388768501,2.645904014295485,-1.5251076227351377
2025-05-28,Rain,1.664272764958857,0.4246886465295045,0.06477795462237931,1.1865976783132621,-1.5750891137401348,-0.6394463078410578,0.3521402753193714,-0.3443001438734749,-0.0043267820342222435,0.6620685895163898
2025-05-29,Rain,1.2658087472001192,1.9379187120591579,1.2718186116149706,0.7728243869027192,-0.9804706023669351,-1.0884576143854514,-0.0001651812577231718,-1.0056374161217332,-0.4232076730723034,0.49911093007452895
2025-05-30,Rain,0.862115100126693,1.570472486418982,-0.514712951894483,0.2918592039967556,-0.7353934635578502,-1.480856564605913,0.5362559126578544,-1.4807472074811006,0.7223617249842731,0.5295355734728505
2025-05-31,Cloudy,3.568862400857492,0.008986507175238084,1.059894632181361,1.0164809843302824,-1.1657583211187033,-0.5584174152517448,0.17508915273190742,-0.8245207858723653,-0.07223449937952345,0.4269815901888677
2025-06-01,Clear,5.609092800872263,-2.280500253670487,1.9147502663174452,0.1194333196215968,-1.6587166437461345,0.4086764581190303,0.16677675502854672,0.19369047587987068,-0.1150722838319253,0.6628396642776695
2025-06-02,Rain,6.17991897252606,-2.1103183660709015,0.6598610336650891,-0.35807310012614196,-1.4957752745080837,0.04633623903286064,-0.07126525658747894,0.7735120512924363,1.111789425306677,0.04443463337771489
2025-06-03,Rain,2.9404390472906408,0.4913739396862804,0.353214610916693,0.04483684166097473,-0.3764412735436603,-0.9570363768277625,0.9281800778770468,-0.6754858025777625,0.11100594930242262,-0.6087093744226441
2025-06-04,Rain,2.2458197788961938,0.557497894297643,-0.901838279905165,0.5536823088745052,-0.19994588669385663,-1.3311447971616808,1.0399680889391691,-0.752419745001603,0.42458625101289577,-0.33220867352948263
2025-06-05,Rain,3.249717508532248,0.5514167034792957,0.25518420090512783,0.11683343292012502,-0.7648297882887922,-0.6280142875089663,-0.10925487752406411,0.9910468454882835,0.7958538408109924,1.0148130709853824
2025-06-06,Rain,4.313506561764017,0.14920179965400568,0.36555342661249823,0.540031481828374,-0.49647773299338865,-0.6871446232469272,-0.08404626614209687,0.38350469946471966,0.32182216788202417,0.30916649185105183
2025-06-07,Rain,3.961611149028719,0.4631327128024841,-0.23412519489950132,0.5170432468722602,-0.2956674881153603,-0.5144138375341051,1.3034856584780512,-0.47542604298687213,0.3127278428653569,0.4231989804197558
2025-06-08,Rain,2.989667678011073,0.5884378038773374,-0.8006054773525095,0.9803384257795072,-0.08144166853688302,-0.8058942812710203,0.3618689000000421,-0.6296418528364346,0.3686013284575501,0.5338401092771764
2025-06-09,Rain,2.2652728337736527,0.2979436330584732,-1.2829341598992774,-0.16955509630043689,-0.7252216671817925,0.43991135114135704,-0.12157936160025785,-0.9117050989359659,1.0068949961314162,-0.4364342293958488
2025-06-10,Rain,1.936905630956021,3.3367925327579298,1.2599111237656153,-2.4458172144580765,-1.0461182103197828,0.7469501816244681,-0.3547745803844909,2.3429507254413817,2.3562864608064875,0.8833901204061517
2025-06-11,Rain,3.50119810041559,-1.0114409787440461,0.4631546969710288,0.1129023960531685,-1.2122877829543899,1.454228161606983,0.019479926882892806,1.1965264609294797,0.4966354686359606,0.3395598115663701
2025-06-12,Rain,3.003020786170505,0.37127254850035296,-0.05525237356858593,-0.3144099039223051,-1.0704504576268434,1.8740457162593842,-0.06280212035676526,-0.5793523457697681,0.7007238198085928,-0.38141016569542396
2025-06-13,Rain,3.6468019654782577,-0.1598978633283265,0.7907483205730339,-0.5403851528906201,-0.9334740748890696,1.890119659269554,-0.5782822465553848,-0.42459162984265925,0.6118869528398706,-0.030825266210449138
2025-06-14,Cloudy,4.745062795793858,-1.8038822260449017,-0.07725939200400835,0.9995299377819786,0.7161923731016234,-0.6924061540110836,0.6258806009726119,0.25904978790597716,-0.3037558724950946,-0.4921668748680522
2025-06-15,Rain,4.16212533661228,-0.9745097987011381,0.2676422844349474,1.0541243059007837,0.6614880543694621,-0.4653533549388562,1.008916184183461,0.665144917580699,-0.27571053220818154,1.6140185950397414
2025-06-16,Rain,1.482138474854312,1.6375930253049857,-0.7995957961620774,0.5861970424080466,1.1594215567548039,-0.9510077810286848,0.7347676456828516,-0.6492707314138273,0.514757951734727,-0.43736846902870163
2025-06-17,Rain,2.862826980729364,0.9780699159528919,-0.47863272073256835,0.7933127715542697,0.4737812757667645,0.3461310526210413,-0.11132244557931117,0.04502736462596832,0.08556775408462876,0.3029610340176584
2025-06-18,Rain,3.758836915153924,0.6472614508297357,0.32975996029508237,-0.5796928889623183,0.5901174908596339,-0.05483371145192772,-0.6174474391321805,1.8322471821733575,0.9651899575202444,0.1635264591988897
2025-06-19,Rain,4.594948670333188,0.08388221857295862,0.6068438555559569,0.8040024245471419,0.48791616339840244,0.7706359068083156,-0.4110176143270154,-0.12114370129224157,-0.15599687293298153,-0.8589364014070214
2025-06-20,Rain,3.9298786816046145,1.0018879853026255,0.03588983525051815,0.16044835501771104,1.008556534348809,0.03849029168897378,-0.4580985293237613,0.3469133032440352,0.8010381863623004,-0.1310092343041655
2025-06-21,Rain,2.1756169164599353,2.0052291103357276,0.11302587449422416,0.2858515791250675,1.1306516992296332,0.47597801598277584,0.9436908195748915,-0.2757438608859462,0.19379250125009068,1.0115126695137087
