datetime,feelslikemin,dew,humidity,precip,precipcover,preciptype,windgust,windspeed,sealevelpressure,cloudcover,visibility,solarenergy,moonphase,conditions,day_of_year_sin,day_of_year_cos,winddir_sin,winddir_cos,feelslikemin_lag_1,feelslikemin_lag_2,feelslikemin_lag_3,dew_lag_1,dew_lag_2,dew_lag_3,humidity_lag_1,humidity_lag_2,humidity_lag_3,precip_lag_1,precip_lag_2,precip_lag_3,precipcover_lag_1,precipcover_lag_2,precipcover_lag_3,preciptype_lag_1,preciptype_lag_2,preciptype_lag_3,windgust_lag_1,windgust_lag_2,windgust_lag_3,windspeed_lag_1,windspeed_lag_2,windspeed_lag_3,sealevelpressure_lag_1,sealevelpressure_lag_2,sealevelpressure_lag_3,cloudcover_lag_1,cloudcover_lag_2,cloudcover_lag_3,visibility_lag_1,visibility_lag_2,visibility_lag_3,solarenergy_lag_1,solarenergy_lag_2,solarenergy_lag_3,moonphase_lag_1,moonphase_lag_2,moonphase_lag_3,conditions_lag_1,conditions_lag_2,conditions_lag_3,winddir_sin_lag_1,winddir_sin_lag_2,winddir_sin_lag_3,winddir_cos_lag_1,winddir_cos_lag_2,winddir_cos_lag_3
2020-01-04,20.0,19.2,87.3,6.948,8.33,rain,30.2,21.4,1018.5,67.2,6.7,7.0,0.29,Rain,0.06875540848113941,0.9976335468520451,0.9751493543055633,-0.22154849761946732,20.3,19.7,19.9,18.5,18.4,17.4,78.0,82.5,79.9,0.8,0.198,0.198,33.33,8.33,4.17,rain,rain,rain,29.9,21.6,14.8,19.4,15.7,10.3,1020.2,1022.2,1023.8,73.2,70.7,83.9,8.9,5.3,5.7,8.1,6.1,4.6,0.25,0.22,0.19,Rain,Rain,Rain,0.7637960286346424,0.99888987496197,0.6934018282758133,-0.6454576877239504,-0.047106450709642776,-0.7205511116803301
2020-01-05,19.0,19.2,88.1,2.969,8.33,rain,34.9,16.6,1017.4,69.9,6.0,9.7,0.32,Rain,0.08590610426133272,0.9963032375991965,0.782608156852414,-0.6225146366376194,20.0,20.3,19.7,19.2,18.5,18.4,87.3,78.0,82.5,6.948,0.8,0.198,8.33,33.33,8.33,rain,rain,rain,30.2,29.9,21.6,21.4,19.4,15.7,1018.5,1020.2,1022.2,67.2,73.2,70.7,6.7,8.9,5.3,7.0,8.1,6.1,0.29,0.25,0.22,Rain,Rain,Rain,0.9751493543055633,0.7637960286346424,0.99888987496197,-0.22154849761946732,-0.6454576877239504,-0.047106450709642776
2020-01-06,20.0,19.0,81.2,0.7,16.67,rain,40.3,23.2,1016.0,58.1,7.5,10.6,0.35,Rain,0.10303137904317879,0.9946781061893646,0.8141155183563192,-0.5807029557109398,19.0,20.0,20.3,19.2,19.2,18.5,88.1,87.3,78.0,2.969,6.948,0.8,8.33,8.33,33.33,rain,rain,rain,34.9,30.2,29.9,16.6,21.4,19.4,1017.4,1018.5,1020.2,69.9,67.2,73.2,6.0,6.7,8.9,9.7,7.0,8.1,0.32,0.29,0.25,Rain,Rain,Rain,0.782608156852414,0.9751493543055633,0.7637960286346424,-0.6225146366376194,-0.22154849761946732,-0.6454576877239504
2020-01-07,20.0,19.9,87.4,2.869,8.33,rain,18.4,13.0,1016.2,70.3,5.6,6.2,0.38,Rain,0.1201261651823505,0.9927586335250793,0.9931706495384861,-0.11667073709933316,20.0,19.0,20.0,19.0,19.2,19.2,81.2,88.1,87.3,0.7,2.969,6.948,16.67,8.33,8.33,rain,rain,rain,40.3,34.9,30.2,23.2,16.6,21.4,1016.0,1017.4,1018.5,58.1,69.9,67.2,7.5,6.0,6.7,10.6,9.7,7.0,0.35,0.32,0.29,Rain,Rain,Rain,0.8141155183563192,0.782608156852414,0.9751493543055633,-0.5807029557109398,-0.6225146366376194,-0.22154849761946732
2020-01-08,21.0,18.9,77.0,1.2,29.17,rain,32.4,25.0,1016.4,44.0,8.0,9.7,0.42,Rain,0.13718540405660057,0.9905453876091833,0.7965299180241964,-0.6045991148623748,20.0,20.0,19.0,19.9,19.0,19.2,87.4,81.2,88.1,2.869,0.7,2.969,8.33,16.67,8.33,rain,rain,rain,18.4,40.3,34.9,13.0,23.2,16.6,1016.2,1016.0,1017.4,70.3,58.1,69.9,5.6,7.5,6.0,6.2,10.6,9.7,0.38,0.35,0.32,Rain,Rain,Rain,0.9931706495384861,0.8141155183563192,0.782608156852414,-0.11667073709933316,-0.5807029557109398,-0.6225146366376194
2020-01-09,21.0,19.0,76.3,0.001,4.17,rain,32.4,16.6,1014.7,68.1,8.3,11.8,0.45,Rain,0.1542040475626894,0.988039023376751,0.8729220772698095,-0.48785965913873286,21.0,20.0,20.0,18.9,19.9,19.0,77.0,87.4,81.2,1.2,2.869,0.7,29.17,8.33,16.67,rain,rain,rain,32.4,18.4,40.3,25.0,13.0,23.2,1016.4,1016.2,1016.0,44.0,70.3,58.1,8.0,5.6,7.5,9.7,6.2,10.6,0.42,0.38,0.35,Rain,Rain,Rain,0.7965299180241964,0.9931706495384861,0.8141155183563192,-0.6045991148623748,-0.11667073709933316,-0.5807029557109398
2020-01-10,21.0,18.8,74.5,0.0,0.0,noprecip,33.8,19.4,1013.1,52.5,8.5,10.7,0.48,Cloudy,0.17117705961019986,0.985240282501282,0.6870875108044233,-0.7265746709709756,21.0,21.0,20.0,19.0,18.9,19.9,76.3,77.0,87.4,0.001,1.2,2.869,4.17,29.17,8.33,rain,rain,rain,32.4,32.4,18.4,16.6,25.0,13.0,1014.7,1016.4,1016.2,68.1,44.0,70.3,8.3,8.0,5.6,11.8,9.7,6.2,0.45,0.42,0.38,Rain,Rain,Rain,0.8729220772698095,0.7965299180241964,0.9931706495384861,-0.48785965913873286,-0.6045991148623748,-0.11667073709933316
2020-01-11,16.5,17.6,79.7,1.6,37.5,rain,50.4,26.8,1014.1,73.0,7.8,10.2,0.5,Rain,0.18809941761179758,0.9821499931752291,0.9802711746217219,0.19765734037912627,21.0,21.0,21.0,18.8,19.0,18.9,74.5,76.3,77.0,0.0,0.001,1.2,0.0,4.17,29.17,noprecip,rain,rain,33.8,32.4,32.4,19.4,16.6,25.0,1013.1,1014.7,1016.4,52.5,68.1,44.0,8.5,8.3,8.0,10.7,11.8,9.7,0.48,0.45,0.42,Cloudy,Rain,Rain,0.6870875108044233,0.8729220772698095,0.7965299180241964,-0.7265746709709756,-0.48785965913873286,-0.6045991148623748
2020-01-12,14.0,10.6,68.8,0.933,4.17,rain,21.2,19.4,1017.7,88.9,10.0,4.1,0.55,Rain,0.20496611396949532,0.9787690698649216,0.3907311284892737,0.9205048534524404,16.5,21.0,21.0,17.6,18.8,19.0,79.7,74.5,76.3,1.6,0.0,0.001,37.5,0.0,4.17,rain,noprecip,rain,50.4,33.8,32.4,26.8,19.4,16.6,1014.1,1013.1,1014.7,73.0,52.5,68.1,7.8,8.5,8.3,10.2,10.7,11.8,0.5,0.48,0.45,Rain,Cloudy,Rain,0.9802711746217219,0.6870875108044233,0.8729220772698095,0.19765734037912627,-0.7265746709709756,-0.48785965913873286
2020-01-13,15.0,14.3,86.7,0.297,4.17,rain,17.6,10.3,1015.7,81.5,5.0,4.5,0.59,Rain,0.22177215755648186,0.975098513039961,0.5417082102827397,0.8405666034956844,14.0,16.5,21.0,10.6,17.6,18.8,68.8,79.7,74.5,0.933,1.6,0.0,4.17,37.5,0.0,rain,rain,noprecip,21.2,50.4,33.8,19.4,26.8,19.4,1017.7,1014.1,1013.1,88.9,73.0,52.5,10.0,7.8,8.5,4.1,10.2,10.7,0.55,0.5,0.48,Rain,Rain,Cloudy,0.3907311284892737,0.9802711746217219,0.6870875108044233,0.9205048534524404,0.19765734037912627,-0.7265746709709756
2020-01-14,17.0,17.2,87.9,0.297,4.17,rain,25.9,11.1,1014.7,75.0,3.3,6.0,0.62,Rain,0.23851257519407648,0.9711394088771653,-0.5000000000000004,0.8660254037844384,15.0,14.0,16.5,14.3,10.6,17.6,86.7,68.8,79.7,0.297,0.933,1.6,4.17,4.17,37.5,rain,rain,rain,17.6,21.2,50.4,10.3,19.4,26.8,1015.7,1017.7,1014.1,81.5,88.9,73.0,5.0,10.0,7.8,4.5,4.1,10.2,0.59,0.55,0.5,Rain,Rain,Rain,0.5417082102827397,0.3907311284892737,0.9802711746217219,0.8405666034956844,0.9205048534524404,0.19765734037912627
2020-01-15,20.0,19.0,80.2,0.4,16.67,rain,49.0,25.9,1012.9,62.3,8.4,8.6,0.66,Rain,0.2551824131233728,0.9668929289391521,0.7301622766207525,-0.683273773680799,17.0,15.0,14.0,17.2,14.3,10.6,87.9,86.7,68.8,0.297,0.297,0.933,4.17,4.17,4.17,rain,rain,rain,25.9,17.6,21.2,11.1,10.3,19.4,1014.7,1015.7,1017.7,75.0,81.5,88.9,3.3,5.0,10.0,6.0,4.5,4.1,0.62,0.59,0.55,Rain,Rain,Rain,-0.5000000000000004,0.5417082102827397,0.3907311284892737,0.8660254037844384,0.8405666034956844,0.9205048534524404
2020-01-16,18.1,18.9,78.8,3.4,33.33,rain,38.9,22.3,1014.9,70.5,9.1,8.9,0.69,Rain,0.2717767384711357,0.9623603298276545,0.9727758782093965,-0.23174790349415758,20.0,17.0,15.0,19.0,17.2,14.3,80.2,87.9,86.7,0.4,0.297,0.297,16.67,4.17,4.17,rain,rain,rain,49.0,25.9,17.6,25.9,11.1,10.3,1012.9,1014.7,1015.7,62.3,75.0,81.5,8.4,3.3,5.0,8.6,6.0,4.5,0.66,0.62,0.59,Rain,Rain,Rain,0.7301622766207525,-0.5000000000000004,0.5417082102827397,-0.683273773680799,0.8660254037844384,0.8405666034956844
2020-01-17,14.0,12.3,77.7,0.002,4.17,rain,19.8,22.3,1019.1,86.6,8.9,3.0,0.75,Rain,0.2882906407095177,0.9575429528116719,0.6293203910498374,0.7771459614569709,18.1,20.0,17.0,18.9,19.0,17.2,78.8,80.2,87.9,3.4,0.4,0.297,33.33,16.67,4.17,rain,rain,rain,38.9,49.0,25.9,22.3,25.9,11.1,1014.9,1012.9,1014.7,70.5,62.3,75.0,9.1,8.4,3.3,8.9,8.6,6.0,0.69,0.66,0.62,Rain,Rain,Rain,0.9727758782093965,0.7301622766207525,-0.5000000000000004,-0.23174790349415758,-0.683273773680799,0.8660254037844384
2020-01-18,14.0,13.5,91.0,0.397,4.17,rain,16.2,13.0,1017.9,78.1,4.6,3.4,0.76,Rain,0.3047192331091634,0.9524422234305676,0.6794413042615165,0.7337298645028765,14.0,18.1,20.0,12.3,18.9,19.0,77.7,78.8,80.2,0.002,3.4,0.4,4.17,33.33,16.67,rain,rain,rain,19.8,38.9,49.0,22.3,22.3,25.9,1019.1,1014.9,1012.9,86.6,70.5,62.3,8.9,9.1,8.4,3.0,8.9,8.6,0.75,0.69,0.66,Rain,Rain,Rain,0.6293203910498374,0.9727758782093965,0.7301622766207525,0.7771459614569709,-0.23174790349415758,-0.683273773680799
2020-01-19,13.5,11.3,79.7,0.303,8.33,rain,22.0,17.5,1020.4,81.6,9.2,3.1,0.8,Rain,0.321057654185271,0.9470596510722283,0.374606593415912,0.9271838545667874,14.0,14.0,18.1,13.5,12.3,18.9,91.0,77.7,78.8,0.397,0.002,3.4,4.17,4.17,33.33,rain,rain,rain,16.2,19.8,38.9,13.0,22.3,22.3,1017.9,1019.1,1014.9,78.1,86.6,70.5,4.6,8.9,9.1,3.4,3.0,8.9,0.76,0.75,0.69,Rain,Rain,Rain,0.6794413042615165,0.6293203910498374,0.9727758782093965,0.7337298645028765,0.7771459614569709,-0.23174790349415758
2020-01-20,13.0,12.6,89.5,0.3,12.5,rain,13.7,10.3,1020.3,75.1,5.7,3.9,0.83,Rain,0.3373010691361842,0.9413968285264122,0.5635260489375714,0.8260982944957639,13.5,14.0,14.0,11.3,13.5,12.3,79.7,91.0,77.7,0.303,0.397,0.002,8.33,4.17,4.17,rain,rain,rain,22.0,16.2,19.8,17.5,13.0,22.3,1020.4,1017.9,1019.1,81.6,78.1,86.6,9.2,4.6,8.9,3.1,3.4,3.0,0.8,0.76,0.75,Rain,Rain,Rain,0.374606593415912,0.6794413042615165,0.6293203910498374,0.9271838545667874,0.7337298645028765,0.7771459614569709
2020-01-21,15.0,16.0,88.5,0.099,4.17,rain,27.0,13.9,1018.9,76.5,3.1,6.4,0.87,Rain,0.3534446712740877,0.9354554315134164,0.9935718556765875,-0.11320321376790671,13.0,13.5,14.0,12.6,11.3,13.5,89.5,79.7,91.0,0.3,0.303,0.397,12.5,8.33,4.17,rain,rain,rain,13.7,22.0,16.2,10.3,17.5,13.0,1020.3,1020.4,1017.9,75.1,81.6,78.1,5.7,9.2,4.6,3.9,3.1,3.4,0.83,0.8,0.76,Rain,Rain,Rain,0.5635260489375714,0.374606593415912,0.6794413042615165,0.8260982944957639,0.9271838545667874,0.7337298645028765
2020-01-22,17.7,18.3,86.5,0.099,4.17,rain,32.0,13.9,1016.1,82.0,4.7,8.0,0.9,Rain,0.3694836834473831,0.9292372181882051,-0.18395135061271964,-0.9829353491495544,15.0,13.0,13.5,16.0,12.6,11.3,88.5,89.5,79.7,0.099,0.3,0.303,4.17,12.5,8.33,rain,rain,rain,27.0,13.7,22.0,13.9,10.3,17.5,1018.9,1020.3,1020.4,76.5,75.1,81.6,3.1,5.7,9.2,6.4,3.9,3.1,0.87,0.83,0.8,Rain,Rain,Rain,0.9935718556765875,0.5635260489375714,0.374606593415912,-0.11320321376790671,0.8260982944957639,0.9271838545667874
2020-01-23,21.0,20.0,81.7,0.5,20.83,rain,34.2,22.3,1014.0,75.5,7.9,7.9,0.94,Rain,0.38541335945432564,0.9227440286201427,0.8038568606172174,-0.5948227867513411,17.7,15.0,13.0,18.3,16.0,12.6,86.5,88.5,89.5,0.099,0.099,0.3,4.17,4.17,12.5,rain,rain,rain,32.0,27.0,13.7,13.9,13.9,10.3,1016.1,1018.9,1020.3,82.0,76.5,75.1,4.7,3.1,5.7,8.0,6.4,3.9,0.9,0.87,0.83,Rain,Rain,Rain,-0.18395135061271964,0.9935718556765875,0.5635260489375714,-0.9829353491495544,-0.11320321376790671,0.8260982944957639
2020-01-24,21.0,20.6,92.3,6.929,8.33,rain,38.5,20.4,1013.8,75.1,6.0,4.2,0.98,Rain,0.4012289854475009,0.9159777842484877,0.9640954042341101,-0.2655561174868089,21.0,17.7,15.0,20.0,18.3,16.0,81.7,86.5,88.5,0.5,0.099,0.099,20.83,4.17,4.17,rain,rain,rain,34.2,32.0,27.0,22.3,13.9,13.9,1014.0,1016.1,1018.9,75.5,82.0,76.5,7.9,4.7,3.1,7.9,8.0,6.4,0.94,0.9,0.87,Rain,Rain,Rain,0.8038568606172174,-0.18395135061271964,0.9935718556765875,-0.5948227867513411,-0.9829353491495544,-0.11320321376790671
2020-01-25,13.5,15.3,85.9,58.643,16.67,rain,41.0,26.8,1014.1,72.2,8.6,3.1,0.0,Rain,0.4169258813287287,0.908940487313808,0.6101451639012676,0.7922896433551907,21.0,21.0,17.7,20.6,20.0,18.3,92.3,81.7,86.5,6.929,0.5,0.099,8.33,20.83,4.17,rain,rain,rain,38.5,34.2,32.0,20.4,22.3,13.9,1013.8,1014.0,1016.1,75.1,75.5,82.0,6.0,7.9,4.7,4.2,7.9,8.0,0.98,0.94,0.9,Rain,Rain,Rain,0.9640954042341101,0.8038568606172174,-0.18395135061271964,-0.2655561174868089,-0.5948227867513411,-0.9829353491495544
2020-01-26,13.0,8.7,63.2,8.053,4.17,rain,30.2,23.2,1018.1,69.3,10.0,14.2,0.04,Rain,0.4324994021339788,0.901634220265486,0.31399245596740494,0.9494254776419039,13.5,21.0,21.0,15.3,20.6,20.0,85.9,92.3,81.7,58.643,6.929,0.5,16.67,8.33,20.83,rain,rain,rain,41.0,38.5,34.2,26.8,20.4,22.3,1014.1,1013.8,1014.0,72.2,75.1,75.5,8.6,6.0,7.9,3.1,4.2,7.9,0.0,0.98,0.94,Rain,Rain,Rain,0.6101451639012676,0.9640954042341101,0.8038568606172174,0.7922896433551907,-0.2655561174868089,-0.5948227867513411
2020-01-27,13.0,7.1,60.2,0.0,0.0,noprecip,26.6,16.5,1016.9,68.5,10.0,12.1,0.07,Cloudy,0.44794493940789115,0.8940611451454876,0.5358267949789965,0.8443279255020152,13.0,13.5,21.0,8.7,15.3,20.6,63.2,85.9,92.3,8.053,58.643,6.929,4.17,16.67,8.33,rain,rain,rain,30.2,41.0,38.5,23.2,26.8,20.4,1018.1,1014.1,1013.8,69.3,72.2,75.1,10.0,8.6,6.0,14.2,3.1,4.2,0.04,0.0,0.98,Rain,Rain,Rain,0.31399245596740494,0.6101451639012676,0.9640954042341101,0.9494254776419039,0.7922896433551907,-0.2655561174868089
2020-01-28,14.0,7.4,61.4,0.01,4.17,rain,24.5,17.0,1018.8,94.2,10.0,10.4,0.11,Rain,0.4632579225674917,0.88622350294858,0.4019477766559601,0.9156625933395611,13.0,13.0,13.5,7.1,8.7,15.3,60.2,63.2,85.9,0.0,8.053,58.643,0.0,4.17,16.67,noprecip,rain,rain,26.6,30.2,41.0,16.5,23.2,26.8,1016.9,1018.1,1014.1,68.5,69.3,72.2,10.0,10.0,8.6,12.1,14.2,3.1,0.07,0.04,0.0,Cloudy,Rain,Rain,0.5358267949789965,0.31399245596740494,0.6101451639012676,0.8443279255020152,0.9494254776419039,0.7922896433551907
2020-01-29,14.0,7.5,62.3,0.3,8.33,rain,25.2,14.8,1022.3,83.1,9.7,8.6,0.14,Rain,0.4784338202547012,0.8781236129591848,-0.01919744239969049,0.9998157121216442,14.0,13.0,13.0,7.4,7.1,8.7,61.4,60.2,63.2,0.01,0.0,8.053,4.17,0.0,4.17,rain,noprecip,rain,24.5,26.6,30.2,17.0,16.5,23.2,1018.8,1016.9,1018.1,94.2,68.5,69.3,10.0,10.0,10.0,10.4,12.1,14.2,0.11,0.07,0.04,Rain,Cloudy,Rain,0.4019477766559601,0.5358267949789965,0.31399245596740494,0.9156625933395611,0.8443279255020152,0.9494254776419039
2020-01-30,10.5,7.3,63.2,0.0,0.0,noprecip,22.7,12.1,1021.9,16.5,9.1,16.7,0.17,Clear,0.49346814167723735,0.8697638720650646,0.294040325232304,0.9557930147983301,14.0,14.0,13.0,7.5,7.4,7.1,62.3,61.4,60.2,0.3,0.01,0.0,8.33,4.17,0.0,rain,rain,noprecip,25.2,24.5,26.6,14.8,17.0,16.5,1022.3,1018.8,1016.9,83.1,94.2,68.5,9.7,10.0,10.0,8.6,10.4,12.1,0.14,0.11,0.07,Rain,Rain,Cloudy,-0.01919744239969049,0.4019477766559601,0.5358267949789965,0.9998157121216442,0.9156625933395611,0.8443279255020152
2020-01-31,11.5,9.8,66.2,0.0,0.0,noprecip,23.8,13.0,1020.2,35.2,8.7,12.5,0.2,Cloudy,0.5083564379375122,0.8611467540480452,0.9025852843498605,-0.43051109680829536,10.5,14.0,14.0,7.3,7.5,7.4,63.2,62.3,61.4,0.0,0.3,0.01,0.0,8.33,4.17,noprecip,rain,rain,22.7,25.2,24.5,12.1,14.8,17.0,1021.9,1022.3,1018.8,16.5,83.1,94.2,9.1,9.7,10.0,16.7,8.6,10.4,0.17,0.14,0.11,Clear,Rain,Rain,0.294040325232304,-0.01919744239969049,0.4019477766559601,0.9557930147983301,0.9998157121216442,0.9156625933395611
2020-02-01,14.9,13.1,82.7,0.099,4.17,rain,14.4,9.4,1018.9,82.5,6.3,3.6,0.24,Rain,0.5230943033491326,0.8522748088519838,0.3007057995042731,0.9537169507482269,11.5,10.5,14.0,9.8,7.3,7.5,66.2,63.2,62.3,0.0,0.0,0.3,0.0,0.0,8.33,noprecip,noprecip,rain,23.8,22.7,25.2,13.0,12.1,14.8,1020.2,1021.9,1022.3,35.2,16.5,83.1,8.7,9.1,9.7,12.5,16.7,8.6,0.2,0.17,0.14,Cloudy,Clear,Rain,0.9025852843498605,0.294040325232304,-0.01919744239969049,-0.43051109680829536,0.9557930147983301,0.9998157121216442
2020-02-02,16.0,15.6,87.9,0.1,4.17,rain,20.9,7.6,1018.4,84.1,3.3,6.8,0.25,Rain,0.5376773767406141,0.8431506618282,0.37622426313936563,0.9265286308718373,14.9,11.5,10.5,13.1,9.8,7.3,82.7,66.2,63.2,0.099,0.0,0.0,4.17,0.0,0.0,rain,noprecip,noprecip,14.4,23.8,22.7,9.4,13.0,12.1,1018.9,1020.2,1021.9,82.5,35.2,16.5,6.3,8.7,9.1,3.6,12.5,16.7,0.24,0.2,0.17,Rain,Cloudy,Clear,0.3007057995042731,0.9025852843498605,0.294040325232304,0.9537169507482269,-0.43051109680829536,0.9557930147983301
2020-02-03,15.0,16.4,92.9,0.793,8.33,rain,40.3,24.1,1017.2,78.9,4.9,4.1,0.3,Rain,0.5521013427459208,0.8337770129585915,0.4083304603813849,0.9128341772330428,16.0,14.9,11.5,15.6,13.1,9.8,87.9,82.7,66.2,0.1,0.099,0.0,4.17,4.17,0.0,rain,rain,noprecip,20.9,14.4,23.8,7.6,9.4,13.0,1018.4,1018.9,1020.2,84.1,82.5,35.2,3.3,6.3,8.7,6.8,3.6,12.5,0.25,0.24,0.2,Rain,Rain,Cloudy,0.37622426313936563,0.3007057995042731,0.9025852843498605,0.9265286308718373,0.9537169507482269,-0.43051109680829536
2020-02-04,13.5,12.6,90.9,4.252,12.5,rain,21.6,17.5,1019.2,70.5,8.7,2.2,0.33,Rain,0.5663619330814524,0.8241566360566663,0.3222656952305111,0.9466492601156964,15.0,16.0,14.9,16.4,15.6,13.1,92.9,87.9,82.7,0.793,0.1,0.099,8.33,4.17,4.17,rain,rain,rain,40.3,20.9,14.4,24.1,7.6,9.4,1017.2,1018.4,1018.9,78.9,84.1,82.5,4.9,3.3,6.3,4.1,6.8,3.6,0.3,0.25,0.24,Rain,Rain,Rain,0.4083304603813849,0.37622426313936563,0.3007057995042731,0.9128341772330428,0.9265286308718373,0.9537169507482269
2020-02-05,14.0,13.2,93.1,1.592,8.33,rain,15.5,11.2,1018.2,77.7,7.4,2.9,0.37,Rain,0.580454927809098,0.8142923779467267,0.6142852000989432,0.7890840848346907,13.5,15.0,16.0,12.6,16.4,15.6,90.9,92.9,87.9,4.252,0.793,0.1,12.5,8.33,4.17,rain,rain,rain,21.6,40.3,20.9,17.5,24.1,7.6,1019.2,1017.2,1018.4,70.5,78.9,84.1,8.7,4.9,3.3,2.2,4.1,6.8,0.33,0.3,0.25,Rain,Rain,Rain,0.3222656952305111,0.4083304603813849,0.37622426313936563,0.9466492601156964,0.9128341772330428,0.9265286308718373
2020-02-06,15.0,15.4,90.9,0.099,4.17,rain,19.4,10.0,1016.2,80.3,4.8,7.1,0.4,Rain,0.5943761565849831,0.804187157621448,-0.7144726796328037,0.6996633405133651,14.0,13.5,15.0,13.2,12.6,16.4,93.1,90.9,92.9,1.592,4.252,0.793,8.33,12.5,8.33,rain,rain,rain,15.5,21.6,40.3,11.2,17.5,24.1,1018.2,1019.2,1017.2,77.7,70.5,78.9,7.4,8.7,4.9,2.9,2.2,4.1,0.37,0.33,0.3,Rain,Rain,Rain,0.6142852000989432,0.3222656952305111,0.4083304603813849,0.7890840848346907,0.9466492601156964,0.9128341772330428
2020-02-07,17.0,17.4,92.4,0.696,8.33,rain,26.6,14.5,1018.5,83.2,4.6,1.8,0.43,Rain,0.6081214998935418,0.7938439653781019,-0.54170821028274,0.8405666034956842,15.0,14.0,13.5,15.4,13.2,12.6,90.9,93.1,90.9,0.099,1.592,4.252,4.17,8.33,12.5,rain,rain,rain,19.4,15.5,21.6,10.0,11.2,17.5,1016.2,1018.2,1019.2,80.3,77.7,70.5,4.8,7.4,8.7,7.1,2.9,2.2,0.4,0.37,0.33,Rain,Rain,Rain,-0.7144726796328037,0.6142852000989432,0.3222656952305111,0.6996633405133651,0.7890840848346907,0.9466492601156964
2020-02-08,16.5,15.6,88.3,2.969,12.5,rain,25.9,20.4,1021.8,82.9,7.8,2.6,0.46,Rain,0.6216868902665479,0.7832658619336791,0.7046342099635946,0.7095707365365209,17.0,15.0,14.0,17.4,15.4,13.2,92.4,90.9,93.1,0.696,0.099,1.592,8.33,4.17,8.33,rain,rain,rain,26.6,19.4,15.5,14.5,10.0,11.2,1018.5,1016.2,1018.2,83.2,80.3,77.7,4.6,4.8,7.4,1.8,7.1,2.9,0.43,0.4,0.37,Rain,Rain,Rain,-0.54170821028274,-0.7144726796328037,0.6142852000989432,0.8405666034956842,0.6996633405133651,0.7890840848346907
2020-02-09,14.0,12.0,82.0,1.152,8.33,rain,25.9,18.4,1025.5,80.3,9.1,3.9,0.5,Rain,0.6350683134867438,0.7724559775191742,0.4817536741017153,0.8763066800438636,16.5,17.0,15.0,15.6,17.4,15.4,88.3,92.4,90.9,2.969,0.696,0.099,12.5,8.33,4.17,rain,rain,rain,25.9,26.6,19.4,20.4,14.5,10.0,1021.8,1018.5,1016.2,82.9,83.2,80.3,7.8,4.6,4.8,2.6,1.8,7.1,0.46,0.43,0.4,Rain,Rain,Rain,0.7046342099635946,-0.54170821028274,-0.7144726796328037,0.7095707365365209,0.8405666034956842,0.6996633405133651
2020-02-10,14.0,12.4,78.0,0.099,4.17,rain,16.9,12.1,1021.7,77.6,8.3,9.3,0.53,Rain,0.6482618097757122,0.7614175109532997,0.9121201161722731,0.40992303384157275,14.0,16.5,17.0,12.0,15.6,17.4,82.0,88.3,92.4,1.152,2.969,0.696,8.33,12.5,8.33,rain,rain,rain,25.9,25.9,26.6,18.4,20.4,14.5,1025.5,1021.8,1018.5,80.3,82.9,83.2,9.1,7.8,4.6,3.9,2.6,1.8,0.5,0.46,0.43,Rain,Rain,Rain,0.4817536741017153,0.7046342099635946,-0.54170821028274,0.8763066800438636,0.7095707365365209,0.8405666034956842
2020-02-11,16.0,16.3,85.5,0.1,4.17,rain,23.8,14.8,1018.0,80.7,4.7,8.0,0.57,Rain,0.6612634749656386,0.7501537286959042,0.9777832367586062,-0.2096185629038217,14.0,14.0,16.5,12.4,12.0,15.6,78.0,82.0,88.3,0.099,1.152,2.969,4.17,8.33,12.5,rain,rain,rain,16.9,25.9,25.9,12.1,18.4,20.4,1021.7,1025.5,1021.8,77.6,80.3,82.9,8.3,9.1,7.8,9.3,3.9,2.6,0.53,0.5,0.46,Rain,Rain,Rain,0.9121201161722731,0.4817536741017153,0.7046342099635946,0.40992303384157275,0.8763066800438636,0.7095707365365209
2020-02-12,18.0,18.4,88.9,0.397,12.5,rain,19.1,12.9,1015.1,78.3,4.0,5.9,0.6,Rain,0.6740694616546161,0.7386679638813748,0.8171448983351286,-0.5764323161697932,16.0,14.0,14.0,16.3,12.4,12.0,85.5,78.0,82.0,0.1,0.099,1.152,4.17,4.17,8.33,rain,rain,rain,23.8,16.9,25.9,14.8,12.1,18.4,1018.0,1021.7,1025.5,80.7,77.6,80.3,4.7,8.3,9.1,8.0,9.3,3.9,0.57,0.53,0.5,Rain,Rain,Rain,0.9777832367586062,0.9121201161722731,0.4817536741017153,-0.2096185629038217,0.40992303384157275,0.8763066800438636
2020-02-13,20.0,20.3,94.6,3.07,8.33,rain,29.5,14.8,1011.1,92.7,2.9,6.9,0.64,Rain,0.6866759803451553,0.726963615332308,0.953190667792947,-0.3023698907504444,18.0,16.0,14.0,18.4,16.3,12.4,88.9,85.5,78.0,0.397,0.1,0.099,12.5,4.17,4.17,rain,rain,rain,19.1,23.8,16.9,12.9,14.8,12.1,1015.1,1018.0,1021.7,78.3,80.7,77.6,4.0,4.7,8.3,5.9,8.0,9.3,0.6,0.57,0.53,Rain,Rain,Rain,0.8171448983351286,0.9777832367586062,0.9121201161722731,-0.5764323161697932,-0.2096185629038217,0.40992303384157275
2020-02-14,22.0,21.7,90.1,0.7,8.33,rain,24.5,22.3,1007.6,88.1,5.4,14.1,0.67,Rain,0.6990793005655562,0.7150441465537444,0.9735789028731603,-0.22835087011065577,20.0,18.0,16.0,20.3,18.4,16.3,94.6,88.9,85.5,3.07,0.397,0.1,8.33,12.5,4.17,rain,rain,rain,29.5,19.1,23.8,14.8,12.9,14.8,1011.1,1015.1,1018.0,92.7,78.3,80.7,2.9,4.0,4.7,6.9,5.9,8.0,0.64,0.6,0.57,Rain,Rain,Rain,0.953190667792947,0.8171448983351286,0.9777832367586062,-0.3023698907504444,-0.5764323161697932,-0.2096185629038217
2020-02-15,23.0,22.0,84.9,0.002,4.17,rain,53.6,19.4,1009.4,68.6,7.2,11.5,0.71,Rain,0.7112757519738152,0.7029130847082615,0.985996037070505,-0.16676874671610223,22.0,20.0,18.0,21.7,20.3,18.4,90.1,94.6,88.9,0.7,3.07,0.397,8.33,8.33,12.5,rain,rain,rain,24.5,29.5,19.1,22.3,14.8,12.9,1007.6,1011.1,1015.1,88.1,92.7,78.3,5.4,2.9,4.0,14.1,6.9,5.9,0.67,0.64,0.6,Rain,Rain,Rain,0.9735789028731603,0.953190667792947,0.8171448983351286,-0.22835087011065577,-0.3023698907504444,-0.5764323161697932
2020-02-16,17.0,8.0,49.8,0.23,8.33,rain,40.3,28.6,1020.9,63.5,10.0,14.1,0.75,Rain,0.7232617254437388,0.6905740195722294,0.4383711467890774,0.898794046299167,23.0,22.0,20.0,22.0,21.7,20.3,84.9,90.1,94.6,0.002,0.7,3.07,4.17,8.33,8.33,rain,rain,rain,53.6,24.5,29.5,19.4,22.3,14.8,1009.4,1007.6,1011.1,68.6,88.1,92.7,7.2,5.4,2.9,11.5,14.1,6.9,0.71,0.67,0.64,Rain,Rain,Rain,0.985996037070505,0.9735789028731603,0.953190667792947,-0.16676874671610223,-0.22835087011065577,-0.3023698907504444
2020-02-17,16.0,5.8,46.3,0.0,0.0,noprecip,28.8,18.6,1026.1,75.4,10.0,13.0,0.78,Cloudy,0.7350336741329412,0.6780306024735382,0.6266038113644604,0.7793379649314742,17.0,23.0,22.0,8.0,22.0,21.7,49.8,84.9,90.1,0.23,0.002,0.7,8.33,4.17,8.33,rain,rain,rain,40.3,53.6,24.5,28.6,19.4,22.3,1020.9,1009.4,1007.6,63.5,68.6,88.1,10.0,7.2,5.4,14.1,11.5,14.1,0.75,0.71,0.67,Rain,Rain,Rain,0.4383711467890774,0.985996037070505,0.9735789028731603,0.898794046299167,-0.16676874671610223,-0.22835087011065577
2020-02-18,15.0,5.5,46.1,0.0,0.0,noprecip,19.1,16.6,1024.8,59.6,10.1,15.4,0.81,Cloudy,0.746588114532413,0.6652865452111116,0.9960410654107695,0.0888942968664416,16.0,17.0,23.0,5.8,8.0,22.0,46.3,49.8,84.9,0.0,0.23,0.002,0.0,8.33,4.17,noprecip,rain,rain,28.8,40.3,53.6,18.6,28.6,19.4,1026.1,1020.9,1009.4,75.4,63.5,68.6,10.0,10.0,7.2,13.0,14.1,11.5,0.78,0.75,0.71,Cloudy,Rain,Rain,0.6266038113644604,0.4383711467890774,0.985996037070505,0.7793379649314742,0.898794046299167,-0.16676874671610223
2020-02-19,15.0,11.1,64.3,0.0,0.0,noprecip,16.9,10.3,1022.3,72.5,9.2,13.5,0.85,Cloudy,0.7579216274973472,0.6523456189565257,0.8845809752150839,0.46638664033989125,15.0,16.0,17.0,5.5,5.8,8.0,46.1,46.3,49.8,0.0,0.0,0.23,0.0,0.0,8.33,noprecip,noprecip,rain,19.1,28.8,40.3,16.6,18.6,28.6,1024.8,1026.1,1020.9,59.6,75.4,63.5,10.1,10.0,10.0,15.4,13.0,14.1,0.81,0.78,0.75,Cloudy,Cloudy,Rain,0.9960410654107695,0.6266038113644604,0.4383711467890774,0.0888942968664416,0.7793379649314742,0.898794046299167
2020-02-20,17.7,16.0,85.3,0.099,4.17,rain,16.2,12.1,1022.1,76.0,3.8,6.0,0.88,Rain,0.7690308592589181,0.6392116531380588,-0.8280603346224944,0.5606389945632418,15.0,15.0,16.0,11.1,5.5,5.8,64.3,46.1,46.3,0.0,0.0,0.0,0.0,0.0,0.0,noprecip,noprecip,noprecip,16.9,19.1,28.8,10.3,16.6,18.6,1022.3,1024.8,1026.1,72.5,59.6,75.4,9.2,10.1,10.0,13.5,15.4,13.0,0.85,0.81,0.78,Cloudy,Cloudy,Cloudy,0.8845809752150839,0.9960410654107695,0.6266038113644604,0.46638664033989125,0.0888942968664416,0.7793379649314742
2020-02-21,17.0,16.8,86.7,0.099,4.17,rain,30.2,13.9,1025.0,57.4,2.8,7.4,0.91,Rain,0.7799125224167177,0.6258885343075018,-0.9494254776419038,0.31399245596740527,17.7,15.0,15.0,16.0,11.1,5.5,85.3,64.3,46.1,0.099,0.0,0.0,4.17,0.0,0.0,rain,noprecip,noprecip,16.2,16.9,19.1,12.1,10.3,16.6,1022.1,1022.3,1024.8,76.0,72.5,59.6,3.8,9.2,10.1,6.0,13.5,15.4,0.88,0.85,0.81,Rain,Cloudy,Cloudy,-0.8280603346224944,0.8845809752150839,0.9960410654107695,0.5606389945632418,0.46638664033989125,0.0888942968664416
2020-02-22,17.0,17.1,86.0,0.1,4.17,rain,22.0,11.1,1025.5,56.4,3.6,15.4,0.95,Rain,0.7905633969115482,0.612380204990065,-0.9366721892483977,0.3502073812594672,17.0,17.7,15.0,16.8,16.0,11.1,86.7,85.3,64.3,0.099,0.099,0.0,4.17,4.17,0.0,rain,rain,noprecip,30.2,16.2,16.9,13.9,12.1,10.3,1025.0,1022.1,1022.3,57.4,76.0,72.5,2.8,3.8,9.2,7.4,6.0,13.5,0.91,0.88,0.85,Rain,Rain,Cloudy,-0.9494254776419038,-0.8280603346224944,0.8845809752150839,0.31399245596740527,0.5606389945632418,0.46638664033989125
2020-02-23,15.5,16.1,78.5,0.0,0.0,noprecip,28.1,13.0,1022.6,36.2,6.1,17.1,0.0,Cloudy,0.8009803309782905,0.5986906625177214,0.810041640445796,-0.5863723567357894,17.0,17.0,17.7,17.1,16.8,16.0,86.0,86.7,85.3,0.1,0.099,0.099,4.17,4.17,4.17,rain,rain,rain,22.0,30.2,16.2,11.1,13.9,12.1,1025.5,1025.0,1022.1,56.4,57.4,76.0,3.6,2.8,3.8,15.4,7.4,6.0,0.95,0.91,0.88,Rain,Rain,Rain,-0.9366721892483977,-0.9494254776419038,-0.8280603346224944,0.3502073812594672,0.31399245596740527,0.5606389945632418
2020-02-24,17.5,17.1,77.0,0.0,0.0,noprecip,31.7,18.6,1018.3,36.4,7.6,14.0,0.02,Cloudy,0.8111602420785621,0.5848239578463322,0.8498926929868641,-0.5269557954966773,15.5,17.0,17.0,16.1,17.1,16.8,78.5,86.0,86.7,0.0,0.1,0.099,0.0,4.17,4.17,noprecip,rain,rain,28.1,22.0,30.2,13.0,11.1,13.9,1022.6,1025.5,1025.0,36.2,56.4,57.4,6.1,3.6,2.8,17.1,15.4,7.4,0.0,0.95,0.91,Cloudy,Rain,Rain,0.810041640445796,-0.9366721892483977,-0.9494254776419038,-0.5863723567357894,0.3502073812594672,0.31399245596740527
2020-02-25,18.5,18.2,80.7,0.0,0.0,noprecip,29.2,14.8,1016.5,55.9,7.4,11.5,0.05,Cloudy,0.8211001178128892,0.5707841943569036,0.8686315144381912,-0.4954586684324076,17.5,15.5,17.0,17.1,16.1,17.1,77.0,78.5,86.0,0.0,0.0,0.1,0.0,0.0,4.17,noprecip,noprecip,rain,31.7,28.1,22.0,18.6,13.0,11.1,1018.3,1022.6,1025.5,36.4,36.2,56.4,7.6,6.1,3.6,14.0,17.1,15.4,0.02,0.0,0.95,Cloudy,Cloudy,Rain,0.8498926929868641,0.810041640445796,-0.9366721892483977,-0.5269557954966773,-0.5863723567357894,0.3502073812594672
2020-02-26,18.5,18.2,78.6,0.1,4.17,rain,22.0,14.8,1016.9,49.1,7.0,10.9,0.08,Rain,0.8307970168121247,0.5565755266413303,0.9483236552061994,-0.317304656405092,18.5,17.5,15.5,18.2,17.1,16.1,80.7,77.0,78.5,0.0,0.0,0.0,0.0,0.0,0.0,noprecip,noprecip,noprecip,29.2,31.7,28.1,14.8,18.6,13.0,1016.5,1018.3,1022.6,55.9,36.4,36.2,7.4,7.6,6.1,11.5,14.0,17.1,0.05,0.02,0.0,Cloudy,Cloudy,Cloudy,0.8686315144381912,0.8498926929868641,0.810041640445796,-0.4954586684324076,-0.5269557954966773,-0.5863723567357894
2020-02-27,20.0,18.2,71.5,0.6,12.5,rain,25.9,16.6,1016.8,55.9,9.5,11.8,0.12,Rain,0.8402480696078469,0.5422021592729844,0.8211492091337041,-0.5707135676844316,18.5,18.5,17.5,18.2,18.2,17.1,78.6,80.7,77.0,0.1,0.0,0.0,4.17,0.0,0.0,rain,noprecip,noprecip,22.0,29.2,31.7,14.8,14.8,18.6,1016.9,1016.5,1018.3,49.1,55.9,36.4,7.0,7.4,7.6,10.9,11.5,14.0,0.08,0.05,0.02,Rain,Cloudy,Cloudy,0.9483236552061994,0.8686315144381912,0.8498926929868641,-0.317304656405092,-0.4954586684324076,-0.5269557954966773
2020-02-28,21.0,18.8,74.2,0.099,4.17,rain,32.0,17.5,1015.2,53.7,9.5,11.8,0.15,Rain,0.8494504794814806,0.527668345562516,0.7477980904985319,-0.6639262126522416,20.0,18.5,18.5,18.2,18.2,18.2,71.5,78.6,80.7,0.6,0.1,0.0,12.5,4.17,0.0,rain,rain,noprecip,25.9,22.0,29.2,16.6,14.8,14.8,1016.8,1016.9,1016.5,55.9,49.1,55.9,9.5,7.0,7.4,11.8,10.9,11.5,0.12,0.08,0.05,Rain,Rain,Cloudy,0.8211492091337041,0.9483236552061994,0.8686315144381912,-0.5707135676844316,-0.317304656405092,-0.4954586684324076
2020-02-29,21.0,19.4,77.9,1.0,25.0,rain,26.6,16.6,1012.9,57.7,8.7,9.3,0.18,Rain,0.8584015232918917,0.512978386299228,0.7965299180241964,-0.6045991148623748,21.0,20.0,18.5,18.8,18.2,18.2,74.2,71.5,78.6,0.099,0.6,0.1,4.17,12.5,4.17,rain,rain,rain,32.0,25.9,22.0,17.5,16.6,14.8,1015.2,1016.8,1016.9,53.7,55.9,49.1,9.5,9.5,7.0,11.8,11.8,10.9,0.15,0.12,0.08,Rain,Rain,Rain,0.7477980904985319,0.8211492091337041,0.9483236552061994,-0.6639262126522416,-0.5707135676844316,-0.317304656405092
2020-03-01,22.0,20.6,81.9,0.3,12.5,rain,28.1,20.4,1012.6,73.6,8.0,10.5,0.22,Rain,0.8670985522812081,0.4981366284784055,0.8941542368393682,-0.4477590878387696,21.0,21.0,20.0,19.4,18.8,18.2,77.9,74.2,71.5,1.0,0.099,0.6,25.0,4.17,12.5,rain,rain,rain,26.6,32.0,25.9,16.6,17.5,16.6,1012.9,1015.2,1016.8,57.7,53.7,55.9,8.7,9.5,9.5,9.3,11.8,11.8,0.18,0.15,0.12,Rain,Rain,Rain,0.7965299180241964,0.7477980904985319,0.8211492091337041,-0.6045991148623748,-0.6639262126522416,-0.5707135676844316
2020-03-02,21.8,20.5,83.6,0.198,4.17,rain,37.4,20.6,1013.2,81.1,9.3,9.1,0.25,Rain,0.8755389928586302,0.4831474640149687,0.8110638189893269,-0.5849576749872152,22.0,21.0,21.0,20.6,19.4,18.8,81.9,77.9,74.2,0.3,1.0,0.099,12.5,25.0,4.17,rain,rain,rain,28.1,26.6,32.0,20.4,16.6,17.5,1012.6,1012.9,1015.2,73.6,57.7,53.7,8.0,8.7,9.5,10.5,9.3,11.8,0.22,0.18,0.15,Rain,Rain,Rain,0.8941542368393682,0.7965299180241964,0.7477980904985319,-0.4477590878387696,-0.6045991148623748,-0.6639262126522416
2020-03-03,20.5,20.6,89.1,98.181,16.67,rain,34.6,21.3,1013.5,73.2,8.1,5.6,0.25,Rain,0.8837203473619977,0.4680153284438345,0.9205048534524404,-0.3907311284892736,21.8,22.0,21.0,20.5,20.6,19.4,83.6,81.9,77.9,0.198,0.3,1.0,4.17,12.5,25.0,rain,rain,rain,37.4,28.1,26.6,20.6,20.4,16.6,1013.2,1012.6,1012.9,81.1,73.6,57.7,9.3,8.0,8.7,9.1,10.5,9.3,0.25,0.22,0.18,Rain,Rain,Rain,0.8110638189893269,0.8941542368393682,0.7965299180241964,-0.5849576749872152,-0.4477590878387696,-0.6045991148623748
2020-03-04,17.0,16.9,87.2,19.317,16.67,rain,41.8,31.7,1016.7,75.3,9.2,4.2,0.32,Rain,0.8916401947968874,0.45274469960737107,0.6184083953575542,0.7858568931754019,20.5,21.8,22.0,20.6,20.5,20.6,89.1,83.6,81.9,98.181,0.198,0.3,16.67,4.17,12.5,rain,rain,rain,34.6,37.4,28.1,21.3,20.6,20.4,1013.5,1013.2,1012.6,73.2,81.1,73.6,8.1,9.3,8.0,5.6,9.1,10.5,0.25,0.25,0.22,Rain,Rain,Rain,0.9205048534524404,0.8110638189893269,0.8941542368393682,-0.3907311284892736,-0.5849576749872152,-0.4477590878387696
2020-03-05,15.0,13.9,83.9,0.502,8.33,rain,18.4,17.5,1018.6,80.5,9.8,3.2,0.35,Rain,0.8992961915530253,0.4373400963303323,0.600420225325884,0.7996846584870906,17.0,20.5,21.8,16.9,20.6,20.5,87.2,89.1,83.6,19.317,98.181,0.198,16.67,16.67,4.17,rain,rain,rain,41.8,34.6,37.4,31.7,21.3,20.6,1016.7,1013.5,1013.2,75.3,73.2,81.1,9.2,8.1,9.3,4.2,5.6,9.1,0.32,0.25,0.25,Rain,Rain,Rain,0.6184083953575542,0.9205048534524404,0.8110638189893269,0.7858568931754019,-0.3907311284892736,-0.5849576749872152
2020-03-06,16.0,16.4,82.7,0.101,4.17,rain,23.8,15.7,1014.5,82.2,6.7,12.2,0.38,Rain,0.9066860720977985,0.4218060770826634,0.9952273999818312,-0.09758289975914933,15.0,17.0,20.5,13.9,16.9,20.6,83.9,87.2,89.1,0.502,19.317,98.181,8.33,16.67,16.67,rain,rain,rain,18.4,41.8,34.6,17.5,31.7,21.3,1018.6,1016.7,1013.5,80.5,75.3,73.2,9.8,9.2,8.1,3.2,4.2,5.6,0.35,0.32,0.25,Rain,Rain,Rain,0.600420225325884,0.6184083953575542,0.9205048534524404,0.7996846584870906,0.7858568931754019,-0.3907311284892736
2020-03-07,19.0,18.8,84.4,0.199,8.33,rain,23.8,12.1,1010.9,82.3,5.7,15.2,0.42,Rain,0.9138076496466615,0.40614723863057883,0.882126866017668,-0.4710118812194097,16.0,15.0,17.0,16.4,13.9,16.9,82.7,83.9,87.2,0.101,0.502,19.317,4.17,8.33,16.67,rain,rain,rain,23.8,18.4,41.8,15.7,17.5,31.7,1014.5,1018.6,1016.7,82.2,80.5,75.3,6.7,9.8,9.2,12.2,3.2,4.2,0.38,0.35,0.32,Rain,Rain,Rain,0.9952273999818312,0.600420225325884,0.6184083953575542,-0.09758289975914933,0.7996846584870906,0.7858568931754019
2020-03-08,21.0,21.0,82.3,0.099,4.17,rain,21.6,16.6,1005.3,50.4,5.5,20.0,0.45,Rain,0.9206588168102428,0.3903682146763026,0.9631625667976582,-0.2689198206152656,19.0,16.0,15.0,18.8,16.4,13.9,84.4,82.7,83.9,0.199,0.101,0.502,8.33,4.17,8.33,rain,rain,rain,23.8,23.8,18.4,12.1,15.7,17.5,1010.9,1014.5,1018.6,82.3,82.2,80.5,5.7,6.7,9.8,15.2,12.2,3.2,0.42,0.38,0.35,Rain,Rain,Rain,0.882126866017668,0.9952273999818312,0.600420225325884,-0.4710118812194097,-0.09758289975914933,0.7996846584870906
2020-03-09,22.5,21.4,73.7,0.0,0.0,noprecip,26.6,12.1,1004.2,29.0,5.7,22.1,0.48,Cloudy,0.9272375462179537,0.374473674486883,0.943222657947601,0.3321611318837034,21.0,19.0,16.0,21.0,18.8,16.4,82.3,84.4,82.7,0.099,0.199,0.101,4.17,8.33,4.17,rain,rain,rain,21.6,23.8,23.8,16.6,12.1,15.7,1005.3,1010.9,1014.5,50.4,82.3,82.2,5.5,5.7,6.7,20.0,15.2,12.2,0.45,0.42,0.38,Rain,Rain,Rain,0.9631625667976582,0.882126866017668,0.9952273999818312,-0.2689198206152656,-0.4710118812194097,-0.09758289975914933
2020-03-10,22.5,16.8,65.0,1.4,16.67,rain,31.0,25.0,1012.4,80.5,8.5,5.7,0.5,Rain,0.9335418911179212,0.35846832151248087,0.6129070536529764,0.7901550123756904,22.5,21.0,19.0,21.4,21.0,18.8,73.7,82.3,84.4,0.0,0.099,0.199,0.0,4.17,8.33,noprecip,rain,rain,26.6,21.6,23.8,12.1,16.6,12.1,1004.2,1005.3,1010.9,29.0,50.4,82.3,5.7,5.5,5.7,22.1,20.0,15.2,0.48,0.45,0.42,Cloudy,Rain,Rain,0.943222657947601,0.9631625667976582,0.882126866017668,0.3321611318837034,-0.2689198206152656,-0.4710118812194097
2020-03-11,21.0,16.4,69.3,0.0,0.0,noprecip,14.0,16.6,1014.3,75.1,8.6,6.1,0.55,Cloudy,0.9395699859530622,0.342356891994542,0.8729220772698095,-0.48785965913873286,22.5,22.5,21.0,16.8,21.4,21.0,65.0,73.7,82.3,1.4,0.0,0.099,16.67,0.0,4.17,rain,noprecip,rain,31.0,26.6,21.6,25.0,12.1,16.6,1012.4,1004.2,1005.3,80.5,29.0,50.4,8.5,5.7,5.5,5.7,22.1,20.0,0.5,0.48,0.45,Rain,Cloudy,Rain,0.6129070536529764,0.943222657947601,0.9631625667976582,0.7901550123756904,0.3321611318837034,-0.2689198206152656
2020-03-12,20.0,19.6,84.0,0.099,4.17,rain,24.8,13.0,1011.8,86.6,5.4,13.7,0.58,Rain,0.945320046913132,0.3261441535642696,0.9348256763960145,-0.35510696240813683,21.0,22.5,22.5,16.4,16.8,21.4,69.3,65.0,73.7,0.0,1.4,0.0,0.0,16.67,0.0,noprecip,rain,noprecip,14.0,31.0,26.6,16.6,25.0,12.1,1014.3,1012.4,1004.2,75.1,80.5,29.0,8.6,8.5,5.7,6.1,5.7,22.1,0.55,0.5,0.48,Cloudy,Rain,Cloudy,0.8729220772698095,0.6129070536529764,0.943222657947601,-0.48785965913873286,0.7901550123756904,0.3321611318837034
2020-03-13,22.7,22.1,85.6,0.201,8.33,rain,25.2,16.6,1012.6,80.0,5.1,12.4,0.62,Rain,0.9507903724625832,0.3098349038318025,0.9999984769132877,-0.001745328365898139,20.0,21.0,22.5,19.6,16.4,16.8,84.0,69.3,65.0,0.099,0.0,1.4,4.17,0.0,16.67,rain,noprecip,rain,24.8,14.0,31.0,13.0,16.6,25.0,1011.8,1014.3,1012.4,86.6,75.1,80.5,5.4,8.6,8.5,13.7,6.1,5.7,0.58,0.55,0.5,Rain,Cloudy,Rain,0.9348256763960145,0.8729220772698095,0.6129070536529764,-0.35510696240813683,-0.48785965913873286,0.7901550123756904
2020-03-14,21.0,17.8,75.1,0.51,8.33,rain,27.0,18.4,1016.8,92.8,9.1,4.1,0.65,Rain,0.9559793438440766,0.2934339689665273,0.6454576877239505,0.7637960286346422,22.7,20.0,21.0,22.1,19.6,16.4,85.6,84.0,69.3,0.201,0.099,0.0,8.33,4.17,0.0,rain,rain,noprecip,25.2,24.8,14.0,16.6,13.0,16.6,1012.6,1011.8,1014.3,80.0,86.6,75.1,5.1,5.4,8.6,12.4,13.7,6.1,0.62,0.58,0.55,Rain,Rain,Cloudy,0.9999984769132877,0.9348256763960145,0.8729220772698095,-0.001745328365898139,-0.35510696240813683,-0.48785965913873286
2020-03-15,19.0,16.4,79.3,0.8,25.0,rain,15.5,10.3,1017.4,90.0,7.4,4.7,0.69,Rain,0.9608854255574977,0.27694620226893646,0.8141155183563191,0.5807029557109399,21.0,22.7,20.0,17.8,22.1,19.6,75.1,85.6,84.0,0.51,0.201,0.099,8.33,8.33,4.17,rain,rain,rain,27.0,25.2,24.8,18.4,16.6,13.0,1016.8,1012.6,1011.8,92.8,80.0,86.6,9.1,5.1,5.4,4.1,12.4,13.7,0.65,0.62,0.58,Rain,Rain,Rain,0.6454576877239505,0.9999984769132877,0.9348256763960145,0.7637960286346422,-0.001745328365898139,-0.35510696240813683
2020-03-16,19.0,19.0,92.4,0.199,12.5,rain,23.0,9.4,1015.4,86.0,2.6,8.5,0.75,Rain,0.9655071658143364,0.2603764827344581,0.9466492601156964,0.32226569523051113,19.0,21.0,22.7,16.4,17.8,22.1,79.3,75.1,85.6,0.8,0.51,0.201,25.0,8.33,8.33,rain,rain,rain,15.5,27.0,25.2,10.3,18.4,16.6,1017.4,1016.8,1012.6,90.0,92.8,80.0,7.4,9.1,5.1,4.7,4.1,12.4,0.69,0.65,0.62,Rain,Rain,Rain,0.8141155183563191,0.6454576877239505,0.9999984769132877,0.5807029557109399,0.7637960286346422,-0.001745328365898139
2020-03-17,20.0,20.7,93.8,3.063,12.5,rain,31.0,19.4,1014.9,90.9,3.2,8.6,0.75,Rain,0.969843196967294,0.24372971360968387,0.8771461637055887,0.4802234974431889,19.0,19.0,21.0,19.0,16.4,17.8,92.4,79.3,75.1,0.199,0.8,0.51,12.5,25.0,8.33,rain,rain,rain,23.0,15.5,27.0,9.4,10.3,18.4,1015.4,1017.4,1016.8,86.0,90.0,92.8,2.6,7.4,9.1,8.5,4.7,4.1,0.75,0.69,0.65,Rain,Rain,Rain,0.9466492601156964,0.8141155183563191,0.6454576877239505,0.32226569523051113,0.5807029557109399,0.7637960286346422
2020-03-18,18.0,17.5,92.7,11.892,8.33,rain,26.6,20.4,1013.4,78.0,7.0,3.2,0.79,Rain,0.9738922359149924,0.22701082094141847,0.6626200482157375,0.7489557207890022,20.0,19.0,19.0,20.7,19.0,16.4,93.8,92.4,79.3,3.063,0.199,0.8,12.5,12.5,25.0,rain,rain,rain,31.0,23.0,15.5,19.4,9.4,10.3,1014.9,1015.4,1017.4,90.9,86.0,90.0,3.2,2.6,7.4,8.6,8.5,4.7,0.75,0.75,0.69,Rain,Rain,Rain,0.8771461637055887,0.9466492601156964,0.8141155183563191,0.4802234974431889,0.32226569523051113,0.5807029557109399
2020-03-19,18.0,17.0,85.7,1.745,8.33,rain,23.0,15.7,1014.0,84.6,8.2,4.0,0.82,Rain,0.9776530844816641,0.2102247521189836,-0.026176948307873545,0.9996573249755573,18.0,20.0,19.0,17.5,20.7,19.0,92.7,93.8,92.4,11.892,3.063,0.199,8.33,12.5,12.5,rain,rain,rain,26.6,31.0,23.0,20.4,19.4,9.4,1013.4,1014.9,1015.4,78.0,90.9,86.0,7.0,3.2,2.6,3.2,8.6,8.5,0.79,0.75,0.75,Rain,Rain,Rain,0.6626200482157375,0.8771461637055887,0.9466492601156964,0.7489557207890022,0.4802234974431889,0.32226569523051113
2020-03-20,19.0,17.9,79.1,0.2,8.33,rain,20.5,18.4,1013.2,80.5,8.7,8.9,0.86,Rain,0.981124629771712,0.19337647441020586,0.996917333733128,-0.07845909572784487,18.0,18.0,20.0,17.0,17.5,20.7,85.7,92.7,93.8,1.745,11.892,3.063,8.33,8.33,12.5,rain,rain,rain,23.0,26.6,31.0,15.7,20.4,19.4,1014.0,1013.4,1014.9,84.6,78.0,90.9,8.2,7.0,3.2,4.0,3.2,8.6,0.82,0.79,0.75,Rain,Rain,Rain,-0.026176948307873545,0.6626200482157375,0.8771461637055887,0.9996573249755573,0.7489557207890022,0.4802234974431889
2020-03-21,21.0,21.0,84.1,0.004,8.33,rain,27.4,17.5,1011.8,74.0,6.2,11.5,0.89,Rain,0.984305844499033,0.17647097349152166,0.777145961456971,-0.6293203910498373,19.0,18.0,18.0,17.9,17.0,17.5,79.1,85.7,92.7,0.2,1.745,11.892,8.33,8.33,8.33,rain,rain,rain,20.5,23.0,26.6,18.4,15.7,20.4,1013.2,1014.0,1013.4,80.5,84.6,78.0,8.7,8.2,7.0,8.9,4.0,3.2,0.86,0.82,0.79,Rain,Rain,Rain,0.996917333733128,-0.026176948307873545,0.6626200482157375,-0.07845909572784487,0.9996573249755573,0.7489557207890022
2020-03-22,23.6,22.7,85.5,2.977,12.5,rain,24.8,19.4,1011.7,80.3,6.8,12.1,0.93,Rain,0.9871957872910085,0.15951325197263655,0.7738402097265062,-0.63338087262755,21.0,19.0,18.0,21.0,17.9,17.0,84.1,79.1,85.7,0.004,0.2,1.745,8.33,8.33,8.33,rain,rain,rain,27.4,20.5,23.0,17.5,18.4,15.7,1011.8,1013.2,1014.0,74.0,80.5,84.6,6.2,8.7,8.2,11.5,8.9,4.0,0.89,0.86,0.82,Rain,Rain,Rain,0.777145961456971,0.996917333733128,-0.026176948307873545,-0.6293203910498373,-0.07845909572784487,0.9996573249755573
2020-03-23,23.0,22.2,86.6,2.078,8.33,rain,29.5,14.7,1012.3,63.8,6.5,10.6,0.96,Rain,0.9897936029670716,0.14250832791617088,0.8433914458128858,-0.5372996083468236,23.6,21.0,19.0,22.7,21.0,17.9,85.5,84.1,79.1,2.977,0.004,0.2,12.5,8.33,8.33,rain,rain,rain,24.8,27.4,20.5,19.4,17.5,18.4,1011.7,1011.8,1013.2,80.3,74.0,80.5,6.8,6.2,8.7,12.1,11.5,8.9,0.93,0.89,0.86,Rain,Rain,Rain,0.7738402097265062,0.777145961456971,0.996917333733128,-0.63338087262755,-0.6293203910498373,-0.07845909572784487
2020-03-24,22.5,21.2,78.4,0.396,4.17,rain,34.9,22.3,1011.6,50.6,8.2,16.1,0.0,Rain,0.992098522791769,0.12546123335273648,0.7569950556517564,-0.6534206039901055,23.0,23.6,21.0,22.2,22.7,21.0,86.6,85.5,84.1,2.078,2.977,0.004,8.33,12.5,8.33,rain,rain,rain,29.5,24.8,27.4,14.7,19.4,17.5,1012.3,1011.7,1011.8,63.8,80.3,74.0,6.5,6.8,6.2,10.6,12.1,11.5,0.96,0.93,0.89,Rain,Rain,Rain,0.8433914458128858,0.7738402097265062,0.777145961456971,-0.5372996083468236,-0.63338087262755,-0.6293203910498373
2020-03-25,24.0,22.0,81.0,7.0,54.17,rain,40.7,25.9,1009.7,62.0,9.2,13.8,0.03,Rain,0.9941098647022418,0.10837701279187609,0.5606389945632417,-0.8280603346224944,22.5,23.0,23.6,21.2,22.2,22.7,78.4,86.6,85.5,0.396,2.078,2.977,4.17,8.33,12.5,rain,rain,rain,34.9,29.5,24.8,22.3,14.7,19.4,1011.6,1012.3,1011.7,50.6,63.8,80.3,8.2,6.5,6.8,16.1,10.6,12.1,0.0,0.96,0.93,Rain,Rain,Rain,0.7569950556517564,0.8433914458128858,0.7738402097265062,-0.6534206039901055,-0.5372996083468236,-0.63338087262755
2020-03-26,24.0,22.7,80.2,0.989,4.17,rain,31.7,23.2,1008.9,75.6,10.0,16.9,0.06,Rain,0.9958270335100595,0.09126072172931188,0.6586894601186803,-0.7524149088957245,24.0,22.5,23.0,22.0,21.2,22.2,81.0,78.4,86.6,7.0,0.396,2.078,54.17,4.17,8.33,rain,rain,rain,40.7,34.9,29.5,25.9,22.3,14.7,1009.7,1011.6,1012.3,62.0,50.6,63.8,9.2,8.2,6.5,13.8,16.1,10.6,0.03,0.0,0.96,Rain,Rain,Rain,0.5606389945632417,0.7569950556517564,0.8433914458128858,-0.8280603346224944,-0.6534206039901055,-0.5372996083468236
2020-03-27,25.0,23.1,80.9,0.2,8.33,rain,24.1,18.4,1008.6,74.5,9.5,17.8,0.1,Rain,0.9972495210773451,0.07411742515094437,0.8367643134589615,-0.5475632234925505,24.0,24.0,22.5,22.7,22.0,21.2,80.2,81.0,78.4,0.989,7.0,0.396,4.17,54.17,4.17,rain,rain,rain,31.7,40.7,34.9,23.2,25.9,22.3,1008.9,1009.7,1011.6,75.6,62.0,50.6,10.0,9.2,8.2,16.9,13.8,16.1,0.06,0.03,0.0,Rain,Rain,Rain,0.6586894601186803,0.5606389945632417,0.7569950556517564,-0.7524149088957245,-0.8280603346224944,-0.6534206039901055
2020-03-28,24.0,22.5,81.8,4.6,45.83,rain,38.5,22.3,1009.8,79.3,8.4,3.9,0.13,Rain,0.998376906467142,0.056952196034039754,0.8309844692743282,-0.5562956155003048,25.0,24.0,24.0,23.1,22.7,22.0,80.9,80.2,81.0,0.2,0.989,7.0,8.33,4.17,54.17,rain,rain,rain,24.1,31.7,40.7,18.4,23.2,25.9,1008.6,1008.9,1009.7,74.5,75.6,62.0,9.5,10.0,9.2,17.8,16.9,13.8,0.1,0.06,0.03,Rain,Rain,Rain,0.8367643134589615,0.6586894601186803,0.5606389945632417,-0.5475632234925505,-0.7524149088957245,-0.8280603346224944
2020-03-29,22.0,22.4,86.8,0.002,4.17,rain,31.0,25.9,1008.0,87.1,7.8,8.2,0.16,Rain,0.9992088560679753,0.03977011384605572,0.7975839288252284,-0.6032079877452825,24.0,25.0,24.0,22.5,23.1,22.7,81.8,80.9,80.2,4.6,0.2,0.989,45.83,8.33,4.17,rain,rain,rain,38.5,24.1,31.7,22.3,18.4,23.2,1009.8,1008.6,1008.9,79.3,74.5,75.6,8.4,9.5,10.0,3.9,17.8,16.9,0.13,0.1,0.06,Rain,Rain,Rain,0.8309844692743282,0.8367643134589615,0.6586894601186803,-0.5562956155003048,-0.5475632234925505,-0.7524149088957245
2020-03-30,17.0,18.5,86.9,0.001,4.17,rain,32.8,26.8,1009.1,88.0,8.2,5.4,0.2,Rain,0.9997451236925734,0.022576263041545485,0.8933713883278376,0.4493189986158965,22.0,24.0,25.0,22.4,22.5,23.1,86.8,81.8,80.9,0.002,4.6,0.2,4.17,45.83,8.33,rain,rain,rain,31.0,38.5,24.1,25.9,22.3,18.4,1008.0,1009.8,1008.6,87.1,79.3,74.5,7.8,8.4,9.5,8.2,3.9,17.8,0.16,0.13,0.1,Rain,Rain,Rain,0.7975839288252284,0.8309844692743282,0.8367643134589615,-0.6032079877452825,-0.5562956155003048,-0.5475632234925505
2020-03-31,17.5,15.7,84.0,0.793,4.17,rain,25.2,19.4,1012.2,87.9,8.6,5.4,0.23,Rain,0.9999855506507186,0.005375731557583884,0.5015107371594574,0.8651514205697044,17.0,22.0,24.0,18.5,22.4,22.5,86.9,86.8,81.8,0.001,0.002,4.6,4.17,4.17,45.83,rain,rain,rain,32.8,31.0,38.5,26.8,25.9,22.3,1009.1,1008.0,1009.8,88.0,87.1,79.3,8.2,7.8,8.4,5.4,8.2,3.9,0.2,0.16,0.13,Rain,Rain,Rain,0.8933713883278376,0.7975839288252284,0.8309844692743282,0.4493189986158965,-0.6032079877452825,-0.5562956155003048
2020-04-01,17.0,15.9,80.7,0.001,4.17,rain,18.0,13.0,1012.9,84.0,9.2,7.0,0.25,Rain,0.9999300657962057,-0.011826390691832589,0.5358267949789965,0.8443279255020152,17.5,17.0,22.0,15.7,18.5,22.4,84.0,86.9,86.8,0.793,0.001,0.002,4.17,4.17,4.17,rain,rain,rain,25.2,32.8,31.0,19.4,26.8,25.9,1012.2,1009.1,1008.0,87.9,88.0,87.1,8.6,8.2,7.8,5.4,5.4,8.2,0.23,0.2,0.16,Rain,Rain,Rain,0.5015107371594574,0.8933713883278376,0.7975839288252284,0.8651514205697044,0.4493189986158965,-0.6032079877452825
2020-04-02,18.0,18.5,92.2,0.796,12.5,rain,14.8,8.5,1012.9,84.8,5.3,4.9,0.3,Rain,0.9995786855478958,-0.029025013321975237,0.6768759696826607,0.7360970871197343,17.0,17.5,17.0,15.9,15.7,18.5,80.7,84.0,86.9,0.001,0.793,0.001,4.17,4.17,4.17,rain,rain,rain,18.0,25.2,32.8,13.0,19.4,26.8,1012.9,1012.2,1009.1,84.0,87.9,88.0,9.2,8.6,8.2,7.0,5.4,5.4,0.25,0.23,0.2,Rain,Rain,Rain,0.5358267949789965,0.5015107371594574,0.8933713883278376,0.8443279255020152,0.8651514205697044,0.4493189986158965
2020-04-03,20.0,20.1,93.9,1.401,8.33,rain,24.1,19.4,1013.2,85.4,4.2,6.4,0.33,Rain,0.9989315138848577,-0.046215046983708354,0.6896195437356698,0.7241718614374675,18.0,17.0,17.5,18.5,15.9,15.7,92.2,80.7,84.0,0.796,0.001,0.793,12.5,4.17,4.17,rain,rain,rain,14.8,18.0,25.2,8.5,13.0,19.4,1012.9,1012.9,1012.2,84.8,84.0,87.9,5.3,9.2,8.6,4.9,7.0,5.4,0.3,0.25,0.23,Rain,Rain,Rain,0.6768759696826607,0.5358267949789965,0.5015107371594574,0.7360970871197343,0.8443279255020152,0.8651514205697044
2020-04-04,17.9,16.8,86.0,2.406,12.5,rain,27.4,20.5,1016.3,80.3,9.0,4.0,0.37,Rain,0.9979887423155984,-0.06339140486951038,0.4954586684324075,0.8686315144381913,20.0,18.0,17.0,20.1,18.5,15.9,93.9,92.2,80.7,1.401,0.796,0.001,8.33,12.5,4.17,rain,rain,rain,24.1,14.8,18.0,19.4,8.5,13.0,1013.2,1012.9,1012.9,85.4,84.8,84.0,4.2,5.3,9.2,6.4,4.9,7.0,0.33,0.3,0.25,Rain,Rain,Rain,0.6896195437356698,0.6768759696826607,0.5358267949789965,0.7241718614374675,0.7360970871197343,0.8443279255020152
2020-04-05,16.0,13.5,74.4,0.409,8.33,rain,23.4,16.6,1018.5,88.3,10.0,4.6,0.4,Rain,0.9967506498213929,-0.08054900421874167,0.15643446504023087,0.9876883405951378,17.9,20.0,18.0,16.8,20.1,18.5,86.0,93.9,92.2,2.406,1.401,0.796,12.5,8.33,12.5,rain,rain,rain,27.4,24.1,14.8,20.5,19.4,8.5,1016.3,1013.2,1012.9,80.3,85.4,84.8,9.0,4.2,5.3,4.0,6.4,4.9,0.37,0.33,0.3,Rain,Rain,Rain,0.4954586684324075,0.6896195437356698,0.6768759696826607,0.8686315144381913,0.7241718614374675,0.7360970871197343
2020-04-06,16.0,14.9,85.2,1.397,8.33,rain,22.7,10.3,1016.7,81.9,9.0,8.4,0.44,Rain,0.9952176027737294,-0.09768276782171598,0.0558215049931638,0.998440764181981,16.0,17.9,20.0,13.5,16.8,20.1,74.4,86.0,93.9,0.409,2.406,1.401,8.33,12.5,8.33,rain,rain,rain,23.4,27.4,24.1,16.6,20.5,19.4,1018.5,1016.3,1013.2,88.3,80.3,85.4,10.0,9.0,4.2,4.6,4.0,6.4,0.4,0.37,0.33,Rain,Rain,Rain,0.15643446504023087,0.4954586684324075,0.6896195437356698,0.9876883405951378,0.8686315144381913,0.7241718614374675
2020-04-07,17.0,15.6,78.8,0.606,8.33,rain,21.6,11.2,1015.6,65.9,8.6,11.1,0.47,Rain,0.9933900548258936,-0.11478762552212701,0.13225639025712244,0.9912155402515417,16.0,16.0,17.9,14.9,13.5,16.8,85.2,74.4,86.0,1.397,0.409,2.406,8.33,8.33,12.5,rain,rain,rain,22.7,23.4,27.4,10.3,16.6,20.5,1016.7,1018.5,1016.3,81.9,88.3,80.3,9.0,10.0,9.0,8.4,4.6,4.0,0.44,0.4,0.37,Rain,Rain,Rain,0.0558215049931638,0.15643446504023087,0.4954586684324075,0.998440764181981,0.9876883405951378,0.8686315144381913
2020-04-08,18.0,17.6,84.8,4.063,4.17,rain,15.5,9.4,1016.0,60.7,5.5,10.9,0.5,Rain,0.9912685467787256,-0.13185851571739118,-0.9971851335251157,0.0749787268263273,17.0,16.0,16.0,15.6,14.9,13.5,78.8,85.2,74.4,0.606,1.397,0.409,8.33,8.33,8.33,rain,rain,rain,21.6,22.7,23.4,11.2,10.3,16.6,1015.6,1016.7,1018.5,65.9,81.9,88.3,8.6,9.0,10.0,11.1,8.4,4.6,0.47,0.44,0.4,Rain,Rain,Rain,0.13225639025712244,0.0558215049931638,0.15643446504023087,0.9912155402515417,0.998440764181981,0.9876883405951378
2020-04-09,20.0,18.6,78.7,0.0,0.0,noprecip,23.0,13.0,1016.4,51.6,5.8,12.5,0.54,Cloudy,0.9888537064205885,-0.1488903868564548,-0.46174861323503374,-0.8870108331782218,18.0,17.0,16.0,17.6,15.6,14.9,84.8,78.8,85.2,4.063,0.606,1.397,4.17,8.33,8.33,rain,rain,rain,15.5,21.6,22.7,9.4,11.2,10.3,1016.0,1015.6,1016.7,60.7,65.9,81.9,5.5,8.6,9.0,10.9,11.1,8.4,0.5,0.47,0.44,Rain,Rain,Rain,-0.9971851335251157,0.13225639025712244,0.0558215049931638,0.0749787268263273,0.9912155402515417,0.998440764181981
2020-04-10,21.0,20.0,79.2,0.1,4.17,rain,28.1,15.9,1014.7,73.9,6.7,13.9,0.57,Rain,0.986146248341595,-0.16587819893463143,0.9939609554551797,-0.10973431109104502,20.0,18.0,17.0,18.6,17.6,15.6,78.7,84.8,78.8,0.0,4.063,0.606,0.0,4.17,8.33,noprecip,rain,rain,23.0,15.5,21.6,13.0,9.4,11.2,1016.4,1016.0,1015.6,51.6,60.7,65.9,5.8,5.5,8.6,12.5,10.9,11.1,0.54,0.5,0.47,Cloudy,Rain,Rain,-0.46174861323503374,-0.9971851335251157,0.13225639025712244,-0.8870108331782218,0.0749787268263273,0.9912155402515417
2020-04-11,22.0,21.9,81.8,1.9,12.5,rain,27.4,13.9,1013.3,65.0,5.8,14.0,0.6,Rain,0.9831469737221499,-0.1828169249850199,0.9711342799096361,-0.23853345757858072,21.0,20.0,18.0,20.0,18.6,17.6,79.2,78.7,84.8,0.1,0.0,4.063,4.17,0.0,4.17,rain,noprecip,rain,28.1,23.0,15.5,15.9,13.0,9.4,1014.7,1016.4,1016.0,73.9,51.6,60.7,6.7,5.8,5.5,13.9,12.5,10.9,0.57,0.54,0.5,Rain,Cloudy,Rain,0.9939609554551797,-0.46174861323503374,-0.9971851335251157,-0.10973431109104502,-0.8870108331782218,0.0749787268263273
2020-04-12,18.0,16.6,80.1,25.821,12.5,rain,43.9,25.9,1018.4,60.0,9.0,12.7,0.64,Rain,0.9798567700958665,-0.1997015525660636,0.33545156975025503,0.9420574527872967,22.0,21.0,20.0,21.9,20.0,18.6,81.8,79.2,78.7,1.9,0.1,0.0,12.5,4.17,0.0,rain,rain,noprecip,27.4,28.1,23.0,13.9,15.9,13.0,1013.3,1014.7,1016.4,65.0,73.9,51.6,5.8,6.7,5.8,14.0,13.9,12.5,0.6,0.57,0.54,Rain,Rain,Cloudy,0.9711342799096361,0.9939609554551797,-0.46174861323503374,-0.23853345757858072,-0.10973431109104502,-0.8870108331782218
2020-04-13,15.0,13.4,82.2,7.028,12.5,rain,30.6,15.7,1020.9,70.3,9.7,15.8,0.67,Rain,0.9762766110869321,-0.21652708524481437,-0.7241718614374673,0.6896195437356701,18.0,22.0,21.0,16.6,21.9,20.0,80.1,81.8,79.2,25.821,1.9,0.1,12.5,12.5,4.17,rain,rain,rain,43.9,27.4,28.1,25.9,13.9,15.9,1018.4,1013.3,1014.7,60.0,65.0,73.9,9.0,5.8,6.7,12.7,14.0,13.9,0.64,0.6,0.57,Rain,Rain,Rain,0.33545156975025503,0.9711342799096361,0.9939609554551797,0.9420574527872967,-0.23853345757858072,-0.10973431109104502
2020-04-14,14.0,13.1,70.3,0.0,0.0,noprecip,18.7,13.8,1017.1,33.5,9.2,21.5,0.7,Cloudy,0.9724075561219968,-0.23328854407545518,-0.416280792260401,-0.9092361090470686,15.0,18.0,22.0,13.4,16.6,21.9,82.2,80.1,81.8,7.028,25.821,1.9,12.5,12.5,12.5,rain,rain,rain,30.6,43.9,27.4,15.7,25.9,13.9,1020.9,1018.4,1013.3,70.3,60.0,65.0,9.7,9.0,5.8,15.8,12.7,14.0,0.67,0.64,0.6,Rain,Rain,Rain,-0.7241718614374673,0.33545156975025503,0.9711342799096361,0.6896195437356701,0.9420574527872967,-0.23853345757858072
2020-04-15,17.0,16.7,74.3,0.0,0.0,noprecip,33.8,19.4,1014.1,71.6,7.0,20.2,0.75,Cloudy,0.9682507501166718,-0.2499809690726521,0.9510565162951536,-0.30901699437494734,14.0,15.0,18.0,13.1,13.4,16.6,70.3,82.2,80.1,0.0,7.028,25.821,0.0,12.5,12.5,noprecip,rain,rain,18.7,30.6,43.9,13.8,15.7,25.9,1017.1,1020.9,1018.4,33.5,70.3,60.0,9.2,9.7,9.0,21.5,15.8,12.7,0.7,0.67,0.64,Cloudy,Rain,Rain,-0.416280792260401,-0.7241718614374673,0.33545156975025503,-0.9092361090470686,0.6896195437356701,0.9420574527872967
2020-04-16,21.0,20.5,85.3,0.4,12.5,rain,33.8,13.0,1011.2,81.1,5.0,10.4,0.77,Rain,0.9638074231367307,-0.26659942067929354,0.953190667792947,-0.3023698907504444,17.0,14.0,15.0,16.7,13.1,13.4,74.3,70.3,82.2,0.0,0.0,7.028,0.0,0.0,12.5,noprecip,noprecip,rain,33.8,18.7,30.6,19.4,13.8,15.7,1014.1,1017.1,1020.9,71.6,33.5,70.3,7.0,9.2,9.7,20.2,21.5,15.8,0.75,0.7,0.67,Cloudy,Cloudy,Rain,0.9510565162951536,-0.416280792260401,-0.7241718614374673,-0.30901699437494734,-0.9092361090470686,0.6896195437356701
2020-04-17,23.0,22.5,89.7,0.201,12.5,rain,30.6,17.5,1011.3,81.4,6.9,9.4,0.8,Rain,0.9590788900341131,-0.28313898122818354,0.7592713073348809,-0.6507742172658508,21.0,17.0,14.0,20.5,16.7,13.1,85.3,74.3,70.3,0.4,0.0,0.0,12.5,0.0,0.0,rain,noprecip,noprecip,33.8,33.8,18.7,13.0,19.4,13.8,1011.2,1014.1,1017.1,81.1,71.6,33.5,5.0,7.0,9.2,10.4,20.2,21.5,0.77,0.75,0.7,Rain,Cloudy,Cloudy,0.953190667792947,0.9510565162951536,-0.416280792260401,-0.3023698907504444,-0.30901699437494734,-0.9092361090470686
2020-04-18,23.0,22.6,80.5,0.495,4.17,rain,31.3,21.4,1010.2,65.7,8.6,15.2,0.84,Rain,0.9540665500578387,-0.2995947563972602,0.819152044288992,-0.5735764363510458,23.0,21.0,17.0,22.5,20.5,16.7,89.7,85.3,74.3,0.201,0.4,0.0,12.5,12.5,0.0,rain,rain,noprecip,30.6,33.8,33.8,17.5,13.0,19.4,1011.3,1011.2,1014.1,81.4,81.1,71.6,6.9,5.0,7.0,9.4,10.4,20.2,0.8,0.77,0.75,Rain,Rain,Cloudy,0.7592713073348809,0.953190667792947,0.9510565162951536,-0.6507742172658508,-0.3023698907504444,-0.30901699437494734
2020-04-19,24.5,23.6,86.1,0.0,0.0,noprecip,25.9,18.5,1009.3,76.0,7.3,15.1,0.87,Cloudy,0.9487718864399473,-0.31596187665790293,0.9681476403781077,-0.2503800040544414,23.0,23.0,21.0,22.6,22.5,20.5,80.5,89.7,85.3,0.495,0.201,0.4,4.17,12.5,12.5,rain,rain,rain,31.3,30.6,33.8,21.4,17.5,13.0,1010.2,1011.3,1011.2,65.7,81.4,81.1,8.6,6.9,5.0,15.2,9.4,10.4,0.84,0.8,0.77,Rain,Rain,Rain,0.819152044288992,0.7592713073348809,0.953190667792947,-0.5735764363510458,-0.6507742172658508,-0.3023698907504444
2020-04-20,24.0,23.6,82.2,0.099,4.17,rain,27.7,18.4,1009.8,69.9,8.4,13.8,0.9,Rain,0.9431964659565866,-0.33223549871590435,0.820151875873772,-0.5721458734455164,24.5,23.0,23.0,23.6,22.6,22.5,86.1,80.5,89.7,0.0,0.495,0.201,0.0,4.17,12.5,noprecip,rain,rain,25.9,31.3,30.6,18.5,21.4,17.5,1009.3,1010.2,1011.3,76.0,65.7,81.4,7.3,8.6,6.9,15.1,15.2,9.4,0.87,0.84,0.8,Cloudy,Rain,Rain,0.9681476403781077,0.819152044288992,0.7592713073348809,-0.2503800040544414,-0.5735764363510458,-0.6507742172658508
2020-04-21,25.3,24.1,84.5,0.099,4.17,rain,33.5,20.5,1008.9,76.7,7.2,18.3,0.94,Rain,0.9373419384643772,-0.3484108069446808,0.9304175679820246,-0.3665012267242972,24.0,24.5,23.0,23.6,23.6,22.6,82.2,86.1,80.5,0.099,0.0,0.495,4.17,0.0,4.17,rain,noprecip,rain,27.7,25.9,31.3,18.4,18.5,21.4,1009.8,1009.3,1010.2,69.9,76.0,65.7,8.4,7.3,8.6,13.8,15.1,15.2,0.9,0.87,0.84,Rain,Cloudy,Rain,0.820151875873772,0.9681476403781077,0.819152044288992,-0.5721458734455164,-0.2503800040544414,-0.5735764363510458
2020-04-22,21.5,22.4,87.4,1.088,8.33,rain,31.0,18.5,1011.1,73.7,7.9,7.9,0.97,Rain,0.9312100364121947,-0.3644830148102912,0.9963452961909064,0.08541692313736754,25.3,24.0,24.5,24.1,23.6,23.6,84.5,82.2,86.1,0.099,0.099,0.0,4.17,4.17,0.0,rain,rain,noprecip,33.5,27.7,25.9,20.5,18.4,18.5,1008.9,1009.8,1009.3,76.7,69.9,76.0,7.2,8.4,7.3,18.3,13.8,15.1,0.94,0.9,0.87,Rain,Rain,Cloudy,0.9304175679820246,0.820151875873772,0.9681476403781077,-0.3665012267242972,-0.5721458734455164,-0.2503800040544414
2020-04-23,19.0,17.6,82.3,4.065,8.33,rain,27.7,24.1,1015.8,79.5,9.8,3.7,0.0,Rain,0.9248025743285089,-0.38044736628785164,0.6454576877239505,0.7637960286346422,21.5,25.3,24.0,22.4,24.1,23.6,87.4,84.5,82.2,1.088,0.099,0.099,8.33,4.17,4.17,rain,rain,rain,31.0,33.5,27.7,18.5,20.5,18.4,1011.1,1008.9,1009.8,73.7,76.7,69.9,7.9,7.2,8.4,7.9,18.3,13.8,0.97,0.94,0.9,Rain,Rain,Rain,0.9963452961909064,0.9304175679820246,0.820151875873772,0.08541692313736754,-0.3665012267242972,-0.5721458734455164
2020-04-24,16.5,15.0,84.7,21.905,12.5,rain,26.6,18.4,1020.6,70.1,9.1,4.9,0.04,Rain,0.9181214482844365,-0.39629913726891813,-0.05407881298477572,0.9985366703262117,19.0,21.5,25.3,17.6,22.4,24.1,82.3,87.4,84.5,4.065,1.088,0.099,8.33,8.33,4.17,rain,rain,rain,27.7,31.0,33.5,24.1,18.5,20.5,1015.8,1011.1,1008.9,79.5,73.7,76.7,9.8,7.9,7.2,3.7,7.9,18.3,0.0,0.97,0.94,Rain,Rain,Rain,0.6454576877239505,0.9963452961909064,0.9304175679820246,0.7637960286346422,0.08541692313736754,-0.3665012267242972
2020-04-25,17.0,15.0,79.4,1.586,12.5,rain,21.6,9.3,1019.7,65.7,9.2,7.9,0.07,Rain,0.9111686353326631,-0.41203363695942635,-0.6401096994849559,0.768283523593523,16.5,19.0,21.5,15.0,17.6,22.4,84.7,82.3,87.4,21.905,4.065,1.088,12.5,8.33,8.33,rain,rain,rain,26.6,27.7,31.0,18.4,24.1,18.5,1020.6,1015.8,1011.1,70.1,79.5,73.7,9.1,9.8,7.9,4.9,3.7,7.9,0.04,0.0,0.97,Rain,Rain,Rain,-0.05407881298477572,0.6454576877239505,0.9963452961909064,0.9985366703262117,0.7637960286346422,0.08541692313736754
2020-04-26,18.0,16.5,81.0,0.495,8.33,rain,27.4,13.9,1019.9,60.6,9.0,8.5,0.11,Rain,0.9039461929224011,-0.42764620926777464,-0.8338858220671683,0.551936985312058,17.0,16.5,19.0,15.0,15.0,17.6,79.4,84.7,82.3,1.586,21.905,4.065,12.5,12.5,8.33,rain,rain,rain,21.6,26.6,27.7,9.3,18.4,24.1,1019.7,1020.6,1015.8,65.7,70.1,79.5,9.2,9.1,9.8,7.9,4.9,3.7,0.07,0.04,0.0,Rain,Rain,Rain,-0.6401096994849559,-0.05407881298477572,0.6454576877239505,0.768283523593523,0.9985366703262117,0.7637960286346422
2020-04-27,16.5,16.2,68.7,0.099,4.17,rain,25.9,13.9,1018.2,36.7,8.6,24.7,0.14,Rain,0.8964562582905575,-0.44313223418263453,-0.9310558158625284,0.36487678433761933,18.0,17.0,16.5,16.5,15.0,15.0,81.0,79.4,84.7,0.495,1.586,21.905,8.33,12.5,12.5,rain,rain,rain,27.4,21.6,26.6,13.9,9.3,18.4,1019.9,1019.7,1020.6,60.6,65.7,70.1,9.0,9.2,9.1,8.5,7.9,4.9,0.11,0.07,0.04,Rain,Rain,Rain,-0.8338858220671683,-0.6401096994849559,-0.05407881298477572,0.551936985312058,0.768283523593523,0.9985366703262117
2020-04-28,19.0,17.0,62.9,0.0,0.0,noprecip,16.2,13.9,1016.2,31.6,9.1,25.3,0.18,Cloudy,0.8887010478292915,-0.45848712914008766,0.8562670846003282,-0.5165333288666418,16.5,18.0,17.0,16.2,16.5,15.0,68.7,81.0,79.4,0.099,0.495,1.586,4.17,8.33,12.5,rain,rain,rain,25.9,27.4,21.6,13.9,13.9,9.3,1018.2,1019.9,1019.7,36.7,60.6,65.7,8.6,9.0,9.2,24.7,8.5,7.9,0.14,0.11,0.07,Rain,Rain,Rain,-0.9310558158625284,-0.8338858220671683,-0.6401096994849559,0.36487678433761933,0.551936985312058,0.768283523593523
2020-04-29,21.0,19.1,69.2,1.2,8.33,rain,20.2,14.2,1015.1,27.0,8.3,22.2,0.21,Rain,0.8806828564301475,-0.47370635037968,0.9018325264051137,-0.4320857488019824,19.0,16.5,18.0,17.0,16.2,16.5,62.9,68.7,81.0,0.0,0.099,0.495,0.0,4.17,8.33,noprecip,rain,rain,16.2,25.9,27.4,13.9,13.9,13.9,1016.2,1018.2,1019.9,31.6,36.7,60.6,9.1,8.6,9.0,25.3,24.7,8.5,0.18,0.14,0.11,Cloudy,Rain,Rain,0.8562670846003282,-0.9310558158625284,-0.8338858220671683,-0.5165333288666418,0.36487678433761933,0.551936985312058
2020-04-30,22.5,20.9,76.7,0.099,4.17,rain,25.6,13.9,1013.7,49.1,8.6,17.9,0.25,Rain,0.8724040568049612,-0.48878539428899265,0.8845809752150839,-0.46638664033989113,21.0,19.0,16.5,19.1,17.0,16.2,69.2,62.9,68.7,1.2,0.0,0.099,8.33,0.0,4.17,rain,noprecip,rain,20.2,16.2,25.9,14.2,13.9,13.9,1015.1,1016.2,1018.2,27.0,31.6,36.7,8.3,9.1,8.6,22.2,25.3,24.7,0.21,0.18,0.14,Rain,Cloudy,Rain,0.9018325264051137,0.8562670846003282,-0.9310558158625284,-0.4320857488019824,-0.5165333288666418,0.36487678433761933
2020-05-01,23.0,22.1,87.6,11.093,8.33,rain,34.2,13.0,1010.9,68.3,7.3,14.1,0.25,Rain,0.8638670987837349,-0.503719798736334,0.9887563810470059,-0.14953534344370925,22.5,21.0,19.0,20.9,19.1,17.0,76.7,69.2,62.9,0.099,1.2,0.0,4.17,8.33,0.0,rain,rain,noprecip,25.6,20.2,16.2,13.9,14.2,13.9,1013.7,1015.1,1016.2,49.1,27.0,31.6,8.6,8.3,9.1,17.9,22.2,25.3,0.25,0.21,0.18,Rain,Rain,Cloudy,0.8845809752150839,0.9018325264051137,0.8562670846003282,-0.46638664033989113,-0.4320857488019824,-0.5165333288666418
2020-05-02,23.0,22.4,76.8,0.0,0.0,noprecip,25.6,16.6,1008.5,54.0,7.6,15.7,0.32,Cloudy,0.8550745085896932,-0.518505144391157,0.7581343361976525,-0.652098403830392,23.0,22.5,21.0,22.1,20.9,19.1,87.6,76.7,69.2,11.093,0.099,1.2,8.33,4.17,8.33,rain,rain,rain,34.2,25.6,20.2,13.0,13.9,14.2,1010.9,1013.7,1015.1,68.3,49.1,27.0,7.3,8.6,8.3,14.1,17.9,22.2,0.25,0.25,0.21,Rain,Rain,Rain,0.9887563810470059,0.8845809752150839,0.9018325264051137,-0.14953534344370925,-0.46638664033989113,-0.4320857488019824
2020-05-03,25.5,24.1,79.8,0.0,0.0,noprecip,25.6,16.6,1007.9,70.8,9.0,19.5,0.35,Cloudy,0.8460288880917339,-0.533137056031809,0.7738402097265062,-0.63338087262755,23.0,23.0,22.5,22.4,22.1,20.9,76.8,87.6,76.7,0.0,11.093,0.099,0.0,8.33,4.17,noprecip,rain,rain,25.6,34.2,25.6,16.6,13.0,13.9,1008.5,1010.9,1013.7,54.0,68.3,49.1,7.6,7.3,8.6,15.7,14.1,17.9,0.32,0.25,0.25,Cloudy,Rain,Rain,0.7581343361976525,0.9887563810470059,0.8845809752150839,-0.652098403830392,-0.14953534344370925,-0.46638664033989113
2020-05-04,26.0,24.9,77.4,0.0,0.0,noprecip,29.9,25.9,1007.3,59.0,9.0,21.8,0.39,Cloudy,0.8367329140344921,-0.5476112038402312,0.8686315144381912,-0.4954586684324076,25.5,23.0,23.0,24.1,22.4,22.1,79.8,76.8,87.6,0.0,0.0,11.093,0.0,0.0,8.33,noprecip,noprecip,rain,25.6,25.6,34.2,16.6,16.6,13.0,1007.9,1008.5,1010.9,70.8,54.0,68.3,9.0,7.6,7.3,19.5,15.7,14.1,0.35,0.32,0.25,Cloudy,Cloudy,Rain,0.7738402097265062,0.7581343361976525,0.9887563810470059,-0.63338087262755,-0.652098403830392,-0.14953534344370925
2020-05-05,30.1,25.3,80.1,0.0,0.0,noprecip,32.8,21.4,1006.3,68.8,8.6,24.0,0.42,Cloudy,0.8271893372462497,-0.5619233046832195,0.9205048534524404,-0.3907311284892736,26.0,25.5,23.0,24.9,24.1,22.4,77.4,79.8,76.8,0.0,0.0,0.0,0.0,0.0,0.0,noprecip,noprecip,noprecip,29.9,25.6,25.6,25.9,16.6,16.6,1007.3,1007.9,1008.5,59.0,70.8,54.0,9.0,9.0,7.6,21.8,19.5,15.7,0.39,0.35,0.32,Cloudy,Cloudy,Cloudy,0.8686315144381912,0.7738402097265062,0.7581343361976525,-0.4954586684324076,-0.63338087262755,-0.652098403830392
2020-05-06,26.0,24.9,80.9,0.0,0.0,noprecip,30.2,21.4,1005.1,58.6,9.8,24.7,0.46,Cloudy,0.8174009818249189,-0.5760691233798758,0.9650164944723115,-0.2621891786408646,30.1,26.0,25.5,25.3,24.9,24.1,80.1,77.4,79.8,0.0,0.0,0.0,0.0,0.0,0.0,noprecip,noprecip,noprecip,32.8,29.9,25.6,21.4,25.9,16.6,1006.3,1007.3,1007.9,68.8,59.0,70.8,8.6,9.0,9.0,24.0,21.8,19.5,0.42,0.39,0.35,Cloudy,Cloudy,Cloudy,0.9205048534524404,0.8686315144381912,0.7738402097265062,-0.3907311284892736,-0.4954586684324076,-0.63338087262755
2020-05-07,26.0,25.6,82.9,0.0,0.0,noprecip,33.1,18.4,1004.4,79.5,9.1,24.6,0.5,Cloudy,0.8073707443023492,-0.5900444739548627,0.9945218953682734,-0.10452846326765333,26.0,30.1,26.0,24.9,25.3,24.9,80.9,80.1,77.4,0.0,0.0,0.0,0.0,0.0,0.0,noprecip,noprecip,noprecip,30.2,32.8,29.9,21.4,21.4,25.9,1005.1,1006.3,1007.3,58.6,68.8,59.0,9.8,8.6,9.0,24.7,24.0,21.8,0.46,0.42,0.39,Cloudy,Cloudy,Cloudy,0.9650164944723115,0.9205048534524404,0.8686315144381912,-0.2621891786408646,-0.3907311284892736,-0.4954586684324076
2020-05-08,24.0,25.2,81.3,0.0,0.0,noprecip,28.8,30.5,1004.3,63.7,9.6,23.9,0.52,Cloudy,0.7971015927871943,-0.6038452208771035,0.981627183447664,-0.1908089953765448,26.0,26.0,30.1,25.6,24.9,25.3,82.9,80.9,80.1,0.0,0.0,0.0,0.0,0.0,0.0,noprecip,noprecip,noprecip,33.1,30.2,32.8,18.4,21.4,21.4,1004.4,1005.1,1006.3,79.5,58.6,68.8,9.1,9.8,8.6,24.6,24.7,24.0,0.5,0.46,0.42,Cloudy,Cloudy,Cloudy,0.9945218953682734,0.9650164944723115,0.9205048534524404,-0.10452846326765333,-0.2621891786408646,-0.3907311284892736
2020-05-09,24.0,24.5,80.2,8.015,8.33,rain,23.8,17.5,1006.4,52.9,8.5,25.7,0.56,Rain,0.7865965660866021,-0.6174672802835514,0.9909831997148363,-0.13398618541829208,24.0,26.0,26.0,25.2,25.6,24.9,81.3,82.9,80.9,0.0,0.0,0.0,0.0,0.0,0.0,noprecip,noprecip,noprecip,28.8,33.1,30.2,30.5,18.4,21.4,1004.3,1004.4,1005.1,63.7,79.5,58.6,9.6,9.1,9.8,23.9,24.6,24.7,0.52,0.5,0.46,Cloudy,Cloudy,Cloudy,0.981627183447664,0.9945218953682734,0.9650164944723115,-0.1908089953765448,-0.10452846326765333,-0.2621891786408646
2020-05-10,29.4,24.7,72.4,0.099,4.17,rain,23.4,19.4,1006.8,44.2,8.6,25.4,0.59,Rain,0.7758587728069828,-0.6309066211876704,0.9838850379335417,-0.17880221511634947,24.0,24.0,26.0,24.5,25.2,25.6,80.2,81.3,82.9,8.015,0.0,0.0,8.33,0.0,0.0,rain,noprecip,noprecip,23.8,28.8,33.1,17.5,30.5,18.4,1006.4,1004.3,1004.4,52.9,63.7,79.5,8.5,9.6,9.1,25.7,23.9,24.6,0.56,0.52,0.5,Rain,Cloudy,Cloudy,0.9909831997148363,0.981627183447664,0.9945218953682734,-0.13398618541829208,-0.1908089953765448,-0.10452846326765333
2020-05-11,30.6,25.4,79.5,1.0,4.17,rain,31.0,20.5,1008.1,70.4,9.5,20.1,0.62,Rain,0.7648913904341226,-0.6441592666722685,0.9106836608061771,-0.4131044298245418,29.4,24.0,24.0,24.7,24.5,25.2,72.4,80.2,81.3,0.099,8.015,0.0,4.17,8.33,0.0,rain,rain,noprecip,23.4,23.8,28.8,19.4,17.5,30.5,1006.8,1006.4,1004.3,44.2,52.9,63.7,8.6,8.5,9.6,25.4,25.7,23.9,0.59,0.56,0.52,Rain,Rain,Cloudy,0.9838850379335417,0.9909831997148363,0.981627183447664,-0.17880221511634947,-0.13398618541829208,-0.1908089953765448
2020-05-12,23.2,23.4,78.9,36.158,8.33,rain,25.9,13.9,1010.5,66.0,9.7,6.9,0.66,Rain,0.753697664392914,-0.6572212950663319,0.9952273999818312,0.09758289975914945,30.6,29.4,24.0,25.4,24.7,24.5,79.5,72.4,80.2,1.0,0.099,8.015,4.17,4.17,8.33,rain,rain,rain,31.0,23.4,23.8,20.5,19.4,17.5,1008.1,1006.8,1006.4,70.4,44.2,52.9,9.5,8.6,8.5,20.1,25.4,25.7,0.62,0.59,0.56,Rain,Rain,Rain,0.9106836608061771,0.9838850379335417,0.9909831997148363,-0.4131044298245418,-0.17880221511634947,-0.13398618541829208
2020-05-13,23.0,23.7,81.1,8.212,4.17,rain,35.6,23.1,1009.4,70.0,8.9,20.3,0.69,Rain,0.742280907086982,-0.6700888411055113,0.5417082102827403,-0.840566603495684,23.2,30.6,29.4,23.4,25.4,24.7,78.9,79.5,72.4,36.158,1.0,0.099,8.33,4.17,4.17,rain,rain,rain,25.9,31.0,23.4,13.9,20.5,19.4,1010.5,1008.1,1006.8,66.0,70.4,44.2,9.7,9.5,8.6,6.9,20.1,25.4,0.66,0.62,0.59,Rain,Rain,Rain,0.9952273999818312,0.9106836608061771,0.9838850379335417,0.09758289975914945,-0.4131044298245418,-0.17880221511634947
2020-05-14,24.0,22.4,73.2,3.063,4.17,rain,37.1,18.6,1007.2,61.5,9.7,22.4,0.75,Rain,0.7306444969184916,-0.6827580970759147,0.8461931661275642,-0.5328762760707296,23.0,23.2,30.6,23.7,23.4,25.4,81.1,78.9,79.5,8.212,36.158,1.0,4.17,8.33,4.17,rain,rain,rain,35.6,25.9,31.0,23.1,13.9,20.5,1009.4,1010.5,1008.1,70.0,66.0,70.4,8.9,9.7,9.5,20.3,6.9,20.1,0.69,0.66,0.62,Rain,Rain,Rain,0.5417082102827403,0.9952273999818312,0.9106836608061771,-0.840566603495684,0.09758289975914945,-0.4131044298245418
2020-05-15,24.0,24.8,78.4,0.0,0.0,noprecip,50.0,23.2,1004.1,68.4,9.5,23.0,0.75,Cloudy,0.7187918772884232,-0.6952253139408722,0.8386705679454239,-0.5446390350150271,24.0,23.0,23.2,22.4,23.7,23.4,73.2,81.1,78.9,3.063,8.212,36.158,4.17,4.17,8.33,rain,rain,rain,37.1,35.6,25.9,18.6,23.1,13.9,1007.2,1009.4,1010.5,61.5,70.0,66.0,9.7,8.9,9.7,22.4,20.3,6.9,0.75,0.69,0.66,Rain,Rain,Rain,0.8461931661275642,0.5417082102827403,0.9952273999818312,-0.5328762760707296,-0.840566603495684,0.09758289975914945
2020-05-16,23.0,24.5,79.2,2.968,4.17,rain,28.8,21.4,1004.2,62.7,9.4,21.1,0.79,Rain,0.7067265555776158,-0.7074868024503348,0.9055687990111397,-0.42419942274538996,24.0,24.0,23.0,24.8,22.4,23.7,78.4,73.2,81.1,0.0,3.063,8.212,0.0,4.17,4.17,noprecip,rain,rain,50.0,37.1,35.6,23.2,18.6,23.1,1004.1,1007.2,1009.4,68.4,61.5,70.0,9.5,9.7,8.9,23.0,22.4,20.3,0.75,0.75,0.69,Cloudy,Rain,Rain,0.8386705679454239,0.8461931661275642,0.5417082102827403,-0.5446390350150271,-0.5328762760707296,-0.840566603495684
2020-05-17,29.0,24.0,76.1,50.4,50.0,rain,29.5,35.3,1003.8,63.9,9.9,13.1,0.82,Rain,0.6944521021088763,-0.719538934232584,0.9607791541575941,-0.27731465330237776,23.0,24.0,24.0,24.5,24.8,22.4,79.2,78.4,73.2,2.968,0.0,3.063,4.17,0.0,4.17,rain,noprecip,rain,28.8,50.0,37.1,21.4,23.2,18.6,1004.2,1004.1,1007.2,62.7,68.4,61.5,9.4,9.5,9.7,21.1,23.0,22.4,0.79,0.75,0.75,Rain,Cloudy,Rain,0.9055687990111397,0.8386705679454239,0.8461931661275642,-0.42419942274538996,-0.5446390350150271,-0.5328762760707296
2020-05-18,23.0,23.6,74.9,2.375,8.33,rain,27.0,17.7,1003.2,54.6,10.9,14.2,0.85,Rain,0.6819721490904629,-0.7313781428679254,0.9826127965436152,0.1856666153855772,29.0,23.0,24.0,24.0,24.5,24.8,76.1,79.2,78.4,50.4,2.968,0.0,50.0,4.17,0.0,rain,rain,noprecip,29.5,28.8,50.0,35.3,21.4,23.2,1003.8,1004.2,1004.1,63.9,62.7,68.4,9.9,9.4,9.5,13.1,21.1,23.0,0.82,0.79,0.75,Rain,Rain,Cloudy,0.9607791541575941,0.9055687990111397,0.8386705679454239,-0.27731465330237776,-0.42419942274538996,-0.5446390350150271
2020-05-19,25.5,25.2,80.3,0.992,4.17,rain,26.3,18.4,1003.2,67.0,8.5,16.6,0.88,Rain,0.6692903895412567,-0.7430009249440493,0.9617413095492113,-0.27395921869243245,23.0,29.0,23.0,23.6,24.0,24.5,74.9,76.1,79.2,2.375,50.4,2.968,8.33,50.0,4.17,rain,rain,rain,27.0,29.5,28.8,17.7,35.3,21.4,1003.2,1003.8,1004.2,54.6,63.9,62.7,10.9,9.9,9.4,14.2,13.1,21.1,0.85,0.82,0.79,Rain,Rain,Rain,0.9826127965436152,0.9607791541575941,0.9055687990111397,0.1856666153855772,-0.27731465330237776,-0.42419942274538996
2020-05-20,33.6,25.7,70.6,0.0,0.0,noprecip,24.5,14.8,1001.2,52.9,10.9,23.3,0.92,Cloudy,0.6564105761979381,-0.7544038410927472,0.7890840848346906,-0.6142852000989433,25.5,23.0,29.0,25.2,23.6,24.0,80.3,74.9,76.1,0.992,2.375,50.4,4.17,8.33,50.0,rain,rain,rain,26.3,27.0,29.5,18.4,17.7,35.3,1003.2,1003.2,1003.8,67.0,54.6,63.9,8.5,10.9,9.9,16.6,14.2,13.1,0.88,0.85,0.82,Rain,Rain,Rain,0.9617413095492113,0.9826127965436152,0.9607791541575941,-0.27395921869243245,0.1856666153855772,-0.27731465330237776
2020-05-21,33.6,25.0,62.1,0.0,0.0,noprecip,27.0,12.1,999.8,60.7,11.7,26.2,0.95,Cloudy,0.6433365204044917,-0.765583517007675,0.24868988716485482,-0.9685831611286311,33.6,25.5,23.0,25.7,25.2,23.6,70.6,80.3,74.9,0.0,0.992,2.375,0.0,4.17,8.33,noprecip,rain,rain,24.5,26.3,27.0,14.8,18.4,17.7,1001.2,1003.2,1003.2,52.9,67.0,54.6,10.9,8.5,10.9,23.3,16.6,14.2,0.92,0.88,0.85,Cloudy,Rain,Rain,0.7890840848346906,0.9617413095492113,0.9826127965436152,-0.6142852000989433,-0.27395921869243245,0.1856666153855772
2020-05-22,26.5,25.4,69.8,1.2,8.33,rain,38.9,15.7,1002.8,72.1,9.7,17.4,0.98,Rain,0.6300720909843687,-0.7765366444428655,0.9907478404714436,0.1357155724343044,33.6,33.6,25.5,25.0,25.7,25.2,62.1,70.6,80.3,0.0,0.0,0.992,0.0,0.0,4.17,noprecip,noprecip,rain,27.0,24.5,26.3,12.1,14.8,18.4,999.8,1001.2,1003.2,60.7,52.9,67.0,11.7,10.9,8.5,26.2,23.3,16.6,0.95,0.92,0.88,Cloudy,Cloudy,Rain,0.24868988716485482,0.7890840848346906,0.9617413095492113,-0.9685831611286311,-0.6142852000989433,-0.27395921869243245
2020-05-23,26.0,24.9,80.7,3.958,4.17,rain,16.9,13.9,1005.9,67.2,8.8,10.2,0.0,Rain,0.6166212130956382,-0.7872599821916922,0.9882283814465529,0.1529858362840379,26.5,33.6,33.6,25.4,25.0,25.7,69.8,62.1,70.6,1.2,0.0,0.0,8.33,0.0,0.0,rain,noprecip,noprecip,38.9,27.0,24.5,15.7,12.1,14.8,1002.8,999.8,1001.2,72.1,60.7,52.9,9.7,11.7,10.9,17.4,26.2,23.3,0.98,0.95,0.92,Rain,Cloudy,Cloudy,0.9907478404714436,0.24868988716485482,0.7890840848346906,0.1357155724343044,-0.9685831611286311,-0.6142852000989433
2020-05-24,25.0,24.8,77.5,0.297,4.17,rain,25.6,19.4,1006.1,51.0,9.2,14.2,0.05,Rain,0.6029878670694714,-0.7977503570459932,0.9945218953682734,-0.10452846326765333,26.0,26.5,33.6,24.9,25.4,25.0,80.7,69.8,62.1,3.958,1.2,0.0,4.17,8.33,0.0,rain,rain,noprecip,16.9,38.9,27.0,13.9,15.7,12.1,1005.9,1002.8,999.8,67.2,72.1,60.7,8.8,9.7,11.7,10.2,17.4,26.2,0.0,0.98,0.95,Rain,Rain,Cloudy,0.9882283814465529,0.9907478404714436,0.24868988716485482,0.1529858362840379,0.1357155724343044,-0.9685831611286311
2020-05-25,26.0,25.3,73.6,8.7,12.5,rain,46.4,22.2,1005.5,50.0,9.2,22.4,0.09,Rain,0.5891760872322963,-0.8080046647350754,0.9890158633619168,-0.14780941112961044,25.0,26.0,26.5,24.8,24.9,25.4,77.5,80.7,69.8,0.297,3.958,1.2,4.17,4.17,8.33,rain,rain,rain,25.6,16.9,38.9,19.4,13.9,15.7,1006.1,1005.9,1002.8,51.0,67.2,72.1,9.2,8.8,9.7,14.2,10.2,17.4,0.05,0.0,0.98,Rain,Rain,Rain,0.9945218953682734,0.9882283814465529,0.9907478404714436,-0.10452846326765333,0.1529858362840379,0.1357155724343044
2020-05-26,24.5,22.5,71.3,3.067,8.33,rain,32.8,16.6,1007.8,65.8,10.0,16.0,0.12,Rain,0.5751899607119775,-0.8180198708443175,0.6184083953575542,0.7858568931754019,26.0,25.0,26.0,25.3,24.8,24.9,73.6,77.5,80.7,8.7,0.297,3.958,12.5,4.17,4.17,rain,rain,rain,46.4,25.6,16.9,22.2,19.4,13.9,1005.5,1006.1,1005.9,50.0,51.0,67.2,9.2,9.2,8.8,22.4,14.2,10.2,0.09,0.05,0.0,Rain,Rain,Rain,0.9890158633619168,0.9945218953682734,0.9882283814465529,-0.14780941112961044,-0.10452846326765333,0.1529858362840379
2020-05-27,23.0,22.3,79.5,6.01,8.33,rain,22.3,17.7,1010.3,57.5,9.6,15.2,0.16,Rain,0.5610336262283677,-0.8277930117131022,-0.7120260459909963,0.7021530529951626,24.5,26.0,25.0,22.5,25.3,24.8,71.3,73.6,77.5,3.067,8.7,0.297,8.33,12.5,4.17,rain,rain,rain,32.8,46.4,25.6,16.6,22.2,19.4,1007.8,1005.5,1006.1,65.8,50.0,51.0,10.0,9.2,9.2,16.0,22.4,14.2,0.12,0.09,0.05,Rain,Rain,Rain,0.6184083953575542,0.9890158633619168,0.9945218953682734,0.7858568931754019,-0.14780941112961044,-0.10452846326765333
2020-05-28,25.0,22.8,73.4,0.1,4.17,rain,22.7,12.1,1009.4,57.6,8.9,15.1,0.19,Rain,0.5467112728685939,-0.8373211953118121,0.17192910027940958,-0.9851093261547739,23.0,24.5,26.0,22.3,22.5,25.3,79.5,71.3,73.6,6.01,3.067,8.7,8.33,8.33,12.5,rain,rain,rain,22.3,32.8,46.4,17.7,16.6,22.2,1010.3,1007.8,1005.5,57.5,65.8,50.0,9.6,10.0,9.2,15.2,16.0,22.4,0.16,0.12,0.09,Rain,Rain,Rain,-0.7120260459909963,0.6184083953575542,0.9890158633619168,0.7021530529951626,0.7858568931754019,-0.14780941112961044
2020-05-29,26.0,24.2,73.5,0.297,8.33,rain,32.4,18.4,1006.9,48.5,8.7,16.7,0.23,Rain,0.5322271388474397,-0.8466016020976267,0.6520984038303921,-0.7581343361976522,25.0,23.0,24.5,22.8,22.3,22.5,73.4,79.5,71.3,0.1,6.01,3.067,4.17,8.33,8.33,rain,rain,rain,22.7,22.3,32.8,12.1,17.7,16.6,1009.4,1010.3,1007.8,57.6,57.5,65.8,8.9,9.6,10.0,15.1,15.2,16.0,0.19,0.16,0.12,Rain,Rain,Rain,0.17192910027940958,-0.7120260459909963,0.6184083953575542,-0.9851093261547739,0.7021530529951626,0.7858568931754019
2020-05-30,30.6,24.3,70.7,0.1,4.17,rain,30.2,15.6,1007.0,48.0,10.1,21.7,0.25,Rain,0.5175855102531889,-0.8556314858488706,0.9291325715340562,-0.36974675727382944,26.0,25.0,23.0,24.2,22.8,22.3,73.5,73.4,79.5,0.297,0.1,6.01,8.33,4.17,8.33,rain,rain,rain,32.4,22.7,22.3,18.4,12.1,17.7,1006.9,1009.4,1010.3,48.5,57.6,57.5,8.7,8.9,9.6,16.7,15.1,15.2,0.23,0.19,0.16,Rain,Rain,Rain,0.6520984038303921,0.17192910027940958,-0.7120260459909963,-0.7581343361976522,-0.9851093261547739,0.7021530529951626
2020-05-31,30.6,25.0,71.1,0.396,4.17,rain,23.8,18.4,1006.9,58.3,9.4,23.7,0.3,Rain,0.5027907197793043,-0.8644081744776648,0.9156625933395611,-0.4019477766559601,30.6,26.0,25.0,24.3,24.2,22.8,70.7,73.5,73.4,0.1,0.297,0.1,4.17,8.33,4.17,rain,rain,rain,30.2,32.4,22.7,15.6,18.4,12.1,1007.0,1006.9,1009.4,48.0,48.5,57.6,10.1,8.7,8.9,21.7,16.7,15.1,0.25,0.23,0.19,Rain,Rain,Rain,0.9291325715340562,0.6520984038303921,0.17192910027940958,-0.36974675727382944,-0.7581343361976522,-0.9851093261547739
2020-06-01,26.0,24.2,71.4,1.187,4.17,rain,28.1,21.3,1005.6,41.0,10.0,24.1,0.34,Rain,0.4878471454423119,-0.8729290708206411,0.8443279255020152,-0.5358267949789964,30.6,30.6,26.0,25.0,24.3,24.2,71.1,70.7,73.5,0.396,0.1,0.297,4.17,4.17,8.33,rain,rain,rain,23.8,30.2,32.4,18.4,15.6,18.4,1006.9,1007.0,1006.9,58.3,48.0,48.5,9.4,10.1,8.7,23.7,21.7,16.7,0.3,0.25,0.23,Rain,Rain,Rain,0.9156625933395611,0.9291325715340562,0.6520984038303921,-0.4019477766559601,-0.36974675727382944,-0.7581343361976522
2020-06-02,26.0,23.8,69.5,1.979,4.17,rain,37.1,16.5,1004.1,48.8,10.2,25.2,0.37,Rain,0.47275920928627757,-0.881191653407483,0.801775644243754,-0.5976251469755212,26.0,30.6,30.6,24.2,25.0,24.3,71.4,71.1,70.7,1.187,0.396,0.1,4.17,4.17,4.17,rain,rain,rain,28.1,23.8,30.2,21.3,18.4,15.6,1005.6,1006.9,1007.0,41.0,58.3,48.0,10.0,9.4,10.1,24.1,23.7,21.7,0.34,0.3,0.25,Rain,Rain,Rain,0.8443279255020152,0.9156625933395611,0.9291325715340562,-0.5358267949789964,-0.4019477766559601,-0.36974675727382944
2020-06-03,30.9,24.7,69.5,0.6,8.33,rain,24.8,22.3,1003.4,35.2,9.5,25.1,0.41,Rain,0.4575313760742512,-0.8891934772070711,0.9999939076577904,-0.0034906514152236758,26.0,26.0,30.6,23.8,24.2,25.0,69.5,71.4,71.1,1.979,1.187,0.396,4.17,4.17,4.17,rain,rain,rain,37.1,28.1,23.8,16.5,21.3,18.4,1004.1,1005.6,1006.9,48.8,41.0,58.3,10.2,10.0,9.4,25.2,24.1,23.7,0.37,0.34,0.3,Rain,Rain,Rain,0.801775644243754,0.8443279255020152,0.9156625933395611,-0.5976251469755212,-0.5358267949789964,-0.4019477766559601
2020-06-04,32.7,25.1,69.1,0.2,8.33,rain,31.7,22.3,1002.9,60.9,9.7,21.8,0.44,Rain,0.44216815196707204,-0.8969321743510065,0.913545457642601,-0.40673664307580004,30.9,26.0,26.0,24.7,23.8,24.2,69.5,69.5,71.4,0.6,1.979,1.187,8.33,4.17,4.17,rain,rain,rain,24.8,37.1,28.1,22.3,16.5,21.3,1003.4,1004.1,1005.6,35.2,48.8,41.0,9.5,10.2,10.0,25.1,25.2,24.1,0.41,0.37,0.34,Rain,Rain,Rain,0.9999939076577904,0.801775644243754,0.8443279255020152,-0.0034906514152236758,-0.5976251469755212,-0.5358267949789964
2020-06-05,32.7,25.0,69.6,0.0,0.0,noprecip,25.2,15.7,1002.9,49.4,10.5,21.7,0.48,Cloudy,0.42667408318992467,-0.9044054548343001,0.9980267284282716,0.06279051952931353,32.7,30.9,26.0,25.1,24.7,23.8,69.1,69.5,69.5,0.2,0.6,1.979,8.33,8.33,4.17,rain,rain,rain,31.7,24.8,37.1,22.3,22.3,16.5,1002.9,1003.4,1004.1,60.9,35.2,48.8,9.7,9.5,10.2,21.8,25.1,25.2,0.44,0.41,0.37,Rain,Rain,Rain,0.913545457642601,0.9999939076577904,0.801775644243754,-0.40673664307580004,-0.0034906514152236758,-0.5976251469755212
2020-06-06,32.7,25.3,70.9,0.0,0.0,noprecip,22.7,13.9,1002.4,47.0,11.2,20.9,0.5,Cloudy,0.4110537546870351,-0.9116111071930239,0.9933727656003964,-0.11493715049286649,32.7,32.7,30.9,25.0,25.1,24.7,69.6,69.1,69.5,0.0,0.2,0.6,0.0,8.33,8.33,noprecip,rain,rain,25.2,31.7,24.8,15.7,22.3,22.3,1002.9,1002.9,1003.4,49.4,60.9,35.2,10.5,9.7,9.5,21.7,21.8,25.1,0.48,0.44,0.41,Cloudy,Rain,Rain,0.9980267284282716,0.913545457642601,0.9999939076577904,0.06279051952931353,-0.40673664307580004,-0.0034906514152236758
2020-06-07,31.9,23.8,61.0,0.0,0.0,noprecip,33.8,16.6,1000.5,48.3,10.2,25.0,0.55,Cloudy,0.3953117887649151,-0.9185469991587165,0.14262893370551175,-0.989776230907789,32.7,32.7,32.7,25.3,25.0,25.1,70.9,69.6,69.1,0.0,0.0,0.2,0.0,0.0,8.33,noprecip,noprecip,rain,22.7,25.2,31.7,13.9,15.7,22.3,1002.4,1002.9,1002.9,47.0,49.4,60.9,11.2,10.5,9.7,20.9,21.7,21.8,0.5,0.48,0.44,Cloudy,Cloudy,Rain,0.9933727656003964,0.9980267284282716,0.913545457642601,-0.11493715049286649,0.06279051952931353,-0.40673664307580004
2020-06-08,33.5,23.0,54.4,0.0,0.0,noprecip,36.0,18.5,1000.4,60.0,10.3,25.6,0.58,Cloudy,0.37945284372454435,-0.925211078289358,-0.4939418665842307,-0.8694949295052191,31.9,32.7,32.7,23.8,25.3,25.0,61.0,70.9,69.6,0.0,0.0,0.0,0.0,0.0,0.0,noprecip,noprecip,noprecip,33.8,22.7,25.2,16.6,13.9,15.7,1000.5,1002.4,1002.9,48.3,47.0,49.4,10.2,11.2,10.5,25.0,20.9,21.7,0.55,0.5,0.48,Cloudy,Cloudy,Cloudy,0.14262893370551175,0.9933727656003964,0.9980267284282716,-0.989776230907789,-0.11493715049286649,0.06279051952931353
2020-06-09,31.9,23.6,61.8,0.1,4.17,rain,25.9,20.6,1003.3,77.1,9.8,22.0,0.61,Rain,0.36348161248290634,-0.9316013725767187,0.9390942520947092,-0.34365969458561596,33.5,31.9,32.7,23.0,23.8,25.3,54.4,61.0,70.9,0.0,0.0,0.0,0.0,0.0,0.0,noprecip,noprecip,noprecip,36.0,33.8,22.7,18.5,16.6,13.9,1000.4,1000.5,1002.4,60.0,48.3,47.0,10.3,10.2,11.2,25.6,25.0,20.9,0.58,0.55,0.5,Cloudy,Cloudy,Cloudy,-0.4939418665842307,0.14262893370551175,0.9933727656003964,-0.8694949295052191,-0.989776230907789,-0.11493715049286649
2020-06-10,24.5,24.7,73.0,0.495,4.17,rain,24.8,29.5,1005.1,50.8,9.9,18.0,0.64,Rain,0.3474028211842774,-0.9377159910299093,0.648119901063131,-0.7615383075367366,31.9,33.5,31.9,23.6,23.0,23.8,61.8,54.4,61.0,0.1,0.0,0.0,4.17,0.0,0.0,rain,noprecip,noprecip,25.9,36.0,33.8,20.6,18.5,16.6,1003.3,1000.4,1000.5,77.1,60.0,48.3,9.8,10.3,10.2,22.0,25.6,25.0,0.61,0.58,0.55,Rain,Cloudy,Cloudy,0.9390942520947092,-0.4939418665842307,0.14262893370551175,-0.34365969458561596,-0.8694949295052191,-0.989776230907789
2020-06-11,25.0,24.6,78.1,4.328,8.33,rain,33.1,29.7,1004.2,63.7,9.8,19.2,0.67,Rain,0.3312212278016865,-0.9435531242349544,0.9929655081065369,-0.11840396830650105,24.5,31.9,33.5,24.7,23.6,23.0,73.0,61.8,54.4,0.495,0.1,0.0,4.17,4.17,0.0,rain,rain,noprecip,24.8,25.9,36.0,29.5,20.6,18.5,1005.1,1003.3,1000.4,50.8,77.1,60.0,9.9,9.8,10.3,18.0,22.0,25.6,0.64,0.61,0.58,Rain,Rain,Cloudy,0.648119901063131,0.9390942520947092,-0.4939418665842307,-0.7615383075367366,-0.34365969458561596,-0.8694949295052191
2020-06-12,25.0,24.0,72.6,1.01,8.33,rain,29.9,20.4,1001.7,60.0,9.9,16.6,0.71,Rain,0.31494162072895193,-0.9491110448902284,0.7727335734973512,-0.6347305132022675,25.0,24.5,31.9,24.6,24.7,23.6,78.1,73.0,61.8,4.328,0.495,0.1,8.33,4.17,4.17,rain,rain,rain,33.1,24.8,25.9,29.7,29.5,20.6,1004.2,1005.1,1003.3,63.7,50.8,77.1,9.8,9.9,9.8,19.2,18.0,22.0,0.67,0.64,0.61,Rain,Rain,Rain,0.9929655081065369,0.648119901063131,0.9390942520947092,-0.11840396830650105,-0.7615383075367366,-0.34365969458561596
2020-06-13,29.9,24.9,72.0,8.7,8.33,rain,28.8,24.1,1001.3,47.1,10.5,22.8,0.75,Rain,0.2985688173637202,-0.9543881083175908,0.9085081775267219,-0.4178670738010765,25.0,25.0,24.5,24.0,24.6,24.7,72.6,78.1,73.0,1.01,4.328,0.495,8.33,8.33,4.17,rain,rain,rain,29.9,33.1,24.8,20.4,29.7,29.5,1001.7,1004.2,1005.1,60.0,63.7,50.8,9.9,9.8,9.9,16.6,19.2,18.0,0.71,0.67,0.64,Rain,Rain,Rain,0.7727335734973512,0.9929655081065369,0.648119901063131,-0.6347305132022675,-0.11840396830650105,-0.7615383075367366
2020-06-14,25.3,25.0,81.4,0.001,4.17,rain,39.2,20.4,1004.0,65.7,9.8,9.2,0.77,Rain,0.2821076626819194,-0.9593827529490743,0.9505157316277837,0.3106764296307317,29.9,25.0,25.0,24.9,24.0,24.6,72.0,72.6,78.1,8.7,1.01,4.328,8.33,8.33,8.33,rain,rain,rain,28.8,29.9,33.1,24.1,20.4,29.7,1001.3,1001.7,1004.2,47.1,60.0,63.7,10.5,9.9,9.8,22.8,16.6,19.2,0.75,0.71,0.67,Rain,Rain,Rain,0.9085081775267219,0.7727335734973512,0.9929655081065369,-0.4178670738010765,-0.6347305132022675,-0.11840396830650105
2020-06-15,24.0,24.3,84.3,18.08,12.5,rain,23.0,15.7,1006.1,65.7,8.7,8.5,0.8,Rain,0.26556302780405594,-0.9640935007889755,0.9999862922474267,-0.005235963831419415,25.3,29.9,25.0,25.0,24.9,24.0,81.4,72.0,72.6,0.001,8.7,1.01,4.17,8.33,8.33,rain,rain,rain,39.2,28.8,29.9,20.4,24.1,20.4,1004.0,1001.3,1001.7,65.7,47.1,60.0,9.8,10.5,9.9,9.2,22.8,16.6,0.77,0.75,0.71,Rain,Rain,Rain,0.9505157316277837,0.9085081775267219,0.7727335734973512,0.3106764296307317,-0.4178670738010765,-0.6347305132022675
2020-06-16,31.7,24.9,73.8,1.1,12.5,rain,31.0,24.1,1004.2,54.8,10.9,22.3,0.84,Rain,0.24893980855376657,-0.9685189578512204,0.8508111094240514,-0.5254716510722676,24.0,25.3,29.9,24.3,25.0,24.9,84.3,81.4,72.0,18.08,0.001,8.7,12.5,4.17,8.33,rain,rain,rain,23.0,39.2,28.8,15.7,20.4,24.1,1006.1,1004.0,1001.3,65.7,65.7,47.1,8.7,9.8,10.5,8.5,9.2,22.8,0.8,0.77,0.75,Rain,Rain,Rain,0.9999862922474267,0.9505157316277837,0.9085081775267219,-0.005235963831419415,0.3106764296307317,-0.4178670738010765
2020-06-17,30.6,24.6,70.4,1.4,16.67,rain,34.2,21.4,1002.4,68.6,11.7,22.2,0.87,Rain,0.23224292400907015,-0.9726578145718654,0.7626683296956882,-0.6467897795104597,31.7,24.0,25.3,24.9,24.3,25.0,73.8,84.3,81.4,1.1,18.08,0.001,12.5,12.5,4.17,rain,rain,rain,31.0,23.0,39.2,24.1,15.7,20.4,1004.2,1006.1,1004.0,54.8,65.7,65.7,10.9,8.7,9.8,22.3,8.5,9.2,0.84,0.8,0.77,Rain,Rain,Rain,0.8508111094240514,0.9999862922474267,0.9505157316277837,-0.5254716510722676,-0.005235963831419415,0.3106764296307317
2020-06-18,31.9,24.9,71.1,0.5,20.83,rain,28.1,23.2,1003.5,46.9,11.3,24.3,0.9,Rain,0.21547731504673012,-0.976508846196619,0.9698720152847469,-0.24361501178602224,30.6,31.7,24.0,24.6,24.9,24.3,70.4,73.8,84.3,1.4,1.1,18.08,16.67,12.5,12.5,rain,rain,rain,34.2,31.0,23.0,21.4,24.1,15.7,1002.4,1004.2,1006.1,68.6,54.8,65.7,11.7,10.9,8.7,22.2,22.3,8.5,0.87,0.84,0.8,Rain,Rain,Rain,0.7626683296956882,0.8508111094240514,0.9999862922474267,-0.6467897795104597,-0.5254716510722676,-0.005235963831419415
2020-06-19,32.7,24.8,72.0,3.1,33.33,rain,26.3,23.2,1005.3,55.2,10.4,19.4,0.93,Rain,0.19864794288017112,-0.9800709131432666,0.912120116172273,-0.4099230338415728,31.9,30.6,31.7,24.9,24.6,24.9,71.1,70.4,73.8,0.5,1.4,1.1,20.83,16.67,12.5,rain,rain,rain,28.1,34.2,31.0,23.2,21.4,24.1,1003.5,1002.4,1004.2,46.9,68.6,54.8,11.3,11.7,10.9,24.3,22.2,22.3,0.9,0.87,0.84,Rain,Rain,Rain,0.9698720152847469,0.7626683296956882,0.8508111094240514,-0.24361501178602224,-0.6467897795104597,-0.5254716510722676
2020-06-20,33.6,25.0,69.8,0.1,4.17,rain,30.6,25.9,1004.5,54.1,9.9,23.7,0.97,Rain,0.18175978759137534,-0.9833429613388902,0.6908824110768582,-0.7229671459095685,32.7,31.9,30.6,24.8,24.9,24.6,72.0,71.1,70.4,3.1,0.5,1.4,33.33,20.83,16.67,rain,rain,rain,26.3,28.1,34.2,23.2,23.2,21.4,1005.3,1003.5,1002.4,55.2,46.9,68.6,10.4,11.3,11.7,19.4,24.3,22.2,0.93,0.9,0.87,Rain,Rain,Rain,0.912120116172273,0.9698720152847469,0.7626683296956882,-0.4099230338415728,-0.24361501178602224,-0.6467897795104597
2020-06-21,34.5,25.1,67.3,0.1,4.17,rain,29.2,20.4,1001.8,57.1,11.6,24.9,0.0,Rain,0.16481784665719793,-0.9863240225317866,0.6768759696826607,-0.7360970871197343,33.6,32.7,31.9,25.0,24.8,24.9,69.8,72.0,71.1,0.1,3.1,0.5,4.17,33.33,20.83,rain,rain,rain,30.6,26.3,28.1,25.9,23.2,23.2,1004.5,1005.3,1003.5,54.1,55.2,46.9,9.9,10.4,11.3,23.7,19.4,24.3,0.97,0.93,0.9,Rain,Rain,Rain,0.6908824110768582,0.912120116172273,0.9698720152847469,-0.7229671459095685,-0.4099230338415728,-0.24361501178602224
2020-06-22,32.0,24.6,63.2,0.0,0.0,noprecip,35.3,22.3,1001.3,53.4,11.9,26.2,0.03,Cloudy,0.14782713347053048,-0.9890132145779883,0.7637960286346424,-0.6454576877239504,34.5,33.6,32.7,25.1,25.0,24.8,67.3,69.8,72.0,0.1,0.1,3.1,4.17,4.17,33.33,rain,rain,rain,29.2,30.6,26.3,20.4,25.9,23.2,1001.8,1004.5,1005.3,57.1,54.1,55.2,11.6,9.9,10.4,24.9,23.7,19.4,0.0,0.97,0.93,Rain,Rain,Rain,0.6768759696826607,0.6908824110768582,0.912120116172273,-0.7360970871197343,-0.7229671459095685,-0.4099230338415728
2020-06-23,31.3,23.9,61.5,0.1,4.17,rain,29.9,21.4,1002.8,77.9,11.3,25.3,0.07,Rain,0.13079267585675922,-0.9914097417023038,0.8241261886220158,-0.5664062369248326,32.0,34.5,33.6,24.6,25.1,25.0,63.2,67.3,69.8,0.0,0.1,0.1,0.0,4.17,4.17,noprecip,rain,rain,35.3,29.2,30.6,22.3,20.4,25.9,1001.3,1001.8,1004.5,53.4,57.1,54.1,11.9,11.6,9.9,26.2,24.9,23.7,0.03,0.0,0.97,Cloudy,Rain,Rain,0.7637960286346424,0.6768759696826607,0.6908824110768582,-0.6454576877239504,-0.7360970871197343,-0.7229671459095685
2020-06-24,33.7,23.5,58.8,1.979,4.17,rain,29.9,16.6,1001.7,86.6,10.7,24.3,0.11,Rain,0.11371951458594969,-0.9935128947338007,0.6184083953575541,-0.785856893175402,31.3,32.0,34.5,23.9,24.6,25.1,61.5,63.2,67.3,0.1,0.0,0.1,4.17,0.0,4.17,rain,noprecip,rain,29.9,35.3,29.2,21.4,22.3,20.4,1002.8,1001.3,1001.8,77.9,53.4,57.1,11.3,11.9,11.6,25.3,26.2,24.9,0.07,0.03,0.0,Rain,Cloudy,Rain,0.8241261886220158,0.7637960286346424,0.6768759696826607,-0.5664062369248326,-0.6454576877239504,-0.7360970871197343
2020-06-25,34.5,25.9,76.7,0.2,8.33,rain,19.8,15.7,1001.3,65.3,8.6,15.2,0.14,Rain,0.0966127018812031,-0.9953220513156602,0.9884938868086836,0.15126082024721937,33.7,31.3,32.0,23.5,23.9,24.6,58.8,61.5,63.2,1.979,0.1,0.0,4.17,4.17,0.0,rain,rain,noprecip,29.9,29.9,35.3,16.6,21.4,22.3,1001.7,1002.8,1001.3,86.6,77.9,53.4,10.7,11.3,11.9,24.3,25.3,26.2,0.11,0.07,0.03,Rain,Rain,Cloudy,0.6184083953575541,0.8241261886220158,0.7637960286346424,-0.785856893175402,-0.5664062369248326,-0.6454576877239504
2020-06-26,31.9,23.7,63.0,2.968,4.17,rain,32.4,27.9,1001.8,79.2,11.5,23.7,0.18,Rain,0.07947729992362097,-0.9968366760893436,0.6018150231520482,-0.7986355100472929,34.5,33.7,31.3,25.9,23.5,23.9,76.7,58.8,61.5,0.2,1.979,0.1,8.33,4.17,4.17,rain,rain,rain,19.8,29.9,29.9,15.7,16.6,21.4,1001.3,1001.7,1002.8,65.3,86.6,77.9,8.6,10.7,11.3,15.2,24.3,25.3,0.14,0.11,0.07,Rain,Rain,Rain,0.9884938868086836,0.6184083953575541,0.8241261886220158,0.15126082024721937,-0.785856893175402,-0.5664062369248326
2020-06-27,32.8,24.1,62.3,0.0,0.0,noprecip,34.6,25.0,1002.9,67.9,12.0,25.7,0.21,Cloudy,0.062318379354325076,-0.998056320853012,0.7095707365365208,-0.7046342099635947,31.9,34.5,33.7,23.7,25.9,23.5,63.0,76.7,58.8,2.968,0.2,1.979,4.17,8.33,4.17,rain,rain,rain,32.4,19.8,29.9,27.9,15.7,16.6,1001.8,1001.3,1001.7,79.2,65.3,86.6,11.5,8.6,10.7,23.7,15.2,24.3,0.18,0.14,0.11,Rain,Rain,Rain,0.6018150231520482,0.9884938868086836,0.6184083953575541,-0.7986355100472929,0.15126082024721937,-0.785856893175402
2020-06-28,33.6,24.6,65.2,0.1,4.17,rain,31.0,25.0,1003.3,54.0,12.3,25.4,0.25,Rain,0.04514101777397193,-0.9989806246941579,0.6691306063588583,-0.743144825477394,32.8,31.9,34.5,24.1,23.7,25.9,62.3,63.0,76.7,0.0,2.968,0.2,0.0,4.17,8.33,noprecip,rain,rain,34.6,32.4,19.8,25.0,27.9,15.7,1002.9,1001.8,1001.3,67.9,79.2,65.3,12.0,11.5,8.6,25.7,23.7,15.2,0.21,0.18,0.14,Cloudy,Rain,Rain,0.7095707365365208,0.6018150231520482,0.9884938868086836,-0.7046342099635947,-0.7986355100472929,0.15126082024721937
2020-06-29,32.7,25.5,70.6,0.099,4.17,rain,29.5,23.2,1002.8,59.5,11.0,23.3,0.28,Rain,0.02795029824021032,-0.999609314096404,0.8161375900801604,-0.5778576243835052,33.6,32.8,31.9,24.6,24.1,23.7,65.2,62.3,63.0,0.1,0.0,2.968,4.17,0.0,4.17,rain,noprecip,rain,31.0,34.6,32.4,25.0,25.0,27.9,1003.3,1002.9,1001.8,54.0,67.9,79.2,12.3,12.0,11.5,25.4,25.7,23.7,0.25,0.21,0.18,Rain,Cloudy,Rain,0.6691306063588583,0.7095707365365208,0.6018150231520482,-0.743144825477394,-0.7046342099635947,-0.7986355100472929
2020-06-30,31.9,25.3,69.1,0.7,12.5,rain,26.3,24.1,1001.6,58.9,10.0,21.4,0.32,Rain,0.01075130776352193,-0.9999422030204416,0.8625136692072574,-0.506033764121164,32.7,33.6,32.8,25.5,24.6,24.1,70.6,65.2,62.3,0.099,0.1,0.0,4.17,4.17,0.0,rain,rain,noprecip,29.5,31.0,34.6,23.2,25.0,25.0,1002.8,1003.3,1002.9,59.5,54.0,67.9,11.0,12.3,12.0,23.3,25.4,25.7,0.28,0.25,0.21,Rain,Rain,Cloudy,0.8161375900801604,0.6691306063588583,0.7095707365365208,-0.5778576243835052,-0.743144825477394,-0.7046342099635947
2020-07-01,29.9,24.8,77.1,0.222,4.17,rain,25.9,15.7,1001.1,62.3,9.6,18.6,0.36,Rain,-0.00645086419810515,-0.9999791929590823,0.9999451693655121,-0.010471784116245747,31.9,32.7,33.6,25.3,25.5,24.6,69.1,70.6,65.2,0.7,0.099,0.1,12.5,4.17,4.17,rain,rain,rain,26.3,29.5,31.0,24.1,23.2,25.0,1001.6,1002.8,1003.3,58.9,59.5,54.0,10.0,11.0,12.3,21.4,23.3,25.4,0.32,0.28,0.25,Rain,Rain,Rain,0.8625136692072574,0.8161375900801604,0.6691306063588583,-0.506033764121164,-0.5778576243835052,-0.743144825477394
2020-07-02,26.5,25.1,76.1,0.084,4.17,rain,21.2,16.5,1001.4,51.5,9.1,14.4,0.39,Rain,-0.023651127245231586,-0.9997202729664083,0.9927573419294455,-0.1201368388346471,29.9,31.9,32.7,24.8,25.3,25.5,77.1,69.1,70.6,0.222,0.7,0.099,4.17,12.5,4.17,rain,rain,rain,25.9,26.3,29.5,15.7,24.1,23.2,1001.1,1001.6,1002.8,62.3,58.9,59.5,9.6,10.0,11.0,18.6,21.4,23.3,0.36,0.32,0.28,Rain,Rain,Rain,0.9999451693655121,0.8625136692072574,0.8161375900801604,-0.010471784116245747,-0.506033764121164,-0.5778576243835052
2020-07-03,33.6,25.5,77.2,0.533,12.5,rain,22.7,20.5,1004.1,58.2,9.2,11.4,0.43,Rain,-0.04084439154329611,-0.9991655196610109,0.9759167619387474,-0.21814324139654234,26.5,29.9,31.9,25.1,24.8,25.3,76.1,77.1,69.1,0.084,0.222,0.7,4.17,4.17,12.5,rain,rain,rain,21.2,25.9,26.3,16.5,15.7,24.1,1001.4,1001.1,1001.6,51.5,62.3,58.9,9.1,9.6,10.0,14.4,18.6,21.4,0.39,0.36,0.32,Rain,Rain,Rain,0.9927573419294455,0.9999451693655121,0.8625136692072574,-0.1201368388346471,-0.010471784116245747,-0.506033764121164
2020-07-04,26.0,25.2,81.2,41.56,12.5,rain,23.0,13.2,1005.5,58.9,9.5,13.0,0.46,Rain,-0.05802556932878035,-0.9983150972033183,0.9925461516413221,-0.12186934340514737,33.6,26.5,29.9,25.5,25.1,24.8,77.2,76.1,77.1,0.533,0.084,0.222,12.5,4.17,4.17,rain,rain,rain,22.7,21.2,25.9,20.5,16.5,15.7,1004.1,1001.4,1001.1,58.2,51.5,62.3,9.2,9.1,9.6,11.4,14.4,18.6,0.43,0.39,0.36,Rain,Rain,Rain,0.9759167619387474,0.9927573419294455,0.9999451693655121,-0.21814324139654234,-0.1201368388346471,-0.010471784116245747
2020-07-05,32.7,25.3,74.1,1.3,25.0,rain,24.8,25.9,1003.6,61.4,9.9,18.9,0.5,Rain,-0.07518957641475855,-0.9971692572470178,0.8694949295052191,-0.4939418665842308,26.0,33.6,26.5,25.2,25.5,25.1,81.2,77.2,76.1,41.56,0.533,0.084,12.5,12.5,4.17,rain,rain,rain,23.0,22.7,21.2,13.2,20.5,16.5,1005.5,1004.1,1001.4,58.9,58.2,51.5,9.5,9.2,9.1,13.0,11.4,14.4,0.46,0.43,0.39,Rain,Rain,Rain,0.9925461516413221,0.9759167619387474,0.9927573419294455,-0.12186934340514737,-0.21814324139654234,-0.1201368388346471
2020-07-06,29.7,25.1,70.8,1.0,8.33,rain,31.3,21.4,1003.2,54.6,10.4,21.4,0.53,Rain,-0.09233133369539122,-0.9957283388645872,0.8028174751911145,-0.5962248749656159,32.7,26.0,33.6,25.3,25.2,25.5,74.1,81.2,77.2,1.3,41.56,0.533,25.0,12.5,12.5,rain,rain,rain,24.8,23.0,22.7,25.9,13.2,20.5,1003.6,1005.5,1004.1,61.4,58.9,58.2,9.9,9.5,9.2,18.9,13.0,11.4,0.5,0.46,0.43,Rain,Rain,Rain,0.8694949295052191,0.9925461516413221,0.9759167619387474,-0.4939418665842308,-0.12186934340514737,-0.21814324139654234
2020-07-07,35.1,25.6,70.6,0.0,0.0,noprecip,35.3,25.9,1005.3,58.7,10.4,25.1,0.56,Cloudy,-0.10944576864891556,-0.993992768446958,0.6626200482157374,-0.7489557207890022,29.7,32.7,26.0,25.1,25.3,25.2,70.8,74.1,81.2,1.0,1.3,41.56,8.33,25.0,12.5,rain,rain,rain,31.3,24.8,23.0,21.4,25.9,13.2,1003.2,1003.6,1005.5,54.6,61.4,58.9,10.4,9.9,9.5,21.4,18.9,13.0,0.53,0.5,0.46,Rain,Rain,Rain,0.8028174751911145,0.8694949295052191,0.9925461516413221,-0.5962248749656159,-0.4939418665842308,-0.12186934340514737
2020-07-08,34.5,24.8,65.2,0.0,0.0,noprecip,28.1,24.1,1003.7,75.1,11.3,24.6,0.6,Cloudy,-0.12652781683868314,-0.9919630595773397,0.549022817998132,-0.83580736136827,35.1,29.7,32.7,25.6,25.1,25.3,70.6,70.8,74.1,0.0,1.0,1.3,0.0,8.33,25.0,noprecip,rain,rain,35.3,31.3,24.8,25.9,21.4,25.9,1005.3,1003.2,1003.6,58.7,54.6,61.4,10.4,10.4,9.9,25.1,21.4,18.9,0.56,0.53,0.5,Cloudy,Rain,Rain,0.6626200482157374,0.8028174751911145,0.8694949295052191,-0.7489557207890022,-0.5962248749656159,-0.4939418665842308
2020-07-09,33.6,23.6,58.7,0.0,0.0,noprecip,30.2,22.3,1000.3,73.8,10.0,23.7,0.63,Cloudy,-0.1435724234118113,-0.9896398128792412,-0.3387379202452915,-0.9408807689542255,34.5,35.1,29.7,24.8,25.6,25.1,65.2,70.6,70.8,0.0,0.0,1.0,0.0,0.0,8.33,noprecip,noprecip,rain,28.1,35.3,31.3,24.1,25.9,21.4,1003.7,1005.3,1003.2,75.1,58.7,54.6,11.3,10.4,10.4,24.6,25.1,21.4,0.6,0.56,0.53,Cloudy,Cloudy,Rain,0.549022817998132,0.6626200482157374,0.8028174751911145,-0.83580736136827,-0.7489557207890022,-0.5962248749656159
2020-07-10,34.5,23.5,59.1,0.0,0.0,noprecip,29.9,18.5,1000.2,86.7,11.7,18.2,0.66,Cloudy,-0.16057454459499376,-0.9870237158387383,-0.5015107371594574,-0.8651514205697044,33.6,34.5,35.1,23.6,24.8,25.6,58.7,65.2,70.6,0.0,0.0,0.0,0.0,0.0,0.0,noprecip,noprecip,noprecip,30.2,28.1,35.3,22.3,24.1,25.9,1000.3,1003.7,1005.3,73.8,75.1,58.7,10.0,11.3,10.4,23.7,24.6,25.1,0.63,0.6,0.56,Cloudy,Cloudy,Cloudy,-0.3387379202452915,0.549022817998132,0.6626200482157374,-0.9408807689542255,-0.83580736136827,-0.7489557207890022
2020-07-11,32.7,22.8,61.6,0.194,8.33,rain,27.7,17.5,1001.9,87.4,10.1,11.0,0.69,Rain,-0.17752914918703497,-0.984115542601034,-0.601815023152048,-0.798635510047293,34.5,33.6,34.5,23.5,23.6,24.8,59.1,58.7,65.2,0.0,0.0,0.0,0.0,0.0,0.0,noprecip,noprecip,noprecip,29.9,30.2,28.1,18.5,22.3,24.1,1000.2,1000.3,1003.7,86.7,73.8,75.1,11.7,10.0,11.3,18.2,23.7,24.6,0.66,0.63,0.6,Cloudy,Cloudy,Cloudy,-0.5015107371594574,-0.3387379202452915,0.549022817998132,-0.8651514205697044,-0.9408807689542255,-0.83580736136827
2020-07-12,32.5,23.8,67.6,0.0,0.0,noprecip,24.8,16.5,1003.0,52.7,9.8,14.1,0.73,Cloudy,-0.19443122004766195,-0.9809161537413774,-0.23853345757858088,-0.9711342799096361,32.7,34.5,33.6,22.8,23.5,23.6,61.6,59.1,58.7,0.194,0.0,0.0,8.33,0.0,0.0,rain,noprecip,noprecip,27.7,29.9,30.2,17.5,18.5,22.3,1001.9,1000.2,1000.3,87.4,86.7,73.8,10.1,11.7,10.0,11.0,18.2,23.7,0.69,0.66,0.63,Rain,Cloudy,Cloudy,-0.601815023152048,-0.5015107371594574,-0.3387379202452915,-0.798635510047293,-0.8651514205697044,-0.9408807689542255
2020-07-13,32.3,24.2,65.7,0.3,4.17,rain,26.3,21.4,1004.9,34.2,11.2,25.1,0.75,Rain,-0.2112757555821793,-0.9774264960104055,0.6678325554710466,-0.7443115462311541,32.5,32.7,34.5,23.8,22.8,23.5,67.6,61.6,59.1,0.0,0.194,0.0,0.0,8.33,0.0,noprecip,rain,noprecip,24.8,27.7,29.9,16.5,17.5,18.5,1003.0,1001.9,1000.2,52.7,87.4,86.7,9.8,10.1,11.7,14.1,11.0,18.2,0.73,0.69,0.66,Cloudy,Rain,Cloudy,-0.23853345757858088,-0.601815023152048,-0.5015107371594574,-0.9711342799096361,-0.798635510047293,-0.8651514205697044
2020-07-14,25.0,24.0,68.3,0.4,16.67,rain,22.3,20.4,1006.1,37.4,10.7,22.8,0.79,Rain,-0.2280577712215198,-0.9736476020539838,-0.15298583628403817,-0.9882283814465528,32.3,32.5,32.7,24.2,23.8,22.8,65.7,67.6,61.6,0.3,0.0,0.194,4.17,0.0,8.33,rain,noprecip,rain,26.3,24.8,27.7,21.4,16.5,17.5,1004.9,1003.0,1001.9,34.2,52.7,87.4,11.2,9.8,10.1,25.1,14.1,11.0,0.75,0.73,0.69,Rain,Cloudy,Rain,0.6678325554710466,-0.23853345757858088,-0.601815023152048,-0.7443115462311541,-0.9711342799096361,-0.798635510047293
2020-07-15,34.1,25.0,67.4,0.1,4.17,rain,30.2,24.1,1004.0,39.9,10.2,24.6,0.82,Rain,-0.24477230089725957,-0.9695805901076308,0.715692733703736,-0.6984152854310057,25.0,32.3,32.5,24.0,24.2,23.8,68.3,65.7,67.6,0.4,0.3,0.0,16.67,4.17,0.0,rain,rain,noprecip,22.3,26.3,24.8,20.4,21.4,16.5,1006.1,1004.9,1003.0,37.4,34.2,52.7,10.7,11.2,9.8,22.8,25.1,14.1,0.79,0.75,0.73,Rain,Rain,Cloudy,-0.15298583628403817,0.6678325554710466,-0.23853345757858088,-0.9882283814465528,-0.7443115462311541,-0.9711342799096361
2020-07-16,34.1,25.1,68.9,0.1,4.17,rain,30.6,22.3,1003.4,55.0,10.5,23.3,0.85,Rain,-0.2614143985111562,-0.965226663665613,0.8038568606172174,-0.5948227867513411,34.1,25.0,32.3,25.0,24.0,24.2,67.4,68.3,65.7,0.1,0.4,0.3,4.17,16.67,4.17,rain,rain,rain,30.2,22.3,26.3,24.1,20.4,21.4,1004.0,1006.1,1004.9,39.9,37.4,34.2,10.2,10.7,11.2,24.6,22.8,25.1,0.82,0.79,0.75,Rain,Rain,Rain,0.715692733703736,-0.15298583628403817,0.6678325554710466,-0.6984152854310057,-0.9882283814465528,-0.7443115462311541
2020-07-17,35.1,24.6,64.9,0.0,0.0,noprecip,30.6,24.1,1003.9,65.8,11.3,25.1,0.89,Cloudy,-0.2779791393987801,-0.9605871111248129,0.6454576877239505,-0.7637960286346422,34.1,34.1,25.0,25.1,25.0,24.0,68.9,67.4,68.3,0.1,0.1,0.4,4.17,4.17,16.67,rain,rain,rain,30.6,30.2,22.3,22.3,24.1,20.4,1003.4,1004.0,1006.1,55.0,39.9,37.4,10.5,10.2,10.7,23.3,24.6,22.8,0.85,0.82,0.79,Rain,Rain,Rain,0.8038568606172174,0.715692733703736,-0.15298583628403817,-0.5948227867513411,-0.6984152854310057,-0.9882283814465528
2020-07-18,35.1,24.4,63.0,0.2,4.17,rain,29.2,20.5,1004.1,71.6,11.0,25.3,0.92,Rain,-0.2944616217868012,-0.9556633054034704,0.45709792705869406,-0.8894163732912975,35.1,34.1,34.1,24.6,25.1,25.0,64.9,68.9,67.4,0.0,0.1,0.1,0.0,4.17,4.17,noprecip,rain,rain,30.6,30.6,30.2,24.1,22.3,24.1,1003.9,1003.4,1004.0,65.8,55.0,39.9,11.3,10.5,10.2,25.1,23.3,24.6,0.89,0.85,0.82,Cloudy,Rain,Rain,0.6454576877239505,0.8038568606172174,0.715692733703736,-0.7637960286346422,-0.5948227867513411,-0.6984152854310057
2020-07-19,35.4,24.3,63.2,4.1,16.67,rain,34.9,20.5,1003.4,67.6,11.0,24.1,0.95,Rain,-0.3108569682435036,-0.9504567035349151,0.4969739610275555,-0.8677654533689283,35.1,35.1,34.1,24.4,24.6,25.1,63.0,64.9,68.9,0.2,0.0,0.1,4.17,0.0,4.17,rain,noprecip,rain,29.2,30.6,30.6,20.5,24.1,22.3,1004.1,1003.9,1003.4,71.6,65.8,55.0,11.0,11.3,10.5,25.3,25.1,23.3,0.92,0.89,0.85,Rain,Cloudy,Rain,0.45709792705869406,0.6454576877239505,0.8038568606172174,-0.8894163732912975,-0.7637960286346422,-0.5948227867513411
2020-07-20,26.0,24.7,78.8,0.198,8.33,rain,24.5,18.6,1005.3,52.2,9.5,14.4,0.98,Rain,-0.3271603271220951,-0.9449688462364056,0.9943379441332046,-0.10626407133623318,35.4,35.1,35.1,24.3,24.4,24.6,63.2,63.0,64.9,4.1,0.2,0.0,16.67,4.17,0.0,rain,rain,noprecip,34.9,29.2,30.6,20.5,20.5,24.1,1003.4,1004.1,1003.9,67.6,71.6,65.8,11.0,11.0,11.3,24.1,25.3,25.1,0.95,0.92,0.89,Rain,Rain,Cloudy,0.4969739610275555,0.45709792705869406,0.6454576877239505,-0.8677654533689283,-0.8894163732912975,-0.7637960286346422
2020-07-21,26.0,25.0,75.7,0.693,8.33,rain,35.3,27.7,1007.3,47.4,9.5,20.3,0.0,Rain,-0.34336687399638804,-0.939201357453208,0.7996846584870907,-0.6004202253258839,26.0,35.4,35.1,24.7,24.3,24.4,78.8,63.2,63.0,0.198,4.1,0.2,8.33,16.67,4.17,rain,rain,rain,24.5,34.9,29.2,18.6,20.5,20.5,1005.3,1003.4,1004.1,52.2,67.6,71.6,9.5,11.0,11.0,14.4,24.1,25.3,0.98,0.95,0.92,Rain,Rain,Rain,0.9943379441332046,0.4969739610275555,0.45709792705869406,-0.10626407133623318,-0.8677654533689283,-0.8894163732912975
2020-07-22,31.7,24.3,69.5,0.5,12.5,rain,33.8,20.5,1007.1,36.1,10.6,23.8,0.05,Rain,-0.3594718130884232,-0.9331559438780432,0.6743023875837236,-0.7384553406258836,26.0,26.0,35.4,25.0,24.7,24.3,75.7,78.8,63.2,0.693,0.198,4.1,8.33,8.33,16.67,rain,rain,rain,35.3,24.5,34.9,27.7,18.6,20.5,1007.3,1005.3,1003.4,47.4,52.2,67.6,9.5,9.5,11.0,20.3,14.4,24.1,0.0,0.98,0.95,Rain,Rain,Rain,0.7996846584870907,0.9943379441332046,0.4969739610275555,-0.6004202253258839,-0.10626407133623318,-0.8677654533689283
2020-07-23,30.3,24.1,68.3,0.3,12.5,rain,28.1,18.4,1007.0,33.3,9.8,23.8,0.09,Rain,-0.3754703786876202,-0.9268343944460494,0.794414620535418,-0.6073758397232868,31.7,26.0,26.0,24.3,25.0,24.7,69.5,75.7,78.8,0.5,0.693,0.198,12.5,8.33,8.33,rain,rain,rain,33.8,35.3,24.5,20.5,27.7,18.6,1007.1,1007.3,1005.3,36.1,47.4,52.2,10.6,9.5,9.5,23.8,20.3,14.4,0.05,0.0,0.98,Rain,Rain,Rain,0.6743023875837236,0.7996846584870907,0.9943379441332046,-0.7384553406258836,-0.6004202253258839,-0.10626407133623318
2020-07-24,30.6,24.4,68.8,0.0,0.0,noprecip,27.0,19.4,1007.2,37.2,9.7,21.9,0.12,Cloudy,-0.3913578365610259,-0.9202385798054075,0.7890840848346906,-0.6142852000989433,30.3,31.7,26.0,24.1,24.3,25.0,68.3,69.5,75.7,0.3,0.5,0.693,12.5,12.5,8.33,rain,rain,rain,28.1,33.8,35.3,18.4,20.5,27.7,1007.0,1007.1,1007.3,33.3,36.1,47.4,9.8,10.6,9.5,23.8,23.8,20.3,0.09,0.05,0.0,Rain,Rain,Rain,0.794414620535418,0.6743023875837236,0.7996846584870907,-0.6073758397232868,-0.7384553406258836,-0.6004202253258839
2020-07-25,30.6,24.8,69.2,0.0,0.0,noprecip,29.9,21.4,1006.1,47.6,9.6,23.1,0.16,Cloudy,-0.4071294853542516,-0.9133704517637858,0.8386705679454239,-0.5446390350150271,30.6,30.3,31.7,24.4,24.1,24.3,68.8,68.3,69.5,0.0,0.3,0.5,0.0,12.5,12.5,noprecip,rain,rain,27.0,28.1,33.8,19.4,18.4,20.5,1007.2,1007.0,1007.1,37.2,33.3,36.1,9.7,9.8,10.6,21.9,23.8,23.8,0.12,0.09,0.05,Cloudy,Rain,Rain,0.7890840848346906,0.794414620535418,0.6743023875837236,-0.6142852000989433,-0.6073758397232868,-0.7384553406258836
2020-07-26,25.9,24.7,74.2,0.011,4.17,rain,50.0,27.0,1004.7,72.6,9.8,23.1,0.2,Rain,-0.4227806579826773,-0.9062320427107697,0.8007313709487335,-0.5990235985155857,30.6,30.6,30.3,24.8,24.4,24.1,69.2,68.8,68.3,0.0,0.0,0.3,0.0,0.0,12.5,noprecip,noprecip,rain,29.9,27.0,28.1,21.4,19.4,18.4,1006.1,1007.2,1007.0,47.6,37.2,33.3,9.6,9.7,9.8,23.1,21.9,23.8,0.16,0.12,0.09,Cloudy,Cloudy,Rain,0.8386705679454239,0.7890840848346906,0.794414620535418,-0.5446390350150271,-0.6142852000989433,-0.6073758397232868
2020-07-27,26.0,24.1,77.2,3.0,16.67,rain,26.3,13.0,1004.2,69.0,8.9,15.6,0.25,Rain,-0.4383067230125192,-0.898825465016444,0.6971651028545646,0.7169106076504828,25.9,30.6,30.6,24.7,24.8,24.4,74.2,69.2,68.8,0.011,0.0,0.0,4.17,0.0,0.0,rain,noprecip,noprecip,50.0,29.9,27.0,27.0,21.4,19.4,1004.7,1006.1,1007.2,72.6,47.6,37.2,9.8,9.6,9.7,23.1,23.1,21.9,0.2,0.16,0.12,Rain,Cloudy,Cloudy,0.8007313709487335,0.8386705679454239,0.7890840848346906,-0.5990235985155857,-0.5446390350150271,-0.6142852000989433
2020-07-28,26.0,24.2,75.7,0.084,8.33,rain,22.7,17.5,1005.4,55.9,7.7,10.0,0.27,Rain,-0.45370308603134424,-0.8911529104063088,0.9792228106217657,0.20278729535651271,26.0,25.9,30.6,24.1,24.7,24.8,77.2,74.2,69.2,3.0,0.011,0.0,16.67,4.17,0.0,rain,rain,noprecip,26.3,50.0,29.9,13.0,27.0,21.4,1004.2,1004.7,1006.1,69.0,72.6,47.6,8.9,9.8,9.6,15.6,23.1,23.1,0.25,0.2,0.16,Rain,Rain,Cloudy,0.6971651028545646,0.8007313709487335,0.8386705679454239,0.7169106076504828,-0.5990235985155857,-0.5446390350150271
2020-07-29,30.1,24.6,74.3,8.4,37.5,rain,22.0,14.8,1005.4,51.6,8.0,19.6,0.3,Rain,-0.46896519100763184,-0.8832166493127127,0.9537169507482269,-0.30070579950427295,26.0,26.0,25.9,24.2,24.1,24.7,75.7,77.2,74.2,0.084,3.0,0.011,8.33,16.67,4.17,rain,rain,rain,22.7,26.3,50.0,17.5,13.0,27.0,1005.4,1004.2,1004.7,55.9,69.0,72.6,7.7,8.9,9.8,10.0,15.6,23.1,0.27,0.25,0.2,Rain,Rain,Rain,0.9792228106217657,0.6971651028545646,0.8007313709487335,0.20278729535651271,0.7169106076504828,-0.5990235985155857
2020-07-30,30.6,24.3,67.4,1.2,20.83,rain,23.4,18.5,1004.9,51.1,9.3,22.0,0.34,Rain,-0.48408852163897587,-0.8750190302029955,0.944948912157531,-0.3272178989791036,30.1,26.0,26.0,24.6,24.2,24.1,74.3,75.7,77.2,8.4,0.084,3.0,37.5,8.33,16.67,rain,rain,rain,22.0,22.7,26.3,14.8,17.5,13.0,1005.4,1005.4,1004.2,51.6,55.9,69.0,8.0,7.7,8.9,19.6,10.0,15.6,0.3,0.27,0.25,Rain,Rain,Rain,0.9537169507482269,0.9792228106217657,0.6971651028545646,-0.30070579950427295,0.20278729535651271,0.7169106076504828
2020-07-31,32.7,25.1,76.1,19.81,8.33,rain,22.0,16.8,1003.3,36.5,9.0,20.3,0.38,Rain,-0.4990686026885319,-0.8665624788845385,0.8329212407100995,0.5533915492433441,30.6,30.1,26.0,24.3,24.6,24.2,67.4,74.3,75.7,1.2,8.4,0.084,20.83,37.5,8.33,rain,rain,rain,23.4,22.0,22.7,18.5,14.8,17.5,1004.9,1005.4,1005.4,51.1,51.6,55.9,9.3,8.0,7.7,22.0,19.6,10.0,0.34,0.3,0.27,Rain,Rain,Rain,0.944948912157531,0.9537169507482269,0.9792228106217657,-0.3272178989791036,-0.30070579950427295,0.20278729535651271
2020-08-01,26.5,24.3,75.2,8.067,12.5,rain,36.7,21.2,999.3,72.1,9.7,5.2,0.41,Rain,-0.5139010013093103,-0.8578494977869301,0.05407881298477529,0.9985366703262117,32.7,30.6,30.1,25.1,24.3,24.6,76.1,67.4,74.3,19.81,1.2,8.4,8.33,20.83,37.5,rain,rain,rain,22.0,23.4,22.0,16.8,18.5,14.8,1003.3,1004.9,1005.4,36.5,51.1,51.6,9.0,9.3,8.0,20.3,22.0,19.6,0.38,0.34,0.3,Rain,Rain,Rain,0.8329212407100995,0.944948912157531,0.9537169507482269,0.5533915492433441,-0.3272178989791036,-0.30070579950427295
2020-08-02,25.5,24.3,86.3,66.526,29.17,rain,61.2,28.6,997.7,61.8,8.5,4.8,0.45,Rain,-0.5285813283559292,-0.8488826652214553,0.4352310993723275,0.9003187714021935,26.5,32.7,30.6,24.3,25.1,24.3,75.2,76.1,67.4,8.067,19.81,1.2,12.5,8.33,20.83,rain,rain,rain,36.7,22.0,23.4,21.2,16.8,18.5,999.3,1003.3,1004.9,72.1,36.5,51.1,9.7,9.0,9.3,5.2,20.3,22.0,0.41,0.38,0.34,Rain,Rain,Rain,0.05407881298477529,0.8329212407100995,0.944948912157531,0.9985366703262117,0.5533915492433441,-0.3272178989791036
2020-08-03,25.0,24.5,85.8,3.96,8.33,rain,21.6,17.6,999.8,69.7,9.5,6.7,0.5,Rain,-0.5431052396834317,-0.8396646346181327,0.846193166127564,0.53287627607073,25.5,26.5,32.7,24.3,24.3,25.1,86.3,75.2,76.1,66.526,8.067,19.81,29.17,12.5,8.33,rain,rain,rain,61.2,36.7,22.0,28.6,21.2,16.8,997.7,999.3,1003.3,61.8,72.1,36.5,8.5,9.7,9.0,4.8,5.2,20.3,0.45,0.41,0.38,Rain,Rain,Rain,0.4352310993723275,0.05407881298477529,0.8329212407100995,0.9003187714021935,0.9985366703262117,0.5533915492433441
2020-08-04,26.0,25.0,86.5,6.19,12.5,rain,24.1,16.5,1001.1,72.7,9.5,6.5,0.52,Rain,-0.5574684374327892,-0.8301981337405212,0.9812926639922452,-0.1925219665259073,25.0,25.5,26.5,24.5,24.3,24.3,85.8,86.3,75.2,3.96,66.526,8.067,8.33,29.17,12.5,rain,rain,rain,21.6,61.2,36.7,17.6,28.6,21.2,999.8,997.7,999.3,69.7,61.8,72.1,9.5,8.5,9.7,6.7,4.8,5.2,0.5,0.45,0.41,Rain,Rain,Rain,0.846193166127564,0.4352310993723275,0.05407881298477529,0.53287627607073,0.9003187714021935,0.9985366703262117
2020-08-05,26.0,25.1,88.3,41.863,12.5,rain,19.8,13.0,1003.3,72.5,7.7,5.0,0.55,Rain,-0.5716666713027052,-0.8204859638785327,0.8995577789551802,-0.43680178836770245,26.0,25.0,25.5,25.0,24.5,24.3,86.5,85.8,86.3,6.19,3.96,66.526,12.5,8.33,29.17,rain,rain,rain,24.1,21.6,61.2,16.5,17.6,28.6,1001.1,999.8,997.7,72.7,69.7,61.8,9.5,9.5,8.5,6.5,6.7,4.8,0.52,0.5,0.45,Rain,Rain,Rain,0.9812926639922452,0.846193166127564,0.4352310993723275,-0.1925219665259073,0.53287627607073,0.9003187714021935
2020-08-06,25.5,25.2,89.9,3.515,12.5,rain,22.0,14.8,1005.6,74.8,8.5,5.9,0.58,Rain,-0.5856957398073508,-0.8105309990194823,0.9770455744352636,-0.21303038627497647,26.0,26.0,25.0,25.1,25.0,24.5,88.3,86.5,85.8,41.863,6.19,3.96,12.5,12.5,8.33,rain,rain,rain,19.8,24.1,21.6,13.0,16.5,17.6,1003.3,1001.1,999.8,72.5,72.7,69.7,7.7,9.5,9.5,5.0,6.5,6.7,0.55,0.52,0.5,Rain,Rain,Rain,0.8995577789551802,0.9812926639922452,0.846193166127564,-0.43680178836770245,-0.1925219665259073,0.53287627607073
2020-08-07,26.0,24.9,87.0,35.063,12.5,rain,31.0,14.7,1005.8,63.2,9.6,14.3,0.61,Rain,-0.5995514915196489,-0.8003361849976323,0.9999025240093042,-0.013962180339145008,25.5,26.0,26.0,25.2,25.1,25.0,89.9,88.3,86.5,3.515,41.863,6.19,12.5,12.5,12.5,rain,rain,rain,22.0,19.8,24.1,14.8,13.0,16.5,1005.6,1003.3,1001.1,74.8,72.5,72.7,8.5,7.7,9.5,5.9,5.0,6.5,0.58,0.55,0.52,Rain,Rain,Rain,0.9770455744352636,0.8995577789551802,0.9812926639922452,-0.21303038627497647,-0.43680178836770245,-0.1925219665259073
2020-08-08,26.0,25.0,76.8,0.5,8.33,rain,30.2,17.5,1004.3,58.2,9.1,19.4,0.65,Rain,-0.6132298262997502,-0.7899045386224707,0.8837656300886935,-0.46792981426057323,26.0,25.5,26.0,24.9,25.2,25.1,87.0,89.9,88.3,35.063,3.515,41.863,12.5,12.5,12.5,rain,rain,rain,31.0,22.0,19.8,14.7,14.8,13.0,1005.8,1005.6,1003.3,63.2,74.8,72.5,9.6,8.5,7.7,14.3,5.9,5.0,0.61,0.58,0.55,Rain,Rain,Rain,0.9999025240093042,0.9770455744352636,0.8995577789551802,-0.013962180339145008,-0.21303038627497647,-0.43680178836770245
2020-08-09,30.6,25.7,77.2,0.297,4.17,rain,24.1,18.5,1002.4,42.9,9.1,19.3,0.68,Rain,-0.6267266965083301,-0.7792391467859886,0.8902128046111266,-0.4555449072335154,26.0,26.0,25.5,25.0,24.9,25.2,76.8,87.0,89.9,0.5,35.063,3.515,8.33,12.5,12.5,rain,rain,rain,30.2,31.0,22.0,17.5,14.7,14.8,1004.3,1005.8,1005.6,58.2,63.2,74.8,9.1,9.6,8.5,19.4,14.3,5.9,0.65,0.61,0.58,Rain,Rain,Rain,0.8837656300886935,0.9999025240093042,0.9770455744352636,-0.46792981426057323,-0.013962180339145008,-0.21303038627497647
2020-08-10,30.0,25.6,73.3,0.198,4.17,rain,22.7,18.5,1001.2,48.8,9.8,21.6,0.71,Rain,-0.6400381082043503,-0.7683431655492202,0.7095707365365208,-0.7046342099635947,30.6,26.0,26.0,25.7,25.0,24.9,77.2,76.8,87.0,0.297,0.5,35.063,4.17,8.33,12.5,rain,rain,rain,24.1,30.2,31.0,18.5,17.5,14.7,1002.4,1004.3,1005.8,42.9,58.2,63.2,9.1,9.1,9.6,19.3,19.4,14.3,0.68,0.65,0.61,Rain,Rain,Rain,0.8902128046111266,0.8837656300886935,0.9999025240093042,-0.4555449072335154,-0.46792981426057323,-0.013962180339145008
2020-08-11,25.8,24.4,75.4,28.452,8.33,rain,28.1,25.0,1001.8,48.8,10.0,22.5,0.75,Rain,-0.65316012232693,-0.7572198192083127,0.9557930147983302,-0.2940403252323038,30.0,30.6,26.0,25.6,25.7,25.0,73.3,77.2,76.8,0.198,0.297,0.5,4.17,4.17,8.33,rain,rain,rain,22.7,24.1,30.2,18.5,18.5,17.5,1001.2,1002.4,1004.3,48.8,42.9,58.2,9.8,9.1,9.1,21.6,19.3,19.4,0.71,0.68,0.65,Rain,Rain,Rain,0.7095707365365208,0.8902128046111266,0.8837656300886935,-0.7046342099635947,-0.4555449072335154,-0.46792981426057323
2020-08-12,26.5,25.7,77.8,19.852,4.17,rain,25.6,19.5,1004.0,62.5,10.2,21.5,0.78,Rain,-0.666088855860977,-0.7458723993404063,0.9521293927421387,-0.3056953049631056,25.8,30.0,30.6,24.4,25.6,25.7,75.4,73.3,77.2,28.452,0.198,0.297,8.33,4.17,4.17,rain,rain,rain,28.1,22.7,24.1,25.0,18.5,18.5,1001.8,1001.2,1002.4,48.8,48.8,42.9,10.0,9.8,9.1,22.5,21.6,19.3,0.75,0.71,0.68,Rain,Rain,Rain,0.9557930147983302,0.7095707365365208,0.8902128046111266,-0.2940403252323038,-0.7046342099635947,-0.4555449072335154
2020-08-13,25.0,24.5,84.0,14.356,8.33,rain,20.5,24.1,1005.6,69.8,9.8,11.9,0.81,Rain,-0.6788204829862355,-0.734304263829602,0.9472102777460288,-0.3206129905856763,26.5,25.8,30.0,25.7,24.4,25.6,77.8,75.4,73.3,19.852,28.452,0.198,4.17,8.33,4.17,rain,rain,rain,25.6,28.1,22.7,19.5,25.0,18.5,1004.0,1001.8,1001.2,62.5,48.8,48.8,10.2,10.0,9.8,21.5,22.5,21.6,0.78,0.75,0.71,Rain,Rain,Rain,0.9521293927421387,0.9557930147983302,0.7095707365365208,-0.3056953049631056,-0.2940403252323038,-0.7046342099635947
2020-08-14,25.0,24.0,86.2,8.486,12.5,rain,26.3,19.4,1006.1,73.0,9.1,9.4,0.84,Rain,-0.6913512362094071,-0.722518835873311,0.8562670846003282,-0.5165333288666418,25.0,26.5,25.8,24.5,25.7,24.4,84.0,77.8,75.4,14.356,19.852,28.452,8.33,4.17,8.33,rain,rain,rain,20.5,25.6,28.1,24.1,19.5,25.0,1005.6,1004.0,1001.8,69.8,62.5,48.8,9.8,10.2,10.0,11.9,21.5,22.5,0.81,0.78,0.75,Rain,Rain,Rain,0.9472102777460288,0.9521293927421387,0.9557930147983302,-0.3206129905856763,-0.3056953049631056,-0.2940403252323038
2020-08-15,24.5,24.3,84.1,0.001,4.17,rain,30.2,20.3,1005.2,66.6,9.5,17.9,0.87,Rain,-0.7036774074790128,-0.7105196029692745,0.9892723329629883,-0.14608302856241176,25.0,25.0,26.5,24.0,24.5,25.7,86.2,84.0,77.8,8.486,14.356,19.852,12.5,8.33,4.17,rain,rain,rain,26.3,20.5,25.6,19.4,24.1,19.5,1006.1,1005.6,1004.0,73.0,69.8,62.5,9.1,9.8,10.2,9.4,11.9,21.5,0.84,0.81,0.78,Rain,Rain,Rain,0.8562670846003282,0.9472102777460288,0.9521293927421387,-0.5165333288666418,-0.3206129905856763,-0.3056953049631056
2020-08-16,25.0,24.0,83.7,18.697,12.5,rain,29.9,16.6,1004.4,61.4,9.3,12.0,0.91,Rain,-0.7157953492826642,-0.6983101158835584,0.99780146829205,-0.06627390039999995,24.5,25.0,25.0,24.3,24.0,24.5,84.1,86.2,84.0,0.001,8.486,14.356,4.17,12.5,8.33,rain,rain,rain,30.2,26.3,20.5,20.3,19.4,24.1,1005.2,1006.1,1005.6,66.6,73.0,69.8,9.5,9.1,9.8,17.9,9.4,11.9,0.87,0.84,0.81,Rain,Rain,Rain,0.9892723329629883,0.8562670846003282,0.9472102777460288,-0.14608302856241176,-0.5165333288666418,-0.3206129905856763
2020-08-17,25.0,24.0,87.3,4.948,8.33,rain,37.1,19.4,1004.5,70.5,8.3,13.6,0.94,Rain,-0.7277014757264236,-0.6858939875998223,0.9929655081065369,-0.11840396830650105,25.0,24.5,25.0,24.0,24.3,24.0,83.7,84.1,86.2,18.697,0.001,8.486,12.5,4.17,12.5,rain,rain,rain,29.9,30.2,26.3,16.6,20.3,19.4,1004.4,1005.2,1006.1,61.4,66.6,73.0,9.3,9.5,9.1,12.0,17.9,9.4,0.91,0.87,0.84,Rain,Rain,Rain,0.99780146829205,0.9892723329629883,0.8562670846003282,-0.06627390039999995,-0.14608302856241176,-0.5165333288666418
2020-08-18,25.0,24.1,87.7,52.094,12.5,rain,29.2,18.5,1005.2,73.4,9.5,8.5,0.97,Rain,-0.7393922635959241,-0.673274892250183,0.9993283937786562,-0.03664370870655615,25.0,25.0,24.5,24.0,24.0,24.3,87.3,83.7,84.1,4.948,18.697,0.001,8.33,12.5,4.17,rain,rain,rain,37.1,29.9,30.2,19.4,16.6,20.3,1004.5,1004.4,1005.2,70.5,61.4,66.6,8.3,9.3,9.5,13.6,12.0,17.9,0.94,0.91,0.87,Rain,Rain,Rain,0.9929655081065369,0.99780146829205,0.9892723329629883,-0.11840396830650105,-0.06627390039999995,-0.14608302856241176
2020-08-19,25.6,24.0,81.7,47.422,16.67,rain,20.2,11.2,1005.0,61.6,9.5,6.2,0.0,Rain,-0.7508642533989489,-0.6604565640279754,0.8763066800438636,0.4817536741017153,25.0,25.0,25.0,24.1,24.0,24.0,87.7,87.3,83.7,52.094,4.948,18.697,12.5,8.33,12.5,rain,rain,rain,29.2,37.1,29.9,18.5,19.4,16.6,1005.2,1004.5,1004.4,73.4,70.5,61.4,9.5,8.3,9.3,8.5,13.6,12.0,0.97,0.94,0.91,Rain,Rain,Rain,0.9993283937786562,0.9929655081065369,0.99780146829205,-0.03664370870655615,-0.11840396830650105,-0.06627390039999995
2020-08-20,26.0,24.3,79.3,0.1,8.33,rain,18.7,13.9,1006.4,54.3,9.1,11.6,0.04,Rain,-0.7621140503891487,-0.6474427960827475,0.9114032766354453,-0.41151435860510877,25.6,25.0,25.0,24.0,24.1,24.0,81.7,87.7,87.3,47.422,52.094,4.948,16.67,12.5,8.33,rain,rain,rain,20.2,29.2,37.1,11.2,18.5,19.4,1005.0,1005.2,1004.5,61.6,73.4,70.5,9.5,9.5,8.3,6.2,8.5,13.6,0.0,0.97,0.94,Rain,Rain,Rain,0.8763066800438636,0.9993283937786562,0.9929655081065369,0.4817536741017153,-0.03664370870655615,-0.11840396830650105
2020-08-21,25.5,23.8,77.5,50.492,8.33,rain,23.0,12.1,1008.0,67.0,9.8,7.6,0.07,Rain,-0.7731383255706026,-0.6342374393978054,0.894934361602025,-0.4461978131098088,26.0,25.6,25.0,24.3,24.0,24.1,79.3,81.7,87.7,0.1,47.422,52.094,8.33,16.67,12.5,rain,rain,rain,18.7,20.2,29.2,13.9,11.2,18.5,1006.4,1005.0,1005.2,54.3,61.6,73.4,9.1,9.5,9.5,11.6,6.2,8.5,0.04,0.0,0.97,Rain,Rain,Rain,0.9114032766354453,0.8763066800438636,0.9993283937786562,-0.41151435860510877,0.4817536741017153,-0.03664370870655615
2020-08-22,25.7,24.3,79.2,6.781,12.5,rain,20.9,13.0,1007.8,56.0,9.1,12.0,0.11,Rain,-0.7839338166829201,-0.620844401650647,-0.8048937973559145,0.5934188866037009,25.5,26.0,25.6,23.8,24.3,24.0,77.5,79.3,81.7,50.492,0.1,47.422,8.33,8.33,16.67,rain,rain,rain,23.0,18.7,20.2,12.1,13.9,11.2,1008.0,1006.4,1005.0,67.0,54.3,61.6,9.8,9.1,9.5,7.6,11.6,6.2,0.07,0.04,0.0,Rain,Rain,Rain,0.894934361602025,0.9114032766354453,0.8763066800438636,-0.4461978131098088,-0.41151435860510877,0.4817536741017153
2020-08-23,26.0,24.6,74.5,0.099,4.17,rain,27.7,17.5,1006.1,42.2,8.9,18.8,0.15,Rain,-0.7944973291665992,-0.6072676460566135,0.8544588301328075,-0.519519111879509,25.7,25.5,26.0,24.3,23.8,24.3,79.2,77.5,79.3,6.781,50.492,0.1,12.5,8.33,8.33,rain,rain,rain,20.9,23.0,18.7,13.0,12.1,13.9,1007.8,1008.0,1006.4,56.0,67.0,54.3,9.1,9.8,9.1,12.0,7.6,11.6,0.11,0.07,0.04,Rain,Rain,Rain,-0.8048937973559145,0.894934361602025,0.9114032766354453,0.5934188866037009,-0.4461978131098088,-0.41151435860510877
2020-08-24,25.9,24.7,72.6,0.099,4.17,rain,38.9,22.2,1003.9,44.7,10.0,22.0,0.18,Rain,-0.8048257371083452,-0.593511190196115,0.6507742172658509,-0.7592713073348808,26.0,25.7,25.5,24.6,24.3,23.8,74.5,79.2,77.5,0.099,6.781,50.492,4.17,12.5,8.33,rain,rain,rain,27.7,20.9,23.0,17.5,13.0,12.1,1006.1,1007.8,1008.0,42.2,56.0,67.0,8.9,9.1,9.8,18.8,12.0,7.6,0.15,0.11,0.07,Rain,Rain,Rain,0.8544588301328075,-0.8048937973559145,0.894934361602025,-0.519519111879509,0.5934188866037009,-0.4461978131098088
2020-08-25,25.7,23.9,72.9,11.873,4.17,rain,24.8,15.7,1002.8,67.8,9.9,21.6,0.22,Rain,-0.8149159841660791,-0.5795791048257612,-0.8788171126619658,0.4771587602596076,25.9,26.0,25.7,24.7,24.6,24.3,72.6,74.5,79.2,0.099,0.099,6.781,4.17,4.17,12.5,rain,rain,rain,38.9,27.7,20.9,22.2,17.5,13.0,1003.9,1006.1,1007.8,44.7,42.2,56.0,10.0,8.9,9.1,22.0,18.8,12.0,0.18,0.15,0.11,Rain,Rain,Rain,0.6507742172658509,0.8544588301328075,-0.8048937973559145,-0.7592713073348808,-0.519519111879509,0.5934188866037009
2020-08-26,29.9,24.1,67.6,0.1,4.17,rain,27.7,13.9,1001.4,61.4,10.1,21.9,0.25,Rain,-0.8247650844733614,-0.5654755126737576,-0.21473532716706328,0.9766722783341679,25.7,25.9,26.0,23.9,24.7,24.6,72.9,72.6,74.5,11.873,0.099,0.099,4.17,4.17,4.17,rain,rain,rain,24.8,38.9,27.7,15.7,22.2,17.5,1002.8,1003.9,1006.1,67.8,44.7,42.2,9.9,10.0,8.9,21.6,22.0,18.8,0.22,0.18,0.15,Rain,Rain,Rain,-0.8788171126619658,0.6507742172658509,0.8544588301328075,0.4771587602596076,-0.7592713073348808,-0.519519111879509
2020-08-27,32.7,25.4,71.6,0.0,0.0,noprecip,26.6,14.8,1000.4,25.9,8.9,24.1,0.29,Cloudy,-0.8343701235229537,-0.5512045872199277,0.8151277957285542,-0.579281172342679,29.9,25.7,25.9,24.1,23.9,24.7,67.6,72.9,72.6,0.1,11.873,0.099,4.17,4.17,4.17,rain,rain,rain,27.7,24.8,38.9,13.9,15.7,22.2,1001.4,1002.8,1003.9,61.4,67.8,44.7,10.1,9.9,10.0,21.9,21.6,22.0,0.25,0.22,0.18,Rain,Rain,Rain,-0.21473532716706328,-0.8788171126619658,0.6507742172658509,0.9766722783341679,0.4771587602596076,-0.7592713073348808
2020-08-28,33.1,26.1,76.1,1.66,8.33,rain,25.6,15.7,1001.7,36.6,9.0,20.1,0.32,Rain,-0.8437282590292712,-0.5367705514607103,0.9912155402515418,-0.13225639025712213,32.7,29.9,25.7,25.4,24.1,23.9,71.6,67.6,72.9,0.0,0.1,11.873,0.0,4.17,4.17,noprecip,rain,rain,26.6,27.7,24.8,14.8,13.9,15.7,1000.4,1001.4,1002.8,25.9,61.4,67.8,8.9,10.1,9.9,24.1,21.9,21.6,0.29,0.25,0.22,Cloudy,Rain,Rain,0.8151277957285542,-0.21473532716706328,-0.8788171126619658,-0.579281172342679,0.9766722783341679,0.4771587602596076
2020-08-29,32.7,25.8,73.8,3.1,33.33,rain,27.0,17.5,1003.6,47.9,9.5,19.3,0.36,Rain,-0.8528367217694595,-0.522177676659508,0.9055687990111397,-0.42419942274538996,33.1,32.7,29.9,26.1,25.4,24.1,76.1,71.6,67.6,1.66,0.0,0.1,8.33,0.0,4.17,rain,noprecip,rain,25.6,26.6,27.7,15.7,14.8,13.9,1001.7,1000.4,1001.4,36.6,25.9,61.4,9.0,8.9,10.1,20.1,24.1,21.9,0.32,0.29,0.25,Rain,Cloudy,Rain,0.9912155402515418,0.8151277957285542,-0.21473532716706328,-0.13225639025712213,-0.579281172342679,0.9766722783341679
2020-08-30,32.0,25.3,72.7,0.099,4.17,rain,27.7,14.8,1004.8,44.5,9.3,16.2,0.39,Rain,-0.8616928164028521,-0.5074302810827518,0.9505157316277838,-0.3106764296307316,32.7,33.1,32.7,25.8,26.1,25.4,73.8,76.1,71.6,3.1,1.66,0.0,33.33,8.33,0.0,rain,rain,noprecip,27.0,25.6,26.6,17.5,15.7,14.8,1003.6,1001.7,1000.4,47.9,36.6,25.9,9.5,9.0,8.9,19.3,20.1,24.1,0.36,0.32,0.29,Rain,Rain,Cloudy,0.9055687990111397,0.9912155402515418,0.8151277957285542,-0.42419942274538996,-0.13225639025712213,-0.579281172342679
2020-08-31,31.6,25.0,73.6,2.4,25.0,rain,25.2,14.8,1006.7,51.6,9.3,15.6,0.43,Rain,-0.8702939222685674,-0.49253272872205434,-0.4019477766559604,0.9156625933395609,32.0,32.7,33.1,25.3,25.8,26.1,72.7,73.8,76.1,0.099,3.1,1.66,4.17,33.33,8.33,rain,rain,rain,27.7,27.0,25.6,14.8,17.5,15.7,1004.8,1003.6,1001.7,44.5,47.9,36.6,9.3,9.5,9.0,16.2,19.3,20.1,0.39,0.36,0.32,Rain,Rain,Rain,0.9505157316277838,0.9055687990111397,0.9912155402515418,-0.3106764296307316,-0.42419942274538996,-0.13225639025712213
2020-09-01,25.0,23.3,67.2,0.1,4.17,rain,24.5,13.0,1006.7,34.0,9.5,23.6,0.46,Rain,-0.8786374941610001,-0.4774894280028391,-0.8633955506067718,0.504527623815019,31.6,32.0,32.7,25.0,25.3,25.8,73.6,72.7,73.8,2.4,0.099,3.1,25.0,4.17,33.33,rain,rain,rain,25.2,27.7,27.0,14.8,14.8,17.5,1006.7,1004.8,1003.6,51.6,44.5,47.9,9.3,9.3,9.5,15.6,16.2,19.3,0.43,0.39,0.36,Rain,Rain,Rain,-0.4019477766559604,0.9505157316277838,0.9055687990111397,0.9156625933395609,-0.3106764296307316,-0.42419942274538996
2020-09-02,31.0,24.7,68.5,0.099,4.17,rain,19.8,12.1,1006.7,13.9,7.1,23.6,0.5,Rain,-0.886721063082993,-0.46230483047981086,0.7705132427757891,0.6374239897486899,25.0,31.6,32.0,23.3,25.0,25.3,67.2,73.6,72.7,0.1,2.4,0.099,4.17,25.0,4.17,rain,rain,rain,24.5,25.2,27.7,13.0,14.8,14.8,1006.7,1006.7,1004.8,34.0,51.6,44.5,9.5,9.3,9.3,23.6,15.6,16.2,0.46,0.43,0.39,Rain,Rain,Rain,-0.8633955506067718,-0.4019477766559604,0.9505157316277838,0.504527623815019,0.9156625933395609,-0.3106764296307316
2020-09-03,31.9,25.3,73.6,0.989,4.17,rain,18.7,11.2,1007.7,24.6,6.5,19.9,0.53,Rain,-0.8945422369764496,-0.4469834295196741,0.8571673007021122,0.5150380749100544,31.0,25.0,31.6,24.7,23.3,25.0,68.5,67.2,73.6,0.099,0.1,2.4,4.17,4.17,25.0,rain,rain,rain,19.8,24.5,25.2,12.1,13.0,14.8,1006.7,1006.7,1006.7,13.9,34.0,51.6,7.1,9.5,9.3,23.6,23.6,15.6,0.5,0.46,0.43,Rain,Rain,Rain,0.7705132427757891,-0.8633955506067718,-0.4019477766559604,0.6374239897486899,0.504527623815019,0.9156625933395609
2020-09-04,32.7,25.1,71.6,0.7,20.83,rain,22.0,19.5,1007.1,34.5,8.1,19.6,0.57,Rain,-0.9020987014301837,-0.43152975897147144,0.9799247046208296,-0.19936793441719708,31.9,31.0,25.0,25.3,24.7,23.3,73.6,68.5,67.2,0.989,0.099,0.1,4.17,4.17,4.17,rain,rain,rain,18.7,19.8,24.5,11.2,12.1,13.0,1007.7,1006.7,1006.7,24.6,13.9,34.0,6.5,7.1,9.5,19.9,23.6,23.6,0.53,0.5,0.46,Rain,Rain,Rain,0.8571673007021122,0.7705132427757891,-0.8633955506067718,0.5150380749100544,0.6374239897486899,0.504527623815019
2020-09-05,32.7,25.0,69.9,4.1,29.17,rain,23.0,15.7,1005.1,29.2,9.0,18.7,0.6,Rain,-0.9093882203647925,-0.4159483918249421,0.7253743710122879,-0.6883545756937538,32.7,31.9,31.0,25.1,25.3,24.7,71.6,73.6,68.5,0.7,0.989,0.099,20.83,4.17,4.17,rain,rain,rain,22.0,18.7,19.8,19.5,11.2,12.1,1007.1,1007.7,1006.7,34.5,24.6,13.9,8.1,6.5,7.1,19.6,19.9,23.6,0.57,0.53,0.5,Rain,Rain,Rain,0.9799247046208296,0.8571673007021122,0.7705132427757891,-0.19936793441719708,0.5150380749100544,0.6374239897486899
2020-09-06,26.3,25.4,72.8,4.4,20.83,rain,24.5,25.9,1003.2,64.7,9.5,16.8,0.63,Rain,-0.9164086366943458,-0.4002439388573056,0.8642748019537047,-0.5030199466302351,32.7,32.7,31.9,25.0,25.1,25.3,69.9,71.6,73.6,4.1,0.7,0.989,29.17,20.83,4.17,rain,rain,rain,23.0,22.0,18.7,15.7,19.5,11.2,1005.1,1007.1,1007.7,29.2,34.5,24.6,9.0,8.1,6.5,18.7,19.6,19.9,0.6,0.57,0.53,Rain,Rain,Rain,0.7253743710122879,0.9799247046208296,0.8571673007021122,-0.6883545756937538,-0.19936793441719708,0.5150380749100544
2020-09-07,25.0,23.9,85.4,33.651,8.33,rain,33.8,12.1,1005.4,73.5,9.6,6.7,0.66,Rain,-0.9231578729647039,-0.38442104726885545,-0.09758289975915073,0.9952273999818311,26.3,32.7,32.7,25.4,25.0,25.1,72.8,69.9,71.6,4.4,4.1,0.7,20.83,29.17,20.83,rain,rain,rain,24.5,23.0,22.0,25.9,15.7,19.5,1003.2,1005.1,1007.1,64.7,29.2,34.5,9.5,9.0,8.1,16.8,18.7,19.6,0.63,0.6,0.57,Rain,Rain,Rain,0.8642748019537047,0.7253743710122879,0.9799247046208296,-0.5030199466302351,-0.6883545756937538,-0.19936793441719708
2020-09-08,25.0,24.5,82.0,12.9,50.0,rain,17.6,14.8,1008.3,64.8,9.0,9.0,0.7,Rain,-0.9296339319682695,-0.3684843993077793,0.8763066800438636,0.4817536741017153,25.0,26.3,32.7,23.9,25.4,25.0,85.4,72.8,69.9,33.651,4.4,4.1,8.33,20.83,29.17,rain,rain,rain,33.8,24.5,23.0,12.1,25.9,15.7,1005.4,1003.2,1005.1,73.5,64.7,29.2,9.6,9.5,9.0,6.7,16.8,18.7,0.66,0.63,0.6,Rain,Rain,Rain,-0.09758289975915073,0.8642748019537047,0.7253743710122879,0.9952273999818311,-0.5030199466302351,-0.6883545756937538
2020-09-09,26.0,24.8,81.2,0.032,4.17,rain,24.5,19.5,1008.2,68.2,9.2,11.9,0.73,Rain,-0.9358348973349941,-0.35243871088460327,0.9085081775267219,-0.4178670738010765,25.0,25.0,26.3,24.5,23.9,25.4,82.0,85.4,72.8,12.9,33.651,4.4,50.0,8.33,20.83,rain,rain,rain,17.6,33.8,24.5,14.8,12.1,25.9,1008.3,1005.4,1003.2,64.8,73.5,64.7,9.0,9.6,9.5,9.0,6.7,16.8,0.7,0.66,0.63,Rain,Rain,Rain,0.8763066800438636,-0.09758289975915073,0.8642748019537047,0.4817536741017153,0.9952273999818311,-0.5030199466302351
2020-09-10,26.5,25.2,80.4,0.099,4.17,rain,27.4,14.8,1004.9,60.5,9.4,13.9,0.75,Rain,-0.9417589340994617,-0.33628873017668287,0.8729220772698095,-0.48785965913873286,26.0,25.0,25.0,24.8,24.5,23.9,81.2,82.0,85.4,0.032,12.9,33.651,4.17,50.0,8.33,rain,rain,rain,24.5,17.6,33.8,19.5,14.8,12.1,1008.2,1008.3,1005.4,68.2,64.8,73.5,9.2,9.0,9.6,11.9,9.0,6.7,0.73,0.7,0.66,Rain,Rain,Rain,0.9085081775267219,0.8763066800438636,-0.09758289975915073,-0.4178670738010765,0.4817536741017153,0.9952273999818311
2020-09-11,26.0,24.9,79.3,8.5,45.83,rain,25.2,14.3,1005.7,44.6,9.1,8.3,0.79,Rain,-0.9474042892438845,-0.32003923622313857,0.9985366703262117,-0.054078812984774974,26.5,26.0,25.0,25.2,24.8,24.5,80.4,81.2,82.0,0.099,0.032,12.9,4.17,4.17,50.0,rain,rain,rain,27.4,24.5,17.6,14.8,19.5,14.8,1004.9,1008.2,1008.3,60.5,68.2,64.8,9.4,9.2,9.0,13.9,11.9,9.0,0.75,0.73,0.7,Rain,Rain,Rain,0.8729220772698095,0.9085081775267219,0.8763066800438636,-0.48785965913873286,-0.4178670738010765,0.4817536741017153
2020-09-12,25.5,25.9,82.6,0.297,4.17,rain,20.2,14.8,1008.6,46.5,8.6,10.6,0.83,Rain,-0.9527692922168511,-0.30369503751065885,0.9935718556765875,0.11320321376790661,26.0,26.5,26.0,24.9,25.2,24.8,79.3,80.4,81.2,8.5,0.099,0.032,45.83,4.17,4.17,rain,rain,rain,25.2,27.4,24.5,14.3,14.8,19.5,1005.7,1004.9,1008.2,44.6,60.5,68.2,9.1,9.4,9.2,8.3,13.9,11.9,0.79,0.75,0.73,Rain,Rain,Rain,0.9985366703262117,0.8729220772698095,0.9085081775267219,-0.054078812984774974,-0.48785965913873286,-0.4178670738010765
2020-09-13,25.0,24.9,81.2,2.194,8.33,rain,28.1,18.4,1009.8,65.6,9.5,15.2,0.86,Rain,-0.9578523554276669,-0.28726097055059635,0.9557930147983302,-0.2940403252323038,25.5,26.0,26.5,25.9,24.9,25.2,82.6,79.3,80.4,0.297,8.5,0.099,4.17,45.83,4.17,rain,rain,rain,20.2,25.2,27.4,14.8,14.3,14.8,1008.6,1005.7,1004.9,46.5,44.6,60.5,8.6,9.1,9.4,10.6,8.3,13.9,0.83,0.79,0.75,Rain,Rain,Rain,0.9935718556765875,0.9985366703262117,0.8729220772698095,0.11320321376790661,-0.054078812984774974,-0.48785965913873286
2020-09-14,26.0,24.5,80.1,12.567,12.5,rain,26.6,15.9,1008.4,57.5,9.6,13.3,0.89,Rain,-0.9626519747161487,-0.2707418984477642,0.8526401643540923,-0.5224985647159488,25.0,25.5,26.0,24.9,25.9,24.9,81.2,82.6,79.3,2.194,0.297,8.5,8.33,4.17,45.83,rain,rain,rain,28.1,20.2,25.2,18.4,14.8,14.3,1009.8,1008.6,1005.7,65.6,46.5,44.6,9.5,8.6,9.1,15.2,10.6,8.3,0.86,0.83,0.79,Rain,Rain,Rain,0.9557930147983302,0.9935718556765875,0.9985366703262117,-0.2940403252323038,0.11320321376790661,-0.054078812984774974
2020-09-15,26.0,25.3,78.4,0.3,8.33,rain,24.5,18.4,1007.0,60.2,9.0,15.0,0.93,Rain,-0.9671667297977312,-0.2541427094613622,0.8589598969306645,-0.5120428648705714,26.0,25.0,25.5,24.5,24.9,25.9,80.1,81.2,82.6,12.567,2.194,0.297,12.5,8.33,4.17,rain,rain,rain,26.6,28.1,20.2,15.9,18.4,14.8,1008.4,1009.8,1008.6,57.5,65.6,46.5,9.6,9.5,8.6,13.3,15.2,10.6,0.89,0.86,0.83,Rain,Rain,Rain,0.8526401643540923,0.9557930147983302,0.9935718556765875,-0.5224985647159488,-0.2940403252323038,0.11320321376790661
2020-09-16,29.4,25.2,77.0,0.099,4.17,rain,24.1,23.2,1005.6,48.4,9.7,17.4,0.96,Rain,-0.97139528468375,-0.23746831555846842,0.8221440410307375,-0.5692795234308442,26.0,26.0,25.0,25.3,24.5,24.9,78.4,80.1,81.2,0.3,12.567,2.194,8.33,12.5,8.33,rain,rain,rain,24.5,26.6,28.1,18.4,15.9,18.4,1007.0,1008.4,1009.8,60.2,57.5,65.6,9.0,9.6,9.5,15.0,13.3,15.2,0.93,0.89,0.86,Rain,Rain,Rain,0.8589598969306645,0.8526401643540923,0.9557930147983302,-0.5120428648705714,-0.5224985647159488,-0.2940403252323038
2020-09-17,29.6,24.5,72.8,8.1,50.0,rain,24.8,15.7,1004.8,47.4,9.3,16.6,0.0,Rain,-0.9753363880767837,-0.2207236509605022,0.9563047559630354,0.29237170472273677,29.4,26.0,26.0,25.2,25.3,24.5,77.0,78.4,80.1,0.099,0.3,12.567,4.17,8.33,12.5,rain,rain,rain,24.1,24.5,26.6,23.2,18.4,15.9,1005.6,1007.0,1008.4,48.4,60.2,57.5,9.7,9.0,9.6,17.4,15.0,13.3,0.96,0.93,0.89,Rain,Rain,Rain,0.8221440410307375,0.8589598969306645,0.8526401643540923,-0.5692795234308442,-0.5120428648705714,-0.5224985647159488
2020-09-18,26.0,20.8,67.6,0.469,12.5,rain,55.4,23.2,1006.5,78.9,10.0,11.9,0.03,Rain,-0.9789888737409319,-0.20391367068311472,0.10452846326765346,0.9945218953682733,29.6,29.4,26.0,24.5,25.2,25.3,72.8,77.0,78.4,8.1,0.099,0.3,50.0,4.17,8.33,rain,rain,rain,24.8,24.1,24.5,15.7,23.2,18.4,1004.8,1005.6,1007.0,47.4,48.4,60.2,9.3,9.7,9.0,16.6,17.4,15.0,0.0,0.96,0.93,Rain,Rain,Rain,0.9563047559630354,0.8221440410307375,0.8589598969306645,0.29237170472273677,-0.5692795234308442,-0.5120428648705714
2020-09-19,24.0,21.4,81.7,33.676,16.67,rain,35.3,22.3,1008.2,76.9,9.3,3.8,0.06,Rain,-0.9823516608469237,-0.18704334906991657,0.012217000835247169,0.999925369660452,26.0,29.6,29.4,20.8,24.5,25.2,67.6,72.8,77.0,0.469,8.1,0.099,12.5,50.0,4.17,rain,rain,rain,55.4,24.8,24.1,23.2,15.7,23.2,1006.5,1004.8,1005.6,78.9,47.4,48.4,10.0,9.3,9.7,11.9,16.6,17.4,0.03,0.0,0.96,Rain,Rain,Rain,0.10452846326765346,0.9563047559630354,0.8221440410307375,0.9945218953682733,0.29237170472273677,-0.5692795234308442
2020-09-20,24.0,23.1,88.0,2.48,12.5,rain,20.2,10.3,1009.4,67.2,8.0,4.7,0.1,Rain,-0.9854237542919524,-0.17011767832049052,0.39554550256296495,0.9184463813430872,24.0,26.0,29.6,21.4,20.8,24.5,81.7,67.6,72.8,33.676,0.469,8.1,16.67,12.5,50.0,rain,rain,rain,35.3,55.4,24.8,22.3,23.2,15.7,1008.2,1006.5,1004.8,76.9,78.9,47.4,9.3,10.0,9.3,3.8,11.9,16.6,0.06,0.03,0.0,Rain,Rain,Rain,0.012217000835247169,0.10452846326765346,0.9563047559630354,0.999925369660452,0.9945218953682733,0.29237170472273677
2020-09-21,25.0,24.3,80.9,4.5,33.33,rain,28.4,17.5,1008.4,62.1,7.6,10.6,0.13,Rain,-0.9882042449941422,-0.15314166701312007,0.7890840848346906,-0.6142852000989433,24.0,24.0,26.0,23.1,21.4,20.8,88.0,81.7,67.6,2.48,33.676,0.469,12.5,16.67,12.5,rain,rain,rain,20.2,35.3,55.4,10.3,22.3,23.2,1009.4,1008.2,1006.5,67.2,76.9,78.9,8.0,9.3,10.0,4.7,3.8,11.9,0.1,0.06,0.03,Rain,Rain,Rain,0.39554550256296495,0.012217000835247169,0.10452846326765346,0.9184463813430872,0.999925369660452,0.9945218953682733
2020-09-22,25.0,25.1,85.8,0.198,8.33,rain,25.6,15.6,1007.8,59.3,8.9,8.4,0.16,Rain,-0.9906923101615609,-0.13612033862266704,0.7996846584870907,-0.6004202253258839,25.0,24.0,24.0,24.3,23.1,21.4,80.9,88.0,81.7,4.5,2.48,33.676,33.33,12.5,16.67,rain,rain,rain,28.4,20.2,35.3,17.5,10.3,22.3,1008.4,1009.4,1008.2,62.1,67.2,76.9,7.6,8.0,9.3,10.6,4.7,3.8,0.13,0.1,0.06,Rain,Rain,Rain,0.7890840848346906,0.39554550256296495,0.012217000835247169,-0.6142852000989433,0.9184463813430872,0.999925369660452
2020-09-23,25.0,24.6,85.3,0.594,4.17,rain,24.8,18.4,1008.6,57.5,9.1,4.5,0.2,Rain,-0.9928872135356962,-0.11905873003404988,0.8415107819453062,0.5402403204776551,25.0,25.0,24.0,25.1,24.3,23.1,85.8,80.9,88.0,0.198,4.5,2.48,8.33,33.33,12.5,rain,rain,rain,25.6,28.4,20.2,15.6,17.5,10.3,1007.8,1008.4,1009.4,59.3,62.1,67.2,8.9,7.6,8.0,8.4,10.6,4.7,0.16,0.13,0.1,Rain,Rain,Rain,0.7996846584870907,0.7890840848346906,0.39554550256296495,-0.6004202253258839,-0.6142852000989433,0.9184463813430872
2020-09-24,23.0,22.1,80.3,6.926,8.33,rain,22.3,18.4,1010.9,68.7,9.7,8.0,0.25,Rain,-0.994788305609327,-0.10196189005174576,-0.3485720473218155,0.9372819894918915,25.0,25.0,25.0,24.6,25.1,24.3,85.3,85.8,80.9,0.594,0.198,4.5,4.17,8.33,33.33,rain,rain,rain,24.8,25.6,28.4,18.4,15.6,17.5,1008.6,1007.8,1008.4,57.5,59.3,62.1,9.1,8.9,7.6,4.5,8.4,10.6,0.2,0.16,0.13,Rain,Rain,Rain,0.8415107819453062,0.7996846584870907,0.7890840848346906,0.5402403204776551,-0.6004202253258839,-0.6142852000989433
2020-09-25,25.0,23.7,76.4,0.198,4.17,rain,27.4,16.5,1007.8,62.6,9.7,14.3,0.27,Rain,-0.9963950238187231,-0.08483487790576538,0.8562670846003282,-0.5165333288666418,23.0,25.0,25.0,22.1,24.6,25.1,80.3,85.3,85.8,6.926,0.594,0.198,8.33,4.17,8.33,rain,rain,rain,22.3,24.8,25.6,18.4,18.4,15.6,1010.9,1008.6,1007.8,68.7,57.5,59.3,9.7,9.1,8.9,8.0,4.5,8.4,0.25,0.2,0.16,Rain,Rain,Rain,-0.3485720473218155,0.8415107819453062,0.7996846584870907,0.9372819894918915,0.5402403204776551,-0.6004202253258839
2020-09-26,25.0,24.8,79.4,0.851,4.17,rain,20.5,16.8,1006.3,58.0,10.3,12.1,0.3,Rain,-0.9977068927101168,-0.06768276175455162,0.9348256763960145,-0.35510696240813683,25.0,23.0,25.0,23.7,22.1,24.6,76.4,80.3,85.3,0.198,6.926,0.594,4.17,8.33,4.17,rain,rain,rain,27.4,22.3,24.8,16.5,18.4,18.4,1007.8,1010.9,1008.6,62.6,68.7,57.5,9.7,9.7,9.1,14.3,8.0,4.5,0.27,0.25,0.2,Rain,Rain,Rain,0.8562670846003282,-0.3485720473218155,0.8415107819453062,-0.5165333288666418,0.9372819894918915,0.5402403204776551
2020-09-27,24.0,23.2,84.1,35.169,8.33,rain,25.6,21.4,1008.6,68.5,9.8,6.6,0.34,Rain,-0.9987235240803972,-0.050510617185222886,0.5015107371594574,0.8651514205697044,25.0,25.0,23.0,24.8,23.7,22.1,79.4,76.4,80.3,0.851,0.198,6.926,4.17,4.17,8.33,rain,rain,rain,20.5,27.4,22.3,16.8,16.5,18.4,1006.3,1007.8,1010.9,58.0,62.6,68.7,10.3,9.7,9.7,12.1,14.3,8.0,0.3,0.27,0.25,Rain,Rain,Rain,0.9348256763960145,0.8562670846003282,-0.3485720473218155,-0.35510696240813683,-0.5165333288666418,0.9372819894918915
2020-09-28,24.0,23.1,81.5,1.12,8.33,rain,24.1,13.0,1008.7,70.1,9.5,6.7,0.37,Rain,-0.9994446170919858,-0.033323525711631344,0.5475632234925503,0.8367643134589616,24.0,25.0,25.0,23.2,24.8,23.7,84.1,79.4,76.4,35.169,0.851,0.198,8.33,4.17,4.17,rain,rain,rain,25.6,20.5,27.4,21.4,16.8,16.5,1008.6,1006.3,1007.8,68.5,58.0,62.6,9.8,10.3,9.7,6.6,12.1,14.3,0.34,0.3,0.27,Rain,Rain,Rain,0.5015107371594574,0.9348256763960145,0.8562670846003282,0.8651514205697044,-0.35510696240813683,-0.5165333288666418
2020-09-29,25.8,24.3,77.4,0.01,4.17,rain,26.6,16.6,1006.9,55.8,8.0,12.9,0.41,Rain,-0.9998699583618592,-0.016126573270657762,0.99556196460308,-0.09410831331851438,24.0,24.0,25.0,23.1,23.2,24.8,81.5,84.1,79.4,1.12,35.169,0.851,8.33,8.33,4.17,rain,rain,rain,24.1,25.6,20.5,13.0,21.4,16.8,1008.7,1008.6,1006.3,70.1,68.5,58.0,9.5,9.8,10.3,6.7,6.6,12.1,0.37,0.34,0.3,Rain,Rain,Rain,0.5475632234925503,0.5015107371594574,0.9348256763960145,0.8367643134589616,0.8651514205697044,-0.35510696240813683
2020-09-30,26.0,24.9,75.9,0.085,8.33,rain,19.1,16.6,1005.6,37.9,9.0,8.2,0.44,Rain,-0.9999994220246925,0.001075151282798226,0.9515944038794383,-0.3073566177998069,25.8,24.0,24.0,24.3,23.1,23.2,77.4,81.5,84.1,0.01,1.12,35.169,4.17,8.33,8.33,rain,rain,rain,26.6,24.1,25.6,16.6,13.0,21.4,1006.9,1008.7,1008.6,55.8,70.1,68.5,8.0,9.5,9.8,12.9,6.7,6.6,0.41,0.37,0.34,Rain,Rain,Rain,0.99556196460308,0.5475632234925503,0.5015107371594574,-0.09410831331851438,0.8367643134589616,0.8651514205697044
2020-10-01,25.0,24.4,82.1,21.042,8.33,rain,23.8,16.5,1007.1,60.6,9.3,8.5,0.48,Rain,-0.999832969770105,0.018276557681691223,0.9948807088287882,-0.1010562971829462,26.0,25.8,24.0,24.9,24.3,23.1,75.9,77.4,81.5,0.085,0.01,1.12,8.33,4.17,8.33,rain,rain,rain,19.1,26.6,24.1,16.6,16.6,13.0,1005.6,1006.9,1008.7,37.9,55.8,70.1,9.0,8.0,9.5,8.2,12.9,6.7,0.44,0.41,0.37,Rain,Rain,Rain,0.9515944038794383,0.99556196460308,0.5475632234925503,-0.3073566177998069,-0.09410831331851438,0.8367643134589616
2020-10-02,26.0,24.5,80.3,0.095,12.5,rain,23.4,13.9,1008.0,58.4,8.2,12.7,0.5,Rain,-0.9993706508539969,0.03547255575312556,0.9923319378854888,-0.12360147674049249,25.0,26.0,25.8,24.4,24.9,24.3,82.1,75.9,77.4,21.042,0.085,0.01,8.33,8.33,4.17,rain,rain,rain,23.8,19.1,26.6,16.5,16.6,16.6,1007.1,1005.6,1006.9,60.6,37.9,55.8,9.3,9.0,8.0,8.5,8.2,12.9,0.48,0.44,0.41,Rain,Rain,Rain,0.9948807088287882,0.9515944038794383,0.99556196460308,-0.1010562971829462,-0.3073566177998069,-0.09410831331851438
2020-10-03,25.5,24.8,87.5,8.117,8.33,rain,26.3,13.8,1009.0,49.9,8.1,10.9,0.54,Rain,-0.9986126020839734,0.052658056924614005,0.9975640502598242,0.06975647374412546,26.0,25.0,26.0,24.5,24.4,24.9,80.3,82.1,75.9,0.095,21.042,0.085,12.5,8.33,8.33,rain,rain,rain,23.4,23.8,19.1,13.9,16.5,16.6,1008.0,1007.1,1005.6,58.4,60.6,37.9,8.2,9.3,9.0,12.7,8.5,8.2,0.5,0.48,0.44,Rain,Rain,Rain,0.9923319378854888,0.9948807088287882,0.9515944038794383,-0.12360147674049249,-0.1010562971829462,-0.3073566177998069
2020-10-04,25.0,24.7,80.6,0.21,8.33,rain,22.3,13.9,1009.0,70.6,8.6,10.5,0.58,Rain,-0.9975590477788613,0.06982797572987089,0.9055687990111397,-0.42419942274538996,25.5,26.0,25.0,24.8,24.5,24.4,87.5,80.3,82.1,8.117,0.095,21.042,8.33,12.5,8.33,rain,rain,rain,26.3,23.4,23.8,13.8,13.9,16.5,1009.0,1008.0,1007.1,49.9,58.4,60.6,8.1,8.2,9.3,10.9,12.7,8.5,0.54,0.5,0.48,Rain,Rain,Rain,0.9975640502598242,0.9923319378854888,0.9948807088287882,0.06975647374412546,-0.12360147674049249,-0.1010562971829462
2020-10-05,26.0,24.5,82.7,0.998,8.33,rain,19.8,18.6,1009.7,48.0,9.2,5.0,0.61,Rain,-0.9962102997023297,0.0869772313136861,0.99780146829205,0.06627390040000007,25.0,25.5,26.0,24.7,24.8,24.5,80.6,87.5,80.3,0.21,8.117,0.095,8.33,8.33,12.5,rain,rain,rain,22.3,26.3,23.4,13.9,13.8,13.9,1009.0,1009.0,1008.0,70.6,49.9,58.4,8.6,8.1,8.2,10.5,10.9,12.7,0.58,0.54,0.5,Rain,Rain,Rain,0.9055687990111397,0.9975640502598242,0.9923319378854888,-0.42419942274538996,0.06975647374412546,-0.12360147674049249
2020-10-06,24.0,20.7,72.2,0.004,4.17,rain,24.5,18.6,1012.8,54.9,10.0,7.4,0.64,Rain,-0.9945667569706337,0.1041007489354256,0.472550764869054,0.8813034520649922,26.0,25.0,25.5,24.5,24.7,24.8,82.7,80.6,87.5,0.998,0.21,8.117,8.33,8.33,8.33,rain,rain,rain,19.8,22.3,26.3,18.6,13.9,13.8,1009.7,1009.0,1009.0,48.0,70.6,49.9,9.2,8.6,8.1,5.0,10.5,10.9,0.61,0.58,0.54,Rain,Rain,Rain,0.99780146829205,0.9055687990111397,0.9975640502598242,0.06627390040000007,-0.42419942274538996,0.06975647374412546
2020-10-07,23.0,18.6,67.6,0.4,16.67,rain,31.0,20.5,1014.7,61.6,10.0,14.1,0.68,Rain,-0.9926289059345095,0.121193461470736,0.45554490723351554,0.8902128046111265,24.0,26.0,25.0,20.7,24.5,24.7,72.2,82.7,80.6,0.004,0.998,0.21,4.17,8.33,8.33,rain,rain,rain,24.5,19.8,22.3,18.6,18.6,13.9,1012.8,1009.7,1009.0,54.9,48.0,70.6,10.0,9.2,8.6,7.4,5.0,10.5,0.64,0.61,0.58,Rain,Rain,Rain,0.472550764869054,0.99780146829205,0.9055687990111397,0.8813034520649922,0.06627390040000007,-0.42419942274538996
2020-10-08,22.0,16.2,61.3,0.0,0.0,noprecip,34.6,24.1,1015.5,78.9,10.0,17.1,0.71,Cloudy,-0.9903973200352558,0.1382503109109819,0.35347484377925714,0.9354440308298674,23.0,24.0,26.0,18.6,20.7,24.5,67.6,72.2,82.7,0.4,0.004,0.998,16.67,4.17,8.33,rain,rain,rain,31.0,24.5,19.8,20.5,18.6,18.6,1014.7,1012.8,1009.7,61.6,54.9,48.0,10.0,10.0,9.2,14.1,7.4,5.0,0.68,0.64,0.61,Rain,Rain,Rain,0.45554490723351554,0.472550764869054,0.99780146829205,0.8902128046111265,0.8813034520649922,0.06627390040000007
2020-10-09,21.0,15.9,60.5,0.0,0.0,noprecip,38.9,21.4,1016.1,45.5,10.0,18.5,0.75,Cloudy,-0.9878726596350429,0.15526624985999563,0.15988118769183485,0.9871362650729879,22.0,23.0,24.0,16.2,18.6,20.7,61.3,67.6,72.2,0.0,0.4,0.004,0.0,16.67,4.17,noprecip,rain,rain,34.6,31.0,24.5,24.1,20.5,18.6,1015.5,1014.7,1012.8,78.9,61.6,54.9,10.0,10.0,10.0,17.1,14.1,7.4,0.71,0.68,0.64,Cloudy,Rain,Rain,0.35347484377925714,0.45554490723351554,0.472550764869054,0.9354440308298674,0.8902128046111265,0.8813034520649922
2020-10-10,20.0,15.3,61.2,0.0,0.0,noprecip,31.7,24.1,1014.5,31.5,11.0,19.0,0.75,Cloudy,-0.9850556718215013,0.172236243027682,0.224951054343865,0.9743700647852352,21.0,22.0,23.0,15.9,16.2,18.6,60.5,61.3,67.6,0.0,0.0,0.4,0.0,0.0,16.67,noprecip,noprecip,rain,38.9,34.6,31.0,21.4,24.1,20.5,1016.1,1015.5,1014.7,45.5,78.9,61.6,10.0,10.0,10.0,18.5,17.1,14.1,0.75,0.71,0.68,Cloudy,Cloudy,Rain,0.15988118769183485,0.35347484377925714,0.45554490723351554,0.9871362650729879,0.9354440308298674,0.8902128046111265
2020-10-11,20.5,15.4,59.6,0.0,0.0,noprecip,29.9,17.5,1011.9,55.9,10.7,16.3,0.81,Cloudy,-0.981947190186646,0.18915526872004093,-0.006981260297961363,0.9999756307053947,20.0,21.0,22.0,15.3,15.9,16.2,61.2,60.5,61.3,0.0,0.0,0.0,0.0,0.0,0.0,noprecip,noprecip,noprecip,31.7,38.9,34.6,24.1,21.4,24.1,1014.5,1016.1,1015.5,31.5,45.5,78.9,11.0,10.0,10.0,19.0,18.5,17.1,0.75,0.75,0.71,Cloudy,Cloudy,Cloudy,0.224951054343865,0.15988118769183485,0.35347484377925714,0.9743700647852352,0.9871362650729879,0.9354440308298674
2020-10-12,21.5,17.6,63.3,0.0,0.0,noprecip,32.8,19.4,1010.2,71.5,9.7,14.0,0.85,Cloudy,-0.9785481345802031,0.20601832032517084,-0.3616245700820926,0.9323238012155121,20.5,20.0,21.0,15.4,15.3,15.9,59.6,61.2,60.5,0.0,0.0,0.0,0.0,0.0,0.0,noprecip,noprecip,noprecip,29.9,31.7,38.9,17.5,24.1,21.4,1011.9,1014.5,1016.1,55.9,31.5,45.5,10.7,11.0,10.0,16.3,19.0,18.5,0.81,0.75,0.75,Cloudy,Cloudy,Cloudy,-0.006981260297961363,0.224951054343865,0.15988118769183485,0.9999756307053947,0.9743700647852352,0.9871362650729879
2020-10-13,24.9,18.0,56.8,1.7,8.33,rain,37.4,21.4,1008.9,58.0,9.7,18.6,0.88,Rain,-0.9748595108374125,0.22282040779479959,0.07671902812681865,0.9970527522269202,21.5,20.5,20.0,17.6,15.4,15.3,63.3,59.6,61.2,0.0,0.0,0.0,0.0,0.0,0.0,noprecip,noprecip,noprecip,32.8,29.9,31.7,19.4,17.5,24.1,1010.2,1011.9,1014.5,71.5,55.9,31.5,9.7,10.7,11.0,14.0,16.3,19.0,0.85,0.81,0.75,Cloudy,Cloudy,Cloudy,-0.3616245700820926,-0.006981260297961363,0.224951054343865,0.9323238012155121,0.9999756307053947,0.9743700647852352
2020-10-14,22.5,20.7,84.3,55.415,25.0,rain,62.3,23.2,1007.2,94.2,7.9,2.1,0.91,Rain,-0.9708824104813836,0.23955655912092708,-0.15298583628403853,0.9882283814465528,24.9,21.5,20.5,18.0,17.6,15.4,56.8,63.3,59.6,1.7,0.0,0.0,8.33,0.0,0.0,rain,noprecip,noprecip,37.4,32.8,29.9,21.4,19.4,17.5,1008.9,1010.2,1011.9,58.0,71.5,55.9,9.7,9.7,10.7,18.6,14.0,16.3,0.88,0.85,0.81,Rain,Cloudy,Cloudy,0.07671902812681865,-0.3616245700820926,-0.006981260297961363,0.9970527522269202,0.9323238012155121,0.9999756307053947
2020-10-15,22.4,20.9,86.8,40.529,16.67,rain,38.9,19.4,1010.6,93.8,8.6,3.2,0.95,Rain,-0.9666180104000972,0.2562218218071163,0.05756402695956728,0.9983418166140283,22.5,24.9,21.5,20.7,18.0,17.6,84.3,56.8,63.3,55.415,1.7,0.0,25.0,8.33,0.0,rain,rain,noprecip,62.3,37.4,32.8,23.2,21.4,19.4,1007.2,1008.9,1010.2,94.2,58.0,71.5,7.9,9.7,9.7,2.1,18.6,14.0,0.91,0.88,0.85,Rain,Rain,Cloudy,-0.15298583628403853,0.07671902812681865,-0.3616245700820926,0.9882283814465528,0.9970527522269202,0.9323238012155121
2020-10-16,22.7,19.5,73.2,54.655,8.33,rain,39.6,25.0,1013.0,92.0,9.8,4.2,0.98,Rain,-0.9620675724981452,0.27281126433401914,0.04536298812925378,0.9989705697907147,22.4,22.5,24.9,20.9,20.7,18.0,86.8,84.3,56.8,40.529,55.415,1.7,16.67,25.0,8.33,rain,rain,rain,38.9,62.3,37.4,19.4,23.2,21.4,1010.6,1007.2,1008.9,93.8,94.2,58.0,8.6,7.9,9.7,3.2,2.1,18.6,0.95,0.91,0.88,Rain,Rain,Rain,0.05756402695956728,-0.15298583628403853,0.07671902812681865,0.9983418166140283,0.9882283814465528,0.9970527522269202
2020-10-17,21.0,15.1,60.5,0.099,4.17,rain,34.2,21.4,1015.6,94.3,10.0,2.7,0.0,Rain,-0.957232443323312,0.28931997761869527,-0.0801989243288595,0.9967788784562471,22.7,22.4,22.5,19.5,20.9,20.7,73.2,86.8,84.3,54.655,40.529,55.415,8.33,16.67,25.0,rain,rain,rain,39.6,38.9,62.3,25.0,19.4,23.2,1013.0,1010.6,1007.2,92.0,93.8,94.2,9.8,8.6,7.9,4.2,3.2,2.1,0.98,0.95,0.91,Rain,Rain,Rain,0.04536298812925378,0.05756402695956728,-0.15298583628403853,0.9989705697907147,0.9983418166140283,0.9882283814465528
2020-10-18,20.4,16.2,70.2,14.17,8.33,rain,40.7,23.2,1015.8,96.8,9.5,1.9,0.05,Rain,-0.9521140536681102,0.3057430764672831,-0.022687333572781968,0.9997426093226983,21.0,22.7,22.4,15.1,19.5,20.9,60.5,73.2,86.8,0.099,54.655,40.529,4.17,8.33,16.67,rain,rain,rain,34.2,39.6,38.9,21.4,25.0,19.4,1015.6,1013.0,1010.6,94.3,92.0,93.8,10.0,9.8,8.6,2.7,4.2,3.2,0.0,0.98,0.95,Rain,Rain,Rain,-0.0801989243288595,0.04536298812925378,0.05756402695956728,0.9967788784562471,0.9989705697907147,0.9983418166140283
2020-10-19,20.9,15.3,66.8,0.697,8.33,rain,31.0,18.4,1016.6,99.0,10.0,2.8,0.08,Rain,-0.9467139181463862,0.3220757010206104,-0.23344536385590609,0.9723699203976764,20.4,21.0,22.7,16.2,15.1,19.5,70.2,60.5,73.2,14.17,0.099,54.655,8.33,4.17,8.33,rain,rain,rain,40.7,34.2,39.6,23.2,21.4,25.0,1015.8,1015.6,1013.0,96.8,94.3,92.0,9.5,10.0,9.8,1.9,2.7,4.2,0.05,0.0,0.98,Rain,Rain,Rain,-0.022687333572781968,-0.0801989243288595,0.04536298812925378,0.9997426093226983,0.9967788784562471,0.9989705697907147
2020-10-20,21.3,14.1,58.4,0.099,4.17,rain,32.4,15.7,1017.1,99.2,10.0,5.6,0.11,Rain,-0.9410336347451197,0.3383130181923076,-0.06627390039999981,0.9978014682920501,20.9,20.4,21.0,15.3,16.2,15.1,66.8,70.2,60.5,0.697,14.17,0.099,8.33,8.33,4.17,rain,rain,rain,31.0,40.7,34.2,18.4,23.2,21.4,1016.6,1015.8,1015.6,99.0,96.8,94.3,10.0,9.5,10.0,2.8,1.9,2.7,0.08,0.05,0.0,Rain,Rain,Rain,-0.23344536385590609,-0.022687333572781968,-0.0801989243288595,0.9723699203976764,0.9997426093226983,0.9967788784562471
2020-10-21,21.5,13.9,54.2,0.0,0.0,noprecip,34.6,21.3,1016.4,48.2,10.0,18.6,0.15,Cloudy,-0.9350748843515574,0.3544502230989869,-0.20791169081775987,0.9781476007338056,21.3,20.9,20.4,14.1,15.3,16.2,58.4,66.8,70.2,0.099,0.697,14.17,4.17,8.33,8.33,rain,rain,rain,32.4,31.0,40.7,15.7,18.4,23.2,1017.1,1016.6,1015.8,99.2,99.0,96.8,10.0,10.0,9.5,5.6,2.8,1.9,0.11,0.08,0.05,Rain,Rain,Rain,-0.06627390039999981,-0.23344536385590609,-0.022687333572781968,0.9978014682920501,0.9723699203976764,0.9997426093226983
2020-10-22,18.0,12.0,51.7,0.0,0.0,noprecip,36.7,20.5,1013.8,30.5,10.8,20.6,0.18,Cloudy,-0.9288394302558068,0.3704825404820963,-0.27899110603922966,0.960293685676943,21.5,21.3,20.9,13.9,14.1,15.3,54.2,58.4,66.8,0.0,0.099,0.697,0.0,4.17,8.33,noprecip,rain,rain,34.6,32.4,31.0,21.3,15.7,18.4,1016.4,1017.1,1016.6,48.2,99.2,99.0,10.0,10.0,10.0,18.6,5.6,2.8,0.15,0.11,0.08,Cloudy,Rain,Rain,-0.20791169081775987,-0.06627390039999981,-0.23344536385590609,0.9781476007338056,0.9978014682920501,0.9723699203976764
2020-10-23,17.0,12.0,54.9,0.0,0.0,noprecip,35.6,19.4,1013.8,29.2,10.9,21.0,0.25,Cloudy,-0.9223291176290545,0.3864052261209853,0.02617694830787315,0.9996573249755573,18.0,21.5,21.3,12.0,13.9,14.1,51.7,54.2,58.4,0.0,0.0,0.099,0.0,0.0,4.17,noprecip,noprecip,rain,36.7,34.6,32.4,20.5,21.3,15.7,1013.8,1016.4,1017.1,30.5,48.2,99.2,10.8,10.0,10.0,20.6,18.6,5.6,0.18,0.15,0.11,Cloudy,Cloudy,Rain,-0.27899110603922966,-0.20791169081775987,-0.06627390039999981,0.960293685676943,0.9781476007338056,0.9978014682920501
2020-10-24,16.5,13.1,60.2,0.0,0.0,noprecip,22.3,13.0,1014.3,41.3,10.8,20.9,0.25,Cloudy,-0.9155458729775467,0.40221356823680365,-0.23344536385590609,0.9723699203976764,17.0,18.0,21.5,12.0,12.0,13.9,54.9,51.7,54.2,0.0,0.0,0.0,0.0,0.0,0.0,noprecip,noprecip,noprecip,35.6,36.7,34.6,19.4,20.5,21.3,1013.8,1013.8,1016.4,29.2,30.5,48.2,10.9,10.8,10.0,21.0,20.6,18.6,0.25,0.18,0.15,Cloudy,Cloudy,Cloudy,0.02617694830787315,-0.27899110603922966,-0.20791169081775987,0.9996573249755573,0.960293685676943,0.9781476007338056
2020-10-25,19.0,16.5,71.4,0.099,4.17,rain,16.9,14.8,1014.0,81.0,9.2,4.3,0.28,Rain,-0.9084917035725082,0.41790288888678667,-0.4740882090471168,0.8804773535091617,16.5,17.0,18.0,13.1,12.0,12.0,60.2,54.9,51.7,0.0,0.0,0.0,0.0,0.0,0.0,noprecip,noprecip,noprecip,22.3,35.6,36.7,13.0,19.4,20.5,1014.3,1013.8,1013.8,41.3,29.2,30.5,10.8,10.9,10.8,20.9,21.0,20.6,0.25,0.25,0.18,Cloudy,Cloudy,Cloudy,-0.23344536385590609,0.02617694830787315,-0.27899110603922966,0.9723699203976764,0.9996573249755573,0.960293685676943
2020-10-26,22.0,19.1,80.6,0.104,8.33,rain,22.0,12.1,1014.2,87.6,9.1,4.3,0.32,Rain,-0.9011686968561569,0.4334685453485363,-0.12360147674049322,0.9923319378854887,19.0,16.5,17.0,16.5,13.1,12.0,71.4,60.2,54.9,0.099,0.0,0.0,4.17,0.0,0.0,rain,noprecip,noprecip,16.9,22.3,35.6,14.8,13.0,19.4,1014.0,1014.3,1013.8,81.0,41.3,29.2,9.2,10.8,10.9,4.3,20.9,21.0,0.28,0.25,0.25,Rain,Cloudy,Cloudy,-0.4740882090471168,-0.23344536385590609,0.02617694830787315,0.8804773535091617,0.9723699203976764,0.9996573249755573
2020-10-27,22.0,21.4,80.7,0.992,4.17,rain,21.6,12.1,1012.7,49.4,8.2,13.2,0.35,Rain,-0.8935790198239952,0.4489059314938798,-0.7466381822853915,0.6652303546543606,22.0,19.0,16.5,19.1,16.5,13.1,80.6,71.4,60.2,0.104,0.099,0.0,8.33,4.17,0.0,rain,rain,noprecip,22.0,16.9,22.3,12.1,14.8,13.0,1014.2,1014.0,1014.3,87.6,81.0,41.3,9.1,9.2,10.8,4.3,4.3,20.9,0.32,0.28,0.25,Rain,Rain,Cloudy,-0.12360147674049322,-0.4740882090471168,-0.23344536385590609,0.9923319378854887,0.8804773535091617,0.9723699203976764
2020-10-28,22.5,20.9,74.8,0.625,4.17,rain,38.5,20.3,1012.5,64.8,9.1,11.6,0.38,Rain,-0.8857249183835637,0.4642104791518923,0.05407881298477529,0.9985366703262117,22.0,22.0,19.0,21.4,19.1,16.5,80.7,80.6,71.4,0.992,0.104,0.099,4.17,8.33,4.17,rain,rain,rain,21.6,22.0,16.9,12.1,12.1,14.8,1012.7,1014.2,1014.0,49.4,87.6,81.0,8.2,9.1,9.2,13.2,4.3,4.3,0.35,0.32,0.28,Rain,Rain,Rain,-0.7466381822853915,-0.12360147674049322,-0.4740882090471168,0.6652303546543606,0.9923319378854887,0.8804773535091617
2020-10-29,22.0,18.4,76.5,18.866,12.5,rain,46.1,23.2,1015.0,92.2,9.4,2.6,0.42,Rain,-0.8776087166898392,0.4793776594606945,0.2520693582431136,0.9677091704819712,22.5,22.0,22.0,20.9,21.4,19.1,74.8,80.7,80.6,0.625,0.992,0.104,4.17,4.17,8.33,rain,rain,rain,38.5,21.6,22.0,20.3,12.1,12.1,1012.5,1012.7,1014.2,64.8,49.4,87.6,9.1,8.2,9.1,11.6,13.2,4.3,0.38,0.35,0.32,Rain,Rain,Rain,0.05407881298477529,-0.7466381822853915,-0.12360147674049322,0.9985366703262117,0.6652303546543606,0.9923319378854887
2020-10-30,20.0,19.5,92.2,8.948,16.67,rain,33.5,12.1,1018.1,95.7,8.4,3.5,0.45,Rain,-0.8692328164574792,0.49440298420761813,-0.381070376350274,0.9245460336123131,22.0,22.5,22.0,18.4,20.9,21.4,76.5,74.8,80.7,18.866,0.625,0.992,12.5,4.17,4.17,rain,rain,rain,46.1,38.5,21.6,23.2,20.3,12.1,1015.0,1012.5,1012.7,92.2,64.8,49.4,9.4,9.1,8.2,2.6,11.6,13.2,0.42,0.38,0.35,Rain,Rain,Rain,0.2520693582431136,0.05407881298477529,-0.7466381822853915,0.9677091704819712,0.9985366703262117,0.6652303546543606
2020-10-31,20.6,19.9,86.6,2.088,8.33,rain,15.8,9.4,1017.8,73.7,8.6,2.3,0.5,Rain,-0.8605996962501181,0.5092820071573356,-0.39874906892524664,0.9170600743851238,20.0,22.0,22.5,19.5,18.4,20.9,92.2,76.5,74.8,8.948,18.866,0.625,16.67,12.5,4.17,rain,rain,rain,33.5,46.1,38.5,12.1,23.2,20.3,1018.1,1015.0,1012.5,95.7,92.2,64.8,8.4,9.4,9.1,3.5,2.6,11.6,0.45,0.42,0.38,Rain,Rain,Rain,-0.381070376350274,0.2520693582431136,0.05407881298477529,0.9245460336123131,0.9677091704819712,0.9985366703262117
2020-11-01,21.0,20.7,82.1,0.0,0.0,noprecip,16.6,11.2,1015.8,60.5,5.7,11.2,0.52,Cloudy,-0.8517119107469189,0.5240103253675756,0.9960410654107695,0.0888942968664416,20.6,20.0,22.0,19.9,19.5,18.4,86.6,92.2,76.5,2.088,8.948,18.866,8.33,16.67,12.5,rain,rain,rain,15.8,33.5,46.1,9.4,12.1,23.2,1017.8,1018.1,1015.0,73.7,95.7,92.2,8.6,8.4,9.4,2.3,3.5,2.6,0.5,0.45,0.42,Rain,Rain,Rain,-0.39874906892524664,-0.381070376350274,0.2520693582431136,0.9170600743851238,0.9245460336123131,0.9677091704819712
2020-11-02,22.0,19.6,79.0,2.282,4.17,rain,32.8,19.4,1016.6,58.7,6.9,6.5,0.55,Rain,-0.8425720899866032,0.5385835804920232,0.5533915492433441,0.8329212407100994,21.0,20.6,20.0,20.7,19.9,19.5,82.1,86.6,92.2,0.0,2.088,8.948,0.0,8.33,16.67,noprecip,rain,rain,16.6,15.8,33.5,11.2,9.4,12.1,1015.8,1017.8,1018.1,60.5,73.7,95.7,5.7,8.6,8.4,11.2,2.3,3.5,0.52,0.5,0.45,Cloudy,Rain,Rain,0.9960410654107695,-0.39874906892524664,-0.381070376350274,0.0888942968664416,0.9170600743851238,0.9245460336123131
2020-11-03,21.0,14.0,59.9,0.001,4.17,rain,24.8,15.7,1018.8,73.9,10.0,12.3,0.59,Rain,-0.8331829385891785,0.5529974600700271,0.01745240643728351,0.9998476951563913,22.0,21.0,20.6,19.6,20.7,19.9,79.0,82.1,86.6,2.282,0.0,2.088,4.17,0.0,8.33,rain,noprecip,rain,32.8,16.6,15.8,19.4,11.2,9.4,1016.6,1015.8,1017.8,58.7,60.5,73.7,6.9,5.7,8.6,6.5,11.2,2.3,0.55,0.52,0.5,Rain,Cloudy,Rain,0.5533915492433441,0.9960410654107695,-0.39874906892524664,0.8329212407100994,0.0888942968664416,0.9170600743851238
2020-11-04,20.5,14.1,60.0,0.0,0.0,noprecip,22.7,15.7,1017.7,68.4,9.7,11.2,0.62,Cloudy,-0.8235472349556007,0.5672476988027229,-0.024432178152653652,0.9997014897811831,21.0,22.0,21.0,14.0,19.6,20.7,59.9,79.0,82.1,0.001,2.282,0.0,4.17,4.17,0.0,rain,rain,noprecip,24.8,32.8,16.6,15.7,19.4,11.2,1018.8,1016.6,1015.8,73.9,58.7,60.5,10.0,6.9,5.7,12.3,6.5,11.2,0.59,0.55,0.52,Rain,Rain,Cloudy,0.01745240643728351,0.5533915492433441,0.9960410654107695,0.9998476951563913,0.8329212407100994,0.0888942968664416
2020-11-05,19.0,16.9,71.0,0.0,0.0,noprecip,14.0,10.3,1016.8,35.6,7.6,12.4,0.66,Cloudy,-0.8136678304455991,0.5813300798152042,0.9747611941912218,0.2232501160109514,20.5,21.0,22.0,14.1,14.0,19.6,60.0,59.9,79.0,0.0,0.001,2.282,0.0,4.17,4.17,noprecip,rain,rain,22.7,24.8,32.8,15.7,15.7,19.4,1017.7,1018.8,1016.6,68.4,73.9,58.7,9.7,10.0,6.9,11.2,12.3,6.5,0.62,0.59,0.55,Cloudy,Rain,Rain,-0.024432178152653652,0.01745240643728351,0.5533915492433441,0.9997014897811831,0.9998476951563913,0.8329212407100994
2020-11-06,22.0,19.1,75.2,0.1,4.17,rain,23.4,10.4,1018.0,28.9,5.4,13.1,0.69,Rain,-0.8035476485339116,0.5952404359043674,-0.7337298645028767,0.6794413042615162,19.0,20.5,21.0,16.9,14.1,14.0,71.0,60.0,59.9,0.0,0.0,0.001,0.0,0.0,4.17,noprecip,noprecip,rain,14.0,22.7,24.8,10.3,15.7,15.7,1016.8,1017.7,1018.8,35.6,68.4,73.9,7.6,9.7,10.0,12.4,11.2,12.3,0.66,0.62,0.59,Cloudy,Cloudy,Rain,0.9747611941912218,-0.024432178152653652,0.01745240643728351,0.2232501160109514,0.9997014897811831,0.9998476951563913
2020-11-07,22.0,16.7,61.5,0.0,0.0,noprecip,32.0,20.3,1018.9,33.4,9.7,15.2,0.73,Cloudy,-0.7931896839451843,0.6089746507720486,0.01745240643728351,0.9998476951563913,22.0,19.0,20.5,19.1,16.9,14.1,75.2,71.0,60.0,0.1,0.0,0.0,4.17,0.0,0.0,rain,noprecip,noprecip,23.4,14.0,22.7,10.4,10.3,15.7,1018.0,1016.8,1017.7,28.9,35.6,68.4,5.4,7.6,9.7,13.1,12.4,11.2,0.69,0.66,0.62,Rain,Cloudy,Cloudy,-0.7337298645028767,0.9747611941912218,-0.024432178152653652,0.6794413042615162,0.2232501160109514,0.9997014897811831
2020-11-08,21.5,14.7,54.5,0.0,0.0,noprecip,32.8,17.7,1019.2,20.6,10.0,17.8,0.75,Cloudy,-0.7825970017677834,0.6225286602431057,0.10626407133623318,0.9943379441332046,22.0,22.0,19.0,16.7,19.1,16.9,61.5,75.2,71.0,0.0,0.1,0.0,0.0,4.17,0.0,noprecip,rain,noprecip,32.0,23.4,14.0,20.3,10.4,10.3,1018.9,1018.0,1016.8,33.4,28.9,35.6,9.7,5.4,7.6,15.2,13.1,12.4,0.73,0.69,0.66,Cloudy,Rain,Cloudy,0.01745240643728351,-0.7337298645028767,0.9747611941912218,0.9998476951563913,0.6794413042615162,0.2232501160109514
2020-11-09,20.0,11.9,50.2,0.0,0.0,noprecip,35.6,19.4,1018.8,2.8,10.9,18.8,0.79,Clear,-0.7717727365467837,0.6358984534680745,0.07845909572784494,0.996917333733128,21.5,22.0,22.0,14.7,16.7,19.1,54.5,61.5,75.2,0.0,0.0,0.1,0.0,0.0,4.17,noprecip,noprecip,rain,32.8,32.0,23.4,17.7,20.3,10.4,1019.2,1018.9,1018.0,20.6,33.4,28.9,10.0,9.7,5.4,17.8,15.2,13.1,0.75,0.73,0.69,Cloudy,Cloudy,Rain,0.10626407133623318,0.01745240643728351,-0.7337298645028767,0.9943379441332046,0.9998476951563913,0.6794413042615162
2020-11-10,17.0,10.0,49.4,0.0,0.0,noprecip,31.7,17.5,1019.4,69.1,9.8,18.5,0.83,Cloudy,-0.7607200913564104,0.6490800741100398,-0.08715574274765832,0.9961946980917455,20.0,21.5,22.0,11.9,14.7,16.7,50.2,54.5,61.5,0.0,0.0,0.0,0.0,0.0,0.0,noprecip,noprecip,noprecip,35.6,32.8,32.0,19.4,17.7,20.3,1018.8,1019.2,1018.9,2.8,20.6,33.4,10.9,10.0,9.7,18.8,17.8,15.2,0.79,0.75,0.73,Clear,Cloudy,Cloudy,0.07845909572784494,0.10626407133623318,0.01745240643728351,0.996917333733128,0.9943379441332046,0.9998476951563913
2020-11-11,18.5,11.7,52.4,0.2,4.17,rain,22.0,12.1,1020.6,59.5,9.3,10.9,0.86,Rain,-0.7494423368521953,0.6620696215153815,-0.6156614753256588,0.7880107536067216,17.0,20.0,21.5,10.0,11.9,14.7,49.4,50.2,54.5,0.0,0.0,0.0,0.0,0.0,0.0,noprecip,noprecip,noprecip,31.7,35.6,32.8,17.5,19.4,17.7,1019.4,1018.8,1019.2,69.1,2.8,20.6,9.8,10.9,10.0,18.5,18.8,17.8,0.83,0.79,0.75,Cloudy,Clear,Cloudy,-0.08715574274765832,0.07845909572784494,0.10626407133623318,0.9961946980917455,0.996917333733128,0.9943379441332046
2020-11-12,19.0,12.1,52.6,0.0,0.0,noprecip,23.0,13.9,1019.7,21.0,10.1,16.3,0.9,Cloudy,-0.7379428103031386,0.6748632518680403,-0.34529819899853426,0.938493022759556,18.5,17.0,20.0,11.7,10.0,11.9,52.4,49.4,50.2,0.2,0.0,0.0,4.17,0.0,0.0,rain,noprecip,noprecip,22.0,31.7,35.6,12.1,17.5,19.4,1020.6,1019.4,1018.8,59.5,69.1,2.8,9.3,9.8,10.9,10.9,18.5,18.8,0.86,0.83,0.79,Rain,Cloudy,Clear,-0.6156614753256588,-0.08715574274765832,0.07845909572784494,0.7880107536067216,0.9961946980917455,0.996917333733128
2020-11-13,18.5,11.7,52.2,0.0,0.0,noprecip,26.3,16.6,1017.8,3.8,11.0,18.4,0.93,Clear,-0.7262249146041543,0.6874571793269664,-0.19423435121997162,0.9809551553491916,19.0,18.5,17.0,12.1,11.7,10.0,52.6,52.4,49.4,0.0,0.2,0.0,0.0,4.17,0.0,noprecip,rain,noprecip,23.0,22.0,31.7,13.9,12.1,17.5,1019.7,1020.6,1019.4,21.0,59.5,69.1,10.1,9.3,9.8,16.3,10.9,18.5,0.9,0.86,0.83,Cloudy,Rain,Cloudy,-0.34529819899853426,-0.6156614753256588,-0.08715574274765832,0.938493022759556,0.7880107536067216,0.9961946980917455
2020-11-14,15.5,11.3,52.6,0.0,0.0,noprecip,28.8,18.6,1017.5,31.9,11.2,16.8,0.97,Cloudy,-0.7142921172691032,0.699847677146407,0.038387809087519945,0.9992629164106211,18.5,19.0,18.5,11.7,12.1,11.7,52.2,52.6,52.4,0.0,0.0,0.2,0.0,0.0,4.17,noprecip,noprecip,rain,26.3,23.0,22.0,16.6,13.9,12.1,1017.8,1019.7,1020.6,3.8,21.0,59.5,11.0,10.1,9.3,18.4,16.3,10.9,0.93,0.9,0.86,Clear,Cloudy,Rain,-0.19423435121997162,-0.34529819899853426,-0.6156614753256588,0.9809551553491916,0.938493022759556,0.7880107536067216
2020-11-15,18.6,17.3,90.3,7.99,12.5,rain,35.6,18.5,1018.5,96.3,7.2,2.8,0.0,Rain,-0.7021479494046978,0.7120310787787131,-0.7241718614374673,0.6896195437356701,15.5,18.5,19.0,11.3,11.7,12.1,52.6,52.2,52.6,0.0,0.0,0.0,0.0,0.0,0.0,noprecip,noprecip,noprecip,28.8,26.3,23.0,18.6,16.6,13.9,1017.5,1017.8,1019.7,31.9,3.8,21.0,11.2,11.0,10.1,16.8,18.4,16.3,0.97,0.93,0.9,Cloudy,Clear,Cloudy,0.038387809087519945,-0.19423435121997162,-0.34529819899853426,0.9992629164106211,0.9809551553491916,0.938493022759556
2020-11-16,19.0,19.4,94.8,32.857,16.67,rain,42.8,8.5,1016.9,94.1,5.6,1.3,0.03,Rain,-0.6897960046655887,0.7240037789593305,-0.8405666034956839,0.5417082102827404,18.6,15.5,18.5,17.3,11.3,11.7,90.3,52.6,52.2,7.99,0.0,0.0,12.5,0.0,0.0,rain,noprecip,noprecip,35.6,28.8,26.3,18.5,18.6,16.6,1018.5,1017.5,1017.8,96.3,31.9,3.8,7.2,11.2,11.0,2.8,16.8,18.4,0.0,0.97,0.93,Rain,Cloudy,Clear,-0.7241718614374673,0.038387809087519945,-0.19423435121997162,0.6896195437356701,0.9992629164106211,0.9809551553491916
2020-11-17,20.6,21.4,89.2,4.042,4.17,rain,27.0,18.6,1013.0,79.6,6.2,11.5,0.07,Rain,-0.6772399381909491,0.7357622347736527,0.766044443118978,-0.6427876096865394,19.0,18.6,15.5,19.4,17.3,11.3,94.8,90.3,52.6,32.857,7.99,0.0,16.67,12.5,0.0,rain,rain,noprecip,42.8,35.6,28.8,8.5,18.5,18.6,1016.9,1018.5,1017.5,94.1,96.3,31.9,5.6,7.2,11.2,1.3,2.8,16.8,0.03,0.0,0.97,Rain,Rain,Cloudy,-0.8405666034956839,-0.7241718614374673,0.038387809087519945,0.5417082102827404,0.6896195437356701,0.9992629164106211
2020-11-18,22.7,21.6,81.4,0.0,0.0,noprecip,28.1,13.9,1011.3,67.8,8.2,9.7,0.1,Cloudy,-0.6644834655228552,0.7473029667054297,0.8300122850953675,-0.5577451089796901,20.6,19.0,18.6,21.4,19.4,17.3,89.2,94.8,90.3,4.042,32.857,7.99,4.17,16.67,12.5,rain,rain,rain,27.0,42.8,35.6,18.6,8.5,18.5,1013.0,1016.9,1018.5,79.6,94.1,96.3,6.2,5.6,7.2,11.5,1.3,2.8,0.07,0.03,0.0,Rain,Rain,Rain,0.766044443118978,-0.8405666034956839,-0.7241718614374673,-0.6427876096865394,0.5417082102827404,0.6896195437356701
2020-11-19,22.7,21.7,83.6,0.099,4.17,rain,16.9,12.1,1010.8,68.9,7.4,8.6,0.13,Rain,-0.6515303615068021,0.75862255966641,0.7986355100472927,-0.6018150231520484,22.7,20.6,19.0,21.6,21.4,19.4,81.4,89.2,94.8,0.0,4.042,32.857,0.0,4.17,16.67,noprecip,rain,rain,28.1,27.0,42.8,13.9,18.6,8.5,1011.3,1013.0,1016.9,67.8,79.6,94.1,8.2,6.2,5.6,9.7,11.5,1.3,0.1,0.07,0.03,Cloudy,Rain,Rain,0.8300122850953675,0.766044443118978,-0.8405666034956839,-0.5577451089796901,-0.6427876096865394,0.5417082102827404
2020-11-20,23.0,21.9,81.5,0.0,0.0,noprecip,26.6,16.6,1011.2,72.6,7.8,11.0,0.16,Cloudy,-0.6383844591746642,0.769717664006921,0.6768759696826607,-0.7360970871197343,22.7,22.7,20.6,21.7,21.6,21.4,83.6,81.4,89.2,0.099,0.0,4.042,4.17,0.0,4.17,rain,noprecip,rain,16.9,28.1,27.0,12.1,13.9,18.6,1010.8,1011.3,1013.0,68.9,67.8,79.6,7.4,8.2,6.2,8.6,9.7,11.5,0.13,0.1,0.07,Rain,Cloudy,Rain,0.7986355100472927,0.8300122850953675,0.766044443118978,-0.6018150231520484,-0.5577451089796901,-0.6427876096865394
2020-11-21,24.0,22.2,81.5,0.0,0.0,noprecip,24.5,19.4,1012.1,67.3,8.2,10.7,0.2,Cloudy,-0.6250496486104377,0.7805849965070866,0.8110638189893269,-0.5849576749872152,23.0,22.7,22.7,21.9,21.7,21.6,81.5,83.6,81.4,0.0,0.099,0.0,0.0,4.17,0.0,noprecip,rain,noprecip,26.6,16.9,28.1,16.6,12.1,13.9,1011.2,1010.8,1011.3,72.6,68.9,67.8,7.8,7.4,8.2,11.0,8.6,9.7,0.16,0.13,0.1,Cloudy,Rain,Cloudy,0.6768759696826607,0.7986355100472927,0.8300122850953675,-0.7360970871197343,-0.6018150231520484,-0.5577451089796901
2020-11-22,23.0,22.1,81.9,1.1,25.0,rain,22.0,14.8,1015.2,64.4,8.1,10.7,0.25,Rain,-0.6115298757991053,0.7912213413483807,0.9438009515832295,-0.3305143927132229,24.0,23.0,22.7,22.2,21.9,21.7,81.5,81.5,83.6,0.0,0.0,0.099,0.0,0.0,4.17,noprecip,noprecip,rain,24.5,26.6,16.9,19.4,16.6,12.1,1012.1,1011.2,1010.8,67.3,72.6,68.9,8.2,7.8,7.4,10.7,11.0,8.6,0.2,0.16,0.13,Cloudy,Cloudy,Rain,0.8110638189893269,0.6768759696826607,0.7986355100472927,-0.5849576749872152,-0.7360970871197343,-0.6018150231520484
2020-11-23,23.5,21.3,76.9,2.5,45.83,rain,27.7,16.6,1017.1,56.5,9.5,9.1,0.26,Rain,-0.5978291414589552,0.801623551065242,0.880477353509162,-0.4740882090471161,23.0,24.0,23.0,22.1,22.2,21.9,81.9,81.5,81.5,1.1,0.0,0.0,25.0,0.0,0.0,rain,noprecip,noprecip,22.0,24.5,26.6,14.8,19.4,16.6,1015.2,1012.1,1011.2,64.4,67.3,72.6,8.1,8.2,7.8,10.7,10.7,11.0,0.25,0.2,0.16,Rain,Cloudy,Cloudy,0.9438009515832295,0.8110638189893269,0.6768759696826607,-0.3305143927132229,-0.5849576749872152,-0.7360970871197343
2020-11-24,23.0,20.0,76.0,0.3,12.5,rain,23.8,15.7,1017.5,69.6,7.7,4.6,0.3,Rain,-0.5839514998576998,0.8117885474764613,0.8329212407100995,-0.553391549243344,23.5,23.0,24.0,21.3,22.1,22.2,76.9,81.9,81.5,2.5,1.1,0.0,45.83,25.0,0.0,rain,rain,noprecip,27.7,22.0,24.5,16.6,14.8,19.4,1017.1,1015.2,1012.1,56.5,64.4,67.3,9.5,8.1,8.2,9.1,10.7,10.7,0.26,0.25,0.2,Rain,Rain,Cloudy,0.880477353509162,0.9438009515832295,0.8110638189893269,-0.4740882090471161,-0.3305143927132229,-0.5849576749872152
2020-11-25,22.0,20.0,77.4,0.4,8.33,rain,22.7,13.9,1017.0,53.9,7.3,10.3,0.33,Rain,-0.5699010576127624,0.821713322596059,0.6934018282758133,-0.7205511116803301,23.0,23.5,23.0,20.0,21.3,22.1,76.0,76.9,81.9,0.3,2.5,1.1,12.5,45.83,25.0,rain,rain,rain,23.8,27.7,22.0,15.7,16.6,14.8,1017.5,1017.1,1015.2,69.6,56.5,64.4,7.7,9.5,8.1,4.6,9.1,10.7,0.3,0.26,0.25,Rain,Rain,Rain,0.8329212407100995,0.880477353509162,0.9438009515832295,-0.553391549243344,-0.4740882090471161,-0.3305143927132229
2020-11-26,22.0,19.8,73.7,0.8,33.33,rain,23.0,12.1,1018.2,58.3,7.4,10.1,0.36,Rain,-0.5556819724760489,0.8313949395234058,0.9702957262759965,-0.24192189559966779,22.0,23.0,23.5,20.0,20.0,21.3,77.4,76.0,76.9,0.4,0.3,2.5,8.33,12.5,45.83,rain,rain,rain,22.7,23.8,27.7,13.9,15.7,16.6,1017.0,1017.5,1017.1,53.9,69.6,56.5,7.3,7.7,9.5,10.3,4.6,9.1,0.33,0.3,0.26,Rain,Rain,Rain,0.6934018282758133,0.8329212407100995,0.880477353509162,-0.7205511116803301,-0.553391549243344,-0.4740882090471161
2020-11-27,19.0,17.8,71.2,0.0,0.0,noprecip,26.3,19.4,1020.3,39.9,8.4,12.0,0.4,Cloudy,-0.5412984521036173,0.8408305333122887,0.8571673007021122,0.5150380749100544,22.0,22.0,23.0,19.8,20.0,20.0,73.7,77.4,76.0,0.8,0.4,0.3,33.33,8.33,12.5,rain,rain,rain,23.0,22.7,23.8,12.1,13.9,15.7,1018.2,1017.0,1017.5,58.3,53.9,69.6,7.4,7.3,7.7,10.1,10.3,4.6,0.36,0.33,0.3,Rain,Rain,Rain,0.9702957262759965,0.6934018282758133,0.8329212407100995,-0.24192189559966779,-0.7205511116803301,-0.553391549243344
2020-11-28,18.0,13.5,65.9,0.0,0.0,noprecip,32.8,20.5,1022.4,83.7,10.0,12.3,0.43,Cloudy,-0.5267547528105542,0.8500173118187018,0.5562956155003047,0.8309844692743283,19.0,22.0,22.0,17.8,19.8,20.0,71.2,73.7,77.4,0.0,0.8,0.4,0.0,33.33,8.33,noprecip,rain,rain,26.3,23.0,22.7,19.4,12.1,13.9,1020.3,1018.2,1017.0,39.9,58.3,53.9,8.4,7.4,7.3,12.0,10.1,10.3,0.4,0.36,0.33,Cloudy,Rain,Rain,0.8571673007021122,0.9702957262759965,0.6934018282758133,0.5150380749100544,-0.24192189559966779,-0.7205511116803301
2020-11-29,17.0,9.3,52.8,0.0,0.0,noprecip,26.6,21.4,1022.7,41.4,10.7,15.5,0.46,Cloudy,-0.5120551783114646,0.8589525565270845,0.20278729535651246,0.9792228106217657,18.0,19.0,22.0,13.5,17.8,19.8,65.9,71.2,73.7,0.0,0.0,0.8,0.0,0.0,33.33,noprecip,noprecip,rain,32.8,26.3,23.0,20.5,19.4,12.1,1022.4,1020.3,1018.2,83.7,39.9,58.3,10.0,8.4,7.4,12.3,12.0,10.1,0.43,0.4,0.36,Cloudy,Cloudy,Rain,0.5562956155003047,0.8571673007021122,0.9702957262759965,0.8309844692743283,0.5150380749100544,-0.24192189559966779
2020-11-30,16.0,8.4,48.9,0.0,0.0,noprecip,29.5,22.3,1022.9,45.1,11.4,15.7,0.5,Cloudy,-0.4972040784469378,0.8676336233547726,0.36162457008209226,0.9323238012155122,17.0,18.0,19.0,9.3,13.5,17.8,52.8,65.9,71.2,0.0,0.0,0.0,0.0,0.0,0.0,noprecip,noprecip,noprecip,26.6,32.8,26.3,21.4,20.5,19.4,1022.7,1022.4,1020.3,41.4,83.7,39.9,10.7,10.0,8.4,15.5,12.3,12.0,0.46,0.43,0.4,Cloudy,Cloudy,Cloudy,0.20278729535651246,0.5562956155003047,0.8571673007021122,0.9792228106217657,0.8309844692743283,0.5150380749100544
2020-12-01,17.5,9.1,52.4,0.0,0.0,noprecip,23.4,18.4,1022.2,74.3,9.4,9.5,0.53,Cloudy,-0.4822058478963526,0.8760579434344281,0.5764323161697933,0.8171448983351285,16.0,17.0,18.0,8.4,9.3,13.5,48.9,52.8,65.9,0.0,0.0,0.0,0.0,0.0,0.0,noprecip,noprecip,noprecip,29.5,26.6,32.8,22.3,21.4,20.5,1022.9,1022.7,1022.4,45.1,41.4,83.7,11.4,10.7,10.0,15.7,15.5,12.3,0.5,0.46,0.43,Cloudy,Cloudy,Cloudy,0.36162457008209226,0.20278729535651246,0.5562956155003047,0.9323238012155122,0.9792228106217657,0.8309844692743283
2020-12-02,16.0,11.7,64.6,0.2,8.33,rain,22.7,14.8,1021.2,63.7,8.4,6.7,0.56,Rain,-0.46706492487743034,0.8842230238742036,0.3007057995042731,0.9537169507482269,17.5,16.0,17.0,9.1,8.4,9.3,52.4,48.9,52.8,0.0,0.0,0.0,0.0,0.0,0.0,noprecip,noprecip,noprecip,23.4,29.5,26.6,18.4,22.3,21.4,1022.2,1022.9,1022.7,74.3,45.1,41.4,9.4,11.4,10.7,9.5,15.7,15.5,0.53,0.5,0.46,Cloudy,Cloudy,Cloudy,0.5764323161697933,0.36162457008209226,0.20278729535651246,0.8171448983351285,0.9323238012155122,0.9792228106217657
2020-12-03,18.0,10.3,55.5,0.1,4.17,rain,28.8,18.4,1021.6,69.8,9.9,9.9,0.6,Rain,-0.451785789832884,0.8921264484954345,0.4694715627858908,0.882947592858927,16.0,17.5,16.0,11.7,9.1,8.4,64.6,52.4,48.9,0.2,0.0,0.0,8.33,0.0,0.0,rain,noprecip,noprecip,22.7,23.4,29.5,14.8,18.4,22.3,1021.2,1022.2,1022.9,63.7,74.3,45.1,8.4,9.4,11.4,6.7,9.5,15.7,0.56,0.53,0.5,Rain,Cloudy,Cloudy,0.3007057995042731,0.5764323161697933,0.36162457008209226,0.9537169507482269,0.8171448983351285,0.9323238012155122
2020-12-04,14.5,8.5,55.2,0.0,0.0,noprecip,25.9,18.6,1022.4,71.6,9.9,10.7,0.63,Cloudy,-0.4363729641045924,0.8997658785476209,0.3778407868184671,0.9258705848099947,18.0,16.0,17.5,10.3,11.7,9.1,55.5,64.6,52.4,0.1,0.2,0.0,4.17,8.33,0.0,rain,rain,noprecip,28.8,22.7,23.4,18.4,14.8,18.4,1021.6,1021.2,1022.2,69.8,63.7,74.3,9.9,8.4,9.4,9.9,6.7,9.5,0.6,0.56,0.53,Rain,Rain,Cloudy,0.4694715627858908,0.3007057995042731,0.5764323161697933,0.882947592858927,0.9537169507482269,0.8171448983351285
2020-12-05,13.0,7.2,57.6,0.0,0.0,noprecip,24.1,20.5,1022.7,33.7,10.1,15.3,0.67,Cloudy,-0.42083100859565564,0.9071390534005044,0.4863353804234905,0.8737722230354652,14.5,18.0,16.0,8.5,10.3,11.7,55.2,55.5,64.6,0.0,0.1,0.2,0.0,4.17,8.33,noprecip,rain,rain,25.9,28.8,22.7,18.6,18.4,14.8,1022.4,1021.6,1021.2,71.6,69.8,63.7,9.9,9.9,8.4,10.7,9.9,6.7,0.63,0.6,0.56,Cloudy,Rain,Rain,0.3778407868184671,0.4694715627858908,0.3007057995042731,0.9258705848099947,0.882947592858927,0.9537169507482269
2020-12-06,11.0,9.3,65.5,0.0,0.0,noprecip,17.3,10.4,1020.5,0.7,9.8,16.6,0.7,Clear,-0.4051645224207563,0.9142437912130223,0.9925461516413221,-0.12186934340514737,13.0,14.5,18.0,7.2,8.5,10.3,57.6,55.2,55.5,0.0,0.0,0.1,0.0,0.0,4.17,noprecip,noprecip,rain,24.1,25.9,28.8,20.5,18.6,18.4,1022.7,1022.4,1021.6,33.7,71.6,69.8,10.1,9.9,9.9,15.3,10.7,9.9,0.67,0.63,0.6,Cloudy,Cloudy,Rain,0.4863353804234905,0.3778407868184671,0.4694715627858908,0.8737722230354652,0.9258705848099947,0.882947592858927
2020-12-07,15.1,11.0,63.8,0.0,0.0,noprecip,27.0,15.7,1021.9,43.9,8.2,15.1,0.74,Cloudy,-0.3893781415452015,0.9210779895789526,-0.19252196652590892,0.9812926639922449,11.0,13.0,14.5,9.3,7.2,8.5,65.5,57.6,55.2,0.0,0.0,0.0,0.0,0.0,0.0,noprecip,noprecip,noprecip,17.3,24.1,25.9,10.4,20.5,18.6,1020.5,1022.7,1022.4,0.7,33.7,71.6,9.8,10.1,9.9,16.6,15.3,10.7,0.7,0.67,0.63,Clear,Cloudy,Cloudy,0.9925461516413221,0.4863353804234905,0.3778407868184671,-0.12186934340514737,0.8737722230354652,0.9258705848099947
2020-12-08,15.5,11.2,64.2,0.0,0.0,noprecip,25.9,16.6,1021.1,14.9,8.0,14.6,0.75,Clear,-0.37347653741307074,0.9276396261490467,-0.16676874671610362,0.9859960370705046,15.1,11.0,13.0,11.0,9.3,7.2,63.8,65.5,57.6,0.0,0.0,0.0,0.0,0.0,0.0,noprecip,noprecip,noprecip,27.0,17.3,24.1,15.7,10.4,20.5,1021.9,1020.5,1022.7,43.9,0.7,33.7,8.2,9.8,10.1,15.1,16.6,15.3,0.74,0.7,0.67,Cloudy,Clear,Cloudy,-0.19252196652590892,0.9925461516413221,0.4863353804234905,0.9812926639922449,-0.12186934340514737,0.8737722230354652
2020-12-09,13.0,12.2,69.5,0.0,0.0,noprecip,16.2,13.0,1017.3,25.8,7.0,15.6,0.81,Cloudy,-0.3574644155648614,0.9339267592294762,0.9812926639922451,0.19252196652590745,15.5,15.1,11.0,11.2,11.0,9.3,64.2,63.8,65.5,0.0,0.0,0.0,0.0,0.0,0.0,noprecip,noprecip,noprecip,25.9,27.0,17.3,16.6,15.7,10.4,1021.1,1021.9,1020.5,14.9,43.9,0.7,8.0,8.2,9.8,14.6,15.1,16.6,0.75,0.74,0.7,Clear,Cloudy,Clear,-0.16676874671610362,-0.19252196652590892,0.9925461516413221,0.9859960370705046,0.9812926639922449,-0.12186934340514737
2020-12-10,16.9,13.6,67.9,0.0,0.0,noprecip,21.6,9.4,1016.8,25.3,6.3,13.1,0.84,Cloudy,-0.34134651424503615,0.9399375283564133,0.687087510804423,0.7265746709709758,13.0,15.5,15.1,12.2,11.2,11.0,69.5,64.2,63.8,0.0,0.0,0.0,0.0,0.0,0.0,noprecip,noprecip,noprecip,16.2,25.9,27.0,13.0,16.6,15.7,1017.3,1021.1,1021.9,25.8,14.9,43.9,7.0,8.0,8.2,15.6,14.6,15.1,0.81,0.75,0.74,Cloudy,Clear,Cloudy,0.9812926639922451,-0.16676874671610362,-0.19252196652590892,0.19252196652590745,0.9859960370705046,0.9812926639922449
2020-12-11,16.5,15.8,75.5,0.0,0.0,noprecip,23.4,19.4,1014.9,60.5,5.4,13.0,0.88,Cloudy,-0.3251276029999093,0.9456701548465688,0.9335804264972017,-0.35836794954530027,16.9,13.0,15.5,13.6,12.2,11.2,67.9,69.5,64.2,0.0,0.0,0.0,0.0,0.0,0.0,noprecip,noprecip,noprecip,21.6,16.2,25.9,9.4,13.0,16.6,1016.8,1017.3,1021.1,25.3,25.8,14.9,6.3,7.0,8.0,13.1,15.6,14.6,0.84,0.81,0.75,Cloudy,Cloudy,Clear,0.687087510804423,0.9812926639922451,-0.16676874671610362,0.7265746709709758,0.19252196652590745,0.9859960370705046
2020-12-12,19.5,17.0,73.6,0.1,4.17,rain,23.4,15.7,1013.4,63.4,6.5,6.6,0.91,Rain,-0.30881248126625377,0.9511229423235357,0.8535507972753275,-0.5210096318405764,16.5,16.9,13.0,15.8,13.6,12.2,75.5,67.9,69.5,0.0,0.0,0.0,0.0,0.0,0.0,noprecip,noprecip,noprecip,23.4,21.6,16.2,19.4,9.4,13.0,1014.9,1016.8,1017.3,60.5,25.3,25.8,5.4,6.3,7.0,13.0,13.1,15.6,0.88,0.84,0.81,Cloudy,Cloudy,Cloudy,0.9335804264972017,0.687087510804423,0.9812926639922451,-0.35836794954530027,0.7265746709709758,0.19252196652590745
2020-12-13,19.0,19.2,80.3,0.3,12.5,rain,20.2,14.7,1010.9,59.0,6.2,9.0,0.95,Rain,-0.29240597695107734,0.9562942772197719,0.8367643134589615,-0.5475632234925505,19.5,16.5,16.9,17.0,15.8,13.6,73.6,75.5,67.9,0.1,0.0,0.0,4.17,0.0,0.0,rain,noprecip,noprecip,23.4,23.4,21.6,15.7,19.4,9.4,1013.4,1014.9,1016.8,63.4,60.5,25.3,6.5,5.4,6.3,6.6,13.0,13.1,0.91,0.88,0.84,Rain,Cloudy,Cloudy,0.8535507972753275,0.9335804264972017,0.687087510804423,-0.5210096318405764,-0.35836794954530027,0.7265746709709758
2020-12-14,17.0,18.0,78.7,0.001,4.17,rain,40.7,25.0,1014.9,89.1,6.7,2.7,0.0,Rain,-0.27591294500296043,0.9611826292540837,0.8151277957285542,0.5792811723426788,19.0,19.5,16.5,19.2,17.0,15.8,80.3,73.6,75.5,0.3,0.1,0.0,12.5,4.17,0.0,rain,rain,noprecip,20.2,23.4,23.4,14.7,15.7,19.4,1010.9,1013.4,1014.9,59.0,63.4,60.5,6.2,6.5,5.4,9.0,6.6,13.0,0.95,0.91,0.88,Rain,Rain,Cloudy,0.8367643134589615,0.8535507972753275,0.9335804264972017,-0.5475632234925505,-0.5210096318405764,-0.35836794954530027
2020-12-15,13.0,9.9,75.9,0.272,16.67,rain,25.9,21.4,1021.6,95.4,9.2,2.2,0.02,Rain,-0.2593382659754056,0.9657865518844574,0.6481199010631309,0.7615383075367368,17.0,19.0,19.5,18.0,19.2,17.0,78.7,80.3,73.6,0.001,0.3,0.1,4.17,12.5,4.17,rain,rain,rain,40.7,20.2,23.4,25.0,14.7,15.7,1014.9,1010.9,1013.4,89.1,59.0,63.4,6.7,6.2,6.5,2.7,9.0,6.6,0.0,0.95,0.91,Rain,Rain,Rain,0.8151277957285542,0.8367643134589615,0.8535507972753275,0.5792811723426788,-0.5475632234925505,-0.5210096318405764
2020-12-16,11.0,7.1,67.7,0.2,12.5,rain,24.1,17.5,1024.1,98.2,10.0,3.5,0.05,Rain,-0.2426868445825954,0.9701046827361175,0.4115143586051088,0.9114032766354453,13.0,17.0,19.0,9.9,18.0,19.2,75.9,78.7,80.3,0.272,0.001,0.3,16.67,4.17,12.5,rain,rain,rain,25.9,40.7,20.2,21.4,25.0,14.7,1021.6,1014.9,1010.9,95.4,89.1,59.0,9.2,6.7,6.2,2.2,2.7,9.0,0.02,0.0,0.95,Rain,Rain,Rain,0.6481199010631309,0.8151277957285542,0.8367643134589615,0.7615383075367368,0.5792811723426788,-0.5475632234925505
2020-12-17,11.5,6.5,65.4,0.1,4.17,rain,20.2,16.6,1022.8,96.1,10.0,5.9,0.08,Rain,-0.22596360824801906,0.974135744004672,0.31895930929807,0.9477684100095857,11.0,13.0,17.0,7.1,9.9,18.0,67.7,75.9,78.7,0.2,0.272,0.001,12.5,16.67,4.17,rain,rain,rain,24.1,25.9,40.7,17.5,21.4,25.0,1024.1,1021.6,1014.9,98.2,95.4,89.1,10.0,9.2,6.7,3.5,2.2,2.7,0.05,0.02,0.0,Rain,Rain,Rain,0.4115143586051088,0.6481199010631309,0.8151277957285542,0.9114032766354453,0.7615383075367368,0.5792811723426788
2020-12-18,10.6,6.6,66.2,0.099,4.17,rain,30.2,21.4,1024.1,83.2,9.7,4.6,0.11,Rain,-0.20917350564635637,0.9778785428342386,0.010471784116245792,0.9999451693655121,11.5,11.0,13.0,6.5,7.1,9.9,65.4,67.7,75.9,0.1,0.2,0.272,4.17,12.5,16.67,rain,rain,rain,20.2,24.1,25.9,16.6,17.5,21.4,1022.8,1024.1,1021.6,96.1,98.2,95.4,10.0,10.0,9.2,5.9,3.5,2.2,0.08,0.05,0.02,Rain,Rain,Rain,0.31895930929807,0.4115143586051088,0.6481199010631309,0.9477684100095857,0.9114032766354453,0.7615383075367368
2020-12-19,13.0,4.6,51.6,0.0,0.0,noprecip,31.3,18.5,1026.1,94.9,10.0,7.6,0.15,Cloudy,-0.19232150523909483,0.9813319716704275,-0.061048539534856866,0.9981347984218669,10.6,11.5,11.0,6.6,6.5,7.1,66.2,65.4,67.7,0.099,0.1,0.2,4.17,4.17,12.5,rain,rain,rain,30.2,20.2,24.1,21.4,16.6,17.5,1024.1,1022.8,1024.1,83.2,96.1,98.2,9.7,10.0,10.0,4.6,5.9,3.5,0.11,0.08,0.05,Rain,Rain,Rain,0.010471784116245792,0.31895930929807,0.4115143586051088,0.9999451693655121,0.9477684100095857,0.9114032766354453
2020-12-20,14.0,3.3,44.6,0.0,0.0,noprecip,33.8,21.4,1026.5,79.1,10.0,10.8,0.18,Cloudy,-0.17541259380427843,0.9844950085880858,-0.01745240643728445,0.9998476951563913,13.0,10.6,11.5,4.6,6.6,6.5,51.6,66.2,65.4,0.0,0.099,0.1,0.0,4.17,4.17,noprecip,rain,rain,31.3,30.2,20.2,18.5,21.4,16.6,1026.1,1024.1,1022.8,94.9,83.2,96.1,10.0,9.7,10.0,7.6,4.6,5.9,0.15,0.11,0.08,Cloudy,Rain,Rain,-0.061048539534856866,0.010471784116245792,0.31895930929807,0.9981347984218669,0.9999451693655121,0.9477684100095857
2020-12-21,14.0,2.2,40.0,0.0,0.0,noprecip,34.9,18.4,1024.3,39.5,9.8,16.2,0.21,Cloudy,-0.15845177496083632,0.9873667175937016,-0.11146893220632499,0.9937679191605965,14.0,13.0,10.6,3.3,4.6,6.6,44.6,51.6,66.2,0.0,0.0,0.099,0.0,0.0,4.17,noprecip,noprecip,rain,33.8,31.3,30.2,21.4,18.5,21.4,1026.5,1026.1,1024.1,79.1,94.9,83.2,10.0,10.0,9.7,10.8,7.6,4.6,0.18,0.15,0.11,Cloudy,Cloudy,Rain,-0.01745240643728445,-0.061048539534856866,0.010471784116245792,0.9998476951563913,0.9981347984218669,0.9999451693655121
2020-12-22,14.0,7.3,51.2,0.0,0.0,noprecip,20.9,8.5,1020.0,48.9,8.9,8.5,0.25,Cloudy,-0.14144406768794202,0.9899462489023779,-0.9547607995027972,0.2973748740777865,14.0,14.0,13.0,2.2,3.3,4.6,40.0,44.6,51.6,0.0,0.0,0.0,0.0,0.0,0.0,noprecip,noprecip,noprecip,34.9,33.8,31.3,18.4,21.4,18.5,1024.3,1026.5,1026.1,39.5,79.1,94.9,9.8,10.0,10.0,16.2,10.8,7.6,0.21,0.18,0.15,Cloudy,Cloudy,Cloudy,-0.11146893220632499,-0.01745240643728445,-0.061048539534856866,0.9937679191605965,0.9998476951563913,0.9981347984218669
2020-12-23,17.0,10.1,58.7,0.0,0.0,noprecip,18.0,13.9,1017.4,89.8,8.0,10.0,0.28,Cloudy,-0.12439450483979998,0.9922328391893008,0.9602936856769431,0.2789911060392293,14.0,14.0,14.0,7.3,2.2,3.3,51.2,40.0,44.6,0.0,0.0,0.0,0.0,0.0,0.0,noprecip,noprecip,noprecip,20.9,34.9,33.8,8.5,18.4,21.4,1020.0,1024.3,1026.5,48.9,39.5,79.1,8.9,9.8,10.0,8.5,16.2,10.8,0.25,0.21,0.18,Cloudy,Cloudy,Cloudy,-0.9547607995027972,-0.11146893220632499,-0.01745240643728445,0.2973748740777865,0.9937679191605965,0.9998476951563913
2020-12-24,17.0,11.1,60.9,0.0,0.0,noprecip,19.4,12.1,1017.6,60.3,8.8,7.4,0.31,Cloudy,-0.10730813165636247,0.9942258118156161,0.23514211310259,0.9719610005785463,17.0,14.0,14.0,10.1,7.3,2.2,58.7,51.2,40.0,0.0,0.0,0.0,0.0,0.0,0.0,noprecip,noprecip,noprecip,18.0,20.9,34.9,13.9,8.5,18.4,1017.4,1020.0,1024.3,89.8,48.9,39.5,8.0,8.9,9.8,10.0,8.5,16.2,0.28,0.25,0.21,Cloudy,Cloudy,Cloudy,0.9602936856769431,-0.9547607995027972,-0.11146893220632499,0.2789911060392293,0.2973748740777865,0.9937679191605965
2020-12-25,17.0,12.2,64.5,0.0,0.0,noprecip,17.6,12.9,1017.5,36.4,7.3,9.9,0.34,Cloudy,-0.09019000427034513,0.9959245770286599,0.989776230907789,-0.14262893370551158,17.0,17.0,14.0,11.1,10.1,7.3,60.9,58.7,51.2,0.0,0.0,0.0,0.0,0.0,0.0,noprecip,noprecip,noprecip,19.4,18.0,20.9,12.1,13.9,8.5,1017.6,1017.4,1020.0,60.3,89.8,48.9,8.8,8.0,8.9,7.4,10.0,8.5,0.31,0.28,0.25,Cloudy,Cloudy,Cloudy,0.23514211310259,0.9602936856769431,-0.9547607995027972,0.9719610005785463,0.2789911060392293,0.2973748740777865
2020-12-26,15.5,14.7,76.2,0.0,0.0,noprecip,16.9,11.2,1015.9,80.4,5.5,8.9,0.37,Cloudy,-0.07304518821104743,0.9973286321364752,0.9455185755993167,0.32556815445715676,17.0,17.0,17.0,12.2,11.1,10.1,64.5,60.9,58.7,0.0,0.0,0.0,0.0,0.0,0.0,noprecip,noprecip,noprecip,17.6,19.4,18.0,12.9,12.1,13.9,1017.5,1017.6,1017.4,36.4,60.3,89.8,7.3,8.8,8.0,9.9,7.4,10.0,0.34,0.31,0.28,Cloudy,Cloudy,Cloudy,0.989776230907789,0.23514211310259,0.9602936856769431,-0.14262893370551158,0.9719610005785463,0.2789911060392293
2020-12-27,18.0,17.9,89.4,0.297,8.33,rain,16.2,11.2,1014.7,79.1,3.6,2.8,0.41,Rain,-0.05587875690537313,0.9984375616565666,0.6467897795104596,0.7626683296956883,15.5,17.0,17.0,14.7,12.2,11.1,76.2,64.5,60.9,0.0,0.0,0.0,0.0,0.0,0.0,noprecip,noprecip,noprecip,16.9,17.6,19.4,11.2,12.9,12.1,1015.9,1017.5,1017.6,80.4,36.4,60.3,5.5,7.3,8.8,8.9,9.9,7.4,0.37,0.34,0.31,Cloudy,Cloudy,Cloudy,0.9455185755993167,0.989776230907789,0.23514211310259,0.32556815445715676,-0.14262893370551158,0.9719610005785463
2020-12-28,19.7,19.1,86.1,0.104,12.5,rain,31.0,18.1,1012.1,81.8,5.1,6.6,0.44,Rain,-0.03869579017652689,0.9992510374388481,0.8941542368393682,-0.4477590878387696,18.0,15.5,17.0,17.9,14.7,12.2,89.4,76.2,64.5,0.297,0.0,0.0,8.33,0.0,0.0,rain,noprecip,noprecip,16.2,16.9,17.6,11.2,11.2,12.9,1014.7,1015.9,1017.5,79.1,80.4,36.4,3.6,5.5,7.3,2.8,8.9,9.9,0.41,0.37,0.34,Rain,Cloudy,Cloudy,0.6467897795104596,0.9455185755993167,0.989776230907789,0.7626683296956883,0.32556815445715676,-0.14262893370551158
2020-12-29,20.0,18.8,79.9,0.198,8.33,rain,51.8,17.5,1013.7,68.5,7.4,8.1,0.47,Rain,-0.021501372740813793,0.999768818762748,0.9390942520947092,-0.34365969458561596,19.7,18.0,15.5,19.1,17.9,14.7,86.1,89.4,76.2,0.104,0.297,0.0,12.5,8.33,0.0,rain,rain,noprecip,31.0,16.2,16.9,18.1,11.2,11.2,1012.1,1014.7,1015.9,81.8,79.1,80.4,5.1,3.6,5.5,6.6,2.8,8.9,0.44,0.41,0.37,Rain,Rain,Cloudy,0.8941542368393682,0.6467897795104596,0.9455185755993167,-0.4477590878387696,0.7626683296956883,0.32556815445715676
2020-12-30,14.5,5.2,43.8,2.975,8.33,rain,44.6,30.6,1023.2,92.7,9.8,3.7,0.5,Rain,-0.004300592702981974,0.9999907524084426,0.5678437450531012,0.8231363685344419,20.0,19.7,18.0,18.8,19.1,17.9,79.9,86.1,89.4,0.198,0.104,0.297,8.33,12.5,8.33,rain,rain,rain,51.8,31.0,16.2,17.5,18.1,11.2,1013.7,1012.1,1014.7,68.5,81.8,79.1,7.4,5.1,3.6,8.1,6.6,2.8,0.47,0.44,0.41,Rain,Rain,Rain,0.9390942520947092,0.8941542368393682,0.6467897795104596,-0.34365969458561596,-0.4477590878387696,0.7626683296956883
2020-12-31,11.0,1.5,42.5,0.0,0.0,noprecip,29.2,16.5,1026.1,50.3,9.7,13.3,0.54,Cloudy,0.012901459949419653,0.9999167727021953,0.7975839288252284,0.6032079877452825,14.5,20.0,19.7,5.2,18.8,19.1,43.8,79.9,86.1,2.975,0.198,0.104,8.33,8.33,12.5,rain,rain,rain,44.6,51.8,31.0,30.6,17.5,18.1,1023.2,1013.7,1012.1,92.7,68.5,81.8,9.8,7.4,5.1,3.7,8.1,6.6,0.5,0.47,0.44,Rain,Rain,Rain,0.5678437450531012,0.9390942520947092,0.8941542368393682,0.8231363685344419,-0.34365969458561596,-0.4477590878387696
2021-01-01,7.5,-0.4,42.6,0.0,0.0,noprecip,24.8,14.8,1025.5,8.0,9.3,17.4,0.57,Clear,0.017201575418260506,0.9998520419557735,0.16504760586067763,0.9862856015372314,11.0,14.5,20.0,1.5,5.2,18.8,42.5,43.8,79.9,0.0,2.975,0.198,0.0,8.33,8.33,noprecip,rain,rain,29.2,44.6,51.8,16.5,30.6,17.5,1026.1,1023.2,1013.7,50.3,92.7,68.5,9.7,9.8,7.4,13.3,3.7,8.1,0.54,0.5,0.47,Cloudy,Rain,Rain,0.7975839288252284,0.5678437450531012,0.9390942520947092,0.6032079877452825,0.8231363685344419,-0.34365969458561596
2021-01-02,7.7,3.9,56.8,0.0,0.0,noprecip,16.2,9.4,1022.1,0.0,7.4,17.4,0.61,Clear,0.03439806061360801,0.9994082116062598,0.9711342799096361,0.23853345757858083,7.5,11.0,14.5,-0.4,1.5,5.2,42.6,42.5,43.8,0.0,0.0,2.975,0.0,0.0,8.33,noprecip,noprecip,rain,24.8,29.2,44.6,14.8,16.5,30.6,1025.5,1026.1,1023.2,8.0,50.3,92.7,9.3,9.7,9.8,17.4,13.3,3.7,0.57,0.54,0.5,Clear,Cloudy,Rain,0.16504760586067763,0.7975839288252284,0.5678437450531012,0.9862856015372314,0.6032079877452825,0.8231363685344419
2021-01-03,9.7,5.6,55.0,0.0,0.0,noprecip,22.3,18.4,1021.8,27.8,7.7,11.3,0.64,Cloudy,0.051584366869408364,0.9986686402879997,0.8201518758737721,0.5721458734455163,7.7,7.5,11.0,3.9,-0.4,1.5,56.8,42.6,42.5,0.0,0.0,0.0,0.0,0.0,0.0,noprecip,noprecip,noprecip,16.2,24.8,29.2,9.4,14.8,16.5,1022.1,1025.5,1026.1,0.0,8.0,50.3,7.4,9.3,9.7,17.4,17.4,13.3,0.61,0.57,0.54,Clear,Clear,Cloudy,0.9711342799096361,0.16504760586067763,0.7975839288252284,0.23853345757858083,0.9862856015372314,0.6032079877452825
2021-01-04,13.7,6.1,50.4,0.0,0.0,noprecip,17.3,9.5,1021.2,46.6,8.6,12.7,0.68,Cloudy,0.06875540848113941,0.9976335468520451,0.3403795502130501,0.940288127010419,9.7,7.7,7.5,5.6,3.9,-0.4,55.0,56.8,42.6,0.0,0.0,0.0,0.0,0.0,0.0,noprecip,noprecip,noprecip,22.3,16.2,24.8,18.4,9.4,14.8,1021.8,1022.1,1025.5,27.8,0.0,8.0,7.7,7.4,9.3,11.3,17.4,17.4,0.64,0.61,0.57,Cloudy,Clear,Clear,0.8201518758737721,0.9711342799096361,0.16504760586067763,0.5721458734455163,0.23853345757858083,0.9862856015372314
2021-01-05,14.0,10.0,63.3,0.0,0.0,noprecip,16.2,11.2,1020.3,90.3,5.4,8.1,0.72,Cloudy,0.08590610426133272,0.9963032375991965,-0.2198462043528373,0.9755345439458566,13.7,9.7,7.7,6.1,5.6,3.9,50.4,55.0,56.8,0.0,0.0,0.0,0.0,0.0,0.0,noprecip,noprecip,noprecip,17.3,22.3,16.2,9.5,18.4,9.4,1021.2,1021.8,1022.1,46.6,27.8,0.0,8.6,7.7,7.4,12.7,11.3,17.4,0.68,0.64,0.61,Cloudy,Cloudy,Clear,0.3403795502130501,0.8201518758737721,0.9711342799096361,0.940288127010419,0.5721458734455163,0.23853345757858083
2021-01-06,16.0,10.0,65.9,0.0,0.0,noprecip,19.4,13.0,1019.1,88.0,7.0,7.1,0.75,Cloudy,0.10303137904317879,0.9946781061893646,0.1976573403791262,0.9802711746217219,14.0,13.7,9.7,10.0,6.1,5.6,63.3,50.4,55.0,0.0,0.0,0.0,0.0,0.0,0.0,noprecip,noprecip,noprecip,16.2,17.3,22.3,11.2,9.5,18.4,1020.3,1021.2,1021.8,90.3,46.6,27.8,5.4,8.6,7.7,8.1,12.7,11.3,0.72,0.68,0.64,Cloudy,Cloudy,Cloudy,-0.2198462043528373,0.3403795502130501,0.8201518758737721,0.9755345439458566,0.940288127010419,0.5721458734455163
2021-01-07,12.0,7.7,64.0,0.004,4.17,rain,27.4,20.5,1020.1,90.0,7.9,4.4,0.79,Rain,0.1201261651823505,0.9927586335250793,0.4954586684324075,0.8686315144381913,16.0,14.0,13.7,10.0,10.0,6.1,65.9,63.3,50.4,0.0,0.0,0.0,0.0,0.0,0.0,noprecip,noprecip,noprecip,19.4,16.2,17.3,13.0,11.2,9.5,1019.1,1020.3,1021.2,88.0,90.3,46.6,7.0,5.4,8.6,7.1,8.1,12.7,0.75,0.72,0.68,Cloudy,Cloudy,Cloudy,0.1976573403791262,-0.2198462043528373,0.3403795502130501,0.9802711746217219,0.9755345439458566,0.940288127010419
2021-01-08,7.2,2.1,54.3,0.7,25.0,rain,30.2,22.3,1025.6,97.1,10.0,3.5,0.82,Rain,0.13718540405660057,0.9905453876091833,0.30735661779980705,0.9515944038794382,12.0,16.0,14.0,7.7,10.0,10.0,64.0,65.9,63.3,0.004,0.0,0.0,4.17,0.0,0.0,rain,noprecip,noprecip,27.4,19.4,16.2,20.5,13.0,11.2,1020.1,1019.1,1020.3,90.0,88.0,90.3,7.9,7.0,5.4,4.4,7.1,8.1,0.79,0.75,0.72,Rain,Cloudy,Cloudy,0.4954586684324075,0.1976573403791262,-0.2198462043528373,0.8686315144381913,0.9802711746217219,0.9755345439458566
2021-01-09,6.7,-2.0,42.5,0.0,0.0,noprecip,24.8,14.8,1025.2,92.5,10.0,7.1,0.86,Cloudy,0.1542040475626894,0.988039023376751,0.4786918579406068,0.8779829754279805,7.2,12.0,16.0,2.1,7.7,10.0,54.3,64.0,65.9,0.7,0.004,0.0,25.0,4.17,0.0,rain,rain,noprecip,30.2,27.4,19.4,22.3,20.5,13.0,1025.6,1020.1,1019.1,97.1,90.0,88.0,10.0,7.9,7.0,3.5,4.4,7.1,0.82,0.79,0.75,Rain,Rain,Cloudy,0.30735661779980705,0.4954586684324075,0.1976573403791262,0.9515944038794382,0.8686315144381913,0.9802711746217219
2021-01-10,8.2,-1.8,41.3,0.0,0.0,noprecip,24.8,13.0,1024.3,87.4,10.0,10.8,0.89,Cloudy,0.17117705961019986,0.985240282501282,0.03141075907812829,0.9995065603657316,6.7,7.2,12.0,-2.0,2.1,7.7,42.5,54.3,64.0,0.0,0.7,0.004,0.0,25.0,4.17,noprecip,rain,rain,24.8,30.2,27.4,14.8,22.3,20.5,1025.2,1025.6,1020.1,92.5,97.1,90.0,10.0,10.0,7.9,7.1,3.5,4.4,0.86,0.82,0.79,Cloudy,Rain,Rain,0.4786918579406068,0.30735661779980705,0.4954586684324075,0.8779829754279805,0.9515944038794382,0.8686315144381913
2021-01-11,11.0,-1.6,38.1,0.0,0.0,noprecip,38.5,20.5,1028.8,89.2,10.0,5.3,0.93,Cloudy,0.18809941761179758,0.9821499931752291,-0.13052619222005168,0.9914448613738104,8.2,6.7,7.2,-1.8,-2.0,2.1,41.3,42.5,54.3,0.0,0.0,0.7,0.0,0.0,25.0,noprecip,noprecip,rain,24.8,24.8,30.2,13.0,14.8,22.3,1024.3,1025.2,1025.6,87.4,92.5,97.1,10.0,10.0,10.0,10.8,7.1,3.5,0.89,0.86,0.82,Cloudy,Cloudy,Rain,0.03141075907812829,0.4786918579406068,0.30735661779980705,0.9995065603657316,0.8779829754279805,0.9515944038794382
2021-01-12,10.7,-1.3,36.7,0.0,0.0,noprecip,28.1,16.6,1026.4,58.0,9.9,14.6,0.96,Cloudy,0.20496611396949532,0.9787690698649216,-0.688354575693754,0.7253743710122876,11.0,8.2,6.7,-1.6,-1.8,-2.0,38.1,41.3,42.5,0.0,0.0,0.0,0.0,0.0,0.0,noprecip,noprecip,noprecip,38.5,24.8,24.8,20.5,13.0,14.8,1028.8,1024.3,1025.2,89.2,87.4,92.5,10.0,10.0,10.0,5.3,10.8,7.1,0.93,0.89,0.86,Cloudy,Cloudy,Cloudy,-0.13052619222005168,0.03141075907812829,0.4786918579406068,0.9914448613738104,0.9995065603657316,0.8779829754279805
2021-01-13,8.8,3.0,47.2,0.0,0.0,noprecip,20.9,18.4,1018.6,14.8,8.3,17.6,0.0,Clear,0.22177215755648186,0.975098513039961,0.8489716876291415,-0.528438334722347,10.7,11.0,8.2,-1.3,-1.6,-1.8,36.7,38.1,41.3,0.0,0.0,0.0,0.0,0.0,0.0,noprecip,noprecip,noprecip,28.1,38.5,24.8,16.6,20.5,13.0,1026.4,1028.8,1024.3,58.0,89.2,87.4,9.9,10.0,10.0,14.6,5.3,10.8,0.96,0.93,0.89,Cloudy,Cloudy,Cloudy,-0.688354575693754,-0.13052619222005168,0.03141075907812829,0.7253743710122876,0.9914448613738104,0.9995065603657316
2021-01-14,10.8,7.5,59.7,0.0,0.0,noprecip,16.2,11.2,1017.1,13.1,7.1,16.8,0.03,Clear,0.23851257519407648,0.9711394088771653,0.8059282822485158,-0.5920131787992196,8.8,10.7,11.0,3.0,-1.3,-1.6,47.2,36.7,38.1,0.0,0.0,0.0,0.0,0.0,0.0,noprecip,noprecip,noprecip,20.9,28.1,38.5,18.4,16.6,20.5,1018.6,1026.4,1028.8,14.8,58.0,89.2,8.3,9.9,10.0,17.6,14.6,5.3,0.0,0.96,0.93,Clear,Cloudy,Cloudy,0.8489716876291415,-0.688354575693754,-0.13052619222005168,-0.528438334722347,0.7253743710122876,0.9914448613738104
2021-01-15,11.9,12.1,78.1,0.0,0.0,noprecip,19.1,14.8,1015.4,49.7,4.5,11.0,0.06,Cloudy,0.2551824131233728,0.9668929289391521,0.9884938868086836,-0.15126082024721924,10.8,8.8,10.7,7.5,3.0,-1.3,59.7,47.2,36.7,0.0,0.0,0.0,0.0,0.0,0.0,noprecip,noprecip,noprecip,16.2,20.9,28.1,11.2,18.4,16.6,1017.1,1018.6,1026.4,13.1,14.8,58.0,7.1,8.3,9.9,16.8,17.6,14.6,0.03,0.0,0.96,Clear,Clear,Cloudy,0.8059282822485158,0.8489716876291415,-0.688354575693754,-0.5920131787992196,-0.528438334722347,0.7253743710122876
2021-01-16,16.0,13.3,73.6,0.1,4.17,rain,17.3,9.4,1016.0,67.7,4.6,4.8,0.1,Rain,0.2717767384711357,0.9623603298276545,0.31399245596740494,0.9494254776419039,11.9,10.8,8.8,12.1,7.5,3.0,78.1,59.7,47.2,0.0,0.0,0.0,0.0,0.0,0.0,noprecip,noprecip,noprecip,19.1,16.2,20.9,14.8,11.2,18.4,1015.4,1017.1,1018.6,49.7,13.1,14.8,4.5,7.1,8.3,11.0,16.8,17.6,0.06,0.03,0.0,Cloudy,Clear,Clear,0.9884938868086836,0.8059282822485158,0.8489716876291415,-0.15126082024721924,-0.5920131787992196,-0.528438334722347
2021-01-17,13.0,9.9,70.3,2.672,8.33,rain,43.9,22.3,1024.8,86.4,7.2,2.0,0.13,Rain,0.2882906407095177,0.9575429528116719,0.06279051952931337,0.9980267284282716,16.0,11.9,10.8,13.3,12.1,7.5,73.6,78.1,59.7,0.1,0.0,0.0,4.17,0.0,0.0,rain,noprecip,noprecip,17.3,19.1,16.2,9.4,14.8,11.2,1016.0,1015.4,1017.1,67.7,49.7,13.1,4.6,4.5,7.1,4.8,11.0,16.8,0.1,0.06,0.03,Rain,Cloudy,Clear,0.31399245596740494,0.9884938868086836,0.8059282822485158,0.9494254776419039,-0.15126082024721924,-0.5920131787992196
2021-01-18,10.0,3.7,47.6,0.0,0.0,noprecip,24.1,13.9,1024.3,21.9,9.6,18.1,0.16,Cloudy,0.3047192331091634,0.9524422234305676,-0.1443562010009742,0.9895257890689693,13.0,16.0,11.9,9.9,13.3,12.1,70.3,73.6,78.1,2.672,0.1,0.0,8.33,4.17,0.0,rain,rain,noprecip,43.9,17.3,19.1,22.3,9.4,14.8,1024.8,1016.0,1015.4,86.4,67.7,49.7,7.2,4.6,4.5,2.0,4.8,11.0,0.13,0.1,0.06,Rain,Rain,Cloudy,0.06279051952931337,0.31399245596740494,0.9884938868086836,0.9980267284282716,0.9494254776419039,-0.15126082024721924
2021-01-19,9.1,7.9,64.9,0.0,0.0,noprecip,27.4,16.6,1018.7,0.0,7.0,18.3,0.19,Clear,0.321057654185271,0.9470596510722283,0.9335804264972017,-0.35836794954530027,10.0,13.0,16.0,3.7,9.9,13.3,47.6,70.3,73.6,0.0,2.672,0.1,0.0,8.33,4.17,noprecip,rain,rain,24.1,43.9,17.3,13.9,22.3,9.4,1024.3,1024.8,1016.0,21.9,86.4,67.7,9.6,7.2,4.6,18.1,2.0,4.8,0.16,0.13,0.1,Cloudy,Rain,Rain,-0.1443562010009742,0.06279051952931337,0.31399245596740494,0.9895257890689693,0.9980267284282716,0.9494254776419039
2021-01-20,12.0,11.3,73.2,0.0,0.0,noprecip,18.7,11.2,1016.9,38.7,5.0,9.3,0.22,Cloudy,0.3373010691361842,0.9413968285264122,0.9755345439458566,0.21984620435283755,9.1,10.0,13.0,7.9,3.7,9.9,64.9,47.6,70.3,0.0,0.0,2.672,0.0,0.0,8.33,noprecip,noprecip,rain,27.4,24.1,43.9,16.6,13.9,22.3,1018.7,1024.3,1024.8,0.0,21.9,86.4,7.0,9.6,7.2,18.3,18.1,2.0,0.19,0.16,0.13,Clear,Cloudy,Rain,0.9335804264972017,-0.1443562010009742,0.06279051952931337,-0.35836794954530027,0.9895257890689693,0.9980267284282716
2021-01-21,16.0,13.5,80.6,0.0,0.0,noprecip,11.9,9.4,1015.9,55.9,3.6,5.7,0.25,Cloudy,0.3534446712740877,0.9354554315134164,-0.8972583696743285,0.44150585279174503,12.0,9.1,10.0,11.3,7.9,3.7,73.2,64.9,47.6,0.0,0.0,0.0,0.0,0.0,0.0,noprecip,noprecip,noprecip,18.7,27.4,24.1,11.2,16.6,13.9,1016.9,1018.7,1024.3,38.7,0.0,21.9,5.0,7.0,9.6,9.3,18.3,18.1,0.22,0.19,0.16,Cloudy,Clear,Cloudy,0.9755345439458566,0.9335804264972017,-0.1443562010009742,0.21984620435283755,-0.35836794954530027,0.9895257890689693
2021-01-22,16.0,13.9,74.1,0.0,0.0,noprecip,19.1,11.2,1015.4,25.4,4.1,9.6,0.29,Cloudy,0.3694836834473831,0.9292372181882051,-0.9106836608061775,0.41310442982454093,16.0,12.0,9.1,13.5,11.3,7.9,80.6,73.2,64.9,0.0,0.0,0.0,0.0,0.0,0.0,noprecip,noprecip,noprecip,11.9,18.7,27.4,9.4,11.2,16.6,1015.9,1016.9,1018.7,55.9,38.7,0.0,3.6,5.0,7.0,5.7,9.3,18.3,0.25,0.22,0.19,Cloudy,Cloudy,Clear,-0.8972583696743285,0.9755345439458566,0.9335804264972017,0.44150585279174503,0.21984620435283755,-0.35836794954530027
2021-01-23,14.0,13.2,71.4,0.0,0.0,noprecip,20.9,11.2,1014.5,19.9,4.8,11.8,0.32,Clear,0.38541335945432564,0.9227440286201427,0.996917333733128,0.078459095727845,16.0,16.0,12.0,13.9,13.5,11.3,74.1,80.6,73.2,0.0,0.0,0.0,0.0,0.0,0.0,noprecip,noprecip,noprecip,19.1,11.9,18.7,11.2,9.4,11.2,1015.4,1015.9,1016.9,25.4,55.9,38.7,4.1,3.6,5.0,9.6,5.7,9.3,0.29,0.25,0.22,Cloudy,Cloudy,Cloudy,-0.9106836608061775,-0.8972583696743285,0.9755345439458566,0.41310442982454093,0.44150585279174503,0.21984620435283755
2021-01-24,16.0,14.4,71.0,0.0,0.0,noprecip,33.1,18.4,1013.1,24.5,5.5,13.1,0.35,Cloudy,0.4012289854475009,0.9159777842484877,0.8987940462991669,-0.4383711467890775,14.0,16.0,16.0,13.2,13.9,13.5,71.4,74.1,80.6,0.0,0.0,0.0,0.0,0.0,0.0,noprecip,noprecip,noprecip,20.9,19.1,11.9,11.2,11.2,9.4,1014.5,1015.4,1015.9,19.9,25.4,55.9,4.8,4.1,3.6,11.8,9.6,5.7,0.32,0.29,0.25,Clear,Cloudy,Cloudy,0.996917333733128,-0.9106836608061775,-0.8972583696743285,0.078459095727845,0.41310442982454093,0.44150585279174503
2021-01-25,19.0,18.1,86.2,0.1,8.33,rain,19.1,14.8,1014.9,71.7,4.3,4.4,0.38,Rain,0.4169258813287287,0.908940487313808,0.7986355100472927,-0.6018150231520484,16.0,14.0,16.0,14.4,13.2,13.9,71.0,71.4,74.1,0.0,0.0,0.0,0.0,0.0,0.0,noprecip,noprecip,noprecip,33.1,20.9,19.1,18.4,11.2,11.2,1013.1,1014.5,1015.4,24.5,19.9,25.4,5.5,4.8,4.1,13.1,11.8,9.6,0.35,0.32,0.29,Cloudy,Clear,Cloudy,0.8987940462991669,0.996917333733128,-0.9106836608061775,-0.4383711467890775,0.078459095727845,0.41310442982454093
2021-01-26,19.0,16.9,77.0,0.8,25.0,rain,25.9,20.5,1016.1,57.0,7.3,9.1,0.42,Rain,0.4324994021339788,0.901634220265486,0.6401096994849558,-0.7682835235935231,19.0,16.0,14.0,18.1,14.4,13.2,86.2,71.0,71.4,0.1,0.0,0.0,8.33,0.0,0.0,rain,noprecip,noprecip,19.1,33.1,20.9,14.8,18.4,11.2,1014.9,1013.1,1014.5,71.7,24.5,19.9,4.3,5.5,4.8,4.4,13.1,11.8,0.38,0.35,0.32,Rain,Cloudy,Clear,0.7986355100472927,0.8987940462991669,0.996917333733128,-0.6018150231520484,-0.4383711467890775,0.078459095727845
2021-01-27,18.0,15.7,73.6,0.0,0.0,noprecip,24.1,16.6,1015.8,89.5,8.5,7.2,0.45,Cloudy,0.44794493940789115,0.8940611451454876,0.882126866017668,-0.4710118812194097,19.0,19.0,16.0,16.9,18.1,14.4,77.0,86.2,71.0,0.8,0.1,0.0,25.0,8.33,0.0,rain,rain,noprecip,25.9,19.1,33.1,20.5,14.8,18.4,1016.1,1014.9,1013.1,57.0,71.7,24.5,7.3,4.3,5.5,9.1,4.4,13.1,0.42,0.38,0.35,Rain,Rain,Cloudy,0.6401096994849558,0.7986355100472927,0.8987940462991669,-0.7682835235935231,-0.6018150231520484,-0.4383711467890775
2021-01-28,16.0,13.7,74.7,0.297,4.17,rain,36.4,22.3,1021.1,93.7,8.3,3.1,0.48,Rain,0.4632579225674917,0.88622350294858,0.7156927337037359,0.698415285431006,18.0,19.0,19.0,15.7,16.9,18.1,73.6,77.0,86.2,0.0,0.8,0.1,0.0,25.0,8.33,noprecip,rain,rain,24.1,25.9,19.1,16.6,20.5,14.8,1015.8,1016.1,1014.9,89.5,57.0,71.7,8.5,7.3,4.3,7.2,9.1,4.4,0.45,0.42,0.38,Cloudy,Rain,Rain,0.882126866017668,0.6401096994849558,0.7986355100472927,-0.4710118812194097,-0.7682835235935231,-0.6018150231520484
2021-01-29,16.0,11.8,67.2,0.0,0.0,noprecip,18.7,14.8,1020.9,73.8,8.2,8.5,0.5,Cloudy,0.4784338202547012,0.8781236129591848,0.9668233886044594,-0.2554457579357904,16.0,18.0,19.0,13.7,15.7,16.9,74.7,73.6,77.0,0.297,0.0,0.8,4.17,0.0,25.0,rain,noprecip,rain,36.4,24.1,25.9,22.3,16.6,20.5,1021.1,1015.8,1016.1,93.7,89.5,57.0,8.3,8.5,7.3,3.1,7.2,9.1,0.48,0.45,0.42,Rain,Cloudy,Rain,0.7156927337037359,0.882126866017668,0.6401096994849558,0.698415285431006,-0.4710118812194097,-0.7682835235935231
2021-01-30,15.0,14.4,82.8,0.001,4.17,rain,22.7,14.8,1019.8,81.6,5.0,6.3,0.55,Rain,0.49346814167723735,0.8697638720650646,0.9943379441332046,0.10626407133623308,16.0,16.0,18.0,11.8,13.7,15.7,67.2,74.7,73.6,0.0,0.297,0.0,0.0,4.17,0.0,noprecip,rain,noprecip,18.7,36.4,24.1,14.8,22.3,16.6,1020.9,1021.1,1015.8,73.8,93.7,89.5,8.2,8.3,8.5,8.5,3.1,7.2,0.5,0.48,0.45,Cloudy,Rain,Cloudy,0.9668233886044594,0.7156927337037359,0.882126866017668,-0.2554457579357904,0.698415285431006,-0.4710118812194097
2021-01-31,17.0,15.9,86.5,0.99,4.17,rain,20.5,9.4,1019.3,87.1,3.9,3.7,0.59,Rain,0.5083564379375122,0.8611467540480452,0.9865721616069694,-0.1633259622416224,15.0,16.0,16.0,14.4,11.8,13.7,82.8,67.2,74.7,0.001,0.0,0.297,4.17,0.0,4.17,rain,noprecip,rain,22.7,18.7,36.4,14.8,14.8,22.3,1019.8,1020.9,1021.1,81.6,73.8,93.7,5.0,8.2,8.3,6.3,8.5,3.1,0.55,0.5,0.48,Rain,Cloudy,Rain,0.9943379441332046,0.9668233886044594,0.7156927337037359,0.10626407133623308,-0.2554457579357904,0.698415285431006
2021-02-01,18.0,16.7,80.8,0.3,12.5,rain,21.2,14.8,1018.2,71.8,5.7,7.4,0.62,Rain,0.5230943033491326,0.8522748088519838,0.7682835235935233,-0.6401096994849557,17.0,15.0,16.0,15.9,14.4,11.8,86.5,82.8,67.2,0.99,0.001,0.0,4.17,4.17,0.0,rain,rain,noprecip,20.5,22.7,18.7,9.4,14.8,14.8,1019.3,1019.8,1020.9,87.1,81.6,73.8,3.9,5.0,8.2,3.7,6.3,8.5,0.59,0.55,0.5,Rain,Rain,Cloudy,0.9865721616069694,0.9943379441332046,0.9668233886044594,-0.1633259622416224,0.10626407133623308,-0.2554457579357904
2021-02-02,18.7,16.8,79.4,0.4,16.67,rain,22.3,13.0,1018.8,71.3,7.0,7.4,0.66,Rain,0.5376773767406141,0.8431506618282,0.8853936257544158,-0.4648420457246197,18.0,17.0,15.0,16.7,15.9,14.4,80.8,86.5,82.8,0.3,0.99,0.001,12.5,4.17,4.17,rain,rain,rain,21.2,20.5,22.7,14.8,9.4,14.8,1018.2,1019.3,1019.8,71.8,87.1,81.6,5.7,3.9,5.0,7.4,3.7,6.3,0.62,0.59,0.55,Rain,Rain,Rain,0.7682835235935233,0.9865721616069694,0.9943379441332046,-0.6401096994849557,-0.1633259622416224,0.10626407133623308
2021-02-03,18.0,16.1,75.2,0.0,0.0,noprecip,21.6,16.6,1019.3,42.3,7.3,8.3,0.69,Cloudy,0.5521013427459208,0.8337770129585915,0.7760464070665462,-0.6306758074312859,18.7,18.0,17.0,16.8,16.7,15.9,79.4,80.8,86.5,0.4,0.3,0.99,16.67,12.5,4.17,rain,rain,rain,22.3,21.2,20.5,13.0,14.8,9.4,1018.8,1018.2,1019.3,71.3,71.8,87.1,7.0,5.7,3.9,7.4,7.4,3.7,0.66,0.62,0.59,Rain,Rain,Rain,0.8853936257544158,0.7682835235935233,0.9865721616069694,-0.4648420457246197,-0.6401096994849557,-0.1633259622416224
2021-02-04,17.0,16.5,80.7,0.099,4.17,rain,23.0,13.0,1020.0,51.6,6.4,7.9,0.73,Rain,0.5663619330814524,0.8241566360566663,0.9719610005785463,-0.23514211310258984,18.0,18.7,18.0,16.1,16.8,16.7,75.2,79.4,80.8,0.0,0.4,0.3,0.0,16.67,12.5,noprecip,rain,rain,21.6,22.3,21.2,16.6,13.0,14.8,1019.3,1018.8,1018.2,42.3,71.3,71.8,7.3,7.0,5.7,8.3,7.4,7.4,0.69,0.66,0.62,Cloudy,Rain,Rain,0.7760464070665462,0.8853936257544158,0.7682835235935233,-0.6306758074312859,-0.4648420457246197,-0.6401096994849557
2021-02-05,17.0,15.7,73.5,0.0,0.0,noprecip,19.4,14.8,1018.1,42.4,6.9,8.7,0.75,Cloudy,0.580454927809098,0.8142923779467267,0.9048270524660195,-0.4257792915650727,17.0,18.0,18.7,16.5,16.1,16.8,80.7,75.2,79.4,0.099,0.0,0.4,4.17,0.0,16.67,rain,noprecip,rain,23.0,21.6,22.3,13.0,16.6,13.0,1020.0,1019.3,1018.8,51.6,42.3,71.3,6.4,7.3,7.0,7.9,8.3,7.4,0.73,0.69,0.66,Rain,Cloudy,Rain,0.9719610005785463,0.7760464070665462,0.8853936257544158,-0.23514211310258984,-0.6306758074312859,-0.4648420457246197
2021-02-06,17.0,15.7,76.1,0.0,0.0,noprecip,20.5,14.8,1017.0,36.7,6.7,14.4,0.8,Cloudy,0.5943761565849831,0.804187157621448,0.9163627295622396,-0.4003490325568948,17.0,17.0,18.0,15.7,16.5,16.1,73.5,80.7,75.2,0.0,0.099,0.0,0.0,4.17,0.0,noprecip,rain,noprecip,19.4,23.0,21.6,14.8,13.0,16.6,1018.1,1020.0,1019.3,42.4,51.6,42.3,6.9,6.4,7.3,8.7,7.9,8.3,0.75,0.73,0.69,Cloudy,Rain,Cloudy,0.9048270524660195,0.9719610005785463,0.7760464070665462,-0.4257792915650727,-0.23514211310258984,-0.6306758074312859
2021-02-07,17.0,15.6,71.8,0.0,0.0,noprecip,19.1,13.0,1016.0,47.5,6.0,10.8,0.84,Cloudy,0.6081214998935418,0.7938439653781019,0.9727758782093965,-0.23174790349415758,17.0,17.0,17.0,15.7,15.7,16.5,76.1,73.5,80.7,0.0,0.0,0.099,0.0,0.0,4.17,noprecip,noprecip,rain,20.5,19.4,23.0,14.8,14.8,13.0,1017.0,1018.1,1020.0,36.7,42.4,51.6,6.7,6.9,6.4,14.4,8.7,7.9,0.8,0.75,0.73,Cloudy,Cloudy,Rain,0.9163627295622396,0.9048270524660195,0.9719610005785463,-0.4003490325568948,-0.4257792915650727,-0.23514211310258984
2021-02-08,16.7,16.6,78.4,1.984,8.33,rain,20.9,24.1,1017.6,59.2,6.7,11.4,0.87,Rain,0.6216868902665479,0.7832658619336791,-0.8763066800438638,0.48175367410171493,17.0,17.0,17.0,15.6,15.7,15.7,71.8,76.1,73.5,0.0,0.0,0.0,0.0,0.0,0.0,noprecip,noprecip,noprecip,19.1,20.5,19.4,13.0,14.8,14.8,1016.0,1017.0,1018.1,47.5,36.7,42.4,6.0,6.7,6.9,10.8,14.4,8.7,0.84,0.8,0.75,Cloudy,Cloudy,Cloudy,0.9727758782093965,0.9163627295622396,0.9048270524660195,-0.23174790349415758,-0.4003490325568948,-0.4257792915650727
2021-02-09,15.0,14.3,90.0,42.863,16.67,rain,29.9,20.5,1017.2,88.4,8.0,3.2,0.91,Rain,0.6350683134867438,0.7724559775191742,-0.8367643134589621,0.5475632234925496,16.7,17.0,17.0,16.6,15.6,15.7,78.4,71.8,76.1,1.984,0.0,0.0,8.33,0.0,0.0,rain,noprecip,noprecip,20.9,19.1,20.5,24.1,13.0,14.8,1017.6,1016.0,1017.0,59.2,47.5,36.7,6.7,6.0,6.7,11.4,10.8,14.4,0.87,0.84,0.8,Rain,Cloudy,Cloudy,-0.8763066800438638,0.9727758782093965,0.9163627295622396,0.48175367410171493,-0.23174790349415758,-0.4003490325568948
2021-02-10,14.0,12.9,75.0,0.002,4.17,rain,29.5,13.0,1015.7,39.1,6.7,16.3,0.94,Rain,0.6482618097757122,0.7614175109532997,-0.9707164815781908,0.24022804247726354,15.0,16.7,17.0,14.3,16.6,15.6,90.0,78.4,71.8,42.863,1.984,0.0,16.67,8.33,0.0,rain,rain,noprecip,29.9,20.9,19.1,20.5,24.1,13.0,1017.2,1017.6,1016.0,88.4,59.2,47.5,8.0,6.7,6.0,3.2,11.4,10.8,0.91,0.87,0.84,Rain,Rain,Cloudy,-0.8367643134589621,-0.8763066800438638,0.9727758782093965,0.5475632234925496,0.48175367410171493,-0.23174790349415758
2021-02-11,14.7,13.2,69.8,0.0,0.0,noprecip,16.2,14.8,1016.2,34.8,7.7,14.7,0.98,Cloudy,0.6612634749656386,0.7501537286959042,0.9868557164068072,0.1616038211033613,14.0,15.0,16.7,12.9,14.3,16.6,75.0,90.0,78.4,0.002,42.863,1.984,4.17,16.67,8.33,rain,rain,rain,29.5,29.9,20.9,13.0,20.5,24.1,1015.7,1017.2,1017.6,39.1,88.4,59.2,6.7,8.0,6.7,16.3,3.2,11.4,0.94,0.91,0.87,Rain,Rain,Rain,-0.9707164815781908,-0.8367643134589621,-0.8763066800438638,0.24022804247726354,0.5475632234925496,0.48175367410171493
2021-02-12,17.0,14.5,74.4,0.0,0.0,noprecip,19.1,16.6,1017.1,52.3,7.4,7.8,0.0,Cloudy,0.6740694616546161,0.7386679638813748,0.8796485728666166,-0.475624209070275,14.7,14.0,15.0,13.2,12.9,14.3,69.8,75.0,90.0,0.0,0.002,42.863,0.0,4.17,16.67,noprecip,rain,rain,16.2,29.5,29.9,14.8,13.0,20.5,1016.2,1015.7,1017.2,34.8,39.1,88.4,7.7,6.7,8.0,14.7,16.3,3.2,0.98,0.94,0.91,Cloudy,Rain,Rain,0.9868557164068072,-0.9707164815781908,-0.8367643134589621,0.1616038211033613,0.24022804247726354,0.5475632234925496
2021-02-13,15.0,13.2,68.8,0.0,0.0,noprecip,25.9,16.6,1016.9,50.4,8.5,15.2,0.05,Cloudy,0.6866759803451553,0.726963615332308,0.9128341772330429,-0.40833046038138465,17.0,14.7,14.0,14.5,13.2,12.9,74.4,69.8,75.0,0.0,0.0,0.002,0.0,0.0,4.17,noprecip,noprecip,rain,19.1,16.2,29.5,16.6,14.8,13.0,1017.1,1016.2,1015.7,52.3,34.8,39.1,7.4,7.7,6.7,7.8,14.7,16.3,0.0,0.98,0.94,Cloudy,Cloudy,Rain,0.8796485728666166,0.9868557164068072,-0.9707164815781908,-0.475624209070275,0.1616038211033613,0.24022804247726354
2021-02-14,19.0,13.4,60.4,0.0,0.0,noprecip,17.6,13.0,1016.2,38.2,10.1,15.7,0.08,Cloudy,0.6990793005655562,0.7150441465537444,0.5180270093731302,-0.8553642601605066,15.0,17.0,14.7,13.2,14.5,13.2,68.8,74.4,69.8,0.0,0.0,0.0,0.0,0.0,0.0,noprecip,noprecip,noprecip,25.9,19.1,16.2,16.6,16.6,14.8,1016.9,1017.1,1016.2,50.4,52.3,34.8,8.5,7.4,7.7,15.2,7.8,14.7,0.05,0.0,0.98,Cloudy,Cloudy,Cloudy,0.9128341772330429,0.8796485728666166,0.9868557164068072,-0.40833046038138465,-0.475624209070275,0.1616038211033613
2021-02-15,17.0,17.0,82.0,0.0,0.0,noprecip,29.5,13.0,1013.7,65.4,6.7,11.6,0.11,Cloudy,0.7112757519738152,0.7029130847082615,0.9879598657693891,-0.15471038629946815,19.0,15.0,17.0,13.4,13.2,14.5,60.4,68.8,74.4,0.0,0.0,0.0,0.0,0.0,0.0,noprecip,noprecip,noprecip,17.6,25.9,19.1,13.0,16.6,16.6,1016.2,1016.9,1017.1,38.2,50.4,52.3,10.1,8.5,7.4,15.7,15.2,7.8,0.08,0.05,0.0,Cloudy,Cloudy,Cloudy,0.5180270093731302,0.9128341772330429,0.8796485728666166,-0.8553642601605066,-0.40833046038138465,-0.475624209070275
2021-02-16,19.0,17.3,83.0,0.495,8.33,rain,23.0,11.2,1014.8,83.6,6.9,6.1,0.14,Rain,0.7232617254437388,0.6905740195722294,0.9677091704819712,0.2520693582431136,17.0,19.0,15.0,17.0,13.4,13.2,82.0,60.4,68.8,0.0,0.0,0.0,0.0,0.0,0.0,noprecip,noprecip,noprecip,29.5,17.6,25.9,13.0,13.0,16.6,1013.7,1016.2,1016.9,65.4,38.2,50.4,6.7,10.1,8.5,11.6,15.7,15.2,0.11,0.08,0.05,Cloudy,Cloudy,Cloudy,0.9879598657693891,0.5180270093731302,0.9128341772330429,-0.15471038629946815,-0.8553642601605066,-0.40833046038138465
2021-02-17,19.0,14.2,69.8,1.5,25.0,rain,33.5,20.5,1020.1,81.7,9.2,5.3,0.17,Rain,0.7350336741329412,0.6780306024735382,-0.21814324139654243,0.9759167619387474,19.0,17.0,19.0,17.3,17.0,13.4,83.0,82.0,60.4,0.495,0.0,0.0,8.33,0.0,0.0,rain,noprecip,noprecip,23.0,29.5,17.6,11.2,13.0,13.0,1014.8,1013.7,1016.2,83.6,65.4,38.2,6.9,6.7,10.1,6.1,11.6,15.7,0.14,0.11,0.08,Rain,Cloudy,Cloudy,0.9677091704819712,0.9879598657693891,0.5180270093731302,0.2520693582431136,-0.15471038629946815,-0.8553642601605066
2021-02-18,18.0,13.7,66.8,0.0,0.0,noprecip,16.6,11.2,1023.3,63.3,9.2,7.6,0.21,Cloudy,0.746588114532413,0.6652865452111116,-0.9354440308298675,0.3534748437792567,19.0,19.0,17.0,14.2,17.3,17.0,69.8,83.0,82.0,1.5,0.495,0.0,25.0,8.33,0.0,rain,rain,noprecip,33.5,23.0,29.5,20.5,11.2,13.0,1020.1,1014.8,1013.7,81.7,83.6,65.4,9.2,6.9,6.7,5.3,6.1,11.6,0.17,0.14,0.11,Rain,Rain,Cloudy,-0.21814324139654243,0.9677091704819712,0.9879598657693891,0.9759167619387474,0.2520693582431136,-0.15471038629946815
2021-02-19,18.0,15.2,73.2,0.0,0.0,noprecip,18.4,13.0,1022.8,49.4,6.5,11.5,0.24,Cloudy,0.7579216274973472,0.6523456189565257,0.7107994738729926,-0.7033947028105038,18.0,19.0,19.0,13.7,14.2,17.3,66.8,69.8,83.0,0.0,1.5,0.495,0.0,25.0,8.33,noprecip,rain,rain,16.6,33.5,23.0,11.2,20.5,11.2,1023.3,1020.1,1014.8,63.3,81.7,83.6,9.2,9.2,6.9,7.6,5.3,6.1,0.21,0.17,0.14,Cloudy,Rain,Rain,-0.9354440308298675,-0.21814324139654243,0.9677091704819712,0.3534748437792567,0.9759167619387474,0.2520693582431136
2021-02-20,16.0,12.5,62.9,0.0,0.0,noprecip,23.8,14.8,1019.4,34.8,6.2,19.3,0.25,Cloudy,0.7690308592589181,0.6392116531380588,0.73491459514996,-0.6781596698680704,18.0,18.0,19.0,15.2,13.7,14.2,73.2,66.8,69.8,0.0,0.0,1.5,0.0,0.0,25.0,noprecip,noprecip,rain,18.4,16.6,33.5,13.0,11.2,20.5,1022.8,1023.3,1020.1,49.4,63.3,81.7,6.5,9.2,9.2,11.5,7.6,5.3,0.24,0.21,0.17,Cloudy,Cloudy,Rain,0.7107994738729926,-0.9354440308298675,-0.21814324139654243,-0.7033947028105038,0.3534748437792567,0.9759167619387474
2021-02-21,17.0,14.2,66.1,0.0,0.0,noprecip,33.1,22.3,1015.4,21.8,8.1,20.6,0.3,Cloudy,0.7799125224167177,0.6258885343075018,0.8625136692072574,-0.506033764121164,16.0,18.0,18.0,12.5,15.2,13.7,62.9,73.2,66.8,0.0,0.0,0.0,0.0,0.0,0.0,noprecip,noprecip,noprecip,23.8,18.4,16.6,14.8,13.0,11.2,1019.4,1022.8,1023.3,34.8,49.4,63.3,6.2,6.5,9.2,19.3,11.5,7.6,0.25,0.24,0.21,Cloudy,Cloudy,Cloudy,0.73491459514996,0.7107994738729926,-0.9354440308298675,-0.6781596698680704,-0.7033947028105038,0.3534748437792567
2021-02-22,20.0,16.9,73.6,0.1,4.17,rain,24.8,20.5,1014.5,87.1,7.6,9.7,0.33,Rain,0.7905633969115482,0.612380204990065,0.7569950556517564,-0.6534206039901055,17.0,16.0,18.0,14.2,12.5,15.2,66.1,62.9,73.2,0.0,0.0,0.0,0.0,0.0,0.0,noprecip,noprecip,noprecip,33.1,23.8,18.4,22.3,14.8,13.0,1015.4,1019.4,1022.8,21.8,34.8,49.4,8.1,6.2,6.5,20.6,19.3,11.5,0.3,0.25,0.24,Cloudy,Cloudy,Cloudy,0.8625136692072574,0.73491459514996,0.7107994738729926,-0.506033764121164,-0.6781596698680704,-0.7033947028105038
2021-02-23,20.0,17.2,73.3,0.0,0.0,noprecip,20.9,13.0,1014.1,89.5,7.1,13.3,0.37,Cloudy,0.8009803309782905,0.5986906625177214,0.8607420270039439,-0.5090414157503709,20.0,17.0,16.0,16.9,14.2,12.5,73.6,66.1,62.9,0.1,0.0,0.0,4.17,0.0,0.0,rain,noprecip,noprecip,24.8,33.1,23.8,20.5,22.3,14.8,1014.5,1015.4,1019.4,87.1,21.8,34.8,7.6,8.1,6.2,9.7,20.6,19.3,0.33,0.3,0.25,Rain,Cloudy,Cloudy,0.7569950556517564,0.8625136692072574,0.73491459514996,-0.6534206039901055,-0.506033764121164,-0.6781596698680704
2021-02-24,20.7,17.8,75.1,0.0,0.0,noprecip,38.5,22.3,1010.5,83.2,8.8,10.4,0.4,Cloudy,0.8111602420785621,0.5848239578463322,0.6743023875837236,-0.7384553406258836,20.0,20.0,17.0,17.2,16.9,14.2,73.3,73.6,66.1,0.0,0.1,0.0,0.0,4.17,0.0,noprecip,rain,noprecip,20.9,24.8,33.1,13.0,20.5,22.3,1014.1,1014.5,1015.4,89.5,87.1,21.8,7.1,7.6,8.1,13.3,9.7,20.6,0.37,0.33,0.3,Cloudy,Rain,Cloudy,0.8607420270039439,0.7569950556517564,0.8625136692072574,-0.5090414157503709,-0.6534206039901055,-0.506033764121164
2021-02-25,20.7,19.2,79.7,0.099,4.17,rain,34.9,18.4,1006.9,91.7,8.4,11.3,0.43,Rain,0.8211001178128892,0.5707841943569036,0.810041640445796,-0.5863723567357894,20.7,20.0,20.0,17.8,17.2,16.9,75.1,73.3,73.6,0.0,0.0,0.1,0.0,0.0,4.17,noprecip,noprecip,rain,38.5,20.9,24.8,22.3,13.0,20.5,1010.5,1014.1,1014.5,83.2,89.5,87.1,8.8,7.1,7.6,10.4,13.3,9.7,0.4,0.37,0.33,Cloudy,Cloudy,Rain,0.6743023875837236,0.8607420270039439,0.7569950556517564,-0.7384553406258836,-0.5090414157503709,-0.6534206039901055
2021-02-26,21.7,19.4,77.6,0.099,4.17,rain,34.2,16.6,1006.9,76.0,7.9,7.2,0.46,Rain,0.8307970168121247,0.5565755266413303,0.8589598969306645,-0.5120428648705714,20.7,20.7,20.0,19.2,17.8,17.2,79.7,75.1,73.3,0.099,0.0,0.0,4.17,0.0,0.0,rain,noprecip,noprecip,34.9,38.5,20.9,18.4,22.3,13.0,1006.9,1010.5,1014.1,91.7,83.2,89.5,8.4,8.8,7.1,11.3,10.4,13.3,0.43,0.4,0.37,Rain,Cloudy,Cloudy,0.810041640445796,0.6743023875837236,0.8607420270039439,-0.5863723567357894,-0.7384553406258836,-0.5090414157503709
2021-02-27,16.0,15.8,82.0,5.937,8.33,rain,32.4,20.5,1011.5,89.0,8.6,3.5,0.5,Rain,0.8402480696078469,0.5422021592729844,0.9191353392552344,0.39394190959095127,21.7,20.7,20.7,19.4,19.2,17.8,77.6,79.7,75.1,0.099,0.099,0.0,4.17,4.17,0.0,rain,rain,noprecip,34.2,34.9,38.5,16.6,18.4,22.3,1006.9,1006.9,1010.5,76.0,91.7,83.2,7.9,8.4,8.8,7.2,11.3,10.4,0.46,0.43,0.4,Rain,Rain,Cloudy,0.8589598969306645,0.810041640445796,0.6743023875837236,-0.5120428648705714,-0.5863723567357894,-0.7384553406258836
2021-02-28,16.0,16.3,94.2,1.272,8.33,rain,11.2,13.0,1012.2,93.8,3.3,2.7,0.53,Rain,0.8494504794814806,0.527668345562516,0.9211854055657211,0.3891239501402063,16.0,21.7,20.7,15.8,19.4,19.2,82.0,77.6,79.7,5.937,0.099,0.099,8.33,4.17,4.17,rain,rain,rain,32.4,34.2,34.9,20.5,16.6,18.4,1011.5,1006.9,1006.9,89.0,76.0,91.7,8.6,7.9,8.4,3.5,7.2,11.3,0.5,0.46,0.43,Rain,Rain,Rain,0.9191353392552344,0.8589598969306645,0.810041640445796,0.39394190959095127,-0.5120428648705714,-0.5863723567357894
2021-03-01,18.0,19.7,95.0,0.703,8.33,rain,39.2,13.0,1014.1,94.8,3.3,6.2,0.57,Rain,0.8584015232918917,0.512978386299228,-0.54756322349255,0.8367643134589619,16.0,16.0,21.7,16.3,15.8,19.4,94.2,82.0,77.6,1.272,5.937,0.099,8.33,8.33,4.17,rain,rain,rain,11.2,32.4,34.2,13.0,20.5,16.6,1012.2,1011.5,1006.9,93.8,89.0,76.0,3.3,8.6,7.9,2.7,3.5,7.2,0.53,0.5,0.46,Rain,Rain,Rain,0.9211854055657211,0.9191353392552344,0.8589598969306645,0.3891239501402063,0.39394190959095127,-0.5120428648705714
2021-03-02,18.9,12.3,62.7,0.882,12.5,rain,27.4,24.1,1018.4,97.8,9.8,5.4,0.6,Rain,0.8670985522812081,0.4981366284784055,0.6781596698680706,0.7349145951499598,18.0,16.0,16.0,19.7,16.3,15.8,95.0,94.2,82.0,0.703,1.272,5.937,8.33,8.33,8.33,rain,rain,rain,39.2,11.2,32.4,13.0,13.0,20.5,1014.1,1012.2,1011.5,94.8,93.8,89.0,3.3,3.3,8.6,6.2,2.7,3.5,0.57,0.53,0.5,Rain,Rain,Rain,-0.54756322349255,0.9211854055657211,0.9191353392552344,0.8367643134589619,0.3891239501402063,0.39394190959095127
2021-03-03,16.9,14.4,79.4,0.001,4.17,rain,17.6,14.8,1018.4,92.5,7.1,3.8,0.64,Rain,0.8755389928586302,0.4831474640149687,0.8526401643540922,0.5224985647159489,18.9,18.0,16.0,12.3,19.7,16.3,62.7,95.0,94.2,0.882,0.703,1.272,12.5,8.33,8.33,rain,rain,rain,27.4,39.2,11.2,24.1,13.0,13.0,1018.4,1014.1,1012.2,97.8,94.8,93.8,9.8,3.3,3.3,5.4,6.2,2.7,0.6,0.57,0.53,Rain,Rain,Rain,0.6781596698680706,-0.54756322349255,0.9211854055657211,0.7349145951499598,0.8367643134589619,0.3891239501402063
2021-03-04,16.0,15.3,89.5,4.0,8.33,rain,18.4,11.2,1016.3,93.4,5.9,5.3,0.67,Rain,0.8837203473619977,0.4680153284438345,0.7501110696304596,0.6613118653236518,16.9,18.9,18.0,14.4,12.3,19.7,79.4,62.7,95.0,0.001,0.882,0.703,4.17,12.5,8.33,rain,rain,rain,17.6,27.4,39.2,14.8,24.1,13.0,1018.4,1018.4,1014.1,92.5,97.8,94.8,7.1,9.8,3.3,3.8,5.4,6.2,0.64,0.6,0.57,Rain,Rain,Rain,0.8526401643540922,0.6781596698680706,-0.54756322349255,0.5224985647159489,0.7349145951499598,0.8367643134589619
2021-03-05,17.0,18.2,93.8,0.694,4.17,rain,20.2,11.2,1012.9,96.0,2.7,7.7,0.71,Rain,0.8916401947968874,0.45274469960737107,0.9316912275855489,0.36325123047297836,16.0,16.9,18.9,15.3,14.4,12.3,89.5,79.4,62.7,4.0,0.001,0.882,8.33,4.17,12.5,rain,rain,rain,18.4,17.6,27.4,11.2,14.8,24.1,1016.3,1018.4,1018.4,93.4,92.5,97.8,5.9,7.1,9.8,5.3,3.8,5.4,0.67,0.64,0.6,Rain,Rain,Rain,0.7501110696304596,0.8526401643540922,0.6781596698680706,0.6613118653236518,0.5224985647159489,0.7349145951499598
2021-03-06,19.9,20.3,85.8,0.398,8.33,rain,21.2,18.4,1013.7,78.2,5.6,12.3,0.75,Rain,0.8992961915530253,0.4373400963303323,0.7682835235935234,0.6401096994849554,17.0,16.0,16.9,18.2,15.3,14.4,93.8,89.5,79.4,0.694,4.0,0.001,4.17,8.33,4.17,rain,rain,rain,20.2,18.4,17.6,11.2,11.2,14.8,1012.9,1016.3,1018.4,96.0,93.4,92.5,2.7,5.9,7.1,7.7,5.3,3.8,0.71,0.67,0.64,Rain,Rain,Rain,0.9316912275855489,0.7501110696304596,0.8526401643540922,0.36325123047297836,0.6613118653236518,0.5224985647159489
2021-03-07,22.0,17.7,73.7,0.219,4.17,rain,28.1,18.4,1016.5,77.4,8.7,5.0,0.78,Rain,0.9066860720977985,0.4218060770826634,0.997915618272179,-0.06453230825295789,19.9,17.0,16.0,20.3,18.2,15.3,85.8,93.8,89.5,0.398,0.694,4.0,8.33,4.17,8.33,rain,rain,rain,21.2,20.2,18.4,18.4,11.2,11.2,1013.7,1012.9,1016.3,78.2,96.0,93.4,5.6,2.7,5.9,12.3,7.7,5.3,0.75,0.71,0.67,Rain,Rain,Rain,0.7682835235935234,0.9316912275855489,0.7501110696304596,0.6401096994849554,0.36325123047297836,0.6613118653236518
2021-03-08,19.9,20.5,93.2,0.003,4.17,rain,23.8,18.4,1016.2,94.0,5.2,5.0,0.81,Rain,0.9138076496466615,0.40614723863057883,0.760405965600031,-0.6494480483301835,22.0,19.9,17.0,17.7,20.3,18.2,73.7,85.8,93.8,0.219,0.398,0.694,4.17,8.33,4.17,rain,rain,rain,28.1,21.2,20.2,18.4,18.4,11.2,1016.5,1013.7,1012.9,77.4,78.2,96.0,8.7,5.6,2.7,5.0,12.3,7.7,0.78,0.75,0.71,Rain,Rain,Rain,0.997915618272179,0.7682835235935234,0.9316912275855489,-0.06453230825295789,0.6401096994849554,0.36325123047297836
2021-03-09,21.7,21.8,90.7,1.5,37.5,rain,38.2,20.5,1015.7,91.6,7.1,11.3,0.85,Rain,0.9206588168102428,0.3903682146763026,0.7581343361976525,-0.652098403830392,19.9,22.0,19.9,20.5,17.7,20.3,93.2,73.7,85.8,0.003,0.219,0.398,4.17,4.17,8.33,rain,rain,rain,23.8,28.1,21.2,18.4,18.4,18.4,1016.2,1016.5,1013.7,94.0,77.4,78.2,5.2,8.7,5.6,5.0,5.0,12.3,0.81,0.78,0.75,Rain,Rain,Rain,0.760405965600031,0.997915618272179,0.7682835235935234,-0.6494480483301835,-0.06453230825295789,0.6401096994849554
2021-03-10,22.0,20.8,83.5,0.002,4.17,rain,40.3,25.9,1015.3,83.1,7.7,10.2,0.89,Rain,0.9272375462179537,0.374473674486883,0.810041640445796,-0.5863723567357894,21.7,19.9,22.0,21.8,20.5,17.7,90.7,93.2,73.7,1.5,0.003,0.219,37.5,4.17,4.17,rain,rain,rain,38.2,23.8,28.1,20.5,18.4,18.4,1015.7,1016.2,1016.5,91.6,94.0,77.4,7.1,5.2,8.7,11.3,5.0,5.0,0.85,0.81,0.78,Rain,Rain,Rain,0.7581343361976525,0.760405965600031,0.997915618272179,-0.652098403830392,-0.6494480483301835,-0.06453230825295789
2021-03-11,22.0,20.8,83.9,0.792,4.17,rain,32.8,18.4,1016.7,78.1,8.3,7.8,0.92,Rain,0.9335418911179212,0.35846832151248087,0.8171448983351286,-0.5764323161697932,22.0,21.7,19.9,20.8,21.8,20.5,83.5,90.7,93.2,0.002,1.5,0.003,4.17,37.5,4.17,rain,rain,rain,40.3,38.2,23.8,25.9,20.5,18.4,1015.3,1015.7,1016.2,83.1,91.6,94.0,7.7,7.1,5.2,10.2,11.3,5.0,0.89,0.85,0.81,Rain,Rain,Rain,0.810041640445796,0.7581343361976525,0.760405965600031,-0.5863723567357894,-0.652098403830392,-0.6494480483301835
2021-03-12,21.9,20.2,79.8,0.4,12.5,rain,25.2,18.4,1017.1,64.3,7.6,14.3,0.96,Rain,0.9395699859530622,0.342356891994542,0.6170358751407486,-0.7869350219613372,22.0,22.0,21.7,20.8,20.8,21.8,83.9,83.5,90.7,0.792,0.002,1.5,4.17,4.17,37.5,rain,rain,rain,32.8,40.3,38.2,18.4,25.9,20.5,1016.7,1015.3,1015.7,78.1,83.1,91.6,8.3,7.7,7.1,7.8,10.2,11.3,0.92,0.89,0.85,Rain,Rain,Rain,0.8171448983351286,0.810041640445796,0.7581343361976525,-0.5764323161697932,-0.5863723567357894,-0.652098403830392
2021-03-13,21.7,20.7,86.3,0.001,4.17,rain,23.0,13.0,1016.7,59.5,6.9,11.8,0.0,Rain,0.945320046913132,0.3261441535642696,0.8433914458128858,-0.5372996083468236,21.9,22.0,22.0,20.2,20.8,20.8,79.8,83.9,83.5,0.4,0.792,0.002,12.5,4.17,4.17,rain,rain,rain,25.2,32.8,40.3,18.4,18.4,25.9,1017.1,1016.7,1015.3,64.3,78.1,83.1,7.6,8.3,7.7,14.3,7.8,10.2,0.96,0.92,0.89,Rain,Rain,Rain,0.6170358751407486,0.8171448983351286,0.810041640445796,-0.7869350219613372,-0.5764323161697932,-0.5863723567357894
2021-03-14,19.0,19.2,79.6,0.1,4.17,rain,27.7,18.4,1014.0,31.3,7.3,12.4,0.03,Rain,0.9507903724625832,0.3098349038318025,0.7431448254773942,-0.6691306063588582,21.7,21.9,22.0,20.7,20.2,20.8,86.3,79.8,83.9,0.001,0.4,0.792,4.17,12.5,4.17,rain,rain,rain,23.0,25.2,32.8,13.0,18.4,18.4,1016.7,1017.1,1016.7,59.5,64.3,78.1,6.9,7.6,8.3,11.8,14.3,7.8,0.0,0.96,0.92,Rain,Rain,Rain,0.8433914458128858,0.6170358751407486,0.8171448983351286,-0.5372996083468236,-0.7869350219613372,-0.5764323161697932
2021-03-15,21.0,19.9,80.1,0.2,8.33,rain,36.7,18.4,1011.2,75.8,7.8,10.6,0.06,Rain,0.9559793438440766,0.2934339689665273,0.7265746709709759,-0.6870875108044229,19.0,21.7,21.9,19.2,20.7,20.2,79.6,86.3,79.8,0.1,0.001,0.4,4.17,4.17,12.5,rain,rain,rain,27.7,23.0,25.2,18.4,13.0,18.4,1014.0,1016.7,1017.1,31.3,59.5,64.3,7.3,6.9,7.6,12.4,11.8,14.3,0.03,0.0,0.96,Rain,Rain,Rain,0.7431448254773942,0.8433914458128858,0.6170358751407486,-0.6691306063588582,-0.5372996083468236,-0.7869350219613372
2021-03-16,22.0,22.0,92.3,1.984,8.33,rain,35.6,18.4,1010.9,90.9,6.0,7.8,0.09,Rain,0.9608854255574977,0.27694620226893646,0.7649214009184319,-0.6441236297613865,21.0,19.0,21.7,19.9,19.2,20.7,80.1,79.6,86.3,0.2,0.1,0.001,8.33,4.17,4.17,rain,rain,rain,36.7,27.7,23.0,18.4,18.4,13.0,1011.2,1014.0,1016.7,75.8,31.3,59.5,7.8,7.3,6.9,10.6,12.4,11.8,0.06,0.03,0.0,Rain,Rain,Rain,0.7265746709709759,0.7431448254773942,0.8433914458128858,-0.6870875108044229,-0.6691306063588582,-0.5372996083468236
2021-03-17,23.0,22.1,87.3,0.5,20.83,rain,34.9,18.4,1010.7,89.3,7.4,7.2,0.12,Rain,0.9655071658143364,0.2603764827344581,0.7671651518152998,-0.6414496315691576,22.0,21.0,19.0,22.0,19.9,19.2,92.3,80.1,79.6,1.984,0.2,0.1,8.33,8.33,4.17,rain,rain,rain,35.6,36.7,27.7,18.4,18.4,18.4,1010.9,1011.2,1014.0,90.9,75.8,31.3,6.0,7.8,7.3,7.8,10.6,12.4,0.09,0.06,0.03,Rain,Rain,Rain,0.7649214009184319,0.7265746709709759,0.7431448254773942,-0.6441236297613865,-0.6870875108044229,-0.6691306063588582
2021-03-18,23.0,22.4,89.4,0.396,8.33,rain,29.5,18.4,1010.3,90.2,6.7,9.2,0.16,Rain,0.969843196967294,0.24372971360968387,0.7804304073383299,-0.6252426563357049,23.0,22.0,21.0,22.1,22.0,19.9,87.3,92.3,80.1,0.5,1.984,0.2,20.83,8.33,8.33,rain,rain,rain,34.9,35.6,36.7,18.4,18.4,18.4,1010.7,1010.9,1011.2,89.3,90.9,75.8,7.4,6.0,7.8,7.2,7.8,10.6,0.12,0.09,0.06,Rain,Rain,Rain,0.7671651518152998,0.7649214009184319,0.7265746709709759,-0.6414496315691576,-0.6441236297613865,-0.6870875108044229
2021-03-19,23.0,22.4,87.6,0.198,8.33,rain,34.6,20.5,1009.0,93.3,7.5,10.0,0.19,Rain,0.9738922359149924,0.22701082094141847,0.7241718614374677,-0.6896195437356696,23.0,23.0,22.0,22.4,22.1,22.0,89.4,87.3,92.3,0.396,0.5,1.984,8.33,20.83,8.33,rain,rain,rain,29.5,34.9,35.6,18.4,18.4,18.4,1010.3,1010.7,1010.9,90.2,89.3,90.9,6.7,7.4,6.0,9.2,7.2,7.8,0.16,0.12,0.09,Rain,Rain,Rain,0.7804304073383299,0.7671651518152998,0.7649214009184319,-0.6252426563357049,-0.6414496315691576,-0.6441236297613865
2021-03-20,23.0,23.3,94.6,0.598,8.33,rain,30.2,14.8,1008.5,92.5,5.8,6.9,0.22,Rain,0.9776530844816641,0.2102247521189836,0.7682835235935233,-0.6401096994849557,23.0,23.0,23.0,22.4,22.4,22.1,87.6,89.4,87.3,0.198,0.396,0.5,8.33,8.33,20.83,rain,rain,rain,34.6,29.5,34.9,20.5,18.4,18.4,1009.0,1010.3,1010.7,93.3,90.2,89.3,7.5,6.7,7.4,10.0,9.2,7.2,0.19,0.16,0.12,Rain,Rain,Rain,0.7241718614374677,0.7804304073383299,0.7671651518152998,-0.6896195437356696,-0.6252426563357049,-0.6414496315691576
2021-03-21,18.0,16.6,77.5,13.905,8.33,rain,49.0,33.5,1015.2,98.0,8.0,2.9,0.25,Rain,0.981124629771712,0.19337647441020586,0.6883545756937539,0.7253743710122876,23.0,23.0,23.0,23.3,22.4,22.4,94.6,87.6,89.4,0.598,0.198,0.396,8.33,8.33,8.33,rain,rain,rain,30.2,34.6,29.5,14.8,20.5,18.4,1008.5,1009.0,1010.3,92.5,93.3,90.2,5.8,7.5,6.7,6.9,10.0,9.2,0.22,0.19,0.16,Rain,Rain,Rain,0.7682835235935233,0.7241718614374677,0.7804304073383299,-0.6401096994849557,-0.6896195437356696,-0.6252426563357049
2021-03-22,17.0,6.5,46.2,0.1,4.17,rain,31.3,18.4,1023.9,95.1,10.0,5.4,0.29,Rain,0.984305844499033,0.17647097349152166,0.13052619222005157,0.9914448613738104,18.0,23.0,23.0,16.6,23.3,22.4,77.5,94.6,87.6,13.905,0.598,0.198,8.33,8.33,8.33,rain,rain,rain,49.0,30.2,34.6,33.5,14.8,20.5,1015.2,1008.5,1009.0,98.0,92.5,93.3,8.0,5.8,7.5,2.9,6.9,10.0,0.25,0.22,0.19,Rain,Rain,Rain,0.6883545756937539,0.7682835235935233,0.7241718614374677,0.7253743710122876,-0.6401096994849557,-0.6896195437356696
2021-03-23,17.0,7.9,49.2,0.0,0.0,noprecip,20.2,11.2,1020.5,49.8,9.8,18.6,0.32,Cloudy,0.9871957872910085,0.15951325197263655,0.9055687990111396,0.4241994227453901,17.0,18.0,23.0,6.5,16.6,23.3,46.2,77.5,94.6,0.1,13.905,0.598,4.17,8.33,8.33,rain,rain,rain,31.3,49.0,30.2,18.4,33.5,14.8,1023.9,1015.2,1008.5,95.1,98.0,92.5,10.0,8.0,5.8,5.4,2.9,6.9,0.29,0.25,0.22,Rain,Rain,Rain,0.13052619222005157,0.6883545756937539,0.7682835235935233,0.9914448613738104,0.7253743710122876,-0.6401096994849557
2021-03-24,18.0,14.3,71.1,0.0,0.0,noprecip,22.7,11.2,1015.9,92.5,6.9,15.7,0.35,Cloudy,0.9897936029670716,0.14250832791617088,0.8642748019537047,-0.5030199466302351,17.0,17.0,18.0,7.9,6.5,16.6,49.2,46.2,77.5,0.0,0.1,13.905,0.0,4.17,8.33,noprecip,rain,rain,20.2,31.3,49.0,11.2,18.4,33.5,1020.5,1023.9,1015.2,49.8,95.1,98.0,9.8,10.0,8.0,18.6,5.4,2.9,0.32,0.29,0.25,Cloudy,Rain,Rain,0.9055687990111396,0.13052619222005157,0.6883545756937539,0.4241994227453901,0.9914448613738104,0.7253743710122876
2021-03-25,19.0,18.9,92.8,0.002,4.17,rain,19.4,13.0,1013.9,98.7,3.3,5.6,0.38,Rain,0.992098522791769,0.12546123335273648,0.9997806834748455,0.02094241988335705,18.0,17.0,17.0,14.3,7.9,6.5,71.1,49.2,46.2,0.0,0.0,0.1,0.0,0.0,4.17,noprecip,noprecip,rain,22.7,20.2,31.3,11.2,11.2,18.4,1015.9,1020.5,1023.9,92.5,49.8,95.1,6.9,9.8,10.0,15.7,18.6,5.4,0.35,0.32,0.29,Cloudy,Cloudy,Rain,0.8642748019537047,0.9055687990111396,0.13052619222005157,-0.5030199466302351,0.4241994227453901,0.9914448613738104
2021-03-26,20.0,21.7,93.2,0.996,12.5,rain,33.8,18.4,1011.3,95.4,5.0,6.3,0.42,Rain,0.9941098647022418,0.10837701279187609,0.7396310949786096,-0.6730125135097734,19.0,18.0,17.0,18.9,14.3,7.9,92.8,71.1,49.2,0.002,0.0,0.0,4.17,0.0,0.0,rain,noprecip,noprecip,19.4,22.7,20.2,13.0,11.2,11.2,1013.9,1015.9,1020.5,98.7,92.5,49.8,3.3,6.9,9.8,5.6,15.7,18.6,0.38,0.35,0.32,Rain,Cloudy,Cloudy,0.9997806834748455,0.8642748019537047,0.9055687990111396,0.02094241988335705,-0.5030199466302351,0.4241994227453901
2021-03-27,22.0,22.5,95.4,0.302,8.33,rain,33.8,18.4,1009.2,94.4,5.2,8.1,0.45,Rain,0.9958270335100595,0.09126072172931188,0.753563392301638,-0.6573752457940956,20.0,19.0,18.0,21.7,18.9,14.3,93.2,92.8,71.1,0.996,0.002,0.0,12.5,4.17,0.0,rain,rain,noprecip,33.8,19.4,22.7,18.4,13.0,11.2,1011.3,1013.9,1015.9,95.4,98.7,92.5,5.0,3.3,6.9,6.3,5.6,15.7,0.42,0.38,0.35,Rain,Rain,Cloudy,0.7396310949786096,0.9997806834748455,0.8642748019537047,-0.6730125135097734,0.02094241988335705,-0.5030199466302351
2021-03-28,22.0,22.8,96.3,0.607,12.5,rain,31.0,13.0,1008.2,96.5,4.6,6.4,0.48,Rain,0.9972495210773451,0.07411742515094437,0.8771461637055888,-0.48022349744318876,22.0,20.0,19.0,22.5,21.7,18.9,95.4,93.2,92.8,0.302,0.996,0.002,8.33,12.5,4.17,rain,rain,rain,33.8,33.8,19.4,18.4,18.4,13.0,1009.2,1011.3,1013.9,94.4,95.4,98.7,5.2,5.0,3.3,8.1,6.3,5.6,0.45,0.42,0.38,Rain,Rain,Rain,0.753563392301638,0.7396310949786096,0.9997806834748455,-0.6573752457940956,-0.6730125135097734,0.02094241988335705
2021-03-29,23.0,23.7,91.5,0.1,4.17,rain,28.1,14.8,1004.4,91.8,5.1,18.3,0.5,Rain,0.998376906467142,0.056952196034039754,0.9177546256839813,-0.39714789063478045,22.0,22.0,20.0,22.8,22.5,21.7,96.3,95.4,93.2,0.607,0.302,0.996,12.5,8.33,12.5,rain,rain,rain,31.0,33.8,33.8,13.0,18.4,18.4,1008.2,1009.2,1011.3,96.5,94.4,95.4,4.6,5.2,5.0,6.4,8.1,6.3,0.48,0.45,0.42,Rain,Rain,Rain,0.8771461637055888,0.753563392301638,0.7396310949786096,-0.48022349744318876,-0.6573752457940956,-0.6730125135097734
2021-03-30,24.0,24.1,93.8,0.0,0.0,noprecip,24.8,14.8,1002.1,93.2,4.2,19.2,0.55,Cloudy,0.9992088560679753,0.03977011384605572,0.9900236577165576,-0.14090123193758247,23.0,22.0,22.0,23.7,22.8,22.5,91.5,96.3,95.4,0.1,0.607,0.302,4.17,12.5,8.33,rain,rain,rain,28.1,31.0,33.8,14.8,13.0,18.4,1004.4,1008.2,1009.2,91.8,96.5,94.4,5.1,4.6,5.2,18.3,6.4,8.1,0.5,0.48,0.45,Rain,Rain,Rain,0.9177546256839813,0.8771461637055888,0.753563392301638,-0.39714789063478045,-0.48022349744318876,-0.6573752457940956
2021-03-31,24.0,24.4,91.1,0.0,0.0,noprecip,28.4,18.4,1001.7,91.0,6.1,23.3,0.58,Cloudy,0.9997451236925734,0.022576263041545485,0.9862856015372314,-0.1650476058606777,24.0,23.0,22.0,24.1,23.7,22.8,93.8,91.5,96.3,0.0,0.1,0.607,0.0,4.17,12.5,noprecip,rain,rain,24.8,28.1,31.0,14.8,14.8,13.0,1002.1,1004.4,1008.2,93.2,91.8,96.5,4.2,5.1,4.6,19.2,18.3,6.4,0.55,0.5,0.48,Cloudy,Rain,Rain,0.9900236577165576,0.9177546256839813,0.8771461637055888,-0.14090123193758247,-0.39714789063478045,-0.48022349744318876
2021-04-01,24.0,24.4,89.9,0.0,0.0,noprecip,25.6,16.6,1003.4,90.0,6.7,21.8,0.62,Cloudy,0.9999855506507186,0.005375731557583884,0.9191353392552344,-0.39394190959095116,24.0,24.0,23.0,24.4,24.1,23.7,91.1,93.8,91.5,0.0,0.0,0.1,0.0,0.0,4.17,noprecip,noprecip,rain,28.4,24.8,28.1,18.4,14.8,14.8,1001.7,1002.1,1004.4,91.0,93.2,91.8,6.1,4.2,5.1,23.3,19.2,18.3,0.58,0.55,0.5,Cloudy,Cloudy,Rain,0.9862856015372314,0.9900236577165576,0.9177546256839813,-0.1650476058606777,-0.14090123193758247,-0.39714789063478045
2021-04-02,24.9,24.6,95.3,0.105,8.33,rain,26.6,14.8,1006.5,95.1,5.2,12.5,0.65,Rain,0.9999300657962057,-0.011826390691832589,0.8957117602394128,-0.4446351791849276,24.0,24.0,24.0,24.4,24.4,24.1,89.9,91.1,93.8,0.0,0.0,0.0,0.0,0.0,0.0,noprecip,noprecip,noprecip,25.6,28.4,24.8,16.6,18.4,14.8,1003.4,1001.7,1002.1,90.0,91.0,93.2,6.7,6.1,4.2,21.8,23.3,19.2,0.62,0.58,0.55,Cloudy,Cloudy,Cloudy,0.9191353392552344,0.9862856015372314,0.9900236577165576,-0.39394190959095116,-0.1650476058606777,-0.14090123193758247
2021-04-03,25.0,24.3,94.4,0.496,8.33,rain,28.8,16.6,1009.6,93.6,6.5,5.8,0.69,Rain,0.9995786855478958,-0.029025013321975237,0.923210217112981,-0.38429532265980354,24.9,24.0,24.0,24.6,24.4,24.4,95.3,89.9,91.1,0.105,0.0,0.0,8.33,0.0,0.0,rain,noprecip,noprecip,26.6,25.6,28.4,14.8,16.6,18.4,1006.5,1003.4,1001.7,95.1,90.0,91.0,5.2,6.7,6.1,12.5,21.8,23.3,0.65,0.62,0.58,Rain,Cloudy,Cloudy,0.8957117602394128,0.9191353392552344,0.9862856015372314,-0.4446351791849276,-0.39394190959095116,-0.1650476058606777
2021-04-04,22.0,23.5,88.7,11.1,37.5,rain,28.4,16.6,1012.1,81.6,6.2,10.9,0.75,Rain,0.9989315138848577,-0.046215046983708354,0.9759167619387474,-0.21814324139654234,25.0,24.9,24.0,24.3,24.6,24.4,94.4,95.3,89.9,0.496,0.105,0.0,8.33,8.33,0.0,rain,rain,noprecip,28.8,26.6,25.6,16.6,14.8,16.6,1009.6,1006.5,1003.4,93.6,95.1,90.0,6.5,5.2,6.7,5.8,12.5,21.8,0.69,0.65,0.62,Rain,Rain,Cloudy,0.923210217112981,0.8957117602394128,0.9191353392552344,-0.38429532265980354,-0.4446351791849276,-0.39394190959095116
2021-04-05,21.0,21.0,90.1,7.025,8.33,rain,27.7,14.8,1015.2,82.1,8.3,13.1,0.76,Rain,0.9979887423155984,-0.06339140486951038,0.910683660806177,0.41310442982454193,22.0,25.0,24.9,23.5,24.3,24.6,88.7,94.4,95.3,11.1,0.496,0.105,37.5,8.33,8.33,rain,rain,rain,28.4,28.8,26.6,16.6,16.6,14.8,1012.1,1009.6,1006.5,81.6,93.6,95.1,6.2,6.5,5.2,10.9,5.8,12.5,0.75,0.69,0.65,Rain,Rain,Rain,0.9759167619387474,0.923210217112981,0.8957117602394128,-0.21814324139654234,-0.38429532265980354,-0.4446351791849276
2021-04-06,22.0,21.7,82.8,0.198,4.17,rain,32.0,22.3,1014.8,72.7,7.6,9.8,0.79,Rain,0.9967506498213929,-0.08054900421874167,0.9851093261547739,-0.1719291002794096,21.0,22.0,25.0,21.0,23.5,24.3,90.1,88.7,94.4,7.025,11.1,0.496,8.33,37.5,8.33,rain,rain,rain,27.7,28.4,28.8,14.8,16.6,16.6,1015.2,1012.1,1009.6,82.1,81.6,93.6,8.3,6.2,6.5,13.1,10.9,5.8,0.76,0.75,0.69,Rain,Rain,Rain,0.910683660806177,0.9759167619387474,0.923210217112981,0.41310442982454193,-0.21814324139654234,-0.38429532265980354
2021-04-07,23.9,22.3,82.4,0.1,4.17,rain,30.2,18.4,1012.9,60.0,8.3,12.6,0.83,Rain,0.9952176027737294,-0.09768276782171598,0.7847763705330829,-0.6197790317951402,22.0,21.0,22.0,21.7,21.0,23.5,82.8,90.1,88.7,0.198,7.025,11.1,4.17,8.33,37.5,rain,rain,rain,32.0,27.7,28.4,22.3,14.8,16.6,1014.8,1015.2,1012.1,72.7,82.1,81.6,7.6,8.3,6.2,9.8,13.1,10.9,0.79,0.76,0.75,Rain,Rain,Rain,0.9851093261547739,0.910683660806177,0.9759167619387474,-0.1719291002794096,0.41310442982454193,-0.21814324139654234
2021-04-08,24.0,23.0,83.6,0.645,4.17,rain,34.9,20.5,1011.0,75.6,8.1,16.7,0.86,Rain,0.9933900548258936,-0.11478762552212701,0.8508111094240514,-0.5254716510722676,23.9,22.0,21.0,22.3,21.7,21.0,82.4,82.8,90.1,0.1,0.198,7.025,4.17,4.17,8.33,rain,rain,rain,30.2,32.0,27.7,18.4,22.3,14.8,1012.9,1014.8,1015.2,60.0,72.7,82.1,8.3,7.6,8.3,12.6,9.8,13.1,0.83,0.79,0.76,Rain,Rain,Rain,0.7847763705330829,0.9851093261547739,0.910683660806177,-0.6197790317951402,-0.1719291002794096,0.41310442982454193
2021-04-09,19.0,18.5,86.9,10.191,8.33,rain,20.9,22.3,1014.5,98.1,9.1,4.1,0.9,Rain,0.9912685467787256,-0.13185851571739118,0.6170358751407486,0.7869350219613372,24.0,23.9,22.0,23.0,22.3,21.7,83.6,82.4,82.8,0.645,0.1,0.198,4.17,4.17,4.17,rain,rain,rain,34.9,30.2,32.0,20.5,18.4,22.3,1011.0,1012.9,1014.8,75.6,60.0,72.7,8.1,8.3,7.6,16.7,12.6,9.8,0.86,0.83,0.79,Rain,Rain,Rain,0.8508111094240514,0.7847763705330829,0.9851093261547739,-0.5254716510722676,-0.6197790317951402,-0.1719291002794096
2021-04-10,18.0,18.7,95.2,1.45,12.5,rain,16.6,13.0,1016.2,95.4,4.4,5.8,0.93,Rain,0.9888537064205885,-0.1488903868564548,0.6819983600624985,0.7313537016191706,19.0,24.0,23.9,18.5,23.0,22.3,86.9,83.6,82.4,10.191,0.645,0.1,8.33,4.17,4.17,rain,rain,rain,20.9,34.9,30.2,22.3,20.5,18.4,1014.5,1011.0,1012.9,98.1,75.6,60.0,9.1,8.1,8.3,4.1,16.7,12.6,0.9,0.86,0.83,Rain,Rain,Rain,0.6170358751407486,0.8508111094240514,0.7847763705330829,0.7869350219613372,-0.5254716510722676,-0.6197790317951402
2021-04-11,20.0,22.1,88.0,0.795,8.33,rain,34.9,20.5,1015.2,83.6,6.2,12.5,0.97,Rain,0.986146248341595,-0.16587819893463143,0.8348478632634065,-0.5504807400849956,18.0,19.0,24.0,18.7,18.5,23.0,95.2,86.9,83.6,1.45,10.191,0.645,12.5,8.33,4.17,rain,rain,rain,16.6,20.9,34.9,13.0,22.3,20.5,1016.2,1014.5,1011.0,95.4,98.1,75.6,4.4,9.1,8.1,5.8,4.1,16.7,0.93,0.9,0.86,Rain,Rain,Rain,0.6819983600624985,0.6170358751407486,0.8508111094240514,0.7313537016191706,0.7869350219613372,-0.5254716510722676
2021-04-12,23.0,22.6,80.8,0.1,4.17,rain,33.1,20.5,1013.1,87.3,8.5,13.1,0.0,Rain,0.9831469737221499,-0.1828169249850199,0.7301622766207525,-0.683273773680799,20.0,18.0,19.0,22.1,18.7,18.5,88.0,95.2,86.9,0.795,1.45,10.191,8.33,12.5,8.33,rain,rain,rain,34.9,16.6,20.9,20.5,13.0,22.3,1015.2,1016.2,1014.5,83.6,95.4,98.1,6.2,4.4,9.1,12.5,5.8,4.1,0.97,0.93,0.9,Rain,Rain,Rain,0.8348478632634065,0.6819983600624985,0.6170358751407486,-0.5504807400849956,0.7313537016191706,0.7869350219613372
2021-04-13,24.0,23.7,88.8,0.0,0.0,noprecip,33.5,18.4,1011.9,93.2,9.0,12.0,0.04,Cloudy,0.9798567700958665,-0.1997015525660636,0.8241261886220158,-0.5664062369248326,23.0,20.0,18.0,22.6,22.1,18.7,80.8,88.0,95.2,0.1,0.795,1.45,4.17,8.33,12.5,rain,rain,rain,33.1,34.9,16.6,20.5,20.5,13.0,1013.1,1015.2,1016.2,87.3,83.6,95.4,8.5,6.2,4.4,13.1,12.5,5.8,0.0,0.97,0.93,Rain,Rain,Rain,0.7301622766207525,0.8348478632634065,0.6819983600624985,-0.683273773680799,-0.5504807400849956,0.7313537016191706
2021-04-14,24.5,23.6,83.5,0.4,12.5,rain,31.7,20.5,1009.9,83.8,8.9,12.8,0.07,Rain,0.9762766110869321,-0.21652708524481437,0.9099612708765433,-0.4146932426562388,24.0,23.0,20.0,23.7,22.6,22.1,88.8,80.8,88.0,0.0,0.1,0.795,0.0,4.17,8.33,noprecip,rain,rain,33.5,33.1,34.9,18.4,20.5,20.5,1011.9,1013.1,1015.2,93.2,87.3,83.6,9.0,8.5,6.2,12.0,13.1,12.5,0.04,0.0,0.97,Cloudy,Rain,Rain,0.8241261886220158,0.7301622766207525,0.8348478632634065,-0.5664062369248326,-0.683273773680799,-0.5504807400849956
2021-04-15,24.9,24.5,91.8,3.661,8.33,rain,34.9,18.4,1009.0,91.2,8.8,12.2,0.1,Rain,0.9724075561219968,-0.23328854407545518,0.8746197071393959,-0.484809620246337,24.5,24.0,23.0,23.6,23.7,22.6,83.5,88.8,80.8,0.4,0.0,0.1,12.5,0.0,4.17,rain,noprecip,rain,31.7,33.5,33.1,20.5,18.4,20.5,1009.9,1011.9,1013.1,83.8,93.2,87.3,8.9,9.0,8.5,12.8,12.0,13.1,0.07,0.04,0.0,Rain,Cloudy,Rain,0.9099612708765433,0.8241261886220158,0.7301622766207525,-0.4146932426562388,-0.5664062369248326,-0.683273773680799
2021-04-16,25.0,23.7,83.1,3.7,54.17,rain,29.5,20.5,1010.4,80.8,8.8,7.4,0.14,Rain,0.9682507501166718,-0.2499809690726521,0.8120835268918064,-0.5835412113561174,24.9,24.5,24.0,24.5,23.6,23.7,91.8,83.5,88.8,3.661,0.4,0.0,8.33,12.5,0.0,rain,rain,noprecip,34.9,31.7,33.5,18.4,20.5,18.4,1009.0,1009.9,1011.9,91.2,83.8,93.2,8.8,8.9,9.0,12.2,12.8,12.0,0.1,0.07,0.04,Rain,Rain,Cloudy,0.8746197071393959,0.9099612708765433,0.8241261886220158,-0.484809620246337,-0.4146932426562388,-0.5664062369248326
2021-04-17,22.0,21.7,92.5,124.229,12.5,rain,23.0,18.4,1014.3,88.5,8.4,2.9,0.17,Rain,0.9638074231367307,-0.26659942067929354,0.6946583704589973,0.7193398003386512,25.0,24.9,24.5,23.7,24.5,23.6,83.1,91.8,83.5,3.7,3.661,0.4,54.17,8.33,12.5,rain,rain,rain,29.5,34.9,31.7,20.5,18.4,20.5,1010.4,1009.0,1009.9,80.8,91.2,83.8,8.8,8.8,8.9,7.4,12.2,12.8,0.14,0.1,0.07,Rain,Rain,Rain,0.8120835268918064,0.8746197071393959,0.9099612708765433,-0.5835412113561174,-0.484809620246337,-0.4146932426562388
2021-04-18,20.5,20.3,88.1,0.893,4.17,rain,15.8,11.2,1012.8,93.5,8.7,8.5,0.2,Rain,0.9590788900341131,-0.28313898122818354,0.8580649057236446,0.5135412520581701,22.0,25.0,24.9,21.7,23.7,24.5,92.5,83.1,91.8,124.229,3.7,3.661,12.5,54.17,8.33,rain,rain,rain,23.0,29.5,34.9,18.4,20.5,18.4,1014.3,1010.4,1009.0,88.5,80.8,91.2,8.4,8.8,8.8,2.9,7.4,12.2,0.17,0.14,0.1,Rain,Rain,Rain,0.6946583704589973,0.8120835268918064,0.8746197071393959,0.7193398003386512,-0.5835412113561174,-0.484809620246337
2021-04-19,22.0,23.0,84.2,0.198,4.17,rain,28.8,16.6,1008.1,75.6,7.7,15.0,0.24,Rain,0.9540665500578387,-0.2995947563972602,0.8571673007021123,-0.5150380749100543,20.5,22.0,25.0,20.3,21.7,23.7,88.1,92.5,83.1,0.893,124.229,3.7,4.17,12.5,54.17,rain,rain,rain,15.8,23.0,29.5,11.2,18.4,20.5,1012.8,1014.3,1010.4,93.5,88.5,80.8,8.7,8.4,8.8,8.5,2.9,7.4,0.2,0.17,0.14,Rain,Rain,Rain,0.8580649057236446,0.6946583704589973,0.8120835268918064,0.5135412520581701,0.7193398003386512,-0.5835412113561174
2021-04-20,25.0,24.3,80.8,0.3,12.5,rain,29.2,24.1,1007.4,69.3,9.5,18.2,0.25,Rain,0.9487718864399473,-0.31596187665790293,0.7581343361976525,-0.652098403830392,22.0,20.5,22.0,23.0,20.3,21.7,84.2,88.1,92.5,0.198,0.893,124.229,4.17,4.17,12.5,rain,rain,rain,28.8,15.8,23.0,16.6,11.2,18.4,1008.1,1012.8,1014.3,75.6,93.5,88.5,7.7,8.7,8.4,15.0,8.5,2.9,0.24,0.2,0.17,Rain,Rain,Rain,0.8571673007021123,0.8580649057236446,0.6946583704589973,-0.5150380749100543,0.5135412520581701,0.7193398003386512
2021-04-21,26.0,24.6,79.8,1.2,20.83,rain,36.7,24.1,1008.2,73.3,10.1,16.2,0.3,Rain,0.9431964659565866,-0.33223549871590435,0.7443115462311539,-0.6678325554710468,25.0,22.0,20.5,24.3,23.0,20.3,80.8,84.2,88.1,0.3,0.198,0.893,12.5,4.17,4.17,rain,rain,rain,29.2,28.8,15.8,24.1,16.6,11.2,1007.4,1008.1,1012.8,69.3,75.6,93.5,9.5,7.7,8.7,18.2,15.0,8.5,0.25,0.24,0.2,Rain,Rain,Rain,0.7581343361976525,0.8571673007021123,0.8580649057236446,-0.652098403830392,-0.5150380749100543,0.5135412520581701
2021-04-22,29.6,24.8,81.7,0.7,20.83,rain,33.8,22.3,1007.7,75.9,10.0,16.6,0.34,Rain,0.9373419384643772,-0.3484108069446808,0.777145961456971,-0.6293203910498373,26.0,25.0,22.0,24.6,24.3,23.0,79.8,80.8,84.2,1.2,0.3,0.198,20.83,12.5,4.17,rain,rain,rain,36.7,29.2,28.8,24.1,24.1,16.6,1008.2,1007.4,1008.1,73.3,69.3,75.6,10.1,9.5,7.7,16.2,18.2,15.0,0.3,0.25,0.24,Rain,Rain,Rain,0.7443115462311539,0.7581343361976525,0.8571673007021123,-0.6678325554710468,-0.652098403830392,-0.5150380749100543
2021-04-23,26.0,25.5,87.7,0.202,4.17,rain,37.1,22.3,1005.7,89.4,9.8,17.1,0.37,Rain,0.9312100364121947,-0.3644830148102912,0.8181497174250237,-0.5750052520432782,29.6,26.0,25.0,24.8,24.6,24.3,81.7,79.8,80.8,0.7,1.2,0.3,20.83,20.83,12.5,rain,rain,rain,33.8,36.7,29.2,22.3,24.1,24.1,1007.7,1008.2,1007.4,75.9,73.3,69.3,10.0,10.1,9.5,16.6,16.2,18.2,0.34,0.3,0.25,Rain,Rain,Rain,0.777145961456971,0.7443115462311539,0.7581343361976525,-0.6293203910498373,-0.6678325554710468,-0.652098403830392
2021-04-24,26.0,26.1,88.5,0.2,8.33,rain,31.0,20.5,1005.6,90.6,9.1,17.3,0.4,Rain,0.9248025743285089,-0.38044736628785164,0.8633955506067718,-0.5045276238150191,26.0,29.6,26.0,25.5,24.8,24.6,87.7,81.7,79.8,0.202,0.7,1.2,4.17,20.83,20.83,rain,rain,rain,37.1,33.8,36.7,22.3,22.3,24.1,1005.7,1007.7,1008.2,89.4,75.9,73.3,9.8,10.0,10.1,17.1,16.6,16.2,0.37,0.34,0.3,Rain,Rain,Rain,0.8181497174250237,0.777145961456971,0.7443115462311539,-0.5750052520432782,-0.6293203910498373,-0.6678325554710468
2021-04-25,25.0,26.1,95.3,1.516,12.5,rain,31.3,16.6,1008.2,94.7,7.0,9.3,0.44,Rain,0.9181214482844365,-0.39629913726891813,0.9759167619387474,-0.21814324139654234,26.0,26.0,29.6,26.1,25.5,24.8,88.5,87.7,81.7,0.2,0.202,0.7,8.33,4.17,20.83,rain,rain,rain,31.0,37.1,33.8,20.5,22.3,22.3,1005.6,1005.7,1007.7,90.6,89.4,75.9,9.1,9.8,10.0,17.3,17.1,16.6,0.4,0.37,0.34,Rain,Rain,Rain,0.8633955506067718,0.8181497174250237,0.777145961456971,-0.5045276238150191,-0.5750052520432782,-0.6293203910498373
2021-04-26,21.0,22.7,93.6,41.852,16.67,rain,48.2,14.8,1010.3,84.0,8.2,3.0,0.47,Rain,0.9111686353326631,-0.41203363695942635,0.9731788727770883,0.23004973718810445,25.0,26.0,26.0,26.1,26.1,25.5,95.3,88.5,87.7,1.516,0.2,0.202,12.5,8.33,4.17,rain,rain,rain,31.3,31.0,37.1,16.6,20.5,22.3,1008.2,1005.6,1005.7,94.7,90.6,89.4,7.0,9.1,9.8,9.3,17.3,17.1,0.44,0.4,0.37,Rain,Rain,Rain,0.9759167619387474,0.8633955506067718,0.8181497174250237,-0.21814324139654234,-0.5045276238150191,-0.5750052520432782
2021-04-27,21.0,20.8,82.0,0.6,4.17,rain,25.6,11.2,1013.1,93.0,10.0,5.7,0.5,Rain,0.9039461929224011,-0.42764620926777464,0.7912235329674899,0.6115270401858314,21.0,25.0,26.0,22.7,26.1,26.1,93.6,95.3,88.5,41.852,1.516,0.2,16.67,12.5,8.33,rain,rain,rain,48.2,31.3,31.0,14.8,16.6,20.5,1010.3,1008.2,1005.6,84.0,94.7,90.6,8.2,7.0,9.1,3.0,9.3,17.3,0.47,0.44,0.4,Rain,Rain,Rain,0.9731788727770883,0.9759167619387474,0.8633955506067718,0.23004973718810445,-0.21814324139654234,-0.5045276238150191
2021-04-28,21.9,20.5,84.9,5.937,8.33,rain,37.1,20.5,1015.0,94.5,9.6,12.6,0.54,Rain,0.8964562582905575,-0.44313223418263453,0.421035813367491,0.907044014291465,21.0,21.0,25.0,20.8,22.7,26.1,82.0,93.6,95.3,0.6,41.852,1.516,4.17,16.67,12.5,rain,rain,rain,25.6,48.2,31.3,11.2,14.8,16.6,1013.1,1010.3,1008.2,93.0,84.0,94.7,10.0,8.2,7.0,5.7,3.0,9.3,0.5,0.47,0.44,Rain,Rain,Rain,0.7912235329674899,0.9731788727770883,0.9759167619387474,0.6115270401858314,0.23004973718810445,-0.21814324139654234
2021-04-29,20.0,17.7,69.7,0.331,8.33,rain,22.7,14.8,1015.4,77.1,10.0,13.7,0.57,Rain,0.8887010478292915,-0.45848712914008766,-0.3794561595290051,0.9252097183857821,21.9,21.0,21.0,20.5,20.8,22.7,84.9,82.0,93.6,5.937,0.6,41.852,8.33,4.17,16.67,rain,rain,rain,37.1,25.6,48.2,20.5,11.2,14.8,1015.0,1013.1,1010.3,94.5,93.0,84.0,9.6,10.0,8.2,12.6,5.7,3.0,0.54,0.5,0.47,Rain,Rain,Rain,0.421035813367491,0.7912235329674899,0.9731788727770883,0.907044014291465,0.6115270401858314,0.23004973718810445
2021-04-30,21.0,20.2,75.4,0.4,4.17,rain,24.1,20.5,1011.8,34.5,8.4,22.7,0.6,Rain,0.8806828564301475,-0.47370635037968,0.9092361090470686,-0.41628079226040104,20.0,21.9,21.0,17.7,20.5,20.8,69.7,84.9,82.0,0.331,5.937,0.6,8.33,8.33,4.17,rain,rain,rain,22.7,37.1,25.6,14.8,20.5,11.2,1015.4,1015.0,1013.1,77.1,94.5,93.0,10.0,9.6,10.0,13.7,12.6,5.7,0.57,0.54,0.5,Rain,Rain,Rain,-0.3794561595290051,0.421035813367491,0.7912235329674899,0.9252097183857821,0.907044014291465,0.6115270401858314
2021-05-01,23.0,22.6,84.3,0.12,8.33,rain,21.2,14.8,1011.5,68.9,8.6,14.3,0.64,Rain,0.8724040568049612,-0.48878539428899265,0.8660254037844387,-0.4999999999999998,21.0,20.0,21.9,20.2,17.7,20.5,75.4,69.7,84.9,0.4,0.331,5.937,4.17,8.33,8.33,rain,rain,rain,24.1,22.7,37.1,20.5,14.8,20.5,1011.8,1015.4,1015.0,34.5,77.1,94.5,8.4,10.0,9.6,22.7,13.7,12.6,0.6,0.57,0.54,Rain,Rain,Rain,0.9092361090470686,-0.3794561595290051,0.421035813367491,-0.41628079226040104,0.9252097183857821,0.907044014291465
2021-05-02,24.7,24.3,83.6,3.983,12.5,rain,30.2,20.5,1009.7,68.1,7.8,16.8,0.67,Rain,0.8638670987837349,-0.503719798736334,0.8290375725550417,-0.5591929034707467,23.0,21.0,20.0,22.6,20.2,17.7,84.3,75.4,69.7,0.12,0.4,0.331,8.33,4.17,8.33,rain,rain,rain,21.2,24.1,22.7,14.8,20.5,14.8,1011.5,1011.8,1015.4,68.9,34.5,77.1,8.6,8.4,10.0,14.3,22.7,13.7,0.64,0.6,0.57,Rain,Rain,Rain,0.8660254037844387,0.9092361090470686,-0.3794561595290051,-0.4999999999999998,-0.41628079226040104,0.9252097183857821
2021-05-03,26.7,24.9,79.4,0.8,12.5,rain,33.8,24.1,1007.2,75.4,9.9,20.8,0.71,Rain,0.8550745085896932,-0.518505144391157,0.6427876096865395,-0.7660444431189779,24.7,23.0,21.0,24.3,22.6,20.2,83.6,84.3,75.4,3.983,0.12,0.4,12.5,8.33,4.17,rain,rain,rain,30.2,21.2,24.1,20.5,14.8,20.5,1009.7,1011.5,1011.8,68.1,68.9,34.5,7.8,8.6,8.4,16.8,14.3,22.7,0.67,0.64,0.6,Rain,Rain,Rain,0.8290375725550417,0.8660254037844387,0.9092361090470686,-0.5591929034707467,-0.4999999999999998,-0.41628079226040104
2021-05-04,26.0,24.3,76.3,3.7,4.17,rain,26.3,24.1,1007.3,59.4,10.0,20.9,0.75,Rain,0.8460288880917339,-0.533137056031809,0.8763066800438637,-0.48175367410171505,26.7,24.7,23.0,24.9,24.3,22.6,79.4,83.6,84.3,0.8,3.983,0.12,12.5,12.5,8.33,rain,rain,rain,33.8,30.2,21.2,24.1,20.5,14.8,1007.2,1009.7,1011.5,75.4,68.1,68.9,9.9,7.8,8.6,20.8,16.8,14.3,0.71,0.67,0.64,Rain,Rain,Rain,0.6427876096865395,0.8290375725550417,0.8660254037844387,-0.7660444431189779,-0.5591929034707467,-0.4999999999999998
2021-05-05,22.5,23.3,91.9,42.507,8.33,rain,30.2,22.3,1011.4,83.8,9.2,4.6,0.78,Rain,0.8367329140344921,-0.5476112038402312,0.9874138067509114,0.1581580672544835,26.0,26.7,24.7,24.3,24.9,24.3,76.3,79.4,83.6,3.7,0.8,3.983,4.17,12.5,12.5,rain,rain,rain,26.3,33.8,30.2,24.1,24.1,20.5,1007.3,1007.2,1009.7,59.4,75.4,68.1,10.0,9.9,7.8,20.9,20.8,16.8,0.75,0.71,0.67,Rain,Rain,Rain,0.8763066800438637,0.6427876096865395,0.8290375725550417,-0.48175367410171505,-0.7660444431189779,-0.5591929034707467
2021-05-06,22.9,22.4,79.1,0.298,4.17,rain,27.0,16.6,1012.7,59.1,9.1,17.5,0.81,Rain,0.8271893372462497,-0.5619233046832195,0.6197790317951404,-0.7847763705330828,22.5,26.0,26.7,23.3,24.3,24.9,91.9,76.3,79.4,42.507,3.7,0.8,8.33,4.17,12.5,rain,rain,rain,30.2,26.3,33.8,22.3,24.1,24.1,1011.4,1007.3,1007.2,83.8,59.4,75.4,9.2,10.0,9.9,4.6,20.9,20.8,0.78,0.75,0.71,Rain,Rain,Rain,0.9874138067509114,0.8763066800438637,0.6427876096865395,0.1581580672544835,-0.48175367410171505,-0.7660444431189779
2021-05-07,25.0,24.1,80.7,0.0,0.0,noprecip,28.1,16.6,1011.5,53.6,8.3,19.8,0.84,Cloudy,0.8174009818249189,-0.5760691233798758,0.7443115462311539,-0.6678325554710468,22.9,22.5,26.0,22.4,23.3,24.3,79.1,91.9,76.3,0.298,42.507,3.7,4.17,8.33,4.17,rain,rain,rain,27.0,30.2,26.3,16.6,22.3,24.1,1012.7,1011.4,1007.3,59.1,83.8,59.4,9.1,9.2,10.0,17.5,4.6,20.9,0.81,0.78,0.75,Rain,Rain,Rain,0.6197790317951404,0.9874138067509114,0.8763066800438637,-0.7847763705330828,0.1581580672544835,-0.48175367410171505
2021-05-08,25.0,25.2,85.6,0.0,0.0,noprecip,24.5,16.6,1008.6,64.9,8.6,18.6,0.88,Cloudy,0.8073707443023492,-0.5900444739548627,0.8925858184521256,-0.4508775406894305,25.0,22.9,22.5,24.1,22.4,23.3,80.7,79.1,91.9,0.0,0.298,42.507,0.0,4.17,8.33,noprecip,rain,rain,28.1,27.0,30.2,16.6,16.6,22.3,1011.5,1012.7,1011.4,53.6,59.1,83.8,8.3,9.1,9.2,19.8,17.5,4.6,0.84,0.81,0.78,Cloudy,Rain,Rain,0.7443115462311539,0.6197790317951404,0.9874138067509114,-0.6678325554710468,-0.7847763705330828,0.1581580672544835
2021-05-09,26.0,25.5,82.6,0.3,8.33,rain,28.4,20.5,1006.5,68.9,9.8,19.5,0.91,Rain,0.7971015927871943,-0.6038452208771035,0.8788171126619654,-0.47715876025960846,25.0,25.0,22.9,25.2,24.1,22.4,85.6,80.7,79.1,0.0,0.0,0.298,0.0,0.0,4.17,noprecip,noprecip,rain,24.5,28.1,27.0,16.6,16.6,16.6,1008.6,1011.5,1012.7,64.9,53.6,59.1,8.6,8.3,9.1,18.6,19.8,17.5,0.88,0.84,0.81,Cloudy,Cloudy,Rain,0.8925858184521256,0.7443115462311539,0.6197790317951404,-0.4508775406894305,-0.6678325554710468,-0.7847763705330828
2021-05-10,26.0,25.5,78.6,0.1,4.17,rain,29.5,25.9,1004.8,50.7,10.4,24.5,0.95,Rain,0.7865965660866021,-0.6174672802835514,0.8367643134589615,-0.5475632234925505,26.0,25.0,25.0,25.5,25.2,24.1,82.6,85.6,80.7,0.3,0.0,0.0,8.33,0.0,0.0,rain,noprecip,noprecip,28.4,24.5,28.1,20.5,16.6,16.6,1006.5,1008.6,1011.5,68.9,64.9,53.6,9.8,8.6,8.3,19.5,18.6,19.8,0.91,0.88,0.84,Rain,Cloudy,Cloudy,0.8788171126619654,0.8925858184521256,0.7443115462311539,-0.47715876025960846,-0.4508775406894305,-0.6678325554710468
2021-05-11,24.9,25.0,79.3,24.736,4.17,rain,27.4,27.7,1004.2,52.8,9.2,25.1,0.98,Rain,0.7758587728069828,-0.6309066211876704,0.8910065241883679,-0.4539904997395467,26.0,26.0,25.0,25.5,25.5,25.2,78.6,82.6,85.6,0.1,0.3,0.0,4.17,8.33,0.0,rain,rain,noprecip,29.5,28.4,24.5,25.9,20.5,16.6,1004.8,1006.5,1008.6,50.7,68.9,64.9,10.4,9.8,8.6,24.5,19.5,18.6,0.95,0.91,0.88,Rain,Rain,Cloudy,0.8367643134589615,0.8788171126619654,0.8925858184521256,-0.5475632234925505,-0.47715876025960846,-0.4508775406894305
2021-05-12,25.0,25.7,81.8,2.37,4.17,rain,30.6,20.5,1003.9,48.0,9.5,23.6,0.0,Rain,0.7648913904341226,-0.6441592666722685,0.9390942520947092,-0.34365969458561596,24.9,26.0,26.0,25.0,25.5,25.5,79.3,78.6,82.6,24.736,0.1,0.3,4.17,4.17,8.33,rain,rain,rain,27.4,29.5,28.4,27.7,25.9,20.5,1004.2,1004.8,1006.5,52.8,50.7,68.9,9.2,10.4,9.8,25.1,24.5,19.5,0.98,0.95,0.91,Rain,Rain,Rain,0.8910065241883679,0.8367643134589615,0.8788171126619654,-0.4539904997395467,-0.5475632234925505,-0.47715876025960846
2021-05-13,24.0,25.3,88.5,6.827,8.33,rain,28.8,23.2,1005.0,81.0,9.4,22.5,0.05,Rain,0.753697664392914,-0.6572212950663319,0.9957246981845821,-0.09237058744656132,25.0,24.9,26.0,25.7,25.0,25.5,81.8,79.3,78.6,2.37,24.736,0.1,4.17,4.17,4.17,rain,rain,rain,30.6,27.4,29.5,20.5,27.7,25.9,1003.9,1004.2,1004.8,48.0,52.8,50.7,9.5,9.2,10.4,23.6,25.1,24.5,0.0,0.98,0.95,Rain,Rain,Rain,0.9390942520947092,0.8910065241883679,0.8367643134589615,-0.34365969458561596,-0.4539904997395467,-0.5475632234925505
2021-05-14,25.0,24.9,79.2,0.131,4.17,rain,38.5,24.1,1004.7,41.9,9.4,22.6,0.08,Rain,0.742280907086982,-0.6700888411055113,0.7384553406258838,-0.6743023875837234,24.0,25.0,24.9,25.3,25.7,25.0,88.5,81.8,79.3,6.827,2.37,24.736,8.33,4.17,4.17,rain,rain,rain,28.8,30.6,27.4,23.2,20.5,27.7,1005.0,1003.9,1004.2,81.0,48.0,52.8,9.4,9.5,9.2,22.5,23.6,25.1,0.05,0.0,0.98,Rain,Rain,Rain,0.9957246981845821,0.9390942520947092,0.8910065241883679,-0.09237058744656132,-0.34365969458561596,-0.4539904997395467
2021-05-15,33.0,26.2,81.2,0.099,4.17,rain,31.7,24.1,1005.0,66.0,10.4,23.5,0.12,Rain,0.7306444969184916,-0.6827580970759147,0.7443115462311539,-0.6678325554710468,25.0,24.0,25.0,24.9,25.3,25.7,79.2,88.5,81.8,0.131,6.827,2.37,4.17,8.33,4.17,rain,rain,rain,38.5,28.8,30.6,24.1,23.2,20.5,1004.7,1005.0,1003.9,41.9,81.0,48.0,9.4,9.4,9.5,22.6,22.5,23.6,0.08,0.05,0.0,Rain,Rain,Rain,0.7384553406258838,0.9957246981845821,0.9390942520947092,-0.6743023875837234,-0.09237058744656132,-0.34365969458561596
2021-05-16,31.2,26.0,78.4,0.198,4.17,rain,34.6,22.3,1005.1,66.7,10.0,23.2,0.15,Rain,0.7187918772884232,-0.6952253139408722,0.8580649057236445,-0.5135412520581703,33.0,25.0,24.0,26.2,24.9,25.3,81.2,79.2,88.5,0.099,0.131,6.827,4.17,4.17,8.33,rain,rain,rain,31.7,38.5,28.8,24.1,24.1,23.2,1005.0,1004.7,1005.0,66.0,41.9,81.0,10.4,9.4,9.4,23.5,22.6,22.5,0.12,0.08,0.05,Rain,Rain,Rain,0.7443115462311539,0.7384553406258838,0.9957246981845821,-0.6678325554710468,-0.6743023875837234,-0.09237058744656132
2021-05-17,31.2,26.2,81.7,0.79,4.17,rain,34.9,20.5,1006.4,68.5,9.8,18.6,0.18,Rain,0.7067265555776158,-0.7074868024503348,0.8367643134589615,-0.5475632234925505,31.2,33.0,25.0,26.0,26.2,24.9,78.4,81.2,79.2,0.198,0.099,0.131,4.17,4.17,4.17,rain,rain,rain,34.6,31.7,38.5,22.3,24.1,24.1,1005.1,1005.0,1004.7,66.7,66.0,41.9,10.0,10.4,9.4,23.2,23.5,22.6,0.15,0.12,0.08,Rain,Rain,Rain,0.8580649057236445,0.7443115462311539,0.7384553406258838,-0.5135412520581703,-0.6678325554710468,-0.6743023875837234
2021-05-18,33.6,26.2,80.6,0.2,8.33,rain,32.8,24.1,1005.9,80.1,10.0,16.8,0.22,Rain,0.6944521021088763,-0.719538934232584,0.7869350219613374,-0.6170358751407485,31.2,31.2,33.0,26.2,26.0,26.2,81.7,78.4,81.2,0.79,0.198,0.099,4.17,4.17,4.17,rain,rain,rain,34.9,34.6,31.7,20.5,22.3,24.1,1006.4,1005.1,1005.0,68.5,66.7,66.0,9.8,10.0,10.4,18.6,23.2,23.5,0.18,0.15,0.12,Rain,Rain,Rain,0.8367643134589615,0.8580649057236445,0.7443115462311539,-0.5475632234925505,-0.5135412520581703,-0.6678325554710468
2021-05-19,30.6,26.2,77.8,0.0,0.0,noprecip,34.2,24.1,1003.4,54.7,10.7,22.9,0.25,Cloudy,0.6819721490904629,-0.7313781428679254,0.794414620535418,-0.6073758397232868,33.6,31.2,31.2,26.2,26.2,26.0,80.6,81.7,78.4,0.2,0.79,0.198,8.33,4.17,4.17,rain,rain,rain,32.8,34.9,34.6,24.1,20.5,22.3,1005.9,1006.4,1005.1,80.1,68.5,66.7,10.0,9.8,10.0,16.8,18.6,23.2,0.22,0.18,0.15,Rain,Rain,Rain,0.7869350219613374,0.8367643134589615,0.8580649057236445,-0.6170358751407485,-0.5475632234925505,-0.5135412520581703
2021-05-20,30.6,26.0,76.2,4.1,12.5,rain,33.8,22.3,1003.4,51.5,10.0,15.2,0.25,Rain,0.6692903895412567,-0.7430009249440493,0.9510565162951536,-0.30901699437494734,30.6,33.6,31.2,26.2,26.2,26.2,77.8,80.6,81.7,0.0,0.2,0.79,0.0,8.33,4.17,noprecip,rain,rain,34.2,32.8,34.9,24.1,24.1,20.5,1003.4,1005.9,1006.4,54.7,80.1,68.5,10.7,10.0,9.8,22.9,16.8,18.6,0.25,0.22,0.18,Cloudy,Rain,Rain,0.794414620535418,0.7869350219613374,0.8367643134589615,-0.6073758397232868,-0.6170358751407485,-0.5475632234925505
2021-05-21,34.3,27.0,83.8,0.035,8.33,rain,32.0,20.5,1003.2,65.1,9.6,21.6,0.32,Rain,0.6564105761979381,-0.7544038410927472,0.941470544812038,-0.33709525842308197,30.6,30.6,33.6,26.0,26.2,26.2,76.2,77.8,80.6,4.1,0.0,0.2,12.5,0.0,8.33,rain,noprecip,rain,33.8,34.2,32.8,22.3,24.1,24.1,1003.4,1003.4,1005.9,51.5,54.7,80.1,10.0,10.7,10.0,15.2,22.9,16.8,0.25,0.25,0.22,Rain,Cloudy,Rain,0.9510565162951536,0.794414620535418,0.7869350219613374,-0.30901699437494734,-0.6073758397232868,-0.6170358751407485
2021-05-22,32.7,26.6,77.1,0.0,0.0,noprecip,34.2,27.7,1001.5,35.1,11.3,25.7,0.35,Cloudy,0.6433365204044917,-0.765583517007675,0.8957117602394128,-0.4446351791849276,34.3,30.6,30.6,27.0,26.0,26.2,83.8,76.2,77.8,0.035,4.1,0.0,8.33,12.5,0.0,rain,rain,noprecip,32.0,33.8,34.2,20.5,22.3,24.1,1003.2,1003.4,1003.4,65.1,51.5,54.7,9.6,10.0,10.7,21.6,15.2,22.9,0.32,0.25,0.25,Rain,Rain,Cloudy,0.941470544812038,0.9510565162951536,0.794414620535418,-0.33709525842308197,-0.30901699437494734,-0.6073758397232868
2021-05-23,35.6,26.8,79.9,0.396,4.17,rain,33.8,24.1,1003.8,68.0,10.9,19.3,0.39,Rain,0.6300720909843687,-0.7765366444428655,0.9003187714021935,-0.4352310993723274,32.7,34.3,30.6,26.6,27.0,26.0,77.1,83.8,76.2,0.0,0.035,4.1,0.0,8.33,12.5,noprecip,rain,rain,34.2,32.0,33.8,27.7,20.5,22.3,1001.5,1003.2,1003.4,35.1,65.1,51.5,11.3,9.6,10.0,25.7,21.6,15.2,0.35,0.32,0.25,Cloudy,Rain,Rain,0.8957117602394128,0.941470544812038,0.9510565162951536,-0.4446351791849276,-0.33709525842308197,-0.30901699437494734
2021-05-24,25.0,23.6,80.9,8.906,4.17,rain,33.1,22.3,1009.0,88.2,9.7,13.7,0.42,Rain,0.6166212130956382,-0.7872599821916922,-0.05582150499316413,0.998440764181981,35.6,32.7,34.3,26.8,26.6,27.0,79.9,77.1,83.8,0.396,0.0,0.035,4.17,0.0,8.33,rain,noprecip,rain,33.8,34.2,32.0,24.1,27.7,20.5,1003.8,1001.5,1003.2,68.0,35.1,65.1,10.9,11.3,9.6,19.3,25.7,21.6,0.39,0.35,0.32,Rain,Cloudy,Rain,0.9003187714021935,0.8957117602394128,0.941470544812038,-0.4352310993723274,-0.4446351791849276,-0.33709525842308197
2021-05-25,23.0,22.6,83.4,10.29,12.5,rain,32.0,16.6,1009.1,86.1,8.4,9.2,0.46,Rain,0.6029878670694714,-0.7977503570459932,-0.27228024704057513,0.9622179935292852,25.0,35.6,32.7,23.6,26.8,26.6,80.9,79.9,77.1,8.906,0.396,0.0,4.17,4.17,0.0,rain,rain,noprecip,33.1,33.8,34.2,22.3,24.1,27.7,1009.0,1003.8,1001.5,88.2,68.0,35.1,9.7,10.9,11.3,13.7,19.3,25.7,0.42,0.39,0.35,Rain,Rain,Cloudy,-0.05582150499316413,0.9003187714021935,0.8957117602394128,0.998440764181981,-0.4352310993723274,-0.4446351791849276
2021-05-26,25.0,25.0,81.2,2.971,4.17,rain,29.9,22.3,1006.8,50.8,9.8,21.0,0.5,Rain,0.5891760872322963,-0.8080046647350754,0.8280603346224945,-0.5606389945632415,23.0,25.0,35.6,22.6,23.6,26.8,83.4,80.9,79.9,10.29,8.906,0.396,12.5,4.17,4.17,rain,rain,rain,32.0,33.1,33.8,16.6,22.3,24.1,1009.1,1009.0,1003.8,86.1,88.2,68.0,8.4,9.7,10.9,9.2,13.7,19.3,0.46,0.42,0.39,Rain,Rain,Rain,-0.27228024704057513,-0.05582150499316413,0.9003187714021935,0.9622179935292852,0.998440764181981,-0.4352310993723274
2021-05-27,31.2,25.7,79.1,1.0,12.5,rain,33.8,20.5,1007.6,44.1,11.0,20.5,0.52,Rain,0.5751899607119775,-0.8180198708443175,0.8386705679454239,-0.5446390350150271,25.0,23.0,25.0,25.0,22.6,23.6,81.2,83.4,80.9,2.971,10.29,8.906,4.17,12.5,4.17,rain,rain,rain,29.9,32.0,33.1,22.3,16.6,22.3,1006.8,1009.1,1009.0,50.8,86.1,88.2,9.8,8.4,9.7,21.0,9.2,13.7,0.5,0.46,0.42,Rain,Rain,Rain,0.8280603346224945,-0.27228024704057513,-0.05582150499316413,-0.5606389945632415,0.9622179935292852,0.998440764181981
2021-05-28,31.2,25.4,77.0,1.0,25.0,rain,25.9,18.4,1007.7,50.7,9.5,20.9,0.56,Rain,0.5610336262283677,-0.8277930117131022,0.8746197071393959,-0.484809620246337,31.2,25.0,23.0,25.7,25.0,22.6,79.1,81.2,83.4,1.0,2.971,10.29,12.5,4.17,12.5,rain,rain,rain,33.8,29.9,32.0,20.5,22.3,16.6,1007.6,1006.8,1009.1,44.1,50.8,86.1,11.0,9.8,8.4,20.5,21.0,9.2,0.52,0.5,0.46,Rain,Rain,Rain,0.8386705679454239,0.8280603346224945,-0.27228024704057513,-0.5446390350150271,-0.5606389945632415,0.9622179935292852
2021-05-29,34.5,26.0,75.9,1.385,4.17,rain,25.9,25.9,1004.9,60.5,9.4,22.0,0.59,Rain,0.5467112728685939,-0.8373211953118121,0.8405666034956844,-0.5417082102827397,31.2,31.2,25.0,25.4,25.7,25.0,77.0,79.1,81.2,1.0,1.0,2.971,25.0,12.5,4.17,rain,rain,rain,25.9,33.8,29.9,18.4,20.5,22.3,1007.7,1007.6,1006.8,50.7,44.1,50.8,9.5,11.0,9.8,20.9,20.5,21.0,0.56,0.52,0.5,Rain,Rain,Rain,0.8746197071393959,0.8386705679454239,0.8280603346224945,-0.484809620246337,-0.5446390350150271,-0.5606389945632415
2021-05-30,34.5,25.4,69.8,0.0,0.0,noprecip,24.1,16.6,1002.2,43.2,11.2,22.5,0.62,Cloudy,0.5322271388474397,-0.8466016020976267,0.9573194975320674,-0.2890317969444713,34.5,31.2,31.2,26.0,25.4,25.7,75.9,77.0,79.1,1.385,1.0,1.0,4.17,25.0,12.5,rain,rain,rain,25.9,25.9,33.8,25.9,18.4,20.5,1004.9,1007.7,1007.6,60.5,50.7,44.1,9.4,9.5,11.0,22.0,20.9,20.5,0.59,0.56,0.52,Rain,Rain,Rain,0.8405666034956844,0.8746197071393959,0.8386705679454239,-0.5417082102827397,-0.484809620246337,-0.5446390350150271
2021-05-31,36.8,24.9,63.7,0.0,0.0,noprecip,20.9,16.6,1000.4,65.5,12.1,22.6,0.66,Cloudy,0.5175855102531889,-0.8556314858488706,0.8642748019537047,-0.5030199466302351,34.5,34.5,31.2,25.4,26.0,25.4,69.8,75.9,77.0,0.0,1.385,1.0,0.0,4.17,25.0,noprecip,rain,rain,24.1,25.9,25.9,16.6,25.9,18.4,1002.2,1004.9,1007.7,43.2,60.5,50.7,11.2,9.4,9.5,22.5,22.0,20.9,0.62,0.59,0.56,Cloudy,Rain,Rain,0.9573194975320674,0.8405666034956844,0.8746197071393959,-0.2890317969444713,-0.5417082102827397,-0.484809620246337
2021-06-01,37.7,24.5,59.7,0.0,0.0,noprecip,27.0,20.5,1000.6,66.9,10.7,26.2,0.69,Cloudy,0.5027907197793043,-0.8644081744776648,0.24361501178602243,-0.9698720152847468,36.8,34.5,34.5,24.9,25.4,26.0,63.7,69.8,75.9,0.0,0.0,1.385,0.0,0.0,4.17,noprecip,noprecip,rain,20.9,24.1,25.9,16.6,16.6,25.9,1000.4,1002.2,1004.9,65.5,43.2,60.5,12.1,11.2,9.4,22.6,22.5,22.0,0.66,0.62,0.59,Cloudy,Cloudy,Rain,0.8642748019537047,0.9573194975320674,0.8405666034956844,-0.5030199466302351,-0.2890317969444713,-0.5417082102827397
2021-06-02,38.2,26.0,67.2,0.0,0.0,noprecip,24.5,14.8,1001.4,60.3,9.5,22.0,0.75,Cloudy,0.4878471454423119,-0.8729290708206411,0.913545457642601,-0.40673664307580004,37.7,36.8,34.5,24.5,24.9,25.4,59.7,63.7,69.8,0.0,0.0,0.0,0.0,0.0,0.0,noprecip,noprecip,noprecip,27.0,20.9,24.1,20.5,16.6,16.6,1000.6,1000.4,1002.2,66.9,65.5,43.2,10.7,12.1,11.2,26.2,22.6,22.5,0.69,0.66,0.62,Cloudy,Cloudy,Cloudy,0.24361501178602243,0.8642748019537047,0.9573194975320674,-0.9698720152847468,-0.5030199466302351,-0.2890317969444713
2021-06-03,40.4,26.0,65.9,0.8,12.5,rain,24.8,18.4,1001.6,55.8,10.3,25.9,0.76,Rain,0.47275920928627757,-0.881191653407483,0.9342044743210295,-0.3567379993196253,38.2,37.7,36.8,26.0,24.5,24.9,67.2,59.7,63.7,0.0,0.0,0.0,0.0,0.0,0.0,noprecip,noprecip,noprecip,24.5,27.0,20.9,14.8,20.5,16.6,1001.4,1000.6,1000.4,60.3,66.9,65.5,9.5,10.7,12.1,22.0,26.2,22.6,0.75,0.69,0.66,Cloudy,Cloudy,Cloudy,0.913545457642601,0.24361501178602243,0.8642748019537047,-0.40673664307580004,-0.9698720152847468,-0.5030199466302351
2021-06-04,26.0,21.8,71.3,0.297,4.17,rain,49.7,37.1,1006.5,79.1,10.0,16.5,0.79,Rain,0.4575313760742512,-0.8891934772070711,0.12706460860135046,0.9918944425900297,40.4,38.2,37.7,26.0,26.0,24.5,65.9,67.2,59.7,0.8,0.0,0.0,12.5,0.0,0.0,rain,noprecip,noprecip,24.8,24.5,27.0,18.4,14.8,20.5,1001.6,1001.4,1000.6,55.8,60.3,66.9,10.3,9.5,10.7,25.9,22.0,26.2,0.76,0.75,0.69,Rain,Cloudy,Cloudy,0.9342044743210295,0.913545457642601,0.24361501178602243,-0.3567379993196253,-0.40673664307580004,-0.9698720152847468
2021-06-05,25.0,20.4,63.4,0.011,4.17,rain,19.1,7.6,1006.1,73.4,9.4,19.7,0.83,Rain,0.44216815196707204,-0.8969321743510065,0.7501110696304596,0.6613118653236518,26.0,40.4,38.2,21.8,26.0,26.0,71.3,65.9,67.2,0.297,0.8,0.0,4.17,12.5,0.0,rain,rain,noprecip,49.7,24.8,24.5,37.1,18.4,14.8,1006.5,1001.6,1001.4,79.1,55.8,60.3,10.0,10.3,9.5,16.5,25.9,22.0,0.79,0.76,0.75,Rain,Rain,Cloudy,0.12706460860135046,0.9342044743210295,0.913545457642601,0.9918944425900297,-0.3567379993196253,-0.40673664307580004
2021-06-06,30.1,24.2,74.1,9.8,29.17,rain,24.5,11.2,1003.8,65.9,6.7,20.5,0.86,Rain,0.42667408318992467,-0.9044054548343001,0.9766722783341679,-0.2147353271670632,25.0,26.0,40.4,20.4,21.8,26.0,63.4,71.3,65.9,0.011,0.297,0.8,4.17,4.17,12.5,rain,rain,rain,19.1,49.7,24.8,7.6,37.1,18.4,1006.1,1006.5,1001.6,73.4,79.1,55.8,9.4,10.0,10.3,19.7,16.5,25.9,0.83,0.79,0.76,Rain,Rain,Rain,0.7501110696304596,0.12706460860135046,0.9342044743210295,0.6613118653236518,0.9918944425900297,-0.3567379993196253
2021-06-07,25.7,24.7,80.8,53.956,8.33,rain,28.4,18.4,1004.6,57.6,8.8,11.7,0.89,Rain,0.4110537546870351,-0.9116111071930239,0.9918944425900297,0.1270646086013506,30.1,25.0,26.0,24.2,20.4,21.8,74.1,63.4,71.3,9.8,0.011,0.297,29.17,4.17,4.17,rain,rain,rain,24.5,19.1,49.7,11.2,7.6,37.1,1003.8,1006.1,1006.5,65.9,73.4,79.1,6.7,9.4,10.0,20.5,19.7,16.5,0.86,0.83,0.79,Rain,Rain,Rain,0.9766722783341679,0.7501110696304596,0.12706460860135046,-0.2147353271670632,0.6613118653236518,0.9918944425900297
2021-06-08,25.6,24.6,83.3,39.241,16.67,rain,22.7,13.0,1005.7,71.1,8.6,8.3,0.93,Rain,0.3953117887649151,-0.9185469991587165,0.1976573403791262,0.9802711746217219,25.7,30.1,25.0,24.7,24.2,20.4,80.8,74.1,63.4,53.956,9.8,0.011,8.33,29.17,4.17,rain,rain,rain,28.4,24.5,19.1,18.4,11.2,7.6,1004.6,1003.8,1006.1,57.6,65.9,73.4,8.8,6.7,9.4,11.7,20.5,19.7,0.89,0.86,0.83,Rain,Rain,Rain,0.9918944425900297,0.9766722783341679,0.7501110696304596,0.1270646086013506,-0.2147353271670632,0.6613118653236518
2021-06-09,25.7,25.1,83.9,36.016,12.5,rain,19.1,16.6,1004.3,77.5,9.0,10.0,0.96,Rain,0.37945284372454435,-0.925211078289358,0.9323238012155122,0.3616245700820924,25.6,25.7,30.1,24.6,24.7,24.2,83.3,80.8,74.1,39.241,53.956,9.8,16.67,8.33,29.17,rain,rain,rain,22.7,28.4,24.5,13.0,18.4,11.2,1005.7,1004.6,1003.8,71.1,57.6,65.9,8.6,8.8,6.7,8.3,11.7,20.5,0.93,0.89,0.86,Rain,Rain,Rain,0.1976573403791262,0.9918944425900297,0.9766722783341679,0.9802711746217219,0.1270646086013506,-0.2147353271670632
2021-06-10,31.2,26.2,87.4,0.285,8.33,rain,20.5,9.4,1002.8,67.9,9.4,13.8,0.0,Rain,0.36348161248290634,-0.9316013725767187,0.9921147013144778,-0.12533323356430437,25.7,25.6,25.7,25.1,24.6,24.7,83.9,83.3,80.8,36.016,39.241,53.956,12.5,16.67,8.33,rain,rain,rain,19.1,22.7,28.4,16.6,13.0,18.4,1004.3,1005.7,1004.6,77.5,71.1,57.6,9.0,8.6,8.8,10.0,8.3,11.7,0.96,0.93,0.89,Rain,Rain,Rain,0.9323238012155122,0.1976573403791262,0.9918944425900297,0.3616245700820924,0.9802711746217219,0.1270646086013506
2021-06-11,31.2,25.5,80.9,1.989,4.17,rain,24.8,14.8,1003.4,55.9,9.6,9.1,0.03,Rain,0.3474028211842774,-0.9377159910299093,0.9909831997148363,0.1339861854182922,31.2,25.7,25.6,26.2,25.1,24.6,87.4,83.9,83.3,0.285,36.016,39.241,8.33,12.5,16.67,rain,rain,rain,20.5,19.1,22.7,9.4,16.6,13.0,1002.8,1004.3,1005.7,67.9,77.5,71.1,9.4,9.0,8.6,13.8,10.0,8.3,0.0,0.96,0.93,Rain,Rain,Rain,0.9921147013144778,0.9323238012155122,0.1976573403791262,-0.12533323356430437,0.3616245700820924,0.9802711746217219
2021-06-12,25.7,25.7,84.3,30.596,16.67,rain,38.2,18.4,1002.7,77.5,8.9,12.8,0.06,Rain,0.3312212278016865,-0.9435531242349544,-0.544639035015027,0.838670567945424,31.2,31.2,25.7,25.5,26.2,25.1,80.9,87.4,83.9,1.989,0.285,36.016,4.17,8.33,12.5,rain,rain,rain,24.8,20.5,19.1,14.8,9.4,16.6,1003.4,1002.8,1004.3,55.9,67.9,77.5,9.6,9.4,9.0,9.1,13.8,10.0,0.03,0.0,0.96,Rain,Rain,Rain,0.9909831997148363,0.9921147013144778,0.9323238012155122,0.1339861854182922,-0.12533323356430437,0.3616245700820924
2021-06-13,26.0,25.3,87.2,56.958,20.83,rain,42.5,24.1,1002.0,85.9,9.5,14.7,0.1,Rain,0.31494162072895193,-0.9491110448902284,0.8642748019537047,0.5030199466302352,25.7,31.2,31.2,25.7,25.5,26.2,84.3,80.9,87.4,30.596,1.989,0.285,16.67,4.17,8.33,rain,rain,rain,38.2,24.8,20.5,18.4,14.8,9.4,1002.7,1003.4,1002.8,77.5,55.9,67.9,8.9,9.6,9.4,12.8,9.1,13.8,0.06,0.03,0.0,Rain,Rain,Rain,-0.544639035015027,0.9909831997148363,0.9921147013144778,0.838670567945424,0.1339861854182922,-0.12533323356430437
2021-06-14,26.0,24.6,76.6,0.0,0.0,noprecip,28.8,22.3,1001.3,68.0,10.9,22.0,0.13,Cloudy,0.2985688173637202,-0.9543881083175908,0.7716245833877202,-0.6360782202777637,26.0,25.7,31.2,25.3,25.7,25.5,87.2,84.3,80.9,56.958,30.596,1.989,20.83,16.67,4.17,rain,rain,rain,42.5,38.2,24.8,24.1,18.4,14.8,1002.0,1002.7,1003.4,85.9,77.5,55.9,9.5,8.9,9.6,14.7,12.8,9.1,0.1,0.06,0.03,Rain,Rain,Rain,0.8642748019537047,-0.544639035015027,0.9909831997148363,0.5030199466302352,0.838670567945424,0.1339861854182922
2021-06-15,30.8,24.0,69.5,0.099,4.17,rain,31.0,14.8,999.5,53.3,11.5,23.3,0.17,Rain,0.2821076626819194,-0.9593827529490743,0.7547095802227718,-0.6560590289905075,26.0,26.0,25.7,24.6,25.3,25.7,76.6,87.2,84.3,0.0,56.958,30.596,0.0,20.83,16.67,noprecip,rain,rain,28.8,42.5,38.2,22.3,24.1,18.4,1001.3,1002.0,1002.7,68.0,85.9,77.5,10.9,9.5,8.9,22.0,14.7,12.8,0.13,0.1,0.06,Cloudy,Rain,Rain,0.7716245833877202,0.8642748019537047,-0.544639035015027,-0.6360782202777637,0.5030199466302352,0.838670567945424
2021-06-16,34.5,24.5,66.5,0.0,0.0,noprecip,29.9,18.4,1001.1,69.1,10.5,24.8,0.2,Cloudy,0.26556302780405594,-0.9640935007889755,0.795473480854896,-0.6059884002657109,30.8,26.0,26.0,24.0,24.6,25.3,69.5,76.6,87.2,0.099,0.0,56.958,4.17,0.0,20.83,rain,noprecip,rain,31.0,28.8,42.5,14.8,22.3,24.1,999.5,1001.3,1002.0,53.3,68.0,85.9,11.5,10.9,9.5,23.3,22.0,14.7,0.17,0.13,0.1,Rain,Cloudy,Rain,0.7547095802227718,0.7716245833877202,0.8642748019537047,-0.6560590289905075,-0.6360782202777637,0.5030199466302352
2021-06-17,34.5,24.6,64.3,0.0,0.0,noprecip,28.4,18.4,1002.9,48.9,11.0,25.6,0.24,Cloudy,0.24893980855376657,-0.9685189578512204,0.813100761047028,-0.582122970157289,34.5,30.8,26.0,24.5,24.0,24.6,66.5,69.5,76.6,0.0,0.099,0.0,0.0,4.17,0.0,noprecip,rain,noprecip,29.9,31.0,28.8,18.4,14.8,22.3,1001.1,999.5,1001.3,69.1,53.3,68.0,10.5,11.5,10.9,24.8,23.3,22.0,0.2,0.17,0.13,Cloudy,Rain,Cloudy,0.795473480854896,0.7547095802227718,0.7716245833877202,-0.6059884002657109,-0.6560590289905075,-0.6360782202777637
2021-06-18,36.8,24.6,62.8,0.0,0.0,noprecip,26.6,16.6,1003.0,31.1,12.0,26.5,0.25,Cloudy,0.23224292400907015,-0.9726578145718654,0.6441236297613866,-0.7649214009184317,34.5,34.5,30.8,24.6,24.5,24.0,64.3,66.5,69.5,0.0,0.0,0.099,0.0,0.0,4.17,noprecip,noprecip,rain,28.4,29.9,31.0,18.4,18.4,14.8,1002.9,1001.1,999.5,48.9,69.1,53.3,11.0,10.5,11.5,25.6,24.8,23.3,0.24,0.2,0.17,Cloudy,Cloudy,Rain,0.813100761047028,0.795473480854896,0.7547095802227718,-0.582122970157289,-0.6059884002657109,-0.6560590289905075
2021-06-19,36.1,22.9,54.2,0.0,0.0,noprecip,28.4,14.8,1000.7,23.0,12.3,27.5,0.31,Cloudy,0.21547731504673012,-0.976508846196619,-0.63338087262755,-0.7738402097265062,36.8,34.5,34.5,24.6,24.6,24.5,62.8,64.3,66.5,0.0,0.0,0.0,0.0,0.0,0.0,noprecip,noprecip,noprecip,26.6,28.4,29.9,16.6,18.4,18.4,1003.0,1002.9,1001.1,31.1,48.9,69.1,12.0,11.0,10.5,26.5,25.6,24.8,0.25,0.24,0.2,Cloudy,Cloudy,Cloudy,0.6441236297613866,0.813100761047028,0.795473480854896,-0.7649214009184317,-0.582122970157289,-0.6059884002657109
2021-06-20,34.6,22.1,48.7,0.0,0.0,noprecip,31.0,14.8,998.7,34.1,11.9,27.6,0.34,Cloudy,0.19864794288017112,-0.9800709131432666,-0.72055111168033,-0.6934018282758133,36.1,36.8,34.5,22.9,24.6,24.6,54.2,62.8,64.3,0.0,0.0,0.0,0.0,0.0,0.0,noprecip,noprecip,noprecip,28.4,26.6,28.4,14.8,16.6,18.4,1000.7,1003.0,1002.9,23.0,31.1,48.9,12.3,12.0,11.0,27.5,26.5,25.6,0.31,0.25,0.24,Cloudy,Cloudy,Cloudy,-0.63338087262755,0.6441236297613866,0.813100761047028,-0.7738402097265062,-0.7649214009184317,-0.582122970157289
2021-06-21,38.8,24.3,58.5,0.0,0.0,noprecip,24.8,16.6,999.3,65.1,11.3,26.2,0.38,Cloudy,0.18175978759137534,-0.9833429613388902,-0.2806667089207877,-0.9598052919751869,34.6,36.1,36.8,22.1,22.9,24.6,48.7,54.2,62.8,0.0,0.0,0.0,0.0,0.0,0.0,noprecip,noprecip,noprecip,31.0,28.4,26.6,14.8,14.8,16.6,998.7,1000.7,1003.0,34.1,23.0,31.1,11.9,12.3,12.0,27.6,27.5,26.5,0.34,0.31,0.25,Cloudy,Cloudy,Cloudy,-0.72055111168033,-0.63338087262755,0.6441236297613866,-0.6934018282758133,-0.7738402097265062,-0.7649214009184317
2021-06-22,26.1,25.0,66.8,2.4,25.0,rain,26.3,18.4,1002.5,79.5,11.0,17.3,0.41,Rain,0.16481784665719793,-0.9863240225317866,0.8995577789551803,0.43680178836770234,38.8,34.6,36.1,24.3,22.1,22.9,58.5,48.7,54.2,0.0,0.0,0.0,0.0,0.0,0.0,noprecip,noprecip,noprecip,24.8,31.0,28.4,16.6,14.8,14.8,999.3,998.7,1000.7,65.1,34.1,23.0,11.3,11.9,12.3,26.2,27.6,27.5,0.38,0.34,0.31,Cloudy,Cloudy,Cloudy,-0.2806667089207877,-0.72055111168033,-0.63338087262755,-0.9598052919751869,-0.6934018282758133,-0.7738402097265062
2021-06-23,26.0,24.7,75.4,42.588,8.33,rain,23.8,13.0,1003.6,75.8,10.0,9.9,0.45,Rain,0.14782713347053048,-0.9890132145779883,0.09410831331851435,-0.99556196460308,26.1,38.8,34.6,25.0,24.3,22.1,66.8,58.5,48.7,2.4,0.0,0.0,25.0,0.0,0.0,rain,noprecip,noprecip,26.3,24.8,31.0,18.4,16.6,14.8,1002.5,999.3,998.7,79.5,65.1,34.1,11.0,11.3,11.9,17.3,26.2,27.6,0.41,0.38,0.34,Rain,Cloudy,Cloudy,0.8995577789551803,-0.2806667089207877,-0.72055111168033,0.43680178836770234,-0.9598052919751869,-0.6934018282758133
2021-06-24,26.0,25.9,88.2,0.911,4.17,rain,26.6,14.8,1002.6,72.0,9.8,14.1,0.48,Rain,0.13079267585675922,-0.9914097417023038,0.9420574527872968,0.33545156975025486,26.0,26.1,38.8,24.7,25.0,24.3,75.4,66.8,58.5,42.588,2.4,0.0,8.33,25.0,0.0,rain,rain,noprecip,23.8,26.3,24.8,13.0,18.4,16.6,1003.6,1002.5,999.3,75.8,79.5,65.1,10.0,11.0,11.3,9.9,17.3,26.2,0.45,0.41,0.38,Rain,Rain,Cloudy,0.09410831331851435,0.8995577789551803,-0.2806667089207877,-0.99556196460308,0.43680178836770234,-0.9598052919751869
2021-06-25,25.0,25.1,83.7,0.042,4.17,rain,26.6,25.9,1002.6,68.6,8.9,14.6,0.5,Rain,0.11371951458594969,-0.9935128947338007,0.9677091704819714,-0.2520693582431133,26.0,26.0,26.1,25.9,24.7,25.0,88.2,75.4,66.8,0.911,42.588,2.4,4.17,8.33,25.0,rain,rain,rain,26.6,23.8,26.3,14.8,13.0,18.4,1002.6,1003.6,1002.5,72.0,75.8,79.5,9.8,10.0,11.0,14.1,9.9,17.3,0.48,0.45,0.41,Rain,Rain,Rain,0.9420574527872968,0.09410831331851435,0.8995577789551803,0.33545156975025486,-0.99556196460308,0.43680178836770234
2021-06-26,25.0,24.3,77.8,38.59,8.33,rain,34.2,14.8,1003.5,65.4,10.8,20.7,0.55,Rain,0.0966127018812031,-0.9953220513156602,0.8181497174250237,-0.5750052520432782,25.0,26.0,26.0,25.1,25.9,24.7,83.7,88.2,75.4,0.042,0.911,42.588,4.17,4.17,8.33,rain,rain,rain,26.6,26.6,23.8,25.9,14.8,13.0,1002.6,1002.6,1003.6,68.6,72.0,75.8,8.9,9.8,10.0,14.6,14.1,9.9,0.5,0.48,0.45,Rain,Rain,Rain,0.9677091704819714,0.9420574527872968,0.09410831331851435,-0.2520693582431133,0.33545156975025486,-0.99556196460308
2021-06-27,26.0,23.7,64.6,6.926,4.17,rain,36.0,14.8,1002.1,76.5,10.8,24.9,0.58,Rain,0.07947729992362097,-0.9968366760893436,0.08889429686644187,-0.9960410654107695,25.0,25.0,26.0,24.3,25.1,25.9,77.8,83.7,88.2,38.59,0.042,0.911,8.33,4.17,4.17,rain,rain,rain,34.2,26.6,26.6,14.8,25.9,14.8,1003.5,1002.6,1002.6,65.4,68.6,72.0,10.8,8.9,9.8,20.7,14.6,14.1,0.55,0.5,0.48,Rain,Rain,Rain,0.8181497174250237,0.9677091704819714,0.9420574527872968,-0.5750052520432782,-0.2520693582431133,0.33545156975025486
2021-06-28,34.5,23.1,55.5,1.0,4.17,rain,31.3,11.2,999.2,90.5,10.7,24.1,0.61,Rain,0.062318379354325076,-0.998056320853012,-0.5254716510722675,-0.8508111094240514,26.0,25.0,25.0,23.7,24.3,25.1,64.6,77.8,83.7,6.926,38.59,0.042,4.17,8.33,4.17,rain,rain,rain,36.0,34.2,26.6,14.8,14.8,25.9,1002.1,1003.5,1002.6,76.5,65.4,68.6,10.8,10.8,8.9,24.9,20.7,14.6,0.58,0.55,0.5,Rain,Rain,Rain,0.08889429686644187,0.8181497174250237,0.9677091704819714,-0.9960410654107695,-0.5750052520432782,-0.2520693582431133
2021-06-29,33.7,23.5,59.9,0.078,4.17,rain,26.6,16.6,999.5,95.5,10.0,17.8,0.65,Rain,0.04514101777397193,-0.9989806246941579,0.7581343361976525,-0.652098403830392,34.5,26.0,25.0,23.1,23.7,24.3,55.5,64.6,77.8,1.0,6.926,38.59,4.17,4.17,8.33,rain,rain,rain,31.3,36.0,34.2,11.2,14.8,14.8,999.2,1002.1,1003.5,90.5,76.5,65.4,10.7,10.8,10.8,24.1,24.9,20.7,0.61,0.58,0.55,Rain,Rain,Rain,-0.5254716510722675,0.08889429686644187,0.8181497174250237,-0.8508111094240514,-0.9960410654107695,-0.5750052520432782
2021-06-30,32.7,24.1,65.1,0.011,4.17,rain,31.7,16.6,1000.0,92.9,10.0,17.9,0.68,Rain,0.02795029824021032,-0.999609314096404,0.6156614753256584,-0.7880107536067219,33.7,34.5,26.0,23.5,23.1,23.7,59.9,55.5,64.6,0.078,1.0,6.926,4.17,4.17,4.17,rain,rain,rain,26.6,31.3,36.0,16.6,11.2,14.8,999.5,999.2,1002.1,95.5,90.5,76.5,10.0,10.7,10.8,17.8,24.1,24.9,0.65,0.61,0.58,Rain,Rain,Rain,0.7581343361976525,-0.5254716510722675,0.08889429686644187,-0.652098403830392,-0.8508111094240514,-0.9960410654107695
2021-07-01,34.6,22.9,57.1,0.0,0.0,noprecip,31.0,18.4,1000.6,94.0,10.0,18.6,0.71,Cloudy,0.01075130776352193,-0.9999422030204416,0.04187565372919981,-0.9991228300988584,32.7,33.7,34.5,24.1,23.5,23.1,65.1,59.9,55.5,0.011,0.078,1.0,4.17,4.17,4.17,rain,rain,rain,31.7,26.6,31.3,16.6,16.6,11.2,1000.0,999.5,999.2,92.9,95.5,90.5,10.0,10.0,10.7,17.9,17.8,24.1,0.68,0.65,0.61,Rain,Rain,Rain,0.6156614753256584,0.7581343361976525,-0.5254716510722675,-0.7880107536067219,-0.652098403830392,-0.8508111094240514
2021-07-02,33.3,22.4,53.3,0.0,0.0,noprecip,35.3,22.3,1001.8,93.4,10.7,24.2,0.75,Cloudy,-0.00645086419810515,-0.9999791929590823,-0.6045991148623744,-0.7965299180241966,34.6,32.7,33.7,22.9,24.1,23.5,57.1,65.1,59.9,0.0,0.011,0.078,0.0,4.17,4.17,noprecip,rain,rain,31.0,31.7,26.6,18.4,16.6,16.6,1000.6,1000.0,999.5,94.0,92.9,95.5,10.0,10.0,10.0,18.6,17.9,17.8,0.71,0.68,0.65,Cloudy,Rain,Rain,0.04187565372919981,0.6156614753256584,0.7581343361976525,-0.9991228300988584,-0.7880107536067219,-0.652098403830392
2021-07-03,36.8,24.3,62.1,0.0,0.0,noprecip,31.3,13.0,1001.9,78.5,10.5,23.7,0.78,Cloudy,-0.023651127245231586,-0.9997202729664083,-0.7443115462311544,0.6678325554710464,33.3,34.6,32.7,22.4,22.9,24.1,53.3,57.1,65.1,0.0,0.0,0.011,0.0,0.0,4.17,noprecip,noprecip,rain,35.3,31.0,31.7,22.3,18.4,16.6,1001.8,1000.6,1000.0,93.4,94.0,92.9,10.7,10.0,10.0,24.2,18.6,17.9,0.75,0.71,0.68,Cloudy,Cloudy,Rain,-0.6045991148623744,0.04187565372919981,0.6156614753256584,-0.7965299180241966,-0.9991228300988584,-0.7880107536067219
2021-07-04,36.5,25.4,67.3,0.1,4.17,rain,24.8,18.4,1002.6,73.3,10.7,23.6,0.81,Rain,-0.04084439154329611,-0.9991655196610109,0.8703556959398997,-0.492423560103467,36.8,33.3,34.6,24.3,22.4,22.9,62.1,53.3,57.1,0.0,0.0,0.0,0.0,0.0,0.0,noprecip,noprecip,noprecip,31.3,35.3,31.0,13.0,22.3,18.4,1001.9,1001.8,1000.6,78.5,93.4,94.0,10.5,10.7,10.0,23.7,24.2,18.6,0.78,0.75,0.71,Cloudy,Cloudy,Cloudy,-0.7443115462311544,-0.6045991148623744,0.04187565372919981,0.6678325554710464,-0.7965299180241966,-0.9991228300988584
2021-07-05,26.0,25.7,77.9,3.99,8.33,rain,25.6,20.5,1004.3,76.0,9.7,17.9,0.84,Rain,-0.05802556932878035,-0.9983150972033183,0.8181497174250237,-0.5750052520432782,36.5,36.8,33.3,25.4,24.3,22.4,67.3,62.1,53.3,0.1,0.0,0.0,4.17,0.0,0.0,rain,noprecip,noprecip,24.8,31.3,35.3,18.4,13.0,22.3,1002.6,1001.9,1001.8,73.3,78.5,93.4,10.7,10.5,10.7,23.6,23.7,24.2,0.81,0.78,0.75,Rain,Cloudy,Cloudy,0.8703556959398997,-0.7443115462311544,-0.6045991148623744,-0.492423560103467,0.6678325554710464,-0.7965299180241966
2021-07-06,32.9,24.6,69.7,0.4,8.33,rain,25.9,16.6,1003.9,53.5,10.3,22.2,0.87,Rain,-0.07518957641475855,-0.9971692572470178,0.8668967489356026,-0.4984877397538306,26.0,36.5,36.8,25.7,25.4,24.3,77.9,67.3,62.1,3.99,0.1,0.0,8.33,4.17,0.0,rain,rain,noprecip,25.6,24.8,31.3,20.5,18.4,13.0,1004.3,1002.6,1001.9,76.0,73.3,78.5,9.7,10.7,10.5,17.9,23.6,23.7,0.84,0.81,0.78,Rain,Rain,Cloudy,0.8181497174250237,0.8703556959398997,-0.7443115462311544,-0.5750052520432782,-0.492423560103467,0.6678325554710464
2021-07-07,31.2,25.6,80.6,24.019,12.5,rain,30.2,11.2,1004.4,71.4,9.9,16.2,0.91,Rain,-0.09233133369539122,-0.9957283388645872,-0.6870875108044231,0.7265746709709758,32.9,26.0,36.5,24.6,25.7,25.4,69.7,77.9,67.3,0.4,3.99,0.1,8.33,8.33,4.17,rain,rain,rain,25.9,25.6,24.8,16.6,20.5,18.4,1003.9,1004.3,1002.6,53.5,76.0,73.3,10.3,9.7,10.7,22.2,17.9,23.6,0.87,0.84,0.81,Rain,Rain,Rain,0.8668967489356026,0.8181497174250237,0.8703556959398997,-0.4984877397538306,-0.5750052520432782,-0.492423560103467
2021-07-08,24.7,25.6,91.1,54.075,20.83,rain,43.6,20.5,1006.1,87.4,8.9,11.7,0.94,Rain,-0.10944576864891556,-0.993992768446958,0.984195607969242,-0.17708474031958327,31.2,32.9,26.0,25.6,24.6,25.7,80.6,69.7,77.9,24.019,0.4,3.99,12.5,8.33,8.33,rain,rain,rain,30.2,25.9,25.6,11.2,16.6,20.5,1004.4,1003.9,1004.3,71.4,53.5,76.0,9.9,10.3,9.7,16.2,22.2,17.9,0.91,0.87,0.84,Rain,Rain,Rain,-0.6870875108044231,0.8668967489356026,0.8181497174250237,0.7265746709709758,-0.4984877397538306,-0.5750052520432782
2021-07-09,26.0,25.6,82.9,7.01,12.5,rain,34.2,16.6,1008.3,54.1,9.7,15.7,0.97,Rain,-0.12652781683868314,-0.9919630595773397,0.8260982944957639,-0.5635260489375714,24.7,31.2,32.9,25.6,25.6,24.6,91.1,80.6,69.7,54.075,24.019,0.4,20.83,12.5,8.33,rain,rain,rain,43.6,30.2,25.9,20.5,11.2,16.6,1006.1,1004.4,1003.9,87.4,71.4,53.5,8.9,9.9,10.3,11.7,16.2,22.2,0.94,0.91,0.87,Rain,Rain,Rain,0.984195607969242,-0.6870875108044231,0.8668967489356026,-0.17708474031958327,0.7265746709709758,-0.4984877397538306
2021-07-10,26.0,25.1,80.1,11.926,4.17,rain,31.3,14.8,1008.8,41.4,9.9,20.6,0.0,Rain,-0.1435724234118113,-0.9896398128792412,0.9999619230641713,-0.008726535498373775,26.0,24.7,31.2,25.6,25.6,25.6,82.9,91.1,80.6,7.01,54.075,24.019,12.5,20.83,12.5,rain,rain,rain,34.2,43.6,30.2,16.6,20.5,11.2,1008.3,1006.1,1004.4,54.1,87.4,71.4,9.7,8.9,9.9,15.7,11.7,16.2,0.97,0.94,0.91,Rain,Rain,Rain,0.8260982944957639,0.984195607969242,-0.6870875108044231,-0.5635260489375714,-0.17708474031958327,0.7265746709709758
2021-07-11,26.0,23.9,70.7,0.3,8.33,rain,30.6,16.6,1009.6,42.3,11.2,23.6,0.04,Rain,-0.16057454459499376,-0.9870237158387383,0.5920131787992197,-0.8059282822485156,26.0,26.0,24.7,25.1,25.6,25.6,80.1,82.9,91.1,11.926,7.01,54.075,4.17,12.5,20.83,rain,rain,rain,31.3,34.2,43.6,14.8,16.6,20.5,1008.8,1008.3,1006.1,41.4,54.1,87.4,9.9,9.7,8.9,20.6,15.7,11.7,0.0,0.97,0.94,Rain,Rain,Rain,0.9999619230641713,0.8260982944957639,0.984195607969242,-0.008726535498373775,-0.5635260489375714,-0.17708474031958327
2021-07-12,31.2,24.5,71.1,0.0,0.0,noprecip,35.3,20.5,1008.4,26.3,12.1,26.1,0.08,Cloudy,-0.17752914918703497,-0.984115542601034,0.6279630576493382,-0.7782431485260206,26.0,26.0,26.0,23.9,25.1,25.6,70.7,80.1,82.9,0.3,11.926,7.01,8.33,4.17,12.5,rain,rain,rain,30.6,31.3,34.2,16.6,14.8,16.6,1009.6,1008.8,1008.3,42.3,41.4,54.1,11.2,9.9,9.7,23.6,20.6,15.7,0.04,0.0,0.97,Rain,Rain,Rain,0.5920131787992197,0.9999619230641713,0.8260982944957639,-0.8059282822485156,-0.008726535498373775,-0.5635260489375714
2021-07-13,33.6,25.3,73.8,0.9,4.17,rain,29.2,20.5,1006.2,41.2,10.4,24.2,0.11,Rain,-0.19443122004766195,-0.9809161537413774,0.6691306063588583,-0.743144825477394,31.2,26.0,26.0,24.5,23.9,25.1,71.1,70.7,80.1,0.0,0.3,11.926,0.0,8.33,4.17,noprecip,rain,rain,35.3,30.6,31.3,20.5,16.6,14.8,1008.4,1009.6,1008.8,26.3,42.3,41.4,12.1,11.2,9.9,26.1,23.6,20.6,0.08,0.04,0.0,Cloudy,Rain,Rain,0.6279630576493382,0.5920131787992197,0.9999619230641713,-0.7782431485260206,-0.8059282822485156,-0.008726535498373775
2021-07-14,34.1,25.0,71.3,0.9,16.67,rain,31.7,24.1,1005.7,42.4,10.4,21.5,0.15,Rain,-0.2112757555821793,-0.9774264960104055,0.745475999682862,-0.6665324702494527,33.6,31.2,26.0,25.3,24.5,23.9,73.8,71.1,70.7,0.9,0.0,0.3,4.17,0.0,8.33,rain,noprecip,rain,29.2,35.3,30.6,20.5,20.5,16.6,1006.2,1008.4,1009.6,41.2,26.3,42.3,10.4,12.1,11.2,24.2,26.1,23.6,0.11,0.08,0.04,Rain,Cloudy,Rain,0.6691306063588583,0.6279630576493382,0.5920131787992197,-0.743144825477394,-0.7782431485260206,-0.8059282822485156
2021-07-15,31.8,24.5,69.6,0.0,0.0,noprecip,33.1,20.5,1007.2,42.0,11.7,22.8,0.18,Cloudy,-0.2280577712215198,-0.9736476020539838,0.6934018282758133,-0.7205511116803301,34.1,33.6,31.2,25.0,25.3,24.5,71.3,73.8,71.1,0.9,0.9,0.0,16.67,4.17,0.0,rain,rain,noprecip,31.7,29.2,35.3,24.1,20.5,20.5,1005.7,1006.2,1008.4,42.4,41.2,26.3,10.4,10.4,12.1,21.5,24.2,26.1,0.15,0.11,0.08,Rain,Rain,Cloudy,0.745475999682862,0.6691306063588583,0.6279630576493382,-0.6665324702494527,-0.743144825477394,-0.7782431485260206
2021-07-16,31.2,24.3,68.9,0.2,8.33,rain,25.2,14.8,1007.5,33.1,12.4,24.2,0.22,Rain,-0.24477230089725957,-0.9695805901076308,0.7912235329674899,-0.6115270401858314,31.8,34.1,33.6,24.5,25.0,25.3,69.6,71.3,73.8,0.0,0.9,0.9,0.0,16.67,4.17,noprecip,rain,rain,33.1,31.7,29.2,20.5,24.1,20.5,1007.2,1005.7,1006.2,42.0,42.4,41.2,11.7,10.4,10.4,22.8,21.5,24.2,0.18,0.15,0.11,Cloudy,Rain,Rain,0.6934018282758133,0.745475999682862,0.6691306063588583,-0.7205511116803301,-0.6665324702494527,-0.743144825477394
2021-07-17,31.2,24.7,69.7,0.6,4.17,rain,23.8,22.3,1003.9,50.5,11.1,24.9,0.25,Rain,-0.2614143985111562,-0.965226663665613,0.888617232654949,-0.4586495544843146,31.2,31.8,34.1,24.3,24.5,25.0,68.9,69.6,71.3,0.2,0.0,0.9,8.33,0.0,16.67,rain,noprecip,rain,25.2,33.1,31.7,14.8,20.5,24.1,1007.5,1007.2,1005.7,33.1,42.0,42.4,12.4,11.7,10.4,24.2,22.8,21.5,0.22,0.18,0.15,Rain,Cloudy,Rain,0.7912235329674899,0.6934018282758133,0.745475999682862,-0.6115270401858314,-0.7205511116803301,-0.6665324702494527
2021-07-18,25.0,26.2,90.6,0.767,4.17,rain,23.4,18.4,1001.7,79.4,9.6,16.3,0.29,Rain,-0.2779791393987801,-0.9605871111248129,0.9759167619387474,-0.21814324139654234,31.2,31.2,31.8,24.7,24.3,24.5,69.7,68.9,69.6,0.6,0.2,0.0,4.17,8.33,0.0,rain,rain,noprecip,23.8,25.2,33.1,22.3,14.8,20.5,1003.9,1007.5,1007.2,50.5,33.1,42.0,11.1,12.4,11.7,24.9,24.2,22.8,0.25,0.22,0.18,Rain,Rain,Cloudy,0.888617232654949,0.7912235329674899,0.6934018282758133,-0.4586495544843146,-0.6115270401858314,-0.7205511116803301
2021-07-19,25.0,24.5,79.1,14.3,50.0,rain,22.7,16.6,1001.8,60.1,9.7,16.2,0.33,Rain,-0.2944616217868012,-0.9556633054034704,0.9747611941912218,0.2232501160109514,25.0,31.2,31.2,26.2,24.7,24.3,90.6,69.7,68.9,0.767,0.6,0.2,4.17,4.17,8.33,rain,rain,rain,23.4,23.8,25.2,18.4,22.3,14.8,1001.7,1003.9,1007.5,79.4,50.5,33.1,9.6,11.1,12.4,16.3,24.9,24.2,0.29,0.25,0.22,Rain,Rain,Rain,0.9759167619387474,0.888617232654949,0.7912235329674899,-0.21814324139654234,-0.4586495544843146,-0.6115270401858314
2021-07-20,26.0,25.5,81.8,0.099,4.17,rain,20.5,22.3,1002.2,71.7,9.7,15.6,0.36,Rain,-0.3108569682435036,-0.9504567035349151,-0.8251134982782958,0.564967003424937,25.0,25.0,31.2,24.5,26.2,24.7,79.1,90.6,69.7,14.3,0.767,0.6,50.0,4.17,4.17,rain,rain,rain,22.7,23.4,23.8,16.6,18.4,22.3,1001.8,1001.7,1003.9,60.1,79.4,50.5,9.7,9.6,11.1,16.2,16.3,24.9,0.33,0.29,0.25,Rain,Rain,Rain,0.9747611941912218,0.9759167619387474,0.888617232654949,0.2232501160109514,-0.21814324139654234,-0.4586495544843146
2021-07-21,26.0,24.9,80.6,0.074,4.17,rain,21.6,22.3,1001.4,65.1,9.5,12.7,0.4,Rain,-0.3271603271220951,-0.9449688462364056,-0.5906056676199254,0.8069603121438019,26.0,25.0,25.0,25.5,24.5,26.2,81.8,79.1,90.6,0.099,14.3,0.767,4.17,50.0,4.17,rain,rain,rain,20.5,22.7,23.4,22.3,16.6,18.4,1002.2,1001.8,1001.7,71.7,60.1,79.4,9.7,9.7,9.6,15.6,16.2,16.3,0.36,0.33,0.29,Rain,Rain,Rain,-0.8251134982782958,0.9747611941912218,0.9759167619387474,0.564967003424937,0.2232501160109514,-0.21814324139654234
2021-07-22,26.0,26.3,89.9,32.514,8.33,rain,20.9,13.0,999.9,56.3,9.0,5.7,0.43,Rain,-0.34336687399638804,-0.939201357453208,-0.022687333572781968,0.9997426093226983,26.0,26.0,25.0,24.9,25.5,24.5,80.6,81.8,79.1,0.074,0.099,14.3,4.17,4.17,50.0,rain,rain,rain,21.6,20.5,22.7,22.3,22.3,16.6,1001.4,1002.2,1001.8,65.1,71.7,60.1,9.5,9.7,9.7,12.7,15.6,16.2,0.4,0.36,0.33,Rain,Rain,Rain,-0.5906056676199254,-0.8251134982782958,0.9747611941912218,0.8069603121438019,0.564967003424937,0.2232501160109514
2021-07-23,26.0,26.3,97.8,50.588,16.67,rain,37.1,18.4,998.3,86.3,8.0,2.5,0.47,Rain,-0.3594718130884232,-0.9331559438780432,-0.932953534825489,0.3599968081200512,26.0,26.0,26.0,26.3,24.9,25.5,89.9,80.6,81.8,32.514,0.074,0.099,8.33,4.17,4.17,rain,rain,rain,20.9,21.6,20.5,13.0,22.3,22.3,999.9,1001.4,1002.2,56.3,65.1,71.7,9.0,9.5,9.7,5.7,12.7,15.6,0.43,0.4,0.36,Rain,Rain,Rain,-0.022687333572781968,-0.5906056676199254,-0.8251134982782958,0.9997426093226983,0.8069603121438019,0.564967003424937
2021-07-24,30.3,26.1,81.7,1.979,4.17,rain,40.0,24.1,998.4,53.1,8.9,19.8,0.5,Rain,-0.3754703786876202,-0.9268343944460494,-0.4848096202463369,0.8746197071393959,26.0,26.0,26.0,26.3,26.3,24.9,97.8,89.9,80.6,50.588,32.514,0.074,16.67,8.33,4.17,rain,rain,rain,37.1,20.9,21.6,18.4,13.0,22.3,998.3,999.9,1001.4,86.3,56.3,65.1,8.0,9.0,9.5,2.5,5.7,12.7,0.47,0.43,0.4,Rain,Rain,Rain,-0.932953534825489,-0.022687333572781968,-0.5906056676199254,0.3599968081200512,0.9997426093226983,0.8069603121438019
2021-07-25,31.2,25.4,77.6,5.2,25.0,rain,23.8,14.8,999.8,61.2,9.9,22.6,0.54,Rain,-0.3913578365610259,-0.9202385798054075,-0.5591929034707473,0.8290375725550414,30.3,26.0,26.0,26.1,26.3,26.3,81.7,97.8,89.9,1.979,50.588,32.514,4.17,16.67,8.33,rain,rain,rain,40.0,37.1,20.9,24.1,18.4,13.0,998.4,998.3,999.9,53.1,86.3,56.3,8.9,8.0,9.0,19.8,2.5,5.7,0.5,0.47,0.43,Rain,Rain,Rain,-0.4848096202463369,-0.932953534825489,-0.022687333572781968,0.8746197071393959,0.3599968081200512,0.9997426093226983
2021-07-26,26.0,25.0,75.9,0.106,4.17,rain,20.9,14.8,999.4,61.2,10.0,19.3,0.57,Rain,-0.4071294853542516,-0.9133704517637858,-0.999194395114446,0.04013179253255971,31.2,30.3,26.0,25.4,26.1,26.3,77.6,81.7,97.8,5.2,1.979,50.588,25.0,4.17,16.67,rain,rain,rain,23.8,40.0,37.1,14.8,24.1,18.4,999.8,998.4,998.3,61.2,53.1,86.3,9.9,8.9,8.0,22.6,19.8,2.5,0.54,0.5,0.47,Rain,Rain,Rain,-0.5591929034707473,-0.4848096202463369,-0.932953534825489,0.8290375725550414,0.8746197071393959,0.3599968081200512
2021-07-27,31.8,25.4,72.7,0.198,4.17,rain,25.6,11.2,997.5,66.5,11.7,23.1,0.6,Rain,-0.4227806579826773,-0.9062320427107697,-0.9819587126964436,-0.1890954429898912,26.0,31.2,30.3,25.0,25.4,26.1,75.9,77.6,81.7,0.106,5.2,1.979,4.17,25.0,4.17,rain,rain,rain,20.9,23.8,40.0,14.8,14.8,24.1,999.4,999.8,998.4,61.2,61.2,53.1,10.0,9.9,8.9,19.3,22.6,19.8,0.57,0.54,0.5,Rain,Rain,Rain,-0.999194395114446,-0.5591929034707473,-0.4848096202463369,0.04013179253255971,0.8290375725550414,0.8746197071393959
2021-07-28,32.5,25.6,74.8,0.095,4.17,rain,24.5,18.4,997.4,65.8,11.3,20.4,0.63,Rain,-0.4383067230125192,-0.898825465016444,0.13052619222005157,0.9914448613738104,31.8,26.0,31.2,25.4,25.0,25.4,72.7,75.9,77.6,0.198,0.106,5.2,4.17,4.17,25.0,rain,rain,rain,25.6,20.9,23.8,11.2,14.8,14.8,997.5,999.4,999.8,66.5,61.2,61.2,11.7,10.0,9.9,23.1,19.3,22.6,0.6,0.57,0.54,Rain,Rain,Rain,-0.9819587126964436,-0.999194395114446,-0.5591929034707473,-0.1890954429898912,0.04013179253255971,0.8290375725550414
2021-07-29,33.6,26.5,81.9,7.055,8.33,rain,25.6,20.5,999.0,67.8,9.9,16.8,0.66,Rain,-0.45370308603134424,-0.8911529104063088,0.9715491199976461,0.23683814606561895,32.5,31.8,26.0,25.6,25.4,25.0,74.8,72.7,75.9,0.095,0.198,0.106,4.17,4.17,4.17,rain,rain,rain,24.5,25.6,20.9,18.4,11.2,14.8,997.4,997.5,999.4,65.8,66.5,61.2,11.3,11.7,10.0,20.4,23.1,19.3,0.63,0.6,0.57,Rain,Rain,Rain,0.13052619222005157,-0.9819587126964436,-0.999194395114446,0.9914448613738104,-0.1890954429898912,0.04013179253255971
2021-07-30,32.4,25.8,75.4,0.003,4.17,rain,21.6,11.2,999.6,64.2,8.8,20.2,0.7,Rain,-0.46896519100763184,-0.8832166493127127,0.753563392301638,-0.6573752457940956,33.6,32.5,31.8,26.5,25.6,25.4,81.9,74.8,72.7,7.055,0.095,0.198,8.33,4.17,4.17,rain,rain,rain,25.6,24.5,25.6,20.5,18.4,11.2,999.0,997.4,997.5,67.8,65.8,66.5,9.9,11.3,11.7,16.8,20.4,23.1,0.66,0.63,0.6,Rain,Rain,Rain,0.9715491199976461,0.13052619222005157,-0.9819587126964436,0.23683814606561895,0.9914448613738104,-0.1890954429898912
2021-07-31,34.5,26.8,76.0,0.0,0.0,noprecip,22.3,14.8,998.3,63.3,9.8,21.7,0.75,Cloudy,-0.48408852163897587,-0.8750190302029955,0.8686315144381911,0.4954586684324077,32.4,33.6,32.5,25.8,26.5,25.6,75.4,81.9,74.8,0.003,7.055,0.095,4.17,8.33,4.17,rain,rain,rain,21.6,25.6,24.5,11.2,20.5,18.4,999.6,999.0,997.4,64.2,67.8,65.8,8.8,9.9,11.3,20.2,16.8,20.4,0.7,0.66,0.63,Rain,Rain,Rain,0.753563392301638,0.9715491199976461,0.13052619222005157,-0.6573752457940956,0.23683814606561895,0.9914448613738104
2021-08-01,25.0,26.1,90.0,16.111,8.33,rain,27.0,13.5,999.2,90.3,9.6,4.5,0.76,Rain,-0.4990686026885319,-0.8665624788845385,-0.8508111094240512,0.5254716510722678,34.5,32.4,33.6,26.8,25.8,26.5,76.0,75.4,81.9,0.0,0.003,7.055,0.0,4.17,8.33,noprecip,rain,rain,22.3,21.6,25.6,14.8,11.2,20.5,998.3,999.6,999.0,63.3,64.2,67.8,9.8,8.8,9.9,21.7,20.2,16.8,0.75,0.7,0.66,Cloudy,Rain,Rain,0.8686315144381911,0.753563392301638,0.9715491199976461,0.4954586684324077,-0.6573752457940956,0.23683814606561895
2021-08-02,31.8,26.1,77.7,0.0,0.0,noprecip,29.5,14.4,998.5,52.4,9.7,22.2,0.79,Cloudy,-0.5139010013093103,-0.8578494977869301,-0.9958843986159704,0.09063258019777964,25.0,34.5,32.4,26.1,26.8,25.8,90.0,76.0,75.4,16.111,0.0,0.003,8.33,0.0,4.17,rain,noprecip,rain,27.0,22.3,21.6,13.5,14.8,11.2,999.2,998.3,999.6,90.3,63.3,64.2,9.6,9.8,8.8,4.5,21.7,20.2,0.76,0.75,0.7,Rain,Cloudy,Rain,-0.8508111094240512,0.8686315144381911,0.753563392301638,0.5254716510722678,0.4954586684324077,-0.6573752457940956
2021-08-03,30.1,25.0,70.6,0.0,0.0,noprecip,23.8,13.0,999.4,63.1,9.8,24.7,0.83,Cloudy,-0.5285813283559292,-0.8488826652214553,-0.8894163732912977,0.4570979270586938,31.8,25.0,34.5,26.1,26.1,26.8,77.7,90.0,76.0,0.0,16.111,0.0,0.0,8.33,0.0,noprecip,rain,noprecip,29.5,27.0,22.3,14.4,13.5,14.8,998.5,999.2,998.3,52.4,90.3,63.3,9.7,9.6,9.8,22.2,4.5,21.7,0.79,0.76,0.75,Cloudy,Rain,Cloudy,-0.9958843986159704,-0.8508111094240512,0.8686315144381911,0.09063258019777964,0.5254716510722678,0.4954586684324077
2021-08-04,35.6,26.3,71.0,0.0,0.0,noprecip,23.8,13.0,999.5,51.8,11.2,25.9,0.86,Cloudy,-0.5431052396834317,-0.8396646346181327,-0.9121201161722733,0.4099230338415721,30.1,31.8,25.0,25.0,26.1,26.1,70.6,77.7,90.0,0.0,0.0,16.111,0.0,0.0,8.33,noprecip,noprecip,rain,23.8,29.5,27.0,13.0,14.4,13.5,999.4,998.5,999.2,63.1,52.4,90.3,9.8,9.7,9.6,24.7,22.2,4.5,0.83,0.79,0.76,Cloudy,Cloudy,Rain,-0.8894163732912977,-0.9958843986159704,-0.8508111094240512,0.4570979270586938,0.09063258019777964,0.5254716510722678
2021-08-05,38.2,26.6,71.4,0.0,0.0,noprecip,27.4,16.6,998.1,50.7,9.2,25.0,0.89,Cloudy,-0.5574684374327892,-0.8301981337405212,-0.8028174751911145,0.5962248749656158,35.6,30.1,31.8,26.3,25.0,26.1,71.0,70.6,77.7,0.0,0.0,0.0,0.0,0.0,0.0,noprecip,noprecip,noprecip,23.8,23.8,29.5,13.0,13.0,14.4,999.5,999.4,998.5,51.8,63.1,52.4,11.2,9.8,9.7,25.9,24.7,22.2,0.86,0.83,0.79,Cloudy,Cloudy,Cloudy,-0.9121201161722733,-0.8894163732912977,-0.9958843986159704,0.4099230338415721,0.4570979270586938,0.09063258019777964
2021-08-06,39.5,25.3,64.2,0.0,0.0,noprecip,29.2,20.5,998.7,60.0,9.0,21.9,0.92,Cloudy,-0.5716666713027052,-0.8204859638785327,-0.9947028171171742,-0.1027925367872468,38.2,35.6,30.1,26.6,26.3,25.0,71.4,71.0,70.6,0.0,0.0,0.0,0.0,0.0,0.0,noprecip,noprecip,noprecip,27.4,23.8,23.8,16.6,13.0,13.0,998.1,999.5,999.4,50.7,51.8,63.1,9.2,11.2,9.8,25.0,25.9,24.7,0.89,0.86,0.83,Cloudy,Cloudy,Cloudy,-0.8028174751911145,-0.9121201161722733,-0.8894163732912977,0.5962248749656158,0.4099230338415721,0.4570979270586938
2021-08-07,36.5,24.9,61.8,0.0,0.0,noprecip,26.3,14.8,999.9,68.7,10.7,22.3,0.96,Cloudy,-0.5856957398073508,-0.8105309990194823,-0.869494929505219,-0.493941866584231,39.5,38.2,35.6,25.3,26.6,26.3,64.2,71.4,71.0,0.0,0.0,0.0,0.0,0.0,0.0,noprecip,noprecip,noprecip,29.2,27.4,23.8,20.5,16.6,13.0,998.7,998.1,999.5,60.0,50.7,51.8,9.0,9.2,11.2,21.9,25.0,25.9,0.92,0.89,0.86,Cloudy,Cloudy,Cloudy,-0.9947028171171742,-0.8028174751911145,-0.9121201161722733,-0.1027925367872468,0.5962248749656158,0.4099230338415721
2021-08-08,30.6,27.9,86.0,6.2,8.33,rain,22.7,14.8,1001.3,68.8,10.2,21.6,0.0,Rain,-0.5995514915196489,-0.8003361849976323,0.9438009515832294,0.330514392713223,36.5,39.5,38.2,24.9,25.3,26.6,61.8,64.2,71.4,0.0,0.0,0.0,0.0,0.0,0.0,noprecip,noprecip,noprecip,26.3,29.2,27.4,14.8,20.5,16.6,999.9,998.7,998.1,68.7,60.0,50.7,10.7,9.0,9.2,22.3,21.9,25.0,0.96,0.92,0.89,Cloudy,Cloudy,Cloudy,-0.869494929505219,-0.9947028171171742,-0.8028174751911145,-0.493941866584231,-0.1027925367872468,0.5962248749656158
2021-08-09,30.6,27.6,86.6,9.1,12.5,rain,35.6,13.0,1001.7,76.5,8.6,13.8,0.02,Rain,-0.6132298262997502,-0.7899045386224707,0.9809551553491915,0.1942343512199721,30.6,36.5,39.5,27.9,24.9,25.3,86.0,61.8,64.2,6.2,0.0,0.0,8.33,0.0,0.0,rain,noprecip,noprecip,22.7,26.3,29.2,14.8,14.8,20.5,1001.3,999.9,998.7,68.8,68.7,60.0,10.2,10.7,9.0,21.6,22.3,21.9,0.0,0.96,0.92,Rain,Cloudy,Cloudy,0.9438009515832294,-0.869494929505219,-0.9947028171171742,0.330514392713223,-0.493941866584231,-0.1027925367872468
2021-08-10,25.0,25.9,92.0,22.943,16.67,rain,31.0,24.1,1002.3,86.6,9.3,10.0,0.06,Rain,-0.6267266965083301,-0.7792391467859886,0.7325428987873788,-0.6807208689589178,30.6,30.6,36.5,27.6,27.9,24.9,86.6,86.0,61.8,9.1,6.2,0.0,12.5,8.33,0.0,rain,rain,noprecip,35.6,22.7,26.3,13.0,14.8,14.8,1001.7,1001.3,999.9,76.5,68.8,68.7,8.6,10.2,10.7,13.8,21.6,22.3,0.02,0.0,0.96,Rain,Rain,Cloudy,0.9809551553491915,0.9438009515832294,-0.869494929505219,0.1942343512199721,0.330514392713223,-0.493941866584231
2021-08-11,24.8,26.0,93.1,24.801,12.5,rain,25.6,20.5,1004.8,78.4,8.2,10.7,0.09,Rain,-0.6400381082043503,-0.7683431655492202,0.941470544812038,-0.33709525842308197,25.0,30.6,30.6,25.9,27.6,27.9,92.0,86.6,86.0,22.943,9.1,6.2,16.67,12.5,8.33,rain,rain,rain,31.0,35.6,22.7,24.1,13.0,14.8,1002.3,1001.7,1001.3,86.6,76.5,68.8,9.3,8.6,10.2,10.0,13.8,21.6,0.06,0.02,0.0,Rain,Rain,Rain,0.7325428987873788,0.9809551553491915,0.9438009515832294,-0.6807208689589178,0.1942343512199721,0.330514392713223
2021-08-12,24.0,25.8,91.8,49.472,8.33,rain,29.5,16.6,1006.0,77.9,8.4,17.8,0.13,Rain,-0.65316012232693,-0.7572198192083127,0.9685831611286311,0.24868988716485496,24.8,25.0,30.6,26.0,25.9,27.6,93.1,92.0,86.6,24.801,22.943,9.1,12.5,16.67,12.5,rain,rain,rain,25.6,31.0,35.6,20.5,24.1,13.0,1004.8,1002.3,1001.7,78.4,86.6,76.5,8.2,9.3,8.6,10.7,10.0,13.8,0.09,0.06,0.02,Rain,Rain,Rain,0.941470544812038,0.7325428987873788,0.9809551553491915,-0.33709525842308197,-0.6807208689589178,0.1942343512199721
2021-08-13,25.7,25.9,81.1,0.989,4.17,rain,36.0,14.8,1002.1,80.7,9.8,18.5,0.17,Rain,-0.666088855860977,-0.7458723993404063,0.913545457642601,-0.40673664307580004,24.0,24.8,25.0,25.8,26.0,25.9,91.8,93.1,92.0,49.472,24.801,22.943,8.33,12.5,16.67,rain,rain,rain,29.5,25.6,31.0,16.6,20.5,24.1,1006.0,1004.8,1002.3,77.9,78.4,86.6,8.4,8.2,9.3,17.8,10.7,10.0,0.13,0.09,0.06,Rain,Rain,Rain,0.9685831611286311,0.941470544812038,0.7325428987873788,0.24868988716485496,-0.33709525842308197,-0.6807208689589178
2021-08-14,24.0,25.8,80.6,0.002,8.33,rain,29.2,16.6,1000.9,70.5,9.0,16.0,0.2,Rain,-0.6788204829862355,-0.734304263829602,0.7408045962867502,-0.6717205893229901,25.7,24.0,24.8,25.9,25.8,26.0,81.1,91.8,93.1,0.989,49.472,24.801,4.17,8.33,12.5,rain,rain,rain,36.0,29.5,25.6,14.8,16.6,20.5,1002.1,1006.0,1004.8,80.7,77.9,78.4,9.8,8.4,8.2,18.5,17.8,10.7,0.17,0.13,0.09,Rain,Rain,Rain,0.913545457642601,0.9685831611286311,0.941470544812038,-0.40673664307580004,0.24868988716485496,-0.33709525842308197
2021-08-15,26.0,26.9,92.5,0.099,4.17,rain,27.4,14.8,1005.3,78.4,9.7,16.8,0.25,Rain,-0.6913512362094071,-0.722518835873311,0.9994502159417571,0.033155178388526496,24.0,25.7,24.0,25.8,25.9,25.8,80.6,81.1,91.8,0.002,0.989,49.472,8.33,4.17,8.33,rain,rain,rain,29.2,36.0,29.5,16.6,14.8,16.6,1000.9,1002.1,1006.0,70.5,80.7,77.9,9.0,9.8,8.4,16.0,18.5,17.8,0.2,0.17,0.13,Rain,Rain,Rain,0.7408045962867502,0.913545457642601,0.9685831611286311,-0.6717205893229901,-0.40673664307580004,0.24868988716485496
2021-08-16,31.8,26.3,81.2,3.6,37.5,rain,24.1,16.6,1008.7,49.5,10.8,19.2,0.27,Rain,-0.7036774074790128,-0.7105196029692745,0.9488760116444965,-0.3156490369471024,26.0,24.0,25.7,26.9,25.8,25.9,92.5,80.6,81.1,0.099,0.002,0.989,4.17,8.33,4.17,rain,rain,rain,27.4,29.2,36.0,14.8,16.6,14.8,1005.3,1000.9,1002.1,78.4,70.5,80.7,9.7,9.0,9.8,16.8,16.0,18.5,0.25,0.2,0.17,Rain,Rain,Rain,0.9994502159417571,0.7408045962867502,0.913545457642601,0.033155178388526496,-0.6717205893229901,-0.40673664307580004
2021-08-17,25.0,25.0,75.6,0.2,8.33,rain,42.5,24.1,1008.4,49.8,9.7,21.0,0.31,Rain,-0.7157953492826642,-0.6983101158835584,-0.8729220772698099,-0.4878596591387323,31.8,26.0,24.0,26.3,26.9,25.8,81.2,92.5,80.6,3.6,0.099,0.002,37.5,4.17,8.33,rain,rain,rain,24.1,27.4,29.2,16.6,14.8,16.6,1008.7,1005.3,1000.9,49.5,78.4,70.5,10.8,9.7,9.0,19.2,16.8,16.0,0.27,0.25,0.2,Rain,Rain,Rain,0.9488760116444965,0.9994502159417571,0.7408045962867502,-0.3156490369471024,0.033155178388526496,-0.6717205893229901
2021-08-18,24.0,25.0,80.4,0.395,4.17,rain,29.5,24.1,1006.3,66.2,10.8,22.6,0.35,Rain,-0.7277014757264236,-0.6858939875998223,0.760405965600031,-0.6494480483301835,25.0,31.8,26.0,25.0,26.3,26.9,75.6,81.2,92.5,0.2,3.6,0.099,8.33,37.5,4.17,rain,rain,rain,42.5,24.1,27.4,24.1,16.6,14.8,1008.4,1008.7,1005.3,49.8,49.5,78.4,9.7,10.8,9.7,21.0,19.2,16.8,0.31,0.27,0.25,Rain,Rain,Rain,-0.8729220772698099,0.9488760116444965,0.9994502159417571,-0.4878596591387323,-0.3156490369471024,0.033155178388526496
2021-08-19,25.0,25.1,78.7,24.736,4.17,rain,27.7,16.6,1006.2,62.2,11.4,11.2,0.38,Rain,-0.7393922635959241,-0.673274892250183,0.9048270524660195,-0.4257792915650727,24.0,25.0,31.8,25.0,25.0,26.3,80.4,75.6,81.2,0.395,0.2,3.6,4.17,8.33,37.5,rain,rain,rain,29.5,42.5,24.1,24.1,24.1,16.6,1006.3,1008.4,1008.7,66.2,49.8,49.5,10.8,9.7,10.8,22.6,21.0,19.2,0.35,0.31,0.27,Rain,Rain,Rain,0.760405965600031,-0.8729220772698099,0.9488760116444965,-0.6494480483301835,-0.4878596591387323,-0.3156490369471024
2021-08-20,31.8,26.4,80.3,0.032,4.17,rain,25.9,16.6,1007.5,42.5,11.5,19.4,0.42,Rain,-0.7508642533989489,-0.6604565640279754,0.7337298645028764,-0.6794413042615166,25.0,24.0,25.0,25.1,25.0,25.0,78.7,80.4,75.6,24.736,0.395,0.2,4.17,4.17,8.33,rain,rain,rain,27.7,29.5,42.5,16.6,24.1,24.1,1006.2,1006.3,1008.4,62.2,66.2,49.8,11.4,10.8,9.7,11.2,22.6,21.0,0.38,0.35,0.31,Rain,Rain,Rain,0.9048270524660195,0.760405965600031,-0.8729220772698099,-0.4257792915650727,-0.6494480483301835,-0.4878596591387323
2021-08-21,35.6,26.6,78.3,0.0,0.0,noprecip,28.4,20.5,1006.4,51.9,10.0,22.5,0.45,Cloudy,-0.7621140503891487,-0.6474427960827475,0.6996633405133657,-0.7144726796328031,31.8,25.0,24.0,26.4,25.1,25.0,80.3,78.7,80.4,0.032,24.736,0.395,4.17,4.17,4.17,rain,rain,rain,25.9,27.7,29.5,16.6,16.6,24.1,1007.5,1006.2,1006.3,42.5,62.2,66.2,11.5,11.4,10.8,19.4,11.2,22.6,0.42,0.38,0.35,Rain,Rain,Rain,0.7337298645028764,0.9048270524660195,0.760405965600031,-0.6794413042615166,-0.4257792915650727,-0.6494480483301835
2021-08-22,35.6,28.1,84.7,0.0,0.0,noprecip,31.0,22.3,1004.2,49.3,9.9,23.2,0.5,Cloudy,-0.7731383255706026,-0.6342374393978054,0.8625136692072574,-0.506033764121164,35.6,31.8,25.0,26.6,26.4,25.1,78.3,80.3,78.7,0.0,0.032,24.736,0.0,4.17,4.17,noprecip,rain,rain,28.4,25.9,27.7,20.5,16.6,16.6,1006.4,1007.5,1006.2,51.9,42.5,62.2,10.0,11.5,11.4,22.5,19.4,11.2,0.45,0.42,0.38,Cloudy,Rain,Rain,0.6996633405133657,0.7337298645028764,0.9048270524660195,-0.7144726796328031,-0.6794413042615166,-0.4257792915650727
2021-08-23,30.6,27.2,90.6,3.2,20.83,rain,28.8,18.4,1003.2,75.4,10.4,22.5,0.52,Rain,-0.7839338166829201,-0.620844401650647,0.9751493543055633,-0.22154849761946732,35.6,35.6,31.8,28.1,26.6,26.4,84.7,78.3,80.3,0.0,0.0,0.032,0.0,0.0,4.17,noprecip,noprecip,rain,31.0,28.4,25.9,22.3,20.5,16.6,1004.2,1006.4,1007.5,49.3,51.9,42.5,9.9,10.0,11.5,23.2,22.5,19.4,0.5,0.45,0.42,Cloudy,Cloudy,Rain,0.8625136692072574,0.6996633405133657,0.7337298645028764,-0.506033764121164,-0.7144726796328031,-0.6794413042615166
2021-08-24,31.8,27.5,85.2,5.7,33.33,rain,25.6,20.5,1003.6,69.8,10.7,17.5,0.55,Rain,-0.7944973291665992,-0.6072676460566135,0.9612616959383189,-0.27563735581699905,30.6,35.6,35.6,27.2,28.1,26.6,90.6,84.7,78.3,3.2,0.0,0.0,20.83,0.0,0.0,rain,noprecip,noprecip,28.8,31.0,28.4,18.4,22.3,20.5,1003.2,1004.2,1006.4,75.4,49.3,51.9,10.4,9.9,10.0,22.5,23.2,22.5,0.52,0.5,0.45,Rain,Cloudy,Cloudy,0.9751493543055633,0.8625136692072574,0.6996633405133657,-0.22154849761946732,-0.506033764121164,-0.7144726796328031
2021-08-25,31.3,27.0,85.6,8.905,8.33,rain,26.3,22.3,1005.3,48.1,9.5,17.8,0.59,Rain,-0.8048257371083452,-0.593511190196115,0.9092361090470686,-0.41628079226040104,31.8,30.6,35.6,27.5,27.2,28.1,85.2,90.6,84.7,5.7,3.2,0.0,33.33,20.83,0.0,rain,rain,noprecip,25.6,28.8,31.0,20.5,18.4,22.3,1003.6,1003.2,1004.2,69.8,75.4,49.3,10.7,10.4,9.9,17.5,22.5,23.2,0.55,0.52,0.5,Rain,Rain,Cloudy,0.9612616959383189,0.9751493543055633,0.8625136692072574,-0.27563735581699905,-0.22154849761946732,-0.506033764121164
2021-08-26,24.8,26.3,86.9,32.879,8.33,rain,26.3,16.6,1008.1,61.2,9.8,14.9,0.62,Rain,-0.8149159841660791,-0.5795791048257612,0.9987193571841861,-0.05059294007671344,31.3,31.8,30.6,27.0,27.5,27.2,85.6,85.2,90.6,8.905,5.7,3.2,8.33,33.33,20.83,rain,rain,rain,26.3,25.6,28.8,22.3,20.5,18.4,1005.3,1003.6,1003.2,48.1,69.8,75.4,9.5,10.7,10.4,17.8,17.5,22.5,0.59,0.55,0.52,Rain,Rain,Rain,0.9092361090470686,0.9612616959383189,0.9751493543055633,-0.41628079226040104,-0.27563735581699905,-0.22154849761946732
2021-08-27,24.0,25.8,89.7,76.303,12.5,rain,22.7,13.0,1009.5,72.3,11.0,11.9,0.65,Rain,-0.8247650844733614,-0.5654755126737576,0.36162457008209226,0.9323238012155122,24.8,31.3,31.8,26.3,27.0,27.5,86.9,85.6,85.2,32.879,8.905,5.7,8.33,8.33,33.33,rain,rain,rain,26.3,26.3,25.6,16.6,22.3,20.5,1008.1,1005.3,1003.6,61.2,48.1,69.8,9.8,9.5,10.7,14.9,17.8,17.5,0.62,0.59,0.55,Rain,Rain,Rain,0.9987193571841861,0.9092361090470686,0.9612616959383189,-0.05059294007671344,-0.41628079226040104,-0.27563735581699905
2021-08-28,24.0,25.1,86.9,16.578,8.33,rain,22.7,22.3,1009.5,67.5,9.9,11.7,0.68,Rain,-0.8343701235229537,-0.5512045872199277,0.9077774785329086,-0.4194520824461772,24.0,24.8,31.3,25.8,26.3,27.0,89.7,86.9,85.6,76.303,32.879,8.905,12.5,8.33,8.33,rain,rain,rain,22.7,26.3,26.3,13.0,16.6,22.3,1009.5,1008.1,1005.3,72.3,61.2,48.1,11.0,9.8,9.5,11.9,14.9,17.8,0.65,0.62,0.59,Rain,Rain,Rain,0.36162457008209226,0.9987193571841861,0.9092361090470686,0.9323238012155122,-0.05059294007671344,-0.41628079226040104
2021-08-29,25.0,24.1,79.5,0.002,4.17,rain,23.0,18.4,1009.7,46.6,9.8,21.1,0.72,Rain,-0.8437282590292712,-0.5367705514607103,0.9976842788356053,-0.0680152906652483,24.0,24.0,24.8,25.1,25.8,26.3,86.9,89.7,86.9,16.578,76.303,32.879,8.33,12.5,8.33,rain,rain,rain,22.7,22.7,26.3,22.3,13.0,16.6,1009.5,1009.5,1008.1,67.5,72.3,61.2,9.9,11.0,9.8,11.7,11.9,14.9,0.68,0.65,0.62,Rain,Rain,Rain,0.9077774785329086,0.36162457008209226,0.9987193571841861,-0.4194520824461772,0.9323238012155122,-0.05059294007671344
2021-08-30,26.0,24.7,80.5,1.1,29.17,rain,22.3,16.6,1009.9,61.1,9.7,18.5,0.75,Rain,-0.8528367217694595,-0.522177676659508,0.9578224948453149,-0.287360519849712,25.0,24.0,24.0,24.1,25.1,25.8,79.5,86.9,89.7,0.002,16.578,76.303,4.17,8.33,12.5,rain,rain,rain,23.0,22.7,22.7,18.4,22.3,13.0,1009.7,1009.5,1009.5,46.6,67.5,72.3,9.8,9.9,11.0,21.1,11.7,11.9,0.72,0.68,0.65,Rain,Rain,Rain,0.9976842788356053,0.9077774785329086,0.36162457008209226,-0.0680152906652483,-0.4194520824461772,0.9323238012155122
2021-08-31,26.0,25.3,80.4,9.894,4.17,rain,21.6,16.6,1009.7,49.7,10.1,18.8,0.78,Rain,-0.8616928164028521,-0.5074302810827518,0.9304175679820246,-0.3665012267242972,26.0,25.0,24.0,24.7,24.1,25.1,80.5,79.5,86.9,1.1,0.002,16.578,29.17,4.17,8.33,rain,rain,rain,22.3,23.0,22.7,16.6,18.4,22.3,1009.9,1009.7,1009.5,61.1,46.6,67.5,9.7,9.8,9.9,18.5,21.1,11.7,0.75,0.72,0.68,Rain,Rain,Rain,0.9578224948453149,0.9976842788356053,0.9077774785329086,-0.287360519849712,-0.0680152906652483,-0.4194520824461772
2021-09-01,26.3,25.1,77.9,18.799,4.17,rain,18.7,14.8,1008.5,34.8,10.2,20.1,0.81,Rain,-0.8702939222685674,-0.49253272872205434,0.9723699203976766,0.23344536385590547,26.0,26.0,25.0,25.3,24.7,24.1,80.4,80.5,79.5,9.894,1.1,0.002,4.17,29.17,4.17,rain,rain,rain,21.6,22.3,23.0,16.6,16.6,18.4,1009.7,1009.9,1009.7,49.7,61.1,46.6,10.1,9.7,9.8,18.8,18.5,21.1,0.78,0.75,0.72,Rain,Rain,Rain,0.9304175679820246,0.9578224948453149,0.9976842788356053,-0.3665012267242972,-0.287360519849712,-0.0680152906652483
2021-09-02,26.0,25.8,85.5,0.669,4.17,rain,23.0,13.0,1007.5,65.3,9.8,11.2,0.84,Rain,-0.8786374941610001,-0.4774894280028391,0.8870108331782218,-0.46174861323503374,26.3,26.0,26.0,25.1,25.3,24.7,77.9,80.4,80.5,18.799,9.894,1.1,4.17,4.17,29.17,rain,rain,rain,18.7,21.6,22.3,14.8,16.6,16.6,1008.5,1009.7,1009.9,34.8,49.7,61.1,10.2,10.1,9.7,20.1,18.8,18.5,0.81,0.78,0.75,Rain,Rain,Rain,0.9723699203976766,0.9304175679820246,0.9578224948453149,0.23344536385590547,-0.3665012267242972,-0.287360519849712
2021-09-03,26.0,25.5,80.1,1.979,4.17,rain,23.0,18.4,1005.4,53.2,9.2,18.9,0.88,Rain,-0.886721063082993,-0.46230483047981086,0.9857034690888535,-0.16848937956500243,26.0,26.3,26.0,25.8,25.1,25.3,85.5,77.9,80.4,0.669,18.799,9.894,4.17,4.17,4.17,rain,rain,rain,23.0,18.7,21.6,13.0,14.8,16.6,1007.5,1008.5,1009.7,65.3,34.8,49.7,9.8,10.2,10.1,11.2,20.1,18.8,0.84,0.81,0.78,Rain,Rain,Rain,0.8870108331782218,0.9723699203976766,0.9304175679820246,-0.46174861323503374,0.23344536385590547,-0.3665012267242972
2021-09-04,31.2,25.7,79.7,9.203,8.33,rain,24.8,18.4,1005.4,51.6,9.8,15.2,0.91,Rain,-0.8945422369764496,-0.4469834295196741,0.9593139745400575,-0.28234145684287654,26.0,26.0,26.3,25.5,25.8,25.1,80.1,85.5,77.9,1.979,0.669,18.799,4.17,4.17,4.17,rain,rain,rain,23.0,23.0,18.7,18.4,13.0,14.8,1005.4,1007.5,1008.5,53.2,65.3,34.8,9.2,9.8,10.2,18.9,11.2,20.1,0.88,0.84,0.81,Rain,Rain,Rain,0.9857034690888535,0.8870108331782218,0.9723699203976766,-0.16848937956500243,-0.46174861323503374,0.23344536385590547
2021-09-05,23.5,25.6,86.3,37.934,8.33,rain,23.8,13.0,1008.2,61.5,9.7,13.3,0.94,Rain,-0.9020987014301837,-0.43152975897147144,0.9672677527758768,-0.2537579445848056,31.2,26.0,26.0,25.7,25.5,25.8,79.7,80.1,85.5,9.203,1.979,0.669,8.33,4.17,4.17,rain,rain,rain,24.8,23.0,23.0,18.4,18.4,13.0,1005.4,1005.4,1007.5,51.6,53.2,65.3,9.8,9.2,9.8,15.2,18.9,11.2,0.91,0.88,0.84,Rain,Rain,Rain,0.9593139745400575,0.9857034690888535,0.8870108331782218,-0.28234145684287654,-0.16848937956500243,-0.46174861323503374
2021-09-06,25.0,24.6,78.5,0.003,4.17,rain,19.8,13.0,1010.3,49.7,9.5,18.2,0.97,Rain,-0.9093882203647925,-0.4159483918249421,-0.5649670034249373,0.8251134982782955,23.5,31.2,26.0,25.6,25.7,25.5,86.3,79.7,80.1,37.934,9.203,1.979,8.33,8.33,4.17,rain,rain,rain,23.8,24.8,23.0,13.0,18.4,18.4,1008.2,1005.4,1005.4,61.5,51.6,53.2,9.7,9.8,9.2,13.3,15.2,18.9,0.94,0.91,0.88,Rain,Rain,Rain,0.9672677527758768,0.9593139745400575,0.9857034690888535,-0.2537579445848056,-0.28234145684287654,-0.16848937956500243
2021-09-07,26.0,25.6,91.3,0.127,4.17,rain,32.8,18.4,1010.0,60.1,9.5,10.7,0.0,Rain,-0.9164086366943458,-0.4002439388573056,-0.9499720515246527,0.31233491851223216,25.0,23.5,31.2,24.6,25.6,25.7,78.5,86.3,79.7,0.003,37.934,9.203,4.17,8.33,8.33,rain,rain,rain,19.8,23.8,24.8,13.0,13.0,18.4,1010.3,1008.2,1005.4,49.7,61.5,51.6,9.5,9.7,9.8,18.2,13.3,15.2,0.97,0.94,0.91,Rain,Rain,Rain,-0.5649670034249373,0.9672677527758768,0.9593139745400575,0.8251134982782955,-0.2537579445848056,-0.28234145684287654
2021-09-08,24.0,25.3,89.2,13.341,12.5,rain,33.1,31.7,1008.6,62.9,9.1,9.4,0.04,Rain,-0.9231578729647039,-0.38442104726885545,-0.20278729535651246,0.9792228106217657,26.0,25.0,23.5,25.6,24.6,25.6,91.3,78.5,86.3,0.127,0.003,37.934,4.17,4.17,8.33,rain,rain,rain,32.8,19.8,23.8,18.4,13.0,13.0,1010.0,1010.3,1008.2,60.1,49.7,61.5,9.5,9.5,9.7,10.7,18.2,13.3,0.0,0.97,0.94,Rain,Rain,Rain,-0.9499720515246527,-0.5649670034249373,0.9672677527758768,0.31233491851223216,0.8251134982782955,-0.2537579445848056
2021-09-09,24.0,25.5,89.1,58.319,12.5,rain,27.0,16.6,1009.7,67.1,9.4,14.2,0.08,Rain,-0.9296339319682695,-0.3684843993077793,-0.9795752495993438,-0.20107792114596557,24.0,26.0,25.0,25.3,25.6,24.6,89.2,91.3,78.5,13.341,0.127,0.003,12.5,4.17,4.17,rain,rain,rain,33.1,32.8,19.8,31.7,18.4,13.0,1008.6,1010.0,1010.3,62.9,60.1,49.7,9.1,9.5,9.5,9.4,10.7,18.2,0.04,0.0,0.97,Rain,Rain,Rain,-0.20278729535651246,-0.9499720515246527,-0.5649670034249373,0.9792228106217657,0.31233491851223216,0.8251134982782955
2021-09-10,25.0,24.7,79.5,0.0,0.0,noprecip,25.2,14.8,1008.7,47.1,9.2,22.9,0.11,Cloudy,-0.9358348973349941,-0.35243871088460327,-0.931691227585549,0.36325123047297814,24.0,24.0,26.0,25.5,25.3,25.6,89.1,89.2,91.3,58.319,13.341,0.127,12.5,12.5,4.17,rain,rain,rain,27.0,33.1,32.8,16.6,31.7,18.4,1009.7,1008.6,1010.0,67.1,62.9,60.1,9.4,9.1,9.5,14.2,9.4,10.7,0.08,0.04,0.0,Rain,Rain,Rain,-0.9795752495993438,-0.20278729535651246,-0.9499720515246527,-0.20107792114596557,0.9792228106217657,0.31233491851223216
2021-09-11,25.0,24.2,72.7,0.0,0.0,noprecip,21.2,16.4,1005.4,59.5,11.0,22.2,0.15,Cloudy,-0.9417589340994617,-0.33628873017668287,-0.9967788784562471,0.08019892432885907,25.0,24.0,24.0,24.7,25.5,25.3,79.5,89.1,89.2,0.0,58.319,13.341,0.0,12.5,12.5,noprecip,rain,rain,25.2,27.0,33.1,14.8,16.6,31.7,1008.7,1009.7,1008.6,47.1,67.1,62.9,9.2,9.4,9.1,22.9,14.2,9.4,0.11,0.08,0.04,Cloudy,Rain,Rain,-0.931691227585549,-0.9795752495993438,-0.20278729535651246,0.36325123047297814,-0.20107792114596557,0.9792228106217657
2021-09-12,31.2,25.3,73.6,0.0,0.0,noprecip,16.6,10.6,1002.5,23.0,10.6,23.2,0.19,Cloudy,-0.9474042892438845,-0.32003923622313857,0.9184463813430872,-0.3955455025629649,25.0,25.0,24.0,24.2,24.7,25.5,72.7,79.5,89.1,0.0,0.0,58.319,0.0,0.0,12.5,noprecip,noprecip,rain,21.2,25.2,27.0,16.4,14.8,16.6,1005.4,1008.7,1009.7,59.5,47.1,67.1,11.0,9.2,9.4,22.2,22.9,14.2,0.15,0.11,0.08,Cloudy,Cloudy,Rain,-0.9967788784562471,-0.931691227585549,-0.9795752495993438,0.08019892432885907,0.36325123047297814,-0.20107792114596557
2021-09-13,26.0,26.5,87.5,0.102,8.33,rain,25.9,24.1,1005.7,39.9,8.2,13.4,0.22,Rain,-0.9527692922168511,-0.30369503751065885,0.3239174181981494,0.9460853588275453,31.2,25.0,25.0,25.3,24.2,24.7,73.6,72.7,79.5,0.0,0.0,0.0,0.0,0.0,0.0,noprecip,noprecip,noprecip,16.6,21.2,25.2,10.6,16.4,14.8,1002.5,1005.4,1008.7,23.0,59.5,47.1,10.6,11.0,9.2,23.2,22.2,22.9,0.19,0.15,0.11,Cloudy,Cloudy,Cloudy,0.9184463813430872,-0.9967788784562471,-0.931691227585549,-0.3955455025629649,0.08019892432885907,0.36325123047297814
2021-09-14,25.0,25.2,94.1,12.165,8.33,rain,21.6,13.0,1010.0,73.3,8.7,7.5,0.25,Rain,-0.9578523554276669,-0.28726097055059635,-0.3436596945856158,0.9390942520947092,26.0,31.2,25.0,26.5,25.3,24.2,87.5,73.6,72.7,0.102,0.0,0.0,8.33,0.0,0.0,rain,noprecip,noprecip,25.9,16.6,21.2,24.1,10.6,16.4,1005.7,1002.5,1005.4,39.9,23.0,59.5,8.2,10.6,11.0,13.4,23.2,22.2,0.22,0.19,0.15,Rain,Cloudy,Cloudy,0.3239174181981494,0.9184463813430872,-0.9967788784562471,0.9460853588275453,-0.3955455025629649,0.08019892432885907
2021-09-15,25.0,25.5,94.5,30.895,8.33,rain,24.1,11.2,1011.5,81.0,8.8,8.1,0.29,Rain,-0.9626519747161487,-0.2707418984477642,-0.20449605184179107,0.9788673887616849,25.0,26.0,31.2,25.2,26.5,25.3,94.1,87.5,73.6,12.165,0.102,0.0,8.33,8.33,0.0,rain,rain,noprecip,21.6,25.9,16.6,13.0,24.1,10.6,1010.0,1005.7,1002.5,73.3,39.9,23.0,8.7,8.2,10.6,7.5,13.4,23.2,0.25,0.22,0.19,Rain,Rain,Cloudy,-0.3436596945856158,0.3239174181981494,0.9184463813430872,0.9390942520947092,0.9460853588275453,-0.3955455025629649
2021-09-16,25.0,26.0,90.5,5.328,8.33,rain,25.6,16.6,1010.2,77.3,9.3,13.7,0.33,Rain,-0.9671667297977312,-0.2541427094613622,0.9822872507286887,-0.18738131458572438,25.0,25.0,26.0,25.5,25.2,26.5,94.5,94.1,87.5,30.895,12.165,0.102,8.33,8.33,8.33,rain,rain,rain,24.1,21.6,25.9,11.2,13.0,24.1,1011.5,1010.0,1005.7,81.0,73.3,39.9,8.8,8.7,8.2,8.1,7.5,13.4,0.29,0.25,0.22,Rain,Rain,Rain,-0.20449605184179107,-0.3436596945856158,0.3239174181981494,0.9788673887616849,0.9390942520947092,0.9460853588275453
2021-09-17,24.8,25.9,90.8,0.169,8.33,rain,23.0,16.6,1008.8,71.3,9.1,14.6,0.36,Rain,-0.97139528468375,-0.23746831555846842,0.9711342799096361,-0.23853345757858072,25.0,25.0,25.0,26.0,25.5,25.2,90.5,94.5,94.1,5.328,30.895,12.165,8.33,8.33,8.33,rain,rain,rain,25.6,24.1,21.6,16.6,11.2,13.0,1010.2,1011.5,1010.0,77.3,81.0,73.3,9.3,8.8,8.7,13.7,8.1,7.5,0.33,0.29,0.25,Rain,Rain,Rain,0.9822872507286887,-0.20449605184179107,-0.3436596945856158,-0.18738131458572438,0.9788673887616849,0.9390942520947092
2021-09-18,24.7,24.9,81.1,2.968,4.17,rain,28.4,16.6,1009.1,60.2,9.4,18.0,0.4,Rain,-0.9753363880767837,-0.2207236509605022,0.7615383075367367,-0.6481199010631309,24.8,25.0,25.0,25.9,26.0,25.5,90.8,90.5,94.5,0.169,5.328,30.895,8.33,8.33,8.33,rain,rain,rain,23.0,25.6,24.1,16.6,16.6,11.2,1008.8,1010.2,1011.5,71.3,77.3,81.0,9.1,9.3,8.8,14.6,13.7,8.1,0.36,0.33,0.29,Rain,Rain,Rain,0.9711342799096361,0.9822872507286887,-0.20449605184179107,-0.23853345757858072,-0.18738131458572438,0.9788673887616849
2021-09-19,26.0,24.8,76.3,0.0,0.0,noprecip,27.4,18.4,1009.3,36.2,10.1,20.7,0.44,Cloudy,-0.9789888737409319,-0.20391367068311472,0.8110638189893269,-0.5849576749872152,24.7,24.8,25.0,24.9,25.9,26.0,81.1,90.8,90.5,2.968,0.169,5.328,4.17,8.33,8.33,rain,rain,rain,28.4,23.0,25.6,16.6,16.6,16.6,1009.1,1008.8,1010.2,60.2,71.3,77.3,9.4,9.1,9.3,18.0,14.6,13.7,0.4,0.36,0.33,Rain,Rain,Rain,0.7615383075367367,0.9711342799096361,0.9822872507286887,-0.6481199010631309,-0.23853345757858072,-0.18738131458572438
2021-09-20,25.0,25.1,83.0,0.063,4.17,rain,19.4,18.4,1009.9,49.2,8.9,17.2,0.47,Rain,-0.9823516608469237,-0.18704334906991657,-0.26218917864086444,0.9650164944723115,26.0,24.7,24.8,24.8,24.9,25.9,76.3,81.1,90.8,0.0,2.968,0.169,0.0,4.17,8.33,noprecip,rain,rain,27.4,28.4,23.0,18.4,16.6,16.6,1009.3,1009.1,1008.8,36.2,60.2,71.3,10.1,9.4,9.1,20.7,18.0,14.6,0.44,0.4,0.36,Cloudy,Rain,Rain,0.8110638189893269,0.7615383075367367,0.9711342799096361,-0.5849576749872152,-0.6481199010631309,-0.23853345757858072
2021-09-21,24.0,23.1,72.8,0.265,8.33,rain,19.4,9.6,1009.3,48.5,9.7,20.7,0.5,Rain,-0.9854237542919524,-0.17011767832049052,0.9879598657693891,0.15471038629946826,25.0,26.0,24.7,25.1,24.8,24.9,83.0,76.3,81.1,0.063,0.0,2.968,4.17,0.0,4.17,rain,noprecip,rain,19.4,27.4,28.4,18.4,18.4,16.6,1009.9,1009.3,1009.1,49.2,36.2,60.2,8.9,10.1,9.4,17.2,20.7,18.0,0.47,0.44,0.4,Rain,Cloudy,Rain,-0.26218917864086444,0.8110638189893269,0.7615383075367367,0.9650164944723115,-0.5849576749872152,-0.6481199010631309
2021-09-22,25.0,25.7,88.6,2.001,8.33,rain,25.6,14.8,1009.1,56.9,9.3,13.3,0.54,Rain,-0.9882042449941422,-0.15314166701312007,0.9941509639723154,0.10799935570602306,24.0,25.0,26.0,23.1,25.1,24.8,72.8,83.0,76.3,0.265,0.063,0.0,8.33,4.17,0.0,rain,rain,noprecip,19.4,19.4,27.4,9.6,18.4,18.4,1009.3,1009.9,1009.3,48.5,49.2,36.2,9.7,8.9,10.1,20.7,17.2,20.7,0.5,0.47,0.44,Rain,Rain,Cloudy,0.9879598657693891,-0.26218917864086444,0.8110638189893269,0.15471038629946826,0.9650164944723115,-0.5849576749872152
2021-09-23,25.0,25.1,86.0,0.388,8.33,rain,23.8,20.5,1011.1,62.7,9.7,12.4,0.57,Rain,-0.9906923101615609,-0.13612033862266704,-0.37136783555023534,0.9284858268809133,25.0,24.0,25.0,25.7,23.1,25.1,88.6,72.8,83.0,2.001,0.265,0.063,8.33,8.33,4.17,rain,rain,rain,25.6,19.4,19.4,14.8,9.6,18.4,1009.1,1009.3,1009.9,56.9,48.5,49.2,9.3,9.7,8.9,13.3,20.7,17.2,0.54,0.5,0.47,Rain,Rain,Rain,0.9941509639723154,0.9879598657693891,-0.26218917864086444,0.10799935570602306,0.15471038629946826,0.9650164944723115
2021-09-24,25.0,25.5,95.5,17.363,12.5,rain,26.3,9.4,1011.5,63.5,8.9,6.5,0.6,Rain,-0.9928872135356962,-0.11905873003404988,0.14262893370551163,0.989776230907789,25.0,25.0,24.0,25.1,25.7,23.1,86.0,88.6,72.8,0.388,2.001,0.265,8.33,8.33,8.33,rain,rain,rain,23.8,25.6,19.4,20.5,14.8,9.6,1011.1,1009.1,1009.3,62.7,56.9,48.5,9.7,9.3,9.7,12.4,13.3,20.7,0.57,0.54,0.5,Rain,Rain,Rain,-0.37136783555023534,0.9941509639723154,0.9879598657693891,0.9284858268809133,0.10799935570602306,0.15471038629946826
2021-09-25,23.0,24.8,93.8,89.029,16.67,rain,46.4,27.7,1011.3,84.0,8.7,8.3,0.64,Rain,-0.994788305609327,-0.10196189005174576,0.012217000835247169,0.999925369660452,25.0,25.0,25.0,25.5,25.1,25.7,95.5,86.0,88.6,17.363,0.388,2.001,12.5,8.33,8.33,rain,rain,rain,26.3,23.8,25.6,9.4,20.5,14.8,1011.5,1011.1,1009.1,63.5,62.7,56.9,8.9,9.7,9.3,6.5,12.4,13.3,0.6,0.57,0.54,Rain,Rain,Rain,0.14262893370551163,-0.37136783555023534,0.9941509639723154,0.989776230907789,0.9284858268809133,0.10799935570602306
2021-09-26,24.0,25.2,94.4,34.873,16.67,rain,35.3,14.8,1011.7,65.9,9.7,9.9,0.67,Rain,-0.9963950238187231,-0.08483487790576538,-0.9999984769132877,0.0017453283658989047,23.0,25.0,25.0,24.8,25.5,25.1,93.8,95.5,86.0,89.029,17.363,0.388,16.67,12.5,8.33,rain,rain,rain,46.4,26.3,23.8,27.7,9.4,20.5,1011.3,1011.5,1011.1,84.0,63.5,62.7,8.7,8.9,9.7,8.3,6.5,12.4,0.64,0.6,0.57,Rain,Rain,Rain,0.012217000835247169,0.14262893370551163,-0.37136783555023534,0.999925369660452,0.989776230907789,0.9284858268809133
2021-09-27,24.0,24.2,84.6,5.454,12.5,rain,25.2,9.4,1011.2,58.5,9.7,13.0,0.7,Rain,-0.9977068927101168,-0.06768276175455162,-0.945518575599317,0.3255681544571563,24.0,23.0,25.0,25.2,24.8,25.5,94.4,93.8,95.5,34.873,89.029,17.363,16.67,16.67,12.5,rain,rain,rain,35.3,46.4,26.3,14.8,27.7,9.4,1011.7,1011.3,1011.5,65.9,84.0,63.5,9.7,8.7,8.9,9.9,8.3,6.5,0.67,0.64,0.6,Rain,Rain,Rain,-0.9999984769132877,0.012217000835247169,0.14262893370551163,0.0017453283658989047,0.999925369660452,0.989776230907789
2021-09-28,25.0,23.6,75.8,0.0,0.0,noprecip,17.6,14.8,1009.7,22.0,10.1,20.2,0.73,Cloudy,-0.9987235240803972,-0.050510617185222886,-0.1114689322063255,-0.9937679191605964,24.0,24.0,23.0,24.2,25.2,24.8,84.6,94.4,93.8,5.454,34.873,89.029,12.5,16.67,16.67,rain,rain,rain,25.2,35.3,46.4,9.4,14.8,27.7,1011.2,1011.7,1011.3,58.5,65.9,84.0,9.7,9.7,8.7,13.0,9.9,8.3,0.7,0.67,0.64,Rain,Rain,Rain,-0.945518575599317,-0.9999984769132877,0.012217000835247169,0.3255681544571563,0.0017453283658989047,0.999925369660452
2021-09-29,26.0,24.4,77.4,0.0,0.0,noprecip,15.1,14.8,1008.3,28.2,8.5,21.0,0.75,Cloudy,-0.9994446170919858,-0.033323525711631344,0.9443763702374811,-0.3288666467385832,25.0,24.0,24.0,23.6,24.2,25.2,75.8,84.6,94.4,0.0,5.454,34.873,0.0,12.5,16.67,noprecip,rain,rain,17.6,25.2,35.3,14.8,9.4,14.8,1009.7,1011.2,1011.7,22.0,58.5,65.9,10.1,9.7,9.7,20.2,13.0,9.9,0.73,0.7,0.67,Cloudy,Rain,Rain,-0.1114689322063255,-0.945518575599317,-0.9999984769132877,-0.9937679191605964,0.3255681544571563,0.0017453283658989047
2021-09-30,26.0,24.6,76.2,0.1,4.17,rain,20.5,14.8,1008.3,21.1,8.5,20.5,0.8,Rain,-0.9998699583618592,-0.016126573270657762,0.9310558158625283,-0.36487678433761966,26.0,25.0,24.0,24.4,23.6,24.2,77.4,75.8,84.6,0.0,0.0,5.454,0.0,0.0,12.5,noprecip,noprecip,rain,15.1,17.6,25.2,14.8,14.8,9.4,1008.3,1009.7,1011.2,28.2,22.0,58.5,8.5,10.1,9.7,21.0,20.2,13.0,0.75,0.73,0.7,Cloudy,Cloudy,Rain,0.9443763702374811,-0.1114689322063255,-0.945518575599317,-0.3288666467385832,-0.9937679191605964,0.3255681544571563
2021-10-01,26.0,25.2,78.5,0.6,8.33,rain,19.4,14.8,1008.4,34.3,8.9,17.6,0.83,Rain,-0.9999994220246925,0.001075151282798226,0.9142539552342638,-0.4051415867798625,26.0,26.0,25.0,24.6,24.4,23.6,76.2,77.4,75.8,0.1,0.0,0.0,4.17,0.0,0.0,rain,noprecip,noprecip,20.5,15.1,17.6,14.8,14.8,14.8,1008.3,1008.3,1009.7,21.1,28.2,22.0,8.5,8.5,10.1,20.5,21.0,20.2,0.8,0.75,0.73,Rain,Cloudy,Cloudy,0.9310558158625283,0.9443763702374811,-0.1114689322063255,-0.36487678433761966,-0.3288666467385832,-0.9937679191605964
2021-10-02,25.0,25.5,94.1,7.9,41.67,rain,31.7,14.8,1009.5,47.1,7.9,10.9,0.86,Rain,-0.999832969770105,0.018276557681691223,-0.09584575252022448,0.9953961983671787,26.0,26.0,26.0,25.2,24.6,24.4,78.5,76.2,77.4,0.6,0.1,0.0,8.33,4.17,0.0,rain,rain,noprecip,19.4,20.5,15.1,14.8,14.8,14.8,1008.4,1008.3,1008.3,34.3,21.1,28.2,8.9,8.5,8.5,17.6,20.5,21.0,0.83,0.8,0.75,Rain,Rain,Cloudy,0.9142539552342638,0.9310558158625283,0.9443763702374811,-0.4051415867798625,-0.36487678433761966,-0.3288666467385832
2021-10-03,25.0,25.0,84.6,0.1,4.17,rain,23.8,14.8,1010.1,24.7,7.3,19.7,0.89,Rain,-0.9993706508539969,0.03547255575312556,0.9271838545667874,-0.37460659341591207,25.0,26.0,26.0,25.5,25.2,24.6,94.1,78.5,76.2,7.9,0.6,0.1,41.67,8.33,4.17,rain,rain,rain,31.7,19.4,20.5,14.8,14.8,14.8,1009.5,1008.4,1008.3,47.1,34.3,21.1,7.9,8.9,8.5,10.9,17.6,20.5,0.86,0.83,0.8,Rain,Rain,Rain,-0.09584575252022448,0.9142539552342638,0.9310558158625283,0.9953961983671787,-0.4051415867798625,-0.36487678433761966
2021-10-04,25.0,25.4,89.4,8.013,12.5,rain,22.0,24.1,1011.1,40.3,9.0,19.1,0.93,Rain,-0.9986126020839734,0.052658056924614005,-0.6184083953575545,0.7858568931754015,25.0,25.0,26.0,25.0,25.5,25.2,84.6,94.1,78.5,0.1,7.9,0.6,4.17,41.67,8.33,rain,rain,rain,23.8,31.7,19.4,14.8,14.8,14.8,1010.1,1009.5,1008.4,24.7,47.1,34.3,7.3,7.9,8.9,19.7,10.9,17.6,0.89,0.86,0.83,Rain,Rain,Rain,0.9271838545667874,-0.09584575252022448,0.9142539552342638,-0.37460659341591207,0.9953961983671787,-0.4051415867798625
2021-10-05,25.0,23.8,77.0,0.246,16.67,rain,28.1,14.8,1010.8,66.1,10.1,12.6,0.96,Rain,-0.9975590477788613,0.06982797572987089,0.9981347984218669,0.06104853953485691,25.0,25.0,25.0,25.4,25.0,25.5,89.4,84.6,94.1,8.013,0.1,7.9,12.5,4.17,41.67,rain,rain,rain,22.0,23.8,31.7,24.1,14.8,14.8,1011.1,1010.1,1009.5,40.3,24.7,47.1,9.0,7.3,7.9,19.1,19.7,10.9,0.93,0.89,0.86,Rain,Rain,Rain,-0.6184083953575545,0.9271838545667874,-0.09584575252022448,0.7858568931754015,-0.37460659341591207,0.9953961983671787
2021-10-06,26.0,24.4,77.7,0.105,8.33,rain,26.6,9.7,1007.8,34.6,8.9,19.5,0.0,Rain,-0.9962102997023297,0.0869772313136861,-0.698415285431006,0.7156927337037358,25.0,25.0,25.0,23.8,25.4,25.0,77.0,89.4,84.6,0.246,8.013,0.1,16.67,12.5,4.17,rain,rain,rain,28.1,22.0,23.8,14.8,24.1,14.8,1010.8,1011.1,1010.1,66.1,40.3,24.7,10.1,9.0,7.3,12.6,19.1,19.7,0.96,0.93,0.89,Rain,Rain,Rain,0.9981347984218669,-0.6184083953575545,0.9271838545667874,0.06104853953485691,0.7858568931754015,-0.37460659341591207
2021-10-07,26.0,24.3,76.6,0.2,8.33,rain,29.9,13.0,1005.2,25.0,9.5,19.1,0.03,Rain,-0.9945667569706337,0.1041007489354256,-0.58212297015729,0.8131007610470272,26.0,25.0,25.0,24.4,23.8,25.4,77.7,77.0,89.4,0.105,0.246,8.013,8.33,16.67,12.5,rain,rain,rain,26.6,28.1,22.0,9.7,14.8,24.1,1007.8,1010.8,1011.1,34.6,66.1,40.3,8.9,10.1,9.0,19.5,12.6,19.1,0.0,0.96,0.93,Rain,Rain,Rain,-0.698415285431006,0.9981347984218669,-0.6184083953575545,0.7156927337037358,0.06104853953485691,0.7858568931754015
2021-10-08,29.2,21.1,60.7,0.0,0.0,noprecip,34.6,20.5,1004.2,60.0,10.2,16.6,0.06,Cloudy,-0.9926289059345095,0.121193461470736,-0.22835087011065586,0.9735789028731603,26.0,26.0,25.0,24.3,24.4,23.8,76.6,77.7,77.0,0.2,0.105,0.246,8.33,8.33,16.67,rain,rain,rain,29.9,26.6,28.1,13.0,9.7,14.8,1005.2,1007.8,1010.8,25.0,34.6,66.1,9.5,8.9,10.1,19.1,19.5,12.6,0.03,0.0,0.96,Rain,Rain,Rain,-0.58212297015729,-0.698415285431006,0.9981347984218669,0.8131007610470272,0.7156927337037358,0.06104853953485691
2021-10-09,23.0,21.9,78.2,9.158,12.5,rain,34.2,14.8,1004.2,63.5,9.6,4.0,0.1,Rain,-0.9903973200352558,0.1382503109109819,-0.34037955021305005,0.940288127010419,29.2,26.0,26.0,21.1,24.3,24.4,60.7,76.6,77.7,0.0,0.2,0.105,0.0,8.33,8.33,noprecip,rain,rain,34.6,29.9,26.6,20.5,13.0,9.7,1004.2,1005.2,1007.8,60.0,25.0,34.6,10.2,9.5,8.9,16.6,19.1,19.5,0.06,0.03,0.0,Cloudy,Rain,Rain,-0.22835087011065586,-0.58212297015729,-0.698415285431006,0.9735789028731603,0.8131007610470272,0.7156927337037358
2021-10-10,23.0,23.7,98.6,86.441,25.0,rain,50.4,20.5,1002.9,97.5,7.9,1.8,0.13,Rain,-0.9878726596350429,0.15526624985999563,-0.6613118653236516,0.7501110696304597,23.0,29.2,26.0,21.9,21.1,24.3,78.2,60.7,76.6,9.158,0.0,0.2,12.5,0.0,8.33,rain,noprecip,rain,34.2,34.6,29.9,14.8,20.5,13.0,1004.2,1004.2,1005.2,63.5,60.0,25.0,9.6,10.2,9.5,4.0,16.6,19.1,0.1,0.06,0.03,Rain,Cloudy,Rain,-0.34037955021305005,-0.22835087011065586,-0.58212297015729,0.940288127010419,0.9735789028731603,0.8131007610470272
2021-10-11,23.0,22.8,96.1,103.283,16.67,rain,42.5,22.3,1008.0,93.3,7.9,2.0,0.17,Rain,-0.9850556718215013,0.172236243027682,0.26050450864264835,0.9654726308792251,23.0,23.0,29.2,23.7,21.9,21.1,98.6,78.2,60.7,86.441,9.158,0.0,25.0,12.5,0.0,rain,rain,noprecip,50.4,34.2,34.6,20.5,14.8,20.5,1002.9,1004.2,1004.2,97.5,63.5,60.0,7.9,9.6,10.2,1.8,4.0,16.6,0.13,0.1,0.06,Rain,Rain,Cloudy,-0.6613118653236516,-0.34037955021305005,-0.22835087011065586,0.7501110696304597,0.940288127010419,0.9735789028731603
2021-10-12,22.0,17.9,66.1,0.0,0.0,noprecip,42.8,20.8,1009.4,45.4,11.6,19.1,0.2,Cloudy,-0.981947190186646,0.18915526872004093,0.029666244085110757,0.999559860119384,23.0,23.0,23.0,22.8,23.7,21.9,96.1,98.6,78.2,103.283,86.441,9.158,16.67,25.0,12.5,rain,rain,rain,42.5,50.4,34.2,22.3,20.5,14.8,1008.0,1002.9,1004.2,93.3,97.5,63.5,7.9,7.9,9.6,2.0,1.8,4.0,0.17,0.13,0.1,Rain,Rain,Rain,0.26050450864264835,-0.6613118653236516,-0.34037955021305005,0.9654726308792251,0.7501110696304597,0.940288127010419
2021-10-13,22.0,19.2,74.6,5.116,8.33,rain,67.3,18.4,1005.9,96.9,9.8,8.0,0.25,Rain,-0.9785481345802031,0.20601832032517084,-0.3305143927132236,0.9438009515832292,22.0,23.0,23.0,17.9,22.8,23.7,66.1,96.1,98.6,0.0,103.283,86.441,0.0,16.67,25.0,noprecip,rain,rain,42.8,42.5,50.4,20.8,22.3,20.5,1009.4,1008.0,1002.9,45.4,93.3,97.5,11.6,7.9,7.9,19.1,2.0,1.8,0.2,0.17,0.13,Cloudy,Rain,Rain,0.029666244085110757,0.26050450864264835,-0.6613118653236516,0.999559860119384,0.9654726308792251,0.7501110696304597
2021-10-14,21.0,21.0,90.1,13.095,25.0,rain,67.3,24.1,1006.0,92.5,9.8,2.4,0.27,Rain,-0.9748595108374125,0.22282040779479959,0.11840396830650095,0.9929655081065369,22.0,22.0,23.0,19.2,17.9,22.8,74.6,66.1,96.1,5.116,0.0,103.283,8.33,0.0,16.67,rain,noprecip,rain,67.3,42.8,42.5,18.4,20.8,22.3,1005.9,1009.4,1008.0,96.9,45.4,93.3,9.8,11.6,7.9,8.0,19.1,2.0,0.25,0.2,0.17,Rain,Cloudy,Rain,-0.3305143927132236,0.029666244085110757,0.26050450864264835,0.9438009515832292,0.999559860119384,0.9654726308792251
2021-10-15,21.0,21.2,98.8,33.254,16.67,rain,36.7,14.8,1011.1,99.5,8.2,2.4,0.31,Rain,-0.9708824104813836,0.23955655912092708,-0.45399049973954697,0.8910065241883678,21.0,22.0,22.0,21.0,19.2,17.9,90.1,74.6,66.1,13.095,5.116,0.0,25.0,8.33,0.0,rain,rain,noprecip,67.3,67.3,42.8,24.1,18.4,20.8,1006.0,1005.9,1009.4,92.5,96.9,45.4,9.8,9.8,11.6,2.4,8.0,19.1,0.27,0.25,0.2,Rain,Rain,Cloudy,0.11840396830650095,-0.3305143927132236,0.029666244085110757,0.9929655081065369,0.9438009515832292,0.999559860119384
2021-10-16,19.3,20.1,92.8,51.516,16.67,rain,36.4,20.5,1016.5,96.9,9.4,2.6,0.34,Rain,-0.9666180104000972,0.2562218218071163,-0.22495105434386534,0.9743700647852351,21.0,21.0,22.0,21.2,21.0,19.2,98.8,90.1,74.6,33.254,13.095,5.116,16.67,25.0,8.33,rain,rain,rain,36.7,67.3,67.3,14.8,24.1,18.4,1011.1,1006.0,1005.9,99.5,92.5,96.9,8.2,9.8,9.8,2.4,2.4,8.0,0.31,0.27,0.25,Rain,Rain,Rain,-0.45399049973954697,0.11840396830650095,-0.3305143927132236,0.8910065241883678,0.9929655081065369,0.9438009515832292
2021-10-17,19.6,15.8,71.9,3.074,8.33,rain,44.6,22.3,1019.9,74.2,10.0,11.2,0.38,Rain,-0.9620675724981452,0.27281126433401914,0.02617694830787315,0.9996573249755573,19.3,21.0,21.0,20.1,21.2,21.0,92.8,98.8,90.1,51.516,33.254,13.095,16.67,16.67,25.0,rain,rain,rain,36.4,36.7,67.3,20.5,14.8,24.1,1016.5,1011.1,1006.0,96.9,99.5,92.5,9.4,8.2,9.8,2.6,2.4,2.4,0.34,0.31,0.27,Rain,Rain,Rain,-0.22495105434386534,-0.45399049973954697,0.11840396830650095,0.9743700647852351,0.8910065241883678,0.9929655081065369
2021-10-18,18.0,18.4,95.3,14.862,12.5,rain,26.6,11.2,1018.9,99.2,7.8,2.5,0.41,Rain,-0.957232443323312,0.28931997761869527,-0.3923371166035623,0.9198214973217372,19.6,19.3,21.0,15.8,20.1,21.2,71.9,92.8,98.8,3.074,51.516,33.254,8.33,16.67,16.67,rain,rain,rain,44.6,36.4,36.7,22.3,20.5,14.8,1019.9,1016.5,1011.1,74.2,96.9,99.5,10.0,9.4,8.2,11.2,2.6,2.4,0.38,0.34,0.31,Rain,Rain,Rain,0.02617694830787315,-0.22495105434386534,-0.45399049973954697,0.9996573249755573,0.9743700647852351,0.8910065241883678
2021-10-19,20.0,21.2,95.7,2.99,8.33,rain,31.0,9.4,1017.4,97.7,8.9,6.7,0.45,Rain,-0.9521140536681102,0.3057430764672831,0.784776370533083,0.61977903179514,18.0,19.6,19.3,18.4,15.8,20.1,95.3,71.9,92.8,14.862,3.074,51.516,12.5,8.33,16.67,rain,rain,rain,26.6,44.6,36.4,11.2,22.3,20.5,1018.9,1019.9,1016.5,99.2,74.2,96.9,7.8,10.0,9.4,2.5,11.2,2.6,0.41,0.38,0.34,Rain,Rain,Rain,-0.3923371166035623,0.02617694830787315,-0.22495105434386534,0.9198214973217372,0.9996573249755573,0.9743700647852351
2021-10-20,22.0,23.9,88.1,0.0,0.0,noprecip,29.2,16.6,1013.8,72.0,8.1,16.1,0.5,Cloudy,-0.9467139181463862,0.3220757010206104,0.8720692724321205,-0.4893824517488463,20.0,18.0,19.6,21.2,18.4,15.8,95.7,95.3,71.9,2.99,14.862,3.074,8.33,12.5,8.33,rain,rain,rain,31.0,26.6,44.6,9.4,11.2,22.3,1017.4,1018.9,1019.9,97.7,99.2,74.2,8.9,7.8,10.0,6.7,2.5,11.2,0.45,0.41,0.38,Rain,Rain,Rain,0.784776370533083,-0.3923371166035623,0.02617694830787315,0.61977903179514,0.9198214973217372,0.9996573249755573
2021-10-21,20.0,20.5,88.3,12.0,25.0,rain,55.4,33.5,1015.2,92.6,8.4,7.6,0.52,Rain,-0.9410336347451197,0.3383130181923076,0.6045991148623748,0.7965299180241963,22.0,20.0,18.0,23.9,21.2,18.4,88.1,95.7,95.3,0.0,2.99,14.862,0.0,8.33,12.5,noprecip,rain,rain,29.2,31.0,26.6,16.6,9.4,11.2,1013.8,1017.4,1018.9,72.0,97.7,99.2,8.1,8.9,7.8,16.1,6.7,2.5,0.5,0.45,0.41,Cloudy,Rain,Rain,0.8720692724321205,0.784776370533083,-0.3923371166035623,-0.4893824517488463,0.61977903179514,0.9198214973217372
2021-10-22,19.0,14.4,70.8,0.004,4.17,rain,32.4,18.4,1020.8,93.7,10.4,5.4,0.55,Rain,-0.9350748843515574,0.3544502230989869,0.3826834323650898,0.9238795325112867,20.0,22.0,20.0,20.5,23.9,21.2,88.3,88.1,95.7,12.0,0.0,2.99,25.0,0.0,8.33,rain,noprecip,rain,55.4,29.2,31.0,33.5,16.6,9.4,1015.2,1013.8,1017.4,92.6,72.0,97.7,8.4,8.1,8.9,7.6,16.1,6.7,0.52,0.5,0.45,Rain,Cloudy,Rain,0.6045991148623748,0.8720692724321205,0.784776370533083,0.7965299180241963,-0.4893824517488463,0.61977903179514
2021-10-23,18.0,13.7,65.0,0.0,0.0,noprecip,26.6,14.8,1021.4,60.9,11.2,12.6,0.58,Cloudy,-0.9288394302558068,0.3704825404820963,0.01745240643728351,0.9998476951563913,19.0,20.0,22.0,14.4,20.5,23.9,70.8,88.3,88.1,0.004,12.0,0.0,4.17,25.0,0.0,rain,rain,noprecip,32.4,55.4,29.2,18.4,33.5,16.6,1020.8,1015.2,1013.8,93.7,92.6,72.0,10.4,8.4,8.1,5.4,7.6,16.1,0.55,0.52,0.5,Rain,Rain,Cloudy,0.3826834323650898,0.6045991148623748,0.8720692724321205,0.9238795325112867,0.7965299180241963,-0.4893824517488463
2021-10-24,19.0,15.1,68.9,0.0,0.0,noprecip,29.9,13.0,1020.3,31.3,9.6,16.7,0.62,Cloudy,-0.9223291176290545,0.3864052261209853,-0.36974675727382994,0.9291325715340559,18.0,19.0,20.0,13.7,14.4,20.5,65.0,70.8,88.3,0.0,0.004,12.0,0.0,4.17,25.0,noprecip,rain,rain,26.6,32.4,55.4,14.8,18.4,33.5,1021.4,1020.8,1015.2,60.9,93.7,92.6,11.2,10.4,8.4,12.6,5.4,7.6,0.58,0.55,0.52,Cloudy,Rain,Rain,0.01745240643728351,0.3826834323650898,0.6045991148623748,0.9998476951563913,0.9238795325112867,0.7965299180241963
2021-10-25,18.0,16.5,74.0,0.0,0.0,noprecip,23.0,16.6,1017.2,9.3,9.9,19.2,0.65,Clear,-0.9155458729775467,0.40221356823680365,0.10973431109104526,0.9939609554551797,19.0,18.0,19.0,15.1,13.7,14.4,68.9,65.0,70.8,0.0,0.0,0.004,0.0,0.0,4.17,noprecip,noprecip,rain,29.9,26.6,32.4,13.0,14.8,18.4,1020.3,1021.4,1020.8,31.3,60.9,93.7,9.6,11.2,10.4,16.7,12.6,5.4,0.62,0.58,0.55,Cloudy,Cloudy,Rain,-0.36974675727382994,0.01745240643728351,0.3826834323650898,0.9291325715340559,0.9998476951563913,0.9238795325112867
2021-10-26,18.0,18.1,77.0,0.0,0.0,noprecip,16.6,11.2,1015.7,17.4,6.8,14.0,0.68,Clear,-0.9084917035725082,0.41790288888678667,0.8571673007021122,0.5150380749100544,18.0,19.0,18.0,16.5,15.1,13.7,74.0,68.9,65.0,0.0,0.0,0.0,0.0,0.0,0.0,noprecip,noprecip,noprecip,23.0,29.9,26.6,16.6,13.0,14.8,1017.2,1020.3,1021.4,9.3,31.3,60.9,9.9,9.6,11.2,19.2,16.7,12.6,0.65,0.62,0.58,Clear,Cloudy,Cloudy,0.10973431109104526,-0.36974675727382994,0.01745240643728351,0.9939609554551797,0.9291325715340559,0.9998476951563913
2021-10-27,20.0,18.3,71.1,0.0,0.0,noprecip,26.3,13.0,1016.4,24.3,7.4,17.6,0.72,Cloudy,-0.9011686968561569,0.4334685453485363,0.18051914525055998,0.9835714708133859,18.0,18.0,19.0,18.1,16.5,15.1,77.0,74.0,68.9,0.0,0.0,0.0,0.0,0.0,0.0,noprecip,noprecip,noprecip,16.6,23.0,29.9,11.2,16.6,13.0,1015.7,1017.2,1020.3,17.4,9.3,31.3,6.8,9.9,9.6,14.0,19.2,16.7,0.68,0.65,0.62,Clear,Clear,Cloudy,0.8571673007021122,0.10973431109104526,-0.36974675727382994,0.5150380749100544,0.9939609554551797,0.9291325715340559
2021-10-28,20.9,19.6,84.5,40.62,12.5,rain,23.0,13.0,1017.3,84.7,6.6,2.6,0.75,Rain,-0.8935790198239952,0.4489059314938798,-0.23344536385590609,0.9723699203976764,20.0,18.0,18.0,18.3,18.1,16.5,71.1,77.0,74.0,0.0,0.0,0.0,0.0,0.0,0.0,noprecip,noprecip,noprecip,26.3,16.6,23.0,13.0,11.2,16.6,1016.4,1015.7,1017.2,24.3,17.4,9.3,7.4,6.8,9.9,17.6,14.0,19.2,0.72,0.68,0.65,Cloudy,Clear,Clear,0.18051914525055998,0.8571673007021122,0.10973431109104526,0.9835714708133859,0.5150380749100544,0.9939609554551797
2021-10-29,21.0,21.4,98.7,18.031,16.67,rain,29.5,9.4,1017.7,96.5,7.5,3.7,0.75,Rain,-0.8857249183835637,0.4642104791518923,-0.29570805004404604,0.9552783621223438,20.9,20.0,18.0,19.6,18.3,18.1,84.5,71.1,77.0,40.62,0.0,0.0,12.5,0.0,0.0,rain,noprecip,noprecip,23.0,26.3,16.6,13.0,13.0,11.2,1017.3,1016.4,1015.7,84.7,24.3,17.4,6.6,7.4,6.8,2.6,17.6,14.0,0.75,0.72,0.68,Rain,Cloudy,Clear,-0.23344536385590609,0.18051914525055998,0.8571673007021122,0.9723699203976764,0.9835714708133859,0.5150380749100544
2021-10-30,19.0,19.8,98.0,34.654,12.5,rain,21.2,18.4,1018.7,100.0,8.6,1.8,0.81,Rain,-0.8776087166898392,0.4793776594606945,-0.012217000835246654,0.999925369660452,21.0,20.9,20.0,21.4,19.6,18.3,98.7,84.5,71.1,18.031,40.62,0.0,16.67,12.5,0.0,rain,rain,noprecip,29.5,23.0,26.3,9.4,13.0,13.0,1017.7,1017.3,1016.4,96.5,84.7,24.3,7.5,6.6,7.4,3.7,2.6,17.6,0.75,0.75,0.72,Rain,Rain,Cloudy,-0.29570805004404604,-0.23344536385590609,0.18051914525055998,0.9552783621223438,0.9723699203976764,0.9835714708133859
2021-10-31,19.7,20.3,97.7,1.0,12.5,rain,20.2,9.4,1017.6,95.9,9.2,3.1,0.85,Rain,-0.8692328164574792,0.49440298420761813,0.05930637357596162,0.9982398279237653,19.0,21.0,20.9,19.8,21.4,19.6,98.0,98.7,84.5,34.654,18.031,40.62,12.5,16.67,12.5,rain,rain,rain,21.2,29.5,23.0,18.4,9.4,13.0,1018.7,1017.7,1017.3,100.0,96.5,84.7,8.6,7.5,6.6,1.8,3.7,2.6,0.81,0.75,0.75,Rain,Rain,Rain,-0.012217000835246654,-0.29570805004404604,-0.23344536385590609,0.999925369660452,0.9552783621223438,0.9723699203976764
2021-11-01,20.0,20.8,97.6,4.968,12.5,rain,20.5,13.0,1017.5,93.4,8.9,2.6,0.88,Rain,-0.8605996962501181,0.5092820071573356,0.1443562010009732,0.9895257890689695,19.7,19.0,21.0,20.3,19.8,21.4,97.7,98.0,98.7,1.0,34.654,18.031,12.5,12.5,16.67,rain,rain,rain,20.2,21.2,29.5,9.4,18.4,9.4,1017.6,1018.7,1017.7,95.9,100.0,96.5,9.2,8.6,7.5,3.1,1.8,3.7,0.85,0.81,0.75,Rain,Rain,Rain,0.05930637357596162,-0.012217000835246654,-0.29570805004404604,0.9982398279237653,0.999925369660452,0.9552783621223438
2021-11-02,21.0,21.4,97.7,3.958,8.33,rain,27.7,13.0,1017.3,98.1,8.4,3.5,0.91,Rain,-0.8517119107469189,0.5240103253675756,0.1236014767404927,0.9923319378854887,20.0,19.7,19.0,20.8,20.3,19.8,97.6,97.7,98.0,4.968,1.0,34.654,12.5,12.5,12.5,rain,rain,rain,20.5,20.2,21.2,13.0,9.4,18.4,1017.5,1017.6,1018.7,93.4,95.9,100.0,8.9,9.2,8.6,2.6,3.1,1.8,0.88,0.85,0.81,Rain,Rain,Rain,0.1443562010009732,0.05930637357596162,-0.012217000835246654,0.9895257890689695,0.9982398279237653,0.999925369660452
2021-11-03,21.0,22.0,92.1,0.099,4.17,rain,15.1,13.0,1015.4,77.5,9.0,8.3,0.95,Rain,-0.8425720899866032,0.5385835804920232,0.8110638189893267,0.5849576749872155,21.0,20.0,19.7,21.4,20.8,20.3,97.7,97.6,97.7,3.958,4.968,1.0,8.33,12.5,12.5,rain,rain,rain,27.7,20.5,20.2,13.0,13.0,9.4,1017.3,1017.5,1017.6,98.1,93.4,95.9,8.4,8.9,9.2,3.5,2.6,3.1,0.91,0.88,0.85,Rain,Rain,Rain,0.1236014767404927,0.1443562010009732,0.05930637357596162,0.9923319378854887,0.9895257890689695,0.9982398279237653
2021-11-04,22.0,22.5,81.7,0.0,0.0,noprecip,27.0,18.4,1012.5,42.6,9.4,12.0,0.98,Cloudy,-0.8331829385891785,0.5529974600700271,0.7847763705330829,-0.6197790317951402,21.0,21.0,20.0,22.0,21.4,20.8,92.1,97.7,97.6,0.099,3.958,4.968,4.17,8.33,12.5,rain,rain,rain,15.1,27.7,20.5,13.0,13.0,13.0,1015.4,1017.3,1017.5,77.5,98.1,93.4,9.0,8.4,8.9,8.3,3.5,2.6,0.95,0.91,0.88,Rain,Rain,Rain,0.8110638189893267,0.1236014767404927,0.1443562010009732,0.5849576749872155,0.9923319378854887,0.9895257890689695
2021-11-05,24.0,23.5,84.7,0.0,0.0,noprecip,28.8,16.6,1010.2,60.8,10.6,14.7,0.0,Cloudy,-0.8235472349556007,0.5672476988027229,0.7277727576572105,-0.6858183529273763,22.0,21.0,21.0,22.5,22.0,21.4,81.7,92.1,97.7,0.0,0.099,3.958,0.0,4.17,8.33,noprecip,rain,rain,27.0,15.1,27.7,18.4,13.0,13.0,1012.5,1015.4,1017.3,42.6,77.5,98.1,9.4,9.0,8.4,12.0,8.3,3.5,0.98,0.95,0.91,Cloudy,Rain,Rain,0.7847763705330829,0.8110638189893267,0.1236014767404927,-0.6197790317951402,0.5849576749872155,0.9923319378854887
2021-11-06,24.0,24.5,89.5,0.0,0.0,noprecip,23.4,14.8,1008.0,71.0,8.3,12.4,0.05,Cloudy,-0.8136678304455991,0.5813300798152042,0.7996846584870907,-0.6004202253258839,24.0,22.0,21.0,23.5,22.5,22.0,84.7,81.7,92.1,0.0,0.0,0.099,0.0,0.0,4.17,noprecip,noprecip,rain,28.8,27.0,15.1,16.6,18.4,13.0,1010.2,1012.5,1015.4,60.8,42.6,77.5,10.6,9.4,9.0,14.7,12.0,8.3,0.0,0.98,0.95,Cloudy,Cloudy,Rain,0.7277727576572105,0.7847763705330829,0.8110638189893267,-0.6858183529273763,-0.6197790317951402,0.5849576749872155
2021-11-07,23.0,24.8,89.4,0.032,4.17,rain,47.5,14.8,1011.0,69.0,8.8,12.7,0.08,Rain,-0.8035476485339116,0.5952404359043674,0.9685831611286311,-0.24868988716485485,24.0,24.0,22.0,24.5,23.5,22.5,89.5,84.7,81.7,0.0,0.0,0.0,0.0,0.0,0.0,noprecip,noprecip,noprecip,23.4,28.8,27.0,14.8,16.6,18.4,1008.0,1010.2,1012.5,71.0,60.8,42.6,8.3,10.6,9.4,12.4,14.7,12.0,0.05,0.0,0.98,Cloudy,Cloudy,Cloudy,0.7996846584870907,0.7277727576572105,0.7847763705330829,-0.6004202253258839,-0.6858183529273763,-0.6197790317951402
2021-11-08,18.0,12.7,62.7,0.618,8.33,rain,38.9,33.5,1019.9,90.6,10.0,4.1,0.11,Rain,-0.7931896839451843,0.6089746507720486,0.03489949670250097,0.9993908270190958,23.0,24.0,24.0,24.8,24.5,23.5,89.4,89.5,84.7,0.032,0.0,0.0,4.17,0.0,0.0,rain,noprecip,noprecip,47.5,23.4,28.8,14.8,14.8,16.6,1011.0,1008.0,1010.2,69.0,71.0,60.8,8.8,8.3,10.6,12.7,12.4,14.7,0.08,0.05,0.0,Rain,Cloudy,Cloudy,0.9685831611286311,0.7996846584870907,0.7277727576572105,-0.24868988716485485,-0.6004202253258839,-0.6858183529273763
2021-11-09,17.0,8.6,49.2,0.0,0.0,noprecip,25.6,14.8,1020.3,42.5,10.0,16.7,0.15,Cloudy,-0.7825970017677834,0.6225286602431057,0.24192189559966773,0.9702957262759965,18.0,23.0,24.0,12.7,24.8,24.5,62.7,89.4,89.5,0.618,0.032,0.0,8.33,4.17,0.0,rain,rain,noprecip,38.9,47.5,23.4,33.5,14.8,14.8,1019.9,1011.0,1008.0,90.6,69.0,71.0,10.0,8.8,8.3,4.1,12.7,12.4,0.11,0.08,0.05,Rain,Rain,Cloudy,0.03489949670250097,0.9685831611286311,0.7996846584870907,0.9993908270190958,-0.24868988716485485,-0.6004202253258839
2021-11-10,19.0,8.5,46.8,0.0,0.0,noprecip,25.2,14.1,1020.1,33.0,10.0,17.1,0.18,Cloudy,-0.7717727365467837,0.6358984534680745,0.008726535498373935,0.9999619230641713,17.0,18.0,23.0,8.6,12.7,24.8,49.2,62.7,89.4,0.0,0.618,0.032,0.0,8.33,4.17,noprecip,rain,rain,25.6,38.9,47.5,14.8,33.5,14.8,1020.3,1019.9,1011.0,42.5,90.6,69.0,10.0,10.0,8.8,16.7,4.1,12.7,0.15,0.11,0.08,Cloudy,Rain,Rain,0.24192189559966773,0.03489949670250097,0.9685831611286311,0.9702957262759965,0.9993908270190958,-0.24868988716485485
2021-11-11,16.0,12.8,64.0,0.0,0.0,noprecip,17.6,9.6,1017.3,25.7,9.7,18.4,0.25,Cloudy,-0.7607200913564104,0.6490800741100398,0.374606593415912,0.9271838545667874,19.0,17.0,18.0,8.5,8.6,12.7,46.8,49.2,62.7,0.0,0.0,0.618,0.0,0.0,8.33,noprecip,noprecip,rain,25.2,25.6,38.9,14.1,14.8,33.5,1020.1,1020.3,1019.9,33.0,42.5,90.6,10.0,10.0,10.0,17.1,16.7,4.1,0.18,0.15,0.11,Cloudy,Cloudy,Rain,0.008726535498373935,0.24192189559966773,0.03489949670250097,0.9999619230641713,0.9702957262759965,0.9993908270190958
2021-11-12,20.0,13.4,59.4,0.0,0.0,noprecip,27.7,18.4,1019.2,76.2,9.9,10.4,0.25,Cloudy,-0.7494423368521953,0.6620696215153815,-0.06801529066524772,0.9976842788356053,16.0,19.0,17.0,12.8,8.5,8.6,64.0,46.8,49.2,0.0,0.0,0.0,0.0,0.0,0.0,noprecip,noprecip,noprecip,17.6,25.2,25.6,9.6,14.1,14.8,1017.3,1020.1,1020.3,25.7,33.0,42.5,9.7,10.0,10.0,18.4,17.1,16.7,0.25,0.18,0.15,Cloudy,Cloudy,Cloudy,0.374606593415912,0.008726535498373935,0.24192189559966773,0.9271838545667874,0.9999619230641713,0.9702957262759965
2021-11-13,19.0,12.0,56.6,0.0,0.0,noprecip,27.0,16.6,1019.5,51.2,10.2,13.5,0.29,Cloudy,-0.7379428103031386,0.6748632518680403,-0.32391741819814873,0.9460853588275455,20.0,16.0,19.0,13.4,12.8,8.5,59.4,64.0,46.8,0.0,0.0,0.0,0.0,0.0,0.0,noprecip,noprecip,noprecip,27.7,17.6,25.2,18.4,9.6,14.1,1019.2,1017.3,1020.1,76.2,25.7,33.0,9.9,9.7,10.0,10.4,18.4,17.1,0.25,0.25,0.18,Cloudy,Cloudy,Cloudy,-0.06801529066524772,0.374606593415912,0.008726535498373935,0.9976842788356053,0.9271838545667874,0.9999619230641713
2021-11-14,17.0,14.2,67.6,0.0,0.0,noprecip,19.8,13.0,1017.8,19.1,9.2,17.0,0.32,Clear,-0.7262249146041543,0.6874571793269664,-0.16160382110336105,0.9868557164068072,19.0,20.0,16.0,12.0,13.4,12.8,56.6,59.4,64.0,0.0,0.0,0.0,0.0,0.0,0.0,noprecip,noprecip,noprecip,27.0,27.7,17.6,16.6,18.4,9.6,1019.5,1019.2,1017.3,51.2,76.2,25.7,10.2,9.9,9.7,13.5,10.4,18.4,0.29,0.25,0.25,Cloudy,Cloudy,Cloudy,-0.32391741819814873,-0.06801529066524772,0.374606593415912,0.9460853588275455,0.9976842788356053,0.9271838545667874
2021-11-15,18.7,16.5,73.0,0.0,0.0,noprecip,16.9,16.6,1015.7,53.5,7.9,12.7,0.36,Cloudy,-0.7142921172691032,0.699847677146407,0.978867388761685,-0.20449605184179034,17.0,19.0,20.0,14.2,12.0,13.4,67.6,56.6,59.4,0.0,0.0,0.0,0.0,0.0,0.0,noprecip,noprecip,noprecip,19.8,27.0,27.7,13.0,16.6,18.4,1017.8,1019.5,1019.2,19.1,51.2,76.2,9.2,10.2,9.9,17.0,13.5,10.4,0.32,0.29,0.25,Clear,Cloudy,Cloudy,-0.16160382110336105,-0.32391741819814873,-0.06801529066524772,0.9868557164068072,0.9460853588275455,0.9976842788356053
2021-11-16,21.0,18.9,86.0,0.099,4.17,rain,13.3,9.4,1015.7,95.4,4.7,3.7,0.39,Rain,-0.7021479494046978,0.7120310787787131,-0.10626407133623393,0.9943379441332045,18.7,17.0,19.0,16.5,14.2,12.0,73.0,67.6,56.6,0.0,0.0,0.0,0.0,0.0,0.0,noprecip,noprecip,noprecip,16.9,19.8,27.0,16.6,13.0,16.6,1015.7,1017.8,1019.5,53.5,19.1,51.2,7.9,9.2,10.2,12.7,17.0,13.5,0.36,0.32,0.29,Cloudy,Clear,Cloudy,0.978867388761685,-0.16160382110336105,-0.32391741819814873,-0.20449605184179034,0.9868557164068072,0.9460853588275455
2021-11-17,20.0,18.4,85.2,0.396,4.17,rain,36.0,16.6,1017.3,95.8,6.5,3.0,0.43,Rain,-0.6897960046655887,0.7240037789593305,0.11840396830650095,0.9929655081065369,21.0,18.7,17.0,18.9,16.5,14.2,86.0,73.0,67.6,0.099,0.0,0.0,4.17,0.0,0.0,rain,noprecip,noprecip,13.3,16.9,19.8,9.4,16.6,13.0,1015.7,1015.7,1017.8,95.4,53.5,19.1,4.7,7.9,9.2,3.7,12.7,17.0,0.39,0.36,0.32,Rain,Cloudy,Clear,-0.10626407133623393,0.978867388761685,-0.16160382110336105,0.9943379441332045,-0.20449605184179034,0.9868557164068072
2021-11-18,18.0,13.2,65.2,0.0,0.0,noprecip,21.6,14.8,1016.0,59.2,9.3,9.5,0.46,Cloudy,-0.6772399381909491,0.7357622347736527,0.05756402695956728,0.9983418166140283,20.0,21.0,18.7,18.4,18.9,16.5,85.2,86.0,73.0,0.396,0.099,0.0,4.17,4.17,0.0,rain,rain,noprecip,36.0,13.3,16.9,16.6,9.4,16.6,1017.3,1015.7,1015.7,95.8,95.4,53.5,6.5,4.7,7.9,3.0,3.7,12.7,0.43,0.39,0.36,Rain,Rain,Cloudy,0.11840396830650095,-0.10626407133623393,0.978867388761685,0.9929655081065369,0.9943379441332045,-0.20449605184179034
2021-11-19,17.0,17.2,83.5,0.0,0.0,noprecip,27.0,13.0,1010.6,84.8,5.4,11.9,0.5,Cloudy,-0.6644834655228552,0.7473029667054297,0.9563047559630354,0.29237170472273677,18.0,20.0,21.0,13.2,18.4,18.9,65.2,85.2,86.0,0.0,0.396,0.099,0.0,4.17,4.17,noprecip,rain,rain,21.6,36.0,13.3,14.8,16.6,9.4,1016.0,1017.3,1015.7,59.2,95.8,95.4,9.3,6.5,4.7,9.5,3.0,3.7,0.46,0.43,0.39,Cloudy,Rain,Rain,0.05756402695956728,0.11840396830650095,-0.10626407133623393,0.9983418166140283,0.9929655081065369,0.9943379441332045
2021-11-20,19.7,21.0,88.7,0.792,8.33,rain,29.5,11.2,1009.0,87.4,4.6,7.5,0.53,Rain,-0.6515303615068021,0.75862255966641,0.06279051952931358,-0.9980267284282716,17.0,18.0,20.0,17.2,13.2,18.4,83.5,65.2,85.2,0.0,0.0,0.396,0.0,0.0,4.17,noprecip,noprecip,rain,27.0,21.6,36.0,13.0,14.8,16.6,1010.6,1016.0,1017.3,84.8,59.2,95.8,5.4,9.3,6.5,11.9,9.5,3.0,0.5,0.46,0.43,Cloudy,Cloudy,Rain,0.9563047559630354,0.05756402695956728,0.11840396830650095,0.29237170472273677,0.9983418166140283,0.9929655081065369
2021-11-21,23.1,22.8,82.0,0.099,4.17,rain,40.3,14.8,1011.7,65.7,8.0,12.0,0.56,Rain,-0.6383844591746642,0.769717664006921,0.6573752457940957,-0.7535633923016379,19.7,17.0,18.0,21.0,17.2,13.2,88.7,83.5,65.2,0.792,0.0,0.0,8.33,0.0,0.0,rain,noprecip,noprecip,29.5,27.0,21.6,11.2,13.0,14.8,1009.0,1010.6,1016.0,87.4,84.8,59.2,4.6,5.4,9.3,7.5,11.9,9.5,0.53,0.5,0.46,Rain,Cloudy,Cloudy,0.06279051952931358,0.9563047559630354,0.05756402695956728,-0.9980267284282716,0.29237170472273677,0.9983418166140283
2021-11-22,18.0,14.4,68.1,1.211,8.33,rain,46.4,27.7,1018.0,84.3,9.4,4.4,0.59,Rain,-0.6250496486104377,0.7805849965070866,0.3403795502130501,0.940288127010419,23.1,19.7,17.0,22.8,21.0,17.2,82.0,88.7,83.5,0.099,0.792,0.0,4.17,8.33,0.0,rain,rain,noprecip,40.3,29.5,27.0,14.8,11.2,13.0,1011.7,1009.0,1010.6,65.7,87.4,84.8,8.0,4.6,5.4,12.0,7.5,11.9,0.56,0.53,0.5,Rain,Rain,Cloudy,0.6573752457940957,0.06279051952931358,0.9563047559630354,-0.7535633923016379,-0.9980267284282716,0.29237170472273677
2021-11-23,17.0,9.5,57.2,0.0,0.0,noprecip,28.8,20.5,1022.1,84.9,10.0,8.7,0.63,Cloudy,-0.6115298757991053,0.7912213413483807,0.17364817766693033,0.984807753012208,18.0,23.1,19.7,14.4,22.8,21.0,68.1,82.0,88.7,1.211,0.099,0.792,8.33,4.17,8.33,rain,rain,rain,46.4,40.3,29.5,27.7,14.8,11.2,1018.0,1011.7,1009.0,84.3,65.7,87.4,9.4,8.0,4.6,4.4,12.0,7.5,0.59,0.56,0.53,Rain,Rain,Rain,0.3403795502130501,0.6573752457940957,0.06279051952931358,0.940288127010419,-0.7535633923016379,-0.9980267284282716
2021-11-24,17.0,10.6,60.6,0.0,0.0,noprecip,25.6,19.3,1021.8,81.1,10.0,9.5,0.66,Cloudy,-0.5978291414589552,0.801623551065242,-0.21814324139654243,0.9759167619387474,17.0,18.0,23.1,9.5,14.4,22.8,57.2,68.1,82.0,0.0,1.211,0.099,0.0,8.33,4.17,noprecip,rain,rain,28.8,46.4,40.3,20.5,27.7,14.8,1022.1,1018.0,1011.7,84.9,84.3,65.7,10.0,9.4,8.0,8.7,4.4,12.0,0.63,0.59,0.56,Cloudy,Rain,Rain,0.17364817766693033,0.3403795502130501,0.6573752457940957,0.984807753012208,0.940288127010419,-0.7535633923016379
2021-11-25,16.0,13.3,75.4,0.0,0.0,noprecip,23.0,9.7,1019.8,38.5,9.6,14.4,0.7,Cloudy,-0.5839514998576998,0.8117885474764613,-0.8424523970071471,0.5387707850068637,17.0,17.0,18.0,10.6,9.5,14.4,60.6,57.2,68.1,0.0,0.0,1.211,0.0,0.0,8.33,noprecip,noprecip,rain,25.6,28.8,46.4,19.3,20.5,27.7,1021.8,1022.1,1018.0,81.1,84.9,84.3,10.0,10.0,9.4,9.5,8.7,4.4,0.66,0.63,0.59,Cloudy,Cloudy,Rain,-0.21814324139654243,0.17364817766693033,0.3403795502130501,0.9759167619387474,0.984807753012208,0.940288127010419
2021-11-26,15.7,14.7,74.3,0.3,12.5,rain,22.0,13.0,1019.3,25.9,8.4,14.0,0.73,Rain,-0.5699010576127624,0.821713322596059,-0.7021530529951628,0.7120260459909961,16.0,17.0,17.0,13.3,10.6,9.5,75.4,60.6,57.2,0.0,0.0,0.0,0.0,0.0,0.0,noprecip,noprecip,noprecip,23.0,25.6,28.8,9.7,19.3,20.5,1019.8,1021.8,1022.1,38.5,81.1,84.9,9.6,10.0,10.0,14.4,9.5,8.7,0.7,0.66,0.63,Cloudy,Cloudy,Cloudy,-0.8424523970071471,-0.21814324139654243,0.17364817766693033,0.5387707850068637,0.9759167619387474,0.984807753012208
2021-11-27,18.0,13.5,65.2,0.0,0.0,noprecip,25.2,14.8,1020.2,23.2,9.5,15.7,0.75,Cloudy,-0.5556819724760489,0.8313949395234058,0.13398618541829208,0.9909831997148363,15.7,16.0,17.0,14.7,13.3,10.6,74.3,75.4,60.6,0.3,0.0,0.0,12.5,0.0,0.0,rain,noprecip,noprecip,22.0,23.0,25.6,13.0,9.7,19.3,1019.3,1019.8,1021.8,25.9,38.5,81.1,8.4,9.6,10.0,14.0,14.4,9.5,0.73,0.7,0.66,Rain,Cloudy,Cloudy,-0.7021530529951628,-0.8424523970071471,-0.21814324139654243,0.7120260459909961,0.5387707850068637,0.9759167619387474
2021-11-28,15.0,14.3,70.7,0.0,0.0,noprecip,20.9,10.0,1019.7,29.9,9.5,16.8,0.8,Cloudy,-0.5412984521036173,0.8408305333122887,-0.5707135676844323,0.8211492091337037,18.0,15.7,16.0,13.5,14.7,13.3,65.2,74.3,75.4,0.0,0.3,0.0,0.0,12.5,0.0,noprecip,rain,noprecip,25.2,22.0,23.0,14.8,13.0,9.7,1020.2,1019.3,1019.8,23.2,25.9,38.5,9.5,8.4,9.6,15.7,14.0,14.4,0.75,0.73,0.7,Cloudy,Rain,Cloudy,0.13398618541829208,-0.7021530529951628,-0.8424523970071471,0.9909831997148363,0.7120260459909961,0.5387707850068637
2021-11-29,18.0,15.4,70.4,0.0,0.0,noprecip,19.1,9.9,1018.1,43.3,9.8,15.7,0.83,Cloudy,-0.5267547528105542,0.8500173118187018,-0.3971478906347812,0.9177546256839809,15.0,18.0,15.7,14.3,13.5,14.7,70.7,65.2,74.3,0.0,0.0,0.3,0.0,0.0,12.5,noprecip,noprecip,rain,20.9,25.2,22.0,10.0,14.8,13.0,1019.7,1020.2,1019.3,29.9,23.2,25.9,9.5,9.5,8.4,16.8,15.7,14.0,0.8,0.75,0.73,Cloudy,Cloudy,Rain,-0.5707135676844323,0.13398618541829208,-0.7021530529951628,0.8211492091337037,0.9909831997148363,0.7120260459909961
2021-11-30,19.0,12.9,58.5,0.0,0.0,noprecip,36.4,22.3,1020.7,45.1,9.6,12.1,0.86,Cloudy,-0.5120551783114646,0.8589525565270845,-0.03315517838852624,0.9994502159417572,18.0,15.0,18.0,15.4,14.3,13.5,70.4,70.7,65.2,0.0,0.0,0.0,0.0,0.0,0.0,noprecip,noprecip,noprecip,19.1,20.9,25.2,9.9,10.0,14.8,1018.1,1019.7,1020.2,43.3,29.9,23.2,9.8,9.5,9.5,15.7,16.8,15.7,0.83,0.8,0.75,Cloudy,Cloudy,Cloudy,-0.3971478906347812,-0.5707135676844323,0.13398618541829208,0.9177546256839809,0.8211492091337037,0.9909831997148363
2021-12-01,15.0,10.4,56.5,0.0,0.0,noprecip,28.8,14.8,1021.9,33.0,9.7,17.5,0.9,Cloudy,-0.4972040784469378,0.8676336233547726,0.28568836740497355,0.9583225744651332,19.0,18.0,15.0,12.9,15.4,14.3,58.5,70.4,70.7,0.0,0.0,0.0,0.0,0.0,0.0,noprecip,noprecip,noprecip,36.4,19.1,20.9,22.3,9.9,10.0,1020.7,1018.1,1019.7,45.1,43.3,29.9,9.6,9.8,9.5,12.1,15.7,16.8,0.86,0.83,0.8,Cloudy,Cloudy,Cloudy,-0.03315517838852624,-0.3971478906347812,-0.5707135676844323,0.9994502159417572,0.9177546256839809,0.8211492091337037
2021-12-02,11.9,8.3,60.8,0.0,0.0,noprecip,24.5,13.0,1022.6,15.4,10.8,17.1,0.93,Clear,-0.4822058478963526,0.8760579434344281,0.05059294007671331,0.9987193571841863,15.0,19.0,18.0,10.4,12.9,15.4,56.5,58.5,70.4,0.0,0.0,0.0,0.0,0.0,0.0,noprecip,noprecip,noprecip,28.8,36.4,19.1,14.8,22.3,9.9,1021.9,1020.7,1018.1,33.0,45.1,43.3,9.7,9.6,9.8,17.5,12.1,15.7,0.9,0.86,0.83,Cloudy,Cloudy,Cloudy,0.28568836740497355,-0.03315517838852624,-0.3971478906347812,0.9583225744651332,0.9994502159417572,0.9177546256839809
2021-12-03,12.0,10.8,70.6,0.0,0.0,noprecip,23.8,13.0,1022.5,8.1,8.8,17.6,0.96,Clear,-0.46706492487743034,0.8842230238742036,-0.45554490723351565,0.8902128046111265,11.9,15.0,19.0,8.3,10.4,12.9,60.8,56.5,58.5,0.0,0.0,0.0,0.0,0.0,0.0,noprecip,noprecip,noprecip,24.5,28.8,36.4,13.0,14.8,22.3,1022.6,1021.9,1020.7,15.4,33.0,45.1,10.8,9.7,9.6,17.1,17.5,12.1,0.93,0.9,0.86,Clear,Cloudy,Cloudy,0.05059294007671331,0.28568836740497355,-0.03315517838852624,0.9987193571841863,0.9583225744651332,0.9994502159417572
2021-12-04,12.0,9.4,64.8,0.0,0.0,noprecip,21.2,7.6,1022.0,3.5,8.6,17.2,0.0,Clear,-0.451785789832884,0.8921264484954345,-0.3106764296307319,0.9505157316277837,12.0,11.9,15.0,10.8,8.3,10.4,70.6,60.8,56.5,0.0,0.0,0.0,0.0,0.0,0.0,noprecip,noprecip,noprecip,23.8,24.5,28.8,13.0,13.0,14.8,1022.5,1022.6,1021.9,8.1,15.4,33.0,8.8,10.8,9.7,17.6,17.1,17.5,0.96,0.93,0.9,Clear,Clear,Cloudy,-0.45554490723351565,0.05059294007671331,0.28568836740497355,0.8902128046111265,0.9987193571841863,0.9583225744651332
2021-12-05,12.7,10.8,67.6,0.0,0.0,noprecip,23.8,12.1,1021.7,0.2,7.5,16.6,0.03,Clear,-0.4363729641045924,0.8997658785476209,-0.6534206039901057,0.7569950556517562,12.0,12.0,11.9,9.4,10.8,8.3,64.8,70.6,60.8,0.0,0.0,0.0,0.0,0.0,0.0,noprecip,noprecip,noprecip,21.2,23.8,24.5,7.6,13.0,13.0,1022.0,1022.5,1022.6,3.5,8.1,15.4,8.6,8.8,10.8,17.2,17.6,17.1,0.0,0.96,0.93,Clear,Clear,Clear,-0.3106764296307319,-0.45554490723351565,0.05059294007671331,0.9505157316277837,0.8902128046111265,0.9987193571841863
2021-12-06,13.0,11.3,69.5,0.0,0.0,noprecip,22.7,11.2,1020.9,0.3,9.1,16.9,0.06,Clear,-0.42083100859565564,0.9071390534005044,-0.0749787268263286,0.9971851335251157,12.7,12.0,12.0,10.8,9.4,10.8,67.6,64.8,70.6,0.0,0.0,0.0,0.0,0.0,0.0,noprecip,noprecip,noprecip,23.8,21.2,23.8,12.1,7.6,13.0,1021.7,1022.0,1022.5,0.2,3.5,8.1,7.5,8.6,8.8,16.6,17.2,17.6,0.03,0.0,0.96,Clear,Clear,Clear,-0.6534206039901057,-0.3106764296307319,-0.45554490723351565,0.7569950556517562,0.9505157316277837,0.8902128046111265
2021-12-07,11.0,10.7,67.4,0.0,0.0,noprecip,16.6,11.2,1020.8,0.0,8.7,16.7,0.1,Clear,-0.4051645224207563,0.9142437912130223,0.9943379441332046,-0.10626407133623318,13.0,12.7,12.0,11.3,10.8,9.4,69.5,67.6,64.8,0.0,0.0,0.0,0.0,0.0,0.0,noprecip,noprecip,noprecip,22.7,23.8,21.2,11.2,12.1,7.6,1020.9,1021.7,1022.0,0.3,0.2,3.5,9.1,7.5,8.6,16.9,16.6,17.2,0.06,0.03,0.0,Clear,Clear,Clear,-0.0749787268263286,-0.6534206039901057,-0.3106764296307319,0.9971851335251157,0.7569950556517562,0.9505157316277837
2021-12-08,12.0,13.4,73.6,0.1,4.17,rain,16.9,7.6,1021.4,47.9,8.1,12.6,0.13,Rain,-0.3893781415452015,0.9210779895789526,-0.3971478906347812,0.9177546256839809,11.0,13.0,12.7,10.7,11.3,10.8,67.4,69.5,67.6,0.0,0.0,0.0,0.0,0.0,0.0,noprecip,noprecip,noprecip,16.6,22.7,23.8,11.2,11.2,12.1,1020.8,1020.9,1021.7,0.0,0.3,0.2,8.7,9.1,7.5,16.7,16.9,16.6,0.1,0.06,0.03,Clear,Clear,Clear,0.9943379441332046,-0.0749787268263286,-0.6534206039901057,-0.10626407133623318,0.9971851335251157,0.7569950556517562
2021-12-09,17.7,16.0,79.9,0.7,20.83,rain,22.7,11.2,1022.4,70.2,6.7,5.7,0.16,Rain,-0.37347653741307074,0.9276396261490467,-0.8480480961564262,0.5299192642332047,12.0,11.0,13.0,13.4,10.7,11.3,73.6,67.4,69.5,0.1,0.0,0.0,4.17,0.0,0.0,rain,noprecip,noprecip,16.9,16.6,22.7,7.6,11.2,11.2,1021.4,1020.8,1020.9,47.9,0.0,0.3,8.1,8.7,9.1,12.6,16.7,16.9,0.13,0.1,0.06,Rain,Clear,Clear,-0.3971478906347812,0.9943379441332046,-0.0749787268263286,0.9177546256839809,-0.10626407133623318,0.9971851335251157
2021-12-10,17.0,17.3,81.5,0.0,0.0,noprecip,23.4,16.6,1019.7,33.7,7.0,10.1,0.2,Cloudy,-0.3574644155648614,0.9339267592294762,0.7431448254773942,-0.6691306063588582,17.7,12.0,11.0,16.0,13.4,10.7,79.9,73.6,67.4,0.7,0.1,0.0,20.83,4.17,0.0,rain,rain,noprecip,22.7,16.9,16.6,11.2,7.6,11.2,1022.4,1021.4,1020.8,70.2,47.9,0.0,6.7,8.1,8.7,5.7,12.6,16.7,0.16,0.13,0.1,Rain,Rain,Clear,-0.8480480961564262,-0.3971478906347812,0.9943379441332046,0.5299192642332047,0.9177546256839809,-0.10626407133623318
2021-12-11,19.0,17.1,78.1,0.0,0.0,noprecip,18.4,14.8,1019.8,37.8,6.3,8.5,0.25,Cloudy,-0.34134651424503615,0.9399375283564133,0.8642748019537047,-0.5030199466302351,17.0,17.7,12.0,17.3,16.0,13.4,81.5,79.9,73.6,0.0,0.7,0.1,0.0,20.83,4.17,noprecip,rain,rain,23.4,22.7,16.9,16.6,11.2,7.6,1019.7,1022.4,1021.4,33.7,70.2,47.9,7.0,6.7,8.1,10.1,5.7,12.6,0.2,0.16,0.13,Cloudy,Rain,Rain,0.7431448254773942,-0.8480480961564262,-0.3971478906347812,-0.6691306063588582,0.5299192642332047,0.9177546256839809
2021-12-12,17.1,16.4,76.9,0.001,4.17,rain,38.2,22.3,1021.8,43.5,6.3,12.6,0.27,Rain,-0.3251276029999093,0.9456701548465688,0.21303038627497659,0.9770455744352636,19.0,17.0,17.7,17.1,17.3,16.0,78.1,81.5,79.9,0.0,0.0,0.7,0.0,0.0,20.83,noprecip,noprecip,rain,18.4,23.4,22.7,14.8,16.6,11.2,1019.8,1019.7,1022.4,37.8,33.7,70.2,6.3,7.0,6.7,8.5,10.1,5.7,0.25,0.2,0.16,Cloudy,Cloudy,Rain,0.8642748019537047,0.7431448254773942,-0.8480480961564262,-0.5030199466302351,-0.6691306063588582,0.5299192642332047
2021-12-13,14.0,11.1,63.4,0.0,0.0,noprecip,25.2,18.4,1022.5,53.3,9.9,10.8,0.3,Cloudy,-0.30881248126625377,0.9511229423235357,0.1149371504928666,0.9933727656003964,17.1,19.0,17.0,16.4,17.1,17.3,76.9,78.1,81.5,0.001,0.0,0.0,4.17,0.0,0.0,rain,noprecip,noprecip,38.2,18.4,23.4,22.3,14.8,16.6,1021.8,1019.8,1019.7,43.5,37.8,33.7,6.3,6.3,7.0,12.6,8.5,10.1,0.27,0.25,0.2,Rain,Cloudy,Cloudy,0.21303038627497659,0.8642748019537047,0.7431448254773942,0.9770455744352636,-0.5030199466302351,-0.6691306063588582
2021-12-14,13.0,13.7,76.7,0.0,0.0,noprecip,22.0,11.2,1018.1,20.4,7.8,15.0,0.33,Cloudy,-0.29240597695107734,0.9562942772197719,0.9077774785329087,0.4194520824461771,14.0,17.1,19.0,11.1,16.4,17.1,63.4,76.9,78.1,0.0,0.001,0.0,0.0,4.17,0.0,noprecip,rain,noprecip,25.2,38.2,18.4,18.4,22.3,14.8,1022.5,1021.8,1019.8,53.3,43.5,37.8,9.9,6.3,6.3,10.8,12.6,8.5,0.3,0.27,0.25,Cloudy,Rain,Cloudy,0.1149371504928666,0.21303038627497659,0.8642748019537047,0.9933727656003964,0.9770455744352636,-0.5030199466302351
2021-12-15,16.0,17.3,91.0,0.0,0.0,noprecip,23.4,9.4,1014.9,47.9,4.3,10.5,0.37,Cloudy,-0.27591294500296043,0.9611826292540837,0.9715491199976461,0.23683814606561895,13.0,14.0,17.1,13.7,11.1,16.4,76.7,63.4,76.9,0.0,0.0,0.001,0.0,0.0,4.17,noprecip,noprecip,rain,22.0,25.2,38.2,11.2,18.4,22.3,1018.1,1022.5,1021.8,20.4,53.3,43.5,7.8,9.9,6.3,15.0,10.8,12.6,0.33,0.3,0.27,Cloudy,Cloudy,Rain,0.9077774785329087,0.1149371504928666,0.21303038627497659,0.4194520824461771,0.9933727656003964,0.9770455744352636
2021-12-16,18.6,18.3,83.5,0.1,4.17,rain,12.2,7.6,1015.3,32.5,4.6,6.3,0.4,Rain,-0.2593382659754056,0.9657865518844574,-0.5649670034249373,0.8251134982782955,16.0,13.0,14.0,17.3,13.7,11.1,91.0,76.7,63.4,0.0,0.0,0.0,0.0,0.0,0.0,noprecip,noprecip,noprecip,23.4,22.0,25.2,9.4,11.2,18.4,1014.9,1018.1,1022.5,47.9,20.4,53.3,4.3,7.8,9.9,10.5,15.0,10.8,0.37,0.33,0.3,Cloudy,Cloudy,Cloudy,0.9715491199976461,0.9077774785329087,0.1149371504928666,0.23683814606561895,0.4194520824461771,0.9933727656003964
2021-12-17,18.0,16.3,72.1,0.0,0.0,noprecip,32.0,18.4,1019.3,43.1,8.0,8.2,0.43,Cloudy,-0.2426868445825954,0.9701046827361175,0.18395135061272014,0.9829353491495543,18.6,16.0,13.0,18.3,17.3,13.7,83.5,91.0,76.7,0.1,0.0,0.0,4.17,0.0,0.0,rain,noprecip,noprecip,12.2,23.4,22.0,7.6,9.4,11.2,1015.3,1014.9,1018.1,32.5,47.9,20.4,4.6,4.3,7.8,6.3,10.5,15.0,0.4,0.37,0.33,Rain,Cloudy,Cloudy,-0.5649670034249373,0.9715491199976461,0.9077774785329087,0.8251134982782955,0.23683814606561895,0.4194520824461771
2021-12-18,17.0,9.6,54.1,0.0,0.0,noprecip,29.5,18.4,1022.5,44.8,10.0,12.3,0.47,Cloudy,-0.22596360824801906,0.974135744004672,0.32556815445715664,0.9455185755993168,18.0,18.6,16.0,16.3,18.3,17.3,72.1,83.5,91.0,0.0,0.1,0.0,0.0,4.17,0.0,noprecip,rain,noprecip,32.0,12.2,23.4,18.4,7.6,9.4,1019.3,1015.3,1014.9,43.1,32.5,47.9,8.0,4.6,4.3,8.2,6.3,10.5,0.43,0.4,0.37,Cloudy,Rain,Cloudy,0.18395135061272014,-0.5649670034249373,0.9715491199976461,0.9829353491495543,0.8251134982782955,0.23683814606561895
2021-12-19,14.0,7.7,51.1,0.0,0.0,noprecip,30.2,20.5,1021.9,48.7,10.0,13.4,0.5,Cloudy,-0.20917350564635637,0.9778785428342386,-0.050592940076713076,0.9987193571841863,17.0,18.0,18.6,9.6,16.3,18.3,54.1,72.1,83.5,0.0,0.0,0.1,0.0,0.0,4.17,noprecip,noprecip,rain,29.5,32.0,12.2,18.4,18.4,7.6,1022.5,1019.3,1015.3,44.8,43.1,32.5,10.0,8.0,4.6,12.3,8.2,6.3,0.47,0.43,0.4,Cloudy,Cloudy,Rain,0.32556815445715664,0.18395135061272014,-0.5649670034249373,0.9455185755993168,0.9829353491495543,0.8251134982782955
2021-12-20,17.0,11.0,59.6,0.0,0.0,noprecip,20.5,16.6,1017.8,92.2,10.0,6.9,0.53,Cloudy,-0.19232150523909483,0.9813319716704275,0.5976251469755212,0.801775644243754,14.0,17.0,18.0,7.7,9.6,16.3,51.1,54.1,72.1,0.0,0.0,0.0,0.0,0.0,0.0,noprecip,noprecip,noprecip,30.2,29.5,32.0,20.5,18.4,18.4,1021.9,1022.5,1019.3,48.7,44.8,43.1,10.0,10.0,8.0,13.4,12.3,8.2,0.5,0.47,0.43,Cloudy,Cloudy,Cloudy,-0.050592940076713076,0.32556815445715664,0.18395135061272014,0.9987193571841863,0.9455185755993168,0.9829353491495543
2021-12-21,16.0,12.6,67.9,0.0,0.0,noprecip,24.8,13.0,1017.4,42.0,9.3,14.4,0.57,Cloudy,-0.17541259380427843,0.9844950085880858,-0.35510696240813777,0.9348256763960142,17.0,14.0,17.0,11.0,7.7,9.6,59.6,51.1,54.1,0.0,0.0,0.0,0.0,0.0,0.0,noprecip,noprecip,noprecip,20.5,30.2,29.5,16.6,20.5,18.4,1017.8,1021.9,1022.5,92.2,48.7,44.8,10.0,10.0,10.0,6.9,13.4,12.3,0.53,0.5,0.47,Cloudy,Cloudy,Cloudy,0.5976251469755212,-0.050592940076713076,0.32556815445715664,0.801775644243754,0.9987193571841863,0.9455185755993168
2021-12-22,14.9,13.5,72.2,0.0,0.0,noprecip,17.3,16.6,1016.9,18.4,7.2,15.0,0.6,Clear,-0.15845177496083632,0.9873667175937016,0.9948807088287882,0.10105629718294655,16.0,17.0,14.0,12.6,11.0,7.7,67.9,59.6,51.1,0.0,0.0,0.0,0.0,0.0,0.0,noprecip,noprecip,noprecip,24.8,20.5,30.2,13.0,16.6,20.5,1017.4,1017.8,1021.9,42.0,92.2,48.7,9.3,10.0,10.0,14.4,6.9,13.4,0.57,0.53,0.5,Cloudy,Cloudy,Cloudy,-0.35510696240813777,0.5976251469755212,-0.050592940076713076,0.9348256763960142,0.801775644243754,0.9987193571841863
2021-12-23,15.0,14.2,72.8,0.0,0.0,noprecip,22.3,13.0,1015.7,5.6,6.6,15.5,0.64,Clear,-0.14144406768794202,0.9899462489023779,0.8489716876291415,-0.528438334722347,14.9,16.0,17.0,13.5,12.6,11.0,72.2,67.9,59.6,0.0,0.0,0.0,0.0,0.0,0.0,noprecip,noprecip,noprecip,17.3,24.8,20.5,16.6,13.0,16.6,1016.9,1017.4,1017.8,18.4,42.0,92.2,7.2,9.3,10.0,15.0,14.4,6.9,0.6,0.57,0.53,Clear,Cloudy,Cloudy,0.9948807088287882,-0.35510696240813777,0.5976251469755212,0.10105629718294655,0.9348256763960142,0.801775644243754
2021-12-24,17.0,16.6,81.2,0.3,12.5,rain,13.7,13.0,1016.3,47.3,4.8,7.7,0.67,Rain,-0.12439450483979998,0.9922328391893008,0.7836934573258398,0.6211477802783103,15.0,14.9,16.0,14.2,13.5,12.6,72.8,72.2,67.9,0.0,0.0,0.0,0.0,0.0,0.0,noprecip,noprecip,noprecip,22.3,17.3,24.8,13.0,16.6,13.0,1015.7,1016.9,1017.4,5.6,18.4,42.0,6.6,7.2,9.3,15.5,15.0,14.4,0.64,0.6,0.57,Clear,Clear,Cloudy,0.8489716876291415,0.9948807088287882,-0.35510696240813777,-0.528438334722347,0.10105629718294655,0.9348256763960142
2021-12-25,19.0,17.7,82.3,2.2,33.33,rain,27.0,14.8,1018.9,39.6,5.3,7.0,0.71,Rain,-0.10730813165636247,0.9942258118156161,0.943222657947601,0.3321611318837034,17.0,15.0,14.9,16.6,14.2,13.5,81.2,72.8,72.2,0.3,0.0,0.0,12.5,0.0,0.0,rain,noprecip,noprecip,13.7,22.3,17.3,13.0,13.0,16.6,1016.3,1015.7,1016.9,47.3,5.6,18.4,4.8,6.6,7.2,7.7,15.5,15.0,0.67,0.64,0.6,Rain,Clear,Clear,0.7836934573258398,0.8489716876291415,0.9948807088287882,0.6211477802783103,-0.528438334722347,0.10105629718294655
2021-12-26,15.0,14.1,77.0,1.2,16.67,rain,38.2,22.3,1022.5,75.6,7.5,3.1,0.74,Rain,-0.09019000427034513,0.9959245770286599,0.754709580222772,0.6560590289905073,19.0,17.0,15.0,17.7,16.6,14.2,82.3,81.2,72.8,2.2,0.3,0.0,33.33,12.5,0.0,rain,rain,noprecip,27.0,13.7,22.3,14.8,13.0,13.0,1018.9,1016.3,1015.7,39.6,47.3,5.6,5.3,4.8,6.6,7.0,7.7,15.5,0.71,0.67,0.64,Rain,Rain,Clear,0.943222657947601,0.7836934573258398,0.8489716876291415,0.3321611318837034,0.6211477802783103,-0.528438334722347
2021-12-27,12.0,7.9,69.7,0.011,4.17,rain,27.0,24.1,1026.7,97.0,10.0,3.0,0.75,Rain,-0.07304518821104743,0.9973286321364752,0.5090414157503713,0.8607420270039436,15.0,19.0,17.0,14.1,17.7,16.6,77.0,82.3,81.2,1.2,2.2,0.3,16.67,33.33,12.5,rain,rain,rain,38.2,27.0,13.7,22.3,14.8,13.0,1022.5,1018.9,1016.3,75.6,39.6,47.3,7.5,5.3,4.8,3.1,7.0,7.7,0.74,0.71,0.67,Rain,Rain,Rain,0.754709580222772,0.943222657947601,0.7836934573258398,0.6560590289905073,0.3321611318837034,0.6211477802783103
2021-12-28,11.0,9.0,72.4,0.0,0.0,noprecip,18.4,13.0,1024.8,85.8,9.6,6.6,0.81,Cloudy,-0.05587875690537313,0.9984375616565666,0.20961856290382183,0.9777832367586061,12.0,15.0,19.0,7.9,14.1,17.7,69.7,77.0,82.3,0.011,1.2,2.2,4.17,16.67,33.33,rain,rain,rain,27.0,38.2,27.0,24.1,22.3,14.8,1026.7,1022.5,1018.9,97.0,75.6,39.6,10.0,7.5,5.3,3.0,3.1,7.0,0.75,0.74,0.71,Rain,Rain,Rain,0.5090414157503713,0.754709580222772,0.943222657947601,0.8607420270039436,0.6560590289905073,0.3321611318837034
2021-12-29,14.0,11.3,77.6,0.1,4.17,rain,20.2,14.8,1024.2,99.0,9.5,4.1,0.84,Rain,-0.03869579017652689,0.9992510374388481,0.294040325232304,0.9557930147983301,11.0,12.0,15.0,9.0,7.9,14.1,72.4,69.7,77.0,0.0,0.011,1.2,0.0,4.17,16.67,noprecip,rain,rain,18.4,27.0,38.2,13.0,24.1,22.3,1024.8,1026.7,1022.5,85.8,97.0,75.6,9.6,10.0,7.5,6.6,3.0,3.1,0.81,0.75,0.74,Cloudy,Rain,Rain,0.20961856290382183,0.5090414157503713,0.754709580222772,0.9777832367586061,0.8607420270039436,0.6560590289905073
2021-12-30,13.7,10.4,69.6,0.004,8.33,rain,23.0,16.6,1025.8,98.1,10.0,5.1,0.88,Rain,-0.021501372740813793,0.999768818762748,0.11840396830650095,0.9929655081065369,14.0,11.0,12.0,11.3,9.0,7.9,77.6,72.4,69.7,0.1,0.0,0.011,4.17,0.0,4.17,rain,noprecip,rain,20.2,18.4,27.0,14.8,13.0,24.1,1024.2,1024.8,1026.7,99.0,85.8,97.0,9.5,9.6,10.0,4.1,6.6,3.0,0.84,0.81,0.75,Rain,Cloudy,Rain,0.294040325232304,0.20961856290382183,0.5090414157503713,0.9557930147983301,0.9777832367586061,0.8607420270039436
2021-12-31,13.0,12.7,85.3,0.397,8.33,rain,18.4,14.8,1025.0,86.6,8.3,4.7,0.91,Rain,-0.004300592702981974,0.9999907524084426,0.21303038627497659,0.9770455744352636,13.7,14.0,11.0,10.4,11.3,9.0,69.6,77.6,72.4,0.004,0.1,0.0,8.33,4.17,0.0,rain,rain,noprecip,23.0,20.2,18.4,16.6,14.8,13.0,1025.8,1024.2,1024.8,98.1,99.0,85.8,10.0,9.5,9.6,5.1,4.1,6.6,0.88,0.84,0.81,Rain,Rain,Cloudy,0.11840396830650095,0.294040325232304,0.20961856290382183,0.9929655081065369,0.9557930147983301,0.9777832367586061
2022-01-01,14.9,12.9,80.8,0.0,0.0,noprecip,22.0,14.8,1024.3,87.3,9.4,6.0,0.95,Cloudy,0.017201575418260506,0.9998520419557735,0.14953534344370953,0.9887563810470058,13.0,13.7,14.0,12.7,10.4,11.3,85.3,69.6,77.6,0.397,0.004,0.1,8.33,8.33,4.17,rain,rain,rain,18.4,23.0,20.2,14.8,16.6,14.8,1025.0,1025.8,1024.2,86.6,98.1,99.0,8.3,10.0,9.5,4.7,5.1,4.1,0.91,0.88,0.84,Rain,Rain,Rain,0.21303038627497659,0.11840396830650095,0.294040325232304,0.9770455744352636,0.9929655081065369,0.9557930147983301
2022-01-02,15.0,12.5,73.7,0.0,0.0,noprecip,18.7,11.2,1022.8,61.2,8.9,13.0,0.98,Cloudy,0.03439806061360801,0.9994082116062598,-0.034899496702500823,0.9993908270190958,14.9,13.0,13.7,12.9,12.7,10.4,80.8,85.3,69.6,0.0,0.397,0.004,0.0,8.33,8.33,noprecip,rain,rain,22.0,18.4,23.0,14.8,14.8,16.6,1024.3,1025.0,1025.8,87.3,86.6,98.1,9.4,8.3,10.0,6.0,4.7,5.1,0.95,0.91,0.88,Cloudy,Rain,Rain,0.14953534344370953,0.21303038627497659,0.11840396830650095,0.9887563810470058,0.9770455744352636,0.9929655081065369
2022-01-03,13.0,13.9,84.7,0.0,0.0,noprecip,18.7,7.6,1020.3,57.7,5.0,10.1,0.0,Cloudy,0.051584366869408364,0.9986686402879997,-0.38590604232431824,0.9225380894562465,15.0,14.9,13.0,12.5,12.9,12.7,73.7,80.8,85.3,0.0,0.0,0.397,0.0,0.0,8.33,noprecip,noprecip,rain,18.7,22.0,18.4,11.2,14.8,14.8,1022.8,1024.3,1025.0,61.2,87.3,86.6,8.9,9.4,8.3,13.0,6.0,4.7,0.98,0.95,0.91,Cloudy,Cloudy,Rain,-0.034899496702500823,0.14953534344370953,0.21303038627497659,0.9993908270190958,0.9887563810470058,0.9770455744352636
2022-01-04,16.0,15.4,75.4,0.0,0.0,noprecip,20.9,20.5,1017.7,55.2,6.6,8.8,0.05,Cloudy,0.06875540848113941,0.9976335468520451,0.8329212407100995,-0.553391549243344,13.0,15.0,14.9,13.9,12.5,12.9,84.7,73.7,80.8,0.0,0.0,0.0,0.0,0.0,0.0,noprecip,noprecip,noprecip,18.7,18.7,22.0,7.6,11.2,14.8,1020.3,1022.8,1024.3,57.7,61.2,87.3,5.0,8.9,9.4,10.1,13.0,6.0,0.0,0.98,0.95,Cloudy,Cloudy,Cloudy,-0.38590604232431824,-0.034899496702500823,0.14953534344370953,0.9225380894562465,0.9993908270190958,0.9887563810470058
2022-01-05,17.0,17.3,83.2,0.4,12.5,rain,16.9,14.8,1016.2,45.9,6.0,6.1,0.08,Rain,0.08590610426133272,0.9963032375991965,0.9622179935292854,-0.27228024704057424,16.0,13.0,15.0,15.4,13.9,12.5,75.4,84.7,73.7,0.0,0.0,0.0,0.0,0.0,0.0,noprecip,noprecip,noprecip,20.9,18.7,18.7,20.5,7.6,11.2,1017.7,1020.3,1022.8,55.2,57.7,61.2,6.6,5.0,8.9,8.8,10.1,13.0,0.05,0.0,0.98,Cloudy,Cloudy,Cloudy,0.8329212407100995,-0.38590604232431824,-0.034899496702500823,-0.553391549243344,0.9225380894562465,0.9993908270190958
2022-01-06,19.0,17.9,81.2,0.9,20.83,rain,23.8,17.2,1017.1,44.4,7.5,7.1,0.11,Rain,0.10303137904317879,0.9946781061893646,0.8526401643540923,-0.5224985647159488,17.0,16.0,13.0,17.3,15.4,13.9,83.2,75.4,84.7,0.4,0.0,0.0,12.5,0.0,0.0,rain,noprecip,noprecip,16.9,20.9,18.7,14.8,20.5,7.6,1016.2,1017.7,1020.3,45.9,55.2,57.7,6.0,6.6,5.0,6.1,8.8,10.1,0.08,0.05,0.0,Rain,Cloudy,Cloudy,0.9622179935292854,0.8329212407100995,-0.38590604232431824,-0.27228024704057424,-0.553391549243344,0.9225380894562465
2022-01-07,19.0,16.9,77.9,1.6,37.5,rain,35.3,22.3,1019.1,71.1,8.2,7.0,0.15,Rain,0.1201261651823505,0.9927586335250793,0.794414620535418,-0.6073758397232868,19.0,17.0,16.0,17.9,17.3,15.4,81.2,83.2,75.4,0.9,0.4,0.0,20.83,12.5,0.0,rain,rain,noprecip,23.8,16.9,20.9,17.2,14.8,20.5,1017.1,1016.2,1017.7,44.4,45.9,55.2,7.5,6.0,6.6,7.1,6.1,8.8,0.11,0.08,0.05,Rain,Rain,Cloudy,0.8526401643540923,0.9622179935292854,0.8329212407100995,-0.5224985647159488,-0.27228024704057424,-0.553391549243344
2022-01-08,16.0,16.3,80.0,0.7,20.83,rain,30.2,20.5,1017.9,85.4,7.2,4.3,0.18,Rain,0.13718540405660057,0.9905453876091833,0.9826127965436152,-0.18566661538557708,19.0,19.0,17.0,16.9,17.9,17.3,77.9,81.2,83.2,1.6,0.9,0.4,37.5,20.83,12.5,rain,rain,rain,35.3,23.8,16.9,22.3,17.2,14.8,1019.1,1017.1,1016.2,71.1,44.4,45.9,8.2,7.5,6.0,7.0,7.1,6.1,0.15,0.11,0.08,Rain,Rain,Rain,0.794414620535418,0.8526401643540923,0.9622179935292854,-0.6073758397232868,-0.5224985647159488,-0.27228024704057424
2022-01-09,14.0,12.5,85.8,1.882,12.5,rain,24.1,20.5,1017.7,96.8,8.3,2.7,0.21,Rain,0.1542040475626894,0.988039023376751,0.4740882090471163,0.880477353509162,16.0,19.0,19.0,16.3,16.9,17.9,80.0,77.9,81.2,0.7,1.6,0.9,20.83,37.5,20.83,rain,rain,rain,30.2,35.3,23.8,20.5,22.3,17.2,1017.9,1019.1,1017.1,85.4,71.1,44.4,7.2,8.2,7.5,4.3,7.0,7.1,0.18,0.15,0.11,Rain,Rain,Rain,0.9826127965436152,0.794414620535418,0.8526401643540923,-0.18566661538557708,-0.6073758397232868,-0.5224985647159488
2022-01-10,13.0,13.2,91.9,0.302,8.33,rain,24.1,14.8,1017.1,99.5,6.1,4.2,0.25,Rain,0.17117705961019986,0.985240282501282,0.29237170472273677,0.9563047559630354,14.0,16.0,19.0,12.5,16.3,16.9,85.8,80.0,77.9,1.882,0.7,1.6,12.5,20.83,37.5,rain,rain,rain,24.1,30.2,35.3,20.5,20.5,22.3,1017.7,1017.9,1019.1,96.8,85.4,71.1,8.3,7.2,8.2,2.7,4.3,7.0,0.21,0.18,0.15,Rain,Rain,Rain,0.4740882090471163,0.9826127965436152,0.794414620535418,0.880477353509162,-0.18566661538557708,-0.6073758397232868
2022-01-11,15.7,10.2,63.3,1.011,4.17,rain,24.5,18.4,1020.9,30.8,10.0,9.9,0.28,Rain,0.18809941761179758,0.9821499931752291,0.34529819899853464,0.9384930227595559,13.0,14.0,16.0,13.2,12.5,16.3,91.9,85.8,80.0,0.302,1.882,0.7,8.33,12.5,20.83,rain,rain,rain,24.1,24.1,30.2,14.8,20.5,20.5,1017.1,1017.7,1017.9,99.5,96.8,85.4,6.1,8.3,7.2,4.2,2.7,4.3,0.25,0.21,0.18,Rain,Rain,Rain,0.29237170472273677,0.4740882090471163,0.9826127965436152,0.9563047559630354,0.880477353509162,-0.18566661538557708
2022-01-12,15.0,12.8,77.0,0.0,0.0,noprecip,21.2,13.0,1019.3,82.6,8.5,10.6,0.31,Cloudy,0.20496611396949532,0.9787690698649216,0.9879598657693891,-0.15471038629946815,15.7,13.0,14.0,10.2,13.2,12.5,63.3,91.9,85.8,1.011,0.302,1.882,4.17,8.33,12.5,rain,rain,rain,24.5,24.1,24.1,18.4,14.8,20.5,1020.9,1017.1,1017.7,30.8,99.5,96.8,10.0,6.1,8.3,9.9,4.2,2.7,0.28,0.25,0.21,Rain,Rain,Rain,0.34529819899853464,0.29237170472273677,0.4740882090471163,0.9384930227595559,0.9563047559630354,0.880477353509162
2022-01-13,15.0,12.5,80.0,0.208,4.17,rain,19.4,18.4,1021.0,89.9,8.4,3.2,0.34,Rain,0.22177215755648186,0.975098513039961,0.42261826174069944,0.9063077870366499,15.0,15.7,13.0,12.8,10.2,13.2,77.0,63.3,91.9,0.0,1.011,0.302,0.0,4.17,8.33,noprecip,rain,rain,21.2,24.5,24.1,13.0,18.4,14.8,1019.3,1020.9,1017.1,82.6,30.8,99.5,8.5,10.0,6.1,10.6,9.9,4.2,0.31,0.28,0.25,Cloudy,Rain,Rain,0.9879598657693891,0.34529819899853464,0.29237170472273677,-0.15471038629946815,0.9384930227595559,0.9563047559630354
2022-01-14,15.0,13.1,80.3,0.0,0.0,noprecip,17.3,9.4,1018.7,60.0,5.8,8.0,0.38,Cloudy,0.23851257519407648,0.9711394088771653,0.8845809752150839,0.46638664033989125,15.0,15.0,15.7,12.5,12.8,10.2,80.0,77.0,63.3,0.208,0.0,1.011,4.17,0.0,4.17,rain,noprecip,rain,19.4,21.2,24.5,18.4,13.0,18.4,1021.0,1019.3,1020.9,89.9,82.6,30.8,8.4,8.5,10.0,3.2,10.6,9.9,0.34,0.31,0.28,Rain,Cloudy,Rain,0.42261826174069944,0.9879598657693891,0.34529819899853464,0.9063077870366499,-0.15471038629946815,0.9384930227595559
2022-01-15,16.0,16.0,87.8,0.1,4.17,rain,20.9,9.9,1017.2,57.9,4.0,6.8,0.41,Rain,0.2551824131233728,0.9668929289391521,-0.8171448983351292,0.5764323161697923,15.0,15.0,15.0,13.1,12.5,12.8,80.3,80.0,77.0,0.0,0.208,0.0,0.0,4.17,0.0,noprecip,rain,noprecip,17.3,19.4,21.2,9.4,18.4,13.0,1018.7,1021.0,1019.3,60.0,89.9,82.6,5.8,8.4,8.5,8.0,3.2,10.6,0.38,0.34,0.31,Cloudy,Rain,Cloudy,0.8845809752150839,0.42261826174069944,0.9879598657693891,0.46638664033989125,0.9063077870366499,-0.15471038629946815
2022-01-16,16.0,17.2,87.0,0.199,8.33,rain,43.9,24.1,1017.7,69.7,5.7,10.5,0.44,Rain,0.2717767384711357,0.9623603298276545,0.6266038113644604,0.7793379649314742,16.0,15.0,15.0,16.0,13.1,12.5,87.8,80.3,80.0,0.1,0.0,0.208,4.17,0.0,4.17,rain,noprecip,rain,20.9,17.3,19.4,9.9,9.4,18.4,1017.2,1018.7,1021.0,57.9,60.0,89.9,4.0,5.8,8.4,6.8,8.0,3.2,0.41,0.38,0.34,Rain,Cloudy,Rain,-0.8171448983351292,0.8845809752150839,0.42261826174069944,0.5764323161697923,0.46638664033989125,0.9063077870366499
2022-01-17,13.0,12.2,84.9,22.904,16.67,rain,23.4,20.5,1021.6,77.2,9.7,2.1,0.47,Rain,0.2882906407095177,0.9575429528116719,0.16332596224162227,0.9865721616069694,16.0,16.0,15.0,17.2,16.0,13.1,87.0,87.8,80.3,0.199,0.1,0.0,8.33,4.17,0.0,rain,rain,noprecip,43.9,20.9,17.3,24.1,9.9,9.4,1017.7,1017.2,1018.7,69.7,57.9,60.0,5.7,4.0,5.8,10.5,6.8,8.0,0.44,0.41,0.38,Rain,Rain,Cloudy,0.6266038113644604,-0.8171448983351292,0.8845809752150839,0.7793379649314742,0.5764323161697923,0.46638664033989125
2022-01-18,15.0,11.1,67.7,0.001,4.17,rain,23.8,14.8,1021.7,19.5,9.3,10.5,0.5,Rain,0.3047192331091634,0.9524422234305676,-0.1443562010009742,0.9895257890689693,13.0,16.0,16.0,12.2,17.2,16.0,84.9,87.0,87.8,22.904,0.199,0.1,16.67,8.33,4.17,rain,rain,rain,23.4,43.9,20.9,20.5,24.1,9.9,1021.6,1017.7,1017.2,77.2,69.7,57.9,9.7,5.7,4.0,2.1,10.5,6.8,0.47,0.44,0.41,Rain,Rain,Rain,0.16332596224162227,0.6266038113644604,-0.8171448983351292,0.9865721616069694,0.7793379649314742,0.5764323161697923
2022-01-19,13.0,11.9,72.9,0.0,0.0,noprecip,16.9,13.0,1019.4,23.3,8.4,14.8,0.54,Cloudy,0.321057654185271,0.9470596510722283,0.8191520442889918,0.5735764363510462,15.0,13.0,16.0,11.1,12.2,17.2,67.7,84.9,87.0,0.001,22.904,0.199,4.17,16.67,8.33,rain,rain,rain,23.8,23.4,43.9,14.8,20.5,24.1,1021.7,1021.6,1017.7,19.5,77.2,69.7,9.3,9.7,5.7,10.5,2.1,10.5,0.5,0.47,0.44,Rain,Rain,Rain,-0.1443562010009742,0.16332596224162227,0.6266038113644604,0.9895257890689693,0.9865721616069694,0.7793379649314742
2022-01-20,15.0,13.9,84.7,2.625,12.5,rain,29.9,27.7,1017.0,73.2,8.1,10.5,0.58,Rain,0.3373010691361842,0.9413968285264122,0.9890158633619168,-0.14780941112961044,13.0,15.0,13.0,11.9,11.1,12.2,72.9,67.7,84.9,0.0,0.001,22.904,0.0,4.17,16.67,noprecip,rain,rain,16.9,23.8,23.4,13.0,14.8,20.5,1019.4,1021.7,1021.6,23.3,19.5,77.2,8.4,9.3,9.7,14.8,10.5,2.1,0.54,0.5,0.47,Cloudy,Rain,Rain,0.8191520442889918,-0.1443562010009742,0.16332596224162227,0.5735764363510462,0.9895257890689693,0.9865721616069694
2022-01-21,16.0,15.3,94.2,6.97,12.5,rain,22.3,11.2,1015.5,95.0,4.5,2.5,0.61,Rain,0.3534446712740877,0.9354554315134164,0.5195191118795094,0.8544588301328074,15.0,13.0,15.0,13.9,11.9,11.1,84.7,72.9,67.7,2.625,0.0,0.001,12.5,0.0,4.17,rain,noprecip,rain,29.9,16.9,23.8,27.7,13.0,14.8,1017.0,1019.4,1021.7,73.2,23.3,19.5,8.1,8.4,9.3,10.5,14.8,10.5,0.58,0.54,0.5,Rain,Cloudy,Rain,0.9890158633619168,0.8191520442889918,-0.1443562010009742,-0.14780941112961044,0.5735764363510462,0.9895257890689693
2022-01-22,16.0,17.3,93.3,5.486,4.17,rain,16.9,11.2,1011.1,94.9,5.2,5.9,0.65,Rain,0.3694836834473831,0.9292372181882051,0.9996101150403544,0.02792163872356876,16.0,15.0,13.0,15.3,13.9,11.9,94.2,84.7,72.9,6.97,2.625,0.0,12.5,12.5,0.0,rain,rain,noprecip,22.3,29.9,16.9,11.2,27.7,13.0,1015.5,1017.0,1019.4,95.0,73.2,23.3,4.5,8.1,8.4,2.5,10.5,14.8,0.61,0.58,0.54,Rain,Rain,Cloudy,0.5195191118795094,0.9890158633619168,0.8191520442889918,0.8544588301328074,-0.14780941112961044,0.5735764363510462
2022-01-23,18.0,18.7,89.4,0.199,8.33,rain,16.2,11.2,1010.6,80.3,4.2,8.1,0.68,Rain,0.38541335945432564,0.9227440286201427,-0.19936793441719658,-0.9799247046208297,16.0,16.0,15.0,17.3,15.3,13.9,93.3,94.2,84.7,5.486,6.97,2.625,4.17,12.5,12.5,rain,rain,rain,16.9,22.3,29.9,11.2,11.2,27.7,1011.1,1015.5,1017.0,94.9,95.0,73.2,5.2,4.5,8.1,5.9,2.5,10.5,0.65,0.61,0.58,Rain,Rain,Rain,0.9996101150403544,0.5195191118795094,0.9890158633619168,0.02792163872356876,0.8544588301328074,-0.14780941112961044
2022-01-24,20.0,19.7,84.5,0.6,16.67,rain,26.3,18.4,1011.6,67.2,6.5,12.5,0.72,Rain,0.4012289854475009,0.9159777842484877,0.7301622766207525,-0.683273773680799,18.0,16.0,16.0,18.7,17.3,15.3,89.4,93.3,94.2,0.199,5.486,6.97,8.33,4.17,12.5,rain,rain,rain,16.2,16.9,22.3,11.2,11.2,11.2,1010.6,1011.1,1015.5,80.3,94.9,95.0,4.2,5.2,4.5,8.1,5.9,2.5,0.68,0.65,0.61,Rain,Rain,Rain,-0.19936793441719658,0.9996101150403544,0.5195191118795094,-0.9799247046208297,0.02792163872356876,0.8544588301328074
2022-01-25,19.9,18.8,89.0,0.003,4.17,rain,30.6,20.5,1013.8,92.4,7.7,5.3,0.75,Rain,0.4169258813287287,0.908940487313808,0.7986355100472927,-0.6018150231520484,20.0,18.0,16.0,19.7,18.7,17.3,84.5,89.4,93.3,0.6,0.199,5.486,16.67,8.33,4.17,rain,rain,rain,26.3,16.2,16.9,18.4,11.2,11.2,1011.6,1010.6,1011.1,67.2,80.3,94.9,6.5,4.2,5.2,12.5,8.1,5.9,0.72,0.68,0.65,Rain,Rain,Rain,0.7301622766207525,-0.19936793441719658,0.9996101150403544,-0.683273773680799,-0.9799247046208297,0.02792163872356876
2022-01-26,19.0,19.3,91.7,0.198,4.17,rain,24.8,18.4,1014.0,91.0,6.8,5.9,0.79,Rain,0.4324994021339788,0.901634220265486,0.7986355100472927,-0.6018150231520484,19.9,20.0,18.0,18.8,19.7,18.7,89.0,84.5,89.4,0.003,0.6,0.199,4.17,16.67,8.33,rain,rain,rain,30.6,26.3,16.2,20.5,18.4,11.2,1013.8,1011.6,1010.6,92.4,67.2,80.3,7.7,6.5,4.2,5.3,12.5,8.1,0.75,0.72,0.68,Rain,Rain,Rain,0.7986355100472927,0.7301622766207525,-0.19936793441719658,-0.6018150231520484,-0.683273773680799,-0.9799247046208297
2022-01-27,20.0,19.9,87.8,2.4,45.83,rain,33.5,20.5,1014.1,85.9,7.0,9.3,0.82,Rain,0.44794493940789115,0.8940611451454876,0.880477353509162,-0.4740882090471161,19.0,19.9,20.0,19.3,18.8,19.7,91.7,89.0,84.5,0.198,0.003,0.6,4.17,4.17,16.67,rain,rain,rain,24.8,30.6,26.3,18.4,20.5,18.4,1014.0,1013.8,1011.6,91.0,92.4,67.2,6.8,7.7,6.5,5.9,5.3,12.5,0.79,0.75,0.72,Rain,Rain,Rain,0.7986355100472927,0.7986355100472927,0.7301622766207525,-0.6018150231520484,-0.6018150231520484,-0.683273773680799
2022-01-28,20.0,19.3,82.8,0.8,25.0,rain,34.6,22.3,1013.3,88.4,9.3,8.9,0.86,Rain,0.4632579225674917,0.88622350294858,0.8737722230354653,-0.4863353804234904,20.0,19.0,19.9,19.9,19.3,18.8,87.8,91.7,89.0,2.4,0.198,0.003,45.83,4.17,4.17,rain,rain,rain,33.5,24.8,30.6,20.5,18.4,20.5,1014.1,1014.0,1013.8,85.9,91.0,92.4,7.0,6.8,7.7,9.3,5.9,5.3,0.82,0.79,0.75,Rain,Rain,Rain,0.880477353509162,0.7986355100472927,0.7986355100472927,-0.4740882090471161,-0.6018150231520484,-0.6018150231520484
2022-01-29,13.0,14.8,87.4,0.997,8.33,rain,51.8,33.5,1013.0,95.8,8.3,2.2,0.89,Rain,0.4784338202547012,0.8781236129591848,0.8995577789551803,0.43680178836770234,20.0,20.0,19.0,19.3,19.9,19.3,82.8,87.8,91.7,0.8,2.4,0.198,25.0,45.83,4.17,rain,rain,rain,34.6,33.5,24.8,22.3,20.5,18.4,1013.3,1014.1,1014.0,88.4,85.9,91.0,9.3,7.0,6.8,8.9,9.3,5.9,0.86,0.82,0.79,Rain,Rain,Rain,0.8737722230354653,0.880477353509162,0.7986355100472927,-0.4863353804234904,-0.4740882090471161,-0.6018150231520484
2022-01-30,11.0,8.2,72.9,0.262,8.33,rain,19.4,20.5,1017.1,100.0,9.3,3.2,0.93,Rain,0.49346814167723735,0.8697638720650646,0.5707135676844316,0.821149209133704,13.0,20.0,20.0,14.8,19.3,19.9,87.4,82.8,87.8,0.997,0.8,2.4,8.33,25.0,45.83,rain,rain,rain,51.8,34.6,33.5,33.5,22.3,20.5,1013.0,1013.3,1014.1,95.8,88.4,85.9,8.3,9.3,7.0,2.2,8.9,9.3,0.89,0.86,0.82,Rain,Rain,Rain,0.8995577789551803,0.8737722230354653,0.880477353509162,0.43680178836770234,-0.4863353804234904,-0.4740882090471161
2022-01-31,11.0,8.6,77.8,0.796,4.17,rain,35.3,16.6,1018.8,99.5,9.6,2.8,0.96,Rain,0.5083564379375122,0.8611467540480452,0.31233491851223255,0.9499720515246525,11.0,13.0,20.0,8.2,14.8,19.3,72.9,87.4,82.8,0.262,0.997,0.8,8.33,8.33,25.0,rain,rain,rain,19.4,51.8,34.6,20.5,33.5,22.3,1017.1,1013.0,1013.3,100.0,95.8,88.4,9.3,8.3,9.3,3.2,2.2,8.9,0.93,0.89,0.86,Rain,Rain,Rain,0.5707135676844316,0.8995577789551803,0.8737722230354653,0.821149209133704,0.43680178836770234,-0.4863353804234904
2022-02-01,12.0,7.8,71.1,0.5,16.67,rain,21.6,14.8,1019.2,98.9,10.0,4.1,0.0,Rain,0.5230943033491326,0.8522748088519838,0.2823414568428764,0.9593139745400575,11.0,11.0,13.0,8.6,8.2,14.8,77.8,72.9,87.4,0.796,0.262,0.997,4.17,8.33,8.33,rain,rain,rain,35.3,19.4,51.8,16.6,20.5,33.5,1018.8,1017.1,1013.0,99.5,100.0,95.8,9.6,9.3,8.3,2.8,3.2,2.2,0.96,0.93,0.89,Rain,Rain,Rain,0.31233491851223255,0.5707135676844316,0.8995577789551803,0.9499720515246525,0.821149209133704,0.43680178836770234
2022-02-02,11.0,8.7,78.1,0.8,20.83,rain,24.1,14.8,1020.1,100.0,10.0,3.1,0.03,Rain,0.5376773767406141,0.8431506618282,0.20620418539662963,0.9785089851017784,12.0,11.0,11.0,7.8,8.6,8.2,71.1,77.8,72.9,0.5,0.796,0.262,16.67,4.17,8.33,rain,rain,rain,21.6,35.3,19.4,14.8,16.6,20.5,1019.2,1018.8,1017.1,98.9,99.5,100.0,10.0,9.6,9.3,4.1,2.8,3.2,0.0,0.96,0.93,Rain,Rain,Rain,0.2823414568428764,0.31233491851223255,0.5707135676844316,0.9593139745400575,0.9499720515246525,0.821149209133704
2022-02-03,12.0,7.3,64.7,0.1,4.17,rain,23.8,14.8,1020.6,99.1,10.0,9.0,0.06,Rain,0.5521013427459208,0.8337770129585915,-0.043619387365335306,0.9990482215818578,11.0,12.0,11.0,8.7,7.8,8.6,78.1,71.1,77.8,0.8,0.5,0.796,20.83,16.67,4.17,rain,rain,rain,24.1,21.6,35.3,14.8,14.8,16.6,1020.1,1019.2,1018.8,100.0,98.9,99.5,10.0,10.0,9.6,3.1,4.1,2.8,0.03,0.0,0.96,Rain,Rain,Rain,0.20620418539662963,0.2823414568428764,0.31233491851223255,0.9785089851017784,0.9593139745400575,0.9499720515246525
2022-02-04,14.0,9.1,66.0,0.0,0.0,noprecip,26.3,13.0,1022.3,80.5,10.0,11.1,0.1,Cloudy,0.5663619330814524,0.8241566360566663,-0.18223552549214783,0.9832549075639545,12.0,11.0,12.0,7.3,8.7,7.8,64.7,78.1,71.1,0.1,0.8,0.5,4.17,20.83,16.67,rain,rain,rain,23.8,24.1,21.6,14.8,14.8,14.8,1020.6,1020.1,1019.2,99.1,100.0,98.9,10.0,10.0,10.0,9.0,3.1,4.1,0.06,0.03,0.0,Rain,Rain,Rain,-0.043619387365335306,0.20620418539662963,0.2823414568428764,0.9990482215818578,0.9785089851017784,0.9593139745400575
2022-02-05,13.0,8.7,66.5,0.792,4.17,rain,20.2,16.6,1022.8,54.0,9.5,8.4,0.13,Rain,0.580454927809098,0.8142923779467267,0.4257792915650726,0.9048270524660196,14.0,12.0,11.0,9.1,7.3,8.7,66.0,64.7,78.1,0.0,0.1,0.8,0.0,4.17,20.83,noprecip,rain,rain,26.3,23.8,24.1,13.0,14.8,14.8,1022.3,1020.6,1020.1,80.5,99.1,100.0,10.0,10.0,10.0,11.1,9.0,3.1,0.1,0.06,0.03,Cloudy,Rain,Rain,-0.18223552549214783,-0.043619387365335306,0.20620418539662963,0.9832549075639545,0.9990482215818578,0.9785089851017784
2022-02-06,12.0,12.0,94.6,15.873,12.5,rain,23.0,11.2,1019.4,100.0,6.1,2.4,0.16,Rain,0.5943761565849831,0.804187157621448,0.7637960286346421,0.6454576877239506,13.0,14.0,12.0,8.7,9.1,7.3,66.5,66.0,64.7,0.792,0.0,0.1,4.17,0.0,4.17,rain,noprecip,rain,20.2,26.3,23.8,16.6,13.0,14.8,1022.8,1022.3,1020.6,54.0,80.5,99.1,9.5,10.0,10.0,8.4,11.1,9.0,0.13,0.1,0.06,Rain,Cloudy,Rain,0.4257792915650726,-0.18223552549214783,-0.043619387365335306,0.9048270524660196,0.9832549075639545,0.9990482215818578
2022-02-07,14.0,14.4,88.0,0.199,4.17,rain,23.0,8.0,1014.9,95.5,6.6,11.2,0.19,Rain,0.6081214998935418,0.7938439653781019,0.23174790349415733,0.9727758782093966,12.0,13.0,14.0,12.0,8.7,9.1,94.6,66.5,66.0,15.873,0.792,0.0,12.5,4.17,0.0,rain,rain,noprecip,23.0,20.2,26.3,11.2,16.6,13.0,1019.4,1022.8,1022.3,100.0,54.0,80.5,6.1,9.5,10.0,2.4,8.4,11.1,0.16,0.13,0.1,Rain,Rain,Cloudy,0.7637960286346421,0.4257792915650726,-0.18223552549214783,0.6454576877239506,0.9048270524660196,0.9832549075639545
2022-02-08,14.0,15.1,94.3,1.197,12.5,rain,24.5,16.6,1015.8,96.4,6.3,3.0,0.25,Rain,0.6216868902665479,0.7832658619336791,0.7277727576572106,0.6858183529273761,14.0,12.0,13.0,14.4,12.0,8.7,88.0,94.6,66.5,0.199,15.873,0.792,4.17,12.5,4.17,rain,rain,rain,23.0,23.0,20.2,8.0,11.2,16.6,1014.9,1019.4,1022.8,95.5,100.0,54.0,6.6,6.1,9.5,11.2,2.4,8.4,0.19,0.16,0.13,Rain,Rain,Rain,0.23174790349415733,0.7637960286346421,0.4257792915650726,0.9727758782093966,0.6454576877239506,0.9048270524660196
2022-02-09,12.0,11.5,88.0,0.914,8.33,rain,25.9,18.4,1018.3,100.0,9.5,3.3,0.26,Rain,0.6350683134867438,0.7724559775191742,0.6045991148623748,0.7965299180241963,14.0,14.0,12.0,15.1,14.4,12.0,94.3,88.0,94.6,1.197,0.199,15.873,12.5,4.17,12.5,rain,rain,rain,24.5,23.0,23.0,16.6,8.0,11.2,1015.8,1014.9,1019.4,96.4,95.5,100.0,6.3,6.6,6.1,3.0,11.2,2.4,0.25,0.19,0.16,Rain,Rain,Rain,0.7277727576572106,0.23174790349415733,0.7637960286346421,0.6858183529273761,0.9727758782093966,0.6454576877239506
2022-02-10,12.0,11.9,90.6,0.596,12.5,rain,15.1,14.8,1016.2,98.9,6.9,5.6,0.29,Rain,0.6482618097757122,0.7614175109532997,0.778243148526021,0.6279630576493379,12.0,14.0,14.0,11.5,15.1,14.4,88.0,94.3,88.0,0.914,1.197,0.199,8.33,12.5,4.17,rain,rain,rain,25.9,24.5,23.0,18.4,16.6,8.0,1018.3,1015.8,1014.9,100.0,96.4,95.5,9.5,6.3,6.6,3.3,3.0,11.2,0.26,0.25,0.19,Rain,Rain,Rain,0.6045991148623748,0.7277727576572106,0.23174790349415733,0.7965299180241963,0.6858183529273761,0.9727758782093966
2022-02-11,14.0,15.2,95.5,0.695,8.33,rain,15.5,11.2,1015.2,99.4,4.2,6.5,0.32,Rain,0.6612634749656386,0.7501537286959042,0.47101188121941,0.8821268660176678,12.0,12.0,14.0,11.9,11.5,15.1,90.6,88.0,94.3,0.596,0.914,1.197,12.5,8.33,12.5,rain,rain,rain,15.1,25.9,24.5,14.8,18.4,16.6,1016.2,1018.3,1015.8,98.9,100.0,96.4,6.9,9.5,6.3,5.6,3.3,3.0,0.29,0.26,0.25,Rain,Rain,Rain,0.778243148526021,0.6045991148623748,0.7277727576572106,0.6279630576493379,0.7965299180241963,0.6858183529273761
2022-02-12,14.0,14.6,95.1,2.724,16.67,rain,16.6,17.8,1014.3,100.0,5.7,2.6,0.35,Rain,0.6740694616546161,0.7386679638813748,0.7277727576572106,0.6858183529273761,14.0,12.0,12.0,15.2,11.9,11.5,95.5,90.6,88.0,0.695,0.596,0.914,8.33,12.5,8.33,rain,rain,rain,15.5,15.1,25.9,11.2,14.8,18.4,1015.2,1016.2,1018.3,99.4,98.9,100.0,4.2,6.9,9.5,6.5,5.6,3.3,0.32,0.29,0.26,Rain,Rain,Rain,0.47101188121941,0.778243148526021,0.6045991148623748,0.8821268660176678,0.6279630576493379,0.7965299180241963
2022-02-13,13.0,11.6,85.3,7.0,12.5,rain,27.7,20.5,1015.1,91.2,8.6,2.6,0.39,Rain,0.6866759803451553,0.726963615332308,0.4257792915650726,0.9048270524660196,14.0,14.0,12.0,14.6,15.2,11.9,95.1,95.5,90.6,2.724,0.695,0.596,16.67,8.33,12.5,rain,rain,rain,16.6,15.5,15.1,17.8,11.2,14.8,1014.3,1015.2,1016.2,100.0,99.4,98.9,5.7,4.2,6.9,2.6,6.5,5.6,0.35,0.32,0.29,Rain,Rain,Rain,0.7277727576572106,0.47101188121941,0.778243148526021,0.6858183529273761,0.8821268660176678,0.6279630576493379
2022-02-14,13.0,10.0,66.8,0.3,8.33,rain,20.5,18.4,1017.9,50.3,10.0,8.6,0.42,Rain,0.6990793005655562,0.7150441465537444,0.6996633405133654,0.7144726796328034,13.0,14.0,14.0,11.6,14.6,15.2,85.3,95.1,95.5,7.0,2.724,0.695,12.5,16.67,8.33,rain,rain,rain,27.7,16.6,15.5,20.5,17.8,11.2,1015.1,1014.3,1015.2,91.2,100.0,99.4,8.6,5.7,4.2,2.6,2.6,6.5,0.39,0.35,0.32,Rain,Rain,Rain,0.4257792915650726,0.7277727576572106,0.47101188121941,0.9048270524660196,0.6858183529273761,0.8821268660176678
2022-02-15,15.0,13.7,83.5,0.1,4.17,rain,14.8,11.2,1016.5,99.5,8.1,5.2,0.45,Rain,0.7112757519738152,0.7029130847082615,0.6959127965923143,0.7181262977631888,13.0,13.0,14.0,10.0,11.6,14.6,66.8,85.3,95.1,0.3,7.0,2.724,8.33,12.5,16.67,rain,rain,rain,20.5,27.7,16.6,18.4,20.5,17.8,1017.9,1015.1,1014.3,50.3,91.2,100.0,10.0,8.6,5.7,8.6,2.6,2.6,0.42,0.39,0.35,Rain,Rain,Rain,0.6996633405133654,0.4257792915650726,0.7277727576572106,0.7144726796328034,0.9048270524660196,0.6858183529273761
2022-02-16,15.0,15.5,95.2,1.209,8.33,rain,12.2,9.4,1012.7,99.9,4.8,3.3,0.5,Rain,0.7232617254437388,0.6905740195722294,0.6087614290087207,0.7933533402912352,15.0,13.0,13.0,13.7,10.0,11.6,83.5,66.8,85.3,0.1,0.3,7.0,4.17,8.33,12.5,rain,rain,rain,14.8,20.5,27.7,11.2,18.4,20.5,1016.5,1017.9,1015.1,99.5,50.3,91.2,8.1,10.0,8.6,5.2,8.6,2.6,0.45,0.42,0.39,Rain,Rain,Rain,0.6959127965923143,0.6996633405133654,0.4257792915650726,0.7181262977631888,0.7144726796328034,0.9048270524660196
2022-02-17,17.0,17.5,94.3,0.1,8.33,rain,17.6,7.6,1009.8,95.8,3.1,9.2,0.52,Rain,0.7350336741329412,0.6780306024735382,0.8443279255020151,0.5358267949789965,15.0,15.0,13.0,15.5,13.7,10.0,95.2,83.5,66.8,1.209,0.1,0.3,8.33,4.17,8.33,rain,rain,rain,12.2,14.8,20.5,9.4,11.2,18.4,1012.7,1016.5,1017.9,99.9,99.5,50.3,4.8,8.1,10.0,3.3,5.2,8.6,0.5,0.45,0.42,Rain,Rain,Rain,0.6087614290087207,0.6959127965923143,0.6996633405133654,0.7933533402912352,0.7181262977631888,0.7144726796328034
2022-02-18,19.0,20.0,96.1,0.6,12.5,rain,31.0,18.4,1010.2,94.0,2.9,3.3,0.55,Rain,0.746588114532413,0.6652865452111116,0.9809551553491915,-0.19423435121997218,17.0,15.0,15.0,17.5,15.5,13.7,94.3,95.2,83.5,0.1,1.209,0.1,8.33,8.33,4.17,rain,rain,rain,17.6,12.2,14.8,7.6,9.4,11.2,1009.8,1012.7,1016.5,95.8,99.9,99.5,3.1,4.8,8.1,9.2,3.3,5.2,0.52,0.5,0.45,Rain,Rain,Rain,0.8443279255020151,0.6087614290087207,0.6959127965923143,0.5358267949789965,0.7933533402912352,0.7181262977631888
2022-02-19,8.0,11.5,89.2,31.053,16.67,rain,33.8,27.7,1016.6,95.8,9.3,2.0,0.59,Rain,0.7579216274973472,0.6523456189565257,0.5210096318405762,0.8535507972753275,19.0,17.0,15.0,20.0,17.5,15.5,96.1,94.3,95.2,0.6,0.1,1.209,12.5,8.33,8.33,rain,rain,rain,31.0,17.6,12.2,18.4,7.6,9.4,1010.2,1009.8,1012.7,94.0,95.8,99.9,2.9,3.1,4.8,3.3,9.2,3.3,0.55,0.52,0.5,Rain,Rain,Rain,0.9809551553491915,0.8443279255020151,0.6087614290087207,-0.19423435121997218,0.5358267949789965,0.7933533402912352
2022-02-20,5.0,7.0,87.2,39.937,16.67,rain,27.4,22.3,1022.9,96.4,9.5,1.6,0.62,Rain,0.7690308592589181,0.6392116531380588,0.21643961393810288,0.9762960071199334,8.0,19.0,17.0,11.5,20.0,17.5,89.2,96.1,94.3,31.053,0.6,0.1,16.67,12.5,8.33,rain,rain,rain,33.8,31.0,17.6,27.7,18.4,7.6,1016.6,1010.2,1009.8,95.8,94.0,95.8,9.3,2.9,3.1,2.0,3.3,9.2,0.59,0.55,0.52,Rain,Rain,Rain,0.5210096318405762,0.9809551553491915,0.8443279255020151,0.8535507972753275,-0.19423435121997218,0.5358267949789965
2022-02-21,6.7,5.5,69.3,0.36,4.17,rain,31.0,18.4,1023.9,71.1,10.0,8.2,0.66,Rain,0.7799125224167177,0.6258885343075018,0.10105629718294634,0.9948807088287882,5.0,8.0,19.0,7.0,11.5,20.0,87.2,89.2,96.1,39.937,31.053,0.6,16.67,16.67,12.5,rain,rain,rain,27.4,33.8,31.0,22.3,27.7,18.4,1022.9,1016.6,1010.2,96.4,95.8,94.0,9.5,9.3,2.9,1.6,2.0,3.3,0.62,0.59,0.55,Rain,Rain,Rain,0.21643961393810288,0.5210096318405762,0.9809551553491915,0.9762960071199334,0.8535507972753275,-0.19423435121997218
2022-02-22,7.7,5.9,68.0,0.0,0.0,noprecip,29.9,20.5,1025.1,92.1,10.0,8.4,0.7,Cloudy,0.7905633969115482,0.612380204990065,0.09410831331851431,0.99556196460308,6.7,5.0,8.0,5.5,7.0,11.5,69.3,87.2,89.2,0.36,39.937,31.053,4.17,16.67,16.67,rain,rain,rain,31.0,27.4,33.8,18.4,22.3,27.7,1023.9,1022.9,1016.6,71.1,96.4,95.8,10.0,9.5,9.3,8.2,1.6,2.0,0.66,0.62,0.59,Rain,Rain,Rain,0.10105629718294634,0.21643961393810288,0.5210096318405762,0.9948807088287882,0.9762960071199334,0.8535507972753275
2022-02-23,10.5,4.9,56.2,0.0,0.0,noprecip,30.6,18.4,1026.9,19.0,10.0,20.7,0.73,Clear,0.8009803309782905,0.5986906625177214,-0.06975647374412476,0.9975640502598243,7.7,6.7,5.0,5.9,5.5,7.0,68.0,69.3,87.2,0.0,0.36,39.937,0.0,4.17,16.67,noprecip,rain,rain,29.9,31.0,27.4,20.5,18.4,22.3,1025.1,1023.9,1022.9,92.1,71.1,96.4,10.0,10.0,9.5,8.4,8.2,1.6,0.7,0.66,0.62,Cloudy,Rain,Rain,0.09410831331851431,0.10105629718294634,0.21643961393810288,0.99556196460308,0.9948807088287882,0.9762960071199334
2022-02-24,8.5,6.5,59.8,0.0,0.0,noprecip,26.3,14.8,1026.5,18.1,9.9,20.5,0.75,Clear,0.8111602420785621,0.5848239578463322,0.8415107819453062,0.5402403204776551,10.5,7.7,6.7,4.9,5.9,5.5,56.2,68.0,69.3,0.0,0.0,0.36,0.0,0.0,4.17,noprecip,noprecip,rain,30.6,29.9,31.0,18.4,20.5,18.4,1026.9,1025.1,1023.9,19.0,92.1,71.1,10.0,10.0,10.0,20.7,8.4,8.2,0.73,0.7,0.66,Clear,Cloudy,Rain,-0.06975647374412476,0.09410831331851431,0.10105629718294634,0.9975640502598243,0.99556196460308,0.9948807088287882
2022-02-25,9.1,9.3,70.0,0.0,0.0,noprecip,16.6,14.8,1023.9,15.1,8.1,18.8,0.8,Clear,0.8211001178128892,0.5707841943569036,0.9672677527758768,-0.2537579445848056,8.5,10.5,7.7,6.5,4.9,5.9,59.8,56.2,68.0,0.0,0.0,0.0,0.0,0.0,0.0,noprecip,noprecip,noprecip,26.3,30.6,29.9,14.8,18.4,20.5,1026.5,1026.9,1025.1,18.1,19.0,92.1,9.9,10.0,10.0,20.5,20.7,8.4,0.75,0.73,0.7,Clear,Clear,Cloudy,0.8415107819453062,-0.06975647374412476,0.09410831331851431,0.5402403204776551,0.9975640502598243,0.99556196460308
2022-02-26,11.6,11.8,72.8,0.0,0.0,noprecip,19.4,11.2,1022.1,75.9,6.6,18.4,0.84,Cloudy,0.8307970168121247,0.5565755266413303,0.8771461637055887,0.4802234974431889,9.1,8.5,10.5,9.3,6.5,4.9,70.0,59.8,56.2,0.0,0.0,0.0,0.0,0.0,0.0,noprecip,noprecip,noprecip,16.6,26.3,30.6,14.8,14.8,18.4,1023.9,1026.5,1026.9,15.1,18.1,19.0,8.1,9.9,10.0,18.8,20.5,20.7,0.8,0.75,0.73,Clear,Clear,Clear,0.9672677527758768,0.8415107819453062,-0.06975647374412476,-0.2537579445848056,0.5402403204776551,0.9975640502598243
2022-02-27,16.0,13.9,73.9,0.0,0.0,noprecip,19.8,9.4,1018.9,76.0,5.3,14.2,0.87,Cloudy,0.8402480696078469,0.5422021592729844,-0.9935718556765875,-0.11320321376790694,11.6,9.1,8.5,11.8,9.3,6.5,72.8,70.0,59.8,0.0,0.0,0.0,0.0,0.0,0.0,noprecip,noprecip,noprecip,19.4,16.6,26.3,11.2,14.8,14.8,1022.1,1023.9,1026.5,75.9,15.1,18.1,6.6,8.1,9.9,18.4,18.8,20.5,0.84,0.8,0.75,Cloudy,Clear,Clear,0.8771461637055887,0.9672677527758768,0.8415107819453062,0.4802234974431889,-0.2537579445848056,0.5402403204776551
2022-02-28,16.0,15.5,76.7,0.0,0.0,noprecip,28.4,16.6,1015.9,64.0,5.6,16.9,0.91,Cloudy,0.8494504794814806,0.527668345562516,0.9258705848099947,-0.37784078681846717,16.0,11.6,9.1,13.9,11.8,9.3,73.9,72.8,70.0,0.0,0.0,0.0,0.0,0.0,0.0,noprecip,noprecip,noprecip,19.8,19.4,16.6,9.4,11.2,14.8,1018.9,1022.1,1023.9,76.0,75.9,15.1,5.3,6.6,8.1,14.2,18.4,18.8,0.87,0.84,0.8,Cloudy,Cloudy,Clear,-0.9935718556765875,0.8771461637055887,0.9672677527758768,-0.11320321376790694,0.4802234974431889,-0.2537579445848056
2022-03-01,19.0,17.1,79.9,0.5,20.83,rain,14.0,13.0,1016.4,83.5,5.8,5.6,0.95,Rain,0.8584015232918917,0.512978386299228,0.9829353491495543,-0.18395135061272014,16.0,16.0,11.6,15.5,13.9,11.8,76.7,73.9,72.8,0.0,0.0,0.0,0.0,0.0,0.0,noprecip,noprecip,noprecip,28.4,19.8,19.4,16.6,9.4,11.2,1015.9,1018.9,1022.1,64.0,76.0,75.9,5.6,5.3,6.6,16.9,14.2,18.4,0.91,0.87,0.84,Cloudy,Cloudy,Cloudy,0.9258705848099947,-0.9935718556765875,0.8771461637055887,-0.37784078681846717,-0.11320321376790694,0.4802234974431889
2022-03-02,19.0,18.2,79.5,0.0,0.0,noprecip,25.9,13.0,1016.6,65.8,5.3,14.1,0.98,Cloudy,0.8670985522812081,0.4981366284784055,0.4740882090471167,-0.8804773535091618,19.0,16.0,16.0,17.1,15.5,13.9,79.9,76.7,73.9,0.5,0.0,0.0,20.83,0.0,0.0,rain,noprecip,noprecip,14.0,28.4,19.8,13.0,16.6,9.4,1016.4,1015.9,1018.9,83.5,64.0,76.0,5.8,5.6,5.3,5.6,16.9,14.2,0.95,0.91,0.87,Rain,Cloudy,Cloudy,0.9829353491495543,0.9258705848099947,-0.9935718556765875,-0.18395135061272014,-0.37784078681846717,-0.11320321376790694
2022-03-03,18.0,18.5,80.7,0.0,0.0,noprecip,31.0,20.5,1014.2,67.0,6.4,15.0,0.0,Cloudy,0.8755389928586302,0.4831474640149687,0.8779829754279805,-0.47869185794060676,19.0,19.0,16.0,18.2,17.1,15.5,79.5,79.9,76.7,0.0,0.5,0.0,0.0,20.83,0.0,noprecip,rain,noprecip,25.9,14.0,28.4,13.0,13.0,16.6,1016.6,1016.4,1015.9,65.8,83.5,64.0,5.3,5.8,5.6,14.1,5.6,16.9,0.98,0.95,0.91,Cloudy,Rain,Cloudy,0.4740882090471167,0.9829353491495543,0.9258705848099947,-0.8804773535091618,-0.18395135061272014,-0.37784078681846717
2022-03-04,19.9,19.5,89.8,0.3,12.5,rain,28.8,14.8,1012.8,96.9,5.1,9.3,0.05,Rain,0.8837203473619977,0.4680153284438345,0.9426414910921783,-0.333806859233771,18.0,19.0,19.0,18.5,18.2,17.1,80.7,79.5,79.9,0.0,0.0,0.5,0.0,0.0,20.83,noprecip,noprecip,rain,31.0,25.9,14.0,20.5,13.0,13.0,1014.2,1016.6,1016.4,67.0,65.8,83.5,6.4,5.3,5.8,15.0,14.1,5.6,0.0,0.98,0.95,Cloudy,Cloudy,Rain,0.8779829754279805,0.4740882090471167,0.9829353491495543,-0.47869185794060676,-0.8804773535091618,-0.18395135061272014
2022-03-05,20.7,20.5,95.0,0.2,8.33,rain,27.0,11.6,1011.7,96.9,4.1,4.7,0.08,Rain,0.8916401947968874,0.45274469960737107,0.9092361090470686,-0.41628079226040104,19.9,18.0,19.0,19.5,18.5,18.2,89.8,80.7,79.5,0.3,0.0,0.0,12.5,0.0,0.0,rain,noprecip,noprecip,28.8,31.0,25.9,14.8,20.5,13.0,1012.8,1014.2,1016.6,96.9,67.0,65.8,5.1,6.4,5.3,9.3,15.0,14.1,0.05,0.0,0.98,Rain,Cloudy,Cloudy,0.9426414910921783,0.8779829754279805,0.4740882090471167,-0.333806859233771,-0.47869185794060676,-0.8804773535091618
2022-03-06,20.9,21.1,93.7,0.206,12.5,rain,30.6,14.8,1011.5,98.0,4.6,7.5,0.11,Rain,0.8992961915530253,0.4373400963303323,0.9077774785329086,-0.4194520824461772,20.7,19.9,18.0,20.5,19.5,18.5,95.0,89.8,80.7,0.2,0.3,0.0,8.33,12.5,0.0,rain,rain,noprecip,27.0,28.8,31.0,11.6,14.8,20.5,1011.7,1012.8,1014.2,96.9,96.9,67.0,4.1,5.1,6.4,4.7,9.3,15.0,0.08,0.05,0.0,Rain,Rain,Cloudy,0.9092361090470686,0.9426414910921783,0.8779829754279805,-0.41628079226040104,-0.333806859233771,-0.47869185794060676
2022-03-07,18.1,17.1,77.7,15.285,12.5,rain,40.3,24.1,1017.7,46.6,7.8,10.1,0.14,Rain,0.9066860720977985,0.4218060770826634,0.13744454603714665,0.9905094632383088,20.9,20.7,19.9,21.1,20.5,19.5,93.7,95.0,89.8,0.206,0.2,0.3,12.5,8.33,12.5,rain,rain,rain,30.6,27.0,28.8,14.8,11.6,14.8,1011.5,1011.7,1012.8,98.0,96.9,96.9,4.6,4.1,5.1,7.5,4.7,9.3,0.11,0.08,0.05,Rain,Rain,Rain,0.9077774785329086,0.9092361090470686,0.9426414910921783,-0.4194520824461772,-0.41628079226040104,-0.333806859233771
2022-03-08,16.0,14.1,69.8,0.0,0.0,noprecip,33.8,22.3,1016.0,16.3,8.7,22.4,0.18,Clear,0.9138076496466615,0.40614723863057883,0.823136368534442,-0.567843745053101,18.1,20.9,20.7,17.1,21.1,20.5,77.7,93.7,95.0,15.285,0.206,0.2,12.5,12.5,8.33,rain,rain,rain,40.3,30.6,27.0,24.1,14.8,11.6,1017.7,1011.5,1011.7,46.6,98.0,96.9,7.8,4.6,4.1,10.1,7.5,4.7,0.14,0.11,0.08,Rain,Rain,Rain,0.13744454603714665,0.9077774785329086,0.9092361090470686,0.9905094632383088,-0.4194520824461772,-0.41628079226040104
2022-03-09,16.0,15.5,77.7,0.1,4.17,rain,31.3,22.3,1013.9,77.2,9.3,9.6,0.21,Rain,0.9206588168102428,0.3903682146763026,0.9650164944723115,-0.2621891786408646,16.0,18.1,20.9,14.1,17.1,21.1,69.8,77.7,93.7,0.0,15.285,0.206,0.0,12.5,12.5,noprecip,rain,rain,33.8,40.3,30.6,22.3,24.1,14.8,1016.0,1017.7,1011.5,16.3,46.6,98.0,8.7,7.8,4.6,22.4,10.1,7.5,0.18,0.14,0.11,Clear,Rain,Rain,0.823136368534442,0.13744454603714665,0.9077774785329086,-0.567843745053101,0.9905094632383088,-0.4194520824461772
2022-03-10,18.0,18.0,85.5,0.989,4.17,rain,28.1,16.6,1013.8,96.8,7.0,8.0,0.25,Rain,0.9272375462179537,0.374473674486883,0.9323238012155123,-0.3616245700820921,16.0,16.0,18.1,15.5,14.1,17.1,77.7,69.8,77.7,0.1,0.0,15.285,4.17,0.0,12.5,rain,noprecip,rain,31.3,33.8,40.3,22.3,22.3,24.1,1013.9,1016.0,1017.7,77.2,16.3,46.6,9.3,8.7,7.8,9.6,22.4,10.1,0.21,0.18,0.14,Rain,Clear,Rain,0.9650164944723115,0.823136368534442,0.13744454603714665,-0.2621891786408646,-0.567843745053101,0.9905094632383088
2022-03-11,20.0,18.5,81.3,0.0,0.0,noprecip,24.1,13.0,1012.3,96.7,8.9,12.7,0.27,Cloudy,0.9335418911179212,0.35846832151248087,0.8972583696743285,-0.44150585279174515,18.0,16.0,16.0,18.0,15.5,14.1,85.5,77.7,69.8,0.989,0.1,0.0,4.17,4.17,0.0,rain,rain,noprecip,28.1,31.3,33.8,16.6,22.3,22.3,1013.8,1013.9,1016.0,96.8,77.2,16.3,7.0,9.3,8.7,8.0,9.6,22.4,0.25,0.21,0.18,Rain,Rain,Clear,0.9323238012155123,0.9650164944723115,0.823136368534442,-0.3616245700820921,-0.2621891786408646,-0.567843745053101
2022-03-12,20.7,19.4,82.0,0.3,12.5,rain,30.2,18.4,1011.1,79.0,8.9,7.2,0.3,Rain,0.9395699859530622,0.342356891994542,0.820151875873772,-0.5721458734455164,20.0,18.0,16.0,18.5,18.0,15.5,81.3,85.5,77.7,0.0,0.989,0.1,0.0,4.17,4.17,noprecip,rain,rain,24.1,28.1,31.3,13.0,16.6,22.3,1012.3,1013.8,1013.9,96.7,96.8,77.2,8.9,7.0,9.3,12.7,8.0,9.6,0.27,0.25,0.21,Cloudy,Rain,Rain,0.8972583696743285,0.9323238012155123,0.9650164944723115,-0.44150585279174515,-0.3616245700820921,-0.2621891786408646
2022-03-13,21.0,20.2,85.5,0.0,0.0,noprecip,32.0,16.6,1011.0,85.6,8.5,9.2,0.34,Cloudy,0.945320046913132,0.3261441535642696,0.9018325264051137,-0.4320857488019824,20.7,20.0,18.0,19.4,18.5,18.0,82.0,81.3,85.5,0.3,0.0,0.989,12.5,0.0,4.17,rain,noprecip,rain,30.2,24.1,28.1,18.4,13.0,16.6,1011.1,1012.3,1013.8,79.0,96.7,96.8,8.9,8.9,7.0,7.2,12.7,8.0,0.3,0.27,0.25,Rain,Cloudy,Rain,0.820151875873772,0.8972583696743285,0.9323238012155123,-0.5721458734455164,-0.44150585279174515,-0.3616245700820921
2022-03-14,21.0,20.3,83.5,0.2,8.33,rain,31.0,14.4,1011.0,92.9,8.1,8.1,0.37,Rain,0.9507903724625832,0.3098349038318025,0.90630778703665,-0.42261826174069933,21.0,20.7,20.0,20.2,19.4,18.5,85.5,82.0,81.3,0.0,0.3,0.0,0.0,12.5,0.0,noprecip,rain,noprecip,32.0,30.2,24.1,16.6,18.4,13.0,1011.0,1011.1,1012.3,85.6,79.0,96.7,8.5,8.9,8.9,9.2,7.2,12.7,0.34,0.3,0.27,Cloudy,Rain,Cloudy,0.9018325264051137,0.820151875873772,0.8972583696743285,-0.4320857488019824,-0.5721458734455164,-0.44150585279174515
2022-03-15,22.0,20.7,79.3,0.1,4.17,rain,19.1,13.0,1010.0,54.7,5.8,9.9,0.4,Rain,0.9559793438440766,0.2934339689665273,-0.21643961393810293,-0.9762960071199334,21.0,21.0,20.7,20.3,20.2,19.4,83.5,85.5,82.0,0.2,0.0,0.3,8.33,0.0,12.5,rain,noprecip,rain,31.0,32.0,30.2,14.4,16.6,18.4,1011.0,1011.0,1011.1,92.9,85.6,79.0,8.1,8.5,8.9,8.1,9.2,7.2,0.37,0.34,0.3,Rain,Cloudy,Rain,0.90630778703665,0.9018325264051137,0.820151875873772,-0.42261826174069933,-0.4320857488019824,-0.5721458734455164
2022-03-16,22.0,21.3,87.9,0.223,12.5,rain,38.2,20.5,1008.6,76.8,6.7,12.0,0.43,Rain,0.9608854255574977,0.27694620226893646,0.8642748019537047,-0.5030199466302351,22.0,21.0,21.0,20.7,20.3,20.2,79.3,83.5,85.5,0.1,0.2,0.0,4.17,8.33,0.0,rain,rain,noprecip,19.1,31.0,32.0,13.0,14.4,16.6,1010.0,1011.0,1011.0,54.7,92.9,85.6,5.8,8.1,8.5,9.9,8.1,9.2,0.4,0.37,0.34,Rain,Rain,Cloudy,-0.21643961393810293,0.90630778703665,0.9018325264051137,-0.9762960071199334,-0.42261826174069933,-0.4320857488019824
2022-03-17,22.6,21.6,88.7,0.0,0.0,noprecip,21.2,14.8,1007.9,91.8,6.1,11.3,0.46,Cloudy,0.9655071658143364,0.2603764827344581,0.9602936856769431,-0.27899110603922916,22.0,22.0,21.0,21.3,20.7,20.3,87.9,79.3,83.5,0.223,0.1,0.2,12.5,4.17,8.33,rain,rain,rain,38.2,19.1,31.0,20.5,13.0,14.4,1008.6,1010.0,1011.0,76.8,54.7,92.9,6.7,5.8,8.1,12.0,9.9,8.1,0.43,0.4,0.37,Rain,Rain,Rain,0.8642748019537047,-0.21643961393810293,0.90630778703665,-0.5030199466302351,-0.9762960071199334,-0.42261826174069933
2022-03-18,22.0,22.0,84.3,0.099,4.17,rain,21.6,17.0,1008.4,71.4,5.7,9.1,0.5,Rain,0.969843196967294,0.24372971360968387,0.9018325264051137,-0.4320857488019824,22.6,22.0,22.0,21.6,21.3,20.7,88.7,87.9,79.3,0.0,0.223,0.1,0.0,12.5,4.17,noprecip,rain,rain,21.2,38.2,19.1,14.8,20.5,13.0,1007.9,1008.6,1010.0,91.8,76.8,54.7,6.1,6.7,5.8,11.3,12.0,9.9,0.46,0.43,0.4,Cloudy,Rain,Rain,0.9602936856769431,0.8642748019537047,-0.21643961393810293,-0.27899110603922916,-0.5030199466302351,-0.9762960071199334
2022-03-19,22.0,22.0,88.0,0.3,12.5,rain,31.7,18.4,1006.7,90.6,6.8,12.2,0.53,Rain,0.9738922359149924,0.22701082094141847,0.8894163732912974,-0.4570979270586943,22.0,22.6,22.0,22.0,21.6,21.3,84.3,88.7,87.9,0.099,0.0,0.223,4.17,0.0,12.5,rain,noprecip,rain,21.6,21.2,38.2,17.0,14.8,20.5,1008.4,1007.9,1008.6,71.4,91.8,76.8,5.7,6.1,6.7,9.1,11.3,12.0,0.5,0.46,0.43,Rain,Cloudy,Rain,0.9018325264051137,0.9602936856769431,0.8642748019537047,-0.4320857488019824,-0.27899110603922916,-0.5030199466302351
2022-03-20,24.0,22.9,86.2,0.0,0.0,noprecip,37.1,27.7,1006.7,91.8,7.5,16.7,0.57,Cloudy,0.9776530844816641,0.2102247521189836,0.9114032766354453,-0.41151435860510877,22.0,22.0,22.6,22.0,22.0,21.6,88.0,84.3,88.7,0.3,0.099,0.0,12.5,4.17,0.0,rain,rain,noprecip,31.7,21.6,21.2,18.4,17.0,14.8,1006.7,1008.4,1007.9,90.6,71.4,91.8,6.8,5.7,6.1,12.2,9.1,11.3,0.53,0.5,0.46,Rain,Rain,Cloudy,0.8894163732912974,0.9018325264051137,0.9602936856769431,-0.4570979270586943,-0.4320857488019824,-0.27899110603922916
2022-03-21,24.0,23.6,89.3,0.0,0.0,noprecip,32.4,18.4,1007.7,90.6,6.2,15.8,0.6,Cloudy,0.981124629771712,0.19337647441020586,0.9537169507482269,-0.30070579950427295,24.0,22.0,22.0,22.9,22.0,22.0,86.2,88.0,84.3,0.0,0.3,0.099,0.0,12.5,4.17,noprecip,rain,rain,37.1,31.7,21.6,27.7,18.4,17.0,1006.7,1006.7,1008.4,91.8,90.6,71.4,7.5,6.8,5.7,16.7,12.2,9.1,0.57,0.53,0.5,Cloudy,Rain,Rain,0.9114032766354453,0.8894163732912974,0.9018325264051137,-0.41151435860510877,-0.4570979270586943,-0.4320857488019824
2022-03-22,24.0,23.8,85.8,10.6,25.0,rain,25.9,20.5,1009.1,79.0,6.1,15.7,0.64,Rain,0.984305844499033,0.17647097349152166,0.9966373868180366,-0.08193850863004087,24.0,24.0,22.0,23.6,22.9,22.0,89.3,86.2,88.0,0.0,0.0,0.3,0.0,0.0,12.5,noprecip,noprecip,rain,32.4,37.1,31.7,18.4,27.7,18.4,1007.7,1006.7,1006.7,90.6,91.8,90.6,6.2,7.5,6.8,15.8,16.7,12.2,0.6,0.57,0.53,Cloudy,Cloudy,Rain,0.9537169507482269,0.9114032766354453,0.8894163732912974,-0.30070579950427295,-0.41151435860510877,-0.4570979270586943
2022-03-23,17.0,16.9,83.1,5.99,8.33,rain,51.8,31.7,1013.4,99.0,8.7,2.9,0.68,Rain,0.9871957872910085,0.15951325197263655,0.6534206039901054,0.7569950556517565,24.0,24.0,24.0,23.8,23.6,22.9,85.8,89.3,86.2,10.6,0.0,0.0,25.0,0.0,0.0,rain,noprecip,noprecip,25.9,32.4,37.1,20.5,18.4,27.7,1009.1,1007.7,1006.7,79.0,90.6,91.8,6.1,6.2,7.5,15.7,15.8,16.7,0.64,0.6,0.57,Rain,Cloudy,Cloudy,0.9966373868180366,0.9537169507482269,0.9114032766354453,-0.08193850863004087,-0.30070579950427295,-0.41151435860510877
2022-03-24,16.0,16.7,88.3,4.951,4.17,rain,38.9,16.6,1011.0,99.5,7.2,7.0,0.71,Rain,0.9897936029670716,0.14250832791617088,0.9792228106217657,-0.20278729535651258,17.0,24.0,24.0,16.9,23.8,23.6,83.1,85.8,89.3,5.99,10.6,0.0,8.33,25.0,0.0,rain,rain,noprecip,51.8,25.9,32.4,31.7,20.5,18.4,1013.4,1009.1,1007.7,99.0,79.0,90.6,8.7,6.1,6.2,2.9,15.7,15.8,0.68,0.64,0.6,Rain,Rain,Cloudy,0.6534206039901054,0.9966373868180366,0.9537169507482269,0.7569950556517565,-0.08193850863004087,-0.30070579950427295
2022-03-25,19.0,20.2,88.0,0.198,4.17,rain,25.2,13.0,1007.6,94.5,5.2,16.3,0.75,Rain,0.992098522791769,0.12546123335273648,0.9354440308298674,-0.35347484377925703,16.0,17.0,24.0,16.7,16.9,23.8,88.3,83.1,85.8,4.951,5.99,10.6,4.17,8.33,25.0,rain,rain,rain,38.9,51.8,25.9,16.6,31.7,20.5,1011.0,1013.4,1009.1,99.5,99.0,79.0,7.2,8.7,6.1,7.0,2.9,15.7,0.71,0.68,0.64,Rain,Rain,Rain,0.9792228106217657,0.6534206039901054,0.9966373868180366,-0.20278729535651258,0.7569950556517565,-0.08193850863004087
2022-03-26,22.7,23.1,83.2,0.0,0.0,noprecip,34.6,16.6,1007.6,50.6,4.8,22.6,0.78,Cloudy,0.9941098647022418,0.10837701279187609,0.99556196460308,0.09410831331851428,19.0,16.0,17.0,20.2,16.7,16.9,88.0,88.3,83.1,0.198,4.951,5.99,4.17,4.17,8.33,rain,rain,rain,25.2,38.9,51.8,13.0,16.6,31.7,1007.6,1011.0,1013.4,94.5,99.5,99.0,5.2,7.2,8.7,16.3,7.0,2.9,0.75,0.71,0.68,Rain,Rain,Rain,0.9354440308298674,0.9792228106217657,0.6534206039901054,-0.35347484377925703,-0.20278729535651258,0.7569950556517565
2022-03-27,18.0,18.3,75.6,0.89,4.17,rain,51.8,27.7,1012.8,76.1,8.7,6.0,0.82,Rain,0.9958270335100595,0.09126072172931188,0.7058715706786809,0.7083398377245289,22.7,19.0,16.0,23.1,20.2,16.7,83.2,88.0,88.3,0.0,0.198,4.951,0.0,4.17,4.17,noprecip,rain,rain,34.6,25.2,38.9,16.6,13.0,16.6,1007.6,1007.6,1011.0,50.6,94.5,99.5,4.8,5.2,7.2,22.6,16.3,7.0,0.78,0.75,0.71,Cloudy,Rain,Rain,0.99556196460308,0.9354440308298674,0.9792228106217657,0.09410831331851428,-0.35347484377925703,-0.20278729535651258
2022-03-28,18.0,14.8,73.1,7.033,8.33,rain,24.1,13.0,1016.7,36.6,10.0,15.6,0.85,Rain,0.9972495210773451,0.07411742515094437,0.9025852843498605,0.43051109680829525,18.0,22.7,19.0,18.3,23.1,20.2,75.6,83.2,88.0,0.89,0.0,0.198,4.17,0.0,4.17,rain,noprecip,rain,51.8,34.6,25.2,27.7,16.6,13.0,1012.8,1007.6,1007.6,76.1,50.6,94.5,8.7,4.8,5.2,6.0,22.6,16.3,0.82,0.78,0.75,Rain,Cloudy,Rain,0.7058715706786809,0.99556196460308,0.9354440308298674,0.7083398377245289,0.09410831331851428,-0.35347484377925703
2022-03-29,18.0,17.1,82.7,0.2,4.17,rain,18.4,13.0,1014.8,85.7,5.4,9.7,0.89,Rain,0.998376906467142,0.056952196034039754,0.9998766324816606,0.015707317311820648,18.0,18.0,22.7,14.8,18.3,23.1,73.1,75.6,83.2,7.033,0.89,0.0,8.33,4.17,0.0,rain,rain,noprecip,24.1,51.8,34.6,13.0,27.7,16.6,1016.7,1012.8,1007.6,36.6,76.1,50.6,10.0,8.7,4.8,15.6,6.0,22.6,0.85,0.82,0.78,Rain,Rain,Cloudy,0.9025852843498605,0.7058715706786809,0.99556196460308,0.43051109680829525,0.7083398377245289,0.09410831331851428
2022-03-30,19.0,20.2,90.6,0.513,8.33,rain,21.2,18.4,1013.6,94.9,4.7,6.9,0.93,Rain,0.9992088560679753,0.03977011384605572,0.9999619230641713,-0.008726535498373775,18.0,18.0,18.0,17.1,14.8,18.3,82.7,73.1,75.6,0.2,7.033,0.89,4.17,8.33,4.17,rain,rain,rain,18.4,24.1,51.8,13.0,13.0,27.7,1014.8,1016.7,1012.8,85.7,36.6,76.1,5.4,10.0,8.7,9.7,15.6,6.0,0.89,0.85,0.82,Rain,Rain,Rain,0.9998766324816606,0.9025852843498605,0.7058715706786809,0.015707317311820648,0.43051109680829525,0.7083398377245289
2022-03-31,20.0,21.6,85.2,0.199,4.17,rain,46.4,25.9,1014.8,85.9,7.0,11.5,0.96,Rain,0.9997451236925734,0.022576263041545485,0.8686315144381911,0.4954586684324077,19.0,18.0,18.0,20.2,17.1,14.8,90.6,82.7,73.1,0.513,0.2,7.033,8.33,4.17,8.33,rain,rain,rain,21.2,18.4,24.1,18.4,13.0,13.0,1013.6,1014.8,1016.7,94.9,85.7,36.6,4.7,5.4,10.0,6.9,9.7,15.6,0.93,0.89,0.85,Rain,Rain,Rain,0.9999619230641713,0.9998766324816606,0.9025852843498605,-0.008726535498373775,0.015707317311820648,0.43051109680829525
2022-04-01,17.0,15.7,84.1,43.745,16.67,rain,31.7,31.7,1021.5,89.4,9.0,3.6,0.0,Rain,0.9999855506507186,0.005375731557583884,-0.2198462043528373,0.9755345439458566,20.0,19.0,18.0,21.6,20.2,17.1,85.2,90.6,82.7,0.199,0.513,0.2,4.17,8.33,4.17,rain,rain,rain,46.4,21.2,18.4,25.9,18.4,13.0,1014.8,1013.6,1014.8,85.9,94.9,85.7,7.0,4.7,5.4,11.5,6.9,9.7,0.96,0.93,0.89,Rain,Rain,Rain,0.8686315144381911,0.9999619230641713,0.9998766324816606,0.4954586684324077,-0.008726535498373775,0.015707317311820648
2022-04-02,17.0,10.7,57.3,0.042,4.17,rain,38.2,22.3,1025.2,50.4,10.0,8.3,0.03,Rain,0.9999300657962057,-0.011826390691832589,-0.07845909572784562,0.996917333733128,17.0,20.0,19.0,15.7,21.6,20.2,84.1,85.2,90.6,43.745,0.199,0.513,16.67,4.17,8.33,rain,rain,rain,31.7,46.4,21.2,31.7,25.9,18.4,1021.5,1014.8,1013.6,89.4,85.9,94.9,9.0,7.0,4.7,3.6,11.5,6.9,0.0,0.96,0.93,Rain,Rain,Rain,-0.2198462043528373,0.8686315144381911,0.9999619230641713,0.9755345439458566,0.4954586684324077,-0.008726535498373775
2022-04-03,15.0,10.2,54.9,0.0,0.0,noprecip,25.2,16.6,1022.5,7.1,10.0,22.1,0.06,Clear,0.9995786855478958,-0.029025013321975237,0.4162807922604012,0.9092361090470685,17.0,17.0,20.0,10.7,15.7,21.6,57.3,84.1,85.2,0.042,43.745,0.199,4.17,16.67,4.17,rain,rain,rain,38.2,31.7,46.4,22.3,31.7,25.9,1025.2,1021.5,1014.8,50.4,89.4,85.9,10.0,9.0,7.0,8.3,3.6,11.5,0.03,0.0,0.96,Rain,Rain,Rain,-0.07845909572784562,-0.2198462043528373,0.8686315144381911,0.996917333733128,0.9755345439458566,0.4954586684324077
2022-04-04,17.0,11.7,56.3,0.0,0.0,noprecip,24.1,16.6,1021.2,9.3,10.0,25.3,0.09,Clear,0.9989315138848577,-0.046215046983708354,0.8668967489356026,-0.4984877397538306,15.0,17.0,17.0,10.2,10.7,15.7,54.9,57.3,84.1,0.0,0.042,43.745,0.0,4.17,16.67,noprecip,rain,rain,25.2,38.2,31.7,16.6,22.3,31.7,1022.5,1025.2,1021.5,7.1,50.4,89.4,10.0,10.0,9.0,22.1,8.3,3.6,0.06,0.03,0.0,Clear,Rain,Rain,0.4162807922604012,-0.07845909572784562,-0.2198462043528373,0.9092361090470685,0.996917333733128,0.9755345439458566
2022-04-05,16.5,14.2,62.9,0.0,0.0,noprecip,18.0,11.2,1020.0,5.5,9.5,24.9,0.13,Clear,0.9979887423155984,-0.06339140486951038,-0.9617413095492114,-0.2739592186924323,17.0,15.0,17.0,11.7,10.2,10.7,56.3,54.9,57.3,0.0,0.0,0.042,0.0,0.0,4.17,noprecip,noprecip,rain,24.1,25.2,38.2,16.6,16.6,22.3,1021.2,1022.5,1025.2,9.3,7.1,50.4,10.0,10.0,10.0,25.3,22.1,8.3,0.09,0.06,0.03,Clear,Clear,Rain,0.8668967489356026,0.4162807922604012,-0.07845909572784562,-0.4984877397538306,0.9092361090470685,0.996917333733128
2022-04-06,18.0,16.9,67.2,0.0,0.0,noprecip,19.4,11.2,1017.8,17.0,8.7,23.6,0.16,Clear,0.9967506498213929,-0.08054900421874167,-0.7489557207890021,0.6626200482157375,16.5,17.0,15.0,14.2,11.7,10.2,62.9,56.3,54.9,0.0,0.0,0.0,0.0,0.0,0.0,noprecip,noprecip,noprecip,18.0,24.1,25.2,11.2,16.6,16.6,1020.0,1021.2,1022.5,5.5,9.3,7.1,9.5,10.0,10.0,24.9,25.3,22.1,0.13,0.09,0.06,Clear,Clear,Clear,-0.9617413095492114,0.8668967489356026,0.4162807922604012,-0.2739592186924323,-0.4984877397538306,0.9092361090470685
2022-04-07,22.0,17.1,59.5,0.0,0.0,noprecip,26.6,14.8,1016.5,20.8,8.3,23.8,0.19,Cloudy,0.9952176027737294,-0.09768276782171598,-0.9443763702374812,0.3288666467385827,18.0,16.5,17.0,16.9,14.2,11.7,67.2,62.9,56.3,0.0,0.0,0.0,0.0,0.0,0.0,noprecip,noprecip,noprecip,19.4,18.0,24.1,11.2,11.2,16.6,1017.8,1020.0,1021.2,17.0,5.5,9.3,8.7,9.5,10.0,23.6,24.9,25.3,0.16,0.13,0.09,Clear,Clear,Clear,-0.7489557207890021,-0.9617413095492114,0.8668967489356026,0.6626200482157375,-0.2739592186924323,-0.4984877397538306
2022-04-08,19.6,16.3,61.1,0.0,0.0,noprecip,18.0,13.0,1014.9,3.3,8.5,25.4,0.22,Clear,0.9933900548258936,-0.11478762552212701,0.813100761047028,-0.582122970157289,22.0,18.0,16.5,17.1,16.9,14.2,59.5,67.2,62.9,0.0,0.0,0.0,0.0,0.0,0.0,noprecip,noprecip,noprecip,26.6,19.4,18.0,14.8,11.2,11.2,1016.5,1017.8,1020.0,20.8,17.0,5.5,8.3,8.7,9.5,23.8,23.6,24.9,0.19,0.16,0.13,Cloudy,Clear,Clear,-0.9443763702374812,-0.7489557207890021,-0.9617413095492114,0.3288666467385827,0.6626200482157375,-0.2739592186924323
2022-04-09,20.0,17.5,69.4,0.0,0.0,noprecip,29.5,20.5,1012.1,3.8,7.8,25.9,0.25,Clear,0.9912685467787256,-0.13185851571739118,0.894934361602025,-0.4461978131098088,19.6,22.0,18.0,16.3,17.1,16.9,61.1,59.5,67.2,0.0,0.0,0.0,0.0,0.0,0.0,noprecip,noprecip,noprecip,18.0,26.6,19.4,13.0,14.8,11.2,1014.9,1016.5,1017.8,3.3,20.8,17.0,8.5,8.3,8.7,25.4,23.8,23.6,0.22,0.19,0.16,Clear,Cloudy,Clear,0.813100761047028,-0.9443763702374812,-0.7489557207890021,-0.582122970157289,0.3288666467385827,0.6626200482157375
2022-04-10,20.0,19.0,73.4,0.0,0.0,noprecip,25.6,18.4,1010.8,57.5,8.6,22.9,0.29,Cloudy,0.9888537064205885,-0.1488903868564548,0.8910065241883679,-0.4539904997395467,20.0,19.6,22.0,17.5,16.3,17.1,69.4,61.1,59.5,0.0,0.0,0.0,0.0,0.0,0.0,noprecip,noprecip,noprecip,29.5,18.0,26.6,20.5,13.0,14.8,1012.1,1014.9,1016.5,3.8,3.3,20.8,7.8,8.5,8.3,25.9,25.4,23.8,0.25,0.22,0.19,Clear,Clear,Cloudy,0.894934361602025,0.813100761047028,-0.9443763702374812,-0.4461978131098088,-0.582122970157289,0.3288666467385827
2022-04-11,21.0,21.0,87.7,0.4,16.67,rain,27.0,14.8,1010.0,71.4,6.7,10.2,0.32,Rain,0.986146248341595,-0.16587819893463143,0.9329535348254892,-0.35999680812005114,20.0,20.0,19.6,19.0,17.5,16.3,73.4,69.4,61.1,0.0,0.0,0.0,0.0,0.0,0.0,noprecip,noprecip,noprecip,25.6,29.5,18.0,18.4,20.5,13.0,1010.8,1012.1,1014.9,57.5,3.8,3.3,8.6,7.8,8.5,22.9,25.9,25.4,0.29,0.25,0.22,Cloudy,Clear,Clear,0.8910065241883679,0.894934361602025,0.813100761047028,-0.4539904997395467,-0.4461978131098088,-0.582122970157289
2022-04-12,23.0,22.1,84.3,0.0,0.0,noprecip,28.8,18.4,1006.6,73.9,8.4,13.4,0.35,Cloudy,0.9831469737221499,-0.1828169249850199,0.8038568606172174,-0.5948227867513411,21.0,20.0,20.0,21.0,19.0,17.5,87.7,73.4,69.4,0.4,0.0,0.0,16.67,0.0,0.0,rain,noprecip,noprecip,27.0,25.6,29.5,14.8,18.4,20.5,1010.0,1010.8,1012.1,71.4,57.5,3.8,6.7,8.6,7.8,10.2,22.9,25.9,0.32,0.29,0.25,Rain,Cloudy,Clear,0.9329535348254892,0.8910065241883679,0.894934361602025,-0.35999680812005114,-0.4539904997395467,-0.4461978131098088
2022-04-13,23.0,22.2,76.6,0.2,8.33,rain,18.7,11.2,1006.6,47.2,8.0,15.1,0.38,Rain,0.9798567700958665,-0.1997015525660636,0.9884938868086836,-0.15126082024721924,23.0,21.0,20.0,22.1,21.0,19.0,84.3,87.7,73.4,0.0,0.4,0.0,0.0,16.67,0.0,noprecip,rain,noprecip,28.8,27.0,25.6,18.4,14.8,18.4,1006.6,1010.0,1010.8,73.9,71.4,57.5,8.4,6.7,8.6,13.4,10.2,22.9,0.35,0.32,0.29,Cloudy,Rain,Cloudy,0.8038568606172174,0.9329535348254892,0.8910065241883679,-0.5948227867513411,-0.35999680812005114,-0.4539904997395467
2022-04-14,22.8,22.5,78.9,0.1,4.17,rain,33.5,20.5,1006.8,42.6,7.8,14.8,0.42,Rain,0.9762766110869321,-0.21652708524481437,0.8933713883278376,-0.4493189986158964,23.0,23.0,21.0,22.2,22.1,21.0,76.6,84.3,87.7,0.2,0.0,0.4,8.33,0.0,16.67,rain,noprecip,rain,18.7,28.8,27.0,11.2,18.4,14.8,1006.6,1006.6,1010.0,47.2,73.9,71.4,8.0,8.4,6.7,15.1,13.4,10.2,0.38,0.35,0.32,Rain,Cloudy,Rain,0.9884938868086836,0.8038568606172174,0.9329535348254892,-0.15126082024721924,-0.5948227867513411,-0.35999680812005114
2022-04-15,24.0,23.3,84.9,1.2,37.5,rain,38.2,18.4,1007.5,89.9,7.3,8.8,0.45,Rain,0.9724075561219968,-0.23328854407545518,0.9003187714021935,-0.4352310993723274,22.8,23.0,23.0,22.5,22.2,22.1,78.9,76.6,84.3,0.1,0.2,0.0,4.17,8.33,0.0,rain,rain,noprecip,33.5,18.7,28.8,20.5,11.2,18.4,1006.8,1006.6,1006.6,42.6,47.2,73.9,7.8,8.0,8.4,14.8,15.1,13.4,0.42,0.38,0.35,Rain,Rain,Cloudy,0.8933713883278376,0.9884938868086836,0.8038568606172174,-0.4493189986158964,-0.15126082024721924,-0.5948227867513411
2022-04-16,20.0,21.7,87.3,5.688,16.67,rain,44.3,25.9,1009.0,97.4,8.9,6.3,0.48,Rain,0.9682507501166718,-0.2499809690726521,0.9871362650729879,0.15988118769183493,24.0,22.8,23.0,23.3,22.5,22.2,84.9,78.9,76.6,1.2,0.1,0.2,37.5,4.17,8.33,rain,rain,rain,38.2,33.5,18.7,18.4,20.5,11.2,1007.5,1006.8,1006.6,89.9,42.6,47.2,7.3,7.8,8.0,8.8,14.8,15.1,0.45,0.42,0.38,Rain,Rain,Rain,0.9003187714021935,0.8933713883278376,0.9884938868086836,-0.4352310993723274,-0.4493189986158964,-0.15126082024721924
2022-04-17,17.0,16.4,89.2,0.844,8.33,rain,22.3,20.5,1014.1,99.5,8.7,3.3,0.5,Rain,0.9638074231367307,-0.26659942067929354,0.4115143586051088,0.9114032766354453,20.0,24.0,22.8,21.7,23.3,22.5,87.3,84.9,78.9,5.688,1.2,0.1,16.67,37.5,4.17,rain,rain,rain,44.3,38.2,33.5,25.9,18.4,20.5,1009.0,1007.5,1006.8,97.4,89.9,42.6,8.9,7.3,7.8,6.3,8.8,14.8,0.48,0.45,0.42,Rain,Rain,Rain,0.9871362650729879,0.9003187714021935,0.8933713883278376,0.15988118769183493,-0.4352310993723274,-0.4493189986158964
2022-04-18,17.0,15.4,79.6,10.892,12.5,rain,29.5,18.4,1017.8,70.0,9.2,7.7,0.55,Rain,0.9590788900341131,-0.28313898122818354,0.294040325232304,0.9557930147983301,17.0,20.0,24.0,16.4,21.7,23.3,89.2,87.3,84.9,0.844,5.688,1.2,8.33,16.67,37.5,rain,rain,rain,22.3,44.3,38.2,20.5,25.9,18.4,1014.1,1009.0,1007.5,99.5,97.4,89.9,8.7,8.9,7.3,3.3,6.3,8.8,0.5,0.48,0.45,Rain,Rain,Rain,0.4115143586051088,0.9871362650729879,0.9003187714021935,0.9114032766354453,0.15988118769183493,-0.4352310993723274
2022-04-19,18.0,15.4,67.4,0.0,0.0,noprecip,21.6,16.6,1017.6,24.2,10.0,17.4,0.59,Cloudy,0.9540665500578387,-0.2995947563972602,0.4832823832550024,0.8754645270000179,17.0,17.0,20.0,15.4,16.4,21.7,79.6,89.2,87.3,10.892,0.844,5.688,12.5,8.33,16.67,rain,rain,rain,29.5,22.3,44.3,18.4,20.5,25.9,1017.8,1014.1,1009.0,70.0,99.5,97.4,9.2,8.7,8.9,7.7,3.3,6.3,0.55,0.5,0.48,Rain,Rain,Rain,0.294040325232304,0.4115143586051088,0.9871362650729879,0.9557930147983301,0.9114032766354453,0.15988118769183493
2022-04-20,19.0,17.5,76.1,0.6,4.17,rain,17.6,13.0,1014.9,22.5,8.2,17.9,0.62,Rain,0.9487718864399473,-0.31596187665790293,0.9690157314068695,-0.24699901272274286,18.0,17.0,17.0,15.4,15.4,16.4,67.4,79.6,89.2,0.0,10.892,0.844,0.0,12.5,8.33,noprecip,rain,rain,21.6,29.5,22.3,16.6,18.4,20.5,1017.6,1017.8,1014.1,24.2,70.0,99.5,10.0,9.2,8.7,17.4,7.7,3.3,0.59,0.55,0.5,Cloudy,Rain,Rain,0.4832823832550024,0.294040325232304,0.4115143586051088,0.8754645270000179,0.9557930147983301,0.9114032766354453
2022-04-21,20.0,19.5,85.9,1.2,16.67,rain,24.8,13.0,1011.7,83.5,5.7,11.6,0.66,Rain,0.9431964659565866,-0.33223549871590435,0.993170649538486,0.11667073709933327,19.0,18.0,17.0,17.5,15.4,15.4,76.1,67.4,79.6,0.6,0.0,10.892,4.17,0.0,12.5,rain,noprecip,rain,17.6,21.6,29.5,13.0,16.6,18.4,1014.9,1017.6,1017.8,22.5,24.2,70.0,8.2,10.0,9.2,17.9,17.4,7.7,0.62,0.59,0.55,Rain,Cloudy,Rain,0.9690157314068695,0.4832823832550024,0.294040325232304,-0.24699901272274286,0.8754645270000179,0.9557930147983301
2022-04-22,22.0,21.4,80.2,0.0,0.0,noprecip,31.3,20.5,1009.1,75.3,8.0,14.3,0.69,Cloudy,0.9373419384643772,-0.3484108069446808,0.7738402097265062,-0.63338087262755,20.0,19.0,18.0,19.5,17.5,15.4,85.9,76.1,67.4,1.2,0.6,0.0,16.67,4.17,0.0,rain,rain,noprecip,24.8,17.6,21.6,13.0,13.0,16.6,1011.7,1014.9,1017.6,83.5,22.5,24.2,5.7,8.2,10.0,11.6,17.9,17.4,0.66,0.62,0.59,Rain,Rain,Cloudy,0.993170649538486,0.9690157314068695,0.4832823832550024,0.11667073709933327,-0.24699901272274286,0.8754645270000179
2022-04-23,24.0,23.6,82.8,0.4,12.5,rain,26.3,20.5,1007.5,73.5,8.6,15.8,0.75,Rain,0.9312100364121947,-0.3644830148102912,0.8987940462991669,-0.4383711467890775,22.0,20.0,19.0,21.4,19.5,17.5,80.2,85.9,76.1,0.0,1.2,0.6,0.0,16.67,4.17,noprecip,rain,rain,31.3,24.8,17.6,20.5,13.0,13.0,1009.1,1011.7,1014.9,75.3,83.5,22.5,8.0,5.7,8.2,14.3,11.6,17.9,0.69,0.66,0.62,Cloudy,Rain,Rain,0.7738402097265062,0.993170649538486,0.9690157314068695,-0.63338087262755,0.11667073709933327,-0.24699901272274286
2022-04-24,25.0,24.4,86.9,0.0,0.0,noprecip,31.7,20.5,1004.9,94.6,9.0,19.8,0.76,Cloudy,0.9248025743285089,-0.38044736628785164,0.9003187714021935,-0.4352310993723274,24.0,22.0,20.0,23.6,21.4,19.5,82.8,80.2,85.9,0.4,0.0,1.2,12.5,0.0,16.67,rain,noprecip,rain,26.3,31.3,24.8,20.5,20.5,13.0,1007.5,1009.1,1011.7,73.5,75.3,83.5,8.6,8.0,5.7,15.8,14.3,11.6,0.75,0.69,0.66,Rain,Cloudy,Rain,0.8987940462991669,0.7738402097265062,0.993170649538486,-0.4383711467890775,-0.63338087262755,0.11667073709933327
2022-04-25,25.0,24.7,84.1,0.0,0.0,noprecip,32.0,24.1,1003.9,88.9,8.5,23.8,0.8,Cloudy,0.9181214482844365,-0.39629913726891813,0.9914448613738105,-0.13052619222005138,25.0,24.0,22.0,24.4,23.6,21.4,86.9,82.8,80.2,0.0,0.4,0.0,0.0,12.5,0.0,noprecip,rain,noprecip,31.7,26.3,31.3,20.5,20.5,20.5,1004.9,1007.5,1009.1,94.6,73.5,75.3,9.0,8.6,8.0,19.8,15.8,14.3,0.76,0.75,0.69,Cloudy,Rain,Cloudy,0.9003187714021935,0.8987940462991669,0.7738402097265062,-0.4352310993723274,-0.4383711467890775,-0.63338087262755
2022-04-26,25.6,24.8,82.5,0.0,0.0,noprecip,27.4,20.5,1003.8,79.4,9.0,24.7,0.83,Cloudy,0.9111686353326631,-0.41203363695942635,0.9912155402515418,-0.13225639025712213,25.0,25.0,24.0,24.7,24.4,23.6,84.1,86.9,82.8,0.0,0.0,0.4,0.0,0.0,12.5,noprecip,noprecip,rain,32.0,31.7,26.3,24.1,20.5,20.5,1003.9,1004.9,1007.5,88.9,94.6,73.5,8.5,9.0,8.6,23.8,19.8,15.8,0.8,0.76,0.75,Cloudy,Cloudy,Rain,0.9914448613738105,0.9003187714021935,0.8987940462991669,-0.13052619222005138,-0.4352310993723274,-0.4383711467890775
2022-04-27,26.0,25.2,84.7,0.099,4.17,rain,30.2,18.4,1005.6,86.8,8.3,18.8,0.87,Rain,0.9039461929224011,-0.42764620926777464,0.9631625667976582,-0.2689198206152656,25.6,25.0,25.0,24.8,24.7,24.4,82.5,84.1,86.9,0.0,0.0,0.0,0.0,0.0,0.0,noprecip,noprecip,noprecip,27.4,32.0,31.7,20.5,24.1,20.5,1003.8,1003.9,1004.9,79.4,88.9,94.6,9.0,8.5,9.0,24.7,23.8,19.8,0.83,0.8,0.76,Cloudy,Cloudy,Cloudy,0.9912155402515418,0.9914448613738105,0.9003187714021935,-0.13225639025712213,-0.13052619222005138,-0.4352310993723274
2022-04-28,26.0,25.0,88.2,0.001,4.17,rain,40.0,22.3,1007.6,93.8,8.7,15.5,0.91,Rain,0.8964562582905575,-0.44313223418263453,0.8415107819453062,-0.540240320477655,26.0,25.6,25.0,25.2,24.8,24.7,84.7,82.5,84.1,0.099,0.0,0.0,4.17,0.0,0.0,rain,noprecip,noprecip,30.2,27.4,32.0,18.4,20.5,24.1,1005.6,1003.8,1003.9,86.8,79.4,88.9,8.3,9.0,8.5,18.8,24.7,23.8,0.87,0.83,0.8,Rain,Cloudy,Cloudy,0.9631625667976582,0.9912155402515418,0.9914448613738105,-0.2689198206152656,-0.13225639025712213,-0.13052619222005138
2022-04-29,26.0,24.6,88.2,0.8,20.83,rain,37.8,14.8,1008.9,91.2,8.4,12.0,0.94,Rain,0.8887010478292915,-0.45848712914008766,0.8980275757606156,-0.43993916985591514,26.0,26.0,25.6,25.0,25.2,24.8,88.2,84.7,82.5,0.001,0.099,0.0,4.17,4.17,0.0,rain,rain,noprecip,40.0,30.2,27.4,22.3,18.4,20.5,1007.6,1005.6,1003.8,93.8,86.8,79.4,8.7,8.3,9.0,15.5,18.8,24.7,0.91,0.87,0.83,Rain,Rain,Cloudy,0.8415107819453062,0.9631625667976582,0.9912155402515418,-0.540240320477655,-0.2689198206152656,-0.13225639025712213
2022-04-30,25.5,24.6,79.9,0.989,4.17,rain,34.6,17.5,1008.8,69.7,9.1,21.4,0.98,Rain,0.8806828564301475,-0.47370635037968,0.7693995550468952,-0.6387678175155976,26.0,26.0,26.0,24.6,25.0,25.2,88.2,88.2,84.7,0.8,0.001,0.099,20.83,4.17,4.17,rain,rain,rain,37.8,40.0,30.2,14.8,22.3,18.4,1008.9,1007.6,1005.6,91.2,93.8,86.8,8.4,8.7,8.3,12.0,15.5,18.8,0.94,0.91,0.87,Rain,Rain,Rain,0.8980275757606156,0.8415107819453062,0.9631625667976582,-0.43993916985591514,-0.540240320477655,-0.2689198206152656
2022-05-01,19.7,16.5,67.0,12.554,8.33,rain,59.4,35.3,1012.9,74.1,9.7,8.6,0.0,Rain,0.8724040568049612,-0.48878539428899265,0.3106764296307318,0.9505157316277837,25.5,26.0,26.0,24.6,24.6,25.0,79.9,88.2,88.2,0.989,0.8,0.001,4.17,20.83,4.17,rain,rain,rain,34.6,37.8,40.0,17.5,14.8,22.3,1008.8,1008.9,1007.6,69.7,91.2,93.8,9.1,8.4,8.7,21.4,12.0,15.5,0.98,0.94,0.91,Rain,Rain,Rain,0.7693995550468952,0.8980275757606156,0.8415107819453062,-0.6387678175155976,-0.43993916985591514,-0.540240320477655
2022-05-02,21.0,12.5,49.5,0.0,0.0,noprecip,36.0,19.7,1016.0,62.2,10.0,22.9,0.04,Cloudy,0.8638670987837349,-0.503719798736334,-0.006981260297961363,0.9999756307053947,19.7,25.5,26.0,16.5,24.6,24.6,67.0,79.9,88.2,12.554,0.989,0.8,8.33,4.17,20.83,rain,rain,rain,59.4,34.6,37.8,35.3,17.5,14.8,1012.9,1008.8,1008.9,74.1,69.7,91.2,9.7,9.1,8.4,8.6,21.4,12.0,0.0,0.98,0.94,Rain,Rain,Rain,0.3106764296307318,0.7693995550468952,0.8980275757606156,0.9505157316277837,-0.6387678175155976,-0.43993916985591514
2022-05-03,19.6,14.2,55.2,0.0,0.0,noprecip,26.6,17.7,1016.1,29.8,10.7,26.7,0.08,Cloudy,0.8550745085896932,-0.518505144391157,0.29904079225608665,0.9542403285162769,21.0,19.7,25.5,12.5,16.5,24.6,49.5,67.0,79.9,0.0,12.554,0.989,0.0,8.33,4.17,noprecip,rain,rain,36.0,59.4,34.6,19.7,35.3,17.5,1016.0,1012.9,1008.8,62.2,74.1,69.7,10.0,9.7,9.1,22.9,8.6,21.4,0.04,0.0,0.98,Cloudy,Rain,Rain,-0.006981260297961363,0.3106764296307318,0.7693995550468952,0.9999756307053947,0.9505157316277837,-0.6387678175155976
2022-05-04,19.0,14.3,54.3,0.0,0.0,noprecip,17.6,16.6,1014.2,24.7,10.0,26.9,0.11,Cloudy,0.8460288880917339,-0.533137056031809,0.9698720152847469,-0.24361501178602224,19.6,21.0,19.7,14.2,12.5,16.5,55.2,49.5,67.0,0.0,0.0,12.554,0.0,0.0,8.33,noprecip,noprecip,rain,26.6,36.0,59.4,17.7,19.7,35.3,1016.1,1016.0,1012.9,29.8,62.2,74.1,10.7,10.0,9.7,26.7,22.9,8.6,0.08,0.04,0.0,Cloudy,Cloudy,Rain,0.29904079225608665,-0.006981260297961363,0.3106764296307318,0.9542403285162769,0.9999756307053947,0.9505157316277837
2022-05-05,21.0,18.2,64.9,0.0,0.0,noprecip,20.9,16.6,1011.5,19.9,10.4,24.2,0.14,Clear,0.8367329140344921,-0.5476112038402312,0.9795752495993441,-0.20107792114596446,19.0,19.6,21.0,14.3,14.2,12.5,54.3,55.2,49.5,0.0,0.0,0.0,0.0,0.0,0.0,noprecip,noprecip,noprecip,17.6,26.6,36.0,16.6,17.7,19.7,1014.2,1016.1,1016.0,24.7,29.8,62.2,10.0,10.7,10.0,26.9,26.7,22.9,0.11,0.08,0.04,Cloudy,Cloudy,Cloudy,0.9698720152847469,0.29904079225608665,-0.006981260297961363,-0.24361501178602224,0.9542403285162769,0.9999756307053947
2022-05-06,23.0,21.0,74.6,1.5,20.83,rain,22.7,10.0,1010.9,54.3,8.6,16.7,0.17,Rain,0.8271893372462497,-0.5619233046832195,0.7996846584870905,0.6004202253258841,21.0,19.0,19.6,18.2,14.3,14.2,64.9,54.3,55.2,0.0,0.0,0.0,0.0,0.0,0.0,noprecip,noprecip,noprecip,20.9,17.6,26.6,16.6,16.6,17.7,1011.5,1014.2,1016.1,19.9,24.7,29.8,10.4,10.0,10.7,24.2,26.9,26.7,0.14,0.11,0.08,Clear,Cloudy,Cloudy,0.9795752495993441,0.9698720152847469,0.29904079225608665,-0.20107792114596446,-0.24361501178602224,0.9542403285162769
2022-05-07,24.0,23.1,80.9,1.027,8.33,rain,22.0,19.4,1010.7,79.4,9.0,14.6,0.21,Rain,0.8174009818249189,-0.5760691233798758,0.7501110696304594,-0.661311865323652,23.0,21.0,19.0,21.0,18.2,14.3,74.6,64.9,54.3,1.5,0.0,0.0,20.83,0.0,0.0,rain,noprecip,noprecip,22.7,20.9,17.6,10.0,16.6,16.6,1010.9,1011.5,1014.2,54.3,19.9,24.7,8.6,10.4,10.0,16.7,24.2,26.9,0.17,0.14,0.11,Rain,Clear,Cloudy,0.7996846584870905,0.9795752495993441,0.9698720152847469,0.6004202253258841,-0.20107792114596446,-0.24361501178602224
2022-05-08,24.0,23.6,85.8,2.977,8.33,rain,33.8,25.0,1010.2,90.1,9.4,18.7,0.24,Rain,0.8073707443023492,-0.5900444739548627,0.8925858184521256,-0.4508775406894305,24.0,23.0,21.0,23.1,21.0,18.2,80.9,74.6,64.9,1.027,1.5,0.0,8.33,20.83,0.0,rain,rain,noprecip,22.0,22.7,20.9,19.4,10.0,16.6,1010.7,1010.9,1011.5,79.4,54.3,19.9,9.0,8.6,10.4,14.6,16.7,24.2,0.21,0.17,0.14,Rain,Rain,Clear,0.7501110696304594,0.7996846584870905,0.9795752495993441,-0.661311865323652,0.6004202253258841,-0.20107792114596446
2022-05-09,24.0,24.0,83.5,2.011,8.33,rain,37.1,22.3,1009.0,78.8,9.3,16.5,0.25,Rain,0.7971015927871943,-0.6038452208771035,0.7289686274214118,-0.6845471059286884,24.0,24.0,23.0,23.6,23.1,21.0,85.8,80.9,74.6,2.977,1.027,1.5,8.33,8.33,20.83,rain,rain,rain,33.8,22.0,22.7,25.0,19.4,10.0,1010.2,1010.7,1010.9,90.1,79.4,54.3,9.4,9.0,8.6,18.7,14.6,16.7,0.24,0.21,0.17,Rain,Rain,Rain,0.8925858184521256,0.7501110696304594,0.7996846584870905,-0.4508775406894305,-0.661311865323652,0.6004202253258841
2022-05-10,26.0,25.2,82.5,1.021,8.33,rain,29.5,21.4,1005.8,72.8,10.8,19.4,0.31,Rain,0.7865965660866021,-0.6174672802835514,0.8415107819453062,-0.540240320477655,24.0,24.0,24.0,24.0,23.6,23.1,83.5,85.8,80.9,2.011,2.977,1.027,8.33,8.33,8.33,rain,rain,rain,37.1,33.8,22.0,22.3,25.0,19.4,1009.0,1010.2,1010.7,78.8,90.1,79.4,9.3,9.4,9.0,16.5,18.7,14.6,0.25,0.24,0.21,Rain,Rain,Rain,0.7289686274214118,0.8925858184521256,0.7501110696304594,-0.6845471059286884,-0.4508775406894305,-0.661311865323652
2022-05-11,26.0,25.7,83.1,2.0,37.5,rain,33.8,15.7,1004.0,63.7,8.7,15.9,0.34,Rain,0.7758587728069828,-0.6309066211876704,0.9900236577165576,-0.14090123193758247,26.0,24.0,24.0,25.2,24.0,23.6,82.5,83.5,85.8,1.021,2.011,2.977,8.33,8.33,8.33,rain,rain,rain,29.5,37.1,33.8,21.4,22.3,25.0,1005.8,1009.0,1010.2,72.8,78.8,90.1,10.8,9.3,9.4,19.4,16.5,18.7,0.31,0.25,0.24,Rain,Rain,Rain,0.8415107819453062,0.7289686274214118,0.8925858184521256,-0.540240320477655,-0.6845471059286884,-0.4508775406894305
2022-05-12,24.0,24.7,88.3,37.705,8.33,rain,38.9,18.4,1003.5,80.7,9.4,13.0,0.37,Rain,0.7648913904341226,-0.6441592666722685,0.9483236552061993,0.3173046564050921,26.0,26.0,24.0,25.7,25.2,24.0,83.1,82.5,83.5,2.0,1.021,2.011,37.5,8.33,8.33,rain,rain,rain,33.8,29.5,37.1,15.7,21.4,22.3,1004.0,1005.8,1009.0,63.7,72.8,78.8,8.7,10.8,9.3,15.9,19.4,16.5,0.34,0.31,0.25,Rain,Rain,Rain,0.9900236577165576,0.8415107819453062,0.7289686274214118,-0.14090123193758247,-0.540240320477655,-0.6845471059286884
2022-05-13,24.5,24.0,84.7,0.032,8.33,rain,31.3,20.5,1003.8,87.9,8.7,10.1,0.4,Rain,0.753697664392914,-0.6572212950663319,0.8598522715968734,0.5105429179116058,24.0,26.0,26.0,24.7,25.7,25.2,88.3,83.1,82.5,37.705,2.0,1.021,8.33,37.5,8.33,rain,rain,rain,38.9,33.8,29.5,18.4,15.7,21.4,1003.5,1004.0,1005.8,80.7,63.7,72.8,9.4,8.7,10.8,13.0,15.9,19.4,0.37,0.34,0.31,Rain,Rain,Rain,0.9483236552061993,0.9900236577165576,0.8415107819453062,0.3173046564050921,-0.14090123193758247,-0.540240320477655
2022-05-14,23.0,22.1,87.0,3.276,8.33,rain,15.5,13.9,1007.1,95.9,8.9,6.4,0.44,Rain,0.742280907086982,-0.6700888411055113,0.778243148526021,0.6279630576493379,24.5,24.0,26.0,24.0,24.7,25.7,84.7,88.3,83.1,0.032,37.705,2.0,8.33,8.33,37.5,rain,rain,rain,31.3,38.9,33.8,20.5,18.4,15.7,1003.8,1003.5,1004.0,87.9,80.7,63.7,8.7,9.4,8.7,10.1,13.0,15.9,0.4,0.37,0.34,Rain,Rain,Rain,0.8598522715968734,0.9483236552061993,0.9900236577165576,0.5105429179116058,0.3173046564050921,-0.14090123193758247
2022-05-15,24.0,21.8,83.9,5.027,8.33,rain,39.6,17.5,1008.9,92.9,7.9,7.2,0.47,Rain,0.7306444969184916,-0.6827580970759147,0.4383711467890774,0.898794046299167,23.0,24.5,24.0,22.1,24.0,24.7,87.0,84.7,88.3,3.276,0.032,37.705,8.33,8.33,8.33,rain,rain,rain,15.5,31.3,38.9,13.9,20.5,18.4,1007.1,1003.8,1003.5,95.9,87.9,80.7,8.9,8.7,9.4,6.4,10.1,13.0,0.44,0.4,0.37,Rain,Rain,Rain,0.778243148526021,0.8598522715968734,0.9483236552061993,0.6279630576493379,0.5105429179116058,0.3173046564050921
2022-05-16,22.0,16.2,62.2,0.021,4.17,rain,31.7,15.7,1013.7,96.8,10.0,6.5,0.5,Rain,0.7187918772884232,-0.6952253139408722,0.1976573403791262,0.9802711746217219,24.0,23.0,24.5,21.8,22.1,24.0,83.9,87.0,84.7,5.027,3.276,0.032,8.33,8.33,8.33,rain,rain,rain,39.6,15.5,31.3,17.5,13.9,20.5,1008.9,1007.1,1003.8,92.9,95.9,87.9,7.9,8.9,8.7,7.2,6.4,10.1,0.47,0.44,0.4,Rain,Rain,Rain,0.4383711467890774,0.778243148526021,0.8598522715968734,0.898794046299167,0.6279630576493379,0.5105429179116058
2022-05-17,20.5,17.2,64.6,0.0,0.0,noprecip,19.4,16.6,1013.2,86.0,10.0,21.1,0.54,Cloudy,0.7067265555776158,-0.7074868024503348,0.9819587126964436,-0.1890954429898914,22.0,24.0,23.0,16.2,21.8,22.1,62.2,83.9,87.0,0.021,5.027,3.276,4.17,8.33,8.33,rain,rain,rain,31.7,39.6,15.5,15.7,17.5,13.9,1013.7,1008.9,1007.1,96.8,92.9,95.9,10.0,7.9,8.9,6.5,7.2,6.4,0.5,0.47,0.44,Rain,Rain,Rain,0.1976573403791262,0.4383711467890774,0.778243148526021,0.9802711746217219,0.898794046299167,0.6279630576493379
2022-05-18,22.0,19.6,70.8,0.0,0.0,noprecip,24.1,20.4,1012.3,57.8,9.9,17.9,0.57,Cloudy,0.6944521021088763,-0.719538934232584,0.8396198645344131,-0.5431744499506708,20.5,22.0,24.0,17.2,16.2,21.8,64.6,62.2,83.9,0.0,0.021,5.027,0.0,4.17,8.33,noprecip,rain,rain,19.4,31.7,39.6,16.6,15.7,17.5,1013.2,1013.7,1008.9,86.0,96.8,92.9,10.0,10.0,7.9,21.1,6.5,7.2,0.54,0.5,0.47,Cloudy,Rain,Rain,0.9819587126964436,0.1976573403791262,0.4383711467890774,-0.1890954429898914,0.9802711746217219,0.898794046299167
2022-05-19,23.0,21.9,79.4,0.3,12.5,rain,23.0,15.7,1011.0,72.7,9.0,13.2,0.61,Rain,0.6819721490904629,-0.7313781428679254,0.8471219213821373,-0.5313985795180827,22.0,20.5,22.0,19.6,17.2,16.2,70.8,64.6,62.2,0.0,0.0,0.021,0.0,0.0,4.17,noprecip,noprecip,rain,24.1,19.4,31.7,20.4,16.6,15.7,1012.3,1013.2,1013.7,57.8,86.0,96.8,9.9,10.0,10.0,17.9,21.1,6.5,0.57,0.54,0.5,Cloudy,Cloudy,Rain,0.8396198645344131,0.9819587126964436,0.1976573403791262,-0.5431744499506708,-0.1890954429898914,0.9802711746217219
2022-05-20,24.0,23.4,81.6,2.6,37.5,rain,25.6,13.9,1008.6,74.8,9.1,8.5,0.64,Rain,0.6692903895412567,-0.7430009249440493,0.9578224948453149,-0.287360519849712,23.0,22.0,20.5,21.9,19.6,17.2,79.4,70.8,64.6,0.3,0.0,0.0,12.5,0.0,0.0,rain,noprecip,noprecip,23.0,24.1,19.4,15.7,20.4,16.6,1011.0,1012.3,1013.2,72.7,57.8,86.0,9.0,9.9,10.0,13.2,17.9,21.1,0.61,0.57,0.54,Rain,Cloudy,Cloudy,0.8471219213821373,0.8396198645344131,0.9819587126964436,-0.5313985795180827,-0.5431744499506708,-0.1890954429898914
2022-05-21,24.0,21.9,80.0,0.131,8.33,rain,33.5,17.5,1006.1,77.9,10.0,3.7,0.68,Rain,0.6564105761979381,-0.7544038410927472,0.6184083953575542,0.7858568931754019,24.0,23.0,22.0,23.4,21.9,19.6,81.6,79.4,70.8,2.6,0.3,0.0,37.5,12.5,0.0,rain,rain,noprecip,25.6,23.0,24.1,13.9,15.7,20.4,1008.6,1011.0,1012.3,74.8,72.7,57.8,9.1,9.0,9.9,8.5,13.2,17.9,0.64,0.61,0.57,Rain,Rain,Cloudy,0.9578224948453149,0.8471219213821373,0.8396198645344131,-0.287360519849712,-0.5313985795180827,-0.5431744499506708
2022-05-22,23.0,22.9,92.1,48.567,16.67,rain,108.0,19.4,1002.0,93.0,7.2,6.8,0.71,Rain,0.6433365204044917,-0.765583517007675,0.421035813367491,0.907044014291465,24.0,24.0,23.0,21.9,23.4,21.9,80.0,81.6,79.4,0.131,2.6,0.3,8.33,37.5,12.5,rain,rain,rain,33.5,25.6,23.0,17.5,13.9,15.7,1006.1,1008.6,1011.0,77.9,74.8,72.7,10.0,9.1,9.0,3.7,8.5,13.2,0.68,0.64,0.61,Rain,Rain,Rain,0.6184083953575542,0.9578224948453149,0.8471219213821373,0.7858568931754019,-0.287360519849712,-0.5313985795180827
2022-05-23,23.0,23.8,95.4,142.532,16.67,rain,34.6,19.4,1002.4,97.0,6.8,4.1,0.75,Rain,0.6300720909843687,-0.7765366444428655,0.23174790349415733,0.9727758782093966,23.0,24.0,24.0,22.9,21.9,23.4,92.1,80.0,81.6,48.567,0.131,2.6,16.67,8.33,37.5,rain,rain,rain,108.0,33.5,25.6,19.4,17.5,13.9,1002.0,1006.1,1008.6,93.0,77.9,74.8,7.2,10.0,9.1,6.8,3.7,8.5,0.71,0.68,0.64,Rain,Rain,Rain,0.421035813367491,0.6184083953575542,0.9578224948453149,0.907044014291465,0.7858568931754019,-0.287360519849712
2022-05-24,23.0,23.5,96.8,47.82,12.5,rain,32.8,15.7,1006.5,93.5,7.2,7.0,0.78,Rain,0.6166212130956382,-0.7872599821916922,-0.636078220277764,0.77162458338772,23.0,23.0,24.0,23.8,22.9,21.9,95.4,92.1,80.0,142.532,48.567,0.131,16.67,16.67,8.33,rain,rain,rain,34.6,108.0,33.5,19.4,19.4,17.5,1002.4,1002.0,1006.1,97.0,93.0,77.9,6.8,7.2,10.0,4.1,6.8,3.7,0.75,0.71,0.68,Rain,Rain,Rain,0.23174790349415733,0.421035813367491,0.6184083953575542,0.9727758782093966,0.907044014291465,0.7858568931754019
2022-05-25,24.0,24.7,87.4,0.2,8.33,rain,22.3,15.7,1005.5,85.3,7.4,14.9,0.82,Rain,0.6029878670694714,-0.7977503570459932,0.9980267284282716,-0.06279051952931318,23.0,23.0,23.0,23.5,23.8,22.9,96.8,95.4,92.1,47.82,142.532,48.567,12.5,16.67,16.67,rain,rain,rain,32.8,34.6,108.0,15.7,19.4,19.4,1006.5,1002.4,1002.0,93.5,97.0,93.0,7.2,6.8,7.2,7.0,4.1,6.8,0.78,0.75,0.71,Rain,Rain,Rain,-0.636078220277764,0.23174790349415733,0.421035813367491,0.77162458338772,0.9727758782093966,0.907044014291465
2022-05-26,26.0,25.4,82.8,0.053,4.17,rain,20.9,16.6,1001.7,75.9,8.5,18.5,0.85,Rain,0.5891760872322963,-0.8080046647350754,0.9982398279237652,-0.05930637357596187,24.0,23.0,23.0,24.7,23.5,23.8,87.4,96.8,95.4,0.2,47.82,142.532,8.33,12.5,16.67,rain,rain,rain,22.3,32.8,34.6,15.7,15.7,19.4,1005.5,1006.5,1002.4,85.3,93.5,97.0,7.4,7.2,6.8,14.9,7.0,4.1,0.82,0.78,0.75,Rain,Rain,Rain,0.9980267284282716,-0.636078220277764,0.23174790349415733,-0.06279051952931318,0.77162458338772,0.9727758782093966
2022-05-27,24.5,25.3,86.0,6.926,4.17,rain,22.3,23.2,1000.3,64.4,9.7,10.1,0.89,Rain,0.5751899607119775,-0.8180198708443175,0.9985366703262117,-0.054078812984774974,26.0,24.0,23.0,25.4,24.7,23.5,82.8,87.4,96.8,0.053,0.2,47.82,4.17,8.33,12.5,rain,rain,rain,20.9,22.3,32.8,16.6,15.7,15.7,1001.7,1005.5,1006.5,75.9,85.3,93.5,8.5,7.4,7.2,18.5,14.9,7.0,0.85,0.82,0.78,Rain,Rain,Rain,0.9982398279237652,0.9980267284282716,-0.636078220277764,-0.05930637357596187,-0.06279051952931318,0.77162458338772
2022-05-28,26.0,26.2,86.3,32.651,8.33,rain,22.3,22.3,1000.4,82.6,8.5,12.1,0.92,Rain,0.5610336262283677,-0.8277930117131022,0.9933727656003964,-0.11493715049286649,24.5,26.0,24.0,25.3,25.4,24.7,86.0,82.8,87.4,6.926,0.053,0.2,4.17,4.17,8.33,rain,rain,rain,22.3,20.9,22.3,23.2,16.6,15.7,1000.3,1001.7,1005.5,64.4,75.9,85.3,9.7,8.5,7.4,10.1,18.5,14.9,0.89,0.85,0.82,Rain,Rain,Rain,0.9985366703262117,0.9982398279237652,0.9980267284282716,-0.054078812984774974,-0.05930637357596187,-0.06279051952931318
2022-05-29,25.7,25.9,87.3,19.788,8.33,rain,22.0,23.2,1001.6,78.8,9.0,13.3,0.96,Rain,0.5467112728685939,-0.8373211953118121,0.9937679191605964,-0.11146893220632534,26.0,24.5,26.0,26.2,25.3,25.4,86.3,86.0,82.8,32.651,6.926,0.053,8.33,4.17,4.17,rain,rain,rain,22.3,22.3,20.9,22.3,23.2,16.6,1000.4,1000.3,1001.7,82.6,64.4,75.9,8.5,9.7,8.5,12.1,10.1,18.5,0.92,0.89,0.85,Rain,Rain,Rain,0.9933727656003964,0.9985366703262117,0.9982398279237652,-0.11493715049286649,-0.054078812984774974,-0.05930637357596187
2022-05-30,25.5,26.0,88.0,0.105,8.33,rain,26.3,17.6,1003.1,79.6,9.0,11.7,0.0,Rain,0.5322271388474397,-0.8466016020976267,0.9770455744352636,0.2130303862749766,25.7,26.0,24.5,25.9,26.2,25.3,87.3,86.3,86.0,19.788,32.651,6.926,8.33,8.33,4.17,rain,rain,rain,22.0,22.3,22.3,23.2,22.3,23.2,1001.6,1000.4,1000.3,78.8,82.6,64.4,9.0,8.5,9.7,13.3,12.1,10.1,0.96,0.92,0.89,Rain,Rain,Rain,0.9937679191605964,0.9933727656003964,0.9985366703262117,-0.11146893220632534,-0.11493715049286649,-0.054078812984774974
2022-05-31,24.0,24.4,85.4,58.624,12.5,rain,20.9,16.6,1004.5,68.3,9.1,9.9,0.02,Rain,0.5175855102531889,-0.8556314858488706,0.9781476007338056,0.20791169081775945,25.5,25.7,26.0,26.0,25.9,26.2,88.0,87.3,86.3,0.105,19.788,32.651,8.33,8.33,8.33,rain,rain,rain,26.3,22.0,22.3,17.6,23.2,22.3,1003.1,1001.6,1000.4,79.6,78.8,82.6,9.0,9.0,8.5,11.7,13.3,12.1,0.0,0.96,0.92,Rain,Rain,Rain,0.9770455744352636,0.9937679191605964,0.9933727656003964,0.2130303862749766,-0.11146893220632534,-0.11493715049286649
2022-06-01,25.5,25.4,82.9,24.736,4.17,rain,28.1,26.8,1003.9,63.7,8.6,21.8,0.06,Rain,0.5027907197793043,-0.8644081744776648,0.8660254037844387,-0.4999999999999998,24.0,25.5,25.7,24.4,26.0,25.9,85.4,88.0,87.3,58.624,0.105,19.788,12.5,8.33,8.33,rain,rain,rain,20.9,26.3,22.0,16.6,17.6,23.2,1004.5,1003.1,1001.6,68.3,79.6,78.8,9.1,9.0,9.0,9.9,11.7,13.3,0.02,0.0,0.96,Rain,Rain,Rain,0.9781476007338056,0.9770455744352636,0.9937679191605964,0.20791169081775945,0.2130303862749766,-0.11146893220632534
2022-06-02,26.0,25.9,80.2,3.958,4.17,rain,35.6,15.7,1002.1,68.8,8.7,12.2,0.09,Rain,0.4878471454423119,-0.8729290708206411,0.8980275757606156,-0.43993916985591514,25.5,24.0,25.5,25.4,24.4,26.0,82.9,85.4,88.0,24.736,58.624,0.105,4.17,12.5,8.33,rain,rain,rain,28.1,20.9,26.3,26.8,16.6,17.6,1003.9,1004.5,1003.1,63.7,68.3,79.6,8.6,9.1,9.0,21.8,9.9,11.7,0.06,0.02,0.0,Rain,Rain,Rain,0.8660254037844387,0.9781476007338056,0.9770455744352636,-0.4999999999999998,0.20791169081775945,0.2130303862749766
2022-06-03,26.0,24.9,72.5,0.18,4.17,rain,39.2,16.6,1000.5,80.0,10.1,15.0,0.12,Rain,0.47275920928627757,-0.881191653407483,0.7501110696304594,-0.661311865323652,26.0,25.5,24.0,25.9,25.4,24.4,80.2,82.9,85.4,3.958,24.736,58.624,4.17,4.17,12.5,rain,rain,rain,35.6,28.1,20.9,15.7,26.8,16.6,1002.1,1003.9,1004.5,68.8,63.7,68.3,8.7,8.6,9.1,12.2,21.8,9.9,0.09,0.06,0.02,Rain,Rain,Rain,0.8980275757606156,0.8660254037844387,0.9781476007338056,-0.43993916985591514,-0.4999999999999998,0.20791169081775945
2022-06-04,30.6,25.1,67.9,0.0,0.0,noprecip,35.6,16.6,1000.0,70.1,10.6,25.5,0.16,Cloudy,0.4575313760742512,-0.8891934772070711,0.8319541221304825,-0.5548444274479994,26.0,26.0,25.5,24.9,25.9,25.4,72.5,80.2,82.9,0.18,3.958,24.736,4.17,4.17,4.17,rain,rain,rain,39.2,35.6,28.1,16.6,15.7,26.8,1000.5,1002.1,1003.9,80.0,68.8,63.7,10.1,8.7,8.6,15.0,12.2,21.8,0.12,0.09,0.06,Rain,Rain,Rain,0.7501110696304594,0.8980275757606156,0.8660254037844387,-0.661311865323652,-0.43993916985591514,-0.4999999999999998
2022-06-05,31.2,26.2,77.0,0.6,4.17,rain,29.5,15.7,1000.2,65.2,11.2,19.6,0.19,Rain,0.44216815196707204,-0.8969321743510065,0.9085081775267217,0.41786707380107685,30.6,26.0,26.0,25.1,24.9,25.9,67.9,72.5,80.2,0.0,0.18,3.958,0.0,4.17,4.17,noprecip,rain,rain,35.6,39.2,35.6,16.6,16.6,15.7,1000.0,1000.5,1002.1,70.1,80.0,68.8,10.6,10.1,8.7,25.5,15.0,12.2,0.16,0.12,0.09,Cloudy,Rain,Rain,0.8319541221304825,0.7501110696304594,0.8980275757606156,-0.5548444274479994,-0.661311865323652,-0.43993916985591514
2022-06-06,25.0,25.2,83.9,4.947,4.17,rain,32.0,15.7,1002.4,62.0,10.6,12.7,0.22,Rain,0.42667408318992467,-0.9044054548343001,0.04884976979561326,0.9988061373414341,31.2,30.6,26.0,26.2,25.1,24.9,77.0,67.9,72.5,0.6,0.0,0.18,4.17,0.0,4.17,rain,noprecip,rain,29.5,35.6,39.2,15.7,16.6,16.6,1000.2,1000.0,1000.5,65.2,70.1,80.0,11.2,10.6,10.1,19.6,25.5,15.0,0.19,0.16,0.12,Rain,Cloudy,Rain,0.9085081775267217,0.8319541221304825,0.7501110696304594,0.41786707380107685,-0.5548444274479994,-0.661311865323652
2022-06-07,24.6,24.9,82.6,6.343,12.5,rain,17.6,13.9,1003.6,71.8,9.8,8.8,0.25,Rain,0.4110537546870351,-0.9116111071930239,-0.96409540423411,-0.26555611748680913,25.0,31.2,30.6,25.2,26.2,25.1,83.9,77.0,67.9,4.947,0.6,0.0,4.17,4.17,0.0,rain,rain,noprecip,32.0,29.5,35.6,15.7,15.7,16.6,1002.4,1000.2,1000.0,62.0,65.2,70.1,10.6,11.2,10.6,12.7,19.6,25.5,0.22,0.19,0.16,Rain,Rain,Cloudy,0.04884976979561326,0.9085081775267217,0.8319541221304825,0.9988061373414341,0.41786707380107685,-0.5548444274479994
2022-06-08,25.5,25.2,86.5,6.926,4.17,rain,26.6,11.2,1003.1,71.7,8.2,17.4,0.29,Rain,0.3953117887649151,-0.9185469991587165,0.9685831611286311,0.24868988716485496,24.6,25.0,31.2,24.9,25.2,26.2,82.6,83.9,77.0,6.343,4.947,0.6,12.5,4.17,4.17,rain,rain,rain,17.6,32.0,29.5,13.9,15.7,15.7,1003.6,1002.4,1000.2,71.8,62.0,65.2,9.8,10.6,11.2,8.8,12.7,19.6,0.25,0.22,0.19,Rain,Rain,Rain,-0.96409540423411,0.04884976979561326,0.9085081775267217,-0.26555611748680913,0.9988061373414341,0.41786707380107685
2022-06-09,25.6,25.4,82.0,0.021,4.17,rain,28.4,12.1,1002.6,64.0,8.2,18.6,0.32,Rain,0.37945284372454435,-0.925211078289358,0.9499720515246525,0.3123349185122326,25.5,24.6,25.0,25.2,24.9,25.2,86.5,82.6,83.9,6.926,6.343,4.947,4.17,12.5,4.17,rain,rain,rain,26.6,17.6,32.0,11.2,13.9,15.7,1003.1,1003.6,1002.4,71.7,71.8,62.0,8.2,9.8,10.6,17.4,8.8,12.7,0.29,0.25,0.22,Rain,Rain,Rain,0.9685831611286311,-0.96409540423411,0.04884976979561326,0.24868988716485496,-0.26555611748680913,0.9988061373414341
2022-06-10,30.9,26.3,81.5,1.5,20.83,rain,31.7,13.0,1001.1,48.2,8.6,15.2,0.36,Rain,0.36348161248290634,-0.9316013725767187,0.9460853588275453,0.32391741819814956,25.6,25.5,24.6,25.4,25.2,24.9,82.0,86.5,82.6,0.021,6.926,6.343,4.17,4.17,12.5,rain,rain,rain,28.4,26.6,17.6,12.1,11.2,13.9,1002.6,1003.1,1003.6,64.0,71.7,71.8,8.2,8.2,9.8,18.6,17.4,8.8,0.32,0.29,0.25,Rain,Rain,Rain,0.9499720515246525,0.9685831611286311,-0.96409540423411,0.3123349185122326,0.24868988716485496,-0.26555611748680913
2022-06-11,26.0,25.8,87.1,0.495,8.33,rain,34.9,12.1,1003.3,54.6,9.0,9.4,0.39,Rain,0.3474028211842774,-0.9377159910299093,0.6717205893229902,0.74080459628675,30.9,25.6,25.5,26.3,25.4,25.2,81.5,82.0,86.5,1.5,0.021,6.926,20.83,4.17,4.17,rain,rain,rain,31.7,28.4,26.6,13.0,12.1,11.2,1001.1,1002.6,1003.1,48.2,64.0,71.7,8.6,8.2,8.2,15.2,18.6,17.4,0.36,0.32,0.29,Rain,Rain,Rain,0.9460853588275453,0.9499720515246525,0.9685831611286311,0.32391741819814956,0.3123349185122326,0.24868988716485496
2022-06-12,33.6,26.1,77.2,0.099,4.17,rain,35.6,13.9,1003.5,82.4,7.7,14.0,0.42,Rain,0.3312212278016865,-0.9435531242349544,0.6534206039901056,-0.7569950556517563,26.0,30.9,25.6,25.8,26.3,25.4,87.1,81.5,82.0,0.495,1.5,0.021,8.33,20.83,4.17,rain,rain,rain,34.9,31.7,28.4,12.1,13.0,12.1,1003.3,1001.1,1002.6,54.6,48.2,64.0,9.0,8.6,8.2,9.4,15.2,18.6,0.39,0.36,0.32,Rain,Rain,Rain,0.6717205893229902,0.9460853588275453,0.9499720515246525,0.74080459628675,0.32391741819814956,0.3123349185122326
2022-06-13,25.7,25.6,75.0,0.074,4.17,rain,25.6,23.2,1003.1,60.8,9.3,18.8,0.46,Rain,0.31494162072895193,-0.9491110448902284,0.5792811723426788,0.8151277957285542,33.6,26.0,30.9,26.1,25.8,26.3,77.2,87.1,81.5,0.099,0.495,1.5,4.17,8.33,20.83,rain,rain,rain,35.6,34.9,31.7,13.9,12.1,13.0,1003.5,1003.3,1001.1,82.4,54.6,48.2,7.7,9.0,8.6,14.0,9.4,15.2,0.42,0.39,0.36,Rain,Rain,Rain,0.6534206039901056,0.6717205893229902,0.9460853588275453,-0.7569950556517563,0.74080459628675,0.32391741819814956
2022-06-14,25.0,24.8,85.7,56.645,12.5,rain,20.9,17.0,1006.9,71.2,9.9,11.1,0.5,Rain,0.2985688173637202,-0.9543881083175908,-0.8028174751911145,0.5962248749656158,25.7,33.6,26.0,25.6,26.1,25.8,75.0,77.2,87.1,0.074,0.099,0.495,4.17,4.17,8.33,rain,rain,rain,25.6,35.6,34.9,23.2,13.9,12.1,1003.1,1003.5,1003.3,60.8,82.4,54.6,9.3,7.7,9.0,18.8,14.0,9.4,0.46,0.42,0.39,Rain,Rain,Rain,0.5792811723426788,0.6534206039901056,0.6717205893229902,0.8151277957285542,-0.7569950556517563,0.74080459628675
2022-06-15,25.7,24.6,81.3,19.894,8.33,rain,20.2,13.0,1007.5,85.2,10.0,11.7,0.52,Rain,0.2821076626819194,-0.9593827529490743,-0.3387379202452915,-0.9408807689542255,25.0,25.7,33.6,24.8,25.6,26.1,85.7,75.0,77.2,56.645,0.074,0.099,12.5,4.17,4.17,rain,rain,rain,20.9,25.6,35.6,17.0,23.2,13.9,1006.9,1003.1,1003.5,71.2,60.8,82.4,9.9,9.3,7.7,11.1,18.8,14.0,0.5,0.46,0.42,Rain,Rain,Rain,-0.8028174751911145,0.5792811723426788,0.6534206039901056,0.5962248749656158,0.8151277957285542,-0.7569950556517563
2022-06-16,25.5,25.1,76.4,0.998,4.17,rain,36.0,13.0,1005.6,70.1,9.7,18.3,0.56,Rain,0.26556302780405594,-0.9640935007889755,0.6921431738704071,-0.7217602280983618,25.7,25.0,25.7,24.6,24.8,25.6,81.3,85.7,75.0,19.894,56.645,0.074,8.33,12.5,4.17,rain,rain,rain,20.2,20.9,25.6,13.0,17.0,23.2,1007.5,1006.9,1003.1,85.2,71.2,60.8,10.0,9.9,9.3,11.7,11.1,18.8,0.52,0.5,0.46,Rain,Rain,Rain,-0.3387379202452915,-0.8028174751911145,0.5792811723426788,-0.9408807689542255,0.5962248749656158,0.8151277957285542
2022-06-17,26.0,24.3,67.4,0.127,4.17,rain,37.1,14.8,1002.6,82.6,9.9,19.2,0.59,Rain,0.24893980855376657,-0.9685189578512204,0.054078812984775154,-0.9985366703262117,25.5,25.7,25.0,25.1,24.6,24.8,76.4,81.3,85.7,0.998,19.894,56.645,4.17,8.33,12.5,rain,rain,rain,36.0,20.2,20.9,13.0,13.0,17.0,1005.6,1007.5,1006.9,70.1,85.2,71.2,9.7,10.0,9.9,18.3,11.7,11.1,0.56,0.52,0.5,Rain,Rain,Rain,0.6921431738704071,-0.3387379202452915,-0.8028174751911145,-0.7217602280983618,-0.9408807689542255,0.5962248749656158
2022-06-18,32.4,23.8,62.7,0.0,0.0,noprecip,29.5,19.4,1000.2,75.7,11.4,22.1,0.63,Cloudy,0.23224292400907015,-0.9726578145718654,-0.5165333288666417,-0.8562670846003283,26.0,25.5,25.7,24.3,25.1,24.6,67.4,76.4,81.3,0.127,0.998,19.894,4.17,4.17,8.33,rain,rain,rain,37.1,36.0,20.2,14.8,13.0,13.0,1002.6,1005.6,1007.5,82.6,70.1,85.2,9.9,9.7,10.0,19.2,18.3,11.7,0.59,0.56,0.52,Rain,Rain,Rain,0.054078812984775154,0.6921431738704071,-0.3387379202452915,-0.9985366703262117,-0.7217602280983618,-0.9408807689542255
2022-06-19,33.1,24.0,59.0,0.0,0.0,noprecip,34.9,15.7,999.2,64.0,11.7,25.7,0.66,Cloudy,0.21547731504673012,-0.976508846196619,-0.6156614753256578,-0.7880107536067222,32.4,26.0,25.5,23.8,24.3,25.1,62.7,67.4,76.4,0.0,0.127,0.998,0.0,4.17,4.17,noprecip,rain,rain,29.5,37.1,36.0,19.4,14.8,13.0,1000.2,1002.6,1005.6,75.7,82.6,70.1,11.4,9.9,9.7,22.1,19.2,18.3,0.63,0.59,0.56,Cloudy,Rain,Rain,-0.5165333288666417,0.054078812984775154,0.6921431738704071,-0.8562670846003283,-0.9985366703262117,-0.7217602280983618
2022-06-20,35.1,24.5,60.0,0.0,0.0,noprecip,30.6,15.7,998.3,75.6,10.8,24.9,0.7,Cloudy,0.19864794288017112,-0.9800709131432666,0.005235963831420265,-0.9999862922474267,33.1,32.4,26.0,24.0,23.8,24.3,59.0,62.7,67.4,0.0,0.0,0.127,0.0,0.0,4.17,noprecip,noprecip,rain,34.9,29.5,37.1,15.7,19.4,14.8,999.2,1000.2,1002.6,64.0,75.7,82.6,11.7,11.4,9.9,25.7,22.1,19.2,0.66,0.63,0.59,Cloudy,Cloudy,Rain,-0.6156614753256578,-0.5165333288666417,0.054078812984775154,-0.7880107536067222,-0.8562670846003283,-0.9985366703262117
2022-06-21,34.6,25.3,65.0,0.1,4.17,rain,28.4,22.3,998.9,67.3,11.7,24.7,0.75,Rain,0.18175978759137534,-0.9833429613388902,0.7466381822853917,-0.6652303546543604,35.1,33.1,32.4,24.5,24.0,23.8,60.0,59.0,62.7,0.0,0.0,0.0,0.0,0.0,0.0,noprecip,noprecip,noprecip,30.6,34.9,29.5,15.7,15.7,19.4,998.3,999.2,1000.2,75.6,64.0,75.7,10.8,11.7,11.4,24.9,25.7,22.1,0.7,0.66,0.63,Cloudy,Cloudy,Cloudy,0.005235963831420265,-0.6156614753256578,-0.5165333288666417,-0.9999862922474267,-0.7880107536067222,-0.8562670846003283
2022-06-22,29.6,25.9,72.2,0.2,8.33,rain,31.0,25.9,1004.0,64.4,11.5,19.8,0.76,Rain,0.16481784665719793,-0.9863240225317866,0.92783625389892,-0.37298778257580883,34.6,35.1,33.1,25.3,24.5,24.0,65.0,60.0,59.0,0.1,0.0,0.0,4.17,0.0,0.0,rain,noprecip,noprecip,28.4,30.6,34.9,22.3,15.7,15.7,998.9,998.3,999.2,67.3,75.6,64.0,11.7,10.8,11.7,24.7,24.9,25.7,0.75,0.7,0.66,Rain,Cloudy,Cloudy,0.7466381822853917,0.005235963831420265,-0.6156614753256578,-0.6652303546543604,-0.9999862922474267,-0.7880107536067222
2022-06-23,24.0,25.0,84.2,2.968,4.17,rain,23.0,15.7,1007.4,71.3,9.9,23.2,0.8,Rain,0.14782713347053048,-0.9890132145779883,0.9931706495384861,-0.11667073709933316,29.6,34.6,35.1,25.9,25.3,24.5,72.2,65.0,60.0,0.2,0.1,0.0,8.33,4.17,0.0,rain,rain,noprecip,31.0,28.4,30.6,25.9,22.3,15.7,1004.0,998.9,998.3,64.4,67.3,75.6,11.5,11.7,10.8,19.8,24.7,24.9,0.76,0.75,0.7,Rain,Rain,Cloudy,0.92783625389892,0.7466381822853917,0.005235963831420265,-0.37298778257580883,-0.6652303546543604,-0.9999862922474267
2022-06-24,30.6,25.1,74.9,0.4,16.67,rain,27.7,20.3,1006.6,44.0,10.7,24.2,0.83,Rain,0.13079267585675922,-0.9914097417023038,0.7671651518152998,-0.6414496315691576,24.0,29.6,34.6,25.0,25.9,25.3,84.2,72.2,65.0,2.968,0.2,0.1,4.17,8.33,4.17,rain,rain,rain,23.0,31.0,28.4,15.7,25.9,22.3,1007.4,1004.0,998.9,71.3,64.4,67.3,9.9,11.5,11.7,23.2,19.8,24.7,0.8,0.76,0.75,Rain,Rain,Rain,0.9931706495384861,0.92783625389892,0.7466381822853917,-0.11667073709933316,-0.37298778257580883,-0.6652303546543604
2022-06-25,26.5,24.3,70.5,0.1,4.17,rain,28.4,19.4,1005.2,36.8,11.2,23.4,0.87,Rain,0.11371951458594969,-0.9935128947338007,0.7046342099635949,-0.7095707365365207,30.6,24.0,29.6,25.1,25.0,25.9,74.9,84.2,72.2,0.4,2.968,0.2,16.67,4.17,8.33,rain,rain,rain,27.7,23.0,31.0,20.3,15.7,25.9,1006.6,1007.4,1004.0,44.0,71.3,64.4,10.7,9.9,11.5,24.2,23.2,19.8,0.83,0.8,0.76,Rain,Rain,Rain,0.7671651518152998,0.9931706495384861,0.92783625389892,-0.6414496315691576,-0.11667073709933316,-0.37298778257580883
2022-06-26,30.6,25.4,76.4,0.989,4.17,rain,28.4,21.4,1006.0,54.9,11.1,24.0,0.9,Rain,0.0966127018812031,-0.9953220513156602,0.794414620535418,-0.6073758397232868,26.5,30.6,24.0,24.3,25.1,25.0,70.5,74.9,84.2,0.1,0.4,2.968,4.17,16.67,4.17,rain,rain,rain,28.4,27.7,23.0,19.4,20.3,15.7,1005.2,1006.6,1007.4,36.8,44.0,71.3,11.2,10.7,9.9,23.4,24.2,23.2,0.87,0.83,0.8,Rain,Rain,Rain,0.7046342099635949,0.7671651518152998,0.9931706495384861,-0.7095707365365207,-0.6414496315691576,-0.11667073709933316
2022-06-27,33.6,25.5,71.0,0.0,0.0,noprecip,36.4,21.4,1004.2,60.8,12.0,26.1,0.93,Cloudy,0.07947729992362097,-0.9968366760893436,0.6293203910498377,-0.7771459614569707,30.6,26.5,30.6,25.4,24.3,25.1,76.4,70.5,74.9,0.989,0.1,0.4,4.17,4.17,16.67,rain,rain,rain,28.4,28.4,27.7,21.4,19.4,20.3,1006.0,1005.2,1006.6,54.9,36.8,44.0,11.1,11.2,10.7,24.0,23.4,24.2,0.9,0.87,0.83,Rain,Rain,Rain,0.794414620535418,0.7046342099635949,0.7671651518152998,-0.6073758397232868,-0.7095707365365207,-0.6414496315691576
2022-06-28,34.5,25.7,70.0,0.0,0.0,noprecip,23.8,19.4,1001.5,62.4,11.9,25.9,0.97,Cloudy,0.062318379354325076,-0.998056320853012,0.9862856015372314,-0.1650476058606777,33.6,30.6,26.5,25.5,25.4,24.3,71.0,76.4,70.5,0.0,0.989,0.1,0.0,4.17,4.17,noprecip,rain,rain,36.4,28.4,28.4,21.4,21.4,19.4,1004.2,1006.0,1005.2,60.8,54.9,36.8,12.0,11.1,11.2,26.1,24.0,23.4,0.93,0.9,0.87,Cloudy,Rain,Rain,0.6293203910498377,0.794414620535418,0.7046342099635949,-0.7771459614569707,-0.6073758397232868,-0.7095707365365207
2022-06-29,32.8,25.7,75.5,0.307,4.17,rain,28.4,13.9,1000.4,70.5,10.9,16.1,0.0,Rain,0.04514101777397193,-0.9989806246941579,0.6832737736807992,0.7301622766207523,34.5,33.6,30.6,25.7,25.5,25.4,70.0,71.0,76.4,0.0,0.0,0.989,0.0,0.0,4.17,noprecip,noprecip,rain,23.8,36.4,28.4,19.4,21.4,21.4,1001.5,1004.2,1006.0,62.4,60.8,54.9,11.9,12.0,11.1,25.9,26.1,24.0,0.97,0.93,0.9,Cloudy,Cloudy,Rain,0.9862856015372314,0.6293203910498377,0.794414620535418,-0.1650476058606777,-0.7771459614569707,-0.6073758397232868
2022-06-30,23.5,25.2,83.7,50.81,8.33,rain,19.1,12.8,1001.3,65.0,9.4,13.7,0.04,Rain,0.02795029824021032,-0.999609314096404,-0.32391741819814873,0.9460853588275455,32.8,34.5,33.6,25.7,25.7,25.5,75.5,70.0,71.0,0.307,0.0,0.0,4.17,0.0,0.0,rain,noprecip,noprecip,28.4,23.8,36.4,13.9,19.4,21.4,1000.4,1001.5,1004.2,70.5,62.4,60.8,10.9,11.9,12.0,16.1,25.9,26.1,0.0,0.97,0.93,Rain,Cloudy,Cloudy,0.6832737736807992,0.9862856015372314,0.6293203910498377,0.7301622766207523,-0.1650476058606777,-0.7771459614569707
2022-07-01,30.1,25.1,80.2,0.222,12.5,rain,26.6,16.5,1000.9,67.6,9.6,13.9,0.07,Rain,0.01075130776352193,-0.9999422030204416,-0.6921431738704066,0.7217602280983624,23.5,32.8,34.5,25.2,25.7,25.7,83.7,75.5,70.0,50.81,0.307,0.0,8.33,4.17,0.0,rain,rain,noprecip,19.1,28.4,23.8,12.8,13.9,19.4,1001.3,1000.4,1001.5,65.0,70.5,62.4,9.4,10.9,11.9,13.7,16.1,25.9,0.04,0.0,0.97,Rain,Rain,Cloudy,-0.32391741819814873,0.6832737736807992,0.9862856015372314,0.9460853588275455,0.7301622766207523,-0.1650476058606777
2022-07-02,26.0,25.0,74.1,0.4,16.67,rain,53.6,28.0,997.4,81.2,9.7,22.6,0.11,Rain,-0.00645086419810515,-0.9999791929590823,-0.7120260459909963,0.7021530529951626,30.1,23.5,32.8,25.1,25.2,25.7,80.2,83.7,75.5,0.222,50.81,0.307,12.5,8.33,4.17,rain,rain,rain,26.6,19.1,28.4,16.5,12.8,13.9,1000.9,1001.3,1000.4,67.6,65.0,70.5,9.6,9.4,10.9,13.9,13.7,16.1,0.07,0.04,0.0,Rain,Rain,Rain,-0.6921431738704066,-0.32391741819814873,0.6832737736807992,0.7217602280983624,0.9460853588275455,0.7301622766207523
2022-07-03,26.0,25.5,73.1,2.772,8.33,rain,21.6,11.2,997.3,80.8,10.7,20.9,0.14,Rain,-0.023651127245231586,-0.9997202729664083,-0.841510781945306,-0.5402403204776551,26.0,30.1,23.5,25.0,25.1,25.2,74.1,80.2,83.7,0.4,0.222,50.81,16.67,12.5,8.33,rain,rain,rain,53.6,26.6,19.1,28.0,16.5,12.8,997.4,1000.9,1001.3,81.2,67.6,65.0,9.7,9.6,9.4,22.6,13.9,13.7,0.11,0.07,0.04,Rain,Rain,Rain,-0.7120260459909963,-0.6921431738704066,-0.32391741819814873,0.7021530529951626,0.7217602280983624,0.9460853588275455
2022-07-04,37.0,26.8,72.9,0.0,0.0,noprecip,22.0,15.7,997.7,67.4,10.0,22.9,0.17,Cloudy,-0.04084439154329611,-0.9991655196610109,0.9205048534524403,0.39073112848927394,26.0,26.0,30.1,25.5,25.0,25.1,73.1,74.1,80.2,2.772,0.4,0.222,8.33,16.67,12.5,rain,rain,rain,21.6,53.6,26.6,11.2,28.0,16.5,997.3,997.4,1000.9,80.8,81.2,67.6,10.7,9.7,9.6,20.9,22.6,13.9,0.14,0.11,0.07,Rain,Rain,Rain,-0.841510781945306,-0.7120260459909963,-0.6921431738704066,-0.5402403204776551,0.7021530529951626,0.7217602280983624
2022-07-05,24.7,26.3,79.7,84.377,4.17,rain,35.3,24.0,1000.4,68.5,9.6,22.5,0.21,Rain,-0.05802556932878035,-0.9983150972033183,0.9841956079692419,0.17708474031958338,37.0,26.0,26.0,26.8,25.5,25.0,72.9,73.1,74.1,0.0,2.772,0.4,0.0,8.33,16.67,noprecip,rain,rain,22.0,21.6,53.6,15.7,11.2,28.0,997.7,997.3,997.4,67.4,80.8,81.2,10.0,10.7,9.7,22.9,20.9,22.6,0.17,0.14,0.11,Cloudy,Rain,Rain,0.9205048534524403,-0.841510781945306,-0.7120260459909963,0.39073112848927394,-0.5402403204776551,0.7021530529951626
2022-07-06,25.0,25.3,85.4,7.938,8.33,rain,16.6,12.1,1003.3,67.5,8.5,12.0,0.24,Rain,-0.07518957641475855,-0.9971692572470178,0.9895257890689695,-0.14435620100097324,24.7,37.0,26.0,26.3,26.8,25.5,79.7,72.9,73.1,84.377,0.0,2.772,4.17,0.0,8.33,rain,noprecip,rain,35.3,22.0,21.6,24.0,15.7,11.2,1000.4,997.7,997.3,68.5,67.4,80.8,9.6,10.0,10.7,22.5,22.9,20.9,0.21,0.17,0.14,Rain,Cloudy,Rain,0.9841956079692419,0.9205048534524403,-0.841510781945306,0.17708474031958338,0.39073112848927394,-0.5402403204776551
2022-07-07,25.0,25.1,86.6,23.747,4.17,rain,20.9,13.9,1003.0,88.6,9.3,10.9,0.25,Rain,-0.09233133369539122,-0.9957283388645872,0.9578224948453149,0.2873605198497121,25.0,24.7,37.0,25.3,26.3,26.8,85.4,79.7,72.9,7.938,84.377,0.0,8.33,4.17,0.0,rain,rain,noprecip,16.6,35.3,22.0,12.1,24.0,15.7,1003.3,1000.4,997.7,67.5,68.5,67.4,8.5,9.6,10.0,12.0,22.5,22.9,0.24,0.21,0.17,Rain,Rain,Cloudy,0.9895257890689695,0.9841956079692419,0.9205048534524403,-0.14435620100097324,0.17708474031958338,0.39073112848927394
2022-07-08,25.5,25.2,87.7,0.602,4.17,rain,24.5,12.1,1004.1,68.1,9.7,10.2,0.31,Rain,-0.10944576864891556,-0.993992768446958,0.9063077870366499,0.42261826174069944,25.0,25.0,24.7,25.1,25.3,26.3,86.6,85.4,79.7,23.747,7.938,84.377,4.17,8.33,4.17,rain,rain,rain,20.9,16.6,35.3,13.9,12.1,24.0,1003.0,1003.3,1000.4,88.6,67.5,68.5,9.3,8.5,9.6,10.9,12.0,22.5,0.25,0.24,0.21,Rain,Rain,Rain,0.9578224948453149,0.9895257890689695,0.9841956079692419,0.2873605198497121,-0.14435620100097324,0.17708474031958338
2022-07-09,25.0,25.3,87.9,1.388,8.33,rain,18.7,17.8,1004.3,61.0,9.5,12.2,0.34,Rain,-0.12652781683868314,-0.9919630595773397,0.9645574184577981,0.263873049965373,25.5,25.0,25.0,25.2,25.1,25.3,87.7,86.6,85.4,0.602,23.747,7.938,4.17,4.17,8.33,rain,rain,rain,24.5,20.9,16.6,12.1,13.9,12.1,1004.1,1003.0,1003.3,68.1,88.6,67.5,9.7,9.3,8.5,10.2,10.9,12.0,0.31,0.25,0.24,Rain,Rain,Rain,0.9063077870366499,0.9578224948453149,0.9895257890689695,0.42261826174069944,0.2873605198497121,-0.14435620100097324
2022-07-10,25.7,25.2,79.1,0.219,8.33,rain,20.2,10.3,1004.8,52.2,10.0,18.9,0.38,Rain,-0.1435724234118113,-0.9896398128792412,0.3387379202452914,0.9408807689542255,25.0,25.5,25.0,25.3,25.2,25.1,87.9,87.7,86.6,1.388,0.602,23.747,8.33,4.17,4.17,rain,rain,rain,18.7,24.5,20.9,17.8,12.1,13.9,1004.3,1004.1,1003.0,61.0,68.1,88.6,9.5,9.7,9.3,12.2,10.2,10.9,0.34,0.31,0.25,Rain,Rain,Rain,0.9645574184577981,0.9063077870366499,0.9578224948453149,0.263873049965373,0.42261826174069944,0.2873605198497121
2022-07-11,30.6,25.7,79.8,11.338,12.5,rain,29.2,16.6,1004.7,54.0,11.6,17.1,0.41,Rain,-0.16057454459499376,-0.9870237158387383,0.7954734808548959,0.605988400265711,25.7,25.0,25.5,25.2,25.3,25.2,79.1,87.9,87.7,0.219,1.388,0.602,8.33,8.33,4.17,rain,rain,rain,20.2,18.7,24.5,10.3,17.8,12.1,1004.8,1004.3,1004.1,52.2,61.0,68.1,10.0,9.5,9.7,18.9,12.2,10.2,0.38,0.34,0.31,Rain,Rain,Rain,0.3387379202452914,0.9645574184577981,0.9063077870366499,0.9408807689542255,0.263873049965373,0.42261826174069944
2022-07-12,32.0,26.1,81.7,1.153,12.5,rain,30.6,17.0,1004.6,60.6,9.9,12.0,0.45,Rain,-0.17752914918703497,-0.984115542601034,0.9943379441332046,-0.10626407133623318,30.6,25.7,25.0,25.7,25.2,25.3,79.8,79.1,87.9,11.338,0.219,1.388,12.5,8.33,8.33,rain,rain,rain,29.2,20.2,18.7,16.6,10.3,17.8,1004.7,1004.8,1004.3,54.0,52.2,61.0,11.6,10.0,9.5,17.1,18.9,12.2,0.41,0.38,0.34,Rain,Rain,Rain,0.7954734808548959,0.3387379202452914,0.9645574184577981,0.605988400265711,0.9408807689542255,0.263873049965373
2022-07-13,26.3,26.0,84.1,33.768,12.5,rain,29.2,12.9,1003.9,61.4,9.5,15.8,0.48,Rain,-0.19443122004766195,-0.9809161537413774,0.9366721892483976,0.35020738125946743,32.0,30.6,25.7,26.1,25.7,25.2,81.7,79.8,79.1,1.153,11.338,0.219,12.5,12.5,8.33,rain,rain,rain,30.6,29.2,20.2,17.0,16.6,10.3,1004.6,1004.7,1004.8,60.6,54.0,52.2,9.9,11.6,10.0,12.0,17.1,18.9,0.45,0.41,0.38,Rain,Rain,Rain,0.9943379441332046,0.7954734808548959,0.3387379202452914,-0.10626407133623318,0.605988400265711,0.9408807689542255
2022-07-14,30.1,25.6,79.7,7.974,12.5,rain,27.0,16.6,1004.0,62.4,9.8,14.3,0.5,Rain,-0.2112757555821793,-0.9774264960104055,0.9812926639922452,-0.1925219665259073,26.3,32.0,30.6,26.0,26.1,25.7,84.1,81.7,79.8,33.768,1.153,11.338,12.5,12.5,12.5,rain,rain,rain,29.2,30.6,29.2,12.9,17.0,16.6,1003.9,1004.6,1004.7,61.4,60.6,54.0,9.5,9.9,11.6,15.8,12.0,17.1,0.48,0.45,0.41,Rain,Rain,Rain,0.9366721892483976,0.9943379441332046,0.7954734808548959,0.35020738125946743,-0.10626407133623318,0.605988400265711
2022-07-15,25.5,26.0,82.3,34.022,12.5,rain,38.9,18.6,1004.6,64.8,10.5,19.9,0.55,Rain,-0.2280577712215198,-0.9736476020539838,0.981627183447664,0.19080899537654492,30.1,26.3,32.0,25.6,26.0,26.1,79.7,84.1,81.7,7.974,33.768,1.153,12.5,12.5,12.5,rain,rain,rain,27.0,29.2,30.6,16.6,12.9,17.0,1004.0,1003.9,1004.6,62.4,61.4,60.6,9.8,9.5,9.9,14.3,15.8,12.0,0.5,0.48,0.45,Rain,Rain,Rain,0.9812926639922452,0.9366721892483976,0.9943379441332046,-0.1925219665259073,0.35020738125946743,-0.10626407133623318
2022-07-16,33.6,26.4,76.3,0.0,0.0,noprecip,25.6,16.6,1004.0,51.0,12.0,22.5,0.58,Cloudy,-0.24477230089725957,-0.9695805901076308,0.8059282822485158,-0.5920131787992196,25.5,30.1,26.3,26.0,25.6,26.0,82.3,79.7,84.1,34.022,7.974,33.768,12.5,12.5,12.5,rain,rain,rain,38.9,27.0,29.2,18.6,16.6,12.9,1004.6,1004.0,1003.9,64.8,62.4,61.4,10.5,9.8,9.5,19.9,14.3,15.8,0.55,0.5,0.48,Rain,Rain,Rain,0.981627183447664,0.9812926639922452,0.9366721892483976,0.19080899537654492,-0.1925219665259073,0.35020738125946743
2022-07-17,36.8,27.6,77.8,0.0,0.0,noprecip,24.8,19.4,1002.6,70.8,11.7,21.6,0.61,Cloudy,-0.2614143985111562,-0.965226663665613,0.8498926929868641,-0.5269557954966773,33.6,25.5,30.1,26.4,26.0,25.6,76.3,82.3,79.7,0.0,34.022,7.974,0.0,12.5,12.5,noprecip,rain,rain,25.6,38.9,27.0,16.6,18.6,16.6,1004.0,1004.6,1004.0,51.0,64.8,62.4,12.0,10.5,9.8,22.5,19.9,14.3,0.58,0.55,0.5,Cloudy,Rain,Rain,0.8059282822485158,0.981627183447664,0.9812926639922452,-0.5920131787992196,0.19080899537654492,-0.1925219665259073
2022-07-18,26.5,27.3,76.1,4.947,4.17,rain,24.8,21.4,1000.3,72.0,11.6,24.2,0.65,Rain,-0.2779791393987801,-0.9605871111248129,0.9927573419294455,-0.1201368388346471,36.8,33.6,25.5,27.6,26.4,26.0,77.8,76.3,82.3,0.0,0.0,34.022,0.0,0.0,12.5,noprecip,noprecip,rain,24.8,25.6,38.9,19.4,16.6,18.6,1002.6,1004.0,1004.6,70.8,51.0,64.8,11.7,12.0,10.5,21.6,22.5,19.9,0.61,0.58,0.55,Cloudy,Cloudy,Rain,0.8498926929868641,0.8059282822485158,0.981627183447664,-0.5269557954966773,-0.5920131787992196,0.19080899537654492
2022-07-19,25.5,25.8,82.4,48.704,4.17,rain,28.1,16.7,1001.8,68.5,9.8,19.5,0.68,Rain,-0.2944616217868012,-0.9556633054034704,0.9997806834748455,-0.020942419883357148,26.5,36.8,33.6,27.3,27.6,26.4,76.1,77.8,76.3,4.947,0.0,0.0,4.17,0.0,0.0,rain,noprecip,noprecip,24.8,24.8,25.6,21.4,19.4,16.6,1000.3,1002.6,1004.0,72.0,70.8,51.0,11.6,11.7,12.0,24.2,21.6,22.5,0.65,0.61,0.58,Rain,Cloudy,Cloudy,0.9927573419294455,0.8498926929868641,0.8059282822485158,-0.1201368388346471,-0.5269557954966773,-0.5920131787992196
2022-07-20,26.0,25.9,84.7,26.736,8.33,rain,31.0,19.4,1005.9,67.0,9.6,14.3,0.75,Rain,-0.3108569682435036,-0.9504567035349151,0.9607791541575941,-0.27731465330237776,25.5,26.5,36.8,25.8,27.3,27.6,82.4,76.1,77.8,48.704,4.947,0.0,4.17,4.17,0.0,rain,rain,noprecip,28.1,24.8,24.8,16.7,21.4,19.4,1001.8,1000.3,1002.6,68.5,72.0,70.8,9.8,11.6,11.7,19.5,24.2,21.6,0.68,0.65,0.61,Rain,Rain,Cloudy,0.9997806834748455,0.9927573419294455,0.8498926929868641,-0.020942419883357148,-0.1201368388346471,-0.5269557954966773
2022-07-21,30.2,25.6,87.8,21.958,12.5,rain,36.0,20.4,1008.5,71.5,10.1,11.0,0.75,Rain,-0.3271603271220951,-0.9449688462364056,0.9659258262890683,0.25881904510252074,26.0,25.5,26.5,25.9,25.8,27.3,84.7,82.4,76.1,26.736,48.704,4.947,8.33,4.17,4.17,rain,rain,rain,31.0,28.1,24.8,19.4,16.7,21.4,1005.9,1001.8,1000.3,67.0,68.5,72.0,9.6,9.8,11.6,14.3,19.5,24.2,0.75,0.68,0.65,Rain,Rain,Rain,0.9607791541575941,0.9997806834748455,0.9927573419294455,-0.27731465330237776,-0.020942419883357148,-0.1201368388346471
2022-07-22,25.5,25.1,86.7,16.01,12.5,rain,27.7,22.2,1010.5,69.0,9.1,13.7,0.78,Rain,-0.34336687399638804,-0.939201357453208,0.9957246981845821,0.09237058744656165,30.2,26.0,25.5,25.6,25.9,25.8,87.8,84.7,82.4,21.958,26.736,48.704,12.5,8.33,4.17,rain,rain,rain,36.0,31.0,28.1,20.4,19.4,16.7,1008.5,1005.9,1001.8,71.5,67.0,68.5,10.1,9.6,9.8,11.0,14.3,19.5,0.75,0.75,0.68,Rain,Rain,Rain,0.9659258262890683,0.9607791541575941,0.9997806834748455,0.25881904510252074,-0.27731465330237776,-0.020942419883357148
2022-07-23,26.0,25.2,78.3,0.002,4.17,rain,26.6,13.9,1009.0,44.6,11.0,22.9,0.82,Rain,-0.3594718130884232,-0.9331559438780432,0.9003187714021935,-0.4352310993723274,25.5,30.2,26.0,25.1,25.6,25.9,86.7,87.8,84.7,16.01,21.958,26.736,12.5,12.5,8.33,rain,rain,rain,27.7,36.0,31.0,22.2,20.4,19.4,1010.5,1008.5,1005.9,69.0,71.5,67.0,9.1,10.1,9.6,13.7,11.0,14.3,0.78,0.75,0.75,Rain,Rain,Rain,0.9957246981845821,0.9659258262890683,0.9607791541575941,0.09237058744656165,0.25881904510252074,-0.27731465330237776
2022-07-24,31.2,25.5,74.5,0.2,8.33,rain,24.1,15.7,1007.2,27.1,12.1,24.8,0.85,Rain,-0.3754703786876202,-0.9268343944460494,0.8616291604415257,-0.5075383629607043,26.0,25.5,30.2,25.2,25.1,25.6,78.3,86.7,87.8,0.002,16.01,21.958,4.17,12.5,12.5,rain,rain,rain,26.6,27.7,36.0,13.9,22.2,20.4,1009.0,1010.5,1008.5,44.6,69.0,71.5,11.0,9.1,10.1,22.9,13.7,11.0,0.82,0.78,0.75,Rain,Rain,Rain,0.9003187714021935,0.9957246981845821,0.9659258262890683,-0.4352310993723274,0.09237058744656165,0.25881904510252074
2022-07-25,26.0,25.0,72.7,0.0,0.0,noprecip,24.8,15.7,1007.5,28.8,11.4,24.3,0.88,Cloudy,-0.3913578365610259,-0.9202385798054075,0.8396198645344131,-0.5431744499506708,31.2,26.0,25.5,25.5,25.2,25.1,74.5,78.3,86.7,0.2,0.002,16.01,8.33,4.17,12.5,rain,rain,rain,24.1,26.6,27.7,15.7,13.9,22.2,1007.2,1009.0,1010.5,27.1,44.6,69.0,12.1,11.0,9.1,24.8,22.9,13.7,0.85,0.82,0.78,Rain,Rain,Rain,0.8616291604415257,0.9003187714021935,0.9957246981845821,-0.5075383629607043,-0.4352310993723274,0.09237058744656165
2022-07-26,26.5,25.2,73.8,0.0,0.0,noprecip,27.7,17.5,1006.8,30.1,10.2,25.5,0.92,Cloudy,-0.4071294853542516,-0.9133704517637858,0.8396198645344131,-0.5431744499506708,26.0,31.2,26.0,25.0,25.5,25.2,72.7,74.5,78.3,0.0,0.2,0.002,0.0,8.33,4.17,noprecip,rain,rain,24.8,24.1,26.6,15.7,15.7,13.9,1007.5,1007.2,1009.0,28.8,27.1,44.6,11.4,12.1,11.0,24.3,24.8,22.9,0.88,0.85,0.82,Cloudy,Rain,Rain,0.8396198645344131,0.8616291604415257,0.9003187714021935,-0.5431744499506708,-0.5075383629607043,-0.4352310993723274
2022-07-27,31.2,25.4,74.8,0.0,0.0,noprecip,24.5,17.5,1006.1,32.4,10.7,22.5,0.95,Cloudy,-0.4227806579826773,-0.9062320427107697,0.7996846584870907,-0.6004202253258839,26.5,26.0,31.2,25.2,25.0,25.5,73.8,72.7,74.5,0.0,0.0,0.2,0.0,0.0,8.33,noprecip,noprecip,rain,27.7,24.8,24.1,17.5,15.7,15.7,1006.8,1007.5,1007.2,30.1,28.8,27.1,10.2,11.4,12.1,25.5,24.3,24.8,0.92,0.88,0.85,Cloudy,Cloudy,Rain,0.8396198645344131,0.8396198645344131,0.8616291604415257,-0.5431744499506708,-0.5431744499506708,-0.5075383629607043
2022-07-28,26.5,25.6,75.2,0.0,0.0,noprecip,23.0,14.8,1006.2,51.8,11.6,19.1,0.98,Cloudy,-0.4383067230125192,-0.898825465016444,0.9890158633619168,-0.14780941112961044,31.2,26.5,26.0,25.4,25.2,25.0,74.8,73.8,72.7,0.0,0.0,0.0,0.0,0.0,0.0,noprecip,noprecip,noprecip,24.5,27.7,24.8,17.5,17.5,15.7,1006.1,1006.8,1007.5,32.4,30.1,28.8,10.7,10.2,11.4,22.5,25.5,24.3,0.95,0.92,0.88,Cloudy,Cloudy,Cloudy,0.7996846584870907,0.8396198645344131,0.8396198645344131,-0.6004202253258839,-0.5431744499506708,-0.5431744499506708
2022-07-29,30.9,26.0,76.5,0.0,0.0,noprecip,20.5,15.7,1005.0,61.2,9.3,19.9,0.0,Cloudy,-0.45370308603134424,-0.8911529104063088,0.9617413095492113,-0.27395921869243245,26.5,31.2,26.5,25.6,25.4,25.2,75.2,74.8,73.8,0.0,0.0,0.0,0.0,0.0,0.0,noprecip,noprecip,noprecip,23.0,24.5,27.7,14.8,17.5,17.5,1006.2,1006.1,1006.8,51.8,32.4,30.1,11.6,10.7,10.2,19.1,22.5,25.5,0.98,0.95,0.92,Cloudy,Cloudy,Cloudy,0.9890158633619168,0.7996846584870907,0.8396198645344131,-0.14780941112961044,-0.6004202253258839,-0.5431744499506708
2022-07-30,25.5,25.2,78.2,25.725,4.17,rain,20.2,25.9,1003.5,75.4,9.1,16.2,0.05,Rain,-0.46896519100763184,-0.8832166493127127,0.7033947028105039,-0.7107994738729925,30.9,26.5,31.2,26.0,25.6,25.4,76.5,75.2,74.8,0.0,0.0,0.0,0.0,0.0,0.0,noprecip,noprecip,noprecip,20.5,23.0,24.5,15.7,14.8,17.5,1005.0,1006.2,1006.1,61.2,51.8,32.4,9.3,11.6,10.7,19.9,19.1,22.5,0.0,0.98,0.95,Cloudy,Cloudy,Cloudy,0.9617413095492113,0.9890158633619168,0.7996846584870907,-0.27395921869243245,-0.14780941112961044,-0.6004202253258839
2022-07-31,26.3,25.2,79.4,2.444,8.33,rain,24.1,19.4,1003.0,57.4,9.4,14.0,0.09,Rain,-0.48408852163897587,-0.8750190302029955,0.9650164944723115,-0.2621891786408646,25.5,30.9,26.5,25.2,26.0,25.6,78.2,76.5,75.2,25.725,0.0,0.0,4.17,0.0,0.0,rain,noprecip,noprecip,20.2,20.5,23.0,25.9,15.7,14.8,1003.5,1005.0,1006.2,75.4,61.2,51.8,9.1,9.3,11.6,16.2,19.9,19.1,0.05,0.0,0.98,Rain,Cloudy,Cloudy,0.7033947028105039,0.9617413095492113,0.9890158633619168,-0.7107994738729925,-0.27395921869243245,-0.14780941112961044
2022-08-01,26.0,25.4,81.1,0.158,8.33,rain,38.9,20.3,1004.3,46.2,9.9,18.7,0.12,Rain,-0.4990686026885319,-0.8665624788845385,0.9672677527758768,-0.2537579445848056,26.3,25.5,30.9,25.2,25.2,26.0,79.4,78.2,76.5,2.444,25.725,0.0,8.33,4.17,0.0,rain,rain,noprecip,24.1,20.2,20.5,19.4,25.9,15.7,1003.0,1003.5,1005.0,57.4,75.4,61.2,9.4,9.1,9.3,14.0,16.2,19.9,0.09,0.05,0.0,Rain,Rain,Cloudy,0.9650164944723115,0.7033947028105039,0.9617413095492113,-0.2621891786408646,-0.7107994738729925,-0.27395921869243245
2022-08-02,32.0,25.5,76.3,2.968,4.17,rain,23.8,14.8,1005.9,47.4,9.9,15.4,0.16,Rain,-0.5139010013093103,-0.8578494977869301,0.99888987496197,-0.047106450709642776,26.0,26.3,25.5,25.4,25.2,25.2,81.1,79.4,78.2,0.158,2.444,25.725,8.33,8.33,4.17,rain,rain,rain,38.9,24.1,20.2,20.3,19.4,25.9,1004.3,1003.0,1003.5,46.2,57.4,75.4,9.9,9.4,9.1,18.7,14.0,16.2,0.12,0.09,0.05,Rain,Rain,Rain,0.9672677527758768,0.9650164944723115,0.7033947028105039,-0.2537579445848056,-0.2621891786408646,-0.7107994738729925
2022-08-03,31.2,25.1,70.4,0.4,12.5,rain,20.5,14.8,1005.8,48.6,11.1,24.2,0.19,Rain,-0.5285813283559292,-0.8488826652214553,0.9402881270104189,-0.3403795502130502,32.0,26.0,26.3,25.5,25.4,25.2,76.3,81.1,79.4,2.968,0.158,2.444,4.17,8.33,8.33,rain,rain,rain,23.8,38.9,24.1,14.8,20.3,19.4,1005.9,1004.3,1003.0,47.4,46.2,57.4,9.9,9.9,9.4,15.4,18.7,14.0,0.16,0.12,0.09,Rain,Rain,Rain,0.99888987496197,0.9672677527758768,0.9650164944723115,-0.047106450709642776,-0.2537579445848056,-0.2621891786408646
2022-08-04,26.0,26.1,77.6,0.667,8.33,rain,20.2,18.4,1003.6,52.2,10.1,21.7,0.23,Rain,-0.5431052396834317,-0.8396646346181327,0.9857034690888535,-0.16848937956500243,31.2,32.0,26.0,25.1,25.5,25.4,70.4,76.3,81.1,0.4,2.968,0.158,12.5,4.17,8.33,rain,rain,rain,20.5,23.8,38.9,14.8,14.8,20.3,1005.8,1005.9,1004.3,48.6,47.4,46.2,11.1,9.9,9.9,24.2,15.4,18.7,0.19,0.16,0.12,Rain,Rain,Rain,0.9402881270104189,0.99888987496197,0.9672677527758768,-0.3403795502130502,-0.047106450709642776,-0.2537579445848056
2022-08-05,25.0,24.5,80.4,0.933,8.33,rain,20.2,17.6,1003.0,60.5,9.9,6.1,0.25,Rain,-0.5574684374327892,-0.8301981337405212,0.9310558158625283,-0.36487678433761966,26.0,31.2,32.0,26.1,25.1,25.5,77.6,70.4,76.3,0.667,0.4,2.968,8.33,12.5,4.17,rain,rain,rain,20.2,20.5,23.8,18.4,14.8,14.8,1003.6,1005.8,1005.9,52.2,48.6,47.4,10.1,11.1,9.9,21.7,24.2,15.4,0.23,0.19,0.16,Rain,Rain,Rain,0.9857034690888535,0.9402881270104189,0.99888987496197,-0.16848937956500243,-0.3403795502130502,-0.047106450709642776
2022-08-06,25.0,24.8,86.6,14.737,12.5,rain,18.7,15.7,1003.9,88.6,9.2,3.6,0.3,Rain,-0.5716666713027052,-0.8204859638785327,0.9971851335251157,-0.07497872682632763,25.0,26.0,31.2,24.5,26.1,25.1,80.4,77.6,70.4,0.933,0.667,0.4,8.33,8.33,12.5,rain,rain,rain,20.2,20.2,20.5,17.6,18.4,14.8,1003.0,1003.6,1005.8,60.5,52.2,48.6,9.9,10.1,11.1,6.1,21.7,24.2,0.25,0.23,0.19,Rain,Rain,Rain,0.9310558158625283,0.9857034690888535,0.9402881270104189,-0.36487678433761966,-0.16848937956500243,-0.3403795502130502
2022-08-07,25.9,25.5,88.0,9.697,16.67,rain,23.4,14.8,1005.2,69.4,9.6,4.8,0.33,Rain,-0.5856957398073508,-0.8105309990194823,0.8771461637055887,0.4802234974431889,25.0,25.0,26.0,24.8,24.5,26.1,86.6,80.4,77.6,14.737,0.933,0.667,12.5,8.33,8.33,rain,rain,rain,18.7,20.2,20.2,15.7,17.6,18.4,1003.9,1003.0,1003.6,88.6,60.5,52.2,9.2,9.9,10.1,3.6,6.1,21.7,0.3,0.25,0.23,Rain,Rain,Rain,0.9971851335251157,0.9310558158625283,0.9857034690888535,-0.07497872682632763,-0.36487678433761966,-0.16848937956500243
2022-08-08,26.0,25.0,82.3,0.989,4.17,rain,26.6,11.7,1005.2,53.2,8.7,21.2,0.37,Rain,-0.5995514915196489,-0.8003361849976323,-0.5402403204776552,0.841510781945306,25.9,25.0,25.0,25.5,24.8,24.5,88.0,86.6,80.4,9.697,14.737,0.933,16.67,12.5,8.33,rain,rain,rain,23.4,18.7,20.2,14.8,15.7,17.6,1005.2,1003.9,1003.0,69.4,88.6,60.5,9.6,9.2,9.9,4.8,3.6,6.1,0.33,0.3,0.25,Rain,Rain,Rain,0.8771461637055887,0.9971851335251157,0.9310558158625283,0.4802234974431889,-0.07497872682632763,-0.36487678433761966
2022-08-09,25.0,24.6,75.6,0.491,8.33,rain,23.0,9.6,1003.2,62.0,10.0,21.7,0.4,Rain,-0.6132298262997502,-0.7899045386224707,-0.5372996083468242,0.8433914458128855,26.0,25.9,25.0,25.0,25.5,24.8,82.3,88.0,86.6,0.989,9.697,14.737,4.17,16.67,12.5,rain,rain,rain,26.6,23.4,18.7,11.7,14.8,15.7,1005.2,1005.2,1003.9,53.2,69.4,88.6,8.7,9.6,9.2,21.2,4.8,3.6,0.37,0.33,0.3,Rain,Rain,Rain,-0.5402403204776552,0.8771461637055887,0.9971851335251157,0.841510781945306,0.4802234974431889,-0.07497872682632763
2022-08-10,26.0,25.1,82.9,4.958,4.17,rain,35.3,17.7,1000.9,81.3,9.8,13.0,0.44,Rain,-0.6267266965083301,-0.7792391467859886,-0.4601997847838515,0.8878153851364015,25.0,26.0,25.9,24.6,25.0,25.5,75.6,82.3,88.0,0.491,0.989,9.697,8.33,4.17,16.67,rain,rain,rain,23.0,26.6,23.4,9.6,11.7,14.8,1003.2,1005.2,1005.2,62.0,53.2,69.4,10.0,8.7,9.6,21.7,21.2,4.8,0.4,0.37,0.33,Rain,Rain,Rain,-0.5372996083468242,-0.5402403204776552,0.8771461637055887,0.8433914458128855,0.841510781945306,0.4802234974431889
2022-08-11,24.0,24.6,92.6,153.071,20.83,rain,36.4,19.5,1000.5,94.0,7.1,2.8,0.47,Rain,-0.6400381082043503,-0.7683431655492202,-0.9483236552061992,-0.31730465640509264,26.0,25.0,26.0,25.1,24.6,25.0,82.9,75.6,82.3,4.958,0.491,0.989,4.17,8.33,4.17,rain,rain,rain,35.3,23.0,26.6,17.7,9.6,11.7,1000.9,1003.2,1005.2,81.3,62.0,53.2,9.8,10.0,8.7,13.0,21.7,21.2,0.44,0.4,0.37,Rain,Rain,Rain,-0.4601997847838515,-0.5372996083468242,-0.5402403204776552,0.8878153851364015,0.8433914458128855,0.841510781945306
2022-08-12,23.5,24.0,92.3,91.926,12.5,rain,22.3,20.3,1006.3,78.9,7.6,4.1,0.5,Rain,-0.65316012232693,-0.7572198192083127,0.9976842788356053,-0.0680152906652483,24.0,26.0,25.0,24.6,25.1,24.6,92.6,82.9,75.6,153.071,4.958,0.491,20.83,4.17,8.33,rain,rain,rain,36.4,35.3,23.0,19.5,17.7,9.6,1000.5,1000.9,1003.2,94.0,81.3,62.0,7.1,9.8,10.0,2.8,13.0,21.7,0.47,0.44,0.4,Rain,Rain,Rain,-0.9483236552061992,-0.4601997847838515,-0.5372996083468242,-0.31730465640509264,0.8878153851364015,0.8433914458128855
2022-08-13,25.0,24.6,82.8,6.1,41.67,rain,20.9,12.9,1006.5,82.3,9.3,16.4,0.54,Rain,-0.666088855860977,-0.7458723993404063,0.9408807689542255,-0.33873792024529137,23.5,24.0,26.0,24.0,24.6,25.1,92.3,92.6,82.9,91.926,153.071,4.958,12.5,20.83,4.17,rain,rain,rain,22.3,36.4,35.3,20.3,19.5,17.7,1006.3,1000.5,1000.9,78.9,94.0,81.3,7.6,7.1,9.8,4.1,2.8,13.0,0.5,0.47,0.44,Rain,Rain,Rain,0.9976842788356053,-0.9483236552061992,-0.4601997847838515,-0.0680152906652483,-0.31730465640509264,0.8878153851364015
2022-08-14,26.0,25.4,82.4,0.169,4.17,rain,21.6,13.9,1005.5,54.3,8.8,18.5,0.57,Rain,-0.6788204829862355,-0.734304263829602,0.8544588301328075,-0.519519111879509,25.0,23.5,24.0,24.6,24.0,24.6,82.8,92.3,92.6,6.1,91.926,153.071,41.67,12.5,20.83,rain,rain,rain,20.9,22.3,36.4,12.9,20.3,19.5,1006.5,1006.3,1000.5,82.3,78.9,94.0,9.3,7.6,7.1,16.4,4.1,2.8,0.54,0.5,0.47,Rain,Rain,Rain,0.9408807689542255,0.9976842788356053,-0.9483236552061992,-0.33873792024529137,-0.0680152906652483,-0.31730465640509264
2022-08-15,25.5,25.3,79.4,0.106,4.17,rain,17.3,16.6,1004.5,48.6,10.1,19.4,0.6,Rain,-0.6913512362094071,-0.722518835873311,0.9663760793213293,-0.2571327931546964,26.0,25.0,23.5,25.4,24.6,24.0,82.4,82.8,92.3,0.169,6.1,91.926,4.17,41.67,12.5,rain,rain,rain,21.6,20.9,22.3,13.9,12.9,20.3,1005.5,1006.5,1006.3,54.3,82.3,78.9,8.8,9.3,7.6,18.5,16.4,4.1,0.57,0.54,0.5,Rain,Rain,Rain,0.8544588301328075,0.9408807689542255,0.9976842788356053,-0.519519111879509,-0.33873792024529137,-0.0680152906652483
2022-08-16,31.2,25.8,76.8,0.5,12.5,rain,22.7,15.7,1004.4,39.9,11.9,20.7,0.64,Rain,-0.7036774074790128,-0.7105196029692745,0.9654726308792251,-0.2605045086426483,25.5,26.0,25.0,25.3,25.4,24.6,79.4,82.4,82.8,0.106,0.169,6.1,4.17,4.17,41.67,rain,rain,rain,17.3,21.6,20.9,16.6,13.9,12.9,1004.5,1005.5,1006.5,48.6,54.3,82.3,10.1,8.8,9.3,19.4,18.5,16.4,0.6,0.57,0.54,Rain,Rain,Rain,0.9663760793213293,0.8544588301328075,0.9408807689542255,-0.2571327931546964,-0.519519111879509,-0.33873792024529137
2022-08-17,32.8,26.3,80.4,1.9,33.33,rain,22.7,13.9,1004.3,47.8,9.4,17.2,0.67,Rain,-0.7157953492826642,-0.6983101158835584,0.944948912157531,-0.3272178989791036,31.2,25.5,26.0,25.8,25.3,25.4,76.8,79.4,82.4,0.5,0.106,0.169,12.5,4.17,4.17,rain,rain,rain,22.7,17.3,21.6,15.7,16.6,13.9,1004.4,1004.5,1005.5,39.9,48.6,54.3,11.9,10.1,8.8,20.7,19.4,18.5,0.64,0.6,0.57,Rain,Rain,Rain,0.9654726308792251,0.9663760793213293,0.8544588301328075,-0.2605045086426483,-0.2571327931546964,-0.519519111879509
2022-08-18,31.2,26.1,78.4,0.7,20.83,rain,26.6,19.5,1003.6,59.0,9.3,22.0,0.7,Rain,-0.7277014757264236,-0.6858939875998223,0.9645574184577982,-0.26387304996537264,32.8,31.2,25.5,26.3,25.8,25.3,80.4,76.8,79.4,1.9,0.5,0.106,33.33,12.5,4.17,rain,rain,rain,22.7,22.7,17.3,13.9,15.7,16.6,1004.3,1004.4,1004.5,47.8,39.9,48.6,9.4,11.9,10.1,17.2,20.7,19.4,0.67,0.64,0.6,Rain,Rain,Rain,0.944948912157531,0.9654726308792251,0.9663760793213293,-0.3272178989791036,-0.2605045086426483,-0.2571327931546964
2022-08-19,31.2,26.4,77.4,1.8,20.83,rain,20.9,25.0,1002.6,52.3,9.6,20.2,0.75,Rain,-0.7393922635959241,-0.673274892250183,0.9967788784562471,-0.08019892432885897,31.2,32.8,31.2,26.1,26.3,25.8,78.4,80.4,76.8,0.7,1.9,0.5,20.83,33.33,12.5,rain,rain,rain,26.6,22.7,22.7,19.5,13.9,15.7,1003.6,1004.3,1004.4,59.0,47.8,39.9,9.3,9.4,11.9,22.0,17.2,20.7,0.7,0.67,0.64,Rain,Rain,Rain,0.9645574184577982,0.944948912157531,0.9654726308792251,-0.26387304996537264,-0.3272178989791036,-0.2605045086426483
2022-08-20,24.5,25.7,89.0,17.947,16.67,rain,32.0,20.3,1002.4,80.4,9.2,13.0,0.77,Rain,-0.7508642533989489,-0.6604565640279754,-0.8668967489356031,0.49848773975382976,31.2,31.2,32.8,26.4,26.1,26.3,77.4,78.4,80.4,1.8,0.7,1.9,20.83,20.83,33.33,rain,rain,rain,20.9,26.6,22.7,25.0,19.5,13.9,1002.6,1003.6,1004.3,52.3,59.0,47.8,9.6,9.3,9.4,20.2,22.0,17.2,0.75,0.7,0.67,Rain,Rain,Rain,0.9967788784562471,0.9645574184577982,0.944948912157531,-0.08019892432885897,-0.26387304996537264,-0.3272178989791036
2022-08-21,25.3,25.4,90.7,47.022,16.67,rain,28.8,21.3,1002.8,83.3,9.4,7.8,0.8,Rain,-0.7621140503891487,-0.6474427960827475,0.9225380894562464,0.3859060423243187,24.5,31.2,31.2,25.7,26.4,26.1,89.0,77.4,78.4,17.947,1.8,0.7,16.67,20.83,20.83,rain,rain,rain,32.0,20.9,26.6,20.3,25.0,19.5,1002.4,1002.6,1003.6,80.4,52.3,59.0,9.2,9.6,9.3,13.0,20.2,22.0,0.77,0.75,0.7,Rain,Rain,Rain,-0.8668967489356031,0.9967788784562471,0.9645574184577982,0.49848773975382976,-0.08019892432885897,-0.26387304996537264
2022-08-22,25.0,25.8,81.4,1.979,4.17,rain,19.4,13.8,1004.7,54.9,11.1,16.8,0.83,Rain,-0.7731383255706026,-0.6342374393978054,0.92783625389892,-0.37298778257580883,25.3,24.5,31.2,25.4,25.7,26.4,90.7,89.0,77.4,47.022,17.947,1.8,16.67,16.67,20.83,rain,rain,rain,28.8,32.0,20.9,21.3,20.3,25.0,1002.8,1002.4,1002.6,83.3,80.4,52.3,9.4,9.2,9.6,7.8,13.0,20.2,0.8,0.77,0.75,Rain,Rain,Rain,0.9225380894562464,-0.8668967489356031,0.9967788784562471,0.3859060423243187,0.49848773975382976,-0.08019892432885897
2022-08-23,31.2,26.8,85.7,0.032,4.17,rain,23.8,13.9,1005.4,39.8,10.3,20.0,0.86,Rain,-0.7839338166829201,-0.620844401650647,0.9966373868180366,-0.08193850863004087,25.0,25.3,24.5,25.8,25.4,25.7,81.4,90.7,89.0,1.979,47.022,17.947,4.17,16.67,16.67,rain,rain,rain,19.4,28.8,32.0,13.8,21.3,20.3,1004.7,1002.8,1002.4,54.9,83.3,80.4,11.1,9.4,9.2,16.8,7.8,13.0,0.83,0.8,0.77,Rain,Rain,Rain,0.92783625389892,0.9225380894562464,-0.8668967489356031,-0.37298778257580883,0.3859060423243187,0.49848773975382976
2022-08-24,30.6,26.5,78.6,4.8,16.67,rain,32.8,10.3,1003.5,42.4,9.4,17.6,0.9,Rain,-0.7944973291665992,-0.6072676460566135,0.39554550256296495,0.9184463813430872,31.2,25.0,25.3,26.8,25.8,25.4,85.7,81.4,90.7,0.032,1.979,47.022,4.17,4.17,16.67,rain,rain,rain,23.8,19.4,28.8,13.9,13.8,21.3,1005.4,1004.7,1002.8,39.8,54.9,83.3,10.3,11.1,9.4,20.0,16.8,7.8,0.86,0.83,0.8,Rain,Rain,Rain,0.9966373868180366,0.92783625389892,0.9225380894562464,-0.08193850863004087,-0.37298778257580883,0.3859060423243187
2022-08-25,25.5,26.1,89.8,30.979,8.33,rain,27.7,23.2,999.7,63.7,7.7,15.6,0.93,Rain,-0.8048257371083452,-0.593511190196115,-0.9690157314068695,0.24699901272274316,30.6,31.2,25.0,26.5,26.8,25.8,78.6,85.7,81.4,4.8,0.032,1.979,16.67,4.17,4.17,rain,rain,rain,32.8,23.8,19.4,10.3,13.9,13.8,1003.5,1005.4,1004.7,42.4,39.8,54.9,9.4,10.3,11.1,17.6,20.0,16.8,0.9,0.86,0.83,Rain,Rain,Rain,0.39554550256296495,0.9966373868180366,0.92783625389892,0.9184463813430872,-0.08193850863004087,-0.37298778257580883
2022-08-26,24.5,25.1,85.1,43.778,8.33,rain,47.9,22.3,1002.7,77.5,8.9,10.8,0.96,Rain,-0.8149159841660791,-0.5795791048257612,0.7836934573258398,-0.6211477802783103,25.5,30.6,31.2,26.1,26.5,26.8,89.8,78.6,85.7,30.979,4.8,0.032,8.33,16.67,4.17,rain,rain,rain,27.7,32.8,23.8,23.2,10.3,13.9,999.7,1003.5,1005.4,63.7,42.4,39.8,7.7,9.4,10.3,15.6,17.6,20.0,0.93,0.9,0.86,Rain,Rain,Rain,-0.9690157314068695,0.39554550256296495,0.9966373868180366,0.24699901272274316,0.9184463813430872,-0.08193850863004087
2022-08-27,30.6,25.4,78.3,0.1,4.17,rain,19.8,20.4,1007.3,58.6,11.3,19.7,0.0,Rain,-0.8247650844733614,-0.5654755126737576,0.9602936856769431,-0.27899110603922916,24.5,25.5,30.6,25.1,26.1,26.5,85.1,89.8,78.6,43.778,30.979,4.8,8.33,8.33,16.67,rain,rain,rain,47.9,27.7,32.8,22.3,23.2,10.3,1002.7,999.7,1003.5,77.5,63.7,42.4,8.9,7.7,9.4,10.8,15.6,17.6,0.96,0.93,0.9,Rain,Rain,Rain,0.7836934573258398,-0.9690157314068695,0.39554550256296495,-0.6211477802783103,0.24699901272274316,0.9184463813430872
2022-08-28,26.5,26.0,78.5,0.2,8.33,rain,24.1,19.4,1007.3,44.6,12.5,21.8,0.03,Rain,-0.8343701235229537,-0.5512045872199277,0.8995577789551802,-0.43680178836770245,30.6,24.5,25.5,25.4,25.1,26.1,78.3,85.1,89.8,0.1,43.778,30.979,4.17,8.33,8.33,rain,rain,rain,19.8,47.9,27.7,20.4,22.3,23.2,1007.3,1002.7,999.7,58.6,77.5,63.7,11.3,8.9,7.7,19.7,10.8,15.6,0.0,0.96,0.93,Rain,Rain,Rain,0.9602936856769431,0.7836934573258398,-0.9690157314068695,-0.27899110603922916,-0.6211477802783103,0.24699901272274316
2022-08-29,31.2,25.8,76.5,0.0,0.0,noprecip,28.1,17.5,1008.9,45.9,10.9,22.5,0.07,Cloudy,-0.8437282590292712,-0.5367705514607103,0.7858568931754021,-0.618408395357554,26.5,30.6,24.5,26.0,25.4,25.1,78.5,78.3,85.1,0.2,0.1,43.778,8.33,4.17,8.33,rain,rain,rain,24.1,19.8,47.9,19.4,20.4,22.3,1007.3,1007.3,1002.7,44.6,58.6,77.5,12.5,11.3,8.9,21.8,19.7,10.8,0.03,0.0,0.96,Rain,Rain,Rain,0.8995577789551802,0.9602936856769431,0.7836934573258398,-0.43680178836770245,-0.27899110603922916,-0.6211477802783103
2022-08-30,31.2,25.3,74.3,0.0,0.0,noprecip,19.1,13.9,1008.4,43.5,11.5,23.9,0.1,Cloudy,-0.8528367217694595,-0.522177676659508,0.888617232654949,-0.4586495544843146,31.2,26.5,30.6,25.8,26.0,25.4,76.5,78.5,78.3,0.0,0.2,0.1,0.0,8.33,4.17,noprecip,rain,rain,28.1,24.1,19.8,17.5,19.4,20.4,1008.9,1007.3,1007.3,45.9,44.6,58.6,10.9,12.5,11.3,22.5,21.8,19.7,0.07,0.03,0.0,Cloudy,Rain,Rain,0.7858568931754021,0.8995577789551802,0.9602936856769431,-0.618408395357554,-0.43680178836770245,-0.27899110603922916
2022-08-31,30.6,25.7,76.6,0.2,8.33,rain,15.1,12.1,1006.8,44.2,11.5,19.5,0.14,Rain,-0.8616928164028521,-0.5074302810827518,0.9719610005785463,0.23514211310258998,31.2,31.2,26.5,25.3,25.8,26.0,74.3,76.5,78.5,0.0,0.0,0.2,0.0,0.0,8.33,noprecip,noprecip,rain,19.1,28.1,24.1,13.9,17.5,19.4,1008.4,1008.9,1007.3,43.5,45.9,44.6,11.5,10.9,12.5,23.9,22.5,21.8,0.1,0.07,0.03,Cloudy,Cloudy,Rain,0.888617232654949,0.7858568931754021,0.8995577789551802,-0.4586495544843146,-0.618408395357554,-0.43680178836770245
2022-09-01,25.0,25.5,83.5,11.032,8.33,rain,50.0,17.5,1009.0,51.6,9.3,11.1,0.17,Rain,-0.8702939222685674,-0.49253272872205434,-0.3106764296307319,0.9505157316277837,30.6,31.2,31.2,25.7,25.3,25.8,76.6,74.3,76.5,0.2,0.0,0.0,8.33,0.0,0.0,rain,noprecip,noprecip,15.1,19.1,28.1,12.1,13.9,17.5,1006.8,1008.4,1008.9,44.2,43.5,45.9,11.5,11.5,10.9,19.5,23.9,22.5,0.14,0.1,0.07,Rain,Cloudy,Cloudy,0.9719610005785463,0.888617232654949,0.7858568931754021,0.23514211310258998,-0.4586495544843146,-0.618408395357554
2022-09-02,26.0,24.4,72.4,0.032,4.17,rain,23.8,10.3,1008.1,65.4,9.5,20.4,0.21,Rain,-0.8786374941610001,-0.4774894280028391,-0.19080899537654467,0.981627183447664,25.0,30.6,31.2,25.5,25.7,25.3,83.5,76.6,74.3,11.032,0.2,0.0,8.33,8.33,0.0,rain,rain,noprecip,50.0,15.1,19.1,17.5,12.1,13.9,1009.0,1006.8,1008.4,51.6,44.2,43.5,9.3,11.5,11.5,11.1,19.5,23.9,0.17,0.14,0.1,Rain,Rain,Cloudy,-0.3106764296307319,0.9719610005785463,0.888617232654949,0.9505157316277837,0.23514211310258998,-0.4586495544843146
2022-09-03,31.2,25.4,73.7,0.106,4.17,rain,16.9,15.6,1005.4,39.5,8.6,22.0,0.24,Rain,-0.886721063082993,-0.46230483047981086,0.9882283814465528,-0.152985836284038,26.0,25.0,30.6,24.4,25.5,25.7,72.4,83.5,76.6,0.032,11.032,0.2,4.17,8.33,8.33,rain,rain,rain,23.8,50.0,15.1,10.3,17.5,12.1,1008.1,1009.0,1006.8,65.4,51.6,44.2,9.5,9.3,11.5,20.4,11.1,19.5,0.21,0.17,0.14,Rain,Rain,Rain,-0.19080899537654467,-0.3106764296307319,0.9719610005785463,0.981627183447664,0.9505157316277837,0.23514211310258998
2022-09-04,25.0,23.9,80.7,2.042,8.33,rain,38.9,20.4,1007.3,71.8,9.4,14.8,0.25,Rain,-0.8945422369764496,-0.4469834295196741,-0.0575640269595675,0.9983418166140283,31.2,26.0,25.0,25.4,24.4,25.5,73.7,72.4,83.5,0.106,0.032,11.032,4.17,4.17,8.33,rain,rain,rain,16.9,23.8,50.0,15.6,10.3,17.5,1005.4,1008.1,1009.0,39.5,65.4,51.6,8.6,9.5,9.3,22.0,20.4,11.1,0.24,0.21,0.17,Rain,Rain,Rain,0.9882283814465528,-0.19080899537654467,-0.3106764296307319,-0.152985836284038,0.981627183447664,0.9505157316277837
2022-09-05,26.0,22.3,67.7,0.0,0.0,noprecip,25.2,11.2,1007.8,54.9,10.7,20.2,0.31,Cloudy,-0.9020987014301837,-0.43152975897147144,-0.7181262977631889,0.6959127965923142,25.0,31.2,26.0,23.9,25.4,24.4,80.7,73.7,72.4,2.042,0.106,0.032,8.33,4.17,4.17,rain,rain,rain,38.9,16.9,23.8,20.4,15.6,10.3,1007.3,1005.4,1008.1,71.8,39.5,65.4,9.4,8.6,9.5,14.8,22.0,20.4,0.25,0.24,0.21,Rain,Rain,Rain,-0.0575640269595675,0.9882283814465528,-0.19080899537654467,0.9983418166140283,-0.152985836284038,0.981627183447664
2022-09-06,25.0,21.9,64.1,0.0,0.0,noprecip,29.5,10.4,1008.3,33.7,12.2,22.1,0.35,Cloudy,-0.9093882203647925,-0.4159483918249421,-0.5431744499506707,0.8396198645344132,26.0,25.0,31.2,22.3,23.9,25.4,67.7,80.7,73.7,0.0,2.042,0.106,0.0,8.33,4.17,noprecip,rain,rain,25.2,38.9,16.9,11.2,20.4,15.6,1007.8,1007.3,1005.4,54.9,71.8,39.5,10.7,9.4,8.6,20.2,14.8,22.0,0.31,0.25,0.24,Cloudy,Rain,Rain,-0.7181262977631889,-0.0575640269595675,0.9882283814465528,0.6959127965923142,0.9983418166140283,-0.152985836284038
2022-09-07,26.0,23.4,74.0,1.979,4.17,rain,48.2,14.8,1011.0,60.3,9.3,19.0,0.39,Rain,-0.9164086366943458,-0.4002439388573056,-0.022687333572781968,0.9997426093226983,25.0,26.0,25.0,21.9,22.3,23.9,64.1,67.7,80.7,0.0,0.0,2.042,0.0,0.0,8.33,noprecip,noprecip,rain,29.5,25.2,38.9,10.4,11.2,20.4,1008.3,1007.8,1007.3,33.7,54.9,71.8,12.2,10.7,9.4,22.1,20.2,14.8,0.35,0.31,0.25,Cloudy,Cloudy,Rain,-0.5431744499506707,-0.7181262977631889,-0.0575640269595675,0.8396198645344132,0.6959127965923142,0.9983418166140283
2022-09-08,25.0,24.5,89.9,100.747,16.67,rain,31.7,26.8,1012.7,84.4,8.4,3.2,0.42,Rain,-0.9231578729647039,-0.38442104726885545,0.5358267949789965,0.8443279255020152,26.0,25.0,26.0,23.4,21.9,22.3,74.0,64.1,67.7,1.979,0.0,0.0,4.17,0.0,0.0,rain,noprecip,noprecip,48.2,29.5,25.2,14.8,10.4,11.2,1011.0,1008.3,1007.8,60.3,33.7,54.9,9.3,12.2,10.7,19.0,22.1,20.2,0.39,0.35,0.31,Rain,Cloudy,Cloudy,-0.022687333572781968,-0.5431744499506707,-0.7181262977631889,0.9997426093226983,0.8396198645344132,0.6959127965923142
2022-09-09,24.7,24.0,85.0,25.251,16.67,rain,22.3,9.4,1013.3,58.7,8.9,5.3,0.46,Rain,-0.9296339319682695,-0.3684843993077793,-0.2990407922560858,0.9542403285162772,25.0,26.0,25.0,24.5,23.4,21.9,89.9,74.0,64.1,100.747,1.979,0.0,16.67,4.17,0.0,rain,rain,noprecip,31.7,48.2,29.5,26.8,14.8,10.4,1012.7,1011.0,1008.3,84.4,60.3,33.7,8.4,9.3,12.2,3.2,19.0,22.1,0.42,0.39,0.35,Rain,Rain,Cloudy,0.5358267949789965,-0.022687333572781968,-0.5431744499506707,0.8443279255020152,0.9997426093226983,0.8396198645344132
2022-09-10,25.2,24.3,81.4,18.504,12.5,rain,20.5,10.3,1011.9,66.0,9.2,15.9,0.5,Rain,-0.9358348973349941,-0.35243871088460327,-0.4786918579406067,-0.8779829754279806,24.7,25.0,26.0,24.0,24.5,23.4,85.0,89.9,74.0,25.251,100.747,1.979,16.67,16.67,4.17,rain,rain,rain,22.3,31.7,48.2,9.4,26.8,14.8,1013.3,1012.7,1011.0,58.7,84.4,60.3,8.9,8.4,9.3,5.3,3.2,19.0,0.46,0.42,0.39,Rain,Rain,Rain,-0.2990407922560858,0.5358267949789965,-0.022687333572781968,0.9542403285162772,0.8443279255020152,0.9997426093226983
2022-09-11,26.0,24.2,78.1,1.3,37.5,rain,22.0,12.1,1010.0,44.6,9.8,18.7,0.53,Rain,-0.9417589340994617,-0.33628873017668287,0.9499720515246525,0.3123349185122326,25.2,24.7,25.0,24.3,24.0,24.5,81.4,85.0,89.9,18.504,25.251,100.747,12.5,16.67,16.67,rain,rain,rain,20.5,22.3,31.7,10.3,9.4,26.8,1011.9,1013.3,1012.7,66.0,58.7,84.4,9.2,8.9,8.4,15.9,5.3,3.2,0.5,0.46,0.42,Rain,Rain,Rain,-0.4786918579406067,-0.2990407922560858,0.5358267949789965,-0.8779829754279806,0.9542403285162772,0.8443279255020152
2022-09-12,26.0,24.1,74.3,0.3,4.17,rain,25.2,12.1,1009.0,45.6,9.5,19.6,0.56,Rain,-0.9474042892438845,-0.32003923622313857,0.8358073613682702,0.5490228179981318,26.0,25.2,24.7,24.2,24.3,24.0,78.1,81.4,85.0,1.3,18.504,25.251,37.5,12.5,16.67,rain,rain,rain,22.0,20.5,22.3,12.1,10.3,9.4,1010.0,1011.9,1013.3,44.6,66.0,58.7,9.8,9.2,8.9,18.7,15.9,5.3,0.53,0.5,0.46,Rain,Rain,Rain,0.9499720515246525,-0.4786918579406067,-0.2990407922560858,0.3123349185122326,-0.8779829754279806,0.9542403285162772
2022-09-13,26.0,24.7,77.1,0.3,8.33,rain,19.1,11.2,1009.2,40.7,8.0,18.1,0.59,Rain,-0.9527692922168511,-0.30369503751065885,-0.48022349744318904,0.8771461637055887,26.0,26.0,25.2,24.1,24.2,24.3,74.3,78.1,81.4,0.3,1.3,18.504,4.17,37.5,12.5,rain,rain,rain,25.2,22.0,20.5,12.1,12.1,10.3,1009.0,1010.0,1011.9,45.6,44.6,66.0,9.5,9.8,9.2,19.6,18.7,15.9,0.56,0.53,0.5,Rain,Rain,Rain,0.8358073613682702,0.9499720515246525,-0.4786918579406067,0.5490228179981318,0.3123349185122326,-0.8779829754279806
2022-09-14,26.0,24.2,72.8,0.3,12.5,rain,17.3,11.2,1008.6,33.6,8.1,21.0,0.62,Rain,-0.9578523554276669,-0.28726097055059635,-0.8405666034956839,0.5417082102827404,26.0,26.0,26.0,24.7,24.1,24.2,77.1,74.3,78.1,0.3,0.3,1.3,8.33,4.17,37.5,rain,rain,rain,19.1,25.2,22.0,11.2,12.1,12.1,1009.2,1009.0,1010.0,40.7,45.6,44.6,8.0,9.5,9.8,18.1,19.6,18.7,0.59,0.56,0.53,Rain,Rain,Rain,-0.48022349744318904,0.8358073613682702,0.9499720515246525,0.8771461637055887,0.5490228179981318,0.3123349185122326
2022-09-15,26.5,25.0,74.8,1.187,4.17,rain,21.2,14.8,1006.0,38.3,8.5,20.5,0.65,Rain,-0.9626519747161487,-0.2707418984477642,0.9663760793213293,-0.2571327931546964,26.0,26.0,26.0,24.2,24.7,24.1,72.8,77.1,74.3,0.3,0.3,0.3,12.5,8.33,4.17,rain,rain,rain,17.3,19.1,25.2,11.2,11.2,12.1,1008.6,1009.2,1009.0,33.6,40.7,45.6,8.1,8.0,9.5,21.0,18.1,19.6,0.62,0.59,0.56,Rain,Rain,Rain,-0.8405666034956839,-0.48022349744318904,0.8358073613682702,0.5417082102827404,0.8771461637055887,0.5490228179981318
2022-09-16,26.0,25.2,82.6,0.099,4.17,rain,25.9,16.6,1004.1,62.0,9.4,5.3,0.69,Rain,-0.9671667297977312,-0.2541427094613622,0.9952273999818312,-0.09758289975914933,26.5,26.0,26.0,25.0,24.2,24.7,74.8,72.8,77.1,1.187,0.3,0.3,4.17,12.5,8.33,rain,rain,rain,21.2,17.3,19.1,14.8,11.2,11.2,1006.0,1008.6,1009.2,38.3,33.6,40.7,8.5,8.1,8.0,20.5,21.0,18.1,0.65,0.62,0.59,Rain,Rain,Rain,0.9663760793213293,-0.8405666034956839,-0.48022349744318904,-0.2571327931546964,0.5417082102827404,0.8771461637055887
2022-09-17,25.7,24.7,83.0,0.735,4.17,rain,24.8,14.8,1006.1,57.7,9.9,9.4,0.72,Rain,-0.97139528468375,-0.23746831555846842,0.9945218953682733,0.10452846326765346,26.0,26.5,26.0,25.2,25.0,24.2,82.6,74.8,72.8,0.099,1.187,0.3,4.17,4.17,12.5,rain,rain,rain,25.9,21.2,17.3,16.6,14.8,11.2,1004.1,1006.0,1008.6,62.0,38.3,33.6,9.4,8.5,8.1,5.3,20.5,21.0,0.69,0.65,0.62,Rain,Rain,Rain,0.9952273999818312,0.9663760793213293,-0.8405666034956839,-0.09758289975914933,-0.2571327931546964,0.5417082102827404
2022-09-18,25.5,24.6,76.0,0.001,4.17,rain,17.6,11.2,1006.7,21.7,8.4,20.2,0.75,Rain,-0.9753363880767837,-0.2207236509605022,0.5606389945632417,-0.8280603346224944,25.7,26.0,26.5,24.7,25.2,25.0,83.0,82.6,74.8,0.735,0.099,1.187,4.17,4.17,4.17,rain,rain,rain,24.8,25.9,21.2,14.8,16.6,14.8,1006.1,1004.1,1006.0,57.7,62.0,38.3,9.9,9.4,8.5,9.4,5.3,20.5,0.72,0.69,0.65,Rain,Rain,Rain,0.9945218953682733,0.9952273999818312,0.9663760793213293,0.10452846326765346,-0.09758289975914933,-0.2571327931546964
2022-09-19,26.5,25.3,76.3,0.0,0.0,noprecip,16.2,11.2,1006.3,32.6,8.7,20.8,0.78,Cloudy,-0.9789888737409319,-0.20391367068311472,0.9987193571841861,0.050592940076713555,25.5,25.7,26.0,24.6,24.7,25.2,76.0,83.0,82.6,0.001,0.735,0.099,4.17,4.17,4.17,rain,rain,rain,17.6,24.8,25.9,11.2,14.8,16.6,1006.7,1006.1,1004.1,21.7,57.7,62.0,8.4,9.9,9.4,20.2,9.4,5.3,0.75,0.72,0.69,Rain,Rain,Rain,0.5606389945632417,0.9945218953682733,0.9952273999818312,-0.8280603346224944,0.10452846326765346,-0.09758289975914933
2022-09-20,29.2,24.8,78.1,25.923,4.17,rain,24.8,16.6,1006.8,42.3,9.0,21.6,0.82,Rain,-0.9823516608469237,-0.18704334906991657,0.7277727576572106,0.6858183529273761,26.5,25.5,25.7,25.3,24.6,24.7,76.3,76.0,83.0,0.0,0.001,0.735,0.0,4.17,4.17,noprecip,rain,rain,16.2,17.6,24.8,11.2,11.2,14.8,1006.3,1006.7,1006.1,32.6,21.7,57.7,8.7,8.4,9.9,20.8,20.2,9.4,0.78,0.75,0.72,Cloudy,Rain,Rain,0.9987193571841861,0.5606389945632417,0.9945218953682733,0.050592940076713555,-0.8280603346224944,0.10452846326765346
2022-09-21,25.5,24.0,81.7,1.704,4.17,rain,33.5,12.1,1008.8,46.0,9.5,13.5,0.85,Rain,-0.9854237542919524,-0.17011767832049052,0.294040325232304,0.9557930147983301,29.2,26.5,25.5,24.8,25.3,24.6,78.1,76.3,76.0,25.923,0.0,0.001,4.17,0.0,4.17,rain,noprecip,rain,24.8,16.2,17.6,16.6,11.2,11.2,1006.8,1006.3,1006.7,42.3,32.6,21.7,9.0,8.7,8.4,21.6,20.8,20.2,0.82,0.78,0.75,Rain,Cloudy,Rain,0.7277727576572106,0.9987193571841861,0.5606389945632417,0.6858183529273761,0.050592940076713555,-0.8280603346224944
2022-09-22,25.0,24.3,82.7,25.4,4.17,rain,31.7,17.5,1009.6,61.5,9.3,10.0,0.88,Rain,-0.9882042449941422,-0.15314166701312007,0.9245460336123131,0.38107037635027424,25.5,29.2,26.5,24.0,24.8,25.3,81.7,78.1,76.3,1.704,25.923,0.0,4.17,4.17,0.0,rain,rain,noprecip,33.5,24.8,16.2,12.1,16.6,11.2,1008.8,1006.8,1006.3,46.0,42.3,32.6,9.5,9.0,8.7,13.5,21.6,20.8,0.85,0.82,0.78,Rain,Rain,Cloudy,0.294040325232304,0.7277727576572106,0.9987193571841861,0.9557930147983301,0.6858183529273761,0.050592940076713555
2022-09-23,23.5,23.3,80.0,18.005,4.17,rain,31.7,24.1,1010.3,62.0,9.3,19.0,0.91,Rain,-0.9906923101615609,-0.13612033862266704,0.08715574274765817,0.9961946980917455,25.0,25.5,29.2,24.3,24.0,24.8,82.7,81.7,78.1,25.4,1.704,25.923,4.17,4.17,4.17,rain,rain,rain,31.7,33.5,24.8,17.5,12.1,16.6,1009.6,1008.8,1006.8,61.5,46.0,42.3,9.3,9.5,9.0,10.0,13.5,21.6,0.88,0.85,0.82,Rain,Rain,Rain,0.9245460336123131,0.294040325232304,0.7277727576572106,0.38107037635027424,0.9557930147983301,0.6858183529273761
2022-09-24,24.0,22.8,80.1,8.882,4.17,rain,33.5,13.9,1010.5,74.4,9.6,11.6,0.95,Rain,-0.9928872135356962,-0.11905873003404988,0.18223552549214747,0.9832549075639546,23.5,25.0,25.5,23.3,24.3,24.0,80.0,82.7,81.7,18.005,25.4,1.704,4.17,4.17,4.17,rain,rain,rain,31.7,31.7,33.5,24.1,17.5,12.1,1010.3,1009.6,1008.8,62.0,61.5,46.0,9.3,9.3,9.5,19.0,10.0,13.5,0.91,0.88,0.85,Rain,Rain,Rain,0.08715574274765817,0.9245460336123131,0.294040325232304,0.9961946980917455,0.38107037635027424,0.9557930147983301
2022-09-25,24.6,22.8,82.5,18.36,4.17,rain,34.6,18.4,1011.2,67.2,9.2,13.1,0.98,Rain,-0.994788305609327,-0.10196189005174576,0.22665130743685502,0.9739759672790517,24.0,23.5,25.0,22.8,23.3,24.3,80.1,80.0,82.7,8.882,18.005,25.4,4.17,4.17,4.17,rain,rain,rain,33.5,31.7,31.7,13.9,24.1,17.5,1010.5,1010.3,1009.6,74.4,62.0,61.5,9.6,9.3,9.3,11.6,19.0,10.0,0.95,0.91,0.88,Rain,Rain,Rain,0.18223552549214747,0.08715574274765817,0.9245460336123131,0.9832549075639546,0.9961946980917455,0.38107037635027424
2022-09-26,24.0,23.7,79.2,0.4,16.67,rain,24.5,9.4,1009.9,27.4,7.7,19.9,0.0,Rain,-0.9963950238187231,-0.08483487790576538,-0.6626200482157378,0.7489557207890019,24.6,24.0,23.5,22.8,22.8,23.3,82.5,80.1,80.0,18.36,8.882,18.005,4.17,4.17,4.17,rain,rain,rain,34.6,33.5,31.7,18.4,13.9,24.1,1011.2,1010.5,1010.3,67.2,74.4,62.0,9.2,9.6,9.3,13.1,11.6,19.0,0.98,0.95,0.91,Rain,Rain,Rain,0.22665130743685502,0.18223552549214747,0.08715574274765817,0.9739759672790517,0.9832549075639546,0.9961946980917455
2022-09-27,25.0,23.7,74.8,0.1,4.17,rain,30.6,11.2,1007.0,19.3,6.9,20.5,0.05,Rain,-0.9977068927101168,-0.06768276175455162,-0.5635260489375716,0.8260982944957638,24.0,24.6,24.0,23.7,22.8,22.8,79.2,82.5,80.1,0.4,18.36,8.882,16.67,4.17,4.17,rain,rain,rain,24.5,34.6,33.5,9.4,18.4,13.9,1009.9,1011.2,1010.5,27.4,67.2,74.4,7.7,9.2,9.6,19.9,13.1,11.6,0.0,0.98,0.95,Rain,Rain,Rain,-0.6626200482157378,0.22665130743685502,0.18223552549214747,0.7489557207890019,0.9739759672790517,0.9832549075639546
2022-09-28,25.0,23.0,80.1,27.2,79.17,rain,40.7,12.1,1005.8,70.4,8.3,2.6,0.08,Rain,-0.9987235240803972,-0.050510617185222886,-0.6059884002657115,0.7954734808548956,25.0,24.0,24.6,23.7,23.7,22.8,74.8,79.2,82.5,0.1,0.4,18.36,4.17,16.67,4.17,rain,rain,rain,30.6,24.5,34.6,11.2,9.4,18.4,1007.0,1009.9,1011.2,19.3,27.4,67.2,6.9,7.7,9.2,20.5,19.9,13.1,0.05,0.0,0.98,Rain,Rain,Rain,-0.5635260489375716,-0.6626200482157378,0.22665130743685502,0.8260982944957638,0.7489557207890019,0.9739759672790517
2022-09-29,24.0,23.7,86.9,23.5,87.5,rain,35.6,14.8,1006.8,88.4,8.2,4.0,0.12,Rain,-0.9994446170919858,-0.033323525711631344,0.03141075907812829,0.9995065603657316,25.0,25.0,24.0,23.0,23.7,23.7,80.1,74.8,79.2,27.2,0.1,0.4,79.17,4.17,16.67,rain,rain,rain,40.7,30.6,24.5,12.1,11.2,9.4,1005.8,1007.0,1009.9,70.4,19.3,27.4,8.3,6.9,7.7,2.6,20.5,19.9,0.08,0.05,0.0,Rain,Rain,Rain,-0.6059884002657115,-0.5635260489375716,-0.6626200482157378,0.7954734808548956,0.8260982944957638,0.7489557207890019
2022-09-30,25.0,23.6,84.1,20.8,100.0,rain,20.5,23.2,1008.4,70.1,10.0,5.2,0.15,Rain,-0.9998699583618592,-0.016126573270657762,0.8949343616020251,0.4461978131098087,24.0,25.0,25.0,23.7,23.0,23.7,86.9,80.1,74.8,23.5,27.2,0.1,87.5,79.17,4.17,rain,rain,rain,35.6,40.7,30.6,14.8,12.1,11.2,1006.8,1005.8,1007.0,88.4,70.4,19.3,8.2,8.3,6.9,4.0,2.6,20.5,0.12,0.08,0.05,Rain,Rain,Rain,0.03141075907812829,-0.6059884002657115,-0.5635260489375716,0.9995065603657316,0.7954734808548956,0.8260982944957638
2022-10-01,25.0,24.3,89.2,33.5,100.0,rain,22.3,19.4,1009.6,80.3,8.7,6.0,0.19,Rain,-0.9999994220246925,0.001075151282798226,0.9998766324816606,-0.015707317311820748,25.0,24.0,25.0,23.6,23.7,23.0,84.1,86.9,80.1,20.8,23.5,27.2,100.0,87.5,79.17,rain,rain,rain,20.5,35.6,40.7,23.2,14.8,12.1,1008.4,1006.8,1005.8,70.1,88.4,70.4,10.0,8.2,8.3,5.2,4.0,2.6,0.15,0.12,0.08,Rain,Rain,Rain,0.8949343616020251,0.03141075907812829,-0.6059884002657115,0.4461978131098087,0.9995065603657316,0.7954734808548956
2022-10-02,25.0,23.8,83.4,31.3,91.67,rain,23.4,17.5,1010.8,83.2,9.9,4.4,0.23,Rain,-0.999832969770105,0.018276557681691223,0.9963452961909064,-0.08541692313736764,25.0,25.0,24.0,24.3,23.6,23.7,89.2,84.1,86.9,33.5,20.8,23.5,100.0,100.0,87.5,rain,rain,rain,22.3,20.5,35.6,19.4,23.2,14.8,1009.6,1008.4,1006.8,80.3,70.1,88.4,8.7,10.0,8.2,6.0,5.2,4.0,0.19,0.15,0.12,Rain,Rain,Rain,0.9998766324816606,0.8949343616020251,0.03141075907812829,-0.015707317311820748,0.4461978131098087,0.9995065603657316
2022-10-03,25.0,24.0,81.1,2.0,50.0,rain,23.0,17.6,1012.1,53.7,9.1,14.7,0.25,Rain,-0.9993706508539969,0.03547255575312556,0.9552783621223436,0.2957080500440467,25.0,25.0,25.0,23.8,24.3,23.6,83.4,89.2,84.1,31.3,33.5,20.8,91.67,100.0,100.0,rain,rain,rain,23.4,22.3,20.5,17.5,19.4,23.2,1010.8,1009.6,1008.4,83.2,80.3,70.1,9.9,8.7,10.0,4.4,6.0,5.2,0.23,0.19,0.15,Rain,Rain,Rain,0.9963452961909064,0.9998766324816606,0.8949343616020251,-0.08541692313736764,-0.015707317311820748,0.4461978131098087
2022-10-04,25.0,23.8,81.6,0.13,4.17,rain,29.5,8.5,1013.5,40.4,9.2,16.1,0.3,Rain,-0.9986126020839734,0.052658056924614005,-0.9184463813430871,0.39554550256296517,25.0,25.0,25.0,24.0,23.8,24.3,81.1,83.4,89.2,2.0,31.3,33.5,50.0,91.67,100.0,rain,rain,rain,23.0,23.4,22.3,17.6,17.5,19.4,1012.1,1010.8,1009.6,53.7,83.2,80.3,9.1,9.9,8.7,14.7,4.4,6.0,0.25,0.23,0.19,Rain,Rain,Rain,0.9552783621223436,0.9963452961909064,0.9998766324816606,0.2957080500440467,-0.08541692313736764,-0.015707317311820748
2022-10-05,24.3,23.6,77.5,0.08,4.17,rain,19.8,16.6,1013.2,30.8,9.3,18.8,0.33,Rain,-0.9975590477788613,0.06982797572987089,0.8779829754279805,-0.47869185794060676,25.0,25.0,25.0,23.8,24.0,23.8,81.6,81.1,83.4,0.13,2.0,31.3,4.17,50.0,91.67,rain,rain,rain,29.5,23.0,23.4,8.5,17.6,17.5,1013.5,1012.1,1010.8,40.4,53.7,83.2,9.2,9.1,9.9,16.1,14.7,4.4,0.3,0.25,0.23,Rain,Rain,Rain,-0.9184463813430871,0.9552783621223436,0.9963452961909064,0.39554550256296517,0.2957080500440467,-0.08541692313736764
2022-10-06,24.0,23.7,84.8,4.381,8.33,rain,26.3,26.8,1013.6,41.5,8.9,15.3,0.37,Rain,-0.9962102997023297,0.0869772313136861,0.9494254776419039,-0.313992455967405,24.3,25.0,25.0,23.6,23.8,24.0,77.5,81.6,81.1,0.08,0.13,2.0,4.17,4.17,50.0,rain,rain,rain,19.8,29.5,23.0,16.6,8.5,17.6,1013.2,1013.5,1012.1,30.8,40.4,53.7,9.3,9.2,9.1,18.8,16.1,14.7,0.33,0.3,0.25,Rain,Rain,Rain,0.8779829754279805,-0.9184463813430871,0.9552783621223436,-0.47869185794060676,0.39554550256296517,0.2957080500440467
2022-10-07,24.0,23.7,85.8,1.117,12.5,rain,29.5,13.2,1014.0,52.4,8.5,13.4,0.4,Rain,-0.9945667569706337,0.1041007489354256,0.9947028171171742,-0.10279253678724679,24.0,24.3,25.0,23.7,23.6,23.8,84.8,77.5,81.6,4.381,0.08,0.13,8.33,4.17,4.17,rain,rain,rain,26.3,19.8,29.5,26.8,16.6,8.5,1013.6,1013.2,1013.5,41.5,30.8,40.4,8.9,9.3,9.2,15.3,18.8,16.1,0.37,0.33,0.3,Rain,Rain,Rain,0.9494254776419039,0.8779829754279805,-0.9184463813430871,-0.313992455967405,-0.47869185794060676,0.39554550256296517
2022-10-08,24.5,23.2,81.9,0.876,8.33,rain,20.2,16.6,1014.4,67.3,9.0,7.8,0.44,Rain,-0.9926289059345095,0.121193461470736,0.9557930147983301,0.2940403252323039,24.0,24.0,24.3,23.7,23.7,23.6,85.8,84.8,77.5,1.117,4.381,0.08,12.5,8.33,4.17,rain,rain,rain,29.5,26.3,19.8,13.2,26.8,16.6,1014.0,1013.6,1013.2,52.4,41.5,30.8,8.5,8.9,9.3,13.4,15.3,18.8,0.4,0.37,0.33,Rain,Rain,Rain,0.9947028171171742,0.9494254776419039,0.8779829754279805,-0.10279253678724679,-0.313992455967405,-0.47869185794060676
2022-10-09,23.0,20.8,76.8,0.519,12.5,rain,48.2,26.8,1017.2,88.5,9.4,5.0,0.48,Rain,-0.9903973200352558,0.1382503109109819,0.3485720473218152,0.9372819894918916,24.5,24.0,24.0,23.2,23.7,23.7,81.9,85.8,84.8,0.876,1.117,4.381,8.33,12.5,8.33,rain,rain,rain,20.2,29.5,26.3,16.6,13.2,26.8,1014.4,1014.0,1013.6,67.3,52.4,41.5,9.0,8.5,8.9,7.8,13.4,15.3,0.44,0.4,0.37,Rain,Rain,Rain,0.9557930147983301,0.9947028171171742,0.9494254776419039,0.2940403252323039,-0.10279253678724679,-0.313992455967405
2022-10-10,21.3,14.8,57.8,0.198,4.17,rain,36.0,17.5,1020.4,63.9,9.7,14.1,0.5,Rain,-0.9878726596350429,0.15526624985999563,0.07323819712763169,0.9973144772244581,23.0,24.5,24.0,20.8,23.2,23.7,76.8,81.9,85.8,0.519,0.876,1.117,12.5,8.33,12.5,rain,rain,rain,48.2,20.2,29.5,26.8,16.6,13.2,1017.2,1014.4,1014.0,88.5,67.3,52.4,9.4,9.0,8.5,5.0,7.8,13.4,0.48,0.44,0.4,Rain,Rain,Rain,0.3485720473218152,0.9557930147983301,0.9947028171171742,0.9372819894918916,0.2940403252323039,-0.10279253678724679
2022-10-11,19.0,14.6,58.9,0.0,0.0,noprecip,27.7,16.6,1017.5,10.4,11.0,21.9,0.54,Clear,-0.9850556718215013,0.172236243027682,0.4694715627858908,0.882947592858927,21.3,23.0,24.5,14.8,20.8,23.2,57.8,76.8,81.9,0.198,0.519,0.876,4.17,12.5,8.33,rain,rain,rain,36.0,48.2,20.2,17.5,26.8,16.6,1020.4,1017.2,1014.4,63.9,88.5,67.3,9.7,9.4,9.0,14.1,5.0,7.8,0.5,0.48,0.44,Rain,Rain,Rain,0.07323819712763169,0.3485720473218152,0.9557930147983301,0.9973144772244581,0.9372819894918916,0.2940403252323039
2022-10-12,21.0,15.0,57.4,0.0,0.0,noprecip,21.2,13.9,1015.7,10.7,10.8,21.8,0.58,Clear,-0.981947190186646,0.18915526872004093,0.8651514205697045,0.5015107371594574,19.0,21.3,23.0,14.6,14.8,20.8,58.9,57.8,76.8,0.0,0.198,0.519,0.0,4.17,12.5,noprecip,rain,rain,27.7,36.0,48.2,16.6,17.5,26.8,1017.5,1020.4,1017.2,10.4,63.9,88.5,11.0,9.7,9.4,21.9,14.1,5.0,0.54,0.5,0.48,Clear,Rain,Rain,0.4694715627858908,0.07323819712763169,0.3485720473218152,0.882947592858927,0.9973144772244581,0.9372819894918916
2022-10-13,21.9,15.3,57.3,0.0,0.0,noprecip,27.7,11.2,1014.6,31.8,10.5,20.2,0.61,Cloudy,-0.9785481345802031,0.20601832032517084,0.010471784116245792,0.9999451693655121,21.0,19.0,21.3,15.0,14.6,14.8,57.4,58.9,57.8,0.0,0.0,0.198,0.0,0.0,4.17,noprecip,noprecip,rain,21.2,27.7,36.0,13.9,16.6,17.5,1015.7,1017.5,1020.4,10.7,10.4,63.9,10.8,11.0,9.7,21.8,21.9,14.1,0.58,0.54,0.5,Clear,Clear,Rain,0.8651514205697045,0.4694715627858908,0.07323819712763169,0.5015107371594574,0.882947592858927,0.9973144772244581
2022-10-14,19.0,15.3,60.1,0.0,0.0,noprecip,36.4,17.5,1012.9,60.3,10.3,21.9,0.64,Cloudy,-0.9748595108374125,0.22282040779479959,-0.3040330609254908,0.9526614812535861,21.9,21.0,19.0,15.3,15.0,14.6,57.3,57.4,58.9,0.0,0.0,0.0,0.0,0.0,0.0,noprecip,noprecip,noprecip,27.7,21.2,27.7,11.2,13.9,16.6,1014.6,1015.7,1017.5,31.8,10.7,10.4,10.5,10.8,11.0,20.2,21.8,21.9,0.61,0.58,0.54,Cloudy,Clear,Clear,0.010471784116245792,0.8651514205697045,0.4694715627858908,0.9999451693655121,0.5015107371594574,0.882947592858927
2022-10-15,21.0,14.8,55.8,0.0,0.0,noprecip,40.7,17.5,1012.9,54.2,10.5,19.8,0.67,Cloudy,-0.9708824104813836,0.23955655912092708,-0.37622426313936663,0.9265286308718369,19.0,21.9,21.0,15.3,15.3,15.0,60.1,57.3,57.4,0.0,0.0,0.0,0.0,0.0,0.0,noprecip,noprecip,noprecip,36.4,27.7,21.2,17.5,11.2,13.9,1012.9,1014.6,1015.7,60.3,31.8,10.7,10.3,10.5,10.8,21.9,20.2,21.8,0.64,0.61,0.58,Cloudy,Cloudy,Clear,-0.3040330609254908,0.010471784116245792,0.8651514205697045,0.9526614812535861,0.9999451693655121,0.5015107371594574
2022-10-16,19.0,16.4,59.2,0.0,0.0,noprecip,33.8,16.6,1014.2,9.6,9.6,21.8,0.7,Clear,-0.9666180104000972,0.2562218218071163,-0.4939418665842318,0.8694949295052186,21.0,19.0,21.9,14.8,15.3,15.3,55.8,60.1,57.3,0.0,0.0,0.0,0.0,0.0,0.0,noprecip,noprecip,noprecip,40.7,36.4,27.7,17.5,17.5,11.2,1012.9,1012.9,1014.6,54.2,60.3,31.8,10.5,10.3,10.5,19.8,21.9,20.2,0.67,0.64,0.61,Cloudy,Cloudy,Cloudy,-0.37622426313936663,-0.3040330609254908,0.010471784116245792,0.9265286308718369,0.9526614812535861,0.9999451693655121
2022-10-17,23.7,14.1,46.1,0.0,0.0,noprecip,42.8,20.5,1014.5,35.3,11.2,21.5,0.74,Cloudy,-0.9620675724981452,0.27281126433401914,-0.32391741819814873,0.9460853588275455,19.0,21.0,19.0,16.4,14.8,15.3,59.2,55.8,60.1,0.0,0.0,0.0,0.0,0.0,0.0,noprecip,noprecip,noprecip,33.8,40.7,36.4,16.6,17.5,17.5,1014.2,1012.9,1012.9,9.6,54.2,60.3,9.6,10.5,10.3,21.8,19.8,21.9,0.7,0.67,0.64,Clear,Cloudy,Cloudy,-0.4939418665842318,-0.37622426313936663,-0.3040330609254908,0.8694949295052186,0.9265286308718369,0.9526614812535861
2022-10-18,22.5,12.5,44.2,0.0,0.0,noprecip,42.5,19.7,1014.9,41.7,10.2,21.6,0.75,Cloudy,-0.957232443323312,0.28931997761869527,-0.2537579445848059,0.9672677527758767,23.7,19.0,21.0,14.1,16.4,14.8,46.1,59.2,55.8,0.0,0.0,0.0,0.0,0.0,0.0,noprecip,noprecip,noprecip,42.8,33.8,40.7,20.5,16.6,17.5,1014.5,1014.2,1012.9,35.3,9.6,54.2,11.2,9.6,10.5,21.5,21.8,19.8,0.74,0.7,0.67,Cloudy,Clear,Cloudy,-0.32391741819814873,-0.4939418665842318,-0.37622426313936663,0.9460853588275455,0.8694949295052186,0.9265286308718369
2022-10-19,16.5,12.3,58.4,0.101,8.33,rain,33.5,16.5,1016.7,70.7,9.0,9.8,0.8,Rain,-0.9521140536681102,0.3057430764672831,0.27395921869243245,0.9617413095492113,22.5,23.7,19.0,12.5,14.1,16.4,44.2,46.1,59.2,0.0,0.0,0.0,0.0,0.0,0.0,noprecip,noprecip,noprecip,42.5,42.8,33.8,19.7,20.5,16.6,1014.9,1014.5,1014.2,41.7,35.3,9.6,10.2,11.2,9.6,21.6,21.5,21.8,0.75,0.74,0.7,Cloudy,Cloudy,Clear,-0.2537579445848059,-0.32391741819814873,-0.4939418665842318,0.9672677527758767,0.9460853588275455,0.8694949295052186
2022-10-20,16.0,16.0,92.3,18.421,16.67,rain,29.9,13.9,1018.5,99.9,7.1,1.5,0.83,Rain,-0.9467139181463862,0.3220757010206104,-0.30070579950427384,0.9537169507482267,16.5,22.5,23.7,12.3,12.5,14.1,58.4,44.2,46.1,0.101,0.0,0.0,8.33,0.0,0.0,rain,noprecip,noprecip,33.5,42.5,42.8,16.5,19.7,20.5,1016.7,1014.9,1014.5,70.7,41.7,35.3,9.0,10.2,11.2,9.8,21.6,21.5,0.8,0.75,0.74,Rain,Cloudy,Cloudy,0.27395921869243245,-0.2537579445848059,-0.32391741819814873,0.9617413095492113,0.9672677527758767,0.9460853588275455
2022-10-21,18.0,18.8,93.2,5.445,8.33,rain,22.7,12.1,1018.7,77.1,7.7,3.1,0.86,Rain,-0.9410336347451197,0.3383130181923076,-0.7095707365365209,0.7046342099635947,16.0,16.5,22.5,16.0,12.3,12.5,92.3,58.4,44.2,18.421,0.101,0.0,16.67,8.33,0.0,rain,rain,noprecip,29.9,33.5,42.5,13.9,16.5,19.7,1018.5,1016.7,1014.9,99.9,70.7,41.7,7.1,9.0,10.2,1.5,9.8,21.6,0.83,0.8,0.75,Rain,Rain,Cloudy,-0.30070579950427384,0.27395921869243245,-0.2537579445848059,0.9537169507482267,0.9617413095492113,0.9672677527758767
2022-10-22,20.0,20.5,77.2,0.0,0.0,noprecip,26.3,10.8,1016.8,21.3,9.8,19.4,0.9,Cloudy,-0.9350748843515574,0.3544502230989869,-0.6279630576493377,0.7782431485260212,18.0,16.0,16.5,18.8,16.0,12.3,93.2,92.3,58.4,5.445,18.421,0.101,8.33,16.67,8.33,rain,rain,rain,22.7,29.9,33.5,12.1,13.9,16.5,1018.7,1018.5,1016.7,77.1,99.9,70.7,7.7,7.1,9.0,3.1,1.5,9.8,0.86,0.83,0.8,Rain,Rain,Rain,-0.7095707365365209,-0.30070579950427384,0.27395921869243245,0.7046342099635947,0.9537169507482267,0.9617413095492113
2022-10-23,22.5,21.5,71.3,0.0,0.0,noprecip,23.4,7.4,1015.0,19.4,10.4,18.5,0.93,Clear,-0.9288394302558068,0.3704825404820963,-0.05582150499316413,0.998440764181981,20.0,18.0,16.0,20.5,18.8,16.0,77.2,93.2,92.3,0.0,5.445,18.421,0.0,8.33,16.67,noprecip,rain,rain,26.3,22.7,29.9,10.8,12.1,13.9,1016.8,1018.7,1018.5,21.3,77.1,99.9,9.8,7.7,7.1,19.4,3.1,1.5,0.9,0.86,0.83,Cloudy,Rain,Rain,-0.6279630576493377,-0.7095707365365209,-0.30070579950427384,0.7782431485260212,0.7046342099635947,0.9537169507482267
2022-10-24,23.0,21.0,69.5,0.1,4.17,rain,21.6,15.7,1014.1,20.1,8.0,18.2,0.96,Rain,-0.9223291176290545,0.3864052261209853,0.9914448613738105,-0.13052619222005138,22.5,20.0,18.0,21.5,20.5,18.8,71.3,77.2,93.2,0.0,0.0,5.445,0.0,0.0,8.33,noprecip,noprecip,rain,23.4,26.3,22.7,7.4,10.8,12.1,1015.0,1016.8,1018.7,19.4,21.3,77.1,10.4,9.8,7.7,18.5,19.4,3.1,0.93,0.9,0.86,Clear,Cloudy,Rain,-0.05582150499316413,-0.6279630576493377,-0.7095707365365209,0.998440764181981,0.7782431485260212,0.7046342099635947
2022-10-25,23.0,21.8,83.7,0.131,8.33,rain,19.8,13.9,1016.2,66.5,7.0,9.8,0.0,Rain,-0.9155458729775467,0.40221356823680365,-0.8987940462991668,-0.43837114678907774,23.0,22.5,20.0,21.0,21.5,20.5,69.5,71.3,77.2,0.1,0.0,0.0,4.17,0.0,0.0,rain,noprecip,noprecip,21.6,23.4,26.3,15.7,7.4,10.8,1014.1,1015.0,1016.8,20.1,19.4,21.3,8.0,10.4,9.8,18.2,18.5,19.4,0.96,0.93,0.9,Rain,Clear,Cloudy,0.9914448613738105,-0.05582150499316413,-0.6279630576493377,-0.13052619222005138,0.998440764181981,0.7782431485260212
2022-10-26,23.0,22.1,83.5,0.002,4.17,rain,17.6,9.4,1015.3,81.8,5.8,10.5,0.03,Rain,-0.9084917035725082,0.41790288888678667,-0.9739759672790517,0.22665130743685485,23.0,23.0,22.5,21.8,21.0,21.5,83.7,69.5,71.3,0.131,0.1,0.0,8.33,4.17,0.0,rain,rain,noprecip,19.8,21.6,23.4,13.9,15.7,7.4,1016.2,1014.1,1015.0,66.5,20.1,19.4,7.0,8.0,10.4,9.8,18.2,18.5,0.0,0.96,0.93,Rain,Rain,Clear,-0.8987940462991668,0.9914448613738105,-0.05582150499316413,-0.43837114678907774,-0.13052619222005138,0.998440764181981
2022-10-27,24.0,21.7,75.9,0.001,4.17,rain,23.0,11.2,1014.6,78.4,9.4,13.8,0.06,Rain,-0.9011686968561569,0.4334685453485363,0.7922896433551907,-0.6101451639012676,23.0,23.0,23.0,22.1,21.8,21.0,83.5,83.7,69.5,0.002,0.131,0.1,4.17,8.33,4.17,rain,rain,rain,17.6,19.8,21.6,9.4,13.9,15.7,1015.3,1016.2,1014.1,81.8,66.5,20.1,5.8,7.0,8.0,10.5,9.8,18.2,0.03,0.0,0.96,Rain,Rain,Rain,-0.9739759672790517,-0.8987940462991668,0.9914448613738105,0.22665130743685485,-0.43837114678907774,-0.13052619222005138
2022-10-28,23.7,20.3,69.5,0.0,0.0,noprecip,17.6,11.2,1014.9,43.2,9.7,14.7,0.1,Cloudy,-0.8935790198239952,0.4489059314938798,0.8396198645344131,-0.5431744499506708,24.0,23.0,23.0,21.7,22.1,21.8,75.9,83.5,83.7,0.001,0.002,0.131,4.17,4.17,8.33,rain,rain,rain,23.0,17.6,19.8,11.2,9.4,13.9,1014.6,1015.3,1016.2,78.4,81.8,66.5,9.4,5.8,7.0,13.8,10.5,9.8,0.06,0.03,0.0,Rain,Rain,Rain,0.7922896433551907,-0.9739759672790517,-0.8987940462991668,-0.6101451639012676,0.22665130743685485,-0.43837114678907774
2022-10-29,22.9,20.7,73.5,0.495,4.17,rain,29.5,12.1,1015.0,37.4,7.8,17.0,0.13,Rain,-0.8857249183835637,0.4642104791518923,-0.23344536385590609,0.9723699203976764,23.7,24.0,23.0,20.3,21.7,22.1,69.5,75.9,83.5,0.0,0.001,0.002,0.0,4.17,4.17,noprecip,rain,rain,17.6,23.0,17.6,11.2,11.2,9.4,1014.9,1014.6,1015.3,43.2,78.4,81.8,9.7,9.4,5.8,14.7,13.8,10.5,0.1,0.06,0.03,Cloudy,Rain,Rain,0.8396198645344131,0.7922896433551907,-0.9739759672790517,-0.5431744499506708,-0.6101451639012676,0.22665130743685485
2022-10-30,21.0,20.4,73.9,0.0,0.0,noprecip,35.3,14.1,1013.8,17.0,7.8,17.4,0.17,Clear,-0.8776087166898392,0.4793776594606945,-0.35020738125946765,0.9366721892483976,22.9,23.7,24.0,20.7,20.3,21.7,73.5,69.5,75.9,0.495,0.0,0.001,4.17,0.0,4.17,rain,noprecip,rain,29.5,17.6,23.0,12.1,11.2,11.2,1015.0,1014.9,1014.6,37.4,43.2,78.4,7.8,9.7,9.4,17.0,14.7,13.8,0.13,0.1,0.06,Rain,Cloudy,Rain,-0.23344536385590609,0.8396198645344131,0.7922896433551907,0.9723699203976764,-0.5431744499506708,-0.6101451639012676
2022-10-31,21.5,16.0,56.4,0.0,0.0,noprecip,41.4,19.5,1014.8,44.9,10.0,15.5,0.21,Cloudy,-0.8692328164574792,0.49440298420761813,-0.0575640269595675,0.9983418166140283,21.0,22.9,23.7,20.4,20.7,20.3,73.9,73.5,69.5,0.0,0.495,0.0,0.0,4.17,0.0,noprecip,rain,noprecip,35.3,29.5,17.6,14.1,12.1,11.2,1013.8,1015.0,1014.9,17.0,37.4,43.2,7.8,7.8,9.7,17.4,17.0,14.7,0.17,0.13,0.1,Clear,Rain,Cloudy,-0.35020738125946765,-0.23344536385590609,0.8396198645344131,0.9366721892483976,0.9723699203976764,-0.5431744499506708
2022-11-01,20.3,13.5,52.5,0.0,0.0,noprecip,38.9,20.5,1014.2,59.4,11.3,20.0,0.25,Cloudy,-0.8605996962501181,0.5092820071573356,-0.553391549243345,0.8329212407100989,21.5,21.0,22.9,16.0,20.4,20.7,56.4,73.9,73.5,0.0,0.0,0.495,0.0,0.0,4.17,noprecip,noprecip,rain,41.4,35.3,29.5,19.5,14.1,12.1,1014.8,1013.8,1015.0,44.9,17.0,37.4,10.0,7.8,7.8,15.5,17.4,17.0,0.21,0.17,0.13,Cloudy,Clear,Rain,-0.0575640269595675,-0.35020738125946765,-0.23344536385590609,0.9983418166140283,0.9366721892483976,0.9723699203976764
2022-11-02,17.5,14.2,62.0,0.0,0.0,noprecip,22.3,14.8,1011.9,17.1,9.3,20.3,0.28,Clear,-0.8517119107469189,0.5240103253675756,-0.5807029557109397,0.8141155183563193,20.3,21.5,21.0,13.5,16.0,20.4,52.5,56.4,73.9,0.0,0.0,0.0,0.0,0.0,0.0,noprecip,noprecip,noprecip,38.9,41.4,35.3,20.5,19.5,14.1,1014.2,1014.8,1013.8,59.4,44.9,17.0,11.3,10.0,7.8,20.0,15.5,17.4,0.25,0.21,0.17,Cloudy,Cloudy,Clear,-0.553391549243345,-0.0575640269595675,-0.35020738125946765,0.8329212407100989,0.9983418166140283,0.9366721892483976
2022-11-03,17.0,15.1,62.8,0.0,0.0,noprecip,21.2,10.6,1013.2,31.0,9.2,19.8,0.31,Cloudy,-0.8425720899866032,0.5385835804920232,-0.7738402097265058,0.6333808726275507,17.5,20.3,21.5,14.2,13.5,16.0,62.0,52.5,56.4,0.0,0.0,0.0,0.0,0.0,0.0,noprecip,noprecip,noprecip,22.3,38.9,41.4,14.8,20.5,19.5,1011.9,1014.2,1014.8,17.1,59.4,44.9,9.3,11.3,10.0,20.3,20.0,15.5,0.28,0.25,0.21,Clear,Cloudy,Cloudy,-0.5807029557109397,-0.553391549243345,-0.0575640269595675,0.8141155183563193,0.8329212407100989,0.9983418166140283
2022-11-04,19.0,16.8,65.7,0.0,0.0,noprecip,25.9,11.1,1016.2,26.0,9.7,17.7,0.35,Cloudy,-0.8331829385891785,0.5529974600700271,-0.31895930929807126,0.9477684100095852,17.0,17.5,20.3,15.1,14.2,13.5,62.8,62.0,52.5,0.0,0.0,0.0,0.0,0.0,0.0,noprecip,noprecip,noprecip,21.2,22.3,38.9,10.6,14.8,20.5,1013.2,1011.9,1014.2,31.0,17.1,59.4,9.2,9.3,11.3,19.8,20.3,20.0,0.31,0.28,0.25,Cloudy,Clear,Cloudy,-0.7738402097265058,-0.5807029557109397,-0.553391549243345,0.6333808726275507,0.8141155183563193,0.8329212407100989
2022-11-05,20.4,17.4,67.9,0.0,0.0,noprecip,30.2,19.5,1018.1,8.3,10.3,18.7,0.38,Clear,-0.8235472349556007,0.5672476988027229,0.8972583696743284,0.4415058527917452,19.0,17.0,17.5,16.8,15.1,14.2,65.7,62.8,62.0,0.0,0.0,0.0,0.0,0.0,0.0,noprecip,noprecip,noprecip,25.9,21.2,22.3,11.1,10.6,14.8,1016.2,1013.2,1011.9,26.0,31.0,17.1,9.7,9.2,9.3,17.7,19.8,20.3,0.35,0.31,0.28,Cloudy,Cloudy,Clear,-0.31895930929807126,-0.7738402097265058,-0.5807029557109397,0.9477684100095852,0.6333808726275507,0.8141155183563193
2022-11-06,20.0,17.9,72.4,0.0,0.0,noprecip,16.6,10.3,1017.6,15.3,7.1,18.1,0.42,Clear,-0.8136678304455991,0.5813300798152042,0.9792228106217657,0.20278729535651271,20.4,19.0,17.0,17.4,16.8,15.1,67.9,65.7,62.8,0.0,0.0,0.0,0.0,0.0,0.0,noprecip,noprecip,noprecip,30.2,25.9,21.2,19.5,11.1,10.6,1018.1,1016.2,1013.2,8.3,26.0,31.0,10.3,9.7,9.2,18.7,17.7,19.8,0.38,0.35,0.31,Clear,Cloudy,Cloudy,0.8972583696743284,-0.31895930929807126,-0.7738402097265058,0.4415058527917452,0.9477684100095852,0.6333808726275507
2022-11-07,19.0,18.7,75.8,0.0,0.0,noprecip,15.8,11.2,1016.5,29.5,6.7,13.4,0.46,Cloudy,-0.8035476485339116,0.5952404359043674,0.9958843986159703,-0.09063258019777999,20.0,20.4,19.0,17.9,17.4,16.8,72.4,67.9,65.7,0.0,0.0,0.0,0.0,0.0,0.0,noprecip,noprecip,noprecip,16.6,30.2,25.9,10.3,19.5,11.1,1017.6,1018.1,1016.2,15.3,8.3,26.0,7.1,10.3,9.7,18.1,18.7,17.7,0.42,0.38,0.35,Clear,Clear,Cloudy,0.9792228106217657,0.8972583696743284,-0.31895930929807126,0.20278729535651271,0.4415058527917452,0.9477684100095852
2022-11-08,20.0,19.0,74.6,0.0,0.0,noprecip,15.1,14.8,1016.5,22.0,6.0,17.5,0.5,Cloudy,-0.7931896839451843,0.6089746507720486,0.9563047559630354,0.29237170472273677,19.0,20.0,20.4,18.7,17.9,17.4,75.8,72.4,67.9,0.0,0.0,0.0,0.0,0.0,0.0,noprecip,noprecip,noprecip,15.8,16.6,30.2,11.2,10.3,19.5,1016.5,1017.6,1018.1,29.5,15.3,8.3,6.7,7.1,10.3,13.4,18.1,18.7,0.46,0.42,0.38,Cloudy,Clear,Clear,0.9958843986159703,0.9792228106217657,0.8972583696743284,-0.09063258019777999,0.20278729535651271,0.4415058527917452
2022-11-09,19.5,19.4,75.4,0.0,0.0,noprecip,16.2,13.0,1016.3,19.5,7.2,16.6,0.52,Clear,-0.7825970017677834,0.6225286602431057,0.9907478404714436,-0.1357155724343043,20.0,19.0,20.0,19.0,18.7,17.9,74.6,75.8,72.4,0.0,0.0,0.0,0.0,0.0,0.0,noprecip,noprecip,noprecip,15.1,15.8,16.6,14.8,11.2,10.3,1016.5,1016.5,1017.6,22.0,29.5,15.3,6.0,6.7,7.1,17.5,13.4,18.1,0.5,0.46,0.42,Cloudy,Cloudy,Clear,0.9563047559630354,0.9958843986159703,0.9792228106217657,0.29237170472273677,-0.09063258019777999,0.20278729535651271
2022-11-10,22.0,21.2,81.7,0.3,12.5,rain,14.8,9.3,1015.8,65.5,7.4,9.3,0.56,Rain,-0.7717727365467837,0.6358984534680745,0.7501110696304594,-0.661311865323652,19.5,20.0,19.0,19.4,19.0,18.7,75.4,74.6,75.8,0.0,0.0,0.0,0.0,0.0,0.0,noprecip,noprecip,noprecip,16.2,15.1,15.8,13.0,14.8,11.2,1016.3,1016.5,1016.5,19.5,22.0,29.5,7.2,6.0,6.7,16.6,17.5,13.4,0.52,0.5,0.46,Clear,Cloudy,Cloudy,0.9907478404714436,0.9563047559630354,0.9958843986159703,-0.1357155724343043,0.29237170472273677,-0.09063258019777999
2022-11-11,23.0,22.0,80.9,0.8,29.17,rain,20.9,14.7,1015.0,52.2,8.1,11.9,0.59,Rain,-0.7607200913564104,0.6490800741100398,0.8396198645344131,-0.5431744499506708,22.0,19.5,20.0,21.2,19.4,19.0,81.7,75.4,74.6,0.3,0.0,0.0,12.5,0.0,0.0,rain,noprecip,noprecip,14.8,16.2,15.1,9.3,13.0,14.8,1015.8,1016.3,1016.5,65.5,19.5,22.0,7.4,7.2,6.0,9.3,16.6,17.5,0.56,0.52,0.5,Rain,Clear,Cloudy,0.7501110696304594,0.9907478404714436,0.9563047559630354,-0.661311865323652,-0.1357155724343043,0.29237170472273677
2022-11-12,23.0,21.8,78.1,0.4,16.67,rain,23.8,15.7,1013.8,62.2,8.6,10.7,0.62,Rain,-0.7494423368521953,0.6620696215153815,0.943222657947601,-0.33216113188370344,23.0,22.0,19.5,22.0,21.2,19.4,80.9,81.7,75.4,0.8,0.3,0.0,29.17,12.5,0.0,rain,rain,noprecip,20.9,14.8,16.2,14.7,9.3,13.0,1015.0,1015.8,1016.3,52.2,65.5,19.5,8.1,7.4,7.2,11.9,9.3,16.6,0.59,0.56,0.52,Rain,Rain,Clear,0.8396198645344131,0.7501110696304594,0.9907478404714436,-0.5431744499506708,-0.661311865323652,-0.1357155724343043
2022-11-13,22.0,21.6,79.9,0.152,8.33,rain,18.0,11.2,1014.6,55.6,8.1,11.6,0.65,Rain,-0.7379428103031386,0.6748632518680403,0.9631625667976582,-0.2689198206152656,23.0,23.0,22.0,21.8,22.0,21.2,78.1,80.9,81.7,0.4,0.8,0.3,16.67,29.17,12.5,rain,rain,rain,23.8,20.9,14.8,15.7,14.7,9.3,1013.8,1015.0,1015.8,62.2,52.2,65.5,8.6,8.1,7.4,10.7,11.9,9.3,0.62,0.59,0.56,Rain,Rain,Rain,0.943222657947601,0.8396198645344131,0.7501110696304594,-0.33216113188370344,-0.5431744499506708,-0.661311865323652
2022-11-14,22.0,22.0,82.1,0.001,4.17,rain,18.0,9.4,1014.9,41.6,6.2,11.0,0.69,Rain,-0.7262249146041543,0.6874571793269664,0.7372773368101241,-0.6755902076156602,22.0,23.0,23.0,21.6,21.8,22.0,79.9,78.1,80.9,0.152,0.4,0.8,8.33,16.67,29.17,rain,rain,rain,18.0,23.8,20.9,11.2,15.7,14.7,1014.6,1013.8,1015.0,55.6,62.2,52.2,8.1,8.6,8.1,11.6,10.7,11.9,0.65,0.62,0.59,Rain,Rain,Rain,0.9631625667976582,0.943222657947601,0.8396198645344131,-0.2689198206152656,-0.33216113188370344,-0.5431744499506708
2022-11-15,23.0,22.4,81.7,0.021,4.17,rain,23.0,15.7,1013.5,58.1,8.4,11.5,0.72,Rain,-0.7142921172691032,0.699847677146407,0.8181497174250237,-0.5750052520432782,22.0,22.0,23.0,22.0,21.6,21.8,82.1,79.9,78.1,0.001,0.152,0.4,4.17,8.33,16.67,rain,rain,rain,18.0,18.0,23.8,9.4,11.2,15.7,1014.9,1014.6,1013.8,41.6,55.6,62.2,6.2,8.1,8.6,11.0,11.6,10.7,0.69,0.65,0.62,Rain,Rain,Rain,0.7372773368101241,0.9631625667976582,0.943222657947601,-0.6755902076156602,-0.2689198206152656,-0.33216113188370344
2022-11-16,24.0,22.8,79.0,0.099,4.17,rain,21.2,16.6,1011.7,59.9,8.2,11.4,0.75,Rain,-0.7021479494046978,0.7120310787787131,0.7738402097265062,-0.63338087262755,23.0,22.0,22.0,22.4,22.0,21.6,81.7,82.1,79.9,0.021,0.001,0.152,4.17,4.17,8.33,rain,rain,rain,23.0,18.0,18.0,15.7,9.4,11.2,1013.5,1014.9,1014.6,58.1,41.6,55.6,8.4,6.2,8.1,11.5,11.0,11.6,0.72,0.69,0.65,Rain,Rain,Rain,0.8181497174250237,0.7372773368101241,0.9631625667976582,-0.5750052520432782,-0.6755902076156602,-0.2689198206152656
2022-11-17,25.0,23.1,80.8,1.4,33.33,rain,33.5,22.3,1011.5,56.2,10.6,14.5,0.78,Rain,-0.6897960046655887,0.7240037789593305,0.8433914458128858,-0.5372996083468236,24.0,23.0,22.0,22.8,22.4,22.0,79.0,81.7,82.1,0.099,0.021,0.001,4.17,4.17,4.17,rain,rain,rain,21.2,23.0,18.0,16.6,15.7,9.4,1011.7,1013.5,1014.9,59.9,58.1,41.6,8.2,8.4,6.2,11.4,11.5,11.0,0.75,0.72,0.69,Rain,Rain,Rain,0.7738402097265062,0.8181497174250237,0.7372773368101241,-0.63338087262755,-0.5750052520432782,-0.6755902076156602
2022-11-18,24.0,23.7,83.0,1.5,29.17,rain,24.8,17.5,1012.6,61.0,8.2,12.9,0.81,Rain,-0.6772399381909491,0.7357622347736527,0.8837656300886935,-0.46792981426057323,25.0,24.0,23.0,23.1,22.8,22.4,80.8,79.0,81.7,1.4,0.099,0.021,33.33,4.17,4.17,rain,rain,rain,33.5,21.2,23.0,22.3,16.6,15.7,1011.5,1011.7,1013.5,56.2,59.9,58.1,10.6,8.2,8.4,14.5,11.4,11.5,0.78,0.75,0.72,Rain,Rain,Rain,0.8433914458128858,0.7738402097265062,0.8181497174250237,-0.5372996083468236,-0.63338087262755,-0.5750052520432782
2022-11-19,24.9,22.7,79.5,1.484,4.17,rain,24.5,13.9,1013.7,78.1,9.5,10.0,0.85,Rain,-0.6644834655228552,0.7473029667054297,0.8754645270000179,-0.48328238325500245,24.0,25.0,24.0,23.7,23.1,22.8,83.0,80.8,79.0,1.5,1.4,0.099,29.17,33.33,4.17,rain,rain,rain,24.8,33.5,21.2,17.5,22.3,16.6,1012.6,1011.5,1011.7,61.0,56.2,59.9,8.2,10.6,8.2,12.9,14.5,11.4,0.81,0.78,0.75,Rain,Rain,Rain,0.8837656300886935,0.8433914458128858,0.7738402097265062,-0.46792981426057323,-0.5372996083468236,-0.63338087262755
2022-11-20,23.0,20.9,77.9,0.0,0.0,noprecip,18.4,13.9,1013.0,55.7,9.8,13.3,0.88,Cloudy,-0.6515303615068021,0.75862255966641,0.7466381822853914,0.6652303546543609,24.9,24.0,25.0,22.7,23.7,23.1,79.5,83.0,80.8,1.484,1.5,1.4,4.17,29.17,33.33,rain,rain,rain,24.5,24.8,33.5,13.9,17.5,22.3,1013.7,1012.6,1011.5,78.1,61.0,56.2,9.5,8.2,10.6,10.0,12.9,14.5,0.85,0.81,0.78,Rain,Rain,Rain,0.8754645270000179,0.8837656300886935,0.8433914458128858,-0.48328238325500245,-0.46792981426057323,-0.5372996083468236
2022-11-21,22.0,20.3,74.9,0.0,0.0,rain,20.2,10.7,1011.6,38.4,8.5,11.8,0.91,Cloudy,-0.6383844591746642,0.769717664006921,0.9900236577165575,0.1409012319375828,23.0,24.9,24.0,20.9,22.7,23.7,77.9,79.5,83.0,0.0,1.484,1.5,0.0,4.17,29.17,noprecip,rain,rain,18.4,24.5,24.8,13.9,13.9,17.5,1013.0,1013.7,1012.6,55.7,78.1,61.0,9.8,9.5,8.2,13.3,10.0,12.9,0.88,0.85,0.81,Cloudy,Rain,Rain,0.7466381822853914,0.8754645270000179,0.8837656300886935,0.6652303546543609,-0.48328238325500245,-0.46792981426057323
2022-11-22,21.5,20.8,76.6,0.021,4.17,rain,25.9,10.0,1011.4,57.8,7.9,9.7,0.94,Rain,-0.6250496486104377,0.7805849965070866,0.3502073812594674,0.9366721892483977,22.0,23.0,24.9,20.3,20.9,22.7,74.9,77.9,79.5,0.0,0.0,1.484,0.0,0.0,4.17,rain,noprecip,rain,20.2,18.4,24.5,10.7,13.9,13.9,1011.6,1013.0,1013.7,38.4,55.7,78.1,8.5,9.8,9.5,11.8,13.3,10.0,0.91,0.88,0.85,Cloudy,Cloudy,Rain,0.9900236577165575,0.7466381822853914,0.8754645270000179,0.1409012319375828,0.6652303546543609,-0.48328238325500245
2022-11-23,24.7,21.7,76.2,0.001,4.17,rain,23.4,10.6,1012.0,74.6,9.6,5.5,0.98,Rain,-0.6115298757991053,0.7912213413483807,0.23004973718810443,0.9731788727770883,21.5,22.0,23.0,20.8,20.3,20.9,76.6,74.9,77.9,0.021,0.0,0.0,4.17,0.0,0.0,rain,rain,noprecip,25.9,20.2,18.4,10.0,10.7,13.9,1011.4,1011.6,1013.0,57.8,38.4,55.7,7.9,8.5,9.8,9.7,11.8,13.3,0.94,0.91,0.88,Rain,Cloudy,Cloudy,0.3502073812594674,0.9900236577165575,0.7466381822853914,0.9366721892483977,0.1409012319375828,0.6652303546543609
2022-11-24,22.0,20.9,88.5,5.646,8.33,rain,16.9,16.4,1013.6,97.9,8.3,1.9,0.0,Rain,-0.5978291414589552,0.801623551065242,0.3826834323650898,0.9238795325112867,24.7,21.5,22.0,21.7,20.8,20.3,76.2,76.6,74.9,0.001,0.021,0.0,4.17,4.17,0.0,rain,rain,rain,23.4,25.9,20.2,10.6,10.0,10.7,1012.0,1011.4,1011.6,74.6,57.8,38.4,9.6,7.9,8.5,5.5,9.7,11.8,0.98,0.94,0.91,Rain,Rain,Cloudy,0.23004973718810443,0.3502073812594674,0.9900236577165575,0.9731788727770883,0.9366721892483977,0.1409012319375828
2022-11-25,21.5,21.5,89.3,1.403,16.67,rain,14.8,8.5,1014.2,93.8,7.7,3.1,0.04,Rain,-0.5839514998576998,0.8117885474764613,0.6652303546543609,0.7466381822853912,22.0,24.7,21.5,20.9,21.7,20.8,88.5,76.2,76.6,5.646,0.001,0.021,8.33,4.17,4.17,rain,rain,rain,16.9,23.4,25.9,16.4,10.6,10.0,1013.6,1012.0,1011.4,97.9,74.6,57.8,8.3,9.6,7.9,1.9,5.5,9.7,0.0,0.98,0.94,Rain,Rain,Rain,0.3826834323650898,0.23004973718810443,0.3502073812594674,0.9238795325112867,0.9731788727770883,0.9366721892483977
2022-11-26,22.0,22.0,93.0,1.965,16.67,rain,19.4,15.7,1012.5,97.0,7.4,3.9,0.08,Rain,-0.5699010576127624,0.821713322596059,0.9521293927421387,0.3056953049631057,21.5,22.0,24.7,21.5,20.9,21.7,89.3,88.5,76.2,1.403,5.646,0.001,16.67,8.33,4.17,rain,rain,rain,14.8,16.9,23.4,8.5,16.4,10.6,1014.2,1013.6,1012.0,93.8,97.9,74.6,7.7,8.3,9.6,3.1,1.9,5.5,0.04,0.0,0.98,Rain,Rain,Rain,0.6652303546543609,0.3826834323650898,0.23004973718810443,0.7466381822853912,0.9238795325112867,0.9731788727770883
2022-11-27,24.0,23.3,81.5,0.0,0.0,noprecip,37.8,21.4,1008.6,60.1,8.5,11.9,0.11,Cloudy,-0.5556819724760489,0.8313949395234058,0.6401096994849558,-0.7682835235935231,22.0,21.5,22.0,22.0,21.5,20.9,93.0,89.3,88.5,1.965,1.403,5.646,16.67,16.67,8.33,rain,rain,rain,19.4,14.8,16.9,15.7,8.5,16.4,1012.5,1014.2,1013.6,97.0,93.8,97.9,7.4,7.7,8.3,3.9,3.1,1.9,0.08,0.04,0.0,Rain,Rain,Rain,0.9521293927421387,0.6652303546543609,0.3826834323650898,0.3056953049631057,0.7466381822853912,0.9238795325112867
2022-11-28,24.0,24.2,82.2,0.0,0.0,noprecip,30.6,20.5,1008.2,60.2,11.2,14.7,0.15,Cloudy,-0.5412984521036173,0.8408305333122887,0.8048937973559142,-0.5934188866037013,24.0,22.0,21.5,23.3,22.0,21.5,81.5,93.0,89.3,0.0,1.965,1.403,0.0,16.67,16.67,noprecip,rain,rain,37.8,19.4,14.8,21.4,15.7,8.5,1008.6,1012.5,1014.2,60.1,97.0,93.8,8.5,7.4,7.7,11.9,3.9,3.1,0.11,0.08,0.04,Cloudy,Rain,Rain,0.6401096994849558,0.9521293927421387,0.6652303546543609,-0.7682835235935231,0.3056953049631057,0.7466381822853912
2022-11-29,25.0,24.1,81.7,0.1,4.17,rain,23.0,18.5,1009.7,60.4,10.5,12.3,0.18,Rain,-0.5267547528105542,0.8500173118187018,0.7847763705330829,-0.6197790317951402,24.0,24.0,22.0,24.2,23.3,22.0,82.2,81.5,93.0,0.0,0.0,1.965,0.0,0.0,16.67,noprecip,noprecip,rain,30.6,37.8,19.4,20.5,21.4,15.7,1008.2,1008.6,1012.5,60.2,60.1,97.0,11.2,8.5,7.4,14.7,11.9,3.9,0.15,0.11,0.08,Cloudy,Cloudy,Rain,0.8048937973559142,0.6401096994849558,0.9521293927421387,-0.5934188866037013,-0.7682835235935231,0.3056953049631057
2022-11-30,18.0,22.5,82.5,0.099,4.17,rain,42.1,29.7,1013.4,74.4,9.8,3.8,0.25,Rain,-0.5120551783114646,0.8589525565270845,0.9348256763960145,-0.35510696240813683,25.0,24.0,24.0,24.1,24.2,23.3,81.7,82.2,81.5,0.1,0.0,0.0,4.17,0.0,0.0,rain,noprecip,noprecip,23.0,30.6,37.8,18.5,20.5,21.4,1009.7,1008.2,1008.6,60.4,60.2,60.1,10.5,11.2,8.5,12.3,14.7,11.9,0.18,0.15,0.11,Rain,Cloudy,Cloudy,0.7847763705330829,0.8048937973559142,0.6401096994849558,-0.6197790317951402,-0.5934188866037013,-0.7682835235935231
2022-12-01,14.0,12.0,80.2,2.274,16.67,rain,37.1,23.2,1019.8,100.0,9.8,2.2,0.26,Rain,-0.4972040784469378,0.8676336233547726,0.6704266189587991,0.7419758409756164,18.0,25.0,24.0,22.5,24.1,24.2,82.5,81.7,82.2,0.099,0.1,0.0,4.17,4.17,0.0,rain,rain,noprecip,42.1,23.0,30.6,29.7,18.5,20.5,1013.4,1009.7,1008.2,74.4,60.4,60.2,9.8,10.5,11.2,3.8,12.3,14.7,0.25,0.18,0.15,Rain,Rain,Cloudy,0.9348256763960145,0.7847763705330829,0.8048937973559142,-0.35510696240813683,-0.6197790317951402,-0.5934188866037013
2022-12-02,13.0,9.2,67.5,0.0,0.0,rain,24.5,20.5,1020.6,80.2,10.0,4.6,0.29,Cloudy,-0.4822058478963526,0.8760579434344281,0.20620418539662963,0.9785089851017784,14.0,18.0,25.0,12.0,22.5,24.1,80.2,82.5,81.7,2.274,0.099,0.1,16.67,4.17,4.17,rain,rain,rain,37.1,42.1,23.0,23.2,29.7,18.5,1019.8,1013.4,1009.7,100.0,74.4,60.4,9.8,9.8,10.5,2.2,3.8,12.3,0.26,0.25,0.18,Rain,Rain,Rain,0.6704266189587991,0.9348256763960145,0.7847763705330829,0.7419758409756164,-0.35510696240813683,-0.6197790317951402
2022-12-03,15.0,11.8,69.0,0.0,0.0,noprecip,29.5,11.2,1017.3,96.3,10.0,9.0,0.33,Cloudy,-0.46706492487743034,0.8842230238742036,0.4477590878387697,0.8941542368393681,13.0,14.0,18.0,9.2,12.0,22.5,67.5,80.2,82.5,0.0,2.274,0.099,0.0,16.67,4.17,rain,rain,rain,24.5,37.1,42.1,20.5,23.2,29.7,1020.6,1019.8,1013.4,80.2,100.0,74.4,10.0,9.8,9.8,4.6,2.2,3.8,0.29,0.26,0.25,Cloudy,Rain,Rain,0.20620418539662963,0.6704266189587991,0.9348256763960145,0.9785089851017784,0.7419758409756164,-0.35510696240813683
2022-12-04,15.0,13.5,78.4,0.7,29.17,rain,23.8,17.5,1019.0,99.9,9.5,4.0,0.36,Rain,-0.451785789832884,0.8921264484954345,0.40034903255689497,0.9163627295622396,15.0,13.0,14.0,11.8,9.2,12.0,69.0,67.5,80.2,0.0,0.0,2.274,0.0,0.0,16.67,noprecip,rain,rain,29.5,24.5,37.1,11.2,20.5,23.2,1017.3,1020.6,1019.8,96.3,80.2,100.0,10.0,10.0,9.8,9.0,4.6,2.2,0.33,0.29,0.26,Cloudy,Cloudy,Rain,0.4477590878387697,0.20620418539662963,0.6704266189587991,0.8941542368393681,0.9785089851017784,0.7419758409756164
2022-12-05,14.5,11.3,71.1,0.1,8.33,rain,26.6,20.3,1021.5,80.2,9.6,5.7,0.4,Rain,-0.4363729641045924,0.8997658785476209,0.31730465640509214,0.9483236552061993,15.0,15.0,13.0,13.5,11.8,9.2,78.4,69.0,67.5,0.7,0.0,0.0,29.17,0.0,0.0,rain,noprecip,rain,23.8,29.5,24.5,17.5,11.2,20.5,1019.0,1017.3,1020.6,99.9,96.3,80.2,9.5,10.0,10.0,4.0,9.0,4.6,0.36,0.33,0.29,Rain,Cloudy,Cloudy,0.40034903255689497,0.4477590878387697,0.20620418539662963,0.9163627295622396,0.8941542368393681,0.9785089851017784
2022-12-06,14.0,9.3,61.2,0.0,0.0,noprecip,31.7,13.9,1019.3,66.9,9.8,15.2,0.43,Cloudy,-0.42083100859565564,0.9071390534005044,0.6320293026648509,0.7749444887041795,14.5,15.0,15.0,11.3,13.5,11.8,71.1,78.4,69.0,0.1,0.7,0.0,8.33,29.17,0.0,rain,rain,noprecip,26.6,23.8,29.5,20.3,17.5,11.2,1021.5,1019.0,1017.3,80.2,99.9,96.3,9.6,9.5,10.0,5.7,4.0,9.0,0.4,0.36,0.33,Rain,Rain,Cloudy,0.31730465640509214,0.40034903255689497,0.4477590878387697,0.9483236552061993,0.9163627295622396,0.8941542368393681
2022-12-07,15.5,11.6,70.9,0.0,0.0,noprecip,22.3,16.6,1018.8,95.0,8.8,5.1,0.47,Cloudy,-0.4051645224207563,0.9142437912130223,0.29737487407778596,0.9547607995027975,14.0,14.5,15.0,9.3,11.3,13.5,61.2,71.1,78.4,0.0,0.1,0.7,0.0,8.33,29.17,noprecip,rain,rain,31.7,26.6,23.8,13.9,20.3,17.5,1019.3,1021.5,1019.0,66.9,80.2,99.9,9.8,9.6,9.5,15.2,5.7,4.0,0.43,0.4,0.36,Cloudy,Rain,Rain,0.6320293026648509,0.31730465640509214,0.40034903255689497,0.7749444887041795,0.9483236552061993,0.9163627295622396
2022-12-08,16.0,13.3,80.8,0.0,0.0,rain,33.5,13.9,1018.5,99.4,9.7,4.7,0.5,Cloudy,-0.3893781415452015,0.9210779895789526,0.24530738587880255,0.9694453498951389,15.5,14.0,14.5,11.6,9.3,11.3,70.9,61.2,71.1,0.0,0.0,0.1,0.0,0.0,8.33,noprecip,noprecip,rain,22.3,31.7,26.6,16.6,13.9,20.3,1018.8,1019.3,1021.5,95.0,66.9,80.2,8.8,9.8,9.6,5.1,15.2,5.7,0.47,0.43,0.4,Cloudy,Cloudy,Rain,0.29737487407778596,0.6320293026648509,0.31730465640509214,0.9547607995027975,0.7749444887041795,0.9483236552061993
2022-12-09,16.0,13.5,81.9,0.1,4.17,rain,18.7,14.8,1017.0,100.0,9.2,4.4,0.53,Rain,-0.37347653741307074,0.9276396261490467,0.23853345757858088,0.9711342799096361,16.0,15.5,14.0,13.3,11.6,9.3,80.8,70.9,61.2,0.0,0.0,0.0,0.0,0.0,0.0,rain,noprecip,noprecip,33.5,22.3,31.7,13.9,16.6,13.9,1018.5,1018.8,1019.3,99.4,95.0,66.9,9.7,8.8,9.8,4.7,5.1,15.2,0.5,0.47,0.43,Cloudy,Cloudy,Cloudy,0.24530738587880255,0.29737487407778596,0.6320293026648509,0.9694453498951389,0.9547607995027975,0.7749444887041795
2022-12-10,15.0,14.1,87.7,1.187,4.17,rain,18.0,13.0,1016.6,99.7,7.0,2.3,0.57,Rain,-0.3574644155648614,0.9339267592294762,0.29570805004404666,0.9552783621223436,16.0,16.0,15.5,13.5,13.3,11.6,81.9,80.8,70.9,0.1,0.0,0.0,4.17,0.0,0.0,rain,rain,noprecip,18.7,33.5,22.3,14.8,13.9,16.6,1017.0,1018.5,1018.8,100.0,99.4,95.0,9.2,9.7,8.8,4.4,4.7,5.1,0.53,0.5,0.47,Rain,Cloudy,Cloudy,0.23853345757858088,0.24530738587880255,0.29737487407778596,0.9711342799096361,0.9694453498951389,0.9547607995027975
2022-12-11,16.7,11.4,64.8,0.101,8.33,rain,20.5,11.1,1017.9,93.0,9.6,4.8,0.6,Rain,-0.34134651424503615,0.9399375283564133,0.2402280424772637,0.9707164815781908,15.0,16.0,16.0,14.1,13.5,13.3,87.7,81.9,80.8,1.187,0.1,0.0,4.17,4.17,0.0,rain,rain,rain,18.0,18.7,33.5,13.0,14.8,13.9,1016.6,1017.0,1018.5,99.7,100.0,99.4,7.0,9.2,9.7,2.3,4.4,4.7,0.57,0.53,0.5,Rain,Rain,Cloudy,0.29570805004404666,0.23853345757858088,0.24530738587880255,0.9552783621223436,0.9711342799096361,0.9694453498951389
2022-12-12,15.2,9.9,58.9,0.0,0.0,rain,37.1,20.3,1020.0,49.7,9.3,12.5,0.63,Cloudy,-0.3251276029999093,0.9456701548465688,-0.1443562010009742,0.9895257890689693,16.7,15.0,16.0,11.4,14.1,13.5,64.8,87.7,81.9,0.101,1.187,0.1,8.33,4.17,4.17,rain,rain,rain,20.5,18.0,18.7,11.1,13.0,14.8,1017.9,1016.6,1017.0,93.0,99.7,100.0,9.6,7.0,9.2,4.8,2.3,4.4,0.6,0.57,0.53,Rain,Rain,Rain,0.2402280424772637,0.29570805004404666,0.23853345757858088,0.9707164815781908,0.9552783621223436,0.9711342799096361
2022-12-13,13.6,7.0,52.8,0.0,0.0,noprecip,20.2,11.2,1019.7,18.1,9.0,16.2,0.67,Clear,-0.30881248126625377,0.9511229423235357,0.9719610005785463,0.23514211310258998,15.2,16.7,15.0,9.9,11.4,14.1,58.9,64.8,87.7,0.0,0.101,1.187,0.0,8.33,4.17,rain,rain,rain,37.1,20.5,18.0,20.3,11.1,13.0,1020.0,1017.9,1016.6,49.7,93.0,99.7,9.3,9.6,7.0,12.5,4.8,2.3,0.63,0.6,0.57,Cloudy,Rain,Rain,-0.1443562010009742,0.2402280424772637,0.29570805004404666,0.9895257890689693,0.9707164815781908,0.9552783621223436
2022-12-14,14.5,6.8,48.4,0.0,0.0,noprecip,30.6,16.6,1021.3,17.1,9.9,16.0,0.7,Clear,-0.29240597695107734,0.9562942772197719,0.2806667089207878,0.9598052919751869,13.6,15.2,16.7,7.0,9.9,11.4,52.8,58.9,64.8,0.0,0.0,0.101,0.0,0.0,8.33,noprecip,rain,rain,20.2,37.1,20.5,11.2,20.3,11.1,1019.7,1020.0,1017.9,18.1,49.7,93.0,9.0,9.3,9.6,16.2,12.5,4.8,0.67,0.63,0.6,Clear,Cloudy,Rain,0.9719610005785463,-0.1443562010009742,0.2402280424772637,0.23514211310258998,0.9895257890689693,0.9707164815781908
2022-12-15,11.0,9.0,61.9,0.0,0.0,noprecip,17.3,13.0,1016.9,7.2,7.9,16.7,0.73,Clear,-0.27591294500296043,0.9611826292540837,0.9426414910921783,-0.333806859233771,14.5,13.6,15.2,6.8,7.0,9.9,48.4,52.8,58.9,0.0,0.0,0.0,0.0,0.0,0.0,noprecip,noprecip,rain,30.6,20.2,37.1,16.6,11.2,20.3,1021.3,1019.7,1020.0,17.1,18.1,49.7,9.9,9.0,9.3,16.0,16.2,12.5,0.7,0.67,0.63,Clear,Clear,Cloudy,0.2806667089207878,0.9719610005785463,-0.1443562010009742,0.9598052919751869,0.23514211310258998,0.9895257890689693
2022-12-16,13.0,11.5,67.5,0.0,0.0,noprecip,27.4,10.3,1017.1,18.2,6.7,15.7,0.75,Clear,-0.2593382659754056,0.9657865518844574,0.20620418539662963,0.9785089851017784,11.0,14.5,13.6,9.0,6.8,7.0,61.9,48.4,52.8,0.0,0.0,0.0,0.0,0.0,0.0,noprecip,noprecip,noprecip,17.3,30.6,20.2,13.0,16.6,11.2,1016.9,1021.3,1019.7,7.2,17.1,18.1,7.9,9.9,9.0,16.7,16.0,16.2,0.73,0.7,0.67,Clear,Clear,Clear,0.9426414910921783,0.2806667089207878,0.9719610005785463,-0.333806859233771,0.9598052919751869,0.23514211310258998
2022-12-17,17.0,4.6,39.1,0.0,0.0,noprecip,48.2,26.8,1025.9,83.4,10.0,8.0,0.8,Cloudy,-0.2426868445825954,0.9701046827361175,0.2806667089207878,0.9598052919751869,13.0,11.0,14.5,11.5,9.0,6.8,67.5,61.9,48.4,0.0,0.0,0.0,0.0,0.0,0.0,noprecip,noprecip,noprecip,27.4,17.3,30.6,10.3,13.0,16.6,1017.1,1016.9,1021.3,18.2,7.2,17.1,6.7,7.9,9.9,15.7,16.7,16.0,0.75,0.73,0.7,Clear,Clear,Clear,0.20620418539662963,0.9426414910921783,0.2806667089207878,0.9785089851017784,-0.333806859233771,0.9598052919751869
2022-12-18,12.8,-1.2,31.0,0.0,0.0,noprecip,34.2,22.2,1026.8,56.3,11.3,15.1,0.83,Cloudy,-0.22596360824801906,0.974135744004672,0.24192189559966773,0.9702957262759965,17.0,13.0,11.0,4.6,11.5,9.0,39.1,67.5,61.9,0.0,0.0,0.0,0.0,0.0,0.0,noprecip,noprecip,noprecip,48.2,27.4,17.3,26.8,10.3,13.0,1025.9,1017.1,1016.9,83.4,18.2,7.2,10.0,6.7,7.9,8.0,15.7,16.7,0.8,0.75,0.73,Cloudy,Clear,Clear,0.2806667089207878,0.20620418539662963,0.9426414910921783,0.9598052919751869,0.9785089851017784,-0.333806859233771
2022-12-19,8.5,2.1,47.0,0.0,0.0,noprecip,18.0,11.2,1020.7,10.8,10.8,16.8,0.86,Clear,-0.20917350564635637,0.9778785428342386,0.9348256763960144,0.35510696240813716,12.8,17.0,13.0,-1.2,4.6,11.5,31.0,39.1,67.5,0.0,0.0,0.0,0.0,0.0,0.0,noprecip,noprecip,noprecip,34.2,48.2,27.4,22.2,26.8,10.3,1026.8,1025.9,1017.1,56.3,83.4,18.2,11.3,10.0,6.7,15.1,8.0,15.7,0.83,0.8,0.75,Cloudy,Cloudy,Clear,0.24192189559966773,0.2806667089207878,0.20620418539662963,0.9702957262759965,0.9598052919751869,0.9785089851017784
2022-12-20,9.4,6.8,56.2,0.0,0.0,noprecip,15.5,8.5,1017.1,21.0,8.2,16.2,0.89,Cloudy,-0.19232150523909483,0.9813319716704275,0.9892723329629883,0.14608302856241187,8.5,12.8,17.0,2.1,-1.2,4.6,47.0,31.0,39.1,0.0,0.0,0.0,0.0,0.0,0.0,noprecip,noprecip,noprecip,18.0,34.2,48.2,11.2,22.2,26.8,1020.7,1026.8,1025.9,10.8,56.3,83.4,10.8,11.3,10.0,16.8,15.1,8.0,0.86,0.83,0.8,Clear,Cloudy,Cloudy,0.9348256763960144,0.24192189559966773,0.2806667089207878,0.35510696240813716,0.9702957262759965,0.9598052919751869
2022-12-21,14.7,6.5,45.4,0.0,0.0,noprecip,29.9,15.7,1018.2,43.4,9.3,15.1,0.93,Cloudy,-0.17541259380427843,0.9844950085880858,-0.177084740319584,0.9841956079692418,9.4,8.5,12.8,6.8,2.1,-1.2,56.2,47.0,31.0,0.0,0.0,0.0,0.0,0.0,0.0,noprecip,noprecip,noprecip,15.5,18.0,34.2,8.5,11.2,22.2,1017.1,1020.7,1026.8,21.0,10.8,56.3,8.2,10.8,11.3,16.2,16.8,15.1,0.89,0.86,0.83,Cloudy,Clear,Cloudy,0.9892723329629883,0.9348256763960144,0.24192189559966773,0.14608302856241187,0.35510696240813716,0.9702957262759965
2022-12-22,13.0,8.6,58.3,0.0,0.0,noprecip,27.7,13.9,1016.6,39.3,8.0,14.9,0.96,Cloudy,-0.15845177496083632,0.9873667175937016,0.9909831997148363,0.1339861854182922,14.7,9.4,8.5,6.5,6.8,2.1,45.4,56.2,47.0,0.0,0.0,0.0,0.0,0.0,0.0,noprecip,noprecip,noprecip,29.9,15.5,18.0,15.7,8.5,11.2,1018.2,1017.1,1020.7,43.4,21.0,10.8,9.3,8.2,10.8,15.1,16.2,16.8,0.93,0.89,0.86,Cloudy,Cloudy,Clear,-0.177084740319584,0.9892723329629883,0.9348256763960144,0.9841956079692418,0.14608302856241187,0.35510696240813716
2022-12-23,15.5,8.8,51.2,0.0,0.0,noprecip,22.3,17.6,1017.6,49.5,9.4,11.8,0.0,Cloudy,-0.14144406768794202,0.9899462489023779,0.9607791541575941,-0.27731465330237776,13.0,14.7,9.4,8.6,6.5,6.8,58.3,45.4,56.2,0.0,0.0,0.0,0.0,0.0,0.0,noprecip,noprecip,noprecip,27.7,29.9,15.5,13.9,15.7,8.5,1016.6,1018.2,1017.1,39.3,43.4,21.0,8.0,9.3,8.2,14.9,15.1,16.2,0.96,0.93,0.89,Cloudy,Cloudy,Cloudy,0.9909831997148363,-0.177084740319584,0.9892723329629883,0.1339861854182922,0.9841956079692418,0.14608302856241187
2022-12-24,14.7,8.0,49.9,0.0,0.0,noprecip,19.4,12.1,1020.1,42.7,11.5,13.8,0.03,Cloudy,-0.12439450483979998,0.9922328391893008,0.8964864303834406,0.4430711908241796,15.5,13.0,14.7,8.8,8.6,6.5,51.2,58.3,45.4,0.0,0.0,0.0,0.0,0.0,0.0,noprecip,noprecip,noprecip,22.3,27.7,29.9,17.6,13.9,15.7,1017.6,1016.6,1018.2,49.5,39.3,43.4,9.4,8.0,9.3,11.8,14.9,15.1,0.0,0.96,0.93,Cloudy,Cloudy,Cloudy,0.9607791541575941,0.9909831997148363,-0.177084740319584,-0.27731465330237776,0.1339861854182922,0.9841956079692418
2022-12-25,13.5,11.4,65.6,0.0,0.0,noprecip,25.6,17.6,1020.0,10.4,8.4,16.2,0.06,Clear,-0.10730813165636247,0.9942258118156161,0.7547095802227718,-0.6560590289905075,14.7,15.5,13.0,8.0,8.8,8.6,49.9,51.2,58.3,0.0,0.0,0.0,0.0,0.0,0.0,noprecip,noprecip,noprecip,19.4,22.3,27.7,12.1,17.6,13.9,1020.1,1017.6,1016.6,42.7,49.5,39.3,11.5,9.4,8.0,13.8,11.8,14.9,0.03,0.0,0.96,Cloudy,Cloudy,Cloudy,0.8964864303834406,0.9607791541575941,0.9909831997148363,0.4430711908241796,-0.27731465330237776,0.1339861854182922
2022-12-26,13.5,13.5,79.1,0.1,4.17,rain,20.5,10.3,1020.6,57.1,6.5,6.8,0.1,Rain,-0.09019000427034513,0.9959245770286599,0.880477353509162,0.47408820904711624,13.5,14.7,15.5,11.4,8.0,8.8,65.6,49.9,51.2,0.0,0.0,0.0,0.0,0.0,0.0,noprecip,noprecip,noprecip,25.6,19.4,22.3,17.6,12.1,17.6,1020.0,1020.1,1017.6,10.4,42.7,49.5,8.4,11.5,9.4,16.2,13.8,11.8,0.06,0.03,0.0,Clear,Cloudy,Cloudy,0.7547095802227718,0.8964864303834406,0.9607791541575941,-0.6560590289905075,0.4430711908241796,-0.27731465330237776
2022-12-27,17.0,15.1,77.8,0.3,8.33,rain,29.5,15.7,1019.8,92.9,8.4,7.3,0.13,Rain,-0.07304518821104743,0.9973286321364752,0.7193398003386514,-0.694658370458997,13.5,13.5,14.7,13.5,11.4,8.0,79.1,65.6,49.9,0.1,0.0,0.0,4.17,0.0,0.0,rain,noprecip,noprecip,20.5,25.6,19.4,10.3,17.6,12.1,1020.6,1020.0,1020.1,57.1,10.4,42.7,6.5,8.4,11.5,6.8,16.2,13.8,0.1,0.06,0.03,Rain,Clear,Cloudy,0.880477353509162,0.7547095802227718,0.8964864303834406,0.47408820904711624,-0.6560590289905075,0.4430711908241796
2022-12-28,12.0,11.7,80.5,9.7,8.33,rain,40.7,22.3,1022.3,85.9,8.7,1.9,0.16,Rain,-0.05587875690537313,0.9984375616565666,0.6387678175155977,0.7693995550468951,17.0,13.5,13.5,15.1,13.5,11.4,77.8,79.1,65.6,0.3,0.1,0.0,8.33,4.17,0.0,rain,rain,noprecip,29.5,20.5,25.6,15.7,10.3,17.6,1019.8,1020.6,1020.0,92.9,57.1,10.4,8.4,6.5,8.4,7.3,6.8,16.2,0.13,0.1,0.06,Rain,Rain,Clear,0.7193398003386514,0.880477353509162,0.7547095802227718,-0.694658370458997,0.47408820904711624,-0.6560590289905075
2022-12-29,12.5,7.2,65.2,0.1,4.17,rain,31.7,14.8,1026.3,97.5,10.0,4.3,0.2,Rain,-0.03869579017652689,0.9992510374388481,0.14090123193758264,0.9900236577165575,12.0,17.0,13.5,11.7,15.1,13.5,80.5,77.8,79.1,9.7,0.3,0.1,8.33,8.33,4.17,rain,rain,rain,40.7,29.5,20.5,22.3,15.7,10.3,1022.3,1019.8,1020.6,85.9,92.9,57.1,8.7,8.4,6.5,1.9,7.3,6.8,0.16,0.13,0.1,Rain,Rain,Rain,0.6387678175155977,0.7193398003386514,0.880477353509162,0.7693995550468951,-0.694658370458997,0.47408820904711624
2022-12-30,13.0,8.0,66.0,0.0,0.0,noprecip,29.5,16.6,1026.7,85.8,9.5,7.5,0.25,Cloudy,-0.021501372740813793,0.999768818762748,-0.03838780908751957,0.9992629164106213,12.5,12.0,17.0,7.2,11.7,15.1,65.2,80.5,77.8,0.1,9.7,0.3,4.17,8.33,8.33,rain,rain,rain,31.7,40.7,29.5,14.8,22.3,15.7,1026.3,1022.3,1019.8,97.5,85.9,92.9,10.0,8.7,8.4,4.3,1.9,7.3,0.2,0.16,0.13,Rain,Rain,Rain,0.14090123193758264,0.6387678175155977,0.7193398003386514,0.9900236577165575,0.7693995550468951,-0.694658370458997
2022-12-31,14.0,8.3,63.6,0.0,0.0,noprecip,20.9,11.2,1025.5,78.4,10.0,11.3,0.27,Cloudy,-0.004300592702981974,0.9999907524084426,0.21643961393810288,0.9762960071199334,13.0,12.5,12.0,8.0,7.2,11.7,66.0,65.2,80.5,0.0,0.1,9.7,0.0,4.17,8.33,noprecip,rain,rain,29.5,31.7,40.7,16.6,14.8,22.3,1026.7,1026.3,1022.3,85.8,97.5,85.9,9.5,10.0,8.7,7.5,4.3,1.9,0.25,0.2,0.16,Cloudy,Rain,Rain,-0.03838780908751957,0.14090123193758264,0.6387678175155977,0.9992629164106213,0.9900236577165575,0.7693995550468951
2023-01-01,11.1,10.4,67.4,0.0,0.0,noprecip,20.9,13.0,1023.7,28.4,9.2,16.3,0.3,Cloudy,0.017201575418260506,0.9998520419557735,-0.4570979270586942,0.8894163732912975,14.0,13.0,12.5,8.3,8.0,7.2,63.6,66.0,65.2,0.0,0.0,0.1,0.0,0.0,4.17,noprecip,noprecip,rain,20.9,29.5,31.7,11.2,16.6,14.8,1025.5,1026.7,1026.3,78.4,85.8,97.5,10.0,9.5,10.0,11.3,7.5,4.3,0.27,0.25,0.2,Cloudy,Cloudy,Rain,0.21643961393810288,-0.03838780908751957,0.14090123193758264,0.9762960071199334,0.9992629164106213,0.9900236577165575
2023-01-02,16.0,12.3,70.0,0.0,0.0,noprecip,20.9,14.8,1024.1,68.8,8.9,3.0,0.34,Cloudy,0.03439806061360801,0.9994082116062598,0.5807029557109398,0.8141155183563192,11.1,14.0,13.0,10.4,8.3,8.0,67.4,63.6,66.0,0.0,0.0,0.0,0.0,0.0,0.0,noprecip,noprecip,noprecip,20.9,20.9,29.5,13.0,11.2,16.6,1023.7,1025.5,1026.7,28.4,78.4,85.8,9.2,10.0,9.5,16.3,11.3,7.5,0.3,0.27,0.25,Cloudy,Cloudy,Cloudy,-0.4570979270586942,0.21643961393810288,-0.03838780908751957,0.8894163732912975,0.9762960071199334,0.9992629164106213
2023-01-03,15.0,11.8,67.6,0.012,8.33,rain,31.7,16.6,1024.6,70.0,9.3,4.9,0.37,Rain,0.051584366869408364,0.9986686402879997,0.6211477802783103,0.7836934573258398,16.0,11.1,14.0,12.3,10.4,8.3,70.0,67.4,63.6,0.0,0.0,0.0,0.0,0.0,0.0,noprecip,noprecip,noprecip,20.9,20.9,20.9,14.8,13.0,11.2,1024.1,1023.7,1025.5,68.8,28.4,78.4,8.9,9.2,10.0,3.0,16.3,11.3,0.34,0.3,0.27,Cloudy,Cloudy,Cloudy,0.5807029557109398,-0.4570979270586942,0.21643961393810288,0.8141155183563192,0.8894163732912975,0.9762960071199334
2023-01-04,15.9,13.3,71.3,0.0,0.0,noprecip,19.4,14.8,1022.5,53.5,7.0,8.7,0.41,Cloudy,0.06875540848113941,0.9976335468520451,0.8754645270000179,-0.48328238325500245,15.0,16.0,11.1,11.8,12.3,10.4,67.6,70.0,67.4,0.012,0.0,0.0,8.33,0.0,0.0,rain,noprecip,noprecip,31.7,20.9,20.9,16.6,14.8,13.0,1024.6,1024.1,1023.7,70.0,68.8,28.4,9.3,8.9,9.2,4.9,3.0,16.3,0.37,0.34,0.3,Rain,Cloudy,Cloudy,0.6211477802783103,0.5807029557109398,-0.4570979270586942,0.7836934573258398,0.8141155183563192,0.8894163732912975
2023-01-05,17.0,14.8,76.1,0.0,0.0,noprecip,20.2,14.8,1023.1,79.6,7.8,5.9,0.44,Cloudy,0.08590610426133272,0.9963032375991965,0.9077774785329087,0.4194520824461771,15.9,15.0,16.0,13.3,11.8,12.3,71.3,67.6,70.0,0.0,0.012,0.0,0.0,8.33,0.0,noprecip,rain,noprecip,19.4,31.7,20.9,14.8,16.6,14.8,1022.5,1024.6,1024.1,53.5,70.0,68.8,7.0,9.3,8.9,8.7,4.9,3.0,0.41,0.37,0.34,Cloudy,Rain,Cloudy,0.8754645270000179,0.6211477802783103,0.5807029557109398,-0.48328238325500245,0.7836934573258398,0.8141155183563192
2023-01-06,17.0,11.2,57.5,0.0,0.0,noprecip,46.4,25.9,1024.8,49.7,11.3,14.9,0.47,Cloudy,0.10303137904317879,0.9946781061893646,0.18395135061272014,0.9829353491495543,17.0,15.9,15.0,14.8,13.3,11.8,76.1,71.3,67.6,0.0,0.0,0.012,0.0,0.0,8.33,noprecip,noprecip,rain,20.2,19.4,31.7,14.8,14.8,16.6,1023.1,1022.5,1024.6,79.6,53.5,70.0,7.8,7.0,9.3,5.9,8.7,4.9,0.44,0.41,0.37,Cloudy,Cloudy,Rain,0.9077774785329087,0.8754645270000179,0.6211477802783103,0.4194520824461771,-0.48328238325500245,0.7836934573258398
2023-01-07,13.0,9.3,59.5,0.0,0.0,noprecip,22.3,9.4,1021.1,30.3,8.9,13.1,0.5,Cloudy,0.1201261651823505,0.9927586335250793,-0.6730125135097736,0.7396310949786093,17.0,17.0,15.9,11.2,14.8,13.3,57.5,76.1,71.3,0.0,0.0,0.0,0.0,0.0,0.0,noprecip,noprecip,noprecip,46.4,20.2,19.4,25.9,14.8,14.8,1024.8,1023.1,1022.5,49.7,79.6,53.5,11.3,7.8,7.0,14.9,5.9,8.7,0.47,0.44,0.41,Cloudy,Cloudy,Cloudy,0.18395135061272014,0.9077774785329087,0.8754645270000179,0.9829353491495543,0.4194520824461771,-0.48328238325500245
2023-01-08,15.3,11.9,64.4,0.2,4.17,rain,17.6,14.8,1019.0,23.5,7.4,13.5,0.54,Rain,0.13718540405660057,0.9905453876091833,-0.6170358751407481,-0.7869350219613377,13.0,17.0,17.0,9.3,11.2,14.8,59.5,57.5,76.1,0.0,0.0,0.0,0.0,0.0,0.0,noprecip,noprecip,noprecip,22.3,46.4,20.2,9.4,25.9,14.8,1021.1,1024.8,1023.1,30.3,49.7,79.6,8.9,11.3,7.8,13.1,14.9,5.9,0.5,0.47,0.44,Cloudy,Cloudy,Cloudy,-0.6730125135097736,0.18395135061272014,0.9077774785329087,0.7396310949786093,0.9829353491495543,0.4194520824461771
2023-01-09,17.0,15.4,74.3,0.001,4.17,rain,20.5,13.0,1018.9,51.3,5.8,11.4,0.58,Rain,0.1542040475626894,0.988039023376751,0.9460853588275453,0.32391741819814956,15.3,13.0,17.0,11.9,9.3,11.2,64.4,59.5,57.5,0.2,0.0,0.0,4.17,0.0,0.0,rain,noprecip,noprecip,17.6,22.3,46.4,14.8,9.4,25.9,1019.0,1021.1,1024.8,23.5,30.3,49.7,7.4,8.9,11.3,13.5,13.1,14.9,0.54,0.5,0.47,Rain,Cloudy,Cloudy,-0.6170358751407481,-0.6730125135097736,0.18395135061272014,-0.7869350219613377,0.7396310949786093,0.9829353491495543
2023-01-10,18.0,17.0,83.5,1.067,4.17,rain,20.9,14.8,1017.9,78.4,5.6,4.5,0.61,Rain,0.17117705961019986,0.985240282501282,0.6238795967093862,0.7815204724188187,17.0,15.3,13.0,15.4,11.9,9.3,74.3,64.4,59.5,0.001,0.2,0.0,4.17,4.17,0.0,rain,rain,noprecip,20.5,17.6,22.3,13.0,14.8,9.4,1018.9,1019.0,1021.1,51.3,23.5,30.3,5.8,7.4,8.9,11.4,13.5,13.1,0.58,0.54,0.5,Rain,Rain,Cloudy,0.9460853588275453,-0.6170358751407481,-0.6730125135097736,0.32391741819814956,-0.7869350219613377,0.7396310949786093
2023-01-11,18.0,17.7,89.9,4.61,12.5,rain,13.0,11.2,1015.3,88.5,5.6,2.2,0.64,Rain,0.18809941761179758,0.9821499931752291,0.7869350219613372,0.6170358751407488,18.0,17.0,15.3,17.0,15.4,11.9,83.5,74.3,64.4,1.067,0.001,0.2,4.17,4.17,4.17,rain,rain,rain,20.9,20.5,17.6,14.8,13.0,14.8,1017.9,1018.9,1019.0,78.4,51.3,23.5,5.6,5.8,7.4,4.5,11.4,13.5,0.61,0.58,0.54,Rain,Rain,Rain,0.6238795967093862,0.9460853588275453,-0.6170358751407481,0.7815204724188187,0.32391741819814956,-0.7869350219613377
2023-01-12,18.7,18.0,84.0,0.053,8.33,rain,22.0,18.4,1011.8,89.6,7.3,7.2,0.68,Rain,0.20496611396949532,0.9787690698649216,0.819152044288992,-0.5735764363510458,18.0,18.0,17.0,17.7,17.0,15.4,89.9,83.5,74.3,4.61,1.067,0.001,12.5,4.17,4.17,rain,rain,rain,13.0,20.9,20.5,11.2,14.8,13.0,1015.3,1017.9,1018.9,88.5,78.4,51.3,5.6,5.6,5.8,2.2,4.5,11.4,0.64,0.61,0.58,Rain,Rain,Rain,0.7869350219613372,0.6238795967093862,0.9460853588275453,0.6170358751407488,0.7815204724188187,0.32391741819814956
2023-01-13,19.0,19.1,80.7,0.0,0.0,noprecip,16.6,16.6,1008.5,55.3,8.3,14.1,0.71,Cloudy,0.22177215755648186,0.975098513039961,0.8771461637055888,-0.48022349744318876,18.7,18.0,18.0,18.0,17.7,17.0,84.0,89.9,83.5,0.053,4.61,1.067,8.33,12.5,4.17,rain,rain,rain,22.0,13.0,20.9,18.4,11.2,14.8,1011.8,1015.3,1017.9,89.6,88.5,78.4,7.3,5.6,5.6,7.2,2.2,4.5,0.68,0.64,0.61,Rain,Rain,Rain,0.819152044288992,0.7869350219613372,0.6238795967093862,-0.5735764363510458,0.6170358751407488,0.7815204724188187
2023-01-14,19.7,17.9,71.2,0.0,0.0,noprecip,28.8,14.8,1006.1,35.4,9.6,17.3,0.74,Cloudy,0.23851257519407648,0.9711394088771653,0.8329212407100995,0.5533915492433441,19.0,18.7,18.0,19.1,18.0,17.7,80.7,84.0,89.9,0.0,0.053,4.61,0.0,8.33,12.5,noprecip,rain,rain,16.6,22.0,13.0,16.6,18.4,11.2,1008.5,1011.8,1015.3,55.3,89.6,88.5,8.3,7.3,5.6,14.1,7.2,2.2,0.71,0.68,0.64,Cloudy,Rain,Rain,0.8771461637055888,0.819152044288992,0.7869350219613372,-0.48022349744318876,-0.5735764363510458,0.6170358751407488
2023-01-15,15.0,14.7,74.0,0.006,4.17,rain,38.9,29.5,1012.8,82.0,8.1,4.0,0.75,Rain,0.2551824131233728,0.9668929289391521,0.8348478632634065,0.5504807400849956,19.7,19.0,18.7,17.9,19.1,18.0,71.2,80.7,84.0,0.0,0.0,0.053,0.0,0.0,8.33,noprecip,noprecip,rain,28.8,16.6,22.0,14.8,16.6,18.4,1006.1,1008.5,1011.8,35.4,55.3,89.6,9.6,8.3,7.3,17.3,14.1,7.2,0.74,0.71,0.68,Cloudy,Cloudy,Rain,0.8329212407100995,0.8771461637055888,0.819152044288992,0.5533915492433441,-0.48022349744318876,-0.5735764363510458
2023-01-16,12.0,3.6,50.4,0.0,0.0,noprecip,31.7,20.5,1021.8,99.0,10.0,4.7,0.81,Cloudy,0.2717767384711357,0.9623603298276545,0.6170358751407486,0.7869350219613372,15.0,19.7,19.0,14.7,17.9,19.1,74.0,71.2,80.7,0.006,0.0,0.0,4.17,0.0,0.0,rain,noprecip,noprecip,38.9,28.8,16.6,29.5,14.8,16.6,1012.8,1006.1,1008.5,82.0,35.4,55.3,8.1,9.6,8.3,4.0,17.3,14.1,0.75,0.74,0.71,Rain,Cloudy,Cloudy,0.8348478632634065,0.8329212407100995,0.8771461637055888,0.5504807400849956,0.5533915492433441,-0.48022349744318876
2023-01-17,11.9,5.4,61.1,0.0,0.0,noprecip,25.9,18.4,1024.1,100.0,10.0,7.4,0.84,Cloudy,0.2882906407095177,0.9575429528116719,0.35510696240813705,0.9348256763960144,12.0,15.0,19.7,3.6,14.7,17.9,50.4,74.0,71.2,0.0,0.006,0.0,0.0,4.17,0.0,noprecip,rain,noprecip,31.7,38.9,28.8,20.5,29.5,14.8,1021.8,1012.8,1006.1,99.0,82.0,35.4,10.0,8.1,9.6,4.7,4.0,17.3,0.81,0.75,0.74,Cloudy,Rain,Cloudy,0.6170358751407486,0.8348478632634065,0.8329212407100995,0.7869350219613372,0.5504807400849956,0.5533915492433441
2023-01-18,13.0,5.8,56.0,0.0,0.0,noprecip,27.7,14.8,1025.1,94.6,9.6,10.0,0.88,Cloudy,0.3047192331091634,0.9524422234305676,0.11146893220632548,0.9937679191605964,11.9,12.0,15.0,5.4,3.6,14.7,61.1,50.4,74.0,0.0,0.0,0.006,0.0,0.0,4.17,noprecip,noprecip,rain,25.9,31.7,38.9,18.4,20.5,29.5,1024.1,1021.8,1012.8,100.0,99.0,82.0,10.0,10.0,8.1,7.4,4.7,4.0,0.84,0.81,0.75,Cloudy,Cloudy,Rain,0.35510696240813705,0.6170358751407486,0.8348478632634065,0.9348256763960144,0.7869350219613372,0.5504807400849956
2023-01-19,14.0,7.5,61.2,0.0,0.0,noprecip,18.7,14.8,1023.2,100.0,9.5,11.0,0.91,Cloudy,0.321057654185271,0.9470596510722283,0.6073758397232867,0.7944146205354181,13.0,11.9,12.0,5.8,5.4,3.6,56.0,61.1,50.4,0.0,0.0,0.0,0.0,0.0,0.0,noprecip,noprecip,noprecip,27.7,25.9,31.7,14.8,18.4,20.5,1025.1,1024.1,1021.8,94.6,100.0,99.0,9.6,10.0,10.0,10.0,7.4,4.7,0.88,0.84,0.81,Cloudy,Cloudy,Cloudy,0.11146893220632548,0.35510696240813705,0.6170358751407486,0.9937679191605964,0.9348256763960144,0.7869350219613372
2023-01-20,14.0,9.2,66.4,0.0,0.0,noprecip,18.0,9.4,1021.9,98.2,7.9,10.4,0.94,Cloudy,0.3373010691361842,0.9413968285264122,-0.6004202253258841,0.7996846584870905,14.0,13.0,11.9,7.5,5.8,5.4,61.2,56.0,61.1,0.0,0.0,0.0,0.0,0.0,0.0,noprecip,noprecip,noprecip,18.7,27.7,25.9,14.8,14.8,18.4,1023.2,1025.1,1024.1,100.0,94.6,100.0,9.5,9.6,10.0,11.0,10.0,7.4,0.91,0.88,0.84,Cloudy,Cloudy,Cloudy,0.6073758397232867,0.11146893220632548,0.35510696240813705,0.7944146205354181,0.9937679191605964,0.9348256763960144
2023-01-21,12.0,11.3,68.7,0.0,0.0,noprecip,25.2,14.8,1017.7,66.9,7.0,15.4,0.98,Cloudy,0.3534446712740877,0.9354554315134164,0.7301622766207525,-0.683273773680799,14.0,14.0,13.0,9.2,7.5,5.8,66.4,61.2,56.0,0.0,0.0,0.0,0.0,0.0,0.0,noprecip,noprecip,noprecip,18.0,18.7,27.7,9.4,14.8,14.8,1021.9,1023.2,1025.1,98.2,100.0,94.6,7.9,9.5,9.6,10.4,11.0,10.0,0.94,0.91,0.88,Cloudy,Cloudy,Cloudy,-0.6004202253258841,0.6073758397232867,0.11146893220632548,0.7996846584870905,0.7944146205354181,0.9937679191605964
2023-01-22,14.9,14.4,81.6,0.0,0.0,noprecip,15.1,9.4,1015.0,85.6,4.5,8.9,0.0,Cloudy,0.3694836834473831,0.9292372181882051,0.9698720152847469,0.24361501178602238,12.0,14.0,14.0,11.3,9.2,7.5,68.7,66.4,61.2,0.0,0.0,0.0,0.0,0.0,0.0,noprecip,noprecip,noprecip,25.2,18.0,18.7,14.8,9.4,14.8,1017.7,1021.9,1023.2,66.9,98.2,100.0,7.0,7.9,9.5,15.4,10.4,11.0,0.98,0.94,0.91,Cloudy,Cloudy,Cloudy,0.7301622766207525,-0.6004202253258841,0.6073758397232867,-0.683273773680799,0.7996846584870905,0.7944146205354181
2023-01-23,17.0,15.7,76.9,1.0,33.33,rain,34.2,25.9,1015.3,90.3,7.2,7.6,0.04,Rain,0.38541335945432564,0.9227440286201427,0.9668233886044594,0.2554457579357905,14.9,12.0,14.0,14.4,11.3,9.2,81.6,68.7,66.4,0.0,0.0,0.0,0.0,0.0,0.0,noprecip,noprecip,noprecip,15.1,25.2,18.0,9.4,14.8,9.4,1015.0,1017.7,1021.9,85.6,66.9,98.2,4.5,7.0,7.9,8.9,15.4,10.4,0.0,0.98,0.94,Cloudy,Cloudy,Cloudy,0.9698720152847469,0.7301622766207525,-0.6004202253258841,0.24361501178602238,-0.683273773680799,0.7996846584870905
2023-01-24,13.0,5.1,46.1,0.8,12.5,rain,45.0,29.5,1025.4,67.1,10.3,10.8,0.08,Rain,0.4012289854475009,0.9159777842484877,0.2823414568428764,0.9593139745400575,17.0,14.9,12.0,15.7,14.4,11.3,76.9,81.6,68.7,1.0,0.0,0.0,33.33,0.0,0.0,rain,noprecip,noprecip,34.2,15.1,25.2,25.9,9.4,14.8,1015.3,1015.0,1017.7,90.3,85.6,66.9,7.2,4.5,7.0,7.6,8.9,15.4,0.04,0.0,0.98,Rain,Cloudy,Cloudy,0.9668233886044594,0.9698720152847469,0.7301622766207525,0.2554457579357905,0.24361501178602238,-0.683273773680799
2023-01-25,5.2,4.2,54.7,0.0,0.0,noprecip,24.8,16.6,1021.3,8.0,9.8,19.3,0.11,Clear,0.4169258813287287,0.908940487313808,0.923210217112981,-0.38429532265980354,13.0,17.0,14.9,5.1,15.7,14.4,46.1,76.9,81.6,0.8,1.0,0.0,12.5,33.33,0.0,rain,rain,noprecip,45.0,34.2,15.1,29.5,25.9,9.4,1025.4,1015.3,1015.0,67.1,90.3,85.6,10.3,7.2,4.5,10.8,7.6,8.9,0.08,0.04,0.0,Rain,Rain,Cloudy,0.2823414568428764,0.9668233886044594,0.9698720152847469,0.9593139745400575,0.2554457579357905,0.24361501178602238
2023-01-26,12.0,11.0,77.3,0.3,8.33,rain,23.4,13.0,1016.9,90.9,7.1,10.7,0.15,Rain,0.4324994021339788,0.901634220265486,0.7705132427757891,0.6374239897486899,5.2,13.0,17.0,4.2,5.1,15.7,54.7,46.1,76.9,0.0,0.8,1.0,0.0,12.5,33.33,noprecip,rain,rain,24.8,45.0,34.2,16.6,29.5,25.9,1021.3,1025.4,1015.3,8.0,67.1,90.3,9.8,10.3,7.2,19.3,10.8,7.6,0.11,0.08,0.04,Clear,Rain,Rain,0.923210217112981,0.2823414568428764,0.9668233886044594,-0.38429532265980354,0.9593139745400575,0.2554457579357905
2023-01-27,14.0,7.1,60.3,3.682,8.33,rain,37.1,25.9,1024.1,80.7,8.9,4.2,0.18,Rain,0.44794493940789115,0.8940611451454876,0.18395135061272014,0.9829353491495543,12.0,5.2,13.0,11.0,4.2,5.1,77.3,54.7,46.1,0.3,0.0,0.8,8.33,0.0,12.5,rain,noprecip,rain,23.4,24.8,45.0,13.0,16.6,29.5,1016.9,1021.3,1025.4,90.9,8.0,67.1,7.1,9.8,10.3,10.7,19.3,10.8,0.15,0.11,0.08,Rain,Clear,Rain,0.7705132427757891,0.923210217112981,0.2823414568428764,0.6374239897486899,-0.38429532265980354,0.9593139745400575
2023-01-28,12.0,0.9,39.8,0.0,0.0,noprecip,31.0,16.6,1024.4,21.0,11.2,19.0,0.25,Cloudy,0.4632579225674917,0.88622350294858,0.7682835235935234,0.6401096994849554,14.0,12.0,5.2,7.1,11.0,4.2,60.3,77.3,54.7,3.682,0.3,0.0,8.33,8.33,0.0,rain,rain,noprecip,37.1,23.4,24.8,25.9,13.0,16.6,1024.1,1016.9,1021.3,80.7,90.9,8.0,8.9,7.1,9.8,4.2,10.7,19.3,0.18,0.15,0.11,Rain,Rain,Clear,0.18395135061272014,0.7705132427757891,0.923210217112981,0.9829353491495543,0.6374239897486899,-0.38429532265980354
2023-01-29,8.7,2.5,51.0,0.0,0.0,noprecip,25.6,9.4,1024.4,7.8,11.0,19.4,0.25,Clear,0.4784338202547012,0.8781236129591848,0.1873813145857246,0.9822872507286887,12.0,14.0,12.0,0.9,7.1,11.0,39.8,60.3,77.3,0.0,3.682,0.3,0.0,8.33,8.33,noprecip,rain,rain,31.0,37.1,23.4,16.6,25.9,13.0,1024.4,1024.1,1016.9,21.0,80.7,90.9,11.2,8.9,7.1,19.0,4.2,10.7,0.25,0.18,0.15,Cloudy,Rain,Rain,0.7682835235935234,0.18395135061272014,0.7705132427757891,0.6401096994849554,0.9829353491495543,0.6374239897486899
2023-01-30,8.0,5.5,56.5,0.0,0.0,noprecip,23.4,14.8,1021.4,3.4,7.6,19.5,0.28,Clear,0.49346814167723735,0.8697638720650646,0.9156625933395611,-0.4019477766559601,8.7,12.0,14.0,2.5,0.9,7.1,51.0,39.8,60.3,0.0,0.0,3.682,0.0,0.0,8.33,noprecip,noprecip,rain,25.6,31.0,37.1,9.4,16.6,25.9,1024.4,1024.4,1024.1,7.8,21.0,80.7,11.0,11.2,8.9,19.4,19.0,4.2,0.25,0.25,0.18,Clear,Cloudy,Rain,0.1873813145857246,0.7682835235935234,0.18395135061272014,0.9822872507286887,0.6401096994849554,0.9829353491495543
2023-01-31,9.1,8.6,62.7,0.0,0.0,noprecip,29.2,18.4,1015.2,1.4,8.4,19.5,0.31,Clear,0.5083564379375122,0.8611467540480452,0.9177546256839813,-0.39714789063478045,8.0,8.7,12.0,5.5,2.5,0.9,56.5,51.0,39.8,0.0,0.0,0.0,0.0,0.0,0.0,noprecip,noprecip,noprecip,23.4,25.6,31.0,14.8,9.4,16.6,1021.4,1024.4,1024.4,3.4,7.8,21.0,7.6,11.0,11.2,19.5,19.4,19.0,0.28,0.25,0.25,Clear,Clear,Cloudy,0.9156625933395611,0.1873813145857246,0.7682835235935234,-0.4019477766559601,0.9822872507286887,0.6401096994849554
2023-02-01,13.9,14.5,79.1,0.0,0.0,noprecip,23.0,16.6,1012.9,75.7,6.3,13.8,0.35,Cloudy,0.5230943033491326,0.8522748088519838,0.8489716876291415,-0.528438334722347,9.1,8.0,8.7,8.6,5.5,2.5,62.7,56.5,51.0,0.0,0.0,0.0,0.0,0.0,0.0,noprecip,noprecip,noprecip,29.2,23.4,25.6,18.4,14.8,9.4,1015.2,1021.4,1024.4,1.4,3.4,7.8,8.4,7.6,11.0,19.5,19.5,19.4,0.31,0.28,0.25,Clear,Clear,Clear,0.9177546256839813,0.9156625933395611,0.1873813145857246,-0.39714789063478045,-0.4019477766559601,0.9822872507286887
2023-02-02,19.0,18.1,84.8,3.0,54.17,rain,13.0,9.4,1015.5,96.1,6.6,3.8,0.38,Rain,0.5376773767406141,0.8431506618282,0.4336590845875441,-0.9010770213220917,13.9,9.1,8.0,14.5,8.6,5.5,79.1,62.7,56.5,0.0,0.0,0.0,0.0,0.0,0.0,noprecip,noprecip,noprecip,23.0,29.2,23.4,16.6,18.4,14.8,1012.9,1015.2,1021.4,75.7,1.4,3.4,6.3,8.4,7.6,13.8,19.5,19.5,0.35,0.31,0.28,Cloudy,Clear,Clear,0.8489716876291415,0.9177546256839813,0.9156625933395611,-0.528438334722347,-0.39714789063478045,-0.4019477766559601
2023-02-03,19.7,19.6,95.1,5.099,16.67,rain,15.5,13.0,1015.5,94.5,3.4,1.7,0.41,Rain,0.5521013427459208,0.8337770129585915,0.5533915492433441,-0.8329212407100994,19.0,13.9,9.1,18.1,14.5,8.6,84.8,79.1,62.7,3.0,0.0,0.0,54.17,0.0,0.0,rain,noprecip,noprecip,13.0,23.0,29.2,9.4,16.6,18.4,1015.5,1012.9,1015.2,96.1,75.7,1.4,6.6,6.3,8.4,3.8,13.8,19.5,0.38,0.35,0.31,Rain,Cloudy,Clear,0.4336590845875441,0.8489716876291415,0.9177546256839813,-0.9010770213220917,-0.528438334722347,-0.39714789063478045
2023-02-04,19.0,19.4,94.2,1.592,12.5,rain,20.5,16.6,1013.1,99.2,4.8,3.4,0.45,Rain,0.5663619330814524,0.8241566360566663,0.6984152854310062,-0.7156927337037355,19.7,19.0,13.9,19.6,18.1,14.5,95.1,84.8,79.1,5.099,3.0,0.0,16.67,54.17,0.0,rain,rain,noprecip,15.5,13.0,23.0,13.0,9.4,16.6,1015.5,1015.5,1012.9,94.5,96.1,75.7,3.4,6.6,6.3,1.7,3.8,13.8,0.41,0.38,0.35,Rain,Rain,Cloudy,0.5533915492433441,0.4336590845875441,0.8489716876291415,-0.8329212407100994,-0.9010770213220917,-0.528438334722347
2023-02-05,19.7,19.9,94.6,5.177,8.33,rain,27.7,18.4,1011.8,95.6,5.6,2.9,0.48,Rain,0.580454927809098,0.8142923779467267,0.8348478632634065,-0.5504807400849956,19.0,19.7,19.0,19.4,19.6,18.1,94.2,95.1,84.8,1.592,5.099,3.0,12.5,16.67,54.17,rain,rain,rain,20.5,15.5,13.0,16.6,13.0,9.4,1013.1,1015.5,1015.5,99.2,94.5,96.1,4.8,3.4,6.6,3.4,1.7,3.8,0.45,0.41,0.38,Rain,Rain,Rain,0.6984152854310062,0.5533915492433441,0.4336590845875441,-0.7156927337037355,-0.8329212407100994,-0.9010770213220917
2023-02-06,19.6,19.5,94.7,0.596,4.17,rain,26.6,24.1,1011.1,100.0,4.8,3.7,0.5,Rain,0.5943761565849831,0.804187157621448,0.7693995550468952,-0.6387678175155976,19.7,19.0,19.7,19.9,19.4,19.6,94.6,94.2,95.1,5.177,1.592,5.099,8.33,12.5,16.67,rain,rain,rain,27.7,20.5,15.5,18.4,16.6,13.0,1011.8,1013.1,1015.5,95.6,99.2,94.5,5.6,4.8,3.4,2.9,3.4,1.7,0.48,0.45,0.41,Rain,Rain,Rain,0.8348478632634065,0.6984152854310062,0.5533915492433441,-0.5504807400849956,-0.7156927337037355,-0.8329212407100994
2023-02-07,19.7,20.2,97.2,1.392,8.33,rain,29.9,13.0,1011.8,98.9,3.0,4.0,0.55,Rain,0.6081214998935418,0.7938439653781019,0.8508111094240514,-0.5254716510722676,19.6,19.7,19.0,19.5,19.9,19.4,94.7,94.6,94.2,0.596,5.177,1.592,4.17,8.33,12.5,rain,rain,rain,26.6,27.7,20.5,24.1,18.4,16.6,1011.1,1011.8,1013.1,100.0,95.6,99.2,4.8,5.6,4.8,3.7,2.9,3.4,0.5,0.48,0.45,Rain,Rain,Rain,0.7693995550468952,0.8348478632634065,0.6984152854310062,-0.6387678175155976,-0.5504807400849956,-0.7156927337037355
2023-02-08,20.2,20.4,95.4,2.203,12.5,rain,32.4,18.4,1011.8,99.0,3.8,4.0,0.58,Rain,0.6216868902665479,0.7832658619336791,0.7325428987873788,-0.6807208689589178,19.7,19.6,19.7,20.2,19.5,19.9,97.2,94.7,94.6,1.392,0.596,5.177,8.33,4.17,8.33,rain,rain,rain,29.9,26.6,27.7,13.0,24.1,18.4,1011.8,1011.1,1011.8,98.9,100.0,95.6,3.0,4.8,5.6,4.0,3.7,2.9,0.55,0.5,0.48,Rain,Rain,Rain,0.8508111094240514,0.7693995550468952,0.8348478632634065,-0.5254716510722676,-0.6387678175155976,-0.5504807400849956
2023-02-09,21.0,21.3,94.1,0.964,8.33,rain,29.5,16.6,1012.3,99.5,4.9,5.7,0.62,Rain,0.6350683134867438,0.7724559775191742,0.745475999682862,-0.6665324702494527,20.2,19.7,19.6,20.4,20.2,19.5,95.4,97.2,94.7,2.203,1.392,0.596,12.5,8.33,4.17,rain,rain,rain,32.4,29.9,26.6,18.4,13.0,24.1,1011.8,1011.8,1011.1,99.0,98.9,100.0,3.8,3.0,4.8,4.0,4.0,3.7,0.58,0.55,0.5,Rain,Rain,Rain,0.7325428987873788,0.8508111094240514,0.7693995550468952,-0.6807208689589178,-0.5254716510722676,-0.6387678175155976
2023-02-10,21.0,21.0,91.4,0.396,4.17,rain,38.2,20.5,1011.6,98.6,6.2,5.1,0.65,Rain,0.6482618097757122,0.7614175109532997,0.819152044288992,-0.5735764363510458,21.0,20.2,19.7,21.3,20.4,20.2,94.1,95.4,97.2,0.964,2.203,1.392,8.33,12.5,8.33,rain,rain,rain,29.5,32.4,29.9,16.6,18.4,13.0,1012.3,1011.8,1011.8,99.5,99.0,98.9,4.9,3.8,3.0,5.7,4.0,4.0,0.62,0.58,0.55,Rain,Rain,Rain,0.745475999682862,0.7325428987873788,0.8508111094240514,-0.6665324702494527,-0.6807208689589178,-0.5254716510722676
2023-02-11,22.0,21.5,91.0,0.104,12.5,rain,41.8,20.5,1008.9,98.5,6.2,11.2,0.69,Rain,0.6612634749656386,0.7501537286959042,0.7477980904985319,-0.6639262126522416,21.0,21.0,20.2,21.0,21.3,20.4,91.4,94.1,95.4,0.396,0.964,2.203,4.17,8.33,12.5,rain,rain,rain,38.2,29.5,32.4,20.5,16.6,18.4,1011.6,1012.3,1011.8,98.6,99.5,99.0,6.2,4.9,3.8,5.1,5.7,4.0,0.65,0.62,0.58,Rain,Rain,Rain,0.819152044288992,0.745475999682862,0.7325428987873788,-0.5735764363510458,-0.6665324702494527,-0.6807208689589178
2023-02-12,22.0,21.7,85.8,0.0,0.0,noprecip,33.5,22.3,1008.2,88.4,7.8,17.6,0.72,Cloudy,0.6740694616546161,0.7386679638813748,0.8607420270039439,-0.5090414157503709,22.0,21.0,21.0,21.5,21.0,21.3,91.0,91.4,94.1,0.104,0.396,0.964,12.5,4.17,8.33,rain,rain,rain,41.8,38.2,29.5,20.5,20.5,16.6,1008.9,1011.6,1012.3,98.5,98.6,99.5,6.2,6.2,4.9,11.2,5.1,5.7,0.69,0.65,0.62,Rain,Rain,Rain,0.7477980904985319,0.819152044288992,0.745475999682862,-0.6639262126522416,-0.5735764363510458,-0.6665324702494527
2023-02-13,22.0,21.8,83.9,0.099,4.17,rain,34.9,16.6,1010.2,74.4,6.6,15.8,0.75,Rain,0.6866759803451553,0.726963615332308,0.8917975296052141,-0.45243470931178276,22.0,22.0,21.0,21.7,21.5,21.0,85.8,91.0,91.4,0.0,0.104,0.396,0.0,12.5,4.17,noprecip,rain,rain,33.5,41.8,38.2,22.3,20.5,20.5,1008.2,1008.9,1011.6,88.4,98.5,98.6,7.8,6.2,6.2,17.6,11.2,5.1,0.72,0.69,0.65,Cloudy,Rain,Rain,0.8607420270039439,0.7477980904985319,0.819152044288992,-0.5090414157503709,-0.6639262126522416,-0.5735764363510458
2023-02-14,17.0,13.0,68.1,1.098,8.33,rain,33.1,27.7,1017.7,99.9,9.9,3.9,0.79,Rain,0.6990793005655562,0.7150441465537444,0.7241718614374675,0.6896195437356698,22.0,22.0,22.0,21.8,21.7,21.5,83.9,85.8,91.0,0.099,0.0,0.104,4.17,0.0,12.5,rain,noprecip,rain,34.9,33.5,41.8,16.6,22.3,20.5,1010.2,1008.2,1008.9,74.4,88.4,98.5,6.6,7.8,6.2,15.8,17.6,11.2,0.75,0.72,0.69,Rain,Cloudy,Rain,0.8917975296052141,0.8607420270039439,0.7477980904985319,-0.45243470931178276,-0.5090414157503709,-0.6639262126522416
2023-02-15,16.0,9.0,59.4,0.0,0.0,noprecip,26.6,18.4,1022.7,100.0,10.0,6.6,0.82,Cloudy,0.7112757519738152,0.7029130847082615,0.5948227867513413,0.8038568606172173,17.0,22.0,22.0,13.0,21.8,21.7,68.1,83.9,85.8,1.098,0.099,0.0,8.33,4.17,0.0,rain,rain,noprecip,33.1,34.9,33.5,27.7,16.6,22.3,1017.7,1010.2,1008.2,99.9,74.4,88.4,9.9,6.6,7.8,3.9,15.8,17.6,0.79,0.75,0.72,Rain,Rain,Cloudy,0.7241718614374675,0.8917975296052141,0.8607420270039439,0.6896195437356698,-0.45243470931178276,-0.5090414157503709
2023-02-16,16.0,10.8,68.0,0.0,0.0,noprecip,18.4,11.2,1023.5,100.0,9.5,6.6,0.86,Cloudy,0.7232617254437388,0.6905740195722294,0.3106764296307318,0.9505157316277837,16.0,17.0,22.0,9.0,13.0,21.8,59.4,68.1,83.9,0.0,1.098,0.099,0.0,8.33,4.17,noprecip,rain,rain,26.6,33.1,34.9,18.4,27.7,16.6,1022.7,1017.7,1010.2,100.0,99.9,74.4,10.0,9.9,6.6,6.6,3.9,15.8,0.82,0.79,0.75,Cloudy,Rain,Rain,0.5948227867513413,0.7241718614374675,0.8917975296052141,0.8038568606172173,0.6896195437356698,-0.45243470931178276
2023-02-17,16.0,13.8,77.0,0.0,0.0,noprecip,20.2,10.6,1019.9,96.4,6.3,12.8,0.89,Cloudy,0.7350336741329412,0.6780306024735382,0.9854078984834901,0.17020949916603262,16.0,16.0,17.0,10.8,9.0,13.0,68.0,59.4,68.1,0.0,0.0,1.098,0.0,0.0,8.33,noprecip,noprecip,rain,18.4,26.6,33.1,11.2,18.4,27.7,1023.5,1022.7,1017.7,100.0,100.0,99.9,9.5,10.0,9.9,6.6,6.6,3.9,0.86,0.82,0.79,Cloudy,Cloudy,Rain,0.3106764296307318,0.5948227867513413,0.7241718614374675,0.9505157316277837,0.8038568606172173,0.6896195437356698
2023-02-18,17.0,16.4,79.0,0.0,0.0,noprecip,18.4,13.0,1016.7,90.5,7.0,8.3,0.93,Cloudy,0.746588114532413,0.6652865452111116,0.7836934573258398,-0.6211477802783103,16.0,16.0,16.0,13.8,10.8,9.0,77.0,68.0,59.4,0.0,0.0,0.0,0.0,0.0,0.0,noprecip,noprecip,noprecip,20.2,18.4,26.6,10.6,11.2,18.4,1019.9,1023.5,1022.7,96.4,100.0,100.0,6.3,9.5,10.0,12.8,6.6,6.6,0.89,0.86,0.82,Cloudy,Cloudy,Cloudy,0.9854078984834901,0.3106764296307318,0.5948227867513413,0.17020949916603262,0.9505157316277837,0.8038568606172173
2023-02-19,19.0,17.4,83.3,1.088,4.17,rain,38.2,16.6,1019.0,82.1,6.2,6.9,0.96,Rain,0.7579216274973472,0.6523456189565257,-0.2198462043528373,0.9755345439458566,17.0,16.0,16.0,16.4,13.8,10.8,79.0,77.0,68.0,0.0,0.0,0.0,0.0,0.0,0.0,noprecip,noprecip,noprecip,18.4,20.2,18.4,13.0,10.6,11.2,1016.7,1019.9,1023.5,90.5,96.4,100.0,7.0,6.3,9.5,8.3,12.8,6.6,0.93,0.89,0.86,Cloudy,Cloudy,Cloudy,0.7836934573258398,0.9854078984834901,0.3106764296307318,-0.6211477802783103,0.17020949916603262,0.9505157316277837
2023-02-20,18.8,13.3,61.8,0.0,0.0,noprecip,19.8,16.6,1018.7,78.4,9.7,13.9,0.0,Cloudy,0.7690308592589181,0.6392116531380588,0.4939418665842309,0.869494929505219,19.0,17.0,16.0,17.4,16.4,13.8,83.3,79.0,77.0,1.088,0.0,0.0,4.17,0.0,0.0,rain,noprecip,noprecip,38.2,18.4,20.2,16.6,13.0,10.6,1019.0,1016.7,1019.9,82.1,90.5,96.4,6.2,7.0,6.3,6.9,8.3,12.8,0.96,0.93,0.89,Rain,Cloudy,Cloudy,-0.2198462043528373,0.7836934573258398,0.9854078984834901,0.9755345439458566,-0.6211477802783103,0.17020949916603262
2023-02-21,18.7,15.5,71.9,0.3,12.5,rain,30.2,14.8,1019.6,57.2,7.4,11.9,0.03,Rain,0.7799125224167177,0.6258885343075018,0.6018150231520482,-0.7986355100472929,18.8,19.0,17.0,13.3,17.4,16.4,61.8,83.3,79.0,0.0,1.088,0.0,0.0,4.17,0.0,noprecip,rain,noprecip,19.8,38.2,18.4,16.6,16.6,13.0,1018.7,1019.0,1016.7,78.4,82.1,90.5,9.7,6.2,7.0,13.9,6.9,8.3,0.0,0.96,0.93,Cloudy,Rain,Cloudy,0.4939418665842309,-0.2198462043528373,0.7836934573258398,0.869494929505219,0.9755345439458566,-0.6211477802783103
2023-02-22,19.0,15.0,70.8,0.0,0.0,noprecip,33.8,16.6,1019.6,80.6,9.2,11.4,0.06,Cloudy,0.7905633969115482,0.612380204990065,0.5976251469755209,-0.8017756442437541,18.7,18.8,19.0,15.5,13.3,17.4,71.9,61.8,83.3,0.3,0.0,1.088,12.5,0.0,4.17,rain,noprecip,rain,30.2,19.8,38.2,14.8,16.6,16.6,1019.6,1018.7,1019.0,57.2,78.4,82.1,7.4,9.7,6.2,11.9,13.9,6.9,0.03,0.0,0.96,Rain,Cloudy,Rain,0.6018150231520482,0.4939418665842309,-0.2198462043528373,-0.7986355100472929,0.869494929505219,0.9755345439458566
2023-02-23,17.7,16.1,76.7,0.0,0.0,rain,25.2,16.6,1016.8,76.7,8.5,10.3,0.1,Cloudy,0.8009803309782905,0.5986906625177214,0.7501110696304594,-0.661311865323652,19.0,18.7,18.8,15.0,15.5,13.3,70.8,71.9,61.8,0.0,0.3,0.0,0.0,12.5,0.0,noprecip,rain,noprecip,33.8,30.2,19.8,16.6,14.8,16.6,1019.6,1019.6,1018.7,80.6,57.2,78.4,9.2,7.4,9.7,11.4,11.9,13.9,0.06,0.03,0.0,Cloudy,Rain,Cloudy,0.5976251469755209,0.6018150231520482,0.4939418665842309,-0.8017756442437541,-0.7986355100472929,0.869494929505219
2023-02-24,18.0,15.1,77.9,0.499,4.17,rain,32.0,20.5,1020.1,97.5,8.1,3.6,0.13,Rain,0.8111602420785621,0.5848239578463322,0.7965299180241963,0.6045991148623749,17.7,19.0,18.7,16.1,15.0,15.5,76.7,70.8,71.9,0.0,0.0,0.3,0.0,0.0,12.5,rain,noprecip,rain,25.2,33.8,30.2,16.6,16.6,14.8,1016.8,1019.6,1019.6,76.7,80.6,57.2,8.5,9.2,7.4,10.3,11.4,11.9,0.1,0.06,0.03,Cloudy,Cloudy,Rain,0.7501110696304594,0.5976251469755209,0.6018150231520482,-0.661311865323652,-0.8017756442437541,-0.7986355100472929
2023-02-25,16.0,8.5,49.9,0.0,0.0,noprecip,33.8,18.4,1026.1,36.1,11.3,17.0,0.16,Cloudy,0.8211001178128892,0.5707841943569036,0.35510696240813705,0.9348256763960144,18.0,17.7,19.0,15.1,16.1,15.0,77.9,76.7,70.8,0.499,0.0,0.0,4.17,0.0,0.0,rain,rain,noprecip,32.0,25.2,33.8,20.5,16.6,16.6,1020.1,1016.8,1019.6,97.5,76.7,80.6,8.1,8.5,9.2,3.6,10.3,11.4,0.13,0.1,0.06,Rain,Cloudy,Cloudy,0.7965299180241963,0.7501110696304594,0.5976251469755209,0.6045991148623749,-0.661311865323652,-0.8017756442437541
2023-02-26,13.4,8.5,58.6,0.0,0.0,noprecip,31.0,14.8,1028.2,0.7,9.4,22.0,0.19,Clear,0.8307970168121247,0.5565755266413303,0.953190667792947,0.30236989075044457,16.0,18.0,17.7,8.5,15.1,16.1,49.9,77.9,76.7,0.0,0.499,0.0,0.0,4.17,0.0,noprecip,rain,rain,33.8,32.0,25.2,18.4,20.5,16.6,1026.1,1020.1,1016.8,36.1,97.5,76.7,11.3,8.1,8.5,17.0,3.6,10.3,0.16,0.13,0.1,Cloudy,Rain,Cloudy,0.35510696240813705,0.7965299180241963,0.7501110696304594,0.9348256763960144,0.6045991148623749,-0.661311865323652
2023-02-27,11.7,10.3,63.4,0.0,0.0,noprecip,23.8,13.0,1025.6,9.7,8.3,21.9,0.25,Clear,0.8402480696078469,0.5422021592729844,0.8329212407100995,-0.553391549243344,13.4,16.0,18.0,8.5,8.5,15.1,58.6,49.9,77.9,0.0,0.0,0.499,0.0,0.0,4.17,noprecip,noprecip,rain,31.0,33.8,32.0,14.8,18.4,20.5,1028.2,1026.1,1020.1,0.7,36.1,97.5,9.4,11.3,8.1,22.0,17.0,3.6,0.19,0.16,0.13,Clear,Cloudy,Rain,0.953190667792947,0.35510696240813705,0.7965299180241963,0.30236989075044457,0.9348256763960144,0.6045991148623749
2023-02-28,14.0,13.5,71.7,0.0,0.0,noprecip,27.0,16.6,1021.9,37.2,7.6,14.5,0.26,Cloudy,0.8494504794814806,0.527668345562516,0.7682835235935233,-0.6401096994849557,11.7,13.4,16.0,10.3,8.5,8.5,63.4,58.6,49.9,0.0,0.0,0.0,0.0,0.0,0.0,noprecip,noprecip,noprecip,23.8,31.0,33.8,13.0,14.8,18.4,1025.6,1028.2,1026.1,9.7,0.7,36.1,8.3,9.4,11.3,21.9,22.0,17.0,0.25,0.19,0.16,Clear,Clear,Cloudy,0.8329212407100995,0.953190667792947,0.35510696240813705,-0.553391549243344,0.30236989075044457,0.9348256763960144
2023-03-01,16.7,16.1,84.0,0.1,4.17,rain,16.9,9.4,1021.6,81.4,5.4,7.7,0.29,Rain,0.8584015232918917,0.512978386299228,0.9929655081065369,-0.11840396830650105,14.0,11.7,13.4,13.5,10.3,8.5,71.7,63.4,58.6,0.0,0.0,0.0,0.0,0.0,0.0,noprecip,noprecip,noprecip,27.0,23.8,31.0,16.6,13.0,14.8,1021.9,1025.6,1028.2,37.2,9.7,0.7,7.6,8.3,9.4,14.5,21.9,22.0,0.26,0.25,0.19,Cloudy,Clear,Clear,0.7682835235935233,0.8329212407100995,0.953190667792947,-0.6401096994849557,-0.553391549243344,0.30236989075044457
2023-03-02,18.0,16.0,69.6,0.0,0.0,noprecip,24.5,14.8,1022.5,55.2,6.7,15.4,0.33,Cloudy,0.8670985522812081,0.4981366284784055,0.6279630576493382,-0.7782431485260206,16.7,14.0,11.7,16.1,13.5,10.3,84.0,71.7,63.4,0.1,0.0,0.0,4.17,0.0,0.0,rain,noprecip,noprecip,16.9,27.0,23.8,9.4,16.6,13.0,1021.6,1021.9,1025.6,81.4,37.2,9.7,5.4,7.6,8.3,7.7,14.5,21.9,0.29,0.26,0.25,Rain,Cloudy,Clear,0.9929655081065369,0.7682835235935233,0.8329212407100995,-0.11840396830650105,-0.6401096994849557,-0.553391549243344
2023-03-03,17.4,15.9,72.4,0.001,4.17,rain,20.9,11.2,1022.9,76.1,6.3,11.8,0.36,Rain,0.8755389928586302,0.4831474640149687,0.9323238012155123,-0.3616245700820921,18.0,16.7,14.0,16.0,16.1,13.5,69.6,84.0,71.7,0.0,0.1,0.0,0.0,4.17,0.0,noprecip,rain,noprecip,24.5,16.9,27.0,14.8,9.4,16.6,1022.5,1021.6,1021.9,55.2,81.4,37.2,6.7,5.4,7.6,15.4,7.7,14.5,0.33,0.29,0.26,Cloudy,Rain,Cloudy,0.6279630576493382,0.9929655081065369,0.7682835235935233,-0.7782431485260206,-0.11840396830650105,-0.6401096994849557
2023-03-04,18.0,14.5,69.5,0.0,0.0,noprecip,16.6,14.8,1024.2,81.4,9.4,14.0,0.39,Cloudy,0.8837203473619977,0.4680153284438345,0.3842953226598037,0.9232102171129809,17.4,18.0,16.7,15.9,16.0,16.1,72.4,69.6,84.0,0.001,0.0,0.1,4.17,0.0,4.17,rain,noprecip,rain,20.9,24.5,16.9,11.2,14.8,9.4,1022.9,1022.5,1021.6,76.1,55.2,81.4,6.3,6.7,5.4,11.8,15.4,7.7,0.36,0.33,0.29,Rain,Cloudy,Rain,0.9323238012155123,0.6279630576493382,0.9929655081065369,-0.3616245700820921,-0.7782431485260206,-0.11840396830650105
2023-03-05,16.0,14.9,71.4,0.1,4.17,rain,26.6,18.4,1022.0,53.4,6.8,14.6,0.42,Rain,0.8916401947968874,0.45274469960737107,0.5920131787992197,-0.8059282822485156,18.0,17.4,18.0,14.5,15.9,16.0,69.5,72.4,69.6,0.0,0.001,0.0,0.0,4.17,0.0,noprecip,rain,noprecip,16.6,20.9,24.5,14.8,11.2,14.8,1024.2,1022.9,1022.5,81.4,76.1,55.2,9.4,6.3,6.7,14.0,11.8,15.4,0.39,0.36,0.33,Cloudy,Rain,Cloudy,0.3842953226598037,0.9323238012155123,0.6279630576493382,0.9232102171129809,-0.3616245700820921,-0.7782431485260206
2023-03-06,18.0,16.2,72.3,0.0,0.0,noprecip,35.3,24.1,1019.3,50.5,7.2,14.9,0.46,Cloudy,0.8992961915530253,0.4373400963303323,0.8471219213821373,-0.5313985795180827,16.0,18.0,17.4,14.9,14.5,15.9,71.4,69.5,72.4,0.1,0.0,0.001,4.17,0.0,4.17,rain,noprecip,rain,26.6,16.6,20.9,18.4,14.8,11.2,1022.0,1024.2,1022.9,53.4,81.4,76.1,6.8,9.4,6.3,14.6,14.0,11.8,0.42,0.39,0.36,Rain,Cloudy,Rain,0.5920131787992197,0.3842953226598037,0.9323238012155123,-0.8059282822485156,0.9232102171129809,-0.3616245700820921
2023-03-07,19.3,16.1,69.7,0.2,8.33,rain,29.9,22.3,1018.2,88.7,9.4,8.9,0.5,Rain,0.9066860720977985,0.4218060770826634,0.6959127965923141,-0.718126297763189,18.0,16.0,18.0,16.2,14.9,14.5,72.3,71.4,69.5,0.0,0.1,0.0,0.0,4.17,0.0,noprecip,rain,noprecip,35.3,26.6,16.6,24.1,18.4,14.8,1019.3,1022.0,1024.2,50.5,53.4,81.4,7.2,6.8,9.4,14.9,14.6,14.0,0.46,0.42,0.39,Cloudy,Rain,Cloudy,0.8471219213821373,0.5920131787992197,0.3842953226598037,-0.5313985795180827,-0.8059282822485156,0.9232102171129809
2023-03-08,20.0,18.4,82.1,0.1,4.17,rain,28.4,18.4,1018.4,93.7,7.8,10.7,0.52,Rain,0.9138076496466615,0.40614723863057883,0.8668967489356026,-0.4984877397538306,19.3,18.0,16.0,16.1,16.2,14.9,69.7,72.3,71.4,0.2,0.0,0.1,8.33,0.0,4.17,rain,noprecip,rain,29.9,35.3,26.6,22.3,24.1,18.4,1018.2,1019.3,1022.0,88.7,50.5,53.4,9.4,7.2,6.8,8.9,14.9,14.6,0.5,0.46,0.42,Rain,Cloudy,Rain,0.6959127965923141,0.8471219213821373,0.5920131787992197,-0.718126297763189,-0.5313985795180827,-0.8059282822485156
2023-03-09,19.0,18.6,76.1,0.1,4.17,rain,22.0,18.4,1018.0,48.0,6.2,15.5,0.56,Rain,0.9206588168102428,0.3903682146763026,0.9384930227595559,-0.34529819899853464,20.0,19.3,18.0,18.4,16.1,16.2,82.1,69.7,72.3,0.1,0.2,0.0,4.17,8.33,0.0,rain,rain,noprecip,28.4,29.9,35.3,18.4,22.3,24.1,1018.4,1018.2,1019.3,93.7,88.7,50.5,7.8,9.4,7.2,10.7,8.9,14.9,0.52,0.5,0.46,Rain,Rain,Cloudy,0.8668967489356026,0.6959127965923141,0.8471219213821373,-0.4984877397538306,-0.718126297763189,-0.5313985795180827
2023-03-10,20.0,18.3,75.1,0.0,0.0,noprecip,37.8,22.3,1014.8,41.8,6.2,17.9,0.59,Cloudy,0.9272375462179537,0.374473674486883,0.8386705679454239,-0.5446390350150271,19.0,20.0,19.3,18.6,18.4,16.1,76.1,82.1,69.7,0.1,0.1,0.2,4.17,4.17,8.33,rain,rain,rain,22.0,28.4,29.9,18.4,18.4,22.3,1018.0,1018.4,1018.2,48.0,93.7,88.7,6.2,7.8,9.4,15.5,10.7,8.9,0.56,0.52,0.5,Rain,Rain,Rain,0.9384930227595559,0.8668967489356026,0.6959127965923141,-0.34529819899853464,-0.4984877397538306,-0.718126297763189
2023-03-11,20.7,19.3,86.4,0.7,20.83,rain,30.6,16.6,1016.1,90.1,5.3,7.1,0.63,Rain,0.9335418911179212,0.35846832151248087,0.8910065241883679,-0.4539904997395467,20.0,19.0,20.0,18.3,18.6,18.4,75.1,76.1,82.1,0.0,0.1,0.1,0.0,4.17,4.17,noprecip,rain,rain,37.8,22.0,28.4,22.3,18.4,18.4,1014.8,1018.0,1018.4,41.8,48.0,93.7,6.2,6.2,7.8,17.9,15.5,10.7,0.59,0.56,0.52,Cloudy,Rain,Rain,0.8386705679454239,0.9384930227595559,0.8668967489356026,-0.5446390350150271,-0.34529819899853464,-0.4984877397538306
2023-03-12,20.3,18.8,77.0,0.099,4.17,rain,45.7,25.9,1018.7,67.3,6.5,12.5,0.66,Rain,0.9395699859530622,0.342356891994542,0.7996846584870905,0.6004202253258841,20.7,20.0,19.0,19.3,18.3,18.6,86.4,75.1,76.1,0.7,0.0,0.1,20.83,0.0,4.17,rain,noprecip,rain,30.6,37.8,22.0,16.6,22.3,18.4,1016.1,1014.8,1018.0,90.1,41.8,48.0,5.3,6.2,6.2,7.1,17.9,15.5,0.63,0.59,0.56,Rain,Cloudy,Rain,0.8910065241883679,0.8386705679454239,0.9384930227595559,-0.4539904997395467,-0.5446390350150271,-0.34529819899853464
2023-03-13,17.0,11.6,60.9,0.01,4.17,rain,31.0,22.3,1021.4,79.6,10.0,7.0,0.7,Rain,0.945320046913132,0.3261441535642696,0.3023698907504445,0.953190667792947,20.3,20.7,20.0,18.8,19.3,18.3,77.0,86.4,75.1,0.099,0.7,0.0,4.17,20.83,0.0,rain,rain,noprecip,45.7,30.6,37.8,25.9,16.6,22.3,1018.7,1016.1,1014.8,67.3,90.1,41.8,6.5,5.3,6.2,12.5,7.1,17.9,0.66,0.63,0.59,Rain,Rain,Cloudy,0.7996846584870905,0.8910065241883679,0.8386705679454239,0.6004202253258841,-0.4539904997395467,-0.5446390350150271
2023-03-14,16.0,14.3,68.7,0.0,0.0,noprecip,37.1,16.6,1014.2,36.6,8.1,20.7,0.74,Cloudy,0.9507903724625832,0.3098349038318025,0.7396310949786096,-0.6730125135097734,17.0,20.3,20.7,11.6,18.8,19.3,60.9,77.0,86.4,0.01,0.099,0.7,4.17,4.17,20.83,rain,rain,rain,31.0,45.7,30.6,22.3,25.9,16.6,1021.4,1018.7,1016.1,79.6,67.3,90.1,10.0,6.5,5.3,7.0,12.5,7.1,0.7,0.66,0.63,Rain,Rain,Rain,0.3023698907504445,0.7996846584870905,0.8910065241883679,0.953190667792947,0.6004202253258841,-0.4539904997395467
2023-03-15,18.0,18.9,85.2,0.099,4.17,rain,30.6,18.4,1014.2,84.3,9.8,9.7,0.75,Rain,0.9559793438440766,0.2934339689665273,0.8433914458128858,-0.5372996083468236,16.0,17.0,20.3,14.3,11.6,18.8,68.7,60.9,77.0,0.0,0.01,0.099,0.0,4.17,4.17,noprecip,rain,rain,37.1,31.0,45.7,16.6,22.3,25.9,1014.2,1021.4,1018.7,36.6,79.6,67.3,8.1,10.0,6.5,20.7,7.0,12.5,0.74,0.7,0.66,Cloudy,Rain,Rain,0.7396310949786096,0.3023698907504445,0.7996846584870905,-0.6730125135097734,0.953190667792947,0.6004202253258841
2023-03-16,21.0,19.8,79.2,0.516,8.33,rain,36.7,18.4,1015.4,81.6,10.7,9.3,0.81,Rain,0.9608854255574977,0.27694620226893646,0.605988400265711,-0.7954734808548959,18.0,16.0,17.0,18.9,14.3,11.6,85.2,68.7,60.9,0.099,0.0,0.01,4.17,0.0,4.17,rain,noprecip,rain,30.6,37.1,31.0,18.4,16.6,22.3,1014.2,1014.2,1021.4,84.3,36.6,79.6,9.8,8.1,10.0,9.7,20.7,7.0,0.75,0.74,0.7,Rain,Cloudy,Rain,0.8433914458128858,0.7396310949786096,0.3023698907504445,-0.5372996083468236,-0.6730125135097734,0.953190667792947
2023-03-17,21.0,20.4,83.1,0.0,0.0,rain,33.8,20.5,1014.1,90.0,8.5,13.0,0.84,Cloudy,0.9655071658143364,0.2603764827344581,0.801775644243754,-0.5976251469755212,21.0,18.0,16.0,19.8,18.9,14.3,79.2,85.2,68.7,0.516,0.099,0.0,8.33,4.17,0.0,rain,rain,noprecip,36.7,30.6,37.1,18.4,18.4,16.6,1015.4,1014.2,1014.2,81.6,84.3,36.6,10.7,9.8,8.1,9.3,9.7,20.7,0.81,0.75,0.74,Rain,Rain,Cloudy,0.605988400265711,0.8433914458128858,0.7396310949786096,-0.7954734808548959,-0.5372996083468236,-0.6730125135097734
2023-03-18,22.0,20.2,82.8,0.4,16.67,rain,33.8,18.4,1012.9,98.2,8.9,7.8,0.88,Rain,0.969843196967294,0.24372971360968387,0.7169106076504829,-0.6971651028545645,21.0,21.0,18.0,20.4,19.8,18.9,83.1,79.2,85.2,0.0,0.516,0.099,0.0,8.33,4.17,rain,rain,rain,33.8,36.7,30.6,20.5,18.4,18.4,1014.1,1015.4,1014.2,90.0,81.6,84.3,8.5,10.7,9.8,13.0,9.3,9.7,0.84,0.81,0.75,Cloudy,Rain,Rain,0.801775644243754,0.605988400265711,0.8433914458128858,-0.5976251469755212,-0.7954734808548959,-0.5372996083468236
2023-03-19,22.0,20.2,79.7,0.1,4.17,rain,36.7,18.4,1011.0,94.7,8.8,10.9,0.91,Rain,0.9738922359149924,0.22701082094141847,0.7241718614374677,-0.6896195437356696,22.0,21.0,21.0,20.2,20.4,19.8,82.8,83.1,79.2,0.4,0.0,0.516,16.67,0.0,8.33,rain,rain,rain,33.8,33.8,36.7,18.4,20.5,18.4,1012.9,1014.1,1015.4,98.2,90.0,81.6,8.9,8.5,10.7,7.8,13.0,9.3,0.88,0.84,0.81,Rain,Cloudy,Rain,0.7169106076504829,0.801775644243754,0.605988400265711,-0.6971651028545645,-0.5976251469755212,-0.7954734808548959
2023-03-20,23.0,21.9,83.6,0.1,4.17,rain,32.0,22.3,1007.9,96.9,8.4,11.2,0.95,Rain,0.9776530844816641,0.2102247521189836,0.7749444887041799,-0.6320293026648505,22.0,22.0,21.0,20.2,20.2,20.4,79.7,82.8,83.1,0.1,0.4,0.0,4.17,16.67,0.0,rain,rain,rain,36.7,33.8,33.8,18.4,18.4,20.5,1011.0,1012.9,1014.1,94.7,98.2,90.0,8.8,8.9,8.5,10.9,7.8,13.0,0.91,0.88,0.84,Rain,Rain,Cloudy,0.7241718614374677,0.7169106076504829,0.801775644243754,-0.6896195437356696,-0.6971651028545645,-0.5976251469755212
2023-03-21,23.0,23.1,86.1,0.102,8.33,rain,23.8,20.5,1005.5,91.8,6.0,17.4,0.98,Rain,0.981124629771712,0.19337647441020586,0.9177546256839813,-0.39714789063478045,23.0,22.0,22.0,21.9,20.2,20.2,83.6,79.7,82.8,0.1,0.1,0.4,4.17,4.17,16.67,rain,rain,rain,32.0,36.7,33.8,22.3,18.4,18.4,1007.9,1011.0,1012.9,96.9,94.7,98.2,8.4,8.8,8.9,11.2,10.9,7.8,0.95,0.91,0.88,Rain,Rain,Rain,0.7749444887041799,0.7241718614374677,0.7169106076504829,-0.6320293026648505,-0.6896195437356696,-0.6971651028545645
2023-03-22,24.0,23.4,80.1,0.0,0.0,noprecip,26.3,20.5,1003.2,55.4,6.1,22.4,0.0,Cloudy,0.984305844499033,0.17647097349152166,0.9802711746217219,-0.19765734037912613,23.0,23.0,22.0,23.1,21.9,20.2,86.1,83.6,79.7,0.102,0.1,0.1,8.33,4.17,4.17,rain,rain,rain,23.8,32.0,36.7,20.5,22.3,18.4,1005.5,1007.9,1011.0,91.8,96.9,94.7,6.0,8.4,8.8,17.4,11.2,10.9,0.98,0.95,0.91,Rain,Rain,Rain,0.9177546256839813,0.7749444887041799,0.7241718614374677,-0.39714789063478045,-0.6320293026648505,-0.6896195437356696
2023-03-23,24.7,23.6,81.0,0.1,4.17,rain,22.3,20.5,1003.3,80.5,6.9,23.2,0.05,Rain,0.9871957872910085,0.15951325197263655,0.9862856015372314,-0.1650476058606777,24.0,23.0,23.0,23.4,23.1,21.9,80.1,86.1,83.6,0.0,0.102,0.1,0.0,8.33,4.17,noprecip,rain,rain,26.3,23.8,32.0,20.5,20.5,22.3,1003.2,1005.5,1007.9,55.4,91.8,96.9,6.1,6.0,8.4,22.4,17.4,11.2,0.0,0.98,0.95,Cloudy,Rain,Rain,0.9802711746217219,0.9177546256839813,0.7749444887041799,-0.19765734037912613,-0.39714789063478045,-0.6320293026648505
2023-03-24,24.7,23.2,81.1,0.0,0.0,noprecip,29.5,22.3,1005.8,92.5,6.9,22.9,0.08,Cloudy,0.9897936029670716,0.14250832791617088,0.9751493543055633,-0.22154849761946732,24.7,24.0,23.0,23.6,23.4,23.1,81.0,80.1,86.1,0.1,0.0,0.102,4.17,0.0,8.33,rain,noprecip,rain,22.3,26.3,23.8,20.5,20.5,20.5,1003.3,1003.2,1005.5,80.5,55.4,91.8,6.9,6.1,6.0,23.2,22.4,17.4,0.05,0.0,0.98,Rain,Cloudy,Rain,0.9862856015372314,0.9802711746217219,0.9177546256839813,-0.1650476058606777,-0.19765734037912613,-0.39714789063478045
2023-03-25,22.0,22.9,88.1,1.682,4.17,rain,25.2,20.5,1009.2,95.4,7.2,6.5,0.11,Rain,0.992098522791769,0.12546123335273648,0.8862035792312148,-0.4632960351198615,24.7,24.7,24.0,23.2,23.6,23.4,81.1,81.0,80.1,0.0,0.1,0.0,0.0,4.17,0.0,noprecip,rain,noprecip,29.5,22.3,26.3,22.3,20.5,20.5,1005.8,1003.3,1003.2,92.5,80.5,55.4,6.9,6.9,6.1,22.9,23.2,22.4,0.08,0.05,0.0,Cloudy,Rain,Cloudy,0.9751493543055633,0.9862856015372314,0.9802711746217219,-0.22154849761946732,-0.1650476058606777,-0.19765734037912613
2023-03-26,18.0,16.9,84.6,2.102,12.5,rain,31.7,20.5,1011.7,99.9,9.2,5.0,0.14,Rain,0.9941098647022418,0.10837701279187609,0.7489557207890021,0.6626200482157375,22.0,24.7,24.7,22.9,23.2,23.6,88.1,81.1,81.0,1.682,0.0,0.1,4.17,0.0,4.17,rain,noprecip,rain,25.2,29.5,22.3,20.5,22.3,20.5,1009.2,1005.8,1003.3,95.4,92.5,80.5,7.2,6.9,6.9,6.5,22.9,23.2,0.11,0.08,0.05,Rain,Cloudy,Rain,0.8862035792312148,0.9751493543055633,0.9862856015372314,-0.4632960351198615,-0.22154849761946732,-0.1650476058606777
2023-03-27,17.0,15.0,79.3,1.137,16.67,rain,26.6,14.8,1014.8,99.7,9.5,4.6,0.18,Rain,0.9958270335100595,0.09126072172931188,0.5707135676844316,0.821149209133704,18.0,22.0,24.7,16.9,22.9,23.2,84.6,88.1,81.1,2.102,1.682,0.0,12.5,4.17,0.0,rain,rain,noprecip,31.7,25.2,29.5,20.5,20.5,22.3,1011.7,1009.2,1005.8,99.9,95.4,92.5,9.2,7.2,6.9,5.0,6.5,22.9,0.14,0.11,0.08,Rain,Rain,Cloudy,0.7489557207890021,0.8862035792312148,0.9751493543055633,0.6626200482157375,-0.4632960351198615,-0.22154849761946732
2023-03-28,17.0,14.1,74.8,0.004,4.17,rain,16.2,16.6,1016.4,99.1,9.8,4.6,0.21,Rain,0.9972495210773451,0.07411742515094437,0.6883545756937539,0.7253743710122876,17.0,18.0,22.0,15.0,16.9,22.9,79.3,84.6,88.1,1.137,2.102,1.682,16.67,12.5,4.17,rain,rain,rain,26.6,31.7,25.2,14.8,20.5,20.5,1014.8,1011.7,1009.2,99.7,99.9,95.4,9.5,9.2,7.2,4.6,5.0,6.5,0.18,0.14,0.11,Rain,Rain,Rain,0.5707135676844316,0.7489557207890021,0.8862035792312148,0.821149209133704,0.6626200482157375,-0.4632960351198615
2023-03-29,16.0,15.8,81.8,1.387,8.33,rain,16.9,13.0,1014.7,95.6,9.7,9.8,0.25,Rain,0.998376906467142,0.056952196034039754,0.7181262977631888,0.6959127965923143,17.0,17.0,18.0,14.1,15.0,16.9,74.8,79.3,84.6,0.004,1.137,2.102,4.17,16.67,12.5,rain,rain,rain,16.2,26.6,31.7,16.6,14.8,20.5,1016.4,1014.8,1011.7,99.1,99.7,99.9,9.8,9.5,9.2,4.6,4.6,5.0,0.21,0.18,0.14,Rain,Rain,Rain,0.6883545756937539,0.5707135676844316,0.7489557207890021,0.7253743710122876,0.821149209133704,0.6626200482157375
2023-03-30,17.0,16.0,81.1,0.735,16.67,rain,16.9,14.8,1012.4,100.0,9.2,8.9,0.27,Rain,0.9992088560679753,0.03977011384605572,0.9121201161722731,0.40992303384157275,16.0,17.0,17.0,15.8,14.1,15.0,81.8,74.8,79.3,1.387,0.004,1.137,8.33,4.17,16.67,rain,rain,rain,16.9,16.2,26.6,13.0,16.6,14.8,1014.7,1016.4,1014.8,95.6,99.1,99.7,9.7,9.8,9.5,9.8,4.6,4.6,0.25,0.21,0.18,Rain,Rain,Rain,0.7181262977631888,0.6883545756937539,0.5707135676844316,0.6959127965923143,0.7253743710122876,0.821149209133704
2023-03-31,18.7,18.6,90.3,1.298,12.5,rain,19.1,7.6,1011.4,95.6,3.9,7.2,0.31,Rain,0.9997451236925734,0.022576263041545485,0.9900236577165576,-0.14090123193758247,17.0,16.0,17.0,16.0,15.8,14.1,81.1,81.8,74.8,0.735,1.387,0.004,16.67,8.33,4.17,rain,rain,rain,16.9,16.9,16.2,14.8,13.0,16.6,1012.4,1014.7,1016.4,100.0,95.6,99.1,9.2,9.7,9.8,8.9,9.8,4.6,0.27,0.25,0.21,Rain,Rain,Rain,0.9121201161722731,0.7181262977631888,0.6883545756937539,0.40992303384157275,0.6959127965923143,0.7253743710122876
2023-04-01,20.0,20.3,95.3,1.29,12.5,rain,18.0,7.2,1009.7,95.9,3.4,7.6,0.34,Rain,0.9999855506507186,0.005375731557583884,0.978867388761685,-0.20449605184179034,18.7,17.0,16.0,18.6,16.0,15.8,90.3,81.1,81.8,1.298,0.735,1.387,12.5,16.67,8.33,rain,rain,rain,19.1,16.9,16.9,7.6,14.8,13.0,1011.4,1012.4,1014.7,95.6,100.0,95.6,3.9,9.2,9.7,7.2,8.9,9.8,0.31,0.27,0.25,Rain,Rain,Rain,0.9900236577165576,0.9121201161722731,0.7181262977631888,-0.14090123193758247,0.40992303384157275,0.6959127965923143
2023-04-02,22.0,22.5,92.6,0.401,12.5,rain,31.0,16.6,1006.9,96.3,5.1,11.7,0.37,Rain,0.9999300657962057,-0.011826390691832589,0.8589598969306645,-0.5120428648705714,20.0,18.7,17.0,20.3,18.6,16.0,95.3,90.3,81.1,1.29,1.298,0.735,12.5,12.5,16.67,rain,rain,rain,18.0,19.1,16.9,7.2,7.6,14.8,1009.7,1011.4,1012.4,95.9,95.6,100.0,3.4,3.9,9.2,7.6,7.2,8.9,0.34,0.31,0.27,Rain,Rain,Rain,0.978867388761685,0.9900236577165576,0.9121201161722731,-0.20449605184179034,-0.14090123193758247,0.40992303384157275
2023-04-03,23.0,23.4,86.7,0.099,4.17,rain,29.5,20.5,1005.3,94.8,6.7,19.8,0.4,Rain,0.9995786855478958,-0.029025013321975237,0.9092361090470686,-0.41628079226040104,22.0,20.0,18.7,22.5,20.3,18.6,92.6,95.3,90.3,0.401,1.29,1.298,12.5,12.5,12.5,rain,rain,rain,31.0,18.0,19.1,16.6,7.2,7.6,1006.9,1009.7,1011.4,96.3,95.9,95.6,5.1,3.4,3.9,11.7,7.6,7.2,0.37,0.34,0.31,Rain,Rain,Rain,0.8589598969306645,0.978867388761685,0.9900236577165576,-0.5120428648705714,-0.20449605184179034,-0.14090123193758247
2023-04-04,24.0,23.5,83.8,0.001,4.17,rain,28.8,16.6,1004.0,95.0,6.7,21.4,0.44,Rain,0.9989315138848577,-0.046215046983708354,0.9607791541575941,-0.27731465330237776,23.0,22.0,20.0,23.4,22.5,20.3,86.7,92.6,95.3,0.099,0.401,1.29,4.17,12.5,12.5,rain,rain,rain,29.5,31.0,18.0,20.5,16.6,7.2,1005.3,1006.9,1009.7,94.8,96.3,95.9,6.7,5.1,3.4,19.8,11.7,7.6,0.4,0.37,0.34,Rain,Rain,Rain,0.9092361090470686,0.8589598969306645,0.978867388761685,-0.41628079226040104,-0.5120428648705714,-0.20449605184179034
2023-04-05,25.0,23.5,80.1,0.0,0.0,noprecip,25.9,20.5,1004.8,91.8,7.1,24.5,0.47,Cloudy,0.9979887423155984,-0.06339140486951038,0.9499720515246526,-0.3123349185122325,24.0,23.0,22.0,23.5,23.4,22.5,83.8,86.7,92.6,0.001,0.099,0.401,4.17,4.17,12.5,rain,rain,rain,28.8,29.5,31.0,16.6,20.5,16.6,1004.0,1005.3,1006.9,95.0,94.8,96.3,6.7,6.7,5.1,21.4,19.8,11.7,0.44,0.4,0.37,Rain,Rain,Rain,0.9607791541575941,0.9092361090470686,0.8589598969306645,-0.27731465330237776,-0.41628079226040104,-0.5120428648705714
2023-04-06,25.0,23.6,78.7,0.5,12.5,rain,44.6,20.5,1008.3,93.5,7.3,14.4,0.5,Rain,0.9967506498213929,-0.08054900421874167,0.9360595357389733,-0.3518416484047018,25.0,24.0,23.0,23.5,23.5,23.4,80.1,83.8,86.7,0.0,0.001,0.099,0.0,4.17,4.17,noprecip,rain,rain,25.9,28.8,29.5,20.5,16.6,20.5,1004.8,1004.0,1005.3,91.8,95.0,94.8,7.1,6.7,6.7,24.5,21.4,19.8,0.47,0.44,0.4,Cloudy,Rain,Rain,0.9499720515246526,0.9607791541575941,0.9092361090470686,-0.3123349185122325,-0.27731465330237776,-0.41628079226040104
2023-04-07,21.9,16.0,62.0,0.0,0.0,rain,22.0,18.4,1013.8,89.3,9.8,7.3,0.54,Cloudy,0.9952176027737294,-0.09768276782171598,0.8964864303834406,0.4430711908241796,25.0,25.0,24.0,23.6,23.5,23.5,78.7,80.1,83.8,0.5,0.0,0.001,12.5,0.0,4.17,rain,noprecip,rain,44.6,25.9,28.8,20.5,20.5,16.6,1008.3,1004.8,1004.0,93.5,91.8,95.0,7.3,7.1,6.7,14.4,24.5,21.4,0.5,0.47,0.44,Rain,Cloudy,Rain,0.9360595357389733,0.9499720515246526,0.9607791541575941,-0.3518416484047018,-0.3123349185122325,-0.27731465330237776
2023-04-08,19.0,15.7,72.7,0.014,8.33,rain,28.8,22.3,1018.9,100.0,9.7,3.9,0.57,Rain,0.9933900548258936,-0.11478762552212701,0.5446390350150271,0.838670567945424,21.9,25.0,25.0,16.0,23.6,23.5,62.0,78.7,80.1,0.0,0.5,0.0,0.0,12.5,0.0,rain,rain,noprecip,22.0,44.6,25.9,18.4,20.5,20.5,1013.8,1008.3,1004.8,89.3,93.5,91.8,9.8,7.3,7.1,7.3,14.4,24.5,0.54,0.5,0.47,Cloudy,Rain,Cloudy,0.8964864303834406,0.9360595357389733,0.9499720515246526,0.4430711908241796,-0.3518416484047018,-0.3123349185122325
2023-04-09,18.0,16.5,85.4,0.007,4.17,rain,13.3,11.2,1017.1,99.9,7.2,5.9,0.61,Rain,0.9912685467787256,-0.13185851571739118,0.9099612708765432,0.4146932426562389,19.0,21.9,25.0,15.7,16.0,23.6,72.7,62.0,78.7,0.014,0.0,0.5,8.33,0.0,12.5,rain,rain,rain,28.8,22.0,44.6,22.3,18.4,20.5,1018.9,1013.8,1008.3,100.0,89.3,93.5,9.7,9.8,7.3,3.9,7.3,14.4,0.57,0.54,0.5,Rain,Cloudy,Rain,0.5446390350150271,0.8964864303834406,0.9360595357389733,0.838670567945424,0.4430711908241796,-0.3518416484047018
2023-04-10,18.0,18.9,91.3,0.597,8.33,rain,14.8,9.4,1011.8,99.5,4.3,8.5,0.64,Rain,0.9888537064205885,-0.1488903868564548,0.8562670846003282,0.5165333288666419,18.0,19.0,21.9,16.5,15.7,16.0,85.4,72.7,62.0,0.007,0.014,0.0,4.17,8.33,0.0,rain,rain,rain,13.3,28.8,22.0,11.2,22.3,18.4,1017.1,1018.9,1013.8,99.9,100.0,89.3,7.2,9.7,9.8,5.9,3.9,7.3,0.61,0.57,0.54,Rain,Rain,Cloudy,0.9099612708765432,0.5446390350150271,0.8964864303834406,0.4146932426562389,0.838670567945424,0.4430711908241796
2023-04-11,21.0,21.5,92.6,0.501,8.33,rain,22.3,9.4,1009.3,98.5,3.5,9.6,0.68,Rain,0.986146248341595,-0.16587819893463143,0.7738402097265061,0.6333808726275502,18.0,18.0,19.0,18.9,16.5,15.7,91.3,85.4,72.7,0.597,0.007,0.014,8.33,4.17,8.33,rain,rain,rain,14.8,13.3,28.8,9.4,11.2,22.3,1011.8,1017.1,1018.9,99.5,99.9,100.0,4.3,7.2,9.7,8.5,5.9,3.9,0.64,0.61,0.57,Rain,Rain,Rain,0.8562670846003282,0.9099612708765432,0.5446390350150271,0.5165333288666419,0.4146932426562389,0.838670567945424
2023-04-12,23.0,23.3,94.4,4.308,8.33,rain,30.2,14.8,1009.7,96.6,3.7,6.8,0.72,Rain,0.9831469737221499,-0.1828169249850199,0.8181497174250237,-0.5750052520432782,21.0,18.0,18.0,21.5,18.9,16.5,92.6,91.3,85.4,0.501,0.597,0.007,8.33,8.33,4.17,rain,rain,rain,22.3,14.8,13.3,9.4,9.4,11.2,1009.3,1011.8,1017.1,98.5,99.5,99.9,3.5,4.3,7.2,9.6,8.5,5.9,0.68,0.64,0.61,Rain,Rain,Rain,0.7738402097265061,0.8562670846003282,0.9099612708765432,0.6333808726275502,0.5165333288666419,0.4146932426562389
2023-04-13,23.0,23.4,96.2,3.032,12.5,rain,43.2,18.4,1008.7,98.9,3.2,8.9,0.75,Rain,0.9798567700958665,-0.1997015525660636,0.8290375725550417,-0.5591929034707467,23.0,21.0,18.0,23.3,21.5,18.9,94.4,92.6,91.3,4.308,0.501,0.597,8.33,8.33,8.33,rain,rain,rain,30.2,22.3,14.8,14.8,9.4,9.4,1009.7,1009.3,1011.8,96.6,98.5,99.5,3.7,3.5,4.3,6.8,9.6,8.5,0.72,0.68,0.64,Rain,Rain,Rain,0.8181497174250237,0.7738402097265061,0.8562670846003282,-0.5750052520432782,0.6333808726275502,0.5165333288666419
2023-04-14,23.6,23.8,96.0,1.996,12.5,rain,29.2,14.8,1008.2,97.4,2.9,6.9,0.79,Rain,0.9762766110869321,-0.21652708524481437,0.9681476403781077,-0.2503800040544414,23.0,23.0,21.0,23.4,23.3,21.5,96.2,94.4,92.6,3.032,4.308,0.501,12.5,8.33,8.33,rain,rain,rain,43.2,30.2,22.3,18.4,14.8,9.4,1008.7,1009.7,1009.3,98.9,96.6,98.5,3.2,3.7,3.5,8.9,6.8,9.6,0.75,0.72,0.68,Rain,Rain,Rain,0.8290375725550417,0.8181497174250237,0.7738402097265061,-0.5591929034707467,-0.5750052520432782,0.6333808726275502
2023-04-15,24.0,23.3,87.3,9.169,16.67,rain,28.8,14.8,1010.6,79.4,7.0,5.6,0.82,Rain,0.9724075561219968,-0.23328854407545518,0.8290375725550417,0.5591929034707468,23.6,23.0,23.0,23.8,23.4,23.3,96.0,96.2,94.4,1.996,3.032,4.308,12.5,12.5,8.33,rain,rain,rain,29.2,43.2,30.2,14.8,18.4,14.8,1008.2,1008.7,1009.7,97.4,98.9,96.6,2.9,3.2,3.7,6.9,8.9,6.8,0.79,0.75,0.72,Rain,Rain,Rain,0.9681476403781077,0.8290375725550417,0.8181497174250237,-0.2503800040544414,-0.5591929034707467,-0.5750052520432782
2023-04-16,22.0,21.8,79.2,0.001,4.17,rain,24.5,14.8,1009.1,50.1,7.6,17.4,0.86,Rain,0.9682507501166718,-0.2499809690726521,0.5664062369248332,-0.8241261886220155,24.0,23.6,23.0,23.3,23.8,23.4,87.3,96.0,96.2,9.169,1.996,3.032,16.67,12.5,12.5,rain,rain,rain,28.8,29.2,43.2,14.8,14.8,18.4,1010.6,1008.2,1008.7,79.4,97.4,98.9,7.0,2.9,3.2,5.6,6.9,8.9,0.82,0.79,0.75,Rain,Rain,Rain,0.8290375725550417,0.9681476403781077,0.8290375725550417,0.5591929034707468,-0.2503800040544414,-0.5591929034707467
2023-04-17,23.0,23.1,86.6,0.0,0.0,rain,31.0,20.5,1006.9,83.6,6.2,15.8,0.89,Cloudy,0.9638074231367307,-0.26659942067929354,0.8788171126619654,-0.47715876025960846,22.0,24.0,23.6,21.8,23.3,23.8,79.2,87.3,96.0,0.001,9.169,1.996,4.17,16.67,12.5,rain,rain,rain,24.5,28.8,29.2,14.8,14.8,14.8,1009.1,1010.6,1008.2,50.1,79.4,97.4,7.6,7.0,2.9,17.4,5.6,6.9,0.86,0.82,0.79,Rain,Rain,Rain,0.5664062369248332,0.8290375725550417,0.9681476403781077,-0.8241261886220155,0.5591929034707468,-0.2503800040544414
2023-04-18,25.0,25.0,88.3,0.0,0.0,rain,31.0,18.4,1004.8,95.8,6.3,21.0,0.93,Cloudy,0.9590788900341131,-0.28313898122818354,0.9191353392552344,-0.39394190959095116,23.0,22.0,24.0,23.1,21.8,23.3,86.6,79.2,87.3,0.0,0.001,9.169,0.0,4.17,16.67,rain,rain,rain,31.0,24.5,28.8,20.5,14.8,14.8,1006.9,1009.1,1010.6,83.6,50.1,79.4,6.2,7.6,7.0,15.8,17.4,5.6,0.89,0.86,0.82,Cloudy,Rain,Rain,0.8788171126619654,0.5664062369248332,0.8290375725550417,-0.47715876025960846,-0.8241261886220155,0.5591929034707468
2023-04-19,26.0,24.8,82.3,0.0,0.0,rain,24.1,16.6,1001.9,86.4,6.5,23.6,0.97,Cloudy,0.9540665500578387,-0.2995947563972602,0.9304175679820246,-0.3665012267242972,25.0,23.0,22.0,25.0,23.1,21.8,88.3,86.6,79.2,0.0,0.0,0.001,0.0,0.0,4.17,rain,rain,rain,31.0,31.0,24.5,18.4,20.5,14.8,1004.8,1006.9,1009.1,95.8,83.6,50.1,6.3,6.2,7.6,21.0,15.8,17.4,0.93,0.89,0.86,Cloudy,Cloudy,Rain,0.9191353392552344,0.8788171126619654,0.5664062369248332,-0.39394190959095116,-0.47715876025960846,-0.8241261886220155
2023-04-20,25.0,24.4,82.3,0.0,0.0,rain,25.2,18.4,1001.0,91.4,6.6,16.9,0.0,Cloudy,0.9487718864399473,-0.31596187665790293,0.8498926929868641,-0.5269557954966773,26.0,25.0,23.0,24.8,25.0,23.1,82.3,88.3,86.6,0.0,0.0,0.0,0.0,0.0,0.0,rain,rain,rain,24.1,31.0,31.0,16.6,18.4,20.5,1001.9,1004.8,1006.9,86.4,95.8,83.6,6.5,6.3,6.2,23.6,21.0,15.8,0.97,0.93,0.89,Cloudy,Cloudy,Cloudy,0.9304175679820246,0.9191353392552344,0.8788171126619654,-0.3665012267242972,-0.39394190959095116,-0.47715876025960846
2023-04-21,25.6,24.8,81.9,0.0,0.0,rain,31.3,20.5,1001.4,87.5,6.3,20.2,0.03,Cloudy,0.9431964659565866,-0.33223549871590435,0.8845809752150839,-0.46638664033989113,25.0,26.0,25.0,24.4,24.8,25.0,82.3,82.3,88.3,0.0,0.0,0.0,0.0,0.0,0.0,rain,rain,rain,25.2,24.1,31.0,18.4,16.6,18.4,1001.0,1001.9,1004.8,91.4,86.4,95.8,6.6,6.5,6.3,16.9,23.6,21.0,0.0,0.97,0.93,Cloudy,Cloudy,Cloudy,0.8498926929868641,0.9304175679820246,0.9191353392552344,-0.5269557954966773,-0.3665012267242972,-0.39394190959095116
2023-04-22,26.0,25.0,83.4,0.0,0.0,rain,30.2,20.5,1003.7,85.0,7.5,23.2,0.07,Cloudy,0.9373419384643772,-0.3484108069446808,0.9271838545667874,-0.37460659341591207,25.6,25.0,26.0,24.8,24.4,24.8,81.9,82.3,82.3,0.0,0.0,0.0,0.0,0.0,0.0,rain,rain,rain,31.3,25.2,24.1,20.5,18.4,16.6,1001.4,1001.0,1001.9,87.5,91.4,86.4,6.3,6.6,6.5,20.2,16.9,23.6,0.03,0.0,0.97,Cloudy,Cloudy,Cloudy,0.8845809752150839,0.8498926929868641,0.9304175679820246,-0.46638664033989113,-0.5269557954966773,-0.3665012267242972
2023-04-23,30.1,24.9,82.0,0.0,0.0,rain,32.4,20.5,1007.8,79.3,8.4,18.8,0.1,Cloudy,0.9312100364121947,-0.3644830148102912,0.8571673007021123,-0.5150380749100543,26.0,25.6,25.0,25.0,24.8,24.4,83.4,81.9,82.3,0.0,0.0,0.0,0.0,0.0,0.0,rain,rain,rain,30.2,31.3,25.2,20.5,20.5,18.4,1003.7,1001.4,1001.0,85.0,87.5,91.4,7.5,6.3,6.6,23.2,20.2,16.9,0.07,0.03,0.0,Cloudy,Cloudy,Cloudy,0.9271838545667874,0.8845809752150839,0.8498926929868641,-0.37460659341591207,-0.46638664033989113,-0.5269557954966773
2023-04-24,26.0,24.8,82.1,12.5,37.5,rain,33.1,24.1,1010.2,73.7,8.7,12.3,0.13,Rain,0.9248025743285089,-0.38044736628785164,0.8309844692743282,-0.5562956155003048,30.1,26.0,25.6,24.9,25.0,24.8,82.0,83.4,81.9,0.0,0.0,0.0,0.0,0.0,0.0,rain,rain,rain,32.4,30.2,31.3,20.5,20.5,20.5,1007.8,1003.7,1001.4,79.3,85.0,87.5,8.4,7.5,6.3,18.8,23.2,20.2,0.1,0.07,0.03,Cloudy,Cloudy,Cloudy,0.8571673007021123,0.9271838545667874,0.8845809752150839,-0.5150380749100543,-0.37460659341591207,-0.46638664033989113
2023-04-25,18.0,19.5,86.8,3.979,4.17,rain,33.1,25.9,1013.9,92.7,9.5,3.9,0.16,Rain,0.9181214482844365,-0.39629913726891813,0.8452618332218561,0.5343523493898265,26.0,30.1,26.0,24.8,24.9,25.0,82.1,82.0,83.4,12.5,0.0,0.0,37.5,0.0,0.0,rain,rain,rain,33.1,32.4,30.2,24.1,20.5,20.5,1010.2,1007.8,1003.7,73.7,79.3,85.0,8.7,8.4,7.5,12.3,18.8,23.2,0.13,0.1,0.07,Rain,Cloudy,Cloudy,0.8309844692743282,0.8571673007021123,0.9271838545667874,-0.5562956155003048,-0.5150380749100543,-0.37460659341591207
2023-04-26,20.0,16.9,71.5,0.6,12.5,rain,19.1,9.4,1014.2,56.7,9.1,17.0,0.19,Rain,0.9111686353326631,-0.41203363695942635,-0.6600016679609373,0.7512641335035107,18.0,26.0,30.1,19.5,24.8,24.9,86.8,82.1,82.0,3.979,12.5,0.0,4.17,37.5,0.0,rain,rain,rain,33.1,33.1,32.4,25.9,24.1,20.5,1013.9,1010.2,1007.8,92.7,73.7,79.3,9.5,8.7,8.4,3.9,12.3,18.8,0.16,0.13,0.1,Rain,Rain,Cloudy,0.8452618332218561,0.8309844692743282,0.8571673007021123,0.5343523493898265,-0.5562956155003048,-0.5150380749100543
2023-04-27,21.0,20.4,76.1,0.0,0.0,noprecip,36.4,24.1,1011.1,37.6,10.0,18.0,0.23,Cloudy,0.9039461929224011,-0.42764620926777464,0.9092361090470686,-0.41628079226040104,20.0,18.0,26.0,16.9,19.5,24.8,71.5,86.8,82.1,0.6,3.979,12.5,12.5,4.17,37.5,rain,rain,rain,19.1,33.1,33.1,9.4,25.9,24.1,1014.2,1013.9,1010.2,56.7,92.7,73.7,9.1,9.5,8.7,17.0,3.9,12.3,0.19,0.16,0.13,Rain,Rain,Rain,-0.6600016679609373,0.8452618332218561,0.8309844692743282,0.7512641335035107,0.5343523493898265,-0.5562956155003048
2023-04-28,24.0,23.8,84.9,0.021,4.17,rain,37.8,22.3,1009.8,89.8,8.6,14.8,0.25,Rain,0.8964562582905575,-0.44313223418263453,0.8069603121438021,-0.5906056676199252,21.0,20.0,18.0,20.4,16.9,19.5,76.1,71.5,86.8,0.0,0.6,3.979,0.0,12.5,4.17,noprecip,rain,rain,36.4,19.1,33.1,24.1,9.4,25.9,1011.1,1014.2,1013.9,37.6,56.7,92.7,10.0,9.1,9.5,18.0,17.0,3.9,0.23,0.19,0.16,Cloudy,Rain,Rain,0.9092361090470686,-0.6600016679609373,0.8452618332218561,-0.41628079226040104,0.7512641335035107,0.5343523493898265
2023-04-29,22.0,22.2,83.0,53.559,8.33,rain,34.2,18.4,1011.2,90.1,9.0,9.3,0.29,Rain,0.8887010478292915,-0.45848712914008766,1.0,6.123233995736766e-17,24.0,21.0,20.0,23.8,20.4,16.9,84.9,76.1,71.5,0.021,0.0,0.6,4.17,0.0,12.5,rain,noprecip,rain,37.8,36.4,19.1,22.3,24.1,9.4,1009.8,1011.1,1014.2,89.8,37.6,56.7,8.6,10.0,9.1,14.8,18.0,17.0,0.25,0.23,0.19,Rain,Cloudy,Rain,0.8069603121438021,0.9092361090470686,-0.6600016679609373,-0.5906056676199252,-0.41628079226040104,0.7512641335035107
2023-04-30,21.0,18.0,72.2,0.506,8.33,rain,19.4,13.0,1013.2,80.4,10.0,18.8,0.32,Rain,0.8806828564301475,-0.47370635037968,0.6454576877239505,0.7637960286346422,22.0,24.0,21.0,22.2,23.8,20.4,83.0,84.9,76.1,53.559,0.021,0.0,8.33,4.17,0.0,rain,rain,noprecip,34.2,37.8,36.4,18.4,22.3,24.1,1011.2,1009.8,1011.1,90.1,89.8,37.6,9.0,8.6,10.0,9.3,14.8,18.0,0.29,0.25,0.23,Rain,Rain,Cloudy,1.0,0.8069603121438021,0.9092361090470686,6.123233995736766e-17,-0.5906056676199252,-0.41628079226040104
2023-05-01,22.0,19.7,71.3,0.0,0.0,noprecip,28.1,18.4,1011.7,50.4,9.6,19.3,0.35,Cloudy,0.8724040568049612,-0.48878539428899265,0.9384930227595559,-0.34529819899853464,21.0,22.0,24.0,18.0,22.2,23.8,72.2,83.0,84.9,0.506,53.559,0.021,8.33,8.33,4.17,rain,rain,rain,19.4,34.2,37.8,13.0,18.4,22.3,1013.2,1011.2,1009.8,80.4,90.1,89.8,10.0,9.0,8.6,18.8,9.3,14.8,0.32,0.29,0.25,Rain,Rain,Rain,0.6454576877239505,1.0,0.8069603121438021,0.7637960286346422,6.123233995736766e-17,-0.5906056676199252
2023-05-02,22.0,22.0,79.7,0.0,0.0,rain,37.1,18.4,1011.3,69.7,9.3,16.0,0.39,Cloudy,0.8638670987837349,-0.503719798736334,0.6984152854310062,-0.7156927337037355,22.0,21.0,22.0,19.7,18.0,22.2,71.3,72.2,83.0,0.0,0.506,53.559,0.0,8.33,8.33,noprecip,rain,rain,28.1,19.4,34.2,18.4,13.0,18.4,1011.7,1013.2,1011.2,50.4,80.4,90.1,9.6,10.0,9.0,19.3,18.8,9.3,0.35,0.32,0.29,Cloudy,Rain,Rain,0.9384930227595559,0.6454576877239505,1.0,-0.34529819899853464,0.7637960286346422,6.123233995736766e-17
2023-05-03,25.0,24.1,80.3,0.1,4.17,rain,42.8,25.9,1009.4,73.2,8.9,16.9,0.42,Rain,0.8550745085896932,-0.518505144391157,0.6807208689589179,-0.7325428987873787,22.0,22.0,21.0,22.0,19.7,18.0,79.7,71.3,72.2,0.0,0.0,0.506,0.0,0.0,8.33,rain,noprecip,rain,37.1,28.1,19.4,18.4,18.4,13.0,1011.3,1011.7,1013.2,69.7,50.4,80.4,9.3,9.6,10.0,16.0,19.3,18.8,0.39,0.35,0.32,Cloudy,Cloudy,Rain,0.6984152854310062,0.9384930227595559,0.6454576877239505,-0.7156927337037355,-0.34529819899853464,0.7637960286346422
2023-05-04,26.0,25.5,82.2,0.0,0.0,noprecip,42.5,25.9,1004.2,74.5,10.0,21.7,0.45,Cloudy,0.8460288880917339,-0.533137056031809,0.8571673007021123,-0.5150380749100543,25.0,22.0,22.0,24.1,22.0,19.7,80.3,79.7,71.3,0.1,0.0,0.0,4.17,0.0,0.0,rain,rain,noprecip,42.8,37.1,28.1,25.9,18.4,18.4,1009.4,1011.3,1011.7,73.2,69.7,50.4,8.9,9.3,9.6,16.9,16.0,19.3,0.42,0.39,0.35,Rain,Cloudy,Cloudy,0.6807208689589179,0.6984152854310062,0.9384930227595559,-0.7325428987873787,-0.7156927337037355,-0.34529819899853464
2023-05-05,26.6,26.1,80.4,0.0,0.0,noprecip,22.7,18.4,999.7,47.5,10.2,26.7,0.48,Cloudy,0.8367329140344921,-0.5476112038402312,0.9802711746217219,-0.19765734037912613,26.0,25.0,22.0,25.5,24.1,22.0,82.2,80.3,79.7,0.0,0.1,0.0,0.0,4.17,0.0,noprecip,rain,rain,42.5,42.8,37.1,25.9,25.9,18.4,1004.2,1009.4,1011.3,74.5,73.2,69.7,10.0,8.9,9.3,21.7,16.9,16.0,0.45,0.42,0.39,Cloudy,Rain,Cloudy,0.8571673007021123,0.6807208689589179,0.6984152854310062,-0.5150380749100543,-0.7325428987873787,-0.7156927337037355
2023-05-06,30.6,26.5,76.5,0.0,0.0,noprecip,24.5,22.3,998.4,28.3,11.4,26.9,0.5,Cloudy,0.8271893372462497,-0.5619233046832195,0.9354440308298674,-0.35347484377925703,26.6,26.0,25.0,26.1,25.5,24.1,80.4,82.2,80.3,0.0,0.0,0.1,0.0,0.0,4.17,noprecip,noprecip,rain,22.7,42.5,42.8,18.4,25.9,25.9,999.7,1004.2,1009.4,47.5,74.5,73.2,10.2,10.0,8.9,26.7,21.7,16.9,0.48,0.45,0.42,Cloudy,Cloudy,Rain,0.9802711746217219,0.8571673007021123,0.6807208689589179,-0.19765734037912613,-0.5150380749100543,-0.7325428987873787
2023-05-07,30.1,26.3,78.6,2.7,16.67,rain,36.7,27.7,1001.3,70.9,9.6,24.5,0.55,Rain,0.8174009818249189,-0.5760691233798758,0.9329535348254892,-0.35999680812005114,30.6,26.6,26.0,26.5,26.1,25.5,76.5,80.4,82.2,0.0,0.0,0.0,0.0,0.0,0.0,noprecip,noprecip,noprecip,24.5,22.7,42.5,22.3,18.4,25.9,998.4,999.7,1004.2,28.3,47.5,74.5,11.4,10.2,10.0,26.9,26.7,21.7,0.5,0.48,0.45,Cloudy,Cloudy,Cloudy,0.9354440308298674,0.9802711746217219,0.8571673007021123,-0.35347484377925703,-0.19765734037912613,-0.5150380749100543
2023-05-08,23.0,22.9,87.1,26.294,16.67,rain,32.4,18.4,1008.0,91.3,9.8,5.9,0.59,Rain,0.8073707443023492,-0.5900444739548627,0.8651514205697045,0.5015107371594574,30.1,30.6,26.6,26.3,26.5,26.1,78.6,76.5,80.4,2.7,0.0,0.0,16.67,0.0,0.0,rain,noprecip,noprecip,36.7,24.5,22.7,27.7,22.3,18.4,1001.3,998.4,999.7,70.9,28.3,47.5,9.6,11.4,10.2,24.5,26.9,26.7,0.55,0.5,0.48,Rain,Cloudy,Cloudy,0.9329535348254892,0.9354440308298674,0.9802711746217219,-0.35999680812005114,-0.35347484377925703,-0.19765734037912613
2023-05-09,21.0,21.7,90.3,11.675,4.17,rain,21.2,14.8,1010.5,98.2,7.9,10.0,0.62,Rain,0.7971015927871943,-0.6038452208771035,0.9366721892483976,0.35020738125946743,23.0,30.1,30.6,22.9,26.3,26.5,87.1,78.6,76.5,26.294,2.7,0.0,16.67,16.67,0.0,rain,rain,noprecip,32.4,36.7,24.5,18.4,27.7,22.3,1008.0,1001.3,998.4,91.3,70.9,28.3,9.8,9.6,11.4,5.9,24.5,26.9,0.59,0.55,0.5,Rain,Rain,Cloudy,0.8651514205697045,0.9329535348254892,0.9354440308298674,0.5015107371594574,-0.35999680812005114,-0.35347484377925703
2023-05-10,24.0,24.7,88.8,0.297,4.17,rain,28.8,14.8,1009.3,92.8,7.6,16.2,0.66,Rain,0.7865965660866021,-0.6174672802835514,0.9747611941912218,-0.2232501160109513,21.0,23.0,30.1,21.7,22.9,26.3,90.3,87.1,78.6,11.675,26.294,2.7,4.17,16.67,16.67,rain,rain,rain,21.2,32.4,36.7,14.8,18.4,27.7,1010.5,1008.0,1001.3,98.2,91.3,70.9,7.9,9.8,9.6,10.0,5.9,24.5,0.62,0.59,0.55,Rain,Rain,Rain,0.9366721892483976,0.8651514205697045,0.9329535348254892,0.35020738125946743,0.5015107371594574,-0.35999680812005114
2023-05-11,24.0,23.6,81.0,0.064,12.5,rain,42.8,25.9,1011.2,86.4,9.2,11.1,0.7,Rain,0.7758587728069828,-0.6309066211876704,0.9792228106217657,0.20278729535651271,24.0,21.0,23.0,24.7,21.7,22.9,88.8,90.3,87.1,0.297,11.675,26.294,4.17,4.17,16.67,rain,rain,rain,28.8,21.2,32.4,14.8,14.8,18.4,1009.3,1010.5,1008.0,92.8,98.2,91.3,7.6,7.9,9.8,16.2,10.0,5.9,0.66,0.62,0.59,Rain,Rain,Rain,0.9747611941912218,0.9366721892483976,0.8651514205697045,-0.2232501160109513,0.35020738125946743,0.5015107371594574
2023-05-12,24.0,18.8,64.8,0.032,8.33,rain,27.4,22.3,1014.1,96.6,10.0,10.6,0.75,Rain,0.7648913904341226,-0.6441592666722685,0.6755902076156602,0.737277336810124,24.0,24.0,21.0,23.6,24.7,21.7,81.0,88.8,90.3,0.064,0.297,11.675,12.5,4.17,4.17,rain,rain,rain,42.8,28.8,21.2,25.9,14.8,14.8,1011.2,1009.3,1010.5,86.4,92.8,98.2,9.2,7.6,7.9,11.1,16.2,10.0,0.7,0.66,0.62,Rain,Rain,Rain,0.9792228106217657,0.9747611941912218,0.9366721892483976,0.20278729535651271,-0.2232501160109513,0.35020738125946743
2023-05-13,22.0,18.6,73.8,0.119,12.5,rain,28.1,16.6,1014.2,99.0,10.0,8.9,0.77,Rain,0.753697664392914,-0.6572212950663319,0.7372773368101241,0.6755902076156602,24.0,24.0,24.0,18.8,23.6,24.7,64.8,81.0,88.8,0.032,0.064,0.297,8.33,12.5,4.17,rain,rain,rain,27.4,42.8,28.8,22.3,25.9,14.8,1014.1,1011.2,1009.3,96.6,86.4,92.8,10.0,9.2,7.6,10.6,11.1,16.2,0.75,0.7,0.66,Rain,Rain,Rain,0.6755902076156602,0.9792228106217657,0.9747611941912218,0.737277336810124,0.20278729535651271,-0.2232501160109513
2023-05-14,20.0,20.3,83.3,0.198,4.17,rain,25.9,13.0,1012.7,94.4,9.0,16.3,0.8,Rain,0.742280907086982,-0.6700888411055113,-0.4586495544843149,0.8886172326549489,22.0,24.0,24.0,18.6,18.8,23.6,73.8,64.8,81.0,0.119,0.032,0.064,12.5,8.33,12.5,rain,rain,rain,28.1,27.4,42.8,16.6,22.3,25.9,1014.2,1014.1,1011.2,99.0,96.6,86.4,10.0,10.0,9.2,8.9,10.6,11.1,0.77,0.75,0.7,Rain,Rain,Rain,0.7372773368101241,0.6755902076156602,0.9792228106217657,0.6755902076156602,0.737277336810124,0.20278729535651271
2023-05-15,22.0,22.2,77.7,1.1,4.17,rain,27.0,24.1,1009.0,52.4,9.3,19.8,0.84,Rain,0.7306444969184916,-0.6827580970759147,0.8424523970071475,-0.5387707850068632,20.0,22.0,24.0,20.3,18.6,18.8,83.3,73.8,64.8,0.198,0.119,0.032,4.17,12.5,8.33,rain,rain,rain,25.9,28.1,27.4,13.0,16.6,22.3,1012.7,1014.2,1014.1,94.4,99.0,96.6,9.0,10.0,10.0,16.3,8.9,10.6,0.8,0.77,0.75,Rain,Rain,Rain,-0.4586495544843149,0.7372773368101241,0.6755902076156602,0.8886172326549489,0.6755902076156602,0.737277336810124
2023-05-16,25.0,24.7,76.5,0.198,4.17,rain,25.6,20.5,1005.1,65.7,9.0,24.6,0.88,Rain,0.7187918772884232,-0.6952253139408722,0.8221440410307375,-0.5692795234308442,22.0,20.0,22.0,22.2,20.3,18.6,77.7,83.3,73.8,1.1,0.198,0.119,4.17,4.17,12.5,rain,rain,rain,27.0,25.9,28.1,24.1,13.0,16.6,1009.0,1012.7,1014.2,52.4,94.4,99.0,9.3,9.0,10.0,19.8,16.3,8.9,0.84,0.8,0.77,Rain,Rain,Rain,0.8424523970071475,-0.4586495544843149,0.7372773368101241,-0.5387707850068632,0.8886172326549489,0.6755902076156602
2023-05-17,26.0,23.2,64.3,0.0,0.0,noprecip,24.5,18.4,1002.9,7.5,9.9,27.4,0.91,Clear,0.7067265555776158,-0.7074868024503348,0.9727758782093965,-0.23174790349415758,25.0,22.0,20.0,24.7,22.2,20.3,76.5,77.7,83.3,0.198,1.1,0.198,4.17,4.17,4.17,rain,rain,rain,25.6,27.0,25.9,20.5,24.1,13.0,1005.1,1009.0,1012.7,65.7,52.4,94.4,9.0,9.3,9.0,24.6,19.8,16.3,0.88,0.84,0.8,Rain,Rain,Rain,0.8221440410307375,0.8424523970071475,-0.4586495544843149,-0.5692795234308442,-0.5387707850068632,0.8886172326549489
2023-05-18,30.1,23.8,62.3,0.0,0.0,noprecip,18.0,14.8,1002.8,6.9,12.0,26.9,0.95,Clear,0.6944521021088763,-0.719538934232584,0.9865721616069694,0.16332596224162232,26.0,25.0,22.0,23.2,24.7,22.2,64.3,76.5,77.7,0.0,0.198,1.1,0.0,4.17,4.17,noprecip,rain,rain,24.5,25.6,27.0,18.4,20.5,24.1,1002.9,1005.1,1009.0,7.5,65.7,52.4,9.9,9.0,9.3,27.4,24.6,19.8,0.91,0.88,0.84,Clear,Rain,Rain,0.9727758782093965,0.8221440410307375,0.8424523970071475,-0.23174790349415758,-0.5692795234308442,-0.5387707850068632
2023-05-19,30.6,25.9,75.1,0.0,0.0,rain,20.5,20.5,1003.5,34.9,9.7,24.2,0.0,Cloudy,0.6819721490904629,-0.7313781428679254,0.9690157314068695,-0.24699901272274286,30.1,26.0,25.0,23.8,23.2,24.7,62.3,64.3,76.5,0.0,0.0,0.198,0.0,0.0,4.17,noprecip,noprecip,rain,18.0,24.5,25.6,14.8,18.4,20.5,1002.8,1002.9,1005.1,6.9,7.5,65.7,12.0,9.9,9.0,26.9,27.4,24.6,0.95,0.91,0.88,Clear,Clear,Rain,0.9865721616069694,0.9727758782093965,0.8221440410307375,0.16332596224162232,-0.23174790349415758,-0.5692795234308442
2023-05-20,33.6,26.5,79.6,0.099,4.17,rain,26.3,22.3,1003.9,61.7,8.6,23.4,0.02,Rain,0.6692903895412567,-0.7430009249440493,0.9191353392552344,-0.39394190959095116,30.6,30.1,26.0,25.9,23.8,23.2,75.1,62.3,64.3,0.0,0.0,0.0,0.0,0.0,0.0,rain,noprecip,noprecip,20.5,18.0,24.5,20.5,14.8,18.4,1003.5,1002.8,1002.9,34.9,6.9,7.5,9.7,12.0,9.9,24.2,26.9,27.4,0.0,0.95,0.91,Cloudy,Clear,Clear,0.9690157314068695,0.9865721616069694,0.9727758782093965,-0.24699901272274286,0.16332596224162232,-0.23174790349415758
2023-05-21,34.5,27.4,79.9,0.0,0.0,noprecip,32.8,24.1,1004.5,58.9,9.5,26.0,0.05,Cloudy,0.6564105761979381,-0.7544038410927472,0.9354440308298674,-0.35347484377925703,33.6,30.6,30.1,26.5,25.9,23.8,79.6,75.1,62.3,0.099,0.0,0.0,4.17,0.0,0.0,rain,rain,noprecip,26.3,20.5,18.0,22.3,20.5,14.8,1003.9,1003.5,1002.8,61.7,34.9,6.9,8.6,9.7,12.0,23.4,24.2,26.9,0.02,0.0,0.95,Rain,Cloudy,Clear,0.9191353392552344,0.9690157314068695,0.9865721616069694,-0.39394190959095116,-0.24699901272274286,0.16332596224162232
2023-05-22,33.6,27.1,75.9,0.0,0.0,noprecip,33.1,22.3,1003.9,24.7,11.6,26.7,0.08,Cloudy,0.6433365204044917,-0.765583517007675,0.9685831611286311,-0.24868988716485485,34.5,33.6,30.6,27.4,26.5,25.9,79.9,79.6,75.1,0.0,0.099,0.0,0.0,4.17,0.0,noprecip,rain,rain,32.8,26.3,20.5,24.1,22.3,20.5,1004.5,1003.9,1003.5,58.9,61.7,34.9,9.5,8.6,9.7,26.0,23.4,24.2,0.05,0.02,0.0,Cloudy,Rain,Cloudy,0.9354440308298674,0.9191353392552344,0.9690157314068695,-0.35347484377925703,-0.39394190959095116,-0.24699901272274286
2023-05-23,35.4,26.5,79.0,0.099,4.17,rain,41.8,22.3,1004.9,59.6,10.2,13.7,0.11,Rain,0.6300720909843687,-0.7765366444428655,0.9826127965436152,-0.18566661538557708,33.6,34.5,33.6,27.1,27.4,26.5,75.9,79.9,79.6,0.0,0.0,0.099,0.0,0.0,4.17,noprecip,noprecip,rain,33.1,32.8,26.3,22.3,24.1,22.3,1003.9,1004.5,1003.9,24.7,58.9,61.7,11.6,9.5,8.6,26.7,26.0,23.4,0.08,0.05,0.02,Cloudy,Cloudy,Rain,0.9685831611286311,0.9354440308298674,0.9191353392552344,-0.24868988716485485,-0.35347484377925703,-0.39394190959095116
2023-05-24,24.0,25.3,84.0,3.76,4.17,rain,25.6,22.3,1006.6,86.1,9.0,9.9,0.15,Rain,0.6166212130956382,-0.7872599821916922,0.9077774785329086,-0.4194520824461772,35.4,33.6,34.5,26.5,27.1,27.4,79.0,75.9,79.9,0.099,0.0,0.0,4.17,0.0,0.0,rain,noprecip,noprecip,41.8,33.1,32.8,22.3,22.3,24.1,1004.9,1003.9,1004.5,59.6,24.7,58.9,10.2,11.6,9.5,13.7,26.7,26.0,0.11,0.08,0.05,Rain,Cloudy,Cloudy,0.9826127965436152,0.9685831611286311,0.9354440308298674,-0.18566661538557708,-0.24868988716485485,-0.35347484377925703
2023-05-25,24.0,24.8,84.9,7.653,12.5,rain,27.4,16.6,1007.5,63.7,8.9,18.7,0.18,Rain,0.6029878670694714,-0.7977503570459932,0.9092361090470686,-0.41628079226040104,24.0,35.4,33.6,25.3,26.5,27.1,84.0,79.0,75.9,3.76,0.099,0.0,4.17,4.17,0.0,rain,rain,noprecip,25.6,41.8,33.1,22.3,22.3,22.3,1006.6,1004.9,1003.9,86.1,59.6,24.7,9.0,10.2,11.6,9.9,13.7,26.7,0.15,0.11,0.08,Rain,Rain,Cloudy,0.9077774785329086,0.9826127965436152,0.9685831611286311,-0.4194520824461772,-0.18566661538557708,-0.24868988716485485
2023-05-26,25.0,25.3,84.3,4.76,8.33,rain,27.7,22.3,1007.9,59.6,9.6,16.2,0.21,Rain,0.5891760872322963,-0.8080046647350754,0.9271838545667874,-0.37460659341591207,24.0,24.0,35.4,24.8,25.3,26.5,84.9,84.0,79.0,7.653,3.76,0.099,12.5,4.17,4.17,rain,rain,rain,27.4,25.6,41.8,16.6,22.3,22.3,1007.5,1006.6,1004.9,63.7,86.1,59.6,8.9,9.0,10.2,18.7,9.9,13.7,0.18,0.15,0.11,Rain,Rain,Rain,0.9092361090470686,0.9077774785329086,0.9826127965436152,-0.41628079226040104,-0.4194520824461772,-0.18566661538557708
2023-05-27,26.0,26.0,82.1,0.006,8.33,rain,33.8,24.1,1006.7,50.3,9.4,18.7,0.25,Rain,0.5751899607119775,-0.8180198708443175,0.9348256763960145,-0.35510696240813683,25.0,24.0,24.0,25.3,24.8,25.3,84.3,84.9,84.0,4.76,7.653,3.76,8.33,12.5,4.17,rain,rain,rain,27.7,27.4,25.6,22.3,16.6,22.3,1007.9,1007.5,1006.6,59.6,63.7,86.1,9.6,8.9,9.0,16.2,18.7,9.9,0.21,0.18,0.15,Rain,Rain,Rain,0.9271838545667874,0.9092361090470686,0.9077774785329086,-0.37460659341591207,-0.41628079226040104,-0.4194520824461772
2023-05-28,31.2,25.8,79.9,0.11,8.33,rain,30.2,18.4,1007.4,55.3,9.4,22.9,0.28,Rain,0.5610336262283677,-0.8277930117131022,0.9092361090470686,-0.41628079226040104,26.0,25.0,24.0,26.0,25.3,24.8,82.1,84.3,84.9,0.006,4.76,7.653,8.33,8.33,12.5,rain,rain,rain,33.8,27.7,27.4,24.1,22.3,16.6,1006.7,1007.9,1007.5,50.3,59.6,63.7,9.4,9.6,8.9,18.7,16.2,18.7,0.25,0.21,0.18,Rain,Rain,Rain,0.9348256763960145,0.9271838545667874,0.9092361090470686,-0.35510696240813683,-0.37460659341591207,-0.41628079226040104
2023-05-29,31.2,25.5,74.8,0.005,4.17,rain,19.4,16.6,1007.7,30.3,10.9,25.3,0.31,Rain,0.5467112728685939,-0.8373211953118121,0.8941542368393682,-0.4477590878387696,31.2,26.0,25.0,25.8,26.0,25.3,79.9,82.1,84.3,0.11,0.006,4.76,8.33,8.33,8.33,rain,rain,rain,30.2,33.8,27.7,18.4,24.1,22.3,1007.4,1006.7,1007.9,55.3,50.3,59.6,9.4,9.4,9.6,22.9,18.7,16.2,0.28,0.25,0.21,Rain,Rain,Rain,0.9092361090470686,0.9348256763960145,0.9271838545667874,-0.41628079226040104,-0.35510696240813683,-0.37460659341591207
2023-05-30,31.2,25.0,71.1,0.0,0.0,noprecip,19.1,16.6,1005.7,16.0,11.7,26.4,0.34,Clear,0.5322271388474397,-0.8466016020976267,0.9184463813430872,-0.3955455025629649,31.2,31.2,26.0,25.5,25.8,26.0,74.8,79.9,82.1,0.005,0.11,0.006,4.17,8.33,8.33,rain,rain,rain,19.4,30.2,33.8,16.6,18.4,24.1,1007.7,1007.4,1006.7,30.3,55.3,50.3,10.9,9.4,9.4,25.3,22.9,18.7,0.31,0.28,0.25,Rain,Rain,Rain,0.8941542368393682,0.9092361090470686,0.9348256763960145,-0.4477590878387696,-0.41628079226040104,-0.35510696240813683
2023-05-31,31.2,25.4,70.6,0.0,0.0,noprecip,23.4,22.3,1002.7,15.6,10.5,26.7,0.37,Clear,0.5175855102531889,-0.8556314858488706,0.9077774785329086,-0.4194520824461772,31.2,31.2,31.2,25.0,25.5,25.8,71.1,74.8,79.9,0.0,0.005,0.11,0.0,4.17,8.33,noprecip,rain,rain,19.1,19.4,30.2,16.6,16.6,18.4,1005.7,1007.7,1007.4,16.0,30.3,55.3,11.7,10.9,9.4,26.4,25.3,22.9,0.34,0.31,0.28,Clear,Rain,Rain,0.9184463813430872,0.8941542368393682,0.9092361090470686,-0.3955455025629649,-0.4477590878387696,-0.41628079226040104
2023-06-01,33.6,26.8,75.9,0.0,0.0,noprecip,22.7,25.9,1001.0,33.5,9.1,22.8,0.4,Cloudy,0.5027907197793043,-0.8644081744776648,0.963630453208623,-0.26723837607825685,31.2,31.2,31.2,25.4,25.0,25.5,70.6,71.1,74.8,0.0,0.0,0.005,0.0,0.0,4.17,noprecip,noprecip,rain,23.4,19.1,19.4,22.3,16.6,16.6,1002.7,1005.7,1007.7,15.6,16.0,30.3,10.5,11.7,10.9,26.7,26.4,25.3,0.37,0.34,0.31,Clear,Clear,Rain,0.9077774785329086,0.9184463813430872,0.8941542368393682,-0.4194520824461772,-0.3955455025629649,-0.4477590878387696
2023-06-02,32.0,26.6,73.1,0.2,4.17,rain,26.6,22.3,1001.8,52.2,10.9,23.2,0.44,Rain,0.4878471454423119,-0.8729290708206411,0.9284858268809136,-0.3713678355502346,33.6,31.2,31.2,26.8,25.4,25.0,75.9,70.6,71.1,0.0,0.0,0.0,0.0,0.0,0.0,noprecip,noprecip,noprecip,22.7,23.4,19.1,25.9,22.3,16.6,1001.0,1002.7,1005.7,33.5,15.6,16.0,9.1,10.5,11.7,22.8,26.7,26.4,0.4,0.37,0.34,Cloudy,Clear,Clear,0.963630453208623,0.9077774785329086,0.9184463813430872,-0.26723837607825685,-0.4194520824461772,-0.3955455025629649
2023-06-03,25.5,24.2,70.2,1.979,4.17,rain,23.0,25.9,1004.9,49.0,10.5,24.7,0.47,Rain,0.47275920928627757,-0.881191653407483,0.9348256763960145,-0.35510696240813683,32.0,33.6,31.2,26.6,26.8,25.4,73.1,75.9,70.6,0.2,0.0,0.0,4.17,0.0,0.0,rain,noprecip,noprecip,26.6,22.7,23.4,22.3,25.9,22.3,1001.8,1001.0,1002.7,52.2,33.5,15.6,10.9,9.1,10.5,23.2,22.8,26.7,0.44,0.4,0.37,Rain,Cloudy,Clear,0.9284858268809136,0.963630453208623,0.9077774785329086,-0.3713678355502346,-0.26723837607825685,-0.4194520824461772
2023-06-04,26.0,24.6,72.6,2.968,4.17,rain,35.3,22.3,1005.0,69.2,10.8,14.0,0.5,Rain,0.4575313760742512,-0.8891934772070711,0.8625136692072574,-0.506033764121164,25.5,32.0,33.6,24.2,26.6,26.8,70.2,73.1,75.9,1.979,0.2,0.0,4.17,4.17,0.0,rain,rain,noprecip,23.0,26.6,22.7,25.9,22.3,25.9,1004.9,1001.8,1001.0,49.0,52.2,33.5,10.5,10.9,9.1,24.7,23.2,22.8,0.47,0.44,0.4,Rain,Rain,Cloudy,0.9348256763960145,0.9284858268809136,0.963630453208623,-0.35510696240813683,-0.3713678355502346,-0.26723837607825685
2023-06-05,26.0,25.2,77.8,8.2,62.5,rain,22.3,14.8,1004.9,71.4,9.6,16.5,0.54,Rain,0.44216815196707204,-0.8969321743510065,0.9751493543055633,-0.22154849761946732,26.0,25.5,32.0,24.6,24.2,26.6,72.6,70.2,73.1,2.968,1.979,0.2,4.17,4.17,4.17,rain,rain,rain,35.3,23.0,26.6,22.3,25.9,22.3,1005.0,1004.9,1001.8,69.2,49.0,52.2,10.8,10.5,10.9,14.0,24.7,23.2,0.5,0.47,0.44,Rain,Rain,Rain,0.8625136692072574,0.9348256763960145,0.9284858268809136,-0.506033764121164,-0.35510696240813683,-0.3713678355502346
2023-06-06,30.6,25.6,83.0,16.99,8.33,rain,22.7,18.4,1005.6,60.0,8.9,14.0,0.57,Rain,0.42667408318992467,-0.9044054548343001,-0.24361501178602255,0.9698720152847468,26.0,26.0,25.5,25.2,24.6,24.2,77.8,72.6,70.2,8.2,2.968,1.979,62.5,4.17,4.17,rain,rain,rain,22.3,35.3,23.0,14.8,22.3,25.9,1004.9,1005.0,1004.9,71.4,69.2,49.0,9.6,10.8,10.5,16.5,14.0,24.7,0.54,0.5,0.47,Rain,Rain,Rain,0.9751493543055633,0.8625136692072574,0.9348256763960145,-0.22154849761946732,-0.506033764121164,-0.35510696240813683
2023-06-07,30.6,24.7,71.2,0.3,12.5,rain,27.4,22.3,1005.0,67.5,9.7,19.9,0.61,Rain,0.4110537546870351,-0.9116111071930239,0.8424523970071476,0.538770785006863,30.6,26.0,26.0,25.6,25.2,24.6,83.0,77.8,72.6,16.99,8.2,2.968,8.33,62.5,4.17,rain,rain,rain,22.7,22.3,35.3,18.4,14.8,22.3,1005.6,1004.9,1005.0,60.0,71.4,69.2,8.9,9.6,10.8,14.0,16.5,14.0,0.57,0.54,0.5,Rain,Rain,Rain,-0.24361501178602255,0.9751493543055633,0.8625136692072574,0.9698720152847468,-0.22154849761946732,-0.506033764121164
2023-06-08,30.1,26.3,80.4,5.8,29.17,rain,59.4,27.7,1003.9,66.8,7.6,20.0,0.64,Rain,0.3953117887649151,-0.9185469991587165,0.9128341772330428,0.40833046038138476,30.6,30.6,26.0,24.7,25.6,25.2,71.2,83.0,77.8,0.3,16.99,8.2,12.5,8.33,62.5,rain,rain,rain,27.4,22.7,22.3,22.3,18.4,14.8,1005.0,1005.6,1004.9,67.5,60.0,71.4,9.7,8.9,9.6,19.9,14.0,16.5,0.61,0.57,0.54,Rain,Rain,Rain,0.8424523970071476,-0.24361501178602255,0.9751493543055633,0.538770785006863,0.9698720152847468,-0.22154849761946732
2023-06-09,25.0,25.0,80.8,51.831,16.67,rain,31.3,18.4,1003.2,73.7,10.4,10.0,0.68,Rain,0.37945284372454435,-0.925211078289358,-0.954240328516277,0.29904079225608626,30.1,30.6,30.6,26.3,24.7,25.6,80.4,71.2,83.0,5.8,0.3,16.99,29.17,12.5,8.33,rain,rain,rain,59.4,27.4,22.7,27.7,22.3,18.4,1003.9,1005.0,1005.6,66.8,67.5,60.0,7.6,9.7,8.9,20.0,19.9,14.0,0.64,0.61,0.57,Rain,Rain,Rain,0.9128341772330428,0.8424523970071476,-0.24361501178602255,0.40833046038138476,0.538770785006863,0.9698720152847468
2023-06-10,32.5,25.2,70.4,0.1,4.17,rain,22.7,16.6,1001.3,47.2,9.6,24.5,0.72,Rain,0.36348161248290634,-0.9316013725767187,-0.8251134982782958,0.564967003424937,25.0,30.1,30.6,25.0,26.3,24.7,80.8,80.4,71.2,51.831,5.8,0.3,16.67,29.17,12.5,rain,rain,rain,31.3,59.4,27.4,18.4,27.7,22.3,1003.2,1003.9,1005.0,73.7,66.8,67.5,10.4,7.6,9.7,10.0,20.0,19.9,0.68,0.64,0.61,Rain,Rain,Rain,-0.954240328516277,0.9128341772330428,0.8424523970071476,0.29904079225608626,0.40833046038138476,0.538770785006863
2023-06-11,34.5,26.3,73.4,0.6,8.33,rain,20.9,20.5,1000.9,43.9,8.9,25.1,0.75,Rain,0.3474028211842774,-0.9377159910299093,0.9593139745400575,-0.28234145684287654,32.5,25.0,30.1,25.2,25.0,26.3,70.4,80.8,80.4,0.1,51.831,5.8,4.17,16.67,29.17,rain,rain,rain,22.7,31.3,59.4,16.6,18.4,27.7,1001.3,1003.2,1003.9,47.2,73.7,66.8,9.6,10.4,7.6,24.5,10.0,20.0,0.72,0.68,0.64,Rain,Rain,Rain,-0.8251134982782958,-0.954240328516277,0.9128341772330428,0.564967003424937,0.29904079225608626,0.40833046038138476
2023-06-12,32.7,26.5,80.1,0.697,4.17,rain,25.2,18.4,1001.5,64.0,9.4,20.3,0.79,Rain,0.3312212278016865,-0.9435531242349544,0.8925858184521256,-0.4508775406894305,34.5,32.5,25.0,26.3,25.2,25.0,73.4,70.4,80.8,0.6,0.1,51.831,8.33,4.17,16.67,rain,rain,rain,20.9,22.7,31.3,20.5,16.6,18.4,1000.9,1001.3,1003.2,43.9,47.2,73.7,8.9,9.6,10.4,25.1,24.5,10.0,0.75,0.72,0.68,Rain,Rain,Rain,0.9593139745400575,-0.8251134982782958,-0.954240328516277,-0.28234145684287654,0.564967003424937,0.29904079225608626
2023-06-13,25.0,25.5,81.2,0.251,4.17,rain,28.1,18.4,1001.9,66.5,9.5,13.7,0.82,Rain,0.31494162072895193,-0.9491110448902284,-0.7727335734973513,0.6347305132022674,32.7,34.5,32.5,26.5,26.3,25.2,80.1,73.4,70.4,0.697,0.6,0.1,4.17,8.33,4.17,rain,rain,rain,25.2,20.9,22.7,18.4,20.5,16.6,1001.5,1000.9,1001.3,64.0,43.9,47.2,9.4,8.9,9.6,20.3,25.1,24.5,0.79,0.75,0.72,Rain,Rain,Rain,0.8925858184521256,0.9593139745400575,-0.8251134982782958,-0.4508775406894305,-0.28234145684287654,0.564967003424937
2023-06-14,25.0,24.9,87.3,27.007,8.33,rain,23.0,13.0,1004.5,87.1,9.4,14.1,0.86,Rain,0.2985688173637202,-0.9543881083175908,0.10105629718294634,0.9948807088287882,25.0,32.7,34.5,25.5,26.5,26.3,81.2,80.1,73.4,0.251,0.697,0.6,4.17,4.17,8.33,rain,rain,rain,28.1,25.2,20.9,18.4,18.4,20.5,1001.9,1001.5,1000.9,66.5,64.0,43.9,9.5,9.4,8.9,13.7,20.3,25.1,0.82,0.79,0.75,Rain,Rain,Rain,-0.7727335734973513,0.8925858184521256,0.9593139745400575,0.6347305132022674,-0.4508775406894305,-0.28234145684287654
2023-06-15,26.0,25.6,80.3,0.296,4.17,rain,30.2,13.9,1003.4,65.7,8.7,16.4,0.89,Rain,0.2821076626819194,-0.9593827529490743,0.7289686274214118,-0.6845471059286884,25.0,25.0,32.7,24.9,25.5,26.5,87.3,81.2,80.1,27.007,0.251,0.697,8.33,4.17,4.17,rain,rain,rain,23.0,28.1,25.2,13.0,18.4,18.4,1004.5,1001.9,1001.5,87.1,66.5,64.0,9.4,9.5,9.4,14.1,13.7,20.3,0.86,0.82,0.79,Rain,Rain,Rain,0.10105629718294634,-0.7727335734973513,0.8925858184521256,0.9948807088287882,0.6347305132022674,-0.4508775406894305
2023-06-16,32.7,26.2,75.8,4.2,16.67,rain,29.9,20.5,1001.8,70.6,9.1,17.4,0.93,Rain,0.26556302780405594,-0.9640935007889755,0.9177546256839813,-0.39714789063478045,26.0,25.0,25.0,25.6,24.9,25.5,80.3,87.3,81.2,0.296,27.007,0.251,4.17,8.33,4.17,rain,rain,rain,30.2,23.0,28.1,13.9,13.0,18.4,1003.4,1004.5,1001.9,65.7,87.1,66.5,8.7,9.4,9.5,16.4,14.1,13.7,0.89,0.86,0.82,Rain,Rain,Rain,0.7289686274214118,0.10105629718294634,-0.7727335734973513,-0.6845471059286884,0.9948807088287882,0.6347305132022674
2023-06-17,25.0,26.4,77.9,0.9,12.5,rain,25.6,24.1,1002.9,70.9,10.3,20.2,0.96,Rain,0.24893980855376657,-0.9685189578512204,0.8763066800438637,-0.48175367410171505,32.7,26.0,25.0,26.2,25.6,24.9,75.8,80.3,87.3,4.2,0.296,27.007,16.67,4.17,8.33,rain,rain,rain,29.9,30.2,23.0,20.5,13.9,13.0,1001.8,1003.4,1004.5,70.6,65.7,87.1,9.1,8.7,9.4,17.4,16.4,14.1,0.93,0.89,0.86,Rain,Rain,Rain,0.9177546256839813,0.7289686274214118,0.10105629718294634,-0.39714789063478045,-0.6845471059286884,0.9948807088287882
2023-06-18,25.0,25.4,84.3,15.937,8.33,rain,24.8,18.5,1004.0,83.3,9.7,16.6,0.0,Rain,0.23224292400907015,-0.9726578145718654,0.9163627295622396,-0.4003490325568948,25.0,32.7,26.0,26.4,26.2,25.6,77.9,75.8,80.3,0.9,4.2,0.296,12.5,16.67,4.17,rain,rain,rain,25.6,29.9,30.2,24.1,20.5,13.9,1002.9,1001.8,1003.4,70.9,70.6,65.7,10.3,9.1,8.7,20.2,17.4,16.4,0.96,0.93,0.89,Rain,Rain,Rain,0.8763066800438637,0.9177546256839813,0.7289686274214118,-0.48175367410171505,-0.39714789063478045,-0.6845471059286884
2023-06-19,30.1,26.4,87.0,0.2,8.33,rain,25.6,13.0,1003.4,70.4,9.3,14.7,0.03,Rain,0.21547731504673012,-0.976508846196619,0.9862856015372313,0.16504760586067782,25.0,25.0,32.7,25.4,26.4,26.2,84.3,77.9,75.8,15.937,0.9,4.2,8.33,12.5,16.67,rain,rain,rain,24.8,25.6,29.9,18.5,24.1,20.5,1004.0,1002.9,1001.8,83.3,70.9,70.6,9.7,10.3,9.1,16.6,20.2,17.4,0.0,0.96,0.93,Rain,Rain,Rain,0.9163627295622396,0.8763066800438637,0.9177546256839813,-0.4003490325568948,-0.48175367410171505,-0.39714789063478045
2023-06-20,26.0,26.0,79.2,6.629,4.17,rain,51.8,22.3,1003.2,59.0,9.2,19.1,0.07,Rain,0.19864794288017112,-0.9800709131432666,0.997440782930944,-0.07149744433268584,30.1,25.0,25.0,26.4,25.4,26.4,87.0,84.3,77.9,0.2,15.937,0.9,8.33,8.33,12.5,rain,rain,rain,25.6,24.8,25.6,13.0,18.5,24.1,1003.4,1004.0,1002.9,70.4,83.3,70.9,9.3,9.7,10.3,14.7,16.6,20.2,0.03,0.0,0.96,Rain,Rain,Rain,0.9862856015372313,0.9163627295622396,0.8763066800438637,0.16504760586067782,-0.4003490325568948,-0.48175367410171505
2023-06-21,25.0,25.4,83.1,18.898,4.17,rain,20.5,37.1,1004.3,80.1,9.4,19.3,0.1,Rain,0.18175978759137534,-0.9833429613388902,0.997915618272179,0.06453230825295801,26.0,30.1,25.0,26.0,26.4,25.4,79.2,87.0,84.3,6.629,0.2,15.937,4.17,8.33,8.33,rain,rain,rain,51.8,25.6,24.8,22.3,13.0,18.5,1003.2,1003.4,1004.0,59.0,70.4,83.3,9.2,9.3,9.7,19.1,14.7,16.6,0.07,0.03,0.0,Rain,Rain,Rain,0.997440782930944,0.9862856015372313,0.9163627295622396,-0.07149744433268584,0.16504760586067782,-0.4003490325568948
2023-06-22,26.0,26.3,81.2,17.81,4.17,rain,23.4,9.4,1003.4,68.5,9.5,16.4,0.13,Rain,0.16481784665719793,-0.9863240225317866,0.9205048534524403,0.39073112848927394,25.0,26.0,30.1,25.4,26.0,26.4,83.1,79.2,87.0,18.898,6.629,0.2,4.17,4.17,8.33,rain,rain,rain,20.5,51.8,25.6,37.1,22.3,13.0,1004.3,1003.2,1003.4,80.1,59.0,70.4,9.4,9.2,9.3,19.3,19.1,14.7,0.1,0.07,0.03,Rain,Rain,Rain,0.997915618272179,0.997440782930944,0.9862856015372313,0.06453230825295801,-0.07149744433268584,0.16504760586067782
2023-06-23,24.7,24.7,84.0,1.172,8.33,rain,29.2,20.5,1003.9,74.3,10.0,11.1,0.16,Rain,0.14782713347053048,-0.9890132145779883,0.8949343616020251,0.4461978131098087,26.0,25.0,26.0,26.3,25.4,26.0,81.2,83.1,79.2,17.81,18.898,6.629,4.17,4.17,4.17,rain,rain,rain,23.4,20.5,51.8,9.4,37.1,22.3,1003.4,1004.3,1003.2,68.5,80.1,59.0,9.5,9.4,9.2,16.4,19.3,19.1,0.13,0.1,0.07,Rain,Rain,Rain,0.9205048534524403,0.997915618272179,0.997440782930944,0.39073112848927394,0.06453230825295801,-0.07149744433268584
2023-06-24,25.0,25.2,93.1,40.345,12.5,rain,22.7,11.2,1003.7,90.8,7.9,3.6,0.2,Rain,0.13079267585675922,-0.9914097417023038,0.9966373868180366,0.0819385086300412,24.7,26.0,25.0,24.7,26.3,25.4,84.0,81.2,83.1,1.172,17.81,18.898,8.33,4.17,4.17,rain,rain,rain,29.2,23.4,20.5,20.5,9.4,37.1,1003.9,1003.4,1004.3,74.3,68.5,80.1,10.0,9.5,9.4,11.1,16.4,19.3,0.16,0.13,0.1,Rain,Rain,Rain,0.8949343616020251,0.9205048534524403,0.997915618272179,0.4461978131098087,0.39073112848927394,0.06453230825295801
2023-06-25,25.0,24.8,92.3,29.81,12.5,rain,18.7,11.2,1005.3,90.1,9.1,3.5,0.23,Rain,0.11371951458594969,-0.9935128947338007,-0.34529819899853426,0.938493022759556,25.0,24.7,26.0,25.2,24.7,26.3,93.1,84.0,81.2,40.345,1.172,17.81,12.5,8.33,4.17,rain,rain,rain,22.7,29.2,23.4,11.2,20.5,9.4,1003.7,1003.9,1003.4,90.8,74.3,68.5,7.9,10.0,9.5,3.6,11.1,16.4,0.2,0.16,0.13,Rain,Rain,Rain,0.9966373868180366,0.8949343616020251,0.9205048534524403,0.0819385086300412,0.4461978131098087,0.39073112848927394
2023-06-26,25.0,25.0,87.2,13.939,12.5,rain,19.8,18.4,1006.3,77.0,9.4,5.7,0.25,Rain,0.0966127018812031,-0.9953220513156602,0.9668233886044594,-0.2554457579357904,25.0,25.0,24.7,24.8,25.2,24.7,92.3,93.1,84.0,29.81,40.345,1.172,12.5,12.5,8.33,rain,rain,rain,18.7,22.7,29.2,11.2,11.2,20.5,1005.3,1003.7,1003.9,90.1,90.8,74.3,9.1,7.9,10.0,3.5,3.6,11.1,0.23,0.2,0.16,Rain,Rain,Rain,-0.34529819899853426,0.9966373868180366,0.8949343616020251,0.938493022759556,0.0819385086300412,0.4461978131098087
2023-06-27,26.0,25.4,87.1,0.1,8.33,rain,24.8,22.3,1007.2,85.1,9.3,9.4,0.29,Rain,0.07947729992362097,-0.9968366760893436,0.9438009515832295,-0.3305143927132229,25.0,25.0,25.0,25.0,24.8,25.2,87.2,92.3,93.1,13.939,29.81,40.345,12.5,12.5,12.5,rain,rain,rain,19.8,18.7,22.7,18.4,11.2,11.2,1006.3,1005.3,1003.7,77.0,90.1,90.8,9.4,9.1,7.9,5.7,3.5,3.6,0.25,0.23,0.2,Rain,Rain,Rain,0.9668233886044594,-0.34529819899853426,0.9966373868180366,-0.2554457579357904,0.938493022759556,0.0819385086300412
2023-06-28,26.0,25.9,81.1,6.424,12.5,rain,33.1,20.5,1007.4,67.9,9.8,21.7,0.33,Rain,0.062318379354325076,-0.998056320853012,0.7443115462311539,-0.6678325554710468,26.0,25.0,25.0,25.4,25.0,24.8,87.1,87.2,92.3,0.1,13.939,29.81,8.33,12.5,12.5,rain,rain,rain,24.8,19.8,18.7,22.3,18.4,11.2,1007.2,1006.3,1005.3,85.1,77.0,90.1,9.3,9.4,9.1,9.4,5.7,3.5,0.29,0.25,0.23,Rain,Rain,Rain,0.9438009515832295,0.9668233886044594,-0.34529819899853426,-0.3305143927132229,-0.2554457579357904,0.938493022759556
2023-06-29,34.5,26.6,77.8,0.2,8.33,rain,31.3,24.1,1004.3,60.6,11.0,24.0,0.36,Rain,0.04514101777397193,-0.9989806246941579,0.7071067811865476,-0.7071067811865475,26.0,26.0,25.0,25.9,25.4,25.0,81.1,87.1,87.2,6.424,0.1,13.939,12.5,8.33,12.5,rain,rain,rain,33.1,24.8,19.8,20.5,22.3,18.4,1007.4,1007.2,1006.3,67.9,85.1,77.0,9.8,9.3,9.4,21.7,9.4,5.7,0.33,0.29,0.25,Rain,Rain,Rain,0.7443115462311539,0.9438009515832295,0.9668233886044594,-0.6678325554710468,-0.3305143927132229,-0.2554457579357904
2023-06-30,36.8,27.6,79.1,0.0,0.0,noprecip,26.6,20.5,1001.8,81.7,10.7,23.8,0.39,Cloudy,0.02795029824021032,-0.999609314096404,0.9156625933395611,-0.4019477766559601,34.5,26.0,26.0,26.6,25.9,25.4,77.8,81.1,87.1,0.2,6.424,0.1,8.33,12.5,8.33,rain,rain,rain,31.3,33.1,24.8,24.1,20.5,22.3,1004.3,1007.4,1007.2,60.6,67.9,85.1,11.0,9.8,9.3,24.0,21.7,9.4,0.36,0.33,0.29,Rain,Rain,Rain,0.7071067811865476,0.7443115462311539,0.9438009515832295,-0.7071067811865475,-0.6678325554710468,-0.3305143927132229
2023-07-01,34.5,27.4,77.8,0.396,4.17,rain,30.6,18.4,1001.9,75.3,9.9,21.6,0.43,Rain,0.01075130776352193,-0.9999422030204416,0.9494254776419039,-0.313992455967405,36.8,34.5,26.0,27.6,26.6,25.9,79.1,77.8,81.1,0.0,0.2,6.424,0.0,8.33,12.5,noprecip,rain,rain,26.6,31.3,33.1,20.5,24.1,20.5,1001.8,1004.3,1007.4,81.7,60.6,67.9,10.7,11.0,9.8,23.8,24.0,21.7,0.39,0.36,0.33,Cloudy,Rain,Rain,0.9156625933395611,0.7071067811865476,0.7443115462311539,-0.4019477766559601,-0.7071067811865475,-0.6678325554710468
2023-07-02,31.3,26.4,77.6,0.099,4.17,rain,27.0,18.4,1003.0,66.7,10.9,23.2,0.46,Rain,-0.00645086419810515,-0.9999791929590823,0.9735789028731603,-0.22835087011065577,34.5,36.8,34.5,27.4,27.6,26.6,77.8,79.1,77.8,0.396,0.0,0.2,4.17,0.0,8.33,rain,noprecip,rain,30.6,26.6,31.3,18.4,20.5,24.1,1001.9,1001.8,1004.3,75.3,81.7,60.6,9.9,10.7,11.0,21.6,23.8,24.0,0.43,0.39,0.36,Rain,Cloudy,Rain,0.9494254776419039,0.9156625933395611,0.7071067811865476,-0.313992455967405,-0.4019477766559601,-0.7071067811865475
2023-07-03,29.6,26.9,81.0,1.979,4.17,rain,24.8,22.3,1003.6,81.2,10.0,14.9,0.5,Rain,-0.023651127245231586,-0.9997202729664083,0.9731788727770883,-0.23004973718810434,31.3,34.5,36.8,26.4,27.4,27.6,77.6,77.8,79.1,0.099,0.396,0.0,4.17,4.17,0.0,rain,rain,noprecip,27.0,30.6,26.6,18.4,18.4,20.5,1003.0,1001.9,1001.8,66.7,75.3,81.7,10.9,9.9,10.7,23.2,21.6,23.8,0.46,0.43,0.39,Rain,Rain,Cloudy,0.9735789028731603,0.9494254776419039,0.9156625933395611,-0.22835087011065577,-0.313992455967405,-0.4019477766559601
2023-07-04,30.6,26.0,77.7,2.7,37.5,rain,25.9,22.3,1004.1,65.8,10.6,22.4,0.53,Rain,-0.04084439154329611,-0.9991655196610109,0.9999756307053947,-0.0069812602979615005,29.6,31.3,34.5,26.9,26.4,27.4,81.0,77.6,77.8,1.979,0.099,0.396,4.17,4.17,4.17,rain,rain,rain,24.8,27.0,30.6,22.3,18.4,18.4,1003.6,1003.0,1001.9,81.2,66.7,75.3,10.0,10.9,9.9,14.9,23.2,21.6,0.5,0.46,0.43,Rain,Rain,Rain,0.9731788727770883,0.9735789028731603,0.9494254776419039,-0.23004973718810434,-0.22835087011065577,-0.313992455967405
2023-07-05,26.0,26.2,82.8,2.474,4.17,rain,25.2,22.3,1004.5,63.0,9.9,22.1,0.56,Rain,-0.05802556932878035,-0.9983150972033183,0.9297764858882515,-0.36812455268467775,30.6,29.6,31.3,26.0,26.9,26.4,77.7,81.0,77.6,2.7,1.979,0.099,37.5,4.17,4.17,rain,rain,rain,25.9,24.8,27.0,22.3,22.3,18.4,1004.1,1003.6,1003.0,65.8,81.2,66.7,10.6,10.0,10.9,22.4,14.9,23.2,0.53,0.5,0.46,Rain,Rain,Rain,0.9999756307053947,0.9731788727770883,0.9735789028731603,-0.0069812602979615005,-0.23004973718810434,-0.22835087011065577
2023-07-06,33.3,26.1,74.1,0.198,4.17,rain,35.3,24.1,1004.7,31.4,10.6,25.5,0.6,Rain,-0.07518957641475855,-0.9971692572470178,0.7217602280983623,-0.6921431738704067,26.0,30.6,29.6,26.2,26.0,26.9,82.8,77.7,81.0,2.474,2.7,1.979,4.17,37.5,4.17,rain,rain,rain,25.2,25.9,24.8,22.3,22.3,22.3,1004.5,1004.1,1003.6,63.0,65.8,81.2,9.9,10.6,10.0,22.1,22.4,14.9,0.56,0.53,0.5,Rain,Rain,Rain,0.9297764858882515,0.9999756307053947,0.9731788727770883,-0.36812455268467775,-0.0069812602979615005,-0.23004973718810434
2023-07-07,33.6,26.1,71.3,0.0,0.0,noprecip,30.6,25.9,1004.8,29.9,11.3,26.0,0.63,Cloudy,-0.09233133369539122,-0.9957283388645872,0.6959127965923141,-0.718126297763189,33.3,26.0,30.6,26.1,26.2,26.0,74.1,82.8,77.7,0.198,2.474,2.7,4.17,4.17,37.5,rain,rain,rain,35.3,25.2,25.9,24.1,22.3,22.3,1004.7,1004.5,1004.1,31.4,63.0,65.8,10.6,9.9,10.6,25.5,22.1,22.4,0.6,0.56,0.53,Rain,Rain,Rain,0.7217602280983623,0.9297764858882515,0.9999756307053947,-0.6921431738704067,-0.36812455268467775,-0.0069812602979615005
2023-07-08,25.0,26.2,79.9,0.099,4.17,rain,31.7,22.3,1006.5,62.4,9.9,24.3,0.67,Rain,-0.10944576864891556,-0.993992768446958,0.7671651518152998,-0.6414496315691576,33.6,33.3,26.0,26.1,26.1,26.2,71.3,74.1,82.8,0.0,0.198,2.474,0.0,4.17,4.17,noprecip,rain,rain,30.6,35.3,25.2,25.9,24.1,22.3,1004.8,1004.7,1004.5,29.9,31.4,63.0,11.3,10.6,9.9,26.0,25.5,22.1,0.63,0.6,0.56,Cloudy,Rain,Rain,0.6959127965923141,0.7217602280983623,0.9297764858882515,-0.718126297763189,-0.6921431738704067,-0.36812455268467775
2023-07-09,26.0,25.0,75.7,0.099,4.17,rain,25.6,18.4,1007.1,66.1,10.0,20.2,0.7,Rain,-0.12652781683868314,-0.9919630595773397,0.8079898838980306,-0.5891963573533419,25.0,33.6,33.3,26.2,26.1,26.1,79.9,71.3,74.1,0.099,0.0,0.198,4.17,0.0,4.17,rain,noprecip,rain,31.7,30.6,35.3,22.3,25.9,24.1,1006.5,1004.8,1004.7,62.4,29.9,31.4,9.9,11.3,10.6,24.3,26.0,25.5,0.67,0.63,0.6,Rain,Cloudy,Rain,0.7671651518152998,0.6959127965923141,0.7217602280983623,-0.6414496315691576,-0.718126297763189,-0.6921431738704067
2023-07-10,30.1,25.3,72.7,15.636,8.33,rain,46.4,25.9,1006.1,60.5,11.2,23.6,0.75,Rain,-0.1435724234118113,-0.9896398128792412,0.8120835268918064,-0.5835412113561174,26.0,25.0,33.6,25.0,26.2,26.1,75.7,79.9,71.3,0.099,0.099,0.0,4.17,4.17,0.0,rain,rain,noprecip,25.6,31.7,30.6,18.4,22.3,25.9,1007.1,1006.5,1004.8,66.1,62.4,29.9,10.0,9.9,11.3,20.2,24.3,26.0,0.7,0.67,0.63,Rain,Rain,Cloudy,0.8079898838980306,0.7671651518152998,0.6959127965923141,-0.5891963573533419,-0.6414496315691576,-0.718126297763189
2023-07-11,31.2,25.8,73.0,5.64,4.17,rain,29.9,27.7,1005.0,43.5,11.5,25.1,0.77,Rain,-0.16057454459499376,-0.9870237158387383,0.7229671459095686,-0.690882411076858,30.1,26.0,25.0,25.3,25.0,26.2,72.7,75.7,79.9,15.636,0.099,0.099,8.33,4.17,4.17,rain,rain,rain,46.4,25.6,31.7,25.9,18.4,22.3,1006.1,1007.1,1006.5,60.5,66.1,62.4,11.2,10.0,9.9,23.6,20.2,24.3,0.75,0.7,0.67,Rain,Rain,Rain,0.8120835268918064,0.8079898838980306,0.7671651518152998,-0.5835412113561174,-0.5891963573533419,-0.6414496315691576
2023-07-12,29.6,25.2,69.5,0.0,0.0,noprecip,34.6,31.7,1004.4,33.6,11.3,25.6,0.81,Cloudy,-0.17752914918703497,-0.984115542601034,0.5920131787992197,-0.8059282822485156,31.2,30.1,26.0,25.8,25.3,25.0,73.0,72.7,75.7,5.64,15.636,0.099,4.17,8.33,4.17,rain,rain,rain,29.9,46.4,25.6,27.7,25.9,18.4,1005.0,1006.1,1007.1,43.5,60.5,66.1,11.5,11.2,10.0,25.1,23.6,20.2,0.77,0.75,0.7,Rain,Rain,Rain,0.7229671459095686,0.8120835268918064,0.8079898838980306,-0.690882411076858,-0.5835412113561174,-0.5891963573533419
2023-07-13,25.0,24.9,72.8,1.286,4.17,rain,27.7,20.5,1003.5,46.2,10.9,26.1,0.84,Rain,-0.19443122004766195,-0.9809161537413774,0.9698720152847469,-0.24361501178602224,29.6,31.2,30.1,25.2,25.8,25.3,69.5,73.0,72.7,0.0,5.64,15.636,0.0,4.17,8.33,noprecip,rain,rain,34.6,29.9,46.4,31.7,27.7,25.9,1004.4,1005.0,1006.1,33.6,43.5,60.5,11.3,11.5,11.2,25.6,25.1,23.6,0.81,0.77,0.75,Cloudy,Rain,Rain,0.5920131787992197,0.7229671459095686,0.8120835268918064,-0.8059282822485156,-0.690882411076858,-0.5835412113561174
2023-07-14,31.0,26.2,77.6,0.106,4.17,rain,22.7,25.9,1003.0,66.6,11.3,22.1,0.88,Rain,-0.2112757555821793,-0.9774264960104055,0.9999619230641713,0.008726535498373897,25.0,29.6,31.2,24.9,25.2,25.8,72.8,69.5,73.0,1.286,0.0,5.64,4.17,0.0,4.17,rain,noprecip,rain,27.7,34.6,29.9,20.5,31.7,27.7,1003.5,1004.4,1005.0,46.2,33.6,43.5,10.9,11.3,11.5,26.1,25.6,25.1,0.84,0.81,0.77,Rain,Cloudy,Rain,0.9698720152847469,0.5920131787992197,0.7229671459095686,-0.24361501178602224,-0.8059282822485156,-0.690882411076858
2023-07-15,31.1,25.9,77.0,0.106,4.17,rain,29.2,18.4,1002.2,55.6,10.7,19.5,0.91,Rain,-0.2280577712215198,-0.9736476020539838,-0.7009092642998508,0.7132504491541817,31.0,25.0,29.6,26.2,24.9,25.2,77.6,72.8,69.5,0.106,1.286,0.0,4.17,4.17,0.0,rain,rain,noprecip,22.7,27.7,34.6,25.9,20.5,31.7,1003.0,1003.5,1004.4,66.6,46.2,33.6,11.3,10.9,11.3,22.1,26.1,25.6,0.88,0.84,0.81,Rain,Rain,Cloudy,0.9999619230641713,0.9698720152847469,0.5920131787992197,0.008726535498373897,-0.24361501178602224,-0.8059282822485156
2023-07-16,33.6,25.7,70.8,0.001,4.17,rain,36.0,13.0,1000.1,77.8,9.9,23.6,0.95,Rain,-0.24477230089725957,-0.9695805901076308,-0.8754645270000181,0.48328238325500195,31.1,31.0,25.0,25.9,26.2,24.9,77.0,77.6,72.8,0.106,0.106,1.286,4.17,4.17,4.17,rain,rain,rain,29.2,22.7,27.7,18.4,25.9,20.5,1002.2,1003.0,1003.5,55.6,66.6,46.2,10.7,11.3,10.9,19.5,22.1,26.1,0.91,0.88,0.84,Rain,Rain,Rain,-0.7009092642998508,0.9999619230641713,0.9698720152847469,0.7132504491541817,0.008726535498373897,-0.24361501178602224
2023-07-17,35.6,23.7,60.3,0.1,4.17,rain,39.6,16.6,997.8,72.5,9.7,21.0,0.98,Rain,-0.2614143985111562,-0.965226663665613,-0.6481199010631308,0.7615383075367368,33.6,31.1,31.0,25.7,25.9,26.2,70.8,77.0,77.6,0.001,0.106,0.106,4.17,4.17,4.17,rain,rain,rain,36.0,29.2,22.7,13.0,18.4,25.9,1000.1,1002.2,1003.0,77.8,55.6,66.6,9.9,10.7,11.3,23.6,19.5,22.1,0.95,0.91,0.88,Rain,Rain,Rain,-0.8754645270000181,-0.7009092642998508,0.9999619230641713,0.48328238325500195,0.7132504491541817,0.008726535498373897
2023-07-18,25.0,23.0,73.7,2.671,4.17,rain,39.2,24.1,998.2,92.6,10.0,6.7,0.0,Rain,-0.2779791393987801,-0.9605871111248129,-0.8241261886220158,0.5664062369248325,35.6,33.6,31.1,23.7,25.7,25.9,60.3,70.8,77.0,0.1,0.001,0.106,4.17,4.17,4.17,rain,rain,rain,39.6,36.0,29.2,16.6,13.0,18.4,997.8,1000.1,1002.2,72.5,77.8,55.6,9.7,9.9,10.7,21.0,23.6,19.5,0.98,0.95,0.91,Rain,Rain,Rain,-0.6481199010631308,-0.8754645270000181,-0.7009092642998508,0.7615383075367368,0.48328238325500195,0.7132504491541817
2023-07-19,24.7,24.4,89.0,14.595,16.67,rain,22.0,13.0,1003.6,91.5,8.8,9.9,0.05,Rain,-0.2944616217868012,-0.9556633054034704,0.9890158633619168,0.14780941112961077,25.0,35.6,33.6,23.0,23.7,25.7,73.7,60.3,70.8,2.671,0.1,0.001,4.17,4.17,4.17,rain,rain,rain,39.2,39.6,36.0,24.1,16.6,13.0,998.2,997.8,1000.1,92.6,72.5,77.8,10.0,9.7,9.9,6.7,21.0,23.6,0.0,0.98,0.95,Rain,Rain,Rain,-0.8241261886220158,-0.6481199010631308,-0.8754645270000181,0.5664062369248325,0.7615383075367368,0.48328238325500195
2023-07-20,26.0,25.5,88.9,7.106,12.5,rain,22.7,9.4,1006.3,56.4,8.9,7.6,0.08,Rain,-0.3108569682435036,-0.9504567035349151,0.7144726796328035,0.6996633405133653,24.7,25.0,35.6,24.4,23.0,23.7,89.0,73.7,60.3,14.595,2.671,0.1,16.67,4.17,4.17,rain,rain,rain,22.0,39.2,39.6,13.0,24.1,16.6,1003.6,998.2,997.8,91.5,92.6,72.5,8.8,10.0,9.7,9.9,6.7,21.0,0.05,0.0,0.98,Rain,Rain,Rain,0.9890158633619168,-0.8241261886220158,-0.6481199010631308,0.14780941112961077,0.5664062369248325,0.7615383075367368
2023-07-21,26.0,25.6,81.6,4.8,33.33,rain,19.8,9.4,1008.6,63.6,9.5,12.7,0.11,Rain,-0.3271603271220951,-0.9449688462364056,0.5606389945632417,0.8280603346224944,26.0,24.7,25.0,25.5,24.4,23.0,88.9,89.0,73.7,7.106,14.595,2.671,12.5,16.67,4.17,rain,rain,rain,22.7,22.0,39.2,9.4,13.0,24.1,1006.3,1003.6,998.2,56.4,91.5,92.6,8.9,8.8,10.0,7.6,9.9,6.7,0.08,0.05,0.0,Rain,Rain,Rain,0.7144726796328035,0.9890158633619168,-0.8241261886220158,0.6996633405133653,0.14780941112961077,0.5664062369248325
2023-07-22,31.2,25.3,73.7,0.004,4.17,rain,23.0,16.6,1009.3,56.3,10.7,23.2,0.15,Rain,-0.34336687399638804,-0.939201357453208,0.7524149088957246,-0.6586894601186802,26.0,26.0,24.7,25.6,25.5,24.4,81.6,88.9,89.0,4.8,7.106,14.595,33.33,12.5,16.67,rain,rain,rain,19.8,22.7,22.0,9.4,9.4,13.0,1008.6,1006.3,1003.6,63.6,56.4,91.5,9.5,8.9,8.8,12.7,7.6,9.9,0.11,0.08,0.05,Rain,Rain,Rain,0.5606389945632417,0.7144726796328035,0.9890158633619168,0.8280603346224944,0.6996633405133653,0.14780941112961077
2023-07-23,31.2,25.0,69.6,0.0,0.0,noprecip,25.2,16.6,1007.8,24.2,12.3,24.4,0.18,Cloudy,-0.3594718130884232,-0.9331559438780432,0.6743023875837236,-0.7384553406258836,31.2,26.0,26.0,25.3,25.6,25.5,73.7,81.6,88.9,0.004,4.8,7.106,4.17,33.33,12.5,rain,rain,rain,23.0,19.8,22.7,16.6,9.4,9.4,1009.3,1008.6,1006.3,56.3,63.6,56.4,10.7,9.5,8.9,23.2,12.7,7.6,0.15,0.11,0.08,Rain,Rain,Rain,0.7524149088957246,0.5606389945632417,0.7144726796328035,-0.6586894601186802,0.8280603346224944,0.6996633405133653
2023-07-24,31.2,25.1,69.7,0.0,0.0,noprecip,23.4,14.8,1006.1,38.3,11.8,24.9,0.21,Cloudy,-0.3754703786876202,-0.9268343944460494,0.6520984038303921,-0.7581343361976522,31.2,31.2,26.0,25.0,25.3,25.6,69.6,73.7,81.6,0.0,0.004,4.8,0.0,4.17,33.33,noprecip,rain,rain,25.2,23.0,19.8,16.6,16.6,9.4,1007.8,1009.3,1008.6,24.2,56.3,63.6,12.3,10.7,9.5,24.4,23.2,12.7,0.18,0.15,0.11,Cloudy,Rain,Rain,0.6743023875837236,0.7524149088957246,0.5606389945632417,-0.7384553406258836,-0.6586894601186802,0.8280603346224944
2023-07-25,33.4,24.8,67.8,0.0,0.0,noprecip,23.4,14.8,1005.4,51.4,10.8,23.0,0.25,Cloudy,-0.3913578365610259,-0.9202385798054075,0.8270805742745617,-0.5620833778521307,31.2,31.2,31.2,25.1,25.0,25.3,69.7,69.6,73.7,0.0,0.0,0.004,0.0,0.0,4.17,noprecip,noprecip,rain,23.4,25.2,23.0,14.8,16.6,16.6,1006.1,1007.8,1009.3,38.3,24.2,56.3,11.8,12.3,10.7,24.9,24.4,23.2,0.21,0.18,0.15,Cloudy,Cloudy,Rain,0.6520984038303921,0.6743023875837236,0.7524149088957246,-0.7581343361976522,-0.7384553406258836,-0.6586894601186802
2023-07-26,31.2,25.3,68.7,0.0,0.0,noprecip,22.0,22.3,1003.6,49.2,12.0,26.3,0.25,Cloudy,-0.4071294853542516,-0.9133704517637858,0.90630778703665,-0.42261826174069933,33.4,31.2,31.2,24.8,25.1,25.0,67.8,69.7,69.6,0.0,0.0,0.0,0.0,0.0,0.0,noprecip,noprecip,noprecip,23.4,23.4,25.2,14.8,14.8,16.6,1005.4,1006.1,1007.8,51.4,38.3,24.2,10.8,11.8,12.3,23.0,24.9,24.4,0.25,0.21,0.18,Cloudy,Cloudy,Cloudy,0.8270805742745617,0.6520984038303921,0.6743023875837236,-0.5620833778521307,-0.7581343361976522,-0.7384553406258836
2023-07-27,33.6,26.1,71.1,2.4,8.33,rain,20.5,11.2,1000.2,46.7,11.8,24.6,0.31,Rain,-0.4227806579826773,-0.9062320427107697,0.989776230907789,0.1426289337055117,31.2,33.4,31.2,25.3,24.8,25.1,68.7,67.8,69.7,0.0,0.0,0.0,0.0,0.0,0.0,noprecip,noprecip,noprecip,22.0,23.4,23.4,22.3,14.8,14.8,1003.6,1005.4,1006.1,49.2,51.4,38.3,12.0,10.8,11.8,26.3,23.0,24.9,0.25,0.25,0.21,Cloudy,Cloudy,Cloudy,0.90630778703665,0.8270805742745617,0.6520984038303921,-0.42261826174069933,-0.5620833778521307,-0.7581343361976522
2023-07-28,32.7,25.5,80.0,0.099,4.17,rain,24.5,18.4,998.7,74.4,9.7,20.6,0.35,Rain,-0.4383067230125192,-0.898825465016444,-0.7241718614374673,0.6896195437356701,33.6,31.2,33.4,26.1,25.3,24.8,71.1,68.7,67.8,2.4,0.0,0.0,8.33,0.0,0.0,rain,noprecip,noprecip,20.5,22.0,23.4,11.2,22.3,14.8,1000.2,1003.6,1005.4,46.7,49.2,51.4,11.8,12.0,10.8,24.6,26.3,23.0,0.31,0.25,0.25,Rain,Cloudy,Cloudy,0.989776230907789,0.90630778703665,0.8270805742745617,0.1426289337055117,-0.42261826174069933,-0.5620833778521307
2023-07-29,31.2,26.4,79.9,2.77,4.17,rain,23.0,11.2,1000.0,53.8,9.0,17.9,0.38,Rain,-0.45370308603134424,-0.8911529104063088,-0.5210096318405762,0.8535507972753275,32.7,33.6,31.2,25.5,26.1,25.3,80.0,71.1,68.7,0.099,2.4,0.0,4.17,8.33,0.0,rain,rain,noprecip,24.5,20.5,22.0,18.4,11.2,22.3,998.7,1000.2,1003.6,74.4,46.7,49.2,9.7,11.8,12.0,20.6,24.6,26.3,0.35,0.31,0.25,Rain,Rain,Cloudy,-0.7241718614374673,0.989776230907789,0.90630778703665,0.6896195437356701,0.1426289337055117,-0.42261826174069933
2023-07-30,33.6,26.8,83.0,12.071,4.17,rain,23.0,16.6,1001.4,59.5,8.8,12.0,0.41,Rain,-0.46896519100763184,-0.8832166493127127,0.9958843986159703,-0.09063258019777999,31.2,32.7,33.6,26.4,25.5,26.1,79.9,80.0,71.1,2.77,0.099,2.4,4.17,4.17,8.33,rain,rain,rain,23.0,24.5,20.5,11.2,18.4,11.2,1000.0,998.7,1000.2,53.8,74.4,46.7,9.0,9.7,11.8,17.9,20.6,24.6,0.38,0.35,0.31,Rain,Rain,Rain,-0.5210096318405762,-0.7241718614374673,0.989776230907789,0.8535507972753275,0.6896195437356701,0.1426289337055117
2023-07-31,25.0,26.0,87.0,71.539,8.33,rain,23.0,35.3,1003.0,70.1,9.3,8.2,0.45,Rain,-0.48408852163897587,-0.8750190302029955,0.9774158942860959,-0.21132479645538865,33.6,31.2,32.7,26.8,26.4,25.5,83.0,79.9,80.0,12.071,2.77,0.099,4.17,4.17,4.17,rain,rain,rain,23.0,23.0,24.5,16.6,11.2,18.4,1001.4,1000.0,998.7,59.5,53.8,74.4,8.8,9.0,9.7,12.0,17.9,20.6,0.41,0.38,0.35,Rain,Rain,Rain,0.9958843986159703,-0.5210096318405762,-0.7241718614374673,-0.09063258019777999,0.8535507972753275,0.6896195437356701
2023-08-01,26.0,25.6,87.5,3.54,12.5,rain,30.2,14.8,1002.9,83.2,7.6,7.4,0.48,Rain,-0.4990686026885319,-0.8665624788845385,0.9981347984218669,0.06104853953485691,25.0,33.6,31.2,26.0,26.8,26.4,87.0,83.0,79.9,71.539,12.071,2.77,8.33,4.17,4.17,rain,rain,rain,23.0,23.0,23.0,35.3,16.6,11.2,1003.0,1001.4,1000.0,70.1,59.5,53.8,9.3,8.8,9.0,8.2,12.0,17.9,0.45,0.41,0.38,Rain,Rain,Rain,0.9774158942860959,0.9958843986159703,-0.5210096318405762,-0.21132479645538865,-0.09063258019777999,0.8535507972753275
2023-08-02,30.6,25.8,84.7,4.781,8.33,rain,21.6,20.5,1001.9,73.1,9.0,12.2,0.5,Rain,-0.5139010013093103,-0.8578494977869301,0.9048270524660195,0.4257792915650728,26.0,25.0,33.6,25.6,26.0,26.8,87.5,87.0,83.0,3.54,71.539,12.071,12.5,8.33,4.17,rain,rain,rain,30.2,23.0,23.0,14.8,35.3,16.6,1002.9,1003.0,1001.4,83.2,70.1,59.5,7.6,9.3,8.8,7.4,8.2,12.0,0.48,0.45,0.41,Rain,Rain,Rain,0.9981347984218669,0.9774158942860959,0.9958843986159703,0.06104853953485691,-0.21132479645538865,-0.09063258019777999
2023-08-03,30.6,25.9,86.5,13.003,12.5,rain,22.3,20.5,1001.2,60.0,8.9,10.3,0.55,Rain,-0.5285813283559292,-0.8488826652214553,-0.3056953049631061,0.9521293927421386,30.6,26.0,25.0,25.8,25.6,26.0,84.7,87.5,87.0,4.781,3.54,71.539,8.33,12.5,8.33,rain,rain,rain,21.6,30.2,23.0,20.5,14.8,35.3,1001.9,1002.9,1003.0,73.1,83.2,70.1,9.0,7.6,9.3,12.2,7.4,8.2,0.5,0.48,0.45,Rain,Rain,Rain,0.9048270524660195,0.9981347984218669,0.9774158942860959,0.4257792915650728,0.06104853953485691,-0.21132479645538865
2023-08-04,25.0,25.7,94.6,25.29,12.5,rain,17.3,20.5,1002.0,89.3,8.0,4.2,0.58,Rain,-0.5431052396834317,-0.8396646346181327,-0.9918944425900297,0.12706460860135035,30.6,30.6,26.0,25.9,25.8,25.6,86.5,84.7,87.5,13.003,4.781,3.54,12.5,8.33,12.5,rain,rain,rain,22.3,21.6,30.2,20.5,20.5,14.8,1001.2,1001.9,1002.9,60.0,73.1,83.2,8.9,9.0,7.6,10.3,12.2,7.4,0.55,0.5,0.48,Rain,Rain,Rain,-0.3056953049631061,0.9048270524660195,0.9981347984218669,0.9521293927421386,0.4257792915650728,0.06104853953485691
2023-08-05,26.0,25.7,90.2,55.571,12.5,rain,30.2,11.2,1001.3,86.3,9.5,10.7,0.62,Rain,-0.5574684374327892,-0.8301981337405212,-0.7569950556517563,-0.6534206039901056,25.0,30.6,30.6,25.7,25.9,25.8,94.6,86.5,84.7,25.29,13.003,4.781,12.5,12.5,8.33,rain,rain,rain,17.3,22.3,21.6,20.5,20.5,20.5,1002.0,1001.2,1001.9,89.3,60.0,73.1,8.0,8.9,9.0,4.2,10.3,12.2,0.58,0.55,0.5,Rain,Rain,Rain,-0.9918944425900297,-0.3056953049631061,0.9048270524660195,0.12706460860135035,0.9521293927421386,0.4257792915650728
2023-08-06,26.0,25.6,86.5,4.5,33.33,rain,31.3,9.4,998.7,73.8,8.7,9.7,0.65,Rain,-0.5716666713027052,-0.8204859638785327,0.999194395114446,-0.040131792532559614,26.0,25.0,30.6,25.7,25.7,25.9,90.2,94.6,86.5,55.571,25.29,13.003,12.5,12.5,12.5,rain,rain,rain,30.2,17.3,22.3,11.2,20.5,20.5,1001.3,1002.0,1001.2,86.3,89.3,60.0,9.5,8.0,8.9,10.7,4.2,10.3,0.62,0.58,0.55,Rain,Rain,Rain,-0.7569950556517563,-0.9918944425900297,-0.3056953049631061,-0.6534206039901056,0.12706460860135035,0.9521293927421386
2023-08-07,26.0,25.5,83.8,4.2,29.17,rain,23.4,10.1,998.3,69.8,9.2,11.7,0.69,Rain,-0.5856957398073508,-0.8105309990194823,0.9988061373414341,-0.04884976979561327,26.0,26.0,25.0,25.6,25.7,25.7,86.5,90.2,94.6,4.5,55.571,25.29,33.33,12.5,12.5,rain,rain,rain,31.3,30.2,17.3,9.4,11.2,20.5,998.7,1001.3,1002.0,73.8,86.3,89.3,8.7,9.5,8.0,9.7,10.7,4.2,0.65,0.62,0.58,Rain,Rain,Rain,0.999194395114446,-0.7569950556517563,-0.9918944425900297,-0.040131792532559614,-0.6534206039901056,0.12706460860135035
2023-08-08,30.9,25.6,82.7,1.3,16.67,rain,28.1,22.3,1000.2,62.9,10.4,20.5,0.75,Rain,-0.5995514915196489,-0.8003361849976323,0.9198214973217376,0.3923371166035615,26.0,26.0,26.0,25.5,25.6,25.7,83.8,86.5,90.2,4.2,4.5,55.571,29.17,33.33,12.5,rain,rain,rain,23.4,31.3,30.2,10.1,9.4,11.2,998.3,998.7,1001.3,69.8,73.8,86.3,9.2,8.7,9.5,11.7,9.7,10.7,0.69,0.65,0.62,Rain,Rain,Rain,0.9988061373414341,0.999194395114446,-0.7569950556517563,-0.04884976979561327,-0.040131792532559614,-0.6534206039901056
2023-08-09,31.2,26.0,78.5,4.8,16.67,rain,27.7,11.2,1002.2,57.6,11.0,19.9,0.75,Rain,-0.6132298262997502,-0.7899045386224707,0.9488760116444965,0.3156490369471025,30.9,26.0,26.0,25.6,25.5,25.6,82.7,83.8,86.5,1.3,4.2,4.5,16.67,29.17,33.33,rain,rain,rain,28.1,23.4,31.3,22.3,10.1,9.4,1000.2,998.3,998.7,62.9,69.8,73.8,10.4,9.2,8.7,20.5,11.7,9.7,0.75,0.69,0.65,Rain,Rain,Rain,0.9198214973217376,0.9988061373414341,0.999194395114446,0.3923371166035615,-0.04884976979561327,-0.040131792532559614
2023-08-10,33.6,26.9,88.5,5.0,4.17,rain,18.7,16.6,1003.4,66.4,8.6,13.6,0.79,Rain,-0.6267266965083301,-0.7792391467859886,0.5461019610144291,0.8377187166204387,31.2,30.9,26.0,26.0,25.6,25.5,78.5,82.7,83.8,4.8,1.3,4.2,16.67,16.67,29.17,rain,rain,rain,27.7,28.1,23.4,11.2,22.3,10.1,1002.2,1000.2,998.3,57.6,62.9,69.8,11.0,10.4,9.2,19.9,20.5,11.7,0.75,0.75,0.69,Rain,Rain,Rain,0.9488760116444965,0.9198214973217376,0.9988061373414341,0.3156490369471025,0.3923371166035615,-0.04884976979561327
2023-08-11,26.0,26.4,93.0,79.349,8.33,rain,22.3,11.5,1002.2,71.7,6.8,10.3,0.82,Rain,-0.6400381082043503,-0.7683431655492202,0.9890158633619168,0.14780941112961077,33.6,31.2,30.9,26.9,26.0,25.6,88.5,78.5,82.7,5.0,4.8,1.3,4.17,16.67,16.67,rain,rain,rain,18.7,27.7,28.1,16.6,11.2,22.3,1003.4,1002.2,1000.2,66.4,57.6,62.9,8.6,11.0,10.4,13.6,19.9,20.5,0.79,0.75,0.75,Rain,Rain,Rain,0.5461019610144291,0.9488760116444965,0.9198214973217376,0.8377187166204387,0.3156490369471025,0.3923371166035615
2023-08-12,26.0,25.3,84.6,6.233,4.17,rain,24.1,25.9,1001.8,69.5,9.0,18.3,0.86,Rain,-0.65316012232693,-0.7572198192083127,-0.8796485728666169,0.4756242090702745,26.0,33.6,31.2,26.4,26.9,26.0,93.0,88.5,78.5,79.349,5.0,4.8,8.33,4.17,16.67,rain,rain,rain,22.3,18.7,27.7,11.5,16.6,11.2,1002.2,1003.4,1002.2,71.7,66.4,57.6,6.8,8.6,11.0,10.3,13.6,19.9,0.82,0.79,0.75,Rain,Rain,Rain,0.9890158633619168,0.5461019610144291,0.9488760116444965,0.14780941112961077,0.8377187166204387,0.3156490369471025
2023-08-13,26.0,25.5,78.8,3.0,25.0,rain,18.7,16.6,1002.1,53.6,8.8,20.7,0.89,Rain,-0.666088855860977,-0.7458723993404063,0.9770455744352636,-0.21303038627497647,26.0,26.0,33.6,25.3,26.4,26.9,84.6,93.0,88.5,6.233,79.349,5.0,4.17,8.33,4.17,rain,rain,rain,24.1,22.3,18.7,25.9,11.5,16.6,1001.8,1002.2,1003.4,69.5,71.7,66.4,9.0,6.8,8.6,18.3,10.3,13.6,0.86,0.82,0.79,Rain,Rain,Rain,-0.8796485728666169,0.9890158633619168,0.5461019610144291,0.4756242090702745,0.14780941112961077,0.8377187166204387
2023-08-14,23.0,25.3,80.6,1.067,4.17,rain,17.6,16.6,1002.6,59.1,9.2,16.6,0.93,Rain,-0.6788204829862355,-0.734304263829602,0.9739759672790517,-0.22665130743685477,26.0,26.0,26.0,25.5,25.3,26.4,78.8,84.6,93.0,3.0,6.233,79.349,25.0,4.17,8.33,rain,rain,rain,18.7,24.1,22.3,16.6,25.9,11.5,1002.1,1001.8,1002.2,53.6,69.5,71.7,8.8,9.0,6.8,20.7,18.3,10.3,0.89,0.86,0.82,Rain,Rain,Rain,0.9770455744352636,-0.8796485728666169,0.9890158633619168,-0.21303038627497647,0.4756242090702745,0.14780941112961077
2023-08-15,25.0,25.3,83.8,10.989,8.33,rain,16.2,14.8,1004.4,56.5,8.9,8.9,0.96,Rain,-0.6913512362094071,-0.722518835873311,-0.3272178989791047,0.9449489121575306,23.0,26.0,26.0,25.3,25.5,25.3,80.6,78.8,84.6,1.067,3.0,6.233,4.17,25.0,4.17,rain,rain,rain,17.6,18.7,24.1,16.6,16.6,25.9,1002.6,1002.1,1001.8,59.1,53.6,69.5,9.2,8.8,9.0,16.6,20.7,18.3,0.93,0.89,0.86,Rain,Rain,Rain,0.9739759672790517,0.9770455744352636,-0.8796485728666169,-0.22665130743685477,-0.21303038627497647,0.4756242090702745
2023-08-16,31.2,26.7,85.9,0.396,4.17,rain,25.6,14.8,1005.2,69.2,8.1,15.7,0.0,Rain,-0.7036774074790128,-0.7105196029692745,0.9909831997148363,0.1339861854182922,25.0,23.0,26.0,25.3,25.3,25.5,83.8,80.6,78.8,10.989,1.067,3.0,8.33,4.17,25.0,rain,rain,rain,16.2,17.6,18.7,14.8,16.6,16.6,1004.4,1002.6,1002.1,56.5,59.1,53.6,8.9,9.2,8.8,8.9,16.6,20.7,0.96,0.93,0.89,Rain,Rain,Rain,-0.3272178989791047,0.9739759672790517,0.9770455744352636,0.9449489121575306,-0.22665130743685477,-0.21303038627497647
2023-08-17,31.8,26.9,77.6,0.2,8.33,rain,23.0,13.9,1004.5,53.6,9.6,20.9,0.03,Rain,-0.7157953492826642,-0.6983101158835584,0.9957246981845821,-0.09237058744656132,31.2,25.0,23.0,26.7,25.3,25.3,85.9,83.8,80.6,0.396,10.989,1.067,4.17,8.33,4.17,rain,rain,rain,25.6,16.2,17.6,14.8,14.8,16.6,1005.2,1004.4,1002.6,69.2,56.5,59.1,8.1,8.9,9.2,15.7,8.9,16.6,0.0,0.96,0.93,Rain,Rain,Rain,0.9909831997148363,-0.3272178989791047,0.9739759672790517,0.1339861854182922,0.9449489121575306,-0.22665130743685477
2023-08-18,34.5,26.5,79.1,7.0,4.17,rain,20.5,11.2,1003.5,56.0,10.3,19.6,0.06,Rain,-0.7277014757264236,-0.6858939875998223,0.5372996083468239,0.8433914458128857,31.8,31.2,25.0,26.9,26.7,25.3,77.6,85.9,83.8,0.2,0.396,10.989,8.33,4.17,8.33,rain,rain,rain,23.0,25.6,16.2,13.9,14.8,14.8,1004.5,1005.2,1004.4,53.6,69.2,56.5,9.6,8.1,8.9,20.9,15.7,8.9,0.03,0.0,0.96,Rain,Rain,Rain,0.9957246981845821,0.9909831997148363,-0.3272178989791047,-0.09237058744656132,0.1339861854182922,0.9449489121575306
2023-08-19,26.0,27.3,88.9,0.904,12.5,rain,18.0,11.2,1004.4,56.3,8.6,12.5,0.1,Rain,-0.7393922635959241,-0.673274892250183,0.5210096318405762,0.8535507972753275,34.5,31.8,31.2,26.5,26.9,26.7,79.1,77.6,85.9,7.0,0.2,0.396,4.17,8.33,4.17,rain,rain,rain,20.5,23.0,25.6,11.2,13.9,14.8,1003.5,1004.5,1005.2,56.0,53.6,69.2,10.3,9.6,8.1,19.6,20.9,15.7,0.06,0.03,0.0,Rain,Rain,Rain,0.5372996083468239,0.9957246981845821,0.9909831997148363,0.8433914458128857,-0.09237058744656132,0.1339861854182922
2023-08-20,25.0,25.6,93.5,46.078,8.33,rain,19.1,25.9,1005.6,75.3,7.4,8.9,0.13,Rain,-0.7508642533989489,-0.6604565640279754,0.9142539552342637,0.4051415867798626,26.0,34.5,31.8,27.3,26.5,26.9,88.9,79.1,77.6,0.904,7.0,0.2,12.5,4.17,8.33,rain,rain,rain,18.0,20.5,23.0,11.2,11.2,13.9,1004.4,1003.5,1004.5,56.3,56.0,53.6,8.6,10.3,9.6,12.5,19.6,20.9,0.1,0.06,0.03,Rain,Rain,Rain,0.5210096318405762,0.5372996083468239,0.9957246981845821,0.8535507972753275,0.8433914458128857,-0.09237058744656132
2023-08-21,25.0,25.7,84.0,2.5,25.0,rain,23.4,13.0,1006.2,70.5,8.5,19.1,0.16,Rain,-0.7621140503891487,-0.6474427960827475,0.9602936856769431,-0.27899110603922916,25.0,26.0,34.5,25.6,27.3,26.5,93.5,88.9,79.1,46.078,0.904,7.0,8.33,12.5,4.17,rain,rain,rain,19.1,18.0,20.5,25.9,11.2,11.2,1005.6,1004.4,1003.5,75.3,56.3,56.0,7.4,8.6,10.3,8.9,12.5,19.6,0.13,0.1,0.06,Rain,Rain,Rain,0.9142539552342637,0.5210096318405762,0.5372996083468239,0.4051415867798626,0.8535507972753275,0.8433914458128857
2023-08-22,31.8,26.8,82.1,0.6,16.67,rain,22.0,11.2,1004.5,51.0,10.0,20.3,0.2,Rain,-0.7731383255706026,-0.6342374393978054,0.9505157316277838,-0.3106764296307316,25.0,25.0,26.0,25.7,25.6,27.3,84.0,93.5,88.9,2.5,46.078,0.904,25.0,8.33,12.5,rain,rain,rain,23.4,19.1,18.0,13.0,25.9,11.2,1006.2,1005.6,1004.4,70.5,75.3,56.3,8.5,7.4,8.6,19.1,8.9,12.5,0.16,0.13,0.1,Rain,Rain,Rain,0.9602936856769431,0.9142539552342637,0.5210096318405762,-0.27899110603922916,0.4051415867798626,0.8535507972753275
2023-08-23,26.0,26.4,78.8,5.2,25.0,rain,27.0,27.7,1002.8,61.4,9.7,16.0,0.23,Rain,-0.7839338166829201,-0.620844401650647,0.943222657947601,0.3321611318837034,31.8,25.0,25.0,26.8,25.7,25.6,82.1,84.0,93.5,0.6,2.5,46.078,16.67,25.0,8.33,rain,rain,rain,22.0,23.4,19.1,11.2,13.0,25.9,1004.5,1006.2,1005.6,51.0,70.5,75.3,10.0,8.5,7.4,20.3,19.1,8.9,0.2,0.16,0.13,Rain,Rain,Rain,0.9505157316277838,0.9602936856769431,0.9142539552342637,-0.3106764296307316,-0.27899110603922916,0.4051415867798626
2023-08-24,25.0,25.1,84.2,16.3,70.83,rain,21.2,18.4,1004.4,70.3,9.7,12.5,0.25,Rain,-0.7944973291665992,-0.6072676460566135,0.9698720152847469,0.24361501178602238,26.0,31.8,25.0,26.4,26.8,25.7,78.8,82.1,84.0,5.2,0.6,2.5,25.0,16.67,25.0,rain,rain,rain,27.0,22.0,23.4,27.7,11.2,13.0,1002.8,1004.5,1006.2,61.4,51.0,70.5,9.7,10.0,8.5,16.0,20.3,19.1,0.23,0.2,0.16,Rain,Rain,Rain,0.943222657947601,0.9505157316277838,0.9602936856769431,0.3321611318837034,-0.3106764296307316,-0.27899110603922916
2023-08-25,25.0,26.1,84.5,0.481,12.5,rain,22.3,20.5,1004.8,72.1,10.0,15.2,0.3,Rain,-0.8048257371083452,-0.593511190196115,0.8933713883278376,-0.4493189986158964,25.0,26.0,31.8,25.1,26.4,26.8,84.2,78.8,82.1,16.3,5.2,0.6,70.83,25.0,16.67,rain,rain,rain,21.2,27.0,22.0,18.4,27.7,11.2,1004.4,1002.8,1004.5,70.3,61.4,51.0,9.7,9.7,10.0,12.5,16.0,20.3,0.25,0.23,0.2,Rain,Rain,Rain,0.9698720152847469,0.943222657947601,0.9505157316277838,0.24361501178602238,0.3321611318837034,-0.3106764296307316
2023-08-26,24.0,26.0,85.7,2.078,4.17,rain,27.4,16.6,1002.7,77.1,10.3,16.9,0.33,Rain,-0.8149159841660791,-0.5795791048257612,0.9916711623830904,-0.12879559657756268,25.0,25.0,26.0,26.1,25.1,26.4,84.5,84.2,78.8,0.481,16.3,5.2,12.5,70.83,25.0,rain,rain,rain,22.3,21.2,27.0,20.5,18.4,27.7,1004.8,1004.4,1002.8,72.1,70.3,61.4,10.0,9.7,9.7,15.2,12.5,16.0,0.3,0.25,0.23,Rain,Rain,Rain,0.8933713883278376,0.9698720152847469,0.943222657947601,-0.4493189986158964,0.24361501178602238,0.3321611318837034
2023-08-27,31.0,26.4,79.1,17.81,4.17,rain,24.5,13.0,1000.1,60.2,11.3,20.4,0.37,Rain,-0.8247650844733614,-0.5654755126737576,0.9854078984834901,0.17020949916603262,24.0,25.0,25.0,26.0,26.1,25.1,85.7,84.5,84.2,2.078,0.481,16.3,4.17,12.5,70.83,rain,rain,rain,27.4,22.3,21.2,16.6,20.5,18.4,1002.7,1004.8,1004.4,77.1,72.1,70.3,10.3,10.0,9.7,16.9,15.2,12.5,0.33,0.3,0.25,Rain,Rain,Rain,0.9916711623830904,0.8933713883278376,0.9698720152847469,-0.12879559657756268,-0.4493189986158964,0.24361501178602238
2023-08-28,24.0,25.2,85.3,12.891,12.5,rain,28.4,33.5,1002.3,88.3,10.4,11.2,0.4,Rain,-0.8343701235229537,-0.5512045872199277,-0.6018150231520483,0.7986355100472928,31.0,24.0,25.0,26.4,26.0,26.1,79.1,85.7,84.5,17.81,2.078,0.481,4.17,4.17,12.5,rain,rain,rain,24.5,27.4,22.3,13.0,16.6,20.5,1000.1,1002.7,1004.8,60.2,77.1,72.1,11.3,10.3,10.0,20.4,16.9,15.2,0.37,0.33,0.3,Rain,Rain,Rain,0.9854078984834901,0.9916711623830904,0.8933713883278376,0.17020949916603262,-0.12879559657756268,-0.4493189986158964
2023-08-29,29.6,23.6,74.1,0.0,0.0,noprecip,31.3,18.4,1004.5,73.0,10.6,20.7,0.44,Cloudy,-0.8437282590292712,-0.5367705514607103,0.5431744499506707,0.8396198645344132,24.0,31.0,24.0,25.2,26.4,26.0,85.3,79.1,85.7,12.891,17.81,2.078,12.5,4.17,4.17,rain,rain,rain,28.4,24.5,27.4,33.5,13.0,16.6,1002.3,1000.1,1002.7,88.3,60.2,77.1,10.4,11.3,10.3,11.2,20.4,16.9,0.4,0.37,0.33,Rain,Rain,Rain,-0.6018150231520483,0.9854078984834901,0.9916711623830904,0.7986355100472928,0.17020949916603262,-0.12879559657756268
2023-08-30,26.0,21.3,61.9,0.0,0.0,noprecip,32.8,14.8,1006.8,47.2,10.1,21.8,0.47,Cloudy,-0.8528367217694595,-0.522177676659508,0.34529819899853464,0.9384930227595559,29.6,24.0,31.0,23.6,25.2,26.4,74.1,85.3,79.1,0.0,12.891,17.81,0.0,12.5,4.17,noprecip,rain,rain,31.3,28.4,24.5,18.4,33.5,13.0,1004.5,1002.3,1000.1,73.0,88.3,60.2,10.6,10.4,11.3,20.7,11.2,20.4,0.44,0.4,0.37,Cloudy,Rain,Rain,0.5431744499506707,-0.6018150231520483,0.9854078984834901,0.8396198645344132,0.7986355100472928,0.17020949916603262
2023-08-31,25.0,20.9,62.1,0.0,0.0,noprecip,25.9,20.5,1006.3,12.7,11.4,22.2,0.5,Clear,-0.8616928164028521,-0.5074302810827518,0.020942419883356957,0.9997806834748455,26.0,29.6,24.0,21.3,23.6,25.2,61.9,74.1,85.3,0.0,0.0,12.891,0.0,0.0,12.5,noprecip,noprecip,rain,32.8,31.3,28.4,14.8,18.4,33.5,1006.8,1004.5,1002.3,47.2,73.0,88.3,10.1,10.6,10.4,21.8,20.7,11.2,0.47,0.44,0.4,Cloudy,Cloudy,Rain,0.34529819899853464,0.5431744499506707,-0.6018150231520483,0.9384930227595559,0.8396198645344132,0.7986355100472928
2023-09-01,25.0,22.5,65.3,0.0,0.0,noprecip,28.4,16.6,1005.3,23.4,11.3,20.5,0.54,Cloudy,-0.8702939222685674,-0.49253272872205434,-0.6794413042615165,0.7337298645028764,25.0,26.0,29.6,20.9,21.3,23.6,62.1,61.9,74.1,0.0,0.0,0.0,0.0,0.0,0.0,noprecip,noprecip,noprecip,25.9,32.8,31.3,20.5,14.8,18.4,1006.3,1006.8,1004.5,12.7,47.2,73.0,11.4,10.1,10.6,22.2,21.8,20.7,0.5,0.47,0.44,Clear,Cloudy,Cloudy,0.020942419883356957,0.34529819899853464,0.5431744499506707,0.9997806834748455,0.9384930227595559,0.8396198645344132
2023-09-02,30.6,23.3,63.8,0.0,0.0,noprecip,37.1,14.8,1003.0,43.2,9.7,21.9,0.57,Cloudy,-0.8786374941610001,-0.4774894280028391,-0.5990235985155861,0.8007313709487334,25.0,25.0,26.0,22.5,20.9,21.3,65.3,62.1,61.9,0.0,0.0,0.0,0.0,0.0,0.0,noprecip,noprecip,noprecip,28.4,25.9,32.8,16.6,20.5,14.8,1005.3,1006.3,1006.8,23.4,12.7,47.2,11.3,11.4,10.1,20.5,22.2,21.8,0.54,0.5,0.47,Cloudy,Clear,Cloudy,-0.6794413042615165,0.020942419883356957,0.34529819899853464,0.7337298645028764,0.9997806834748455,0.9384930227595559
2023-09-03,26.0,23.2,74.2,0.099,4.17,rain,34.9,18.4,1002.8,86.8,9.9,4.9,0.6,Rain,-0.886721063082993,-0.46230483047981086,0.6560590289905072,0.7547095802227721,30.6,25.0,25.0,23.3,22.5,20.9,63.8,65.3,62.1,0.0,0.0,0.0,0.0,0.0,0.0,noprecip,noprecip,noprecip,37.1,28.4,25.9,14.8,16.6,20.5,1003.0,1005.3,1006.3,43.2,23.4,12.7,9.7,11.3,11.4,21.9,20.5,22.2,0.57,0.54,0.5,Cloudy,Cloudy,Clear,-0.5990235985155861,-0.6794413042615165,0.020942419883356957,0.8007313709487334,0.7337298645028764,0.9997806834748455
2023-09-04,23.0,23.4,87.8,13.728,12.5,rain,33.8,16.6,1005.5,98.4,9.1,5.5,0.64,Rain,-0.8945422369764496,-0.4469834295196741,-0.5591929034707473,0.8290375725550414,26.0,30.6,25.0,23.2,23.3,22.5,74.2,63.8,65.3,0.099,0.0,0.0,4.17,0.0,0.0,rain,noprecip,noprecip,34.9,37.1,28.4,18.4,14.8,16.6,1002.8,1003.0,1005.3,86.8,43.2,23.4,9.9,9.7,11.3,4.9,21.9,20.5,0.6,0.57,0.54,Rain,Cloudy,Cloudy,0.6560590289905072,-0.5990235985155861,-0.6794413042615165,0.7547095802227721,0.8007313709487334,0.7337298645028764
2023-09-05,26.0,24.5,77.1,0.007,4.17,rain,27.0,13.0,1006.1,54.1,9.5,15.7,0.67,Rain,-0.9020987014301837,-0.43152975897147144,-0.6293203910498378,0.7771459614569706,23.0,26.0,30.6,23.4,23.2,23.3,87.8,74.2,63.8,13.728,0.099,0.0,12.5,4.17,0.0,rain,rain,noprecip,33.8,34.9,37.1,16.6,18.4,14.8,1005.5,1002.8,1003.0,98.4,86.8,43.2,9.1,9.9,9.7,5.5,4.9,21.9,0.64,0.6,0.57,Rain,Rain,Cloudy,-0.5591929034707473,0.6560590289905072,-0.5990235985155861,0.8290375725550414,0.7547095802227721,0.8007313709487334
2023-09-06,26.7,24.8,72.2,0.2,8.33,rain,26.6,14.8,1006.6,37.1,10.0,20.4,0.7,Rain,-0.9093882203647925,-0.4159483918249421,-0.22835087011065586,0.9735789028731603,26.0,23.0,26.0,24.5,23.4,23.2,77.1,87.8,74.2,0.007,13.728,0.099,4.17,12.5,4.17,rain,rain,rain,27.0,33.8,34.9,13.0,16.6,18.4,1006.1,1005.5,1002.8,54.1,98.4,86.8,9.5,9.1,9.9,15.7,5.5,4.9,0.67,0.64,0.6,Rain,Rain,Rain,-0.6293203910498378,-0.5591929034707473,0.6560590289905072,0.7771459614569706,0.8290375725550414,0.7547095802227721
2023-09-07,30.1,25.2,72.5,0.008,4.17,rain,25.6,20.5,1006.4,53.0,10.9,21.4,0.75,Rain,-0.9164086366943458,-0.4002439388573056,-0.32886664673858307,0.9443763702374811,26.7,26.0,23.0,24.8,24.5,23.4,72.2,77.1,87.8,0.2,0.007,13.728,8.33,4.17,12.5,rain,rain,rain,26.6,27.0,33.8,14.8,13.0,16.6,1006.6,1006.1,1005.5,37.1,54.1,98.4,10.0,9.5,9.1,20.4,15.7,5.5,0.7,0.67,0.64,Rain,Rain,Rain,-0.22835087011065586,-0.6293203910498378,-0.5591929034707473,0.9735789028731603,0.7771459614569706,0.8290375725550414
2023-09-08,25.0,25.1,81.3,36.079,4.17,rain,28.4,25.9,1006.4,71.2,9.5,17.8,0.77,Rain,-0.9231578729647039,-0.38442104726885545,-0.3206129905856758,0.947210277746029,30.1,26.7,26.0,25.2,24.8,24.5,72.5,72.2,77.1,0.008,0.2,0.007,4.17,8.33,4.17,rain,rain,rain,25.6,26.6,27.0,20.5,14.8,13.0,1006.4,1006.6,1006.1,53.0,37.1,54.1,10.9,10.0,9.5,21.4,20.4,15.7,0.75,0.7,0.67,Rain,Rain,Rain,-0.32886664673858307,-0.22835087011065586,-0.6293203910498378,0.9443763702374811,0.9735789028731603,0.7771459614569706
2023-09-09,30.6,25.8,83.1,0.688,4.17,rain,26.6,14.8,1005.0,74.3,9.1,15.2,0.8,Rain,-0.9296339319682695,-0.3684843993077793,-0.9854078984834902,0.1702094991660324,25.0,30.1,26.7,25.1,25.2,24.8,81.3,72.5,72.2,36.079,0.008,0.2,4.17,4.17,8.33,rain,rain,rain,28.4,25.6,26.6,25.9,20.5,14.8,1006.4,1006.4,1006.6,71.2,53.0,37.1,9.5,10.9,10.0,17.8,21.4,20.4,0.77,0.75,0.7,Rain,Rain,Rain,-0.3206129905856758,-0.32886664673858307,-0.22835087011065586,0.947210277746029,0.9443763702374811,0.9735789028731603
2023-09-10,30.4,25.8,82.3,14.842,8.33,rain,23.8,11.2,1004.1,60.5,8.7,15.8,0.84,Rain,-0.9358348973349941,-0.35243871088460327,0.23683814606561865,0.9715491199976461,30.6,25.0,30.1,25.8,25.1,25.2,83.1,81.3,72.5,0.688,36.079,0.008,4.17,4.17,4.17,rain,rain,rain,26.6,28.4,25.6,14.8,25.9,20.5,1005.0,1006.4,1006.4,74.3,71.2,53.0,9.1,9.5,10.9,15.2,17.8,21.4,0.8,0.77,0.75,Rain,Rain,Rain,-0.9854078984834902,-0.3206129905856758,-0.32886664673858307,0.1702094991660324,0.947210277746029,0.9443763702374811
2023-09-11,26.0,26.0,86.5,0.01,4.17,rain,21.6,11.2,1003.0,58.7,8.3,11.5,0.87,Rain,-0.9417589340994617,-0.33628873017668287,0.9542403285162768,0.29904079225608693,30.4,30.6,25.0,25.8,25.8,25.1,82.3,83.1,81.3,14.842,0.688,36.079,8.33,4.17,4.17,rain,rain,rain,23.8,26.6,28.4,11.2,14.8,25.9,1004.1,1005.0,1006.4,60.5,74.3,71.2,8.7,9.1,9.5,15.8,15.2,17.8,0.84,0.8,0.77,Rain,Rain,Rain,0.23683814606561865,-0.9854078984834902,-0.3206129905856758,0.9715491199976461,0.1702094991660324,0.947210277746029
2023-09-12,31.2,26.1,88.0,0.003,4.17,rain,19.8,11.2,1003.5,64.1,6.8,4.3,0.9,Rain,-0.9474042892438845,-0.32003923622313857,0.8424523970071476,0.538770785006863,26.0,30.4,30.6,26.0,25.8,25.8,86.5,82.3,83.1,0.01,14.842,0.688,4.17,8.33,4.17,rain,rain,rain,21.6,23.8,26.6,11.2,11.2,14.8,1003.0,1004.1,1005.0,58.7,60.5,74.3,8.3,8.7,9.1,11.5,15.8,15.2,0.87,0.84,0.8,Rain,Rain,Rain,0.9542403285162768,0.23683814606561865,-0.9854078984834902,0.29904079225608693,0.9715491199976461,0.1702094991660324
2023-09-13,24.0,24.3,90.9,11.036,12.5,rain,35.3,20.5,1005.6,89.1,8.9,4.1,0.94,Rain,-0.9527692922168511,-0.30369503751065885,-0.7396310949786097,0.6730125135097734,31.2,26.0,30.4,26.1,26.0,25.8,88.0,86.5,82.3,0.003,0.01,14.842,4.17,4.17,8.33,rain,rain,rain,19.8,21.6,23.8,11.2,11.2,11.2,1003.5,1003.0,1004.1,64.1,58.7,60.5,6.8,8.3,8.7,4.3,11.5,15.8,0.9,0.87,0.84,Rain,Rain,Rain,0.8424523970071476,0.9542403285162768,0.23683814606561865,0.538770785006863,0.29904079225608693,0.9715491199976461
2023-09-14,24.0,23.3,94.4,65.546,16.67,rain,31.0,14.8,1007.4,93.7,7.4,2.0,0.97,Rain,-0.9578523554276669,-0.28726097055059635,-0.6665324702494526,0.745475999682862,24.0,31.2,26.0,24.3,26.1,26.0,90.9,88.0,86.5,11.036,0.003,0.01,12.5,4.17,4.17,rain,rain,rain,35.3,19.8,21.6,20.5,11.2,11.2,1005.6,1003.5,1003.0,89.1,64.1,58.7,8.9,6.8,8.3,4.1,4.3,11.5,0.94,0.9,0.87,Rain,Rain,Rain,-0.7396310949786097,0.8424523970071476,0.9542403285162768,0.6730125135097734,0.538770785006863,0.29904079225608693
2023-09-15,24.0,23.4,86.5,2.723,12.5,rain,24.1,14.8,1008.7,79.8,9.3,5.5,0.0,Rain,-0.9626519747161487,-0.2707418984477642,-0.5807029557109397,0.8141155183563193,24.0,24.0,31.2,23.3,24.3,26.1,94.4,90.9,88.0,65.546,11.036,0.003,16.67,12.5,4.17,rain,rain,rain,31.0,35.3,19.8,14.8,20.5,11.2,1007.4,1005.6,1003.5,93.7,89.1,64.1,7.4,8.9,6.8,2.0,4.1,4.3,0.97,0.94,0.9,Rain,Rain,Rain,-0.6665324702494526,-0.7396310949786097,0.8424523970071476,0.745475999682862,0.6730125135097734,0.538770785006863
2023-09-16,25.0,24.3,84.9,0.159,8.33,rain,21.6,22.3,1009.4,69.2,9.3,6.2,0.04,Rain,-0.9671667297977312,-0.2541427094613622,-0.4878596591387331,0.8729220772698094,24.0,24.0,24.0,23.4,23.3,24.3,86.5,94.4,90.9,2.723,65.546,11.036,12.5,16.67,12.5,rain,rain,rain,24.1,31.0,35.3,14.8,14.8,20.5,1008.7,1007.4,1005.6,79.8,93.7,89.1,9.3,7.4,8.9,5.5,2.0,4.1,0.0,0.97,0.94,Rain,Rain,Rain,-0.5807029557109397,-0.6665324702494526,-0.7396310949786097,0.8141155183563193,0.745475999682862,0.6730125135097734
2023-09-17,25.0,25.0,85.7,10.011,12.5,rain,23.0,18.4,1008.9,71.1,8.9,11.2,0.07,Rain,-0.97139528468375,-0.23746831555846842,0.3469356515732559,0.9378889346118976,25.0,24.0,24.0,24.3,23.4,23.3,84.9,86.5,94.4,0.159,2.723,65.546,8.33,12.5,16.67,rain,rain,rain,21.6,24.1,31.0,22.3,14.8,14.8,1009.4,1008.7,1007.4,69.2,79.8,93.7,9.3,9.3,7.4,6.2,5.5,2.0,0.04,0.0,0.97,Rain,Rain,Rain,-0.4878596591387331,-0.5807029557109397,-0.6665324702494526,0.8729220772698094,0.8141155183563193,0.745475999682862
2023-09-18,25.0,25.4,86.1,2.997,12.5,rain,22.0,11.2,1009.3,57.0,8.4,12.7,0.11,Rain,-0.9753363880767837,-0.2207236509605022,0.9890158633619168,-0.14780941112961044,25.0,25.0,24.0,25.0,24.3,23.4,85.7,84.9,86.5,10.011,0.159,2.723,12.5,8.33,12.5,rain,rain,rain,23.0,21.6,24.1,18.4,22.3,14.8,1008.9,1009.4,1008.7,71.1,69.2,79.8,8.9,9.3,9.3,11.2,6.2,5.5,0.07,0.04,0.0,Rain,Rain,Rain,0.3469356515732559,-0.4878596591387331,-0.5807029557109397,0.9378889346118976,0.8729220772698094,0.8141155183563193
2023-09-19,26.0,25.9,82.6,0.9,29.17,rain,22.7,20.5,1009.6,63.0,8.8,17.7,0.14,Rain,-0.9789888737409319,-0.20391367068311472,0.8625136692072574,-0.506033764121164,25.0,25.0,25.0,25.4,25.0,24.3,86.1,85.7,84.9,2.997,10.011,0.159,12.5,12.5,8.33,rain,rain,rain,22.0,23.0,21.6,11.2,18.4,22.3,1009.3,1008.9,1009.4,57.0,71.1,69.2,8.4,8.9,9.3,12.7,11.2,6.2,0.11,0.07,0.04,Rain,Rain,Rain,0.9890158633619168,0.3469356515732559,-0.4878596591387331,-0.14780941112961044,0.9378889346118976,0.8729220772698094
2023-09-20,31.0,25.9,79.2,0.116,4.17,rain,25.2,18.4,1009.3,56.7,9.6,19.7,0.18,Rain,-0.9823516608469237,-0.18704334906991657,0.8367643134589615,-0.5475632234925505,26.0,25.0,25.0,25.9,25.4,25.0,82.6,86.1,85.7,0.9,2.997,10.011,29.17,12.5,12.5,rain,rain,rain,22.7,22.0,23.0,20.5,11.2,18.4,1009.6,1009.3,1008.9,63.0,57.0,71.1,8.8,8.4,8.9,17.7,12.7,11.2,0.14,0.11,0.07,Rain,Rain,Rain,0.8625136692072574,0.9890158633619168,0.3469356515732559,-0.506033764121164,-0.14780941112961044,0.9378889346118976
2023-09-21,31.2,25.5,76.3,1.3,25.0,rain,25.2,14.8,1009.7,39.8,11.2,18.2,0.21,Rain,-0.9854237542919524,-0.17011767832049052,0.7836934573258398,-0.6211477802783103,31.0,26.0,25.0,25.9,25.9,25.4,79.2,82.6,86.1,0.116,0.9,2.997,4.17,29.17,12.5,rain,rain,rain,25.2,22.7,22.0,18.4,20.5,11.2,1009.3,1009.6,1009.3,56.7,63.0,57.0,9.6,8.8,8.4,19.7,17.7,12.7,0.18,0.14,0.11,Rain,Rain,Rain,0.8367643134589615,0.8625136692072574,0.9890158633619168,-0.5475632234925505,-0.506033764121164,-0.14780941112961044
2023-09-22,31.2,25.5,75.8,0.2,8.33,rain,21.6,16.6,1009.1,33.5,11.9,17.8,0.25,Rain,-0.9882042449941422,-0.15314166701312007,0.8902128046111266,-0.4555449072335154,31.2,31.0,26.0,25.5,25.9,25.9,76.3,79.2,82.6,1.3,0.116,0.9,25.0,4.17,29.17,rain,rain,rain,25.2,25.2,22.7,14.8,18.4,20.5,1009.7,1009.3,1009.6,39.8,56.7,63.0,11.2,9.6,8.8,18.2,19.7,17.7,0.21,0.18,0.14,Rain,Rain,Rain,0.7836934573258398,0.8367643134589615,0.8625136692072574,-0.6211477802783103,-0.5475632234925505,-0.506033764121164
2023-09-23,30.6,25.0,74.8,0.2,4.17,rain,23.4,20.5,1009.3,27.8,12.4,20.1,0.25,Rain,-0.9906923101615609,-0.13612033862266704,0.9003187714021935,-0.4352310993723274,31.2,31.2,31.0,25.5,25.5,25.9,75.8,76.3,79.2,0.2,1.3,0.116,8.33,25.0,4.17,rain,rain,rain,21.6,25.2,25.2,16.6,14.8,18.4,1009.1,1009.7,1009.3,33.5,39.8,56.7,11.9,11.2,9.6,17.8,18.2,19.7,0.25,0.21,0.18,Rain,Rain,Rain,0.8902128046111266,0.7836934573258398,0.8367643134589615,-0.4555449072335154,-0.6211477802783103,-0.5475632234925505
2023-09-24,26.0,24.5,75.7,0.9,25.0,rain,24.5,18.4,1008.8,57.1,9.9,19.4,0.32,Rain,-0.9928872135356962,-0.11905873003404988,0.9198214973217378,-0.39233711660356124,30.6,31.2,31.2,25.0,25.5,25.5,74.8,75.8,76.3,0.2,0.2,1.3,4.17,8.33,25.0,rain,rain,rain,23.4,21.6,25.2,20.5,16.6,14.8,1009.3,1009.1,1009.7,27.8,33.5,39.8,12.4,11.9,11.2,20.1,17.8,18.2,0.25,0.25,0.21,Rain,Rain,Rain,0.9003187714021935,0.8902128046111266,0.7836934573258398,-0.4352310993723274,-0.4555449072335154,-0.6211477802783103
2023-09-25,25.4,24.8,81.8,20.778,4.17,rain,33.5,11.2,1008.5,61.9,9.8,12.9,0.35,Rain,-0.994788305609327,-0.10196189005174576,0.09931974974363902,0.9950555699612263,26.0,30.6,31.2,24.5,25.0,25.5,75.7,74.8,75.8,0.9,0.2,0.2,25.0,4.17,8.33,rain,rain,rain,24.5,23.4,21.6,18.4,20.5,16.6,1008.8,1009.3,1009.1,57.1,27.8,33.5,9.9,12.4,11.9,19.4,20.1,17.8,0.32,0.25,0.25,Rain,Rain,Rain,0.9198214973217378,0.9003187714021935,0.8902128046111266,-0.39233711660356124,-0.4352310993723274,-0.4555449072335154
2023-09-26,25.5,24.7,85.4,10.585,12.5,rain,45.7,19.5,1008.4,80.1,9.8,2.1,0.39,Rain,-0.9963950238187231,-0.08483487790576538,0.2789911060392292,0.9602936856769431,25.4,26.0,30.6,24.8,24.5,25.0,81.8,75.7,74.8,20.778,0.9,0.2,4.17,25.0,4.17,rain,rain,rain,33.5,24.5,23.4,11.2,18.4,20.5,1008.5,1008.8,1009.3,61.9,57.1,27.8,9.8,9.9,12.4,12.9,19.4,20.1,0.35,0.32,0.25,Rain,Rain,Rain,0.09931974974363902,0.9198214973217378,0.9003187714021935,0.9950555699612263,-0.39233711660356124,-0.4352310993723274
2023-09-27,25.4,24.6,87.5,14.75,16.67,rain,27.4,19.4,1009.0,87.2,9.8,4.2,0.42,Rain,-0.9977068927101168,-0.06768276175455162,0.8405666034956842,0.5417082102827399,25.5,25.4,26.0,24.7,24.8,24.5,85.4,81.8,75.7,10.585,20.778,0.9,12.5,4.17,25.0,rain,rain,rain,45.7,33.5,24.5,19.5,11.2,18.4,1008.4,1008.5,1008.8,80.1,61.9,57.1,9.8,9.8,9.9,2.1,12.9,19.4,0.39,0.35,0.32,Rain,Rain,Rain,0.2789911060392292,0.09931974974363902,0.9198214973217378,0.9602936856769431,0.9950555699612263,-0.39233711660356124
2023-09-28,23.5,24.3,96.0,173.159,12.5,rain,23.4,13.9,1011.4,79.4,7.3,3.8,0.46,Rain,-0.9987235240803972,-0.050510617185222886,-0.09584575252022448,0.9953961983671787,25.4,25.5,25.4,24.6,24.7,24.8,87.5,85.4,81.8,14.75,10.585,20.778,16.67,12.5,4.17,rain,rain,rain,27.4,45.7,33.5,19.4,19.5,11.2,1009.0,1008.4,1008.5,87.2,80.1,61.9,9.8,9.8,9.8,4.2,2.1,12.9,0.42,0.39,0.35,Rain,Rain,Rain,0.8405666034956842,0.2789911060392292,0.09931974974363902,0.5417082102827399,0.9602936856769431,0.9950555699612263
2023-09-29,24.0,24.7,89.1,0.595,12.5,rain,22.0,12.9,1012.2,70.6,9.5,8.5,0.5,Rain,-0.9994446170919858,-0.033323525711631344,-0.7241718614374673,0.6896195437356701,23.5,25.4,25.5,24.3,24.6,24.7,96.0,87.5,85.4,173.159,14.75,10.585,12.5,16.67,12.5,rain,rain,rain,23.4,27.4,45.7,13.9,19.4,19.5,1011.4,1009.0,1008.4,79.4,87.2,80.1,7.3,9.8,9.8,3.8,4.2,2.1,0.46,0.42,0.39,Rain,Rain,Rain,-0.09584575252022448,0.8405666034956842,0.2789911060392292,0.9953961983671787,0.5417082102827399,0.9602936856769431
2023-09-30,25.0,25.1,82.2,0.127,4.17,rain,19.4,11.2,1010.8,53.8,8.7,16.6,0.53,Rain,-0.9998699583618592,-0.016126573270657762,0.8813034520649923,-0.47255076486905395,24.0,23.5,25.4,24.7,24.3,24.6,89.1,96.0,87.5,0.595,173.159,14.75,12.5,12.5,16.67,rain,rain,rain,22.0,23.4,27.4,12.9,13.9,19.4,1012.2,1011.4,1009.0,70.6,79.4,87.2,9.5,7.3,9.8,8.5,3.8,4.2,0.5,0.46,0.42,Rain,Rain,Rain,-0.7241718614374673,-0.09584575252022448,0.8405666034956842,0.6896195437356701,0.9953961983671787,0.5417082102827399
2023-10-01,25.7,24.6,76.6,0.0,0.0,noprecip,20.2,13.0,1009.2,28.0,9.6,19.1,0.56,Cloudy,-0.9999994220246925,0.001075151282798226,0.9573194975320674,-0.2890317969444713,25.0,24.0,23.5,25.1,24.7,24.3,82.2,89.1,96.0,0.127,0.595,173.159,4.17,12.5,12.5,rain,rain,rain,19.4,22.0,23.4,11.2,12.9,13.9,1010.8,1012.2,1011.4,53.8,70.6,79.4,8.7,9.5,7.3,16.6,8.5,3.8,0.53,0.5,0.46,Rain,Rain,Rain,0.8813034520649923,-0.7241718614374673,-0.09584575252022448,-0.47255076486905395,0.6896195437356701,0.9953961983671787
2023-10-02,26.0,24.4,76.1,0.0,0.0,noprecip,17.6,10.3,1010.1,28.2,8.9,18.7,0.59,Cloudy,-0.999832969770105,0.018276557681691223,0.9845031799744367,-0.17536672609198697,25.7,25.0,24.0,24.6,25.1,24.7,76.6,82.2,89.1,0.0,0.127,0.595,0.0,4.17,12.5,noprecip,rain,rain,20.2,19.4,22.0,13.0,11.2,12.9,1009.2,1010.8,1012.2,28.0,53.8,70.6,9.6,8.7,9.5,19.1,16.6,8.5,0.56,0.53,0.5,Cloudy,Rain,Rain,0.9573194975320674,0.8813034520649923,-0.7241718614374673,-0.2890317969444713,-0.47255076486905395,0.6896195437356701
2023-10-03,26.0,24.0,73.1,0.0,0.0,noprecip,14.0,11.2,1010.3,26.8,8.6,21.1,0.62,Cloudy,-0.9993706508539969,0.03547255575312556,0.9838850379335417,-0.17880221511634947,26.0,25.7,25.0,24.4,24.6,25.1,76.1,76.6,82.2,0.0,0.0,0.127,0.0,0.0,4.17,noprecip,noprecip,rain,17.6,20.2,19.4,10.3,13.0,11.2,1010.1,1009.2,1010.8,28.2,28.0,53.8,8.9,9.6,8.7,18.7,19.1,16.6,0.59,0.56,0.53,Cloudy,Cloudy,Rain,0.9845031799744367,0.9573194975320674,0.8813034520649923,-0.17536672609198697,-0.2890317969444713,-0.47255076486905395
2023-10-04,26.0,24.8,75.4,0.011,4.17,rain,19.4,15.7,1009.7,19.9,9.5,21.6,0.66,Rain,-0.9986126020839734,0.052658056924614005,0.9384930227595559,-0.34529819899853464,26.0,26.0,25.7,24.0,24.4,24.6,73.1,76.1,76.6,0.0,0.0,0.0,0.0,0.0,0.0,noprecip,noprecip,noprecip,14.0,17.6,20.2,11.2,10.3,13.0,1010.3,1010.1,1009.2,26.8,28.2,28.0,8.6,8.9,9.6,21.1,18.7,19.1,0.62,0.59,0.56,Cloudy,Cloudy,Cloudy,0.9838850379335417,0.9845031799744367,0.9573194975320674,-0.17880221511634947,-0.17536672609198697,-0.2890317969444713
2023-10-05,30.9,25.4,75.4,0.1,4.17,rain,19.4,12.1,1008.1,31.2,10.7,20.5,0.69,Rain,-0.9975590477788613,0.06982797572987089,0.9342044743210295,-0.3567379993196253,26.0,26.0,26.0,24.8,24.0,24.4,75.4,73.1,76.1,0.011,0.0,0.0,4.17,0.0,0.0,rain,noprecip,noprecip,19.4,14.0,17.6,15.7,11.2,10.3,1009.7,1010.3,1010.1,19.9,26.8,28.2,9.5,8.6,8.9,21.6,21.1,18.7,0.66,0.62,0.59,Rain,Cloudy,Cloudy,0.9384930227595559,0.9838850379335417,0.9845031799744367,-0.34529819899853464,-0.17880221511634947,-0.17536672609198697
2023-10-06,31.0,25.6,77.2,6.3,33.33,rain,23.4,19.4,1008.0,34.1,8.7,16.3,0.75,Rain,-0.9962102997023297,0.0869772313136861,0.8813034520649923,-0.47255076486905395,30.9,26.0,26.0,25.4,24.8,24.0,75.4,75.4,73.1,0.1,0.011,0.0,4.17,4.17,0.0,rain,rain,noprecip,19.4,19.4,14.0,12.1,15.7,11.2,1008.1,1009.7,1010.3,31.2,19.9,26.8,10.7,9.5,8.6,20.5,21.6,21.1,0.69,0.66,0.62,Rain,Rain,Cloudy,0.9342044743210295,0.9384930227595559,0.9838850379335417,-0.3567379993196253,-0.34529819899853464,-0.17880221511634947
2023-10-07,25.0,23.4,81.6,0.989,4.17,rain,37.8,24.1,1011.0,86.5,8.9,5.7,0.75,Rain,-0.9945667569706337,0.1041007489354256,0.42735786338719245,0.9040825496607784,31.0,30.9,26.0,25.6,25.4,24.8,77.2,75.4,75.4,6.3,0.1,0.011,33.33,4.17,4.17,rain,rain,rain,23.4,19.4,19.4,19.4,12.1,15.7,1008.0,1008.1,1009.7,34.1,31.2,19.9,8.7,10.7,9.5,16.3,20.5,21.6,0.75,0.69,0.66,Rain,Rain,Rain,0.8813034520649923,0.9342044743210295,0.9384930227595559,-0.47255076486905395,-0.3567379993196253,-0.34529819899853464
2023-10-08,24.0,19.8,65.0,0.4,4.17,rain,26.3,19.4,1013.5,59.7,10.1,13.7,0.79,Rain,-0.9926289059345095,0.121193461470736,0.15643446504023087,0.9876883405951378,25.0,31.0,30.9,23.4,25.6,25.4,81.6,77.2,75.4,0.989,6.3,0.1,4.17,33.33,4.17,rain,rain,rain,37.8,23.4,19.4,24.1,19.4,12.1,1011.0,1008.0,1008.1,86.5,34.1,31.2,8.9,8.7,10.7,5.7,16.3,20.5,0.75,0.75,0.69,Rain,Rain,Rain,0.42735786338719245,0.8813034520649923,0.9342044743210295,0.9040825496607784,-0.47255076486905395,-0.3567379993196253
2023-10-09,24.0,18.6,58.7,0.0,0.0,noprecip,28.4,16.6,1015.0,60.5,11.0,19.7,0.82,Cloudy,-0.9903973200352558,0.1382503109109819,0.3794561595290051,0.9252097183857821,24.0,25.0,31.0,19.8,23.4,25.6,65.0,81.6,77.2,0.4,0.989,6.3,4.17,4.17,33.33,rain,rain,rain,26.3,37.8,23.4,19.4,24.1,19.4,1013.5,1011.0,1008.0,59.7,86.5,34.1,10.1,8.9,8.7,13.7,5.7,16.3,0.79,0.75,0.75,Rain,Rain,Rain,0.15643446504023087,0.42735786338719245,0.8813034520649923,0.9876883405951378,0.9040825496607784,-0.47255076486905395
2023-10-10,24.1,18.6,61.1,0.099,4.17,rain,44.6,19.4,1016.1,90.7,9.8,7.1,0.85,Rain,-0.9878726596350429,0.15526624985999563,0.5934188866037015,0.8048937973559142,24.0,24.0,25.0,18.6,19.8,23.4,58.7,65.0,81.6,0.0,0.4,0.989,0.0,4.17,4.17,noprecip,rain,rain,28.4,26.3,37.8,16.6,19.4,24.1,1015.0,1013.5,1011.0,60.5,59.7,86.5,11.0,10.1,8.9,19.7,13.7,5.7,0.82,0.79,0.75,Cloudy,Rain,Rain,0.3794561595290051,0.15643446504023087,0.42735786338719245,0.9252097183857821,0.9876883405951378,0.9040825496607784
2023-10-11,24.0,18.5,63.1,0.0,0.0,noprecip,26.3,20.3,1017.1,84.1,10.4,9.9,0.88,Cloudy,-0.9850556718215013,0.172236243027682,0.6768759696826607,0.7360970871197343,24.1,24.0,24.0,18.6,18.6,19.8,61.1,58.7,65.0,0.099,0.0,0.4,4.17,0.0,4.17,rain,noprecip,rain,44.6,28.4,26.3,19.4,16.6,19.4,1016.1,1015.0,1013.5,90.7,60.5,59.7,9.8,11.0,10.1,7.1,19.7,13.7,0.85,0.82,0.79,Rain,Cloudy,Rain,0.5934188866037015,0.3794561595290051,0.15643446504023087,0.8048937973559142,0.9252097183857821,0.9876883405951378
2023-10-12,23.0,20.2,80.3,0.099,4.17,rain,20.2,15.7,1017.9,98.4,9.8,9.1,0.92,Rain,-0.981947190186646,0.18915526872004093,0.6883545756937539,0.7253743710122876,24.0,24.1,24.0,18.5,18.6,18.6,63.1,61.1,58.7,0.0,0.099,0.0,0.0,4.17,0.0,noprecip,rain,noprecip,26.3,44.6,28.4,20.3,19.4,16.6,1017.1,1016.1,1015.0,84.1,90.7,60.5,10.4,9.8,11.0,9.9,7.1,19.7,0.88,0.85,0.82,Cloudy,Rain,Cloudy,0.6768759696826607,0.5934188866037015,0.3794561595290051,0.7360970871197343,0.8048937973559142,0.9252097183857821
2023-10-13,23.0,21.4,78.4,0.1,4.17,rain,19.4,12.9,1016.0,58.4,10.0,16.2,0.95,Rain,-0.9785481345802031,0.20601832032517084,-0.1184039683065018,0.9929655081065368,23.0,24.0,24.1,20.2,18.5,18.6,80.3,63.1,61.1,0.099,0.0,0.099,4.17,0.0,4.17,rain,noprecip,rain,20.2,26.3,44.6,15.7,20.3,19.4,1017.9,1017.1,1016.1,98.4,84.1,90.7,9.8,10.4,9.8,9.1,9.9,7.1,0.92,0.88,0.85,Rain,Cloudy,Rain,0.6883545756937539,0.6768759696826607,0.5934188866037015,0.7253743710122876,0.7360970871197343,0.8048937973559142
2023-10-14,23.0,20.9,76.0,0.1,4.17,rain,27.7,25.0,1014.0,79.7,9.8,13.6,0.98,Rain,-0.9748595108374125,0.22282040779479959,0.35347484377925714,0.9354440308298674,23.0,23.0,24.0,21.4,20.2,18.5,78.4,80.3,63.1,0.1,0.099,0.0,4.17,4.17,0.0,rain,rain,noprecip,19.4,20.2,26.3,12.9,15.7,20.3,1016.0,1017.9,1017.1,58.4,98.4,84.1,10.0,9.8,10.4,16.2,9.1,9.9,0.95,0.92,0.88,Rain,Rain,Cloudy,-0.1184039683065018,0.6883545756937539,0.6768759696826607,0.9929655081065368,0.7253743710122876,0.7360970871197343
2023-10-15,22.7,19.2,69.0,0.003,4.17,rain,25.2,16.6,1014.1,67.1,10.0,13.7,0.0,Rain,-0.9708824104813836,0.23955655912092708,-0.2368381460656183,0.9715491199976463,23.0,23.0,23.0,20.9,21.4,20.2,76.0,78.4,80.3,0.1,0.1,0.099,4.17,4.17,4.17,rain,rain,rain,27.7,19.4,20.2,25.0,12.9,15.7,1014.0,1016.0,1017.9,79.7,58.4,98.4,9.8,10.0,9.8,13.6,16.2,9.1,0.98,0.95,0.92,Rain,Rain,Rain,0.35347484377925714,-0.1184039683065018,0.6883545756937539,0.9354440308298674,0.9929655081065368,0.7253743710122876
2023-10-16,22.5,19.7,67.8,0.0,0.0,noprecip,23.0,13.0,1014.2,75.1,9.8,16.7,0.05,Cloudy,-0.9666180104000972,0.2562218218071163,0.033155178388526274,0.9994502159417572,22.7,23.0,23.0,19.2,20.9,21.4,69.0,76.0,78.4,0.003,0.1,0.1,4.17,4.17,4.17,rain,rain,rain,25.2,27.7,19.4,16.6,25.0,12.9,1014.1,1014.0,1016.0,67.1,79.7,58.4,10.0,9.8,10.0,13.7,13.6,16.2,0.0,0.98,0.95,Rain,Rain,Rain,-0.2368381460656183,0.35347484377925714,-0.1184039683065018,0.9715491199976463,0.9354440308298674,0.9929655081065368
2023-10-17,22.0,19.8,66.6,0.0,0.0,noprecip,19.4,10.1,1013.8,34.5,9.5,17.9,0.09,Cloudy,-0.9620675724981452,0.27281126433401914,0.15298583628403808,0.9882283814465528,22.5,22.7,23.0,19.7,19.2,20.9,67.8,69.0,76.0,0.0,0.003,0.1,0.0,4.17,4.17,noprecip,rain,rain,23.0,25.2,27.7,13.0,16.6,25.0,1014.2,1014.1,1014.0,75.1,67.1,79.7,9.8,10.0,9.8,16.7,13.7,13.6,0.05,0.0,0.98,Cloudy,Rain,Rain,0.033155178388526274,-0.2368381460656183,0.35347484377925714,0.9994502159417572,0.9715491199976463,0.9354440308298674
2023-10-18,22.5,20.8,68.4,0.0,0.0,noprecip,22.7,10.3,1012.6,49.1,8.7,18.3,0.12,Cloudy,-0.957232443323312,0.28931997761869527,-0.1270646086013508,0.9918944425900296,22.0,22.5,22.7,19.8,19.7,19.2,66.6,67.8,69.0,0.0,0.0,0.003,0.0,0.0,4.17,noprecip,noprecip,rain,19.4,23.0,25.2,10.1,13.0,16.6,1013.8,1014.2,1014.1,34.5,75.1,67.1,9.5,9.8,10.0,17.9,16.7,13.7,0.09,0.05,0.0,Cloudy,Cloudy,Rain,0.15298583628403808,0.033155178388526274,-0.2368381460656183,0.9882283814465528,0.9994502159417572,0.9715491199976463
2023-10-19,24.0,22.3,71.6,0.0,0.0,noprecip,32.4,14.8,1011.2,40.7,9.1,18.4,0.16,Cloudy,-0.9521140536681102,0.3057430764672831,0.2823414568428764,0.9593139745400575,22.5,22.0,22.5,20.8,19.8,19.7,68.4,66.6,67.8,0.0,0.0,0.0,0.0,0.0,0.0,noprecip,noprecip,noprecip,22.7,19.4,23.0,10.3,10.1,13.0,1012.6,1013.8,1014.2,49.1,34.5,75.1,8.7,9.5,9.8,18.3,17.9,16.7,0.12,0.09,0.05,Cloudy,Cloudy,Cloudy,-0.1270646086013508,0.15298583628403808,0.033155178388526274,0.9918944425900296,0.9882283814465528,0.9994502159417572
2023-10-20,24.5,19.8,63.6,0.0,0.0,noprecip,47.5,22.2,1014.7,57.3,10.5,14.8,0.19,Cloudy,-0.9467139181463862,0.3220757010206104,0.19936793441719716,0.9799247046208296,24.0,22.5,22.0,22.3,20.8,19.8,71.6,68.4,66.6,0.0,0.0,0.0,0.0,0.0,0.0,noprecip,noprecip,noprecip,32.4,22.7,19.4,14.8,10.3,10.1,1011.2,1012.6,1013.8,40.7,49.1,34.5,9.1,8.7,9.5,18.4,18.3,17.9,0.16,0.12,0.09,Cloudy,Cloudy,Cloudy,0.2823414568428764,-0.1270646086013508,0.15298583628403808,0.9593139745400575,0.9918944425900296,0.9882283814465528
2023-10-21,24.0,14.2,48.5,0.0,0.0,noprecip,29.9,18.4,1018.2,60.9,10.0,10.0,0.23,Cloudy,-0.9410336347451197,0.3383130181923076,0.32886664673858323,0.9443763702374811,24.5,24.0,22.5,19.8,22.3,20.8,63.6,71.6,68.4,0.0,0.0,0.0,0.0,0.0,0.0,noprecip,noprecip,noprecip,47.5,32.4,22.7,22.2,14.8,10.3,1014.7,1011.2,1012.6,57.3,40.7,49.1,10.5,9.1,8.7,14.8,18.4,18.3,0.19,0.16,0.12,Cloudy,Cloudy,Cloudy,0.19936793441719716,0.2823414568428764,-0.1270646086013508,0.9799247046208296,0.9593139745400575,0.9918944425900296
2023-10-22,23.5,17.4,61.5,0.0,0.0,noprecip,22.0,13.0,1018.3,92.7,10.0,8.3,0.25,Cloudy,-0.9350748843515574,0.3544502230989869,0.7205511116803304,0.693401828275813,24.0,24.5,24.0,14.2,19.8,22.3,48.5,63.6,71.6,0.0,0.0,0.0,0.0,0.0,0.0,noprecip,noprecip,noprecip,29.9,47.5,32.4,18.4,22.2,14.8,1018.2,1014.7,1011.2,60.9,57.3,40.7,10.0,10.5,9.1,10.0,14.8,18.4,0.23,0.19,0.16,Cloudy,Cloudy,Cloudy,0.32886664673858323,0.19936793441719716,0.2823414568428764,0.9443763702374811,0.9799247046208296,0.9593139745400575
2023-10-23,23.0,20.6,74.9,0.0,0.0,noprecip,22.3,12.1,1017.2,94.2,9.6,11.5,0.3,Cloudy,-0.9288394302558068,0.3704825404820963,0.5562956155003047,0.8309844692743283,23.5,24.0,24.5,17.4,14.2,19.8,61.5,48.5,63.6,0.0,0.0,0.0,0.0,0.0,0.0,noprecip,noprecip,noprecip,22.0,29.9,47.5,13.0,18.4,22.2,1018.3,1018.2,1014.7,92.7,60.9,57.3,10.0,10.0,10.5,8.3,10.0,14.8,0.25,0.23,0.19,Cloudy,Cloudy,Cloudy,0.7205511116803304,0.32886664673858323,0.19936793441719716,0.693401828275813,0.9443763702374811,0.9799247046208296
2023-10-24,23.0,22.0,76.3,0.099,4.17,rain,16.9,11.2,1015.8,66.1,8.9,14.4,0.34,Rain,-0.9223291176290545,0.3864052261209853,0.3485720473218152,0.9372819894918916,23.0,23.5,24.0,20.6,17.4,14.2,74.9,61.5,48.5,0.0,0.0,0.0,0.0,0.0,0.0,noprecip,noprecip,noprecip,22.3,22.0,29.9,12.1,13.0,18.4,1017.2,1018.3,1018.2,94.2,92.7,60.9,9.6,10.0,10.0,11.5,8.3,10.0,0.3,0.25,0.23,Cloudy,Cloudy,Cloudy,0.5562956155003047,0.7205511116803304,0.32886664673858323,0.8309844692743283,0.693401828275813,0.9443763702374811
2023-10-25,24.0,22.7,75.4,0.693,4.17,rain,22.0,13.0,1014.7,50.9,8.4,14.2,0.37,Rain,-0.9155458729775467,0.40221356823680365,-0.931691227585549,0.36325123047297814,23.0,23.0,23.5,22.0,20.6,17.4,76.3,74.9,61.5,0.099,0.0,0.0,4.17,0.0,0.0,rain,noprecip,noprecip,16.9,22.3,22.0,11.2,12.1,13.0,1015.8,1017.2,1018.3,66.1,94.2,92.7,8.9,9.6,10.0,14.4,11.5,8.3,0.34,0.3,0.25,Rain,Cloudy,Cloudy,0.3485720473218152,0.5562956155003047,0.7205511116803304,0.9372819894918916,0.8309844692743283,0.693401828275813
2023-10-26,25.4,21.5,66.8,0.4,12.5,rain,20.5,14.8,1013.7,62.7,9.8,18.6,0.41,Rain,-0.9084917035725082,0.41790288888678667,0.8221440410307375,-0.5692795234308442,24.0,23.0,23.0,22.7,22.0,20.6,75.4,76.3,74.9,0.693,0.099,0.0,4.17,4.17,0.0,rain,rain,noprecip,22.0,16.9,22.3,13.0,11.2,12.1,1014.7,1015.8,1017.2,50.9,66.1,94.2,8.4,8.9,9.6,14.2,14.4,11.5,0.37,0.34,0.3,Rain,Rain,Cloudy,-0.931691227585549,0.3485720473218152,0.5562956155003047,0.36325123047297814,0.9372819894918916,0.8309844692743283
2023-10-27,23.5,22.1,72.2,0.0,0.0,noprecip,16.9,11.2,1012.9,36.0,8.7,17.6,0.44,Cloudy,-0.9011686968561569,0.4334685453485363,0.9631625667976582,0.2689198206152657,25.4,24.0,23.0,21.5,22.7,22.0,66.8,75.4,76.3,0.4,0.693,0.099,12.5,4.17,4.17,rain,rain,rain,20.5,22.0,16.9,14.8,13.0,11.2,1013.7,1014.7,1015.8,62.7,50.9,66.1,9.8,8.4,8.9,18.6,14.2,14.4,0.41,0.37,0.34,Rain,Rain,Rain,0.8221440410307375,-0.931691227585549,0.3485720473218152,-0.5692795234308442,0.36325123047297814,0.9372819894918916
2023-10-28,23.5,22.6,83.0,2.594,8.33,rain,24.1,19.4,1014.0,81.5,8.9,11.7,0.48,Rain,-0.8935790198239952,0.4489059314938798,0.5299192642332049,0.848048096156426,23.5,25.4,24.0,22.1,21.5,22.7,72.2,66.8,75.4,0.0,0.4,0.693,0.0,12.5,4.17,noprecip,rain,rain,16.9,20.5,22.0,11.2,14.8,13.0,1012.9,1013.7,1014.7,36.0,62.7,50.9,8.7,9.8,8.4,17.6,18.6,14.2,0.44,0.41,0.37,Cloudy,Rain,Rain,0.9631625667976582,0.8221440410307375,-0.931691227585549,0.2689198206152657,-0.5692795234308442,0.36325123047297814
2023-10-29,22.7,22.2,89.4,4.177,12.5,rain,26.6,15.7,1015.4,97.6,9.6,3.4,0.5,Rain,-0.8857249183835637,0.4642104791518923,0.22835087011065572,0.9735789028731603,23.5,23.5,25.4,22.6,22.1,21.5,83.0,72.2,66.8,2.594,0.0,0.4,8.33,0.0,12.5,rain,noprecip,rain,24.1,16.9,20.5,19.4,11.2,14.8,1014.0,1012.9,1013.7,81.5,36.0,62.7,8.9,8.7,9.8,11.7,17.6,18.6,0.48,0.44,0.41,Rain,Cloudy,Rain,0.5299192642332049,0.9631625667976582,0.8221440410307375,0.848048096156426,0.2689198206152657,-0.5692795234308442
2023-10-30,23.0,19.8,71.5,13.854,8.33,rain,22.0,13.0,1017.7,90.8,10.0,9.1,0.54,Rain,-0.8776087166898392,0.4793776594606945,0.01745240643728351,0.9998476951563913,22.7,23.5,23.5,22.2,22.6,22.1,89.4,83.0,72.2,4.177,2.594,0.0,12.5,8.33,0.0,rain,rain,noprecip,26.6,24.1,16.9,15.7,19.4,11.2,1015.4,1014.0,1012.9,97.6,81.5,36.0,9.6,8.9,8.7,3.4,11.7,17.6,0.5,0.48,0.44,Rain,Rain,Cloudy,0.22835087011065572,0.5299192642332049,0.9631625667976582,0.9735789028731603,0.848048096156426,0.2689198206152657
2023-10-31,21.0,19.1,69.6,0.1,4.17,rain,23.0,13.0,1018.3,44.0,11.1,16.7,0.58,Rain,-0.8692328164574792,0.49440298420761813,0.16504760586067763,0.9862856015372314,23.0,22.7,23.5,19.8,22.2,22.6,71.5,89.4,83.0,13.854,4.177,2.594,8.33,12.5,8.33,rain,rain,rain,22.0,26.6,24.1,13.0,15.7,19.4,1017.7,1015.4,1014.0,90.8,97.6,81.5,10.0,9.6,8.9,9.1,3.4,11.7,0.54,0.5,0.48,Rain,Rain,Rain,0.01745240643728351,0.22835087011065572,0.5299192642332049,0.9998476951563913,0.9735789028731603,0.848048096156426
2023-11-01,22.5,20.1,72.5,0.1,4.17,rain,17.6,12.1,1017.2,36.4,9.1,17.0,0.61,Rain,-0.8605996962501181,0.5092820071573356,0.953190667792947,-0.3023698907504444,21.0,23.0,22.7,19.1,19.8,22.2,69.6,71.5,89.4,0.1,13.854,4.177,4.17,8.33,12.5,rain,rain,rain,23.0,22.0,26.6,13.0,13.0,15.7,1018.3,1017.7,1015.4,44.0,90.8,97.6,11.1,10.0,9.6,16.7,9.1,3.4,0.58,0.54,0.5,Rain,Rain,Rain,0.16504760586067763,0.01745240643728351,0.22835087011065572,0.9862856015372314,0.9998476951563913,0.9735789028731603
2023-11-02,22.0,20.5,74.0,0.0,0.0,noprecip,21.6,13.0,1014.2,26.6,7.6,15.9,0.64,Cloudy,-0.8517119107469189,0.5240103253675756,0.923210217112981,-0.38429532265980354,22.5,21.0,23.0,20.1,19.1,19.8,72.5,69.6,71.5,0.1,0.1,13.854,4.17,4.17,8.33,rain,rain,rain,17.6,23.0,22.0,12.1,13.0,13.0,1017.2,1018.3,1017.7,36.4,44.0,90.8,9.1,11.1,10.0,17.0,16.7,9.1,0.61,0.58,0.54,Rain,Rain,Rain,0.953190667792947,0.16504760586067763,0.01745240643728351,-0.3023698907504444,0.9862856015372314,0.9998476951563913
2023-11-03,23.0,22.5,77.7,0.0,0.0,rain,23.8,19.4,1011.3,54.2,7.8,14.2,0.67,Cloudy,-0.8425720899866032,0.5385835804920232,0.7922896433551907,-0.6101451639012676,22.0,22.5,21.0,20.5,20.1,19.1,74.0,72.5,69.6,0.0,0.1,0.1,0.0,4.17,4.17,noprecip,rain,rain,21.6,17.6,23.0,13.0,12.1,13.0,1014.2,1017.2,1018.3,26.6,36.4,44.0,7.6,9.1,11.1,15.9,17.0,16.7,0.64,0.61,0.58,Cloudy,Rain,Rain,0.923210217112981,0.953190667792947,0.16504760586067763,-0.38429532265980354,-0.3023698907504444,0.9862856015372314
2023-11-04,25.5,23.9,79.0,1.3,20.83,rain,29.9,16.5,1011.4,67.9,9.1,12.2,0.7,Rain,-0.8331829385891785,0.5529974600700271,0.6984152854310062,-0.7156927337037355,23.0,22.0,22.5,22.5,20.5,20.1,77.7,74.0,72.5,0.0,0.0,0.1,0.0,0.0,4.17,rain,noprecip,rain,23.8,21.6,17.6,19.4,13.0,12.1,1011.3,1014.2,1017.2,54.2,26.6,36.4,7.8,7.6,9.1,14.2,15.9,17.0,0.67,0.64,0.61,Cloudy,Cloudy,Rain,0.7922896433551907,0.923210217112981,0.953190667792947,-0.6101451639012676,-0.38429532265980354,-0.3023698907504444
2023-11-05,25.0,24.1,80.8,0.1,4.17,rain,28.8,17.5,1012.3,72.0,9.3,13.4,0.75,Rain,-0.8235472349556007,0.5672476988027229,0.813100761047028,-0.582122970157289,25.5,23.0,22.0,23.9,22.5,20.5,79.0,77.7,74.0,1.3,0.0,0.0,20.83,0.0,0.0,rain,rain,noprecip,29.9,23.8,21.6,16.5,19.4,13.0,1011.4,1011.3,1014.2,67.9,54.2,26.6,9.1,7.8,7.6,12.2,14.2,15.9,0.7,0.67,0.64,Rain,Cloudy,Cloudy,0.6984152854310062,0.7922896433551907,0.923210217112981,-0.7156927337037355,-0.6101451639012676,-0.38429532265980354
2023-11-06,22.0,23.2,86.3,7.619,8.33,rain,24.5,18.4,1014.9,88.0,7.8,8.3,0.77,Rain,-0.8136678304455991,0.5813300798152042,0.917754625683981,0.3971478906347808,25.0,25.5,23.0,24.1,23.9,22.5,80.8,79.0,77.7,0.1,1.3,0.0,4.17,20.83,0.0,rain,rain,rain,28.8,29.9,23.8,17.5,16.5,19.4,1012.3,1011.4,1011.3,72.0,67.9,54.2,9.3,9.1,7.8,13.4,12.2,14.2,0.75,0.7,0.67,Rain,Rain,Cloudy,0.813100761047028,0.6984152854310062,0.7922896433551907,-0.582122970157289,-0.7156927337037355,-0.6101451639012676
2023-11-07,22.0,20.8,87.8,22.767,4.17,rain,22.0,18.4,1015.9,89.4,9.8,5.3,0.8,Rain,-0.8035476485339116,0.5952404359043674,0.015707317311820675,0.9998766324816606,22.0,25.0,25.5,23.2,24.1,23.9,86.3,80.8,79.0,7.619,0.1,1.3,8.33,4.17,20.83,rain,rain,rain,24.5,28.8,29.9,18.4,17.5,16.5,1014.9,1012.3,1011.4,88.0,72.0,67.9,7.8,9.3,9.1,8.3,13.4,12.2,0.77,0.75,0.7,Rain,Rain,Rain,0.917754625683981,0.813100761047028,0.6984152854310062,0.3971478906347808,-0.582122970157289,-0.7156927337037355
2023-11-08,22.5,22.2,80.8,0.0,0.0,rain,17.3,13.0,1013.2,52.9,8.6,11.4,0.83,Cloudy,-0.7931896839451843,0.6089746507720486,0.9218631515885005,0.38751558645210293,22.0,22.0,25.0,20.8,23.2,24.1,87.8,86.3,80.8,22.767,7.619,0.1,4.17,8.33,4.17,rain,rain,rain,22.0,24.5,28.8,18.4,18.4,17.5,1015.9,1014.9,1012.3,89.4,88.0,72.0,9.8,7.8,9.3,5.3,8.3,13.4,0.8,0.77,0.75,Rain,Rain,Rain,0.015707317311820675,0.917754625683981,0.813100761047028,0.9998766324816606,0.3971478906347808,-0.582122970157289
2023-11-09,24.0,23.8,79.7,0.0,0.0,noprecip,20.9,13.0,1012.6,54.4,8.0,12.6,0.87,Cloudy,-0.7825970017677834,0.6225286602431057,0.8925858184521256,-0.4508775406894305,22.5,22.0,22.0,22.2,20.8,23.2,80.8,87.8,86.3,0.0,22.767,7.619,0.0,4.17,8.33,rain,rain,rain,17.3,22.0,24.5,13.0,18.4,18.4,1013.2,1015.9,1014.9,52.9,89.4,88.0,8.6,9.8,7.8,11.4,5.3,8.3,0.83,0.8,0.77,Cloudy,Rain,Rain,0.9218631515885005,0.015707317311820675,0.917754625683981,0.38751558645210293,0.9998766324816606,0.3971478906347808
2023-11-10,24.5,24.0,79.5,0.0,0.0,noprecip,24.5,17.5,1014.0,50.2,8.6,15.0,0.9,Cloudy,-0.7717727365467837,0.6358984534680745,0.8348478632634065,-0.5504807400849956,24.0,22.5,22.0,23.8,22.2,20.8,79.7,80.8,87.8,0.0,0.0,22.767,0.0,0.0,4.17,noprecip,rain,rain,20.9,17.3,22.0,13.0,13.0,18.4,1012.6,1013.2,1015.9,54.4,52.9,89.4,8.0,8.6,9.8,12.6,11.4,5.3,0.87,0.83,0.8,Cloudy,Cloudy,Rain,0.8925858184521256,0.9218631515885005,0.015707317311820675,-0.4508775406894305,0.38751558645210293,0.9998766324816606
2023-11-11,25.0,24.1,80.1,0.0,0.0,noprecip,24.5,16.6,1014.9,52.6,8.5,14.3,0.93,Cloudy,-0.7607200913564104,0.6490800741100398,0.8120835268918064,-0.5835412113561174,24.5,24.0,22.5,24.0,23.8,22.2,79.5,79.7,80.8,0.0,0.0,0.0,0.0,0.0,0.0,noprecip,noprecip,rain,24.5,20.9,17.3,17.5,13.0,13.0,1014.0,1012.6,1013.2,50.2,54.4,52.9,8.6,8.0,8.6,15.0,12.6,11.4,0.9,0.87,0.83,Cloudy,Cloudy,Cloudy,0.8348478632634065,0.8925858184521256,0.9218631515885005,-0.5504807400849956,-0.4508775406894305,0.38751558645210293
2023-11-12,23.5,23.8,84.3,29.685,4.17,rain,35.6,18.5,1017.1,67.4,8.2,7.0,0.96,Rain,-0.7494423368521953,0.6620696215153815,0.985996037070505,-0.16676874671610223,25.0,24.5,24.0,24.1,24.0,23.8,80.1,79.5,79.7,0.0,0.0,0.0,0.0,0.0,0.0,noprecip,noprecip,noprecip,24.5,24.5,20.9,16.6,17.5,13.0,1014.9,1014.0,1012.6,52.6,50.2,54.4,8.5,8.6,8.0,14.3,15.0,12.6,0.93,0.9,0.87,Cloudy,Cloudy,Cloudy,0.8120835268918064,0.8348478632634065,0.8925858184521256,-0.5835412113561174,-0.5504807400849956,-0.4508775406894305
2023-11-13,15.9,15.0,80.9,9.031,16.67,rain,29.5,25.9,1023.0,99.4,9.7,1.7,0.0,Rain,-0.7379428103031386,0.6748632518680403,0.4524347093117827,0.8917975296052141,23.5,25.0,24.5,23.8,24.1,24.0,84.3,80.1,79.5,29.685,0.0,0.0,4.17,0.0,0.0,rain,noprecip,noprecip,35.6,24.5,24.5,18.5,16.6,17.5,1017.1,1014.9,1014.0,67.4,52.6,50.2,8.2,8.5,8.6,7.0,14.3,15.0,0.96,0.93,0.9,Rain,Cloudy,Cloudy,0.985996037070505,0.8120835268918064,0.8348478632634065,-0.16676874671610223,-0.5835412113561174,-0.5504807400849956
2023-11-14,16.5,12.5,67.8,0.001,4.17,rain,19.4,16.5,1023.2,85.6,10.0,5.4,0.03,Rain,-0.7262249146041543,0.6874571793269664,0.2520693582431136,0.9677091704819712,15.9,23.5,25.0,15.0,23.8,24.1,80.9,84.3,80.1,9.031,29.685,0.0,16.67,4.17,0.0,rain,rain,noprecip,29.5,35.6,24.5,25.9,18.5,16.6,1023.0,1017.1,1014.9,99.4,67.4,52.6,9.7,8.2,8.5,1.7,7.0,14.3,0.0,0.96,0.93,Rain,Rain,Cloudy,0.4524347093117827,0.985996037070505,0.8120835268918064,0.8917975296052141,-0.16676874671610223,-0.5835412113561174
2023-11-15,18.0,16.1,78.1,0.0,0.0,noprecip,15.1,11.2,1021.0,94.1,9.2,9.1,0.06,Cloudy,-0.7142921172691032,0.699847677146407,0.4430711908241797,0.8964864303834406,16.5,15.9,23.5,12.5,15.0,23.8,67.8,80.9,84.3,0.001,9.031,29.685,4.17,16.67,4.17,rain,rain,rain,19.4,29.5,35.6,16.5,25.9,18.5,1023.2,1023.0,1017.1,85.6,99.4,67.4,10.0,9.7,8.2,5.4,1.7,7.0,0.03,0.0,0.96,Rain,Rain,Rain,0.2520693582431136,0.4524347093117827,0.985996037070505,0.9677091704819712,0.8917975296052141,-0.16676874671610223
2023-11-16,18.0,12.6,63.2,0.329,8.33,rain,46.4,25.9,1027.1,92.9,9.6,3.4,0.1,Rain,-0.7021479494046978,0.7120310787787131,0.02617694830787315,0.9996573249755573,18.0,16.5,15.9,16.1,12.5,15.0,78.1,67.8,80.9,0.0,0.001,9.031,0.0,4.17,16.67,noprecip,rain,rain,15.1,19.4,29.5,11.2,16.5,25.9,1021.0,1023.2,1023.0,94.1,85.6,99.4,9.2,10.0,9.7,9.1,5.4,1.7,0.06,0.03,0.0,Cloudy,Rain,Rain,0.4430711908241797,0.2520693582431136,0.4524347093117827,0.8964864303834406,0.9677091704819712,0.8917975296052141
2023-11-17,16.0,9.5,52.3,0.0,0.0,noprecip,31.0,15.7,1026.0,32.7,9.8,18.1,0.14,Cloudy,-0.6897960046655887,0.7240037789593305,-0.21473532716706328,0.9766722783341679,18.0,18.0,16.5,12.6,16.1,12.5,63.2,78.1,67.8,0.329,0.0,0.001,8.33,0.0,4.17,rain,noprecip,rain,46.4,15.1,19.4,25.9,11.2,16.5,1027.1,1021.0,1023.2,92.9,94.1,85.6,9.6,9.2,10.0,3.4,9.1,5.4,0.1,0.06,0.03,Rain,Cloudy,Rain,0.02617694830787315,0.4430711908241797,0.2520693582431136,0.9996573249755573,0.8964864303834406,0.9677091704819712
2023-11-18,13.0,9.6,59.3,0.0,0.0,noprecip,19.8,9.4,1023.1,11.8,9.4,18.2,0.17,Clear,-0.6772399381909491,0.7357622347736527,-0.08367784333231584,0.9964928592495043,16.0,18.0,18.0,9.5,12.6,16.1,52.3,63.2,78.1,0.0,0.329,0.0,0.0,8.33,0.0,noprecip,rain,noprecip,31.0,46.4,15.1,15.7,25.9,11.2,1026.0,1027.1,1021.0,32.7,92.9,94.1,9.8,9.6,9.2,18.1,3.4,9.1,0.14,0.1,0.06,Cloudy,Rain,Cloudy,-0.21473532716706328,0.02617694830787315,0.4430711908241797,0.9766722783341679,0.9996573249755573,0.8964864303834406
2023-11-19,14.9,12.0,63.6,0.0,0.0,noprecip,20.9,10.3,1021.0,12.7,10.5,16.4,0.21,Clear,-0.6644834655228552,0.7473029667054297,-0.9297764858882512,0.36812455268467825,13.0,16.0,18.0,9.6,9.5,12.6,59.3,52.3,63.2,0.0,0.0,0.329,0.0,0.0,8.33,noprecip,noprecip,rain,19.8,31.0,46.4,9.4,15.7,25.9,1023.1,1026.0,1027.1,11.8,32.7,92.9,9.4,9.8,9.6,18.2,18.1,3.4,0.17,0.14,0.1,Clear,Cloudy,Rain,-0.08367784333231584,-0.21473532716706328,0.02617694830787315,0.9964928592495043,0.9766722783341679,0.9996573249755573
2023-11-20,15.3,13.8,66.0,0.0,0.0,noprecip,15.8,15.7,1018.8,6.0,11.2,17.8,0.25,Clear,-0.6515303615068021,0.75862255966641,-0.372987782575809,-0.92783625389892,14.9,13.0,16.0,12.0,9.6,9.5,63.6,59.3,52.3,0.0,0.0,0.0,0.0,0.0,0.0,noprecip,noprecip,noprecip,20.9,19.8,31.0,10.3,9.4,15.7,1021.0,1023.1,1026.0,12.7,11.8,32.7,10.5,9.4,9.8,16.4,18.2,18.1,0.21,0.17,0.14,Clear,Clear,Cloudy,-0.9297764858882512,-0.08367784333231584,-0.21473532716706328,0.36812455268467825,0.9964928592495043,0.9766722783341679
2023-11-21,15.5,15.1,71.0,0.0,0.0,noprecip,22.0,12.1,1016.1,12.8,7.4,17.1,0.28,Clear,-0.6383844591746642,0.769717664006921,0.6717205893229902,-0.74080459628675,15.3,14.9,13.0,13.8,12.0,9.6,66.0,63.6,59.3,0.0,0.0,0.0,0.0,0.0,0.0,noprecip,noprecip,noprecip,15.8,20.9,19.8,15.7,10.3,9.4,1018.8,1021.0,1023.1,6.0,12.7,11.8,11.2,10.5,9.4,17.8,16.4,18.2,0.25,0.21,0.17,Clear,Clear,Clear,-0.372987782575809,-0.9297764858882512,-0.08367784333231584,-0.92783625389892,0.36812455268467825,0.9964928592495043
2023-11-22,18.0,17.7,82.7,0.0,0.0,noprecip,14.4,10.3,1015.1,66.3,6.8,14.3,0.31,Cloudy,-0.6250496486104377,0.7805849965070866,0.4740882090471163,0.880477353509162,15.5,15.3,14.9,15.1,13.8,12.0,71.0,66.0,63.6,0.0,0.0,0.0,0.0,0.0,0.0,noprecip,noprecip,noprecip,22.0,15.8,20.9,12.1,15.7,10.3,1016.1,1018.8,1021.0,12.8,6.0,12.7,7.4,11.2,10.5,17.1,17.8,16.4,0.28,0.25,0.21,Clear,Clear,Clear,0.6717205893229902,-0.372987782575809,-0.9297764858882512,-0.74080459628675,-0.92783625389892,0.36812455268467825
2023-11-23,20.0,18.6,75.3,0.0,0.0,noprecip,19.8,9.3,1016.2,41.6,7.6,12.2,0.35,Cloudy,-0.6115298757991053,0.7912213413483807,-0.8607420270039434,0.5090414157503715,18.0,15.5,15.3,17.7,15.1,13.8,82.7,71.0,66.0,0.0,0.0,0.0,0.0,0.0,0.0,noprecip,noprecip,noprecip,14.4,22.0,15.8,10.3,12.1,15.7,1015.1,1016.1,1018.8,66.3,12.8,6.0,6.8,7.4,11.2,14.3,17.1,17.8,0.31,0.28,0.25,Cloudy,Clear,Clear,0.4740882090471163,0.6717205893229902,-0.372987782575809,0.880477353509162,-0.74080459628675,-0.92783625389892
2023-11-24,20.6,19.3,78.6,0.1,4.17,rain,19.8,11.2,1018.1,67.9,7.3,13.5,0.39,Rain,-0.5978291414589552,0.801623551065242,-0.5990235985155861,0.8007313709487334,20.0,18.0,15.5,18.6,17.7,15.1,75.3,82.7,71.0,0.0,0.0,0.0,0.0,0.0,0.0,noprecip,noprecip,noprecip,19.8,14.4,22.0,9.3,10.3,12.1,1016.2,1015.1,1016.1,41.6,66.3,12.8,7.6,6.8,7.4,12.2,14.3,17.1,0.35,0.31,0.28,Cloudy,Cloudy,Clear,-0.8607420270039434,0.4740882090471163,0.6717205893229902,0.5090414157503715,0.880477353509162,-0.74080459628675
2023-11-25,20.1,18.4,72.6,0.2,8.33,rain,20.2,11.2,1018.7,32.1,7.9,13.0,0.42,Rain,-0.5839514998576998,0.8117885474764613,0.7466381822853917,-0.6652303546543604,20.6,20.0,18.0,19.3,18.6,17.7,78.6,75.3,82.7,0.1,0.0,0.0,4.17,0.0,0.0,rain,noprecip,noprecip,19.8,19.8,14.4,11.2,9.3,10.3,1018.1,1016.2,1015.1,67.9,41.6,66.3,7.3,7.6,6.8,13.5,12.2,14.3,0.39,0.35,0.31,Rain,Cloudy,Cloudy,-0.5990235985155861,-0.8607420270039434,0.4740882090471163,0.8007313709487334,0.5090414157503715,0.880477353509162
2023-11-26,19.5,18.4,74.0,0.0,0.0,noprecip,20.9,10.3,1019.6,27.7,7.6,13.0,0.46,Cloudy,-0.5699010576127624,0.821713322596059,-0.6691306063588581,0.7431448254773942,20.1,20.6,20.0,18.4,19.3,18.6,72.6,78.6,75.3,0.2,0.1,0.0,8.33,4.17,0.0,rain,rain,noprecip,20.2,19.8,19.8,11.2,11.2,9.3,1018.7,1018.1,1016.2,32.1,67.9,41.6,7.9,7.3,7.6,13.0,13.5,12.2,0.42,0.39,0.35,Rain,Rain,Cloudy,0.7466381822853917,-0.5990235985155861,-0.8607420270039434,-0.6652303546543604,0.8007313709487334,0.5090414157503715
2023-11-27,19.5,18.5,74.5,0.3,4.17,rain,20.5,8.5,1018.7,37.9,7.5,13.5,0.5,Rain,-0.5556819724760489,0.8313949395234058,0.5431744499506707,0.8396198645344132,19.5,20.1,20.6,18.4,18.4,19.3,74.0,72.6,78.6,0.0,0.2,0.1,0.0,8.33,4.17,noprecip,rain,rain,20.9,20.2,19.8,10.3,11.2,11.2,1019.6,1018.7,1018.1,27.7,32.1,67.9,7.6,7.9,7.3,13.0,13.0,13.5,0.46,0.42,0.39,Cloudy,Rain,Rain,-0.6691306063588581,0.7466381822853917,-0.5990235985155861,0.7431448254773942,-0.6652303546543604,0.8007313709487334
2023-11-28,19.2,16.7,70.4,0.0,0.0,noprecip,29.5,12.1,1018.0,20.3,7.2,15.9,0.53,Cloudy,-0.5412984521036173,0.8408305333122887,0.9879598657693891,-0.15471038629946815,19.5,19.5,20.1,18.5,18.4,18.4,74.5,74.0,72.6,0.3,0.0,0.2,4.17,0.0,8.33,rain,noprecip,rain,20.5,20.9,20.2,8.5,10.3,11.2,1018.7,1019.6,1018.7,37.9,27.7,32.1,7.5,7.6,7.9,13.5,13.0,13.0,0.5,0.46,0.42,Rain,Cloudy,Rain,0.5431744499506707,-0.6691306063588581,0.7466381822853917,0.8396198645344132,0.7431448254773942,-0.6652303546543604
2023-11-29,18.5,18.3,78.3,0.1,4.17,rain,18.4,13.0,1016.9,34.8,5.3,10.7,0.56,Rain,-0.5267547528105542,0.8500173118187018,0.9958843986159703,0.09063258019778034,19.2,19.5,19.5,16.7,18.5,18.4,70.4,74.5,74.0,0.0,0.3,0.0,0.0,4.17,0.0,noprecip,rain,noprecip,29.5,20.5,20.9,12.1,8.5,10.3,1018.0,1018.7,1019.6,20.3,37.9,27.7,7.2,7.5,7.6,15.9,13.5,13.0,0.53,0.5,0.46,Cloudy,Rain,Cloudy,0.9879598657693891,0.5431744499506707,-0.6691306063588581,-0.15471038629946815,0.8396198645344132,0.7431448254773942
2023-11-30,21.5,19.7,80.0,0.006,4.17,rain,22.3,13.0,1018.9,81.4,6.4,7.5,0.59,Rain,-0.5120551783114646,0.8589525565270845,0.32556815445715664,0.9455185755993168,18.5,19.2,19.5,18.3,16.7,18.5,78.3,70.4,74.5,0.1,0.0,0.3,4.17,0.0,4.17,rain,noprecip,rain,18.4,29.5,20.5,13.0,12.1,8.5,1016.9,1018.0,1018.7,34.8,20.3,37.9,5.3,7.2,7.5,10.7,15.9,13.5,0.56,0.53,0.5,Rain,Cloudy,Rain,0.9958843986159703,0.9879598657693891,0.5431744499506707,0.09063258019778034,-0.15471038629946815,0.8396198645344132
2023-12-01,17.0,17.6,93.6,19.22,8.33,rain,24.5,19.4,1020.9,100.0,6.9,2.4,0.62,Rain,-0.4972040784469378,0.8676336233547726,0.421035813367491,0.907044014291465,21.5,18.5,19.2,19.7,18.3,16.7,80.0,78.3,70.4,0.006,0.1,0.0,4.17,4.17,0.0,rain,rain,noprecip,22.3,18.4,29.5,13.0,13.0,12.1,1018.9,1016.9,1018.0,81.4,34.8,20.3,6.4,5.3,7.2,7.5,10.7,15.9,0.59,0.56,0.53,Rain,Rain,Cloudy,0.32556815445715664,0.9958843986159703,0.9879598657693891,0.9455185755993168,0.09063258019778034,-0.15471038629946815
2023-12-02,16.0,14.8,84.7,0.0,0.0,rain,16.6,15.7,1021.3,100.0,8.6,2.0,0.65,Cloudy,-0.4822058478963526,0.8760579434344281,0.36325123047297836,0.9316912275855489,17.0,21.5,18.5,17.6,19.7,18.3,93.6,80.0,78.3,19.22,0.006,0.1,8.33,4.17,4.17,rain,rain,rain,24.5,22.3,18.4,19.4,13.0,13.0,1020.9,1018.9,1016.9,100.0,81.4,34.8,6.9,6.4,5.3,2.4,7.5,10.7,0.62,0.59,0.56,Rain,Rain,Rain,0.421035813367491,0.32556815445715664,0.9958843986159703,0.907044014291465,0.9455185755993168,0.09063258019778034
2023-12-03,17.0,15.6,85.7,0.0,0.0,noprecip,19.1,14.8,1020.3,99.7,8.7,4.1,0.69,Cloudy,-0.46706492487743034,0.8842230238742036,0.3778407868184671,0.9258705848099947,16.0,17.0,21.5,14.8,17.6,19.7,84.7,93.6,80.0,0.0,19.22,0.006,0.0,8.33,4.17,rain,rain,rain,16.6,24.5,22.3,15.7,19.4,13.0,1021.3,1020.9,1018.9,100.0,100.0,81.4,8.6,6.9,6.4,2.0,2.4,7.5,0.65,0.62,0.59,Cloudy,Rain,Rain,0.36325123047297836,0.421035813367491,0.32556815445715664,0.9316912275855489,0.907044014291465,0.9455185755993168
2023-12-04,17.5,15.9,83.0,0.0,0.0,rain,18.7,14.8,1018.2,99.0,10.0,4.3,0.72,Cloudy,-0.451785789832884,0.8921264484954345,0.45864955448431494,0.8886172326549489,17.0,16.0,17.0,15.6,14.8,17.6,85.7,84.7,93.6,0.0,0.0,19.22,0.0,0.0,8.33,noprecip,rain,rain,19.1,16.6,24.5,14.8,15.7,19.4,1020.3,1021.3,1020.9,99.7,100.0,100.0,8.7,8.6,6.9,4.1,2.0,2.4,0.69,0.65,0.62,Cloudy,Cloudy,Rain,0.3778407868184671,0.36325123047297836,0.421035813367491,0.9258705848099947,0.9316912275855489,0.907044014291465
2023-12-05,18.0,16.0,83.8,0.0,0.0,noprecip,15.5,11.2,1015.8,99.3,8.6,5.7,0.75,Cloudy,-0.4363729641045924,0.8997658785476209,0.6320293026648509,0.7749444887041795,17.5,17.0,16.0,15.9,15.6,14.8,83.0,85.7,84.7,0.0,0.0,0.0,0.0,0.0,0.0,rain,noprecip,rain,18.7,19.1,16.6,14.8,14.8,15.7,1018.2,1020.3,1021.3,99.0,99.7,100.0,10.0,8.7,8.6,4.3,4.1,2.0,0.72,0.69,0.65,Cloudy,Cloudy,Cloudy,0.45864955448431494,0.3778407868184671,0.36325123047297836,0.8886172326549489,0.9258705848099947,0.9316912275855489
2023-12-06,18.5,17.0,79.9,1.7,8.33,rain,28.4,14.8,1018.8,84.1,8.8,3.6,0.78,Rain,-0.42083100859565564,0.9071390534005044,0.04710645070964266,0.99888987496197,18.0,17.5,17.0,16.0,15.9,15.6,83.8,83.0,85.7,0.0,0.0,0.0,0.0,0.0,0.0,noprecip,rain,noprecip,15.5,18.7,19.1,11.2,14.8,14.8,1015.8,1018.2,1020.3,99.3,99.0,99.7,8.6,10.0,8.7,5.7,4.3,4.1,0.75,0.72,0.69,Cloudy,Cloudy,Cloudy,0.6320293026648509,0.45864955448431494,0.3778407868184671,0.7749444887041795,0.8886172326549489,0.9258705848099947
2023-12-07,15.5,14.6,72.8,0.0,0.0,noprecip,18.0,10.3,1018.7,46.2,7.8,16.3,0.81,Cloudy,-0.4051645224207563,0.9142437912130223,-0.7749444887041794,-0.632029302664851,18.5,18.0,17.5,17.0,16.0,15.9,79.9,83.8,83.0,1.7,0.0,0.0,8.33,0.0,0.0,rain,noprecip,rain,28.4,15.5,18.7,14.8,11.2,14.8,1018.8,1015.8,1018.2,84.1,99.3,99.0,8.8,8.6,10.0,3.6,5.7,4.3,0.78,0.75,0.72,Rain,Cloudy,Cloudy,0.04710645070964266,0.6320293026648509,0.45864955448431494,0.99888987496197,0.7749444887041795,0.8886172326549489
2023-12-08,16.4,15.2,68.6,0.0,0.0,noprecip,27.0,16.5,1014.5,16.9,9.7,16.3,0.85,Clear,-0.3893781415452015,0.9210779895789526,0.8171448983351286,-0.5764323161697932,15.5,18.5,18.0,14.6,17.0,16.0,72.8,79.9,83.8,0.0,1.7,0.0,0.0,8.33,0.0,noprecip,rain,noprecip,18.0,28.4,15.5,10.3,14.8,11.2,1018.7,1018.8,1015.8,46.2,84.1,99.3,7.8,8.8,8.6,16.3,3.6,5.7,0.81,0.78,0.75,Cloudy,Rain,Cloudy,-0.7749444887041794,0.04710645070964266,0.6320293026648509,-0.632029302664851,0.99888987496197,0.7749444887041795
2023-12-09,19.0,19.5,83.7,0.0,0.0,noprecip,28.8,15.7,1012.1,64.4,6.9,13.8,0.88,Cloudy,-0.37347653741307074,0.9276396261490467,0.9945218953682734,-0.10452846326765333,16.4,15.5,18.5,15.2,14.6,17.0,68.6,72.8,79.9,0.0,0.0,1.7,0.0,0.0,8.33,noprecip,noprecip,rain,27.0,18.0,28.4,16.5,10.3,14.8,1014.5,1018.7,1018.8,16.9,46.2,84.1,9.7,7.8,8.8,16.3,16.3,3.6,0.85,0.81,0.78,Clear,Cloudy,Rain,0.8171448983351286,-0.7749444887041794,0.04710645070964266,-0.5764323161697932,-0.632029302664851,0.99888987496197
2023-12-10,23.0,22.5,89.3,0.0,0.0,rain,30.6,15.7,1010.6,88.1,6.5,7.7,0.91,Cloudy,-0.3574644155648614,0.9339267592294762,0.7181262977631888,-0.6959127965923143,19.0,16.4,15.5,19.5,15.2,14.6,83.7,68.6,72.8,0.0,0.0,0.0,0.0,0.0,0.0,noprecip,noprecip,noprecip,28.8,27.0,18.0,15.7,16.5,10.3,1012.1,1014.5,1018.7,64.4,16.9,46.2,6.9,9.7,7.8,13.8,16.3,16.3,0.88,0.85,0.81,Cloudy,Clear,Cloudy,0.9945218953682734,0.8171448983351286,-0.7749444887041794,-0.10452846326765333,-0.5764323161697932,-0.632029302664851
2023-12-11,23.0,22.8,88.0,0.5,12.5,rain,26.3,13.9,1013.0,92.5,7.3,6.9,0.94,Rain,-0.34134651424503615,0.9399375283564133,0.9557930147983302,-0.2940403252323038,23.0,19.0,16.4,22.5,19.5,15.2,89.3,83.7,68.6,0.0,0.0,0.0,0.0,0.0,0.0,rain,noprecip,noprecip,30.6,28.8,27.0,15.7,15.7,16.5,1010.6,1012.1,1014.5,88.1,64.4,16.9,6.5,6.9,9.7,7.7,13.8,16.3,0.91,0.88,0.85,Cloudy,Cloudy,Clear,0.7181262977631888,0.9945218953682734,0.8171448983351286,-0.6959127965923143,-0.10452846326765333,-0.5764323161697932
2023-12-12,22.0,22.5,88.7,0.5,16.67,rain,32.8,17.5,1014.9,79.7,7.2,10.0,0.98,Rain,-0.3251276029999093,0.9456701548465688,0.9443763702374811,-0.3288666467385832,23.0,23.0,19.0,22.8,22.5,19.5,88.0,89.3,83.7,0.5,0.0,0.0,12.5,0.0,0.0,rain,rain,noprecip,26.3,30.6,28.8,13.9,15.7,15.7,1013.0,1010.6,1012.1,92.5,88.1,64.4,7.3,6.5,6.9,6.9,7.7,13.8,0.94,0.91,0.88,Rain,Cloudy,Cloudy,0.9557930147983302,0.7181262977631888,0.9945218953682734,-0.2940403252323038,-0.6959127965923143,-0.10452846326765333
2023-12-13,22.3,21.5,83.2,0.7,25.0,rain,31.3,16.6,1016.4,70.3,7.3,8.3,0.0,Rain,-0.30881248126625377,0.9511229423235357,0.6819983600624986,-0.7313537016191705,22.0,23.0,23.0,22.5,22.8,22.5,88.7,88.0,89.3,0.5,0.5,0.0,16.67,12.5,0.0,rain,rain,rain,32.8,26.3,30.6,17.5,13.9,15.7,1014.9,1013.0,1010.6,79.7,92.5,88.1,7.2,7.3,6.5,10.0,6.9,7.7,0.98,0.94,0.91,Rain,Rain,Cloudy,0.9443763702374811,0.9557930147983302,0.7181262977631888,-0.3288666467385832,-0.2940403252323038,-0.6959127965923143
2023-12-14,21.0,21.4,81.8,0.0,0.0,noprecip,32.8,17.5,1015.6,52.2,7.1,9.8,0.04,Cloudy,-0.29240597695107734,0.9562942772197719,0.7793379649314741,-0.6266038113644605,22.3,22.0,23.0,21.5,22.5,22.8,83.2,88.7,88.0,0.7,0.5,0.5,25.0,16.67,12.5,rain,rain,rain,31.3,32.8,26.3,16.6,17.5,13.9,1016.4,1014.9,1013.0,70.3,79.7,92.5,7.3,7.2,7.3,8.3,10.0,6.9,0.0,0.98,0.94,Rain,Rain,Rain,0.6819983600624986,0.9443763702374811,0.9557930147983302,-0.7313537016191705,-0.3288666467385832,-0.2940403252323038
2023-12-15,22.5,22.1,84.6,0.0,0.0,noprecip,24.5,14.8,1014.0,66.8,7.6,12.3,0.08,Cloudy,-0.27591294500296043,0.9611826292540837,0.8651514205697046,-0.501510737159457,21.0,22.3,22.0,21.4,21.5,22.5,81.8,83.2,88.7,0.0,0.7,0.5,0.0,25.0,16.67,noprecip,rain,rain,32.8,31.3,32.8,17.5,16.6,17.5,1015.6,1016.4,1014.9,52.2,70.3,79.7,7.1,7.3,7.2,9.8,8.3,10.0,0.04,0.0,0.98,Cloudy,Rain,Rain,0.7793379649314741,0.6819983600624986,0.9443763702374811,-0.6266038113644605,-0.7313537016191705,-0.3288666467385832
2023-12-16,14.0,15.8,77.3,0.032,8.33,rain,69.1,33.5,1018.8,91.8,8.8,8.1,0.11,Rain,-0.2593382659754056,0.9657865518844574,0.7749444887041795,0.6320293026648509,22.5,21.0,22.3,22.1,21.4,21.5,84.6,81.8,83.2,0.0,0.0,0.7,0.0,0.0,25.0,noprecip,noprecip,rain,24.5,32.8,31.3,14.8,17.5,16.6,1014.0,1015.6,1016.4,66.8,52.2,70.3,7.6,7.1,7.3,12.3,9.8,8.3,0.08,0.04,0.0,Cloudy,Cloudy,Rain,0.8651514205697046,0.7793379649314741,0.6819983600624986,-0.501510737159457,-0.6266038113644605,-0.7313537016191705
2023-12-17,12.7,7.7,66.3,0.001,4.17,rain,28.4,17.5,1024.5,98.9,10.0,3.5,0.15,Rain,-0.2426868445825954,0.9701046827361175,0.6073758397232867,0.7944146205354181,14.0,22.5,21.0,15.8,22.1,21.4,77.3,84.6,81.8,0.032,0.0,0.0,8.33,0.0,0.0,rain,noprecip,noprecip,69.1,24.5,32.8,33.5,14.8,17.5,1018.8,1014.0,1015.6,91.8,66.8,52.2,8.8,7.6,7.1,8.1,12.3,9.8,0.11,0.08,0.04,Rain,Cloudy,Cloudy,0.7749444887041795,0.8651514205697046,0.7793379649314741,0.6320293026648509,-0.501510737159457,-0.6266038113644605
2023-12-18,13.0,10.3,73.5,0.0,0.0,noprecip,17.6,12.1,1021.9,99.0,9.6,7.1,0.19,Cloudy,-0.22596360824801906,0.974135744004672,0.43680178836770217,0.8995577789551803,12.7,14.0,22.5,7.7,15.8,22.1,66.3,77.3,84.6,0.001,0.032,0.0,4.17,8.33,0.0,rain,rain,noprecip,28.4,69.1,24.5,17.5,33.5,14.8,1024.5,1018.8,1014.0,98.9,91.8,66.8,10.0,8.8,7.6,3.5,8.1,12.3,0.15,0.11,0.08,Rain,Rain,Cloudy,0.6073758397232867,0.7749444887041795,0.8651514205697046,0.7944146205354181,0.6320293026648509,-0.501510737159457
2023-12-19,12.0,9.5,77.0,0.002,4.17,rain,25.6,21.4,1023.1,98.7,9.0,3.8,0.22,Rain,-0.20917350564635637,0.9778785428342386,0.3859060423243186,0.9225380894562464,13.0,12.7,14.0,10.3,7.7,15.8,73.5,66.3,77.3,0.0,0.001,0.032,0.0,4.17,8.33,noprecip,rain,rain,17.6,28.4,69.1,12.1,17.5,33.5,1021.9,1024.5,1018.8,99.0,98.9,91.8,9.6,10.0,8.8,7.1,3.5,8.1,0.19,0.15,0.11,Cloudy,Rain,Rain,0.43680178836770217,0.6073758397232867,0.7749444887041795,0.8995577789551803,0.7944146205354181,0.6320293026648509
2023-12-20,12.0,7.4,60.8,0.0,0.0,rain,29.9,19.4,1025.2,87.8,10.0,5.9,0.25,Cloudy,-0.19232150523909483,0.9813319716704275,0.10452846326765346,0.9945218953682733,12.0,13.0,12.7,9.5,10.3,7.7,77.0,73.5,66.3,0.002,0.0,0.001,4.17,0.0,4.17,rain,noprecip,rain,25.6,17.6,28.4,21.4,12.1,17.5,1023.1,1021.9,1024.5,98.7,99.0,98.9,9.0,9.6,10.0,3.8,7.1,3.5,0.22,0.19,0.15,Rain,Cloudy,Rain,0.3859060423243186,0.43680178836770217,0.6073758397232867,0.9225380894562464,0.8995577789551803,0.7944146205354181
2023-12-21,12.5,3.9,48.2,0.0,0.0,noprecip,33.8,19.4,1027.0,59.9,9.6,15.2,0.29,Cloudy,-0.17541259380427843,0.9844950085880858,0.02792163872356888,0.9996101150403544,12.0,12.0,13.0,7.4,9.5,10.3,60.8,77.0,73.5,0.0,0.002,0.0,0.0,4.17,0.0,rain,rain,noprecip,29.9,25.6,17.6,19.4,21.4,12.1,1025.2,1023.1,1021.9,87.8,98.7,99.0,10.0,9.0,9.6,5.9,3.8,7.1,0.25,0.22,0.19,Cloudy,Rain,Cloudy,0.10452846326765346,0.3859060423243186,0.43680178836770217,0.9945218953682733,0.9225380894562464,0.8995577789551803
2023-12-22,10.5,0.7,43.3,0.0,0.0,noprecip,33.1,17.5,1030.7,26.4,10.0,16.6,0.33,Cloudy,-0.15845177496083632,0.9873667175937016,0.6441236297613865,0.7649214009184319,12.5,12.0,12.0,3.9,7.4,9.5,48.2,60.8,77.0,0.0,0.0,0.002,0.0,0.0,4.17,noprecip,rain,rain,33.8,29.9,25.6,19.4,19.4,21.4,1027.0,1025.2,1023.1,59.9,87.8,98.7,9.6,10.0,9.0,15.2,5.9,3.8,0.29,0.25,0.22,Cloudy,Cloudy,Rain,0.02792163872356888,0.10452846326765346,0.3859060423243186,0.9996101150403544,0.9945218953682733,0.9225380894562464
2023-12-23,8.0,2.2,48.0,0.0,0.0,noprecip,35.3,14.8,1030.2,27.3,9.8,16.2,0.36,Cloudy,-0.14144406768794202,0.9899462489023779,0.0749787268263277,0.9971851335251157,10.5,12.5,12.0,0.7,3.9,7.4,43.3,48.2,60.8,0.0,0.0,0.0,0.0,0.0,0.0,noprecip,noprecip,rain,33.1,33.8,29.9,17.5,19.4,19.4,1030.7,1027.0,1025.2,26.4,59.9,87.8,10.0,9.6,10.0,16.6,15.2,5.9,0.33,0.29,0.25,Cloudy,Cloudy,Cloudy,0.6441236297613865,0.02792163872356888,0.10452846326765346,0.7649214009184319,0.9996101150403544,0.9945218953682733
2023-12-24,14.0,2.3,39.8,0.0,0.0,noprecip,30.2,19.4,1030.1,80.2,9.8,7.8,0.4,Cloudy,-0.12439450483979998,0.9922328391893008,-0.07149744433268704,0.9974407829309438,8.0,10.5,12.5,2.2,0.7,3.9,48.0,43.3,48.2,0.0,0.0,0.0,0.0,0.0,0.0,noprecip,noprecip,noprecip,35.3,33.1,33.8,14.8,17.5,19.4,1030.2,1030.7,1027.0,27.3,26.4,59.9,9.8,10.0,9.6,16.2,16.6,15.2,0.36,0.33,0.29,Cloudy,Cloudy,Cloudy,0.0749787268263277,0.6441236297613865,0.02792163872356888,0.9971851335251157,0.7649214009184319,0.9996101150403544
2023-12-25,14.0,2.2,40.4,0.0,0.0,noprecip,23.4,14.8,1026.3,46.4,11.5,16.1,0.44,Cloudy,-0.10730813165636247,0.9942258118156161,0.9085081775267217,0.41786707380107685,14.0,8.0,10.5,2.3,2.2,0.7,39.8,48.0,43.3,0.0,0.0,0.0,0.0,0.0,0.0,noprecip,noprecip,noprecip,30.2,35.3,33.1,19.4,14.8,17.5,1030.1,1030.2,1030.7,80.2,27.3,26.4,9.8,9.8,10.0,7.8,16.2,16.6,0.4,0.36,0.33,Cloudy,Cloudy,Cloudy,-0.07149744433268704,0.0749787268263277,0.6441236297613865,0.9974407829309438,0.9971851335251157,0.7649214009184319
2023-12-26,9.0,6.2,57.5,0.0,0.0,noprecip,17.3,9.3,1024.1,21.3,8.0,15.4,0.47,Cloudy,-0.09019000427034513,0.9959245770286599,0.7535633923016378,0.6573752457940958,14.0,14.0,8.0,2.2,2.3,2.2,40.4,39.8,48.0,0.0,0.0,0.0,0.0,0.0,0.0,noprecip,noprecip,noprecip,23.4,30.2,35.3,14.8,19.4,14.8,1026.3,1030.1,1030.2,46.4,80.2,27.3,11.5,9.8,9.8,16.1,7.8,16.2,0.44,0.4,0.36,Cloudy,Cloudy,Cloudy,0.9085081775267217,-0.07149744433268704,0.0749787268263277,0.41786707380107685,0.9974407829309438,0.9971851335251157
2023-12-27,12.0,11.7,71.5,0.0,0.0,noprecip,17.6,11.2,1023.4,27.0,6.6,15.0,0.5,Cloudy,-0.07304518821104743,0.9973286321364752,0.8972583696743285,-0.44150585279174515,9.0,14.0,14.0,6.2,2.2,2.3,57.5,40.4,39.8,0.0,0.0,0.0,0.0,0.0,0.0,noprecip,noprecip,noprecip,17.3,23.4,30.2,9.3,14.8,19.4,1024.1,1026.3,1030.1,21.3,46.4,80.2,8.0,11.5,9.8,15.4,16.1,7.8,0.47,0.44,0.4,Cloudy,Cloudy,Cloudy,0.7535633923016378,0.9085081775267217,-0.07149744433268704,0.6573752457940958,0.41786707380107685,0.9974407829309438
2023-12-28,13.8,13.4,72.9,0.0,0.0,noprecip,16.9,8.5,1021.4,14.2,6.8,15.1,0.54,Clear,-0.05587875690537313,0.9984375616565666,0.7501110696304594,-0.661311865323652,12.0,9.0,14.0,11.7,6.2,2.2,71.5,57.5,40.4,0.0,0.0,0.0,0.0,0.0,0.0,noprecip,noprecip,noprecip,17.6,17.3,23.4,11.2,9.3,14.8,1023.4,1024.1,1026.3,27.0,21.3,46.4,6.6,8.0,11.5,15.0,15.4,16.1,0.5,0.47,0.44,Cloudy,Cloudy,Cloudy,0.8972583696743285,0.7535633923016378,0.9085081775267217,-0.44150585279174515,0.6573752457940958,0.41786707380107685
2023-12-29,16.0,16.0,76.6,0.004,8.33,rain,18.7,7.6,1019.6,77.5,5.5,9.4,0.57,Rain,-0.03869579017652689,0.9992510374388481,-0.9762960071199334,-0.21643961393810282,13.8,12.0,9.0,13.4,11.7,6.2,72.9,71.5,57.5,0.0,0.0,0.0,0.0,0.0,0.0,noprecip,noprecip,noprecip,16.9,17.6,17.3,8.5,11.2,9.3,1021.4,1023.4,1024.1,14.2,27.0,21.3,6.8,6.6,8.0,15.1,15.0,15.4,0.54,0.5,0.47,Clear,Cloudy,Cloudy,0.7501110696304594,0.8972583696743285,0.7535633923016378,-0.661311865323652,-0.44150585279174515,0.6573752457940958
2023-12-30,19.4,18.4,83.6,0.727,16.67,rain,11.2,10.3,1018.0,88.1,4.7,3.9,0.6,Rain,-0.021501372740813793,0.999768818762748,-0.9770455744352636,-0.21303038627497672,16.0,13.8,12.0,16.0,13.4,11.7,76.6,72.9,71.5,0.004,0.0,0.0,8.33,0.0,0.0,rain,noprecip,noprecip,18.7,16.9,17.6,7.6,8.5,11.2,1019.6,1021.4,1023.4,77.5,14.2,27.0,5.5,6.8,6.6,9.4,15.1,15.0,0.57,0.54,0.5,Rain,Clear,Cloudy,-0.9762960071199334,0.7501110696304594,0.8972583696743285,-0.21643961393810282,-0.661311865323652,-0.44150585279174515
2023-12-31,20.0,18.6,80.5,0.1,8.33,rain,14.0,12.1,1017.3,65.5,6.2,6.5,0.64,Rain,-0.004300592702981974,0.9999907524084426,0.648119901063131,-0.7615383075367366,19.4,16.0,13.8,18.4,16.0,13.4,83.6,76.6,72.9,0.727,0.004,0.0,16.67,8.33,0.0,rain,rain,noprecip,11.2,18.7,16.9,10.3,7.6,8.5,1018.0,1019.6,1021.4,88.1,77.5,14.2,4.7,5.5,6.8,3.9,9.4,15.1,0.6,0.57,0.54,Rain,Rain,Clear,-0.9770455744352636,-0.9762960071199334,0.7501110696304594,-0.21303038627497672,-0.21643961393810282,-0.661311865323652
2024-01-01,19.0,17.8,74.4,0.0,0.0,noprecip,27.4,20.5,1016.9,66.7,7.7,11.1,0.67,Cloudy,0.017201575418260506,0.9998520419557735,0.8028174751911145,-0.5962248749656159,20.0,19.4,16.0,18.6,18.4,16.0,80.5,83.6,76.6,0.1,0.727,0.004,8.33,16.67,8.33,rain,rain,rain,14.0,11.2,18.7,12.1,10.3,7.6,1017.3,1018.0,1019.6,65.5,88.1,77.5,6.2,4.7,5.5,6.5,3.9,9.4,0.64,0.6,0.57,Rain,Rain,Rain,0.648119901063131,-0.9770455744352636,-0.9762960071199334,-0.7615383075367366,-0.21303038627497672,-0.21643961393810282
2024-01-02,21.0,19.6,80.7,0.6,25.0,rain,25.9,16.6,1016.0,81.9,8.2,10.1,0.7,Rain,0.03439806061360801,0.9994082116062598,0.788010753606722,-0.6156614753256583,19.0,20.0,19.4,17.8,18.6,18.4,74.4,80.5,83.6,0.0,0.1,0.727,0.0,8.33,16.67,noprecip,rain,rain,27.4,14.0,11.2,20.5,12.1,10.3,1016.9,1017.3,1018.0,66.7,65.5,88.1,7.7,6.2,4.7,11.1,6.5,3.9,0.67,0.64,0.6,Cloudy,Rain,Rain,0.8028174751911145,0.648119901063131,-0.9770455744352636,-0.5962248749656159,-0.7615383075367366,-0.21303038627497672
2024-01-03,17.0,15.0,76.5,4.057,4.17,rain,36.7,24.1,1019.9,90.8,9.3,2.7,0.73,Rain,0.051584366869408364,0.9986686402879997,0.5934188866037015,0.8048937973559142,21.0,19.0,20.0,19.6,17.8,18.6,80.7,74.4,80.5,0.6,0.0,0.1,25.0,0.0,8.33,rain,noprecip,rain,25.9,27.4,14.0,16.6,20.5,12.1,1016.0,1016.9,1017.3,81.9,66.7,65.5,8.2,7.7,6.2,10.1,11.1,6.5,0.7,0.67,0.64,Rain,Cloudy,Rain,0.788010753606722,0.8028174751911145,0.648119901063131,-0.6156614753256583,-0.5962248749656159,-0.7615383075367366
2024-01-04,17.0,13.8,71.2,0.0,0.0,noprecip,22.0,14.8,1019.1,99.3,9.4,5.2,0.75,Cloudy,0.06875540848113941,0.9976335468520451,0.9809551553491915,-0.19423435121997218,17.0,21.0,19.0,15.0,19.6,17.8,76.5,80.7,74.4,4.057,0.6,0.0,4.17,25.0,0.0,rain,rain,noprecip,36.7,25.9,27.4,24.1,16.6,20.5,1019.9,1016.0,1016.9,90.8,81.9,66.7,9.3,8.2,7.7,2.7,10.1,11.1,0.73,0.7,0.67,Rain,Rain,Cloudy,0.5934188866037015,0.788010753606722,0.8028174751911145,0.8048937973559142,-0.6156614753256583,-0.5962248749656159
2024-01-05,18.0,17.7,84.2,0.4,16.67,rain,19.8,11.2,1017.6,94.2,5.3,5.9,0.8,Rain,0.08590610426133272,0.9963032375991965,0.9477684100095858,-0.3189593092980697,17.0,17.0,21.0,13.8,15.0,19.6,71.2,76.5,80.7,0.0,4.057,0.6,0.0,4.17,25.0,noprecip,rain,rain,22.0,36.7,25.9,14.8,24.1,16.6,1019.1,1019.9,1016.0,99.3,90.8,81.9,9.4,9.3,8.2,5.2,2.7,10.1,0.75,0.73,0.7,Cloudy,Rain,Rain,0.9809551553491915,0.5934188866037015,0.788010753606722,-0.19423435121997218,0.8048937973559142,-0.6156614753256583
2024-01-06,19.7,18.7,81.8,0.9,25.0,rain,23.4,11.2,1018.4,82.5,6.6,6.0,0.83,Rain,0.10303137904317879,0.9946781061893646,0.4632960351198616,-0.8862035792312147,18.0,17.0,17.0,17.7,13.8,15.0,84.2,71.2,76.5,0.4,0.0,4.057,16.67,0.0,4.17,rain,noprecip,rain,19.8,22.0,36.7,11.2,14.8,24.1,1017.6,1019.1,1019.9,94.2,99.3,90.8,5.3,9.4,9.3,5.9,5.2,2.7,0.8,0.75,0.73,Rain,Cloudy,Rain,0.9477684100095858,0.9809551553491915,0.5934188866037015,-0.3189593092980697,-0.19423435121997218,0.8048937973559142
2024-01-07,19.0,18.3,80.6,0.9,25.0,rain,28.4,16.6,1018.2,70.0,8.2,10.0,0.86,Rain,0.1201261651823505,0.9927586335250793,0.7277727576572105,-0.6858183529273763,19.7,18.0,17.0,18.7,17.7,13.8,81.8,84.2,71.2,0.9,0.4,0.0,25.0,16.67,0.0,rain,rain,noprecip,23.4,19.8,22.0,11.2,11.2,14.8,1018.4,1017.6,1019.1,82.5,94.2,99.3,6.6,5.3,9.4,6.0,5.9,5.2,0.83,0.8,0.75,Rain,Rain,Cloudy,0.4632960351198616,0.9477684100095858,0.9809551553491915,-0.8862035792312147,-0.3189593092980697,-0.19423435121997218
2024-01-08,20.0,19.2,81.6,0.3,12.5,rain,29.2,20.5,1016.1,85.7,8.4,9.0,0.89,Rain,0.13718540405660057,0.9905453876091833,0.745475999682862,-0.6665324702494527,19.0,19.7,18.0,18.3,18.7,17.7,80.6,81.8,84.2,0.9,0.9,0.4,25.0,25.0,16.67,rain,rain,rain,28.4,23.4,19.8,16.6,11.2,11.2,1018.2,1018.4,1017.6,70.0,82.5,94.2,8.2,6.6,5.3,10.0,6.0,5.9,0.86,0.83,0.8,Rain,Rain,Rain,0.7277727576572105,0.4632960351198616,0.9477684100095858,-0.6858183529273763,-0.8862035792312147,-0.3189593092980697
2024-01-09,21.0,20.0,83.3,0.7,29.17,rain,25.2,18.4,1014.9,70.3,8.2,8.6,0.93,Rain,0.1542040475626894,0.988039023376751,0.7581343361976525,-0.652098403830392,20.0,19.0,19.7,19.2,18.3,18.7,81.6,80.6,81.8,0.3,0.9,0.9,12.5,25.0,25.0,rain,rain,rain,29.2,28.4,23.4,20.5,16.6,11.2,1016.1,1018.2,1018.4,85.7,70.0,82.5,8.4,8.2,6.6,9.0,10.0,6.0,0.89,0.86,0.83,Rain,Rain,Rain,0.745475999682862,0.7277727576572105,0.4632960351198616,-0.6665324702494527,-0.6858183529273763,-0.8862035792312147
2024-01-10,18.0,18.8,93.6,3.813,8.33,rain,27.4,18.4,1016.4,96.9,7.8,2.0,0.96,Rain,0.17117705961019986,0.985240282501282,0.9114032766354453,0.41151435860510865,21.0,20.0,19.0,20.0,19.2,18.3,83.3,81.6,80.6,0.7,0.3,0.9,29.17,12.5,25.0,rain,rain,rain,25.2,29.2,28.4,18.4,20.5,16.6,1014.9,1016.1,1018.2,70.3,85.7,70.0,8.2,8.4,8.2,8.6,9.0,10.0,0.93,0.89,0.86,Rain,Rain,Rain,0.7581343361976525,0.745475999682862,0.7277727576572105,-0.652098403830392,-0.6665324702494527,-0.6858183529273763
2024-01-11,17.0,16.5,93.7,7.975,16.67,rain,30.6,14.8,1017.6,100.0,7.8,2.1,0.0,Rain,0.18809941761179758,0.9821499931752291,0.36650122672429725,0.9304175679820246,18.0,21.0,20.0,18.8,20.0,19.2,93.6,83.3,81.6,3.813,0.7,0.3,8.33,29.17,12.5,rain,rain,rain,27.4,25.2,29.2,18.4,18.4,20.5,1016.4,1014.9,1016.1,96.9,70.3,85.7,7.8,8.2,8.4,2.0,8.6,9.0,0.96,0.93,0.89,Rain,Rain,Rain,0.9114032766354453,0.7581343361976525,0.745475999682862,0.41151435860510865,-0.652098403830392,-0.6665324702494527
2024-01-12,17.0,17.0,95.8,7.792,12.5,rain,18.0,9.4,1017.1,100.0,5.5,1.8,0.02,Rain,0.20496611396949532,0.9787690698649216,0.1856666153855772,0.9826127965436152,17.0,18.0,21.0,16.5,18.8,20.0,93.7,93.6,83.3,7.975,3.813,0.7,16.67,8.33,29.17,rain,rain,rain,30.6,27.4,25.2,14.8,18.4,18.4,1017.6,1016.4,1014.9,100.0,96.9,70.3,7.8,7.8,8.2,2.1,2.0,8.6,0.0,0.96,0.93,Rain,Rain,Rain,0.36650122672429725,0.9114032766354453,0.7581343361976525,0.9304175679820246,0.41151435860510865,-0.652098403830392
2024-01-13,18.0,17.5,94.9,3.574,12.5,rain,19.8,11.2,1018.1,99.5,6.6,1.8,0.06,Rain,0.22177215755648186,0.975098513039961,0.538770785006863,0.8424523970071476,17.0,17.0,18.0,17.0,16.5,18.8,95.8,93.7,93.6,7.792,7.975,3.813,12.5,16.67,8.33,rain,rain,rain,18.0,30.6,27.4,9.4,14.8,18.4,1017.1,1017.6,1016.4,100.0,100.0,96.9,5.5,7.8,7.8,1.8,2.1,2.0,0.02,0.0,0.96,Rain,Rain,Rain,0.1856666153855772,0.36650122672429725,0.9114032766354453,0.9826127965436152,0.9304175679820246,0.41151435860510865
2024-01-14,18.0,18.1,92.7,1.558,12.5,rain,12.6,9.4,1019.6,98.9,6.7,3.2,0.1,Rain,0.23851257519407648,0.9711394088771653,0.5750052520432786,0.8181497174250234,18.0,17.0,17.0,17.5,17.0,16.5,94.9,95.8,93.7,3.574,7.792,7.975,12.5,12.5,16.67,rain,rain,rain,19.8,18.0,30.6,11.2,9.4,14.8,1018.1,1017.1,1017.6,99.5,100.0,100.0,6.6,5.5,7.8,1.8,1.8,2.1,0.06,0.02,0.0,Rain,Rain,Rain,0.538770785006863,0.1856666153855772,0.36650122672429725,0.8424523970071476,0.9826127965436152,0.9304175679820246
2024-01-15,19.0,18.7,85.8,0.099,4.17,rain,28.4,11.2,1019.6,75.1,7.2,10.0,0.13,Rain,0.2551824131233728,0.9668929289391521,0.8941542368393682,-0.4477590878387696,18.0,18.0,17.0,18.1,17.5,17.0,92.7,94.9,95.8,1.558,3.574,7.792,12.5,12.5,12.5,rain,rain,rain,12.6,19.8,18.0,9.4,11.2,9.4,1019.6,1018.1,1017.1,98.9,99.5,100.0,6.7,6.6,5.5,3.2,1.8,1.8,0.1,0.06,0.02,Rain,Rain,Rain,0.5750052520432786,0.538770785006863,0.1856666153855772,0.8181497174250234,0.8424523970071476,0.9826127965436152
2024-01-16,18.0,17.9,85.9,2.187,4.17,rain,22.3,13.0,1018.8,84.3,8.5,3.3,0.17,Rain,0.2717767384711357,0.9623603298276545,0.9402881270104189,-0.3403795502130502,19.0,18.0,18.0,18.7,18.1,17.5,85.8,92.7,94.9,0.099,1.558,3.574,4.17,12.5,12.5,rain,rain,rain,28.4,12.6,19.8,11.2,9.4,11.2,1019.6,1019.6,1018.1,75.1,98.9,99.5,7.2,6.7,6.6,10.0,3.2,1.8,0.13,0.1,0.06,Rain,Rain,Rain,0.8941542368393682,0.5750052520432786,0.538770785006863,-0.4477590878387696,0.8181497174250234,0.8424523970071476
2024-01-17,19.0,19.4,93.9,8.909,8.33,rain,29.9,16.6,1017.2,96.0,6.3,6.8,0.2,Rain,0.2882906407095177,0.9575429528116719,0.8779829754279805,-0.47869185794060676,18.0,19.0,18.0,17.9,18.7,18.1,85.9,85.8,92.7,2.187,0.099,1.558,4.17,4.17,12.5,rain,rain,rain,22.3,28.4,12.6,13.0,11.2,9.4,1018.8,1019.6,1019.6,84.3,75.1,98.9,8.5,7.2,6.7,3.3,10.0,3.2,0.17,0.13,0.1,Rain,Rain,Rain,0.9402881270104189,0.8941542368393682,0.5750052520432786,-0.3403795502130502,-0.4477590878387696,0.8181497174250234
2024-01-18,20.0,19.5,84.3,0.693,4.17,rain,31.3,20.5,1015.2,72.8,8.5,10.7,0.25,Rain,0.3047192331091634,0.9524422234305676,0.6691306063588583,-0.743144825477394,19.0,18.0,19.0,19.4,17.9,18.7,93.9,85.9,85.8,8.909,2.187,0.099,8.33,4.17,4.17,rain,rain,rain,29.9,22.3,28.4,16.6,13.0,11.2,1017.2,1018.8,1019.6,96.0,84.3,75.1,6.3,8.5,7.2,6.8,3.3,10.0,0.2,0.17,0.13,Rain,Rain,Rain,0.8779829754279805,0.9402881270104189,0.8941542368393682,-0.47869185794060676,-0.3403795502130502,-0.4477590878387696
2024-01-19,20.0,19.9,85.2,0.032,4.17,rain,32.0,22.3,1014.0,79.1,8.3,12.0,0.27,Rain,0.321057654185271,0.9470596510722283,0.8181497174250237,-0.5750052520432782,20.0,19.0,18.0,19.5,19.4,17.9,84.3,93.9,85.9,0.693,8.909,2.187,4.17,8.33,4.17,rain,rain,rain,31.3,29.9,22.3,20.5,16.6,13.0,1015.2,1017.2,1018.8,72.8,96.0,84.3,8.5,6.3,8.5,10.7,6.8,3.3,0.25,0.2,0.17,Rain,Rain,Rain,0.6691306063588583,0.8779829754279805,0.9402881270104189,-0.743144825477394,-0.47869185794060676,-0.3403795502130502
2024-01-20,19.0,19.7,82.4,1.7,29.17,rain,40.3,20.5,1014.7,87.3,8.9,10.1,0.31,Rain,0.3373010691361842,0.9413968285264122,0.8260982944957639,-0.5635260489375714,20.0,20.0,19.0,19.9,19.5,19.4,85.2,84.3,93.9,0.032,0.693,8.909,4.17,4.17,8.33,rain,rain,rain,32.0,31.3,29.9,22.3,20.5,16.6,1014.0,1015.2,1017.2,79.1,72.8,96.0,8.3,8.5,6.3,12.0,10.7,6.8,0.27,0.25,0.2,Rain,Rain,Rain,0.8181497174250237,0.6691306063588583,0.8779829754279805,-0.5750052520432782,-0.743144825477394,-0.47869185794060676
2024-01-21,14.0,14.9,92.0,0.99,8.33,rain,21.2,20.5,1018.3,100.0,7.8,2.2,0.34,Rain,0.3534446712740877,0.9354554315134164,0.8433914458128857,0.5372996083468239,19.0,20.0,20.0,19.7,19.9,19.5,82.4,85.2,84.3,1.7,0.032,0.693,29.17,4.17,4.17,rain,rain,rain,40.3,32.0,31.3,20.5,22.3,20.5,1014.7,1014.0,1015.2,87.3,79.1,72.8,8.9,8.3,8.5,10.1,12.0,10.7,0.31,0.27,0.25,Rain,Rain,Rain,0.8260982944957639,0.8181497174250237,0.6691306063588583,-0.5635260489375714,-0.5750052520432782,-0.743144825477394
2024-01-22,8.2,9.2,81.9,3.792,12.5,rain,36.4,22.3,1023.4,100.0,8.4,2.0,0.38,Rain,0.3694836834473831,0.9292372181882051,0.5635260489375714,0.8260982944957639,14.0,19.0,20.0,14.9,19.7,19.9,92.0,82.4,85.2,0.99,1.7,0.032,8.33,29.17,4.17,rain,rain,rain,21.2,40.3,32.0,20.5,20.5,22.3,1018.3,1014.7,1014.0,100.0,87.3,79.1,7.8,8.9,8.3,2.2,10.1,12.0,0.34,0.31,0.27,Rain,Rain,Rain,0.8433914458128857,0.8260982944957639,0.8181497174250237,0.5372996083468239,-0.5635260489375714,-0.5750052520432782
2024-01-23,6.4,4.2,66.5,0.198,4.17,rain,27.4,16.6,1029.0,89.1,10.0,2.9,0.41,Rain,0.38541335945432564,0.9227440286201427,0.4832823832550024,0.8754645270000179,8.2,14.0,19.0,9.2,14.9,19.7,81.9,92.0,82.4,3.792,0.99,1.7,12.5,8.33,29.17,rain,rain,rain,36.4,21.2,40.3,22.3,20.5,20.5,1023.4,1018.3,1014.7,100.0,100.0,87.3,8.4,7.8,8.9,2.0,2.2,10.1,0.38,0.34,0.31,Rain,Rain,Rain,0.5635260489375714,0.8433914458128857,0.8260982944957639,0.8260982944957639,0.5372996083468239,-0.5635260489375714
2024-01-24,6.5,3.9,65.2,0.0,0.0,noprecip,23.4,18.4,1029.3,99.1,10.0,6.2,0.45,Cloudy,0.4012289854475009,0.9159777842484877,0.34529819899853464,0.9384930227595559,6.4,8.2,14.0,4.2,9.2,14.9,66.5,81.9,92.0,0.198,3.792,0.99,4.17,12.5,8.33,rain,rain,rain,27.4,36.4,21.2,16.6,22.3,20.5,1029.0,1023.4,1018.3,89.1,100.0,100.0,10.0,8.4,7.8,2.9,2.0,2.2,0.41,0.38,0.34,Rain,Rain,Rain,0.4832823832550024,0.5635260489375714,0.8433914458128857,0.8754645270000179,0.8260982944957639,0.5372996083468239
2024-01-25,8.2,4.4,62.6,0.0,0.0,noprecip,20.9,13.0,1029.1,96.1,9.9,7.1,0.48,Cloudy,0.4169258813287287,0.908940487313808,0.3305143927132231,0.9438009515832294,6.5,6.4,8.2,3.9,4.2,9.2,65.2,66.5,81.9,0.0,0.198,3.792,0.0,4.17,12.5,noprecip,rain,rain,23.4,27.4,36.4,18.4,16.6,22.3,1029.3,1029.0,1023.4,99.1,89.1,100.0,10.0,10.0,8.4,6.2,2.9,2.0,0.45,0.41,0.38,Cloudy,Rain,Rain,0.34529819899853464,0.4832823832550024,0.5635260489375714,0.9384930227595559,0.8754645270000179,0.8260982944957639
2024-01-26,11.0,5.6,65.1,0.001,4.17,rain,20.5,18.4,1027.9,99.0,10.0,5.2,0.5,Rain,0.4324994021339788,0.901634220265486,0.294040325232304,0.9557930147983301,8.2,6.5,6.4,4.4,3.9,4.2,62.6,65.2,66.5,0.0,0.0,0.198,0.0,0.0,4.17,noprecip,noprecip,rain,20.9,23.4,27.4,13.0,18.4,16.6,1029.1,1029.3,1029.0,96.1,99.1,89.1,9.9,10.0,10.0,7.1,6.2,2.9,0.48,0.45,0.41,Cloudy,Cloudy,Rain,0.3305143927132231,0.34529819899853464,0.4832823832550024,0.9438009515832294,0.9384930227595559,0.8754645270000179
2024-01-27,6.7,7.4,80.2,2.386,12.5,rain,19.8,16.6,1026.9,99.1,8.6,3.1,0.55,Rain,0.44794493940789115,0.8940611451454876,0.3778407868184671,0.9258705848099947,11.0,8.2,6.5,5.6,4.4,3.9,65.1,62.6,65.2,0.001,0.0,0.0,4.17,0.0,0.0,rain,noprecip,noprecip,20.5,20.9,23.4,18.4,13.0,18.4,1027.9,1029.1,1029.3,99.0,96.1,99.1,10.0,9.9,10.0,5.2,7.1,6.2,0.5,0.48,0.45,Rain,Cloudy,Cloudy,0.294040325232304,0.3305143927132231,0.34529819899853464,0.9557930147983301,0.9438009515832294,0.9384930227595559
2024-01-28,11.0,7.2,70.8,0.9,12.5,rain,21.6,16.6,1026.7,99.8,10.0,3.4,0.58,Rain,0.4632579225674917,0.88622350294858,0.3485720473218152,0.9372819894918916,6.7,11.0,8.2,7.4,5.6,4.4,80.2,65.1,62.6,2.386,0.001,0.0,12.5,4.17,0.0,rain,rain,noprecip,19.8,20.5,20.9,16.6,18.4,13.0,1026.9,1027.9,1029.1,99.1,99.0,96.1,8.6,10.0,9.9,3.1,5.2,7.1,0.55,0.5,0.48,Rain,Rain,Cloudy,0.3778407868184671,0.294040325232304,0.3305143927132231,0.9258705848099947,0.9557930147983301,0.9438009515832294
2024-01-29,11.0,10.1,83.0,4.057,4.17,rain,19.1,11.2,1023.1,99.2,9.0,8.2,0.61,Rain,0.4784338202547012,0.8781236129591848,0.11146893220632548,0.9937679191605964,11.0,6.7,11.0,7.2,7.4,5.6,70.8,80.2,65.1,0.9,2.386,0.001,12.5,12.5,4.17,rain,rain,rain,21.6,19.8,20.5,16.6,16.6,18.4,1026.7,1026.9,1027.9,99.8,99.1,99.0,10.0,8.6,10.0,3.4,3.1,5.2,0.58,0.55,0.5,Rain,Rain,Rain,0.3485720473218152,0.3778407868184671,0.294040325232304,0.9372819894918916,0.9258705848099947,0.9557930147983301
2024-01-30,13.0,13.1,89.2,0.1,8.33,rain,15.8,7.6,1019.5,97.0,5.3,8.9,0.65,Rain,0.49346814167723735,0.8697638720650646,0.06453230825295797,0.997915618272179,11.0,11.0,6.7,10.1,7.2,7.4,83.0,70.8,80.2,4.057,0.9,2.386,4.17,12.5,12.5,rain,rain,rain,19.1,21.6,19.8,11.2,16.6,16.6,1023.1,1026.7,1026.9,99.2,99.8,99.1,9.0,10.0,8.6,8.2,3.4,3.1,0.61,0.58,0.55,Rain,Rain,Rain,0.11146893220632548,0.3485720473218152,0.3778407868184671,0.9937679191605964,0.9372819894918916,0.9258705848099947
2024-01-31,15.0,15.6,92.8,0.303,12.5,rain,18.7,11.2,1017.1,94.1,4.3,6.7,0.68,Rain,0.5083564379375122,0.8611467540480452,-0.895711760239413,0.44463517918492707,13.0,11.0,11.0,13.1,10.1,7.2,89.2,83.0,70.8,0.1,4.057,0.9,8.33,4.17,12.5,rain,rain,rain,15.8,19.1,21.6,7.6,11.2,16.6,1019.5,1023.1,1026.7,97.0,99.2,99.8,5.3,9.0,10.0,8.9,8.2,3.4,0.65,0.61,0.58,Rain,Rain,Rain,0.06453230825295797,0.11146893220632548,0.3485720473218152,0.997915618272179,0.9937679191605964,0.9372819894918916
2024-02-01,17.0,17.7,92.5,0.497,8.33,rain,20.2,11.2,1016.1,93.1,3.7,7.9,0.71,Rain,0.5230943033491326,0.8522748088519838,-0.9997426093226983,0.022687333572781538,15.0,13.0,11.0,15.6,13.1,10.1,92.8,89.2,83.0,0.303,0.1,4.057,12.5,8.33,4.17,rain,rain,rain,18.7,15.8,19.1,11.2,7.6,11.2,1017.1,1019.5,1023.1,94.1,97.0,99.2,4.3,5.3,9.0,6.7,8.9,8.2,0.68,0.65,0.61,Rain,Rain,Rain,-0.895711760239413,0.06453230825295797,0.11146893220632548,0.44463517918492707,0.997915618272179,0.9937679191605964
2024-02-02,19.7,20.0,89.7,0.5,16.67,rain,34.6,22.3,1014.4,83.9,4.3,9.3,0.75,Rain,0.5376773767406141,0.8431506618282,0.7793379649314741,-0.6266038113644605,17.0,15.0,13.0,17.7,15.6,13.1,92.5,92.8,89.2,0.497,0.303,0.1,8.33,12.5,8.33,rain,rain,rain,20.2,18.7,15.8,11.2,11.2,7.6,1016.1,1017.1,1019.5,93.1,94.1,97.0,3.7,4.3,5.3,7.9,6.7,8.9,0.71,0.68,0.65,Rain,Rain,Rain,-0.9997426093226983,-0.895711760239413,0.06453230825295797,0.022687333572781538,0.44463517918492707,0.997915618272179
2024-02-03,21.0,20.6,91.2,0.605,12.5,rain,40.7,22.3,1014.8,96.9,7.8,6.9,0.75,Rain,0.5521013427459208,0.8337770129585915,0.8241261886220158,-0.5664062369248326,19.7,17.0,15.0,20.0,17.7,15.6,89.7,92.5,92.8,0.5,0.497,0.303,16.67,8.33,12.5,rain,rain,rain,34.6,20.2,18.7,22.3,11.2,11.2,1014.4,1016.1,1017.1,83.9,93.1,94.1,4.3,3.7,4.3,9.3,7.9,6.7,0.75,0.71,0.68,Rain,Rain,Rain,0.7793379649314741,-0.9997426093226983,-0.895711760239413,-0.6266038113644605,0.022687333572781538,0.44463517918492707
2024-02-04,21.0,21.1,86.3,0.407,8.33,rain,28.1,20.5,1013.7,73.6,7.5,13.2,0.81,Rain,0.5663619330814524,0.8241566360566663,0.7384553406258838,-0.6743023875837234,21.0,19.7,17.0,20.6,20.0,17.7,91.2,89.7,92.5,0.605,0.5,0.497,12.5,16.67,8.33,rain,rain,rain,40.7,34.6,20.2,22.3,22.3,11.2,1014.8,1014.4,1016.1,96.9,83.9,93.1,7.8,4.3,3.7,6.9,9.3,7.9,0.75,0.75,0.71,Rain,Rain,Rain,0.8241261886220158,0.7793379649314741,-0.9997426093226983,-0.5664062369248326,-0.6266038113644605,0.022687333572781538
2024-02-05,21.0,21.5,88.5,2.5,50.0,rain,34.2,22.3,1014.4,90.9,7.5,6.0,0.84,Rain,0.580454927809098,0.8142923779467267,0.6996633405133657,-0.7144726796328031,21.0,21.0,19.7,21.1,20.6,20.0,86.3,91.2,89.7,0.407,0.605,0.5,8.33,12.5,16.67,rain,rain,rain,28.1,40.7,34.6,20.5,22.3,22.3,1013.7,1014.8,1014.4,73.6,96.9,83.9,7.5,7.8,4.3,13.2,6.9,9.3,0.81,0.75,0.75,Rain,Rain,Rain,0.7384553406258838,0.8241261886220158,0.7793379649314741,-0.6743023875837234,-0.5664062369248326,-0.6266038113644605
2024-02-06,19.0,19.9,92.4,0.103,8.33,rain,29.5,20.5,1015.5,99.2,5.4,4.8,0.88,Rain,0.5943761565849831,0.804187157621448,0.8972583696743285,-0.44150585279174515,21.0,21.0,21.0,21.5,21.1,20.6,88.5,86.3,91.2,2.5,0.407,0.605,50.0,8.33,12.5,rain,rain,rain,34.2,28.1,40.7,22.3,20.5,22.3,1014.4,1013.7,1014.8,90.9,73.6,96.9,7.5,7.5,7.8,6.0,13.2,6.9,0.84,0.81,0.75,Rain,Rain,Rain,0.6996633405133657,0.7384553406258838,0.8241261886220158,-0.7144726796328031,-0.6743023875837234,-0.5664062369248326
2024-02-07,13.0,14.4,91.1,0.396,4.17,rain,26.3,22.3,1015.6,100.0,7.2,3.1,0.91,Rain,0.6081214998935418,0.7938439653781019,0.8424523970071476,0.538770785006863,19.0,21.0,21.0,19.9,21.5,21.1,92.4,88.5,86.3,0.103,2.5,0.407,8.33,50.0,8.33,rain,rain,rain,29.5,34.2,28.1,20.5,22.3,20.5,1015.5,1014.4,1013.7,99.2,90.9,73.6,5.4,7.5,7.5,4.8,6.0,13.2,0.88,0.84,0.81,Rain,Rain,Rain,0.8972583696743285,0.6996633405133657,0.7384553406258838,-0.44150585279174515,-0.7144726796328031,-0.6743023875837234
2024-02-08,12.0,9.2,76.2,0.105,12.5,rain,24.1,22.3,1018.5,100.0,9.9,4.2,0.94,Rain,0.6216868902665479,0.7832658619336791,0.7592713073348808,0.6507742172658509,13.0,19.0,21.0,14.4,19.9,21.5,91.1,92.4,88.5,0.396,0.103,2.5,4.17,8.33,50.0,rain,rain,rain,26.3,29.5,34.2,22.3,20.5,22.3,1015.6,1015.5,1014.4,100.0,99.2,90.9,7.2,5.4,7.5,3.1,4.8,6.0,0.91,0.88,0.84,Rain,Rain,Rain,0.8424523970071476,0.8972583696743285,0.6996633405133657,0.538770785006863,-0.44150585279174515,-0.7144726796328031
2024-02-09,12.0,8.7,67.8,0.002,4.17,rain,27.4,18.4,1024.7,95.0,10.0,6.9,0.98,Rain,0.6350683134867438,0.7724559775191742,0.06104853953485687,0.9981347984218669,12.0,13.0,19.0,9.2,14.4,19.9,76.2,91.1,92.4,0.105,0.396,0.103,12.5,4.17,8.33,rain,rain,rain,24.1,26.3,29.5,22.3,22.3,20.5,1018.5,1015.6,1015.5,100.0,100.0,99.2,9.9,7.2,5.4,4.2,3.1,4.8,0.94,0.91,0.88,Rain,Rain,Rain,0.7592713073348808,0.8424523970071476,0.8972583696743285,0.6507742172658509,0.538770785006863,-0.44150585279174515
2024-02-10,15.0,9.7,62.7,0.0,0.0,noprecip,23.8,11.2,1027.3,52.9,8.9,9.7,0.0,Cloudy,0.6482618097757122,0.7614175109532997,-0.15815806725448367,0.9874138067509114,12.0,12.0,13.0,8.7,9.2,14.4,67.8,76.2,91.1,0.002,0.105,0.396,4.17,12.5,4.17,rain,rain,rain,27.4,24.1,26.3,18.4,22.3,22.3,1024.7,1018.5,1015.6,95.0,100.0,100.0,10.0,9.9,7.2,6.9,4.2,3.1,0.98,0.94,0.91,Rain,Rain,Rain,0.06104853953485687,0.7592713073348808,0.8424523970071476,0.9981347984218669,0.6507742172658509,0.538770785006863
2024-02-11,15.7,9.2,55.5,0.0,0.0,noprecip,19.1,14.8,1026.8,55.5,10.4,14.0,0.04,Cloudy,0.6612634749656386,0.7501537286959042,0.8607420270039435,0.5090414157503714,15.0,12.0,12.0,9.7,8.7,9.2,62.7,67.8,76.2,0.0,0.002,0.105,0.0,4.17,12.5,noprecip,rain,rain,23.8,27.4,24.1,11.2,18.4,22.3,1027.3,1024.7,1018.5,52.9,95.0,100.0,8.9,10.0,9.9,9.7,6.9,4.2,0.0,0.98,0.94,Cloudy,Rain,Rain,-0.15815806725448367,0.06104853953485687,0.7592713073348808,0.9874138067509114,0.9981347984218669,0.6507742172658509
2024-02-12,12.0,12.3,70.0,0.0,0.0,noprecip,28.8,18.4,1023.4,9.6,9.4,19.1,0.08,Clear,0.6740694616546161,0.7386679638813748,0.8300122850953675,-0.5577451089796901,15.7,15.0,12.0,9.2,9.7,8.7,55.5,62.7,67.8,0.0,0.0,0.002,0.0,0.0,4.17,noprecip,noprecip,rain,19.1,23.8,27.4,14.8,11.2,18.4,1026.8,1027.3,1024.7,55.5,52.9,95.0,10.4,8.9,10.0,14.0,9.7,6.9,0.04,0.0,0.98,Cloudy,Cloudy,Rain,0.8607420270039435,-0.15815806725448367,0.06104853953485687,0.5090414157503714,0.9874138067509114,0.9981347984218669
2024-02-13,16.0,16.7,79.5,0.0,0.0,noprecip,31.7,18.4,1019.9,69.2,8.6,10.7,0.11,Cloudy,0.6866759803451553,0.726963615332308,0.6845471059286885,-0.7289686274214117,12.0,15.7,15.0,12.3,9.2,9.7,70.0,55.5,62.7,0.0,0.0,0.0,0.0,0.0,0.0,noprecip,noprecip,noprecip,28.8,19.1,23.8,18.4,14.8,11.2,1023.4,1026.8,1027.3,9.6,55.5,52.9,9.4,10.4,8.9,19.1,14.0,9.7,0.08,0.04,0.0,Clear,Cloudy,Cloudy,0.8300122850953675,0.8607420270039435,-0.15815806725448367,-0.5577451089796901,0.5090414157503714,0.9874138067509114
2024-02-14,20.0,18.3,80.8,0.4,12.5,rain,36.7,18.4,1017.5,92.3,10.0,8.0,0.15,Rain,0.6990793005655562,0.7150441465537444,0.7169106076504829,-0.6971651028545645,16.0,12.0,15.7,16.7,12.3,9.2,79.5,70.0,55.5,0.0,0.0,0.0,0.0,0.0,0.0,noprecip,noprecip,noprecip,31.7,28.8,19.1,18.4,18.4,14.8,1019.9,1023.4,1026.8,69.2,9.6,55.5,8.6,9.4,10.4,10.7,19.1,14.0,0.11,0.08,0.04,Cloudy,Clear,Cloudy,0.6845471059286885,0.8300122850953675,0.8607420270039435,-0.7289686274214117,-0.5577451089796901,0.5090414157503714
2024-02-15,19.0,19.1,87.8,1.6,29.17,rain,17.6,14.8,1018.5,79.7,8.3,5.1,0.18,Rain,0.7112757519738152,0.7029130847082615,0.9048270524660195,-0.4257792915650727,20.0,16.0,12.0,18.3,16.7,12.3,80.8,79.5,70.0,0.4,0.0,0.0,12.5,0.0,0.0,rain,noprecip,noprecip,36.7,31.7,28.8,18.4,18.4,18.4,1017.5,1019.9,1023.4,92.3,69.2,9.6,10.0,8.6,9.4,8.0,10.7,19.1,0.15,0.11,0.08,Rain,Cloudy,Clear,0.7169106076504829,0.6845471059286885,0.8300122850953675,-0.6971651028545645,-0.7289686274214117,-0.5577451089796901
2024-02-16,19.0,18.2,83.5,1.0,16.67,rain,27.0,14.8,1018.7,55.5,6.8,7.7,0.25,Rain,0.7232617254437388,0.6905740195722294,0.8729220772698095,-0.48785965913873286,19.0,20.0,16.0,19.1,18.3,16.7,87.8,80.8,79.5,1.6,0.4,0.0,29.17,12.5,0.0,rain,rain,noprecip,17.6,36.7,31.7,14.8,18.4,18.4,1018.5,1017.5,1019.9,79.7,92.3,69.2,8.3,10.0,8.6,5.1,8.0,10.7,0.18,0.15,0.11,Rain,Rain,Cloudy,0.9048270524660195,0.7169106076504829,0.6845471059286885,-0.4257792915650727,-0.6971651028545645,-0.7289686274214117
2024-02-17,17.0,18.2,83.5,0.0,0.0,noprecip,36.4,22.3,1013.3,85.0,7.8,9.8,0.25,Cloudy,0.7350336741329412,0.6780306024735382,0.8729220772698095,-0.48785965913873286,19.0,19.0,20.0,18.2,19.1,18.3,83.5,87.8,80.8,1.0,1.6,0.4,16.67,29.17,12.5,rain,rain,rain,27.0,17.6,36.7,14.8,14.8,18.4,1018.7,1018.5,1017.5,55.5,79.7,92.3,6.8,8.3,10.0,7.7,5.1,8.0,0.25,0.18,0.15,Rain,Rain,Rain,0.8729220772698095,0.9048270524660195,0.7169106076504829,-0.48785965913873286,-0.4257792915650727,-0.6971651028545645
2024-02-18,21.0,20.9,86.3,0.0,0.0,noprecip,28.1,18.4,1011.3,91.8,7.6,15.3,0.28,Cloudy,0.746588114532413,0.6652865452111116,0.8553642601605067,-0.5180270093731301,17.0,19.0,19.0,18.2,18.2,19.1,83.5,83.5,87.8,0.0,1.0,1.6,0.0,16.67,29.17,noprecip,rain,rain,36.4,27.0,17.6,22.3,14.8,14.8,1013.3,1018.7,1018.5,85.0,55.5,79.7,7.8,6.8,8.3,9.8,7.7,5.1,0.25,0.25,0.18,Cloudy,Rain,Rain,0.8729220772698095,0.8729220772698095,0.9048270524660195,-0.48785965913873286,-0.48785965913873286,-0.4257792915650727
2024-02-19,22.0,22.4,89.3,0.0,0.0,noprecip,34.9,22.3,1010.8,90.7,8.0,15.8,0.32,Cloudy,0.7579216274973472,0.6523456189565257,0.8517269341430477,-0.523985905970079,21.0,17.0,19.0,20.9,18.2,18.2,86.3,83.5,83.5,0.0,0.0,1.0,0.0,0.0,16.67,noprecip,noprecip,rain,28.1,36.4,27.0,18.4,22.3,14.8,1011.3,1013.3,1018.7,91.8,85.0,55.5,7.6,7.8,6.8,15.3,9.8,7.7,0.28,0.25,0.25,Cloudy,Cloudy,Rain,0.8553642601605067,0.8729220772698095,0.8729220772698095,-0.5180270093731301,-0.48785965913873286,-0.48785965913873286
2024-02-20,23.0,22.7,92.1,0.002,4.17,rain,37.4,22.3,1009.1,93.6,5.2,17.0,0.35,Rain,0.7690308592589181,0.6392116531380588,0.8737722230354653,-0.4863353804234904,22.0,21.0,17.0,22.4,20.9,18.2,89.3,86.3,83.5,0.0,0.0,0.0,0.0,0.0,0.0,noprecip,noprecip,noprecip,34.9,28.1,36.4,22.3,18.4,22.3,1010.8,1011.3,1013.3,90.7,91.8,85.0,8.0,7.6,7.8,15.8,15.3,9.8,0.32,0.28,0.25,Cloudy,Cloudy,Cloudy,0.8517269341430477,0.8553642601605067,0.8729220772698095,-0.523985905970079,-0.5180270093731301,-0.48785965913873286
2024-02-21,24.0,22.9,87.3,0.3,4.17,rain,31.0,20.5,1009.4,95.1,7.9,18.5,0.39,Rain,0.7799125224167177,0.6258885343075018,0.8972583696743285,-0.44150585279174515,23.0,22.0,21.0,22.7,22.4,20.9,92.1,89.3,86.3,0.002,0.0,0.0,4.17,0.0,0.0,rain,noprecip,noprecip,37.4,34.9,28.1,22.3,22.3,18.4,1009.1,1010.8,1011.3,93.6,90.7,91.8,5.2,8.0,7.6,17.0,15.8,15.3,0.35,0.32,0.28,Rain,Cloudy,Cloudy,0.8737722230354653,0.8517269341430477,0.8553642601605067,-0.4863353804234904,-0.523985905970079,-0.5180270093731301
2024-02-22,22.7,23.0,94.6,0.793,12.5,rain,35.6,18.4,1012.6,96.8,4.8,9.8,0.42,Rain,0.7905633969115482,0.612380204990065,0.9142539552342638,-0.4051415867798625,24.0,23.0,22.0,22.9,22.7,22.4,87.3,92.1,89.3,0.3,0.002,0.0,4.17,4.17,0.0,rain,rain,noprecip,31.0,37.4,34.9,20.5,22.3,22.3,1009.4,1009.1,1010.8,95.1,93.6,90.7,7.9,5.2,8.0,18.5,17.0,15.8,0.39,0.35,0.32,Rain,Rain,Cloudy,0.8972583696743285,0.8737722230354653,0.8517269341430477,-0.44150585279174515,-0.4863353804234904,-0.523985905970079
2024-02-23,15.0,18.0,95.4,6.932,8.33,rain,26.3,22.3,1016.4,97.9,4.2,3.6,0.45,Rain,0.8009803309782905,0.5986906625177214,0.9316912275855489,0.36325123047297836,22.7,24.0,23.0,23.0,22.9,22.7,94.6,87.3,92.1,0.793,0.3,0.002,12.5,4.17,4.17,rain,rain,rain,35.6,31.0,37.4,18.4,20.5,22.3,1012.6,1009.4,1009.1,96.8,95.1,93.6,4.8,7.9,5.2,9.8,18.5,17.0,0.42,0.39,0.35,Rain,Rain,Rain,0.9142539552342638,0.8972583696743285,0.8737722230354653,-0.4051415867798625,-0.44150585279174515,-0.4863353804234904
2024-02-24,12.0,12.2,94.8,1.653,12.5,rain,22.7,22.3,1020.4,99.4,6.4,2.8,0.5,Rain,0.8111602420785621,0.5848239578463322,0.6832737736807992,0.7301622766207523,15.0,22.7,24.0,18.0,23.0,22.9,95.4,94.6,87.3,6.932,0.793,0.3,8.33,12.5,4.17,rain,rain,rain,26.3,35.6,31.0,22.3,18.4,20.5,1016.4,1012.6,1009.4,97.9,96.8,95.1,4.2,4.8,7.9,3.6,9.8,18.5,0.45,0.42,0.39,Rain,Rain,Rain,0.9316912275855489,0.9142539552342638,0.8972583696743285,0.36325123047297836,-0.4051415867798625,-0.44150585279174515
2024-02-25,11.0,11.1,88.4,0.714,4.17,rain,18.7,13.0,1021.0,99.5,9.3,3.6,0.52,Rain,0.8211001178128892,0.5707841943569036,0.6704266189587991,0.7419758409756164,12.0,15.0,22.7,12.2,18.0,23.0,94.8,95.4,94.6,1.653,6.932,0.793,12.5,8.33,12.5,rain,rain,rain,22.7,26.3,35.6,22.3,22.3,18.4,1020.4,1016.4,1012.6,99.4,97.9,96.8,6.4,4.2,4.8,2.8,3.6,9.8,0.5,0.45,0.42,Rain,Rain,Rain,0.6832737736807992,0.9316912275855489,0.9142539552342638,0.7301622766207523,0.36325123047297836,-0.4051415867798625
2024-02-26,12.0,11.8,89.2,0.204,8.33,rain,19.4,16.6,1020.7,100.0,7.6,5.8,0.56,Rain,0.8307970168121247,0.5565755266413303,0.6896195437356698,0.7241718614374675,11.0,12.0,15.0,11.1,12.2,18.0,88.4,94.8,95.4,0.714,1.653,6.932,4.17,12.5,8.33,rain,rain,rain,18.7,22.7,26.3,13.0,22.3,22.3,1021.0,1020.4,1016.4,99.5,99.4,97.9,9.3,6.4,4.2,3.6,2.8,3.6,0.52,0.5,0.45,Rain,Rain,Rain,0.6704266189587991,0.6832737736807992,0.9316912275855489,0.7419758409756164,0.7301622766207523,0.36325123047297836
2024-02-27,12.0,10.4,83.8,0.603,12.5,rain,21.2,18.4,1021.0,99.5,9.8,3.9,0.59,Rain,0.8402480696078469,0.5422021592729844,0.6768759696826607,0.7360970871197343,12.0,11.0,12.0,11.8,11.1,12.2,89.2,88.4,94.8,0.204,0.714,1.653,8.33,4.17,12.5,rain,rain,rain,19.4,18.7,22.7,16.6,13.0,22.3,1020.7,1021.0,1020.4,100.0,99.5,99.4,7.6,9.3,6.4,5.8,3.6,2.8,0.56,0.52,0.5,Rain,Rain,Rain,0.6896195437356698,0.6704266189587991,0.6832737736807992,0.7241718614374675,0.7419758409756164,0.7301622766207523
2024-02-28,12.0,12.2,91.2,0.103,8.33,rain,14.4,13.0,1017.1,100.0,7.6,5.9,0.62,Rain,0.8494504794814806,0.527668345562516,0.8120835268918062,0.5835412113561176,12.0,12.0,11.0,10.4,11.8,11.1,83.8,89.2,88.4,0.603,0.204,0.714,12.5,8.33,4.17,rain,rain,rain,21.2,19.4,18.7,18.4,16.6,13.0,1021.0,1020.7,1021.0,99.5,100.0,99.5,9.8,7.6,9.3,3.9,5.8,3.6,0.59,0.56,0.52,Rain,Rain,Rain,0.6768759696826607,0.6896195437356698,0.6704266189587991,0.7360970871197343,0.7241718614374675,0.7419758409756164
2024-02-29,13.0,11.9,84.5,0.8,12.5,rain,27.4,18.4,1018.5,100.0,8.2,4.6,0.66,Rain,0.8584015232918917,0.512978386299228,0.49848773975383026,0.8668967489356028,12.0,12.0,12.0,12.2,10.4,11.8,91.2,83.8,89.2,0.103,0.603,0.204,8.33,12.5,8.33,rain,rain,rain,14.4,21.2,19.4,13.0,18.4,16.6,1017.1,1021.0,1020.7,100.0,99.5,100.0,7.6,9.8,7.6,5.9,3.9,5.8,0.62,0.59,0.56,Rain,Rain,Rain,0.8120835268918062,0.6768759696826607,0.6896195437356698,0.5835412113561176,0.7360970871197343,0.7241718614374675
2024-03-01,13.0,8.9,69.5,0.002,4.17,rain,25.2,18.4,1022.2,100.0,10.0,5.0,0.69,Rain,0.8670985522812081,0.4981366284784055,0.6073758397232867,0.7944146205354181,13.0,12.0,12.0,11.9,12.2,10.4,84.5,91.2,83.8,0.8,0.103,0.603,12.5,8.33,12.5,rain,rain,rain,27.4,14.4,21.2,18.4,13.0,18.4,1018.5,1017.1,1021.0,100.0,100.0,99.5,8.2,7.6,9.8,4.6,5.9,3.9,0.66,0.62,0.59,Rain,Rain,Rain,0.49848773975383026,0.8120835268918062,0.6768759696826607,0.8668967489356028,0.5835412113561176,0.7360970871197343
2024-03-02,13.0,7.7,63.2,0.0,0.0,noprecip,25.6,18.4,1022.0,97.4,9.9,8.5,0.73,Cloudy,0.8755389928586302,0.4831474640149687,0.8902128046111264,0.4555449072335157,13.0,13.0,12.0,8.9,11.9,12.2,69.5,84.5,91.2,0.002,0.8,0.103,4.17,12.5,8.33,rain,rain,rain,25.2,27.4,14.4,18.4,18.4,13.0,1022.2,1018.5,1017.1,100.0,100.0,100.0,10.0,8.2,7.6,5.0,4.6,5.9,0.69,0.66,0.62,Rain,Rain,Rain,0.6073758397232867,0.49848773975383026,0.8120835268918062,0.7944146205354181,0.8668967489356028,0.5835412113561176
2024-03-03,14.0,12.6,76.7,0.0,0.0,noprecip,32.0,18.4,1014.8,97.4,7.8,15.5,0.75,Cloudy,0.8837203473619977,0.4680153284438345,0.6018150231520482,-0.7986355100472929,13.0,13.0,13.0,7.7,8.9,11.9,63.2,69.5,84.5,0.0,0.002,0.8,0.0,4.17,12.5,noprecip,rain,rain,25.6,25.2,27.4,18.4,18.4,18.4,1022.0,1022.2,1018.5,97.4,100.0,100.0,9.9,10.0,8.2,8.5,5.0,4.6,0.73,0.69,0.66,Cloudy,Rain,Rain,0.8902128046111264,0.6073758397232867,0.49848773975383026,0.4555449072335157,0.7944146205354181,0.8668967489356028
2024-03-04,15.7,16.9,92.9,0.5,12.5,rain,25.9,13.0,1007.5,95.9,3.8,21.0,0.79,Rain,0.8916401947968874,0.45274469960737107,0.665230354654361,-0.7466381822853912,14.0,13.0,13.0,12.6,7.7,8.9,76.7,63.2,69.5,0.0,0.0,0.002,0.0,0.0,4.17,noprecip,noprecip,rain,32.0,25.6,25.2,18.4,18.4,18.4,1014.8,1022.0,1022.2,97.4,97.4,100.0,7.8,9.9,10.0,15.5,8.5,5.0,0.75,0.73,0.69,Cloudy,Cloudy,Rain,0.6018150231520482,0.8902128046111264,0.6073758397232867,-0.7986355100472929,0.4555449072335157,0.7944146205354181
2024-03-05,18.5,19.7,83.1,0.0,0.0,noprecip,18.0,9.4,1004.6,46.6,5.1,22.3,0.83,Cloudy,0.8992961915530253,0.4373400963303323,-0.10452846326765342,0.9945218953682733,15.7,14.0,13.0,16.9,12.6,7.7,92.9,76.7,63.2,0.5,0.0,0.0,12.5,0.0,0.0,rain,noprecip,noprecip,25.9,32.0,25.6,13.0,18.4,18.4,1007.5,1014.8,1022.0,95.9,97.4,97.4,3.8,7.8,9.9,21.0,15.5,8.5,0.79,0.75,0.73,Rain,Cloudy,Cloudy,0.665230354654361,0.6018150231520482,0.8902128046111264,-0.7466381822853912,-0.7986355100472929,0.4555449072335157
2024-03-06,20.0,19.3,75.7,0.0,0.0,noprecip,39.6,16.6,1008.0,37.6,6.5,21.6,0.86,Cloudy,0.9066860720977985,0.4218060770826634,0.9408807689542255,0.3387379202452915,18.5,15.7,14.0,19.7,16.9,12.6,83.1,92.9,76.7,0.0,0.5,0.0,0.0,12.5,0.0,noprecip,rain,noprecip,18.0,25.9,32.0,9.4,13.0,18.4,1004.6,1007.5,1014.8,46.6,95.9,97.4,5.1,3.8,7.8,22.3,21.0,15.5,0.83,0.79,0.75,Cloudy,Rain,Cloudy,-0.10452846326765342,0.665230354654361,0.6018150231520482,0.9945218953682733,-0.7466381822853912,-0.7986355100472929
2024-03-07,20.0,14.9,65.3,0.0,0.0,rain,23.4,16.6,1014.3,87.1,9.1,7.5,0.89,Cloudy,0.9138076496466615,0.40614723863057883,0.9995065603657316,-0.03141075907812828,20.0,18.5,15.7,19.3,19.7,16.9,75.7,83.1,92.9,0.0,0.0,0.5,0.0,0.0,12.5,noprecip,noprecip,rain,39.6,18.0,25.9,16.6,9.4,13.0,1008.0,1004.6,1007.5,37.6,46.6,95.9,6.5,5.1,3.8,21.6,22.3,21.0,0.86,0.83,0.79,Cloudy,Cloudy,Rain,0.9408807689542255,-0.10452846326765342,0.665230354654361,0.3387379202452915,0.9945218953682733,-0.7466381822853912
2024-03-08,18.0,15.0,75.1,0.0,0.0,noprecip,20.2,13.0,1017.0,81.5,7.5,4.3,0.93,Cloudy,0.9206588168102428,0.3903682146763026,0.997915618272179,0.06453230825295801,20.0,20.0,18.5,14.9,19.3,19.7,65.3,75.7,83.1,0.0,0.0,0.0,0.0,0.0,0.0,rain,noprecip,noprecip,23.4,39.6,18.0,16.6,16.6,9.4,1014.3,1008.0,1004.6,87.1,37.6,46.6,9.1,6.5,5.1,7.5,21.6,22.3,0.89,0.86,0.83,Cloudy,Cloudy,Cloudy,0.9995065603657316,0.9408807689542255,-0.10452846326765342,-0.03141075907812828,0.3387379202452915,0.9945218953682733
2024-03-09,16.0,15.1,87.1,0.003,8.33,rain,20.5,14.8,1016.9,95.3,7.1,4.3,0.96,Rain,0.9272375462179537,0.374473674486883,0.5920131787992194,0.8059282822485159,18.0,20.0,20.0,15.0,14.9,19.3,75.1,65.3,75.7,0.0,0.0,0.0,0.0,0.0,0.0,noprecip,rain,noprecip,20.2,23.4,39.6,13.0,16.6,16.6,1017.0,1014.3,1008.0,81.5,87.1,37.6,7.5,9.1,6.5,4.3,7.5,21.6,0.93,0.89,0.86,Cloudy,Cloudy,Cloudy,0.997915618272179,0.9995065603657316,0.9408807689542255,0.06453230825295801,-0.03141075907812828,0.3387379202452915
2024-03-10,16.0,15.2,90.1,0.398,4.17,rain,19.4,13.0,1018.5,99.0,8.7,4.2,0.0,Rain,0.9335418911179212,0.35846832151248087,0.5807029557109398,0.8141155183563192,16.0,18.0,20.0,15.1,15.0,14.9,87.1,75.1,65.3,0.003,0.0,0.0,8.33,0.0,0.0,rain,noprecip,rain,20.5,20.2,23.4,14.8,13.0,16.6,1016.9,1017.0,1014.3,95.3,81.5,87.1,7.1,7.5,9.1,4.3,4.3,7.5,0.96,0.93,0.89,Rain,Cloudy,Cloudy,0.5920131787992194,0.997915618272179,0.9995065603657316,0.8059282822485159,0.06453230825295801,-0.03141075907812828
2024-03-11,16.0,15.1,75.8,0.111,8.33,rain,29.9,18.4,1020.0,63.0,10.3,11.2,0.03,Rain,0.9395699859530622,0.342356891994542,-0.7682835235935233,0.6401096994849556,16.0,16.0,18.0,15.2,15.1,15.0,90.1,87.1,75.1,0.398,0.003,0.0,4.17,8.33,0.0,rain,rain,noprecip,19.4,20.5,20.2,13.0,14.8,13.0,1018.5,1016.9,1017.0,99.0,95.3,81.5,8.7,7.1,7.5,4.2,4.3,4.3,0.0,0.96,0.93,Rain,Rain,Cloudy,0.5807029557109398,0.5920131787992194,0.997915618272179,0.8141155183563192,0.8059282822485159,0.06453230825295801
2024-03-12,16.7,16.3,76.9,0.0,0.0,rain,27.7,20.5,1016.8,26.1,7.7,15.4,0.06,Cloudy,0.945320046913132,0.3261441535642696,0.9366721892483976,-0.35020738125946754,16.0,16.0,16.0,15.1,15.2,15.1,75.8,90.1,87.1,0.111,0.398,0.003,8.33,4.17,8.33,rain,rain,rain,29.9,19.4,20.5,18.4,13.0,14.8,1020.0,1018.5,1016.9,63.0,99.0,95.3,10.3,8.7,7.1,11.2,4.2,4.3,0.03,0.0,0.96,Rain,Rain,Rain,-0.7682835235935233,0.5807029557109398,0.5920131787992194,0.6401096994849556,0.8141155183563192,0.8059282822485159
2024-03-13,19.0,18.4,88.0,0.2,8.33,rain,22.0,14.8,1014.3,80.3,5.7,8.1,0.09,Rain,0.9507903724625832,0.3098349038318025,0.9711342799096361,-0.23853345757858072,16.7,16.0,16.0,16.3,15.1,15.2,76.9,75.8,90.1,0.0,0.111,0.398,0.0,8.33,4.17,rain,rain,rain,27.7,29.9,19.4,20.5,18.4,13.0,1016.8,1020.0,1018.5,26.1,63.0,99.0,7.7,10.3,8.7,15.4,11.2,4.2,0.06,0.03,0.0,Cloudy,Rain,Rain,0.9366721892483976,-0.7682835235935233,0.5807029557109398,-0.35020738125946754,0.6401096994849556,0.8141155183563192
2024-03-14,19.0,20.0,97.8,1.198,8.33,rain,20.9,13.0,1013.7,98.9,4.3,4.8,0.13,Rain,0.9559793438440766,0.2934339689665273,0.788010753606722,0.6156614753256583,19.0,16.7,16.0,18.4,16.3,15.1,88.0,76.9,75.8,0.2,0.0,0.111,8.33,0.0,8.33,rain,rain,rain,22.0,27.7,29.9,14.8,20.5,18.4,1014.3,1016.8,1020.0,80.3,26.1,63.0,5.7,7.7,10.3,8.1,15.4,11.2,0.09,0.06,0.03,Rain,Cloudy,Rain,0.9711342799096361,0.9366721892483976,-0.7682835235935233,-0.23853345757858072,-0.35020738125946754,0.6401096994849556
2024-03-15,19.0,20.4,95.5,2.095,8.33,rain,22.0,13.0,1013.2,95.4,4.6,4.5,0.16,Rain,0.9608854255574977,0.27694620226893646,0.989776230907789,0.1426289337055117,19.0,19.0,16.7,20.0,18.4,16.3,97.8,88.0,76.9,1.198,0.2,0.0,8.33,8.33,0.0,rain,rain,rain,20.9,22.0,27.7,13.0,14.8,20.5,1013.7,1014.3,1016.8,98.9,80.3,26.1,4.3,5.7,7.7,4.8,8.1,15.4,0.13,0.09,0.06,Rain,Rain,Cloudy,0.788010753606722,0.9711342799096361,0.9366721892483976,0.6156614753256583,-0.23853345757858072,-0.35020738125946754
2024-03-16,21.9,22.2,94.6,0.1,8.33,rain,34.9,16.6,1014.2,92.9,4.7,9.0,0.2,Rain,0.9655071658143364,0.2603764827344581,0.6717205893229902,-0.74080459628675,19.0,19.0,19.0,20.4,20.0,18.4,95.5,97.8,88.0,2.095,1.198,0.2,8.33,8.33,8.33,rain,rain,rain,22.0,20.9,22.0,13.0,13.0,14.8,1013.2,1013.7,1014.3,95.4,98.9,80.3,4.6,4.3,5.7,4.5,4.8,8.1,0.16,0.13,0.09,Rain,Rain,Rain,0.989776230907789,0.788010753606722,0.9711342799096361,0.1426289337055117,0.6156614753256583,-0.23853345757858072
2024-03-17,22.0,22.3,93.7,0.5,20.83,rain,31.7,13.0,1013.7,89.1,5.0,6.7,0.25,Rain,0.969843196967294,0.24372971360968387,0.810041640445796,-0.5863723567357894,21.9,19.0,19.0,22.2,20.4,20.0,94.6,95.5,97.8,0.1,2.095,1.198,8.33,8.33,8.33,rain,rain,rain,34.9,22.0,20.9,16.6,13.0,13.0,1014.2,1013.2,1013.7,92.9,95.4,98.9,4.7,4.6,4.3,9.0,4.5,4.8,0.2,0.16,0.13,Rain,Rain,Rain,0.6717205893229902,0.989776230907789,0.788010753606722,-0.74080459628675,0.1426289337055117,0.6156614753256583
2024-03-18,23.0,22.8,93.4,0.402,12.5,rain,27.4,16.6,1013.1,92.4,6.2,6.6,0.26,Rain,0.9738922359149924,0.22701082094141847,0.810041640445796,-0.5863723567357894,22.0,21.9,19.0,22.3,22.2,20.4,93.7,94.6,95.5,0.5,0.1,2.095,20.83,8.33,8.33,rain,rain,rain,31.7,34.9,22.0,13.0,16.6,13.0,1013.7,1014.2,1013.2,89.1,92.9,95.4,5.0,4.7,4.6,6.7,9.0,4.5,0.25,0.2,0.16,Rain,Rain,Rain,0.810041640445796,0.6717205893229902,0.989776230907789,-0.5863723567357894,-0.74080459628675,0.1426289337055117
2024-03-19,17.0,18.3,92.3,28.203,16.67,rain,47.2,33.5,1019.6,97.1,7.6,2.5,0.3,Rain,0.9776530844816641,0.2102247521189836,0.7512641335035111,0.6600016679609368,23.0,22.0,21.9,22.8,22.3,22.2,93.4,93.7,94.6,0.402,0.5,0.1,12.5,20.83,8.33,rain,rain,rain,27.4,31.7,34.9,16.6,13.0,16.6,1013.1,1013.7,1014.2,92.4,89.1,92.9,6.2,5.0,4.7,6.6,6.7,9.0,0.26,0.25,0.2,Rain,Rain,Rain,0.810041640445796,0.810041640445796,0.6717205893229902,-0.5863723567357894,-0.5863723567357894,-0.74080459628675
2024-03-20,18.0,14.5,72.2,0.101,8.33,rain,17.3,9.4,1022.4,99.2,9.8,4.1,0.33,Rain,0.981124629771712,0.19337647441020586,0.2789911060392292,0.9602936856769431,17.0,23.0,22.0,18.3,22.8,22.3,92.3,93.4,93.7,28.203,0.402,0.5,16.67,12.5,20.83,rain,rain,rain,47.2,27.4,31.7,33.5,16.6,13.0,1019.6,1013.1,1013.7,97.1,92.4,89.1,7.6,6.2,5.0,2.5,6.6,6.7,0.3,0.26,0.25,Rain,Rain,Rain,0.7512641335035111,0.810041640445796,0.810041640445796,0.6600016679609368,-0.5863723567357894,-0.5863723567357894
2024-03-21,17.0,16.3,73.9,0.0,0.0,noprecip,33.1,22.3,1015.4,37.4,10.0,22.6,0.36,Cloudy,0.984305844499033,0.17647097349152166,0.8853936257544158,-0.4648420457246197,18.0,17.0,23.0,14.5,18.3,22.8,72.2,92.3,93.4,0.101,28.203,0.402,8.33,16.67,12.5,rain,rain,rain,17.3,47.2,27.4,9.4,33.5,16.6,1022.4,1019.6,1013.1,99.2,97.1,92.4,9.8,7.6,6.2,4.1,2.5,6.6,0.33,0.3,0.26,Rain,Rain,Rain,0.2789911060392292,0.7512641335035111,0.810041640445796,0.9602936856769431,0.6600016679609368,-0.5863723567357894
2024-03-22,18.0,19.5,91.6,0.001,4.17,rain,32.0,16.6,1009.3,83.6,5.5,13.9,0.4,Rain,0.9871957872910085,0.15951325197263655,0.9466492601156964,-0.322265695230511,17.0,18.0,17.0,16.3,14.5,18.3,73.9,72.2,92.3,0.0,0.101,28.203,0.0,8.33,16.67,noprecip,rain,rain,33.1,17.3,47.2,22.3,9.4,33.5,1015.4,1022.4,1019.6,37.4,99.2,97.1,10.0,9.8,7.6,22.6,4.1,2.5,0.36,0.33,0.3,Cloudy,Rain,Rain,0.8853936257544158,0.2789911060392292,0.7512641335035111,-0.4648420457246197,0.9602936856769431,0.6600016679609368
2024-03-23,22.0,22.3,85.4,0.021,4.17,rain,33.5,24.1,1007.8,82.3,7.6,18.1,0.43,Rain,0.9897936029670716,0.14250832791617088,0.9092361090470686,-0.41628079226040104,18.0,17.0,18.0,19.5,16.3,14.5,91.6,73.9,72.2,0.001,0.0,0.101,4.17,0.0,8.33,rain,noprecip,rain,32.0,33.1,17.3,16.6,22.3,9.4,1009.3,1015.4,1022.4,83.6,37.4,99.2,5.5,10.0,9.8,13.9,22.6,4.1,0.4,0.36,0.33,Rain,Cloudy,Rain,0.9466492601156964,0.8853936257544158,0.2789911060392292,-0.322265695230511,-0.4648420457246197,0.9602936856769431
2024-03-24,24.0,23.5,92.7,0.198,8.33,rain,33.8,18.4,1010.4,90.6,5.3,16.1,0.46,Rain,0.992098522791769,0.12546123335273648,0.9483236552061994,-0.317304656405092,22.0,18.0,17.0,22.3,19.5,16.3,85.4,91.6,73.9,0.021,0.001,0.0,4.17,4.17,0.0,rain,rain,noprecip,33.5,32.0,33.1,24.1,16.6,22.3,1007.8,1009.3,1015.4,82.3,83.6,37.4,7.6,5.5,10.0,18.1,13.9,22.6,0.43,0.4,0.36,Rain,Rain,Cloudy,0.9092361090470686,0.9466492601156964,0.8853936257544158,-0.41628079226040104,-0.322265695230511,-0.4648420457246197
2024-03-25,23.0,23.6,85.9,0.101,8.33,rain,25.2,22.3,1012.0,73.7,7.4,11.3,0.5,Rain,0.9941098647022418,0.10837701279187609,0.8433914458128858,-0.5372996083468236,24.0,22.0,18.0,23.5,22.3,19.5,92.7,85.4,91.6,0.198,0.021,0.001,8.33,4.17,4.17,rain,rain,rain,33.8,33.5,32.0,18.4,24.1,16.6,1010.4,1007.8,1009.3,90.6,82.3,83.6,5.3,7.6,5.5,16.1,18.1,13.9,0.46,0.43,0.4,Rain,Rain,Rain,0.9483236552061994,0.9092361090470686,0.9466492601156964,-0.317304656405092,-0.41628079226040104,-0.322265695230511
2024-03-26,23.0,22.5,80.1,0.3,12.5,rain,36.4,24.1,1015.4,62.5,8.1,14.0,0.53,Rain,0.9958270335100595,0.09126072172931188,0.6870875108044233,-0.7265746709709756,23.0,24.0,22.0,23.6,23.5,22.3,85.9,92.7,85.4,0.101,0.198,0.021,8.33,8.33,4.17,rain,rain,rain,25.2,33.8,33.5,22.3,18.4,24.1,1012.0,1010.4,1007.8,73.7,90.6,82.3,7.4,5.3,7.6,11.3,16.1,18.1,0.5,0.46,0.43,Rain,Rain,Rain,0.8433914458128858,0.9483236552061994,0.9092361090470686,-0.5372996083468236,-0.317304656405092,-0.41628079226040104
2024-03-27,24.0,22.8,82.9,0.2,4.17,rain,37.1,24.1,1014.4,73.8,7.7,14.4,0.57,Rain,0.9972495210773451,0.07411742515094437,0.7443115462311539,-0.6678325554710468,23.0,23.0,24.0,22.5,23.6,23.5,80.1,85.9,92.7,0.3,0.101,0.198,12.5,8.33,8.33,rain,rain,rain,36.4,25.2,33.8,24.1,22.3,18.4,1015.4,1012.0,1010.4,62.5,73.7,90.6,8.1,7.4,5.3,14.0,11.3,16.1,0.53,0.5,0.46,Rain,Rain,Rain,0.6870875108044233,0.8433914458128858,0.9483236552061994,-0.7265746709709756,-0.5372996083468236,-0.317304656405092
2024-03-28,23.0,22.9,91.6,8.3,75.0,rain,25.9,18.4,1012.6,80.3,5.5,11.9,0.6,Rain,0.998376906467142,0.056952196034039754,1.0,6.123233995736766e-17,24.0,23.0,23.0,22.8,22.5,23.6,82.9,80.1,85.9,0.2,0.3,0.101,4.17,12.5,8.33,rain,rain,rain,37.1,36.4,25.2,24.1,24.1,22.3,1014.4,1015.4,1012.0,73.8,62.5,73.7,7.7,8.1,7.4,14.4,14.0,11.3,0.57,0.53,0.5,Rain,Rain,Rain,0.7443115462311539,0.6870875108044233,0.8433914458128858,-0.6678325554710468,-0.7265746709709756,-0.5372996083468236
2024-03-29,21.0,21.5,90.4,4.6,45.83,rain,48.2,25.9,1013.2,69.0,7.1,8.8,0.64,Rain,0.9992088560679753,0.03977011384605572,0.5577451089796901,0.8300122850953675,23.0,24.0,23.0,22.9,22.8,22.5,91.6,82.9,80.1,8.3,0.2,0.3,75.0,4.17,12.5,rain,rain,rain,25.9,37.1,36.4,18.4,24.1,24.1,1012.6,1014.4,1015.4,80.3,73.8,62.5,5.5,7.7,8.1,11.9,14.4,14.0,0.6,0.57,0.53,Rain,Rain,Rain,1.0,0.7443115462311539,0.6870875108044233,6.123233995736766e-17,-0.6678325554710468,-0.7265746709709756
2024-03-30,22.0,22.9,86.9,0.0,0.0,noprecip,25.2,20.5,1010.6,75.3,6.5,14.3,0.67,Cloudy,0.9997451236925734,0.022576263041545485,0.9025852843498605,-0.43051109680829536,21.0,23.0,24.0,21.5,22.9,22.8,90.4,91.6,82.9,4.6,8.3,0.2,45.83,75.0,4.17,rain,rain,rain,48.2,25.9,37.1,25.9,18.4,24.1,1013.2,1012.6,1014.4,69.0,80.3,73.8,7.1,5.5,7.7,8.8,11.9,14.4,0.64,0.6,0.57,Rain,Rain,Rain,0.5577451089796901,1.0,0.7443115462311539,0.8300122850953675,6.123233995736766e-17,-0.6678325554710468
2024-03-31,24.0,24.4,84.5,0.0,0.0,noprecip,25.6,18.4,1007.5,63.3,5.2,20.3,0.7,Cloudy,0.9999855506507186,0.005375731557583884,0.9939609554551797,-0.10973431109104502,22.0,21.0,23.0,22.9,21.5,22.9,86.9,90.4,91.6,0.0,4.6,8.3,0.0,45.83,75.0,noprecip,rain,rain,25.2,48.2,25.9,20.5,25.9,18.4,1010.6,1013.2,1012.6,75.3,69.0,80.3,6.5,7.1,5.5,14.3,8.8,11.9,0.67,0.64,0.6,Cloudy,Rain,Rain,0.9025852843498605,0.5577451089796901,1.0,-0.43051109680829536,0.8300122850953675,6.123233995736766e-17
2024-04-01,24.6,24.7,84.1,0.0,0.0,noprecip,33.1,18.4,1004.0,55.3,6.7,24.6,0.74,Cloudy,0.9999300657962057,-0.011826390691832589,0.9958843986159703,-0.09063258019777999,24.0,22.0,21.0,24.4,22.9,21.5,84.5,86.9,90.4,0.0,0.0,4.6,0.0,0.0,45.83,noprecip,noprecip,rain,25.6,25.2,48.2,18.4,20.5,25.9,1007.5,1010.6,1013.2,63.3,75.3,69.0,5.2,6.5,7.1,20.3,14.3,8.8,0.7,0.67,0.64,Cloudy,Cloudy,Rain,0.9939609554551797,0.9025852843498605,0.5577451089796901,-0.10973431109104502,-0.43051109680829536,0.8300122850953675
2024-04-02,25.0,24.6,84.2,0.0,0.0,noprecip,37.4,20.5,1002.8,53.9,7.9,25.0,0.75,Cloudy,0.9995786855478958,-0.029025013321975237,0.984195607969242,-0.17708474031958327,24.6,24.0,22.0,24.7,24.4,22.9,84.1,84.5,86.9,0.0,0.0,0.0,0.0,0.0,0.0,noprecip,noprecip,noprecip,33.1,25.6,25.2,18.4,18.4,20.5,1004.0,1007.5,1010.6,55.3,63.3,75.3,6.7,5.2,6.5,24.6,20.3,14.3,0.74,0.7,0.67,Cloudy,Cloudy,Cloudy,0.9958843986159703,0.9939609554551797,0.9025852843498605,-0.09063258019777999,-0.10973431109104502,-0.43051109680829536
2024-04-03,26.0,25.1,84.1,0.0,0.0,noprecip,29.9,20.5,1004.3,84.0,7.7,24.4,0.81,Cloudy,0.9989315138848577,-0.046215046983708354,0.9929655081065369,-0.11840396830650105,25.0,24.6,24.0,24.6,24.7,24.4,84.2,84.1,84.5,0.0,0.0,0.0,0.0,0.0,0.0,noprecip,noprecip,noprecip,37.4,33.1,25.6,20.5,18.4,18.4,1002.8,1004.0,1007.5,53.9,55.3,63.3,7.9,6.7,5.2,25.0,24.6,20.3,0.75,0.74,0.7,Cloudy,Cloudy,Cloudy,0.984195607969242,0.9958843986159703,0.9939609554551797,-0.17708474031958327,-0.09063258019777999,-0.10973431109104502
2024-04-04,26.0,25.3,86.8,0.0,0.0,noprecip,28.4,20.5,1005.1,95.5,7.9,24.8,0.84,Cloudy,0.9979887423155984,-0.06339140486951038,0.9477684100095858,-0.3189593092980697,26.0,25.0,24.6,25.1,24.6,24.7,84.1,84.2,84.1,0.0,0.0,0.0,0.0,0.0,0.0,noprecip,noprecip,noprecip,29.9,37.4,33.1,20.5,20.5,18.4,1004.3,1002.8,1004.0,84.0,53.9,55.3,7.7,7.9,6.7,24.4,25.0,24.6,0.81,0.75,0.74,Cloudy,Cloudy,Cloudy,0.9929655081065369,0.984195607969242,0.9958843986159703,-0.11840396830650105,-0.17708474031958327,-0.09063258019777999
2024-04-05,25.0,24.9,89.6,0.198,8.33,rain,32.4,24.1,1007.3,97.8,8.1,7.6,0.88,Rain,0.9967506498213929,-0.08054900421874167,0.6984152854310062,-0.7156927337037355,26.0,26.0,25.0,25.3,25.1,24.6,86.8,84.1,84.2,0.0,0.0,0.0,0.0,0.0,0.0,noprecip,noprecip,noprecip,28.4,29.9,37.4,20.5,20.5,20.5,1005.1,1004.3,1002.8,95.5,84.0,53.9,7.9,7.7,7.9,24.8,24.4,25.0,0.84,0.81,0.75,Cloudy,Cloudy,Cloudy,0.9477684100095858,0.9929655081065369,0.984195607969242,-0.3189593092980697,-0.11840396830650105,-0.17708474031958327
2024-04-06,24.0,24.0,90.4,0.997,8.33,rain,33.1,22.3,1008.6,97.4,7.4,8.3,0.91,Rain,0.9952176027737294,-0.09768276782171598,0.6858183529273767,-0.7277727576572101,25.0,26.0,26.0,24.9,25.3,25.1,89.6,86.8,84.1,0.198,0.0,0.0,8.33,0.0,0.0,rain,noprecip,noprecip,32.4,28.4,29.9,24.1,20.5,20.5,1007.3,1005.1,1004.3,97.8,95.5,84.0,8.1,7.9,7.7,7.6,24.8,24.4,0.88,0.84,0.81,Rain,Cloudy,Cloudy,0.6984152854310062,0.9477684100095858,0.9929655081065369,-0.7156927337037355,-0.3189593092980697,-0.11840396830650105
2024-04-07,23.0,23.7,96.7,0.204,8.33,rain,29.2,16.6,1007.7,95.0,3.8,5.2,0.95,Rain,0.9933900548258936,-0.11478762552212701,0.997915618272179,-0.06453230825295789,24.0,25.0,26.0,24.0,24.9,25.3,90.4,89.6,86.8,0.997,0.198,0.0,8.33,8.33,0.0,rain,rain,noprecip,33.1,32.4,28.4,22.3,24.1,20.5,1008.6,1007.3,1005.1,97.4,97.8,95.5,7.4,8.1,7.9,8.3,7.6,24.8,0.91,0.88,0.84,Rain,Rain,Cloudy,0.6858183529273767,0.6984152854310062,0.9477684100095858,-0.7277727576572101,-0.7156927337037355,-0.3189593092980697
2024-04-08,21.0,20.1,84.8,0.834,8.33,rain,28.8,24.1,1011.9,99.5,8.6,5.9,0.98,Rain,0.9912685467787256,-0.13185851571739118,0.7581343361976521,0.6520984038303923,23.0,24.0,25.0,23.7,24.0,24.9,96.7,90.4,89.6,0.204,0.997,0.198,8.33,8.33,8.33,rain,rain,rain,29.2,33.1,32.4,16.6,22.3,24.1,1007.7,1008.6,1007.3,95.0,97.4,97.8,3.8,7.4,8.1,5.2,8.3,7.6,0.95,0.91,0.88,Rain,Rain,Rain,0.997915618272179,0.6858183529273767,0.6984152854310062,-0.06453230825295789,-0.7277727576572101,-0.7156927337037355
2024-04-09,21.0,20.5,86.3,1.002,12.5,rain,14.4,16.6,1014.6,97.9,9.2,5.5,0.0,Rain,0.9888537064205885,-0.1488903868564548,0.6238795967093862,0.7815204724188187,21.0,23.0,24.0,20.1,23.7,24.0,84.8,96.7,90.4,0.834,0.204,0.997,8.33,8.33,8.33,rain,rain,rain,28.8,29.2,33.1,24.1,16.6,22.3,1011.9,1007.7,1008.6,99.5,95.0,97.4,8.6,3.8,7.4,5.9,5.2,8.3,0.98,0.95,0.91,Rain,Rain,Rain,0.7581343361976521,0.997915618272179,0.6858183529273767,0.6520984038303923,-0.06453230825295789,-0.7277727576572101
2024-04-10,21.9,21.9,91.9,0.204,12.5,rain,23.8,9.4,1014.5,89.7,5.2,11.1,0.05,Rain,0.986146248341595,-0.16587819893463143,0.9854078984834902,-0.17020949916603229,21.0,21.0,23.0,20.5,20.1,23.7,86.3,84.8,96.7,1.002,0.834,0.204,12.5,8.33,8.33,rain,rain,rain,14.4,28.8,29.2,16.6,24.1,16.6,1014.6,1011.9,1007.7,97.9,99.5,95.0,9.2,8.6,3.8,5.5,5.9,5.2,0.0,0.98,0.95,Rain,Rain,Rain,0.6238795967093862,0.7581343361976521,0.997915618272179,0.7815204724188187,0.6520984038303923,-0.06453230825295789
2024-04-11,23.0,23.6,89.3,0.4,12.5,rain,31.3,18.4,1013.2,76.3,5.7,14.3,0.08,Rain,0.9831469737221499,-0.1828169249850199,0.8660254037844387,-0.4999999999999998,21.9,21.0,21.0,21.9,20.5,20.1,91.9,86.3,84.8,0.204,1.002,0.834,12.5,12.5,8.33,rain,rain,rain,23.8,14.4,28.8,9.4,16.6,24.1,1014.5,1014.6,1011.9,89.7,97.9,99.5,5.2,9.2,8.6,11.1,5.5,5.9,0.05,0.0,0.98,Rain,Rain,Rain,0.9854078984834902,0.6238795967093862,0.7581343361976521,-0.17020949916603229,0.7815204724188187,0.6520984038303923
2024-04-12,24.0,24.0,83.8,0.0,0.0,rain,35.3,18.4,1011.4,83.1,8.1,13.7,0.11,Cloudy,0.9798567700958665,-0.1997015525660636,0.7193398003386514,-0.694658370458997,23.0,21.9,21.0,23.6,21.9,20.5,89.3,91.9,86.3,0.4,0.204,1.002,12.5,12.5,12.5,rain,rain,rain,31.3,23.8,14.4,18.4,9.4,16.6,1013.2,1014.5,1014.6,76.3,89.7,97.9,5.7,5.2,9.2,14.3,11.1,5.5,0.08,0.05,0.0,Rain,Rain,Rain,0.8660254037844387,0.9854078984834902,0.6238795967093862,-0.4999999999999998,-0.17020949916603229,0.7815204724188187
2024-04-13,25.9,24.5,83.4,0.0,0.0,rain,36.0,22.3,1008.5,87.9,9.2,16.1,0.15,Cloudy,0.9762766110869321,-0.21652708524481437,0.6832737736807991,-0.7301622766207524,24.0,23.0,21.9,24.0,23.6,21.9,83.8,89.3,91.9,0.0,0.4,0.204,0.0,12.5,12.5,rain,rain,rain,35.3,31.3,23.8,18.4,18.4,9.4,1011.4,1013.2,1014.5,83.1,76.3,89.7,8.1,5.7,5.2,13.7,14.3,11.1,0.11,0.08,0.05,Cloudy,Rain,Rain,0.7193398003386514,0.8660254037844387,0.9854078984834902,-0.694658370458997,-0.4999999999999998,-0.17020949916603229
2024-04-14,26.0,25.1,87.4,0.0,0.0,noprecip,28.8,22.3,1008.6,95.5,7.7,16.9,0.18,Cloudy,0.9724075561219968,-0.23328854407545518,0.9149596678498249,-0.4035452963523899,25.9,24.0,23.0,24.5,24.0,23.6,83.4,83.8,89.3,0.0,0.0,0.4,0.0,0.0,12.5,rain,rain,rain,36.0,35.3,31.3,22.3,18.4,18.4,1008.5,1011.4,1013.2,87.9,83.1,76.3,9.2,8.1,5.7,16.1,13.7,14.3,0.15,0.11,0.08,Cloudy,Cloudy,Rain,0.6832737736807991,0.7193398003386514,0.8660254037844387,-0.7301622766207524,-0.694658370458997,-0.4999999999999998
2024-04-15,26.0,24.9,88.0,0.2,8.33,rain,36.7,20.5,1009.7,93.0,7.9,14.3,0.21,Rain,0.9682507501166718,-0.2499809690726521,0.8625136692072574,-0.506033764121164,26.0,25.9,24.0,25.1,24.5,24.0,87.4,83.4,83.8,0.0,0.0,0.0,0.0,0.0,0.0,noprecip,rain,rain,28.8,36.0,35.3,22.3,22.3,18.4,1008.6,1008.5,1011.4,95.5,87.9,83.1,7.7,9.2,8.1,16.9,16.1,13.7,0.18,0.15,0.11,Cloudy,Cloudy,Cloudy,0.9149596678498249,0.6832737736807991,0.7193398003386514,-0.4035452963523899,-0.7301622766207524,-0.694658370458997
2024-04-16,25.0,23.6,77.9,2.977,4.17,rain,38.9,25.9,1007.9,45.5,10.4,16.0,0.25,Rain,0.9638074231367307,-0.26659942067929354,0.6934018282758133,-0.7205511116803301,26.0,26.0,25.9,24.9,25.1,24.5,88.0,87.4,83.4,0.2,0.0,0.0,8.33,0.0,0.0,rain,noprecip,rain,36.7,28.8,36.0,20.5,22.3,22.3,1009.7,1008.6,1008.5,93.0,95.5,87.9,7.9,7.7,9.2,14.3,16.9,16.1,0.21,0.18,0.15,Rain,Cloudy,Cloudy,0.8625136692072574,0.9149596678498249,0.6832737736807991,-0.506033764121164,-0.4035452963523899,-0.7301622766207524
2024-04-17,25.0,25.1,88.1,0.0,0.0,rain,29.2,20.5,1006.7,89.1,8.2,18.9,0.28,Cloudy,0.9590788900341131,-0.28313898122818354,0.8452618332218562,-0.5343523493898263,25.0,26.0,26.0,23.6,24.9,25.1,77.9,88.0,87.4,2.977,0.2,0.0,4.17,8.33,0.0,rain,rain,noprecip,38.9,36.7,28.8,25.9,20.5,22.3,1007.9,1009.7,1008.6,45.5,93.0,95.5,10.4,7.9,7.7,16.0,14.3,16.9,0.25,0.21,0.18,Rain,Rain,Cloudy,0.6934018282758133,0.8625136692072574,0.9149596678498249,-0.7205511116803301,-0.506033764121164,-0.4035452963523899
2024-04-18,24.0,24.5,86.0,13.915,8.33,rain,33.1,24.1,1004.9,61.4,8.1,15.3,0.31,Rain,0.9540665500578387,-0.2995947563972602,0.8386705679454239,-0.5446390350150271,25.0,25.0,26.0,25.1,23.6,24.9,88.1,77.9,88.0,0.0,2.977,0.2,0.0,4.17,8.33,rain,rain,rain,29.2,38.9,36.7,20.5,25.9,20.5,1006.7,1007.9,1009.7,89.1,45.5,93.0,8.2,10.4,7.9,18.9,16.0,14.3,0.28,0.25,0.21,Cloudy,Rain,Rain,0.8452618332218562,0.6934018282758133,0.8625136692072574,-0.5343523493898263,-0.7205511116803301,-0.506033764121164
2024-04-19,26.0,25.6,85.2,0.0,0.0,noprecip,29.9,24.1,1002.3,77.2,8.4,23.5,0.34,Cloudy,0.9487718864399473,-0.31596187665790293,0.8607420270039439,-0.5090414157503709,24.0,25.0,25.0,24.5,25.1,23.6,86.0,88.1,77.9,13.915,0.0,2.977,8.33,0.0,4.17,rain,rain,rain,33.1,29.2,38.9,24.1,20.5,25.9,1004.9,1006.7,1007.9,61.4,89.1,45.5,8.1,8.2,10.4,15.3,18.9,16.0,0.31,0.28,0.25,Rain,Cloudy,Rain,0.8386705679454239,0.8452618332218562,0.6934018282758133,-0.5446390350150271,-0.5343523493898263,-0.7205511116803301
2024-04-20,24.0,25.6,83.1,8.905,4.17,rain,57.6,38.9,1002.2,75.8,8.3,23.5,0.38,Rain,0.9431964659565866,-0.33223549871590435,0.9933727656003964,-0.11493715049286649,26.0,24.0,25.0,25.6,24.5,25.1,85.2,86.0,88.1,0.0,13.915,0.0,0.0,8.33,0.0,noprecip,rain,rain,29.9,33.1,29.2,24.1,24.1,20.5,1002.3,1004.9,1006.7,77.2,61.4,89.1,8.4,8.1,8.2,23.5,15.3,18.9,0.34,0.31,0.28,Cloudy,Rain,Cloudy,0.8607420270039439,0.8386705679454239,0.8452618332218562,-0.5090414157503709,-0.5446390350150271,-0.5343523493898263
2024-04-21,24.0,24.8,86.5,40.567,4.17,rain,33.5,22.3,1004.2,90.4,8.7,21.1,0.41,Rain,0.9373419384643772,-0.3484108069446808,0.998440764181981,-0.055821504993163816,24.0,26.0,24.0,25.6,25.6,24.5,83.1,85.2,86.0,8.905,0.0,13.915,4.17,0.0,8.33,rain,noprecip,rain,57.6,29.9,33.1,38.9,24.1,24.1,1002.2,1002.3,1004.9,75.8,77.2,61.4,8.3,8.4,8.1,23.5,23.5,15.3,0.38,0.34,0.31,Rain,Cloudy,Rain,0.9933727656003964,0.8607420270039439,0.8386705679454239,-0.11493715049286649,-0.5090414157503709,-0.5446390350150271
2024-04-22,24.0,24.3,86.7,0.022,8.33,rain,24.8,14.8,1006.0,95.8,9.0,8.4,0.44,Rain,0.9312100364121947,-0.3644830148102912,0.9995065603657316,-0.03141075907812828,24.0,24.0,26.0,24.8,25.6,25.6,86.5,83.1,85.2,40.567,8.905,0.0,4.17,4.17,0.0,rain,rain,noprecip,33.5,57.6,29.9,22.3,38.9,24.1,1004.2,1002.2,1002.3,90.4,75.8,77.2,8.7,8.3,8.4,21.1,23.5,23.5,0.41,0.38,0.34,Rain,Rain,Cloudy,0.998440764181981,0.9933727656003964,0.8607420270039439,-0.055821504993163816,-0.11493715049286649,-0.5090414157503709
2024-04-23,26.0,25.0,83.4,2.5,33.33,rain,32.8,18.4,1006.1,90.9,8.3,11.6,0.47,Rain,0.9248025743285089,-0.38044736628785164,0.9983418166140283,0.05756402695956731,24.0,24.0,24.0,24.3,24.8,25.6,86.7,86.5,83.1,0.022,40.567,8.905,8.33,4.17,4.17,rain,rain,rain,24.8,33.5,57.6,14.8,22.3,38.9,1006.0,1004.2,1002.2,95.8,90.4,75.8,9.0,8.7,8.3,8.4,21.1,23.5,0.44,0.41,0.38,Rain,Rain,Rain,0.9995065603657316,0.998440764181981,0.9933727656003964,-0.03141075907812828,-0.055821504993163816,-0.11493715049286649
2024-04-24,23.0,23.9,89.4,2.97,12.5,rain,22.0,13.0,1006.9,82.8,8.3,7.7,0.5,Rain,0.9181214482844365,-0.39629913726891813,0.9077774785329087,0.4194520824461771,26.0,24.0,24.0,25.0,24.3,24.8,83.4,86.7,86.5,2.5,0.022,40.567,33.33,8.33,4.17,rain,rain,rain,32.8,24.8,33.5,18.4,14.8,22.3,1006.1,1006.0,1004.2,90.9,95.8,90.4,8.3,9.0,8.7,11.6,8.4,21.1,0.47,0.44,0.41,Rain,Rain,Rain,0.9983418166140283,0.9995065603657316,0.998440764181981,0.05756402695956731,-0.03141075907812828,-0.055821504993163816
2024-04-25,25.0,25.7,83.9,5.94,8.33,rain,26.3,20.5,1004.1,65.7,7.7,18.0,0.54,Rain,0.9111686353326631,-0.41203363695942635,0.8933713883278376,-0.4493189986158964,23.0,26.0,24.0,23.9,25.0,24.3,89.4,83.4,86.7,2.97,2.5,0.022,12.5,33.33,8.33,rain,rain,rain,22.0,32.8,24.8,13.0,18.4,14.8,1006.9,1006.1,1006.0,82.8,90.9,95.8,8.3,8.3,9.0,7.7,11.6,8.4,0.5,0.47,0.44,Rain,Rain,Rain,0.9077774785329087,0.9983418166140283,0.9995065603657316,0.4194520824461771,0.05756402695956731,-0.03141075907812828
2024-04-26,31.2,26.7,79.2,0.0,0.0,noprecip,27.7,18.4,1001.0,50.9,7.1,25.1,0.58,Cloudy,0.9039461929224011,-0.42764620926777464,0.9225380894562463,-0.38590604232431874,25.0,23.0,26.0,25.7,23.9,25.0,83.9,89.4,83.4,5.94,2.97,2.5,8.33,12.5,33.33,rain,rain,rain,26.3,22.0,32.8,20.5,13.0,18.4,1004.1,1006.9,1006.1,65.7,82.8,90.9,7.7,8.3,8.3,18.0,7.7,11.6,0.54,0.5,0.47,Rain,Rain,Rain,0.8933713883278376,0.9077774785329087,0.9983418166140283,-0.4493189986158964,0.4194520824461771,0.05756402695956731
2024-04-27,31.2,24.6,69.4,0.0,0.0,noprecip,27.0,16.6,999.6,9.0,7.8,27.5,0.61,Clear,0.8964562582905575,-0.44313223418263453,0.9905094632383089,-0.13744454603714645,31.2,25.0,23.0,26.7,25.7,23.9,79.2,83.9,89.4,0.0,5.94,2.97,0.0,8.33,12.5,noprecip,rain,rain,27.7,26.3,22.0,18.4,20.5,13.0,1001.0,1004.1,1006.9,50.9,65.7,82.8,7.1,7.7,8.3,25.1,18.0,7.7,0.58,0.54,0.5,Cloudy,Rain,Rain,0.9225380894562463,0.8933713883278376,0.9077774785329087,-0.38590604232431874,-0.4493189986158964,0.4194520824461771
2024-04-28,30.6,26.9,80.9,0.0,0.0,noprecip,25.9,20.5,1002.0,45.3,10.4,26.2,0.65,Cloudy,0.8887010478292915,-0.45848712914008766,0.9887563810470059,-0.14953534344370925,31.2,31.2,25.0,24.6,26.7,25.7,69.4,79.2,83.9,0.0,0.0,5.94,0.0,0.0,8.33,noprecip,noprecip,rain,27.0,27.7,26.3,16.6,18.4,20.5,999.6,1001.0,1004.1,9.0,50.9,65.7,7.8,7.1,7.7,27.5,25.1,18.0,0.61,0.58,0.54,Clear,Cloudy,Rain,0.9905094632383089,0.9225380894562463,0.8933713883278376,-0.13744454603714645,-0.38590604232431874,-0.4493189986158964
2024-04-29,34.3,27.2,84.5,0.2,8.33,rain,32.0,20.5,1002.1,66.7,9.7,25.1,0.68,Rain,0.8806828564301475,-0.47370635037968,0.9494254776419039,-0.313992455967405,30.6,31.2,31.2,26.9,24.6,26.7,80.9,69.4,79.2,0.0,0.0,0.0,0.0,0.0,0.0,noprecip,noprecip,noprecip,25.9,27.0,27.7,20.5,16.6,18.4,1002.0,999.6,1001.0,45.3,9.0,50.9,10.4,7.8,7.1,26.2,27.5,25.1,0.65,0.61,0.58,Cloudy,Clear,Cloudy,0.9887563810470059,0.9905094632383089,0.9225380894562463,-0.14953534344370925,-0.13744454603714645,-0.38590604232431874
2024-04-30,31.2,26.7,78.6,0.8,4.17,rain,33.5,18.4,999.1,43.0,9.5,26.4,0.72,Rain,0.8724040568049612,-0.48878539428899265,0.9958843986159703,0.09063258019778034,34.3,30.6,31.2,27.2,26.9,24.6,84.5,80.9,69.4,0.2,0.0,0.0,8.33,0.0,0.0,rain,noprecip,noprecip,32.0,25.9,27.0,20.5,20.5,16.6,1002.1,1002.0,999.6,66.7,45.3,9.0,9.7,10.4,7.8,25.1,26.2,27.5,0.68,0.65,0.61,Rain,Cloudy,Clear,0.9494254776419039,0.9887563810470059,0.9905094632383089,-0.313992455967405,-0.14953534344370925,-0.13744454603714645
2024-05-01,24.0,22.8,82.9,2.2,41.67,rain,31.0,18.4,1004.9,93.0,9.5,6.5,0.75,Rain,0.8638670987837349,-0.503719798736334,0.6678325554710466,0.7443115462311541,31.2,34.3,30.6,26.7,27.2,26.9,78.6,84.5,80.9,0.8,0.2,0.0,4.17,8.33,0.0,rain,rain,noprecip,33.5,32.0,25.9,18.4,20.5,20.5,999.1,1002.1,1002.0,43.0,66.7,45.3,9.5,9.7,10.4,26.4,25.1,26.2,0.72,0.68,0.65,Rain,Rain,Cloudy,0.9958843986159703,0.9494254776419039,0.9887563810470059,0.09063258019778034,-0.313992455967405,-0.14953534344370925
2024-05-02,22.0,22.5,91.1,32.473,8.33,rain,15.8,16.6,1008.1,89.2,8.5,6.4,0.79,Rain,0.8550745085896932,-0.518505144391157,0.8796485728666166,0.4756242090702751,24.0,31.2,34.3,22.8,26.7,27.2,82.9,78.6,84.5,2.2,0.8,0.2,41.67,4.17,8.33,rain,rain,rain,31.0,33.5,32.0,18.4,18.4,20.5,1004.9,999.1,1002.1,93.0,43.0,66.7,9.5,9.5,9.7,6.5,26.4,25.1,0.75,0.72,0.68,Rain,Rain,Rain,0.6678325554710466,0.9958843986159703,0.9494254776419039,0.7443115462311541,0.09063258019778034,-0.313992455967405
2024-05-03,23.0,23.6,91.6,34.2,12.5,rain,32.0,22.3,1007.9,93.3,8.0,8.0,0.83,Rain,0.8460288880917339,-0.533137056031809,0.9719610005785463,-0.23514211310258984,22.0,24.0,31.2,22.5,22.8,26.7,91.1,82.9,78.6,32.473,2.2,0.8,8.33,41.67,4.17,rain,rain,rain,15.8,31.0,33.5,16.6,18.4,18.4,1008.1,1004.9,999.1,89.2,93.0,43.0,8.5,9.5,9.5,6.4,6.5,26.4,0.79,0.75,0.72,Rain,Rain,Rain,0.8796485728666166,0.6678325554710466,0.9958843986159703,0.4756242090702751,0.7443115462311541,0.09063258019778034
2024-05-04,25.0,25.1,84.1,0.1,4.17,rain,27.0,22.3,1004.6,72.5,8.8,22.0,0.86,Rain,0.8367329140344921,-0.5476112038402312,0.8788171126619654,-0.47715876025960846,23.0,22.0,24.0,23.6,22.5,22.8,91.6,91.1,82.9,34.2,32.473,2.2,12.5,8.33,41.67,rain,rain,rain,32.0,15.8,31.0,22.3,16.6,18.4,1007.9,1008.1,1004.9,93.3,89.2,93.0,8.0,8.5,9.5,8.0,6.4,6.5,0.83,0.79,0.75,Rain,Rain,Rain,0.9719610005785463,0.8796485728666166,0.6678325554710466,-0.23514211310258984,0.4756242090702751,0.7443115462311541
2024-05-05,24.0,22.2,77.4,1.1,33.33,rain,28.1,16.6,1008.3,85.0,9.9,7.4,0.9,Rain,0.8271893372462497,-0.5619233046832195,0.7912235329674899,0.6115270401858314,25.0,23.0,22.0,25.1,23.6,22.5,84.1,91.6,91.1,0.1,34.2,32.473,4.17,12.5,8.33,rain,rain,rain,27.0,32.0,15.8,22.3,22.3,16.6,1004.6,1007.9,1008.1,72.5,93.3,89.2,8.8,8.0,8.5,22.0,8.0,6.4,0.86,0.83,0.79,Rain,Rain,Rain,0.8788171126619654,0.9719610005785463,0.8796485728666166,-0.47715876025960846,-0.23514211310258984,0.4756242090702751
2024-05-06,24.5,23.5,86.4,2.106,4.17,rain,32.4,16.6,1011.0,79.7,9.3,7.6,0.93,Rain,0.8174009818249189,-0.5760691233798758,0.7869350219613372,0.6170358751407488,24.0,25.0,23.0,22.2,25.1,23.6,77.4,84.1,91.6,1.1,0.1,34.2,33.33,4.17,12.5,rain,rain,rain,28.1,27.0,32.0,16.6,22.3,22.3,1008.3,1004.6,1007.9,85.0,72.5,93.3,9.9,8.8,8.0,7.4,22.0,8.0,0.9,0.86,0.83,Rain,Rain,Rain,0.7912235329674899,0.8788171126619654,0.9719610005785463,0.6115270401858314,-0.47715876025960846,-0.23514211310258984
2024-05-07,25.0,24.7,85.9,4.947,4.17,rain,22.7,13.0,1012.7,82.0,9.2,11.7,0.97,Rain,0.8073707443023492,-0.5900444739548627,0.9521293927421387,0.3056953049631057,24.5,24.0,25.0,23.5,22.2,25.1,86.4,77.4,84.1,2.106,1.1,0.1,4.17,33.33,4.17,rain,rain,rain,32.4,28.1,27.0,16.6,16.6,22.3,1011.0,1008.3,1004.6,79.7,85.0,72.5,9.3,9.9,8.8,7.6,7.4,22.0,0.93,0.9,0.86,Rain,Rain,Rain,0.7869350219613372,0.7912235329674899,0.8788171126619654,0.6170358751407488,0.6115270401858314,-0.47715876025960846
2024-05-08,26.0,25.4,89.7,5.095,4.17,rain,26.6,14.8,1011.7,82.3,7.8,14.6,0.0,Rain,0.7971015927871943,-0.6038452208771035,0.9862856015372314,-0.1650476058606777,25.0,24.5,24.0,24.7,23.5,22.2,85.9,86.4,77.4,4.947,2.106,1.1,4.17,4.17,33.33,rain,rain,rain,22.7,32.4,28.1,13.0,16.6,16.6,1012.7,1011.0,1008.3,82.0,79.7,85.0,9.2,9.3,9.9,11.7,7.6,7.4,0.97,0.93,0.9,Rain,Rain,Rain,0.9521293927421387,0.7869350219613372,0.7912235329674899,0.3056953049631057,0.6170358751407488,0.6115270401858314
2024-05-09,23.0,23.7,87.0,2.997,8.33,rain,23.8,20.5,1012.7,89.2,9.6,11.3,0.03,Rain,0.7865965660866021,-0.6174672802835514,0.9602936856769431,0.2789911060392293,26.0,25.0,24.5,25.4,24.7,23.5,89.7,85.9,86.4,5.095,4.947,2.106,4.17,4.17,4.17,rain,rain,rain,26.6,22.7,32.4,14.8,13.0,16.6,1011.7,1012.7,1011.0,82.3,82.0,79.7,7.8,9.2,9.3,14.6,11.7,7.6,0.0,0.97,0.93,Rain,Rain,Rain,0.9862856015372314,0.9521293927421387,0.7869350219613372,-0.1650476058606777,0.3056953049631057,0.6170358751407488
2024-05-10,24.0,24.5,82.8,0.131,8.33,rain,34.2,24.1,1011.5,66.7,9.1,21.3,0.07,Rain,0.7758587728069828,-0.6309066211876704,0.8517269341430477,-0.523985905970079,23.0,26.0,25.0,23.7,25.4,24.7,87.0,89.7,85.9,2.997,5.095,4.947,8.33,4.17,4.17,rain,rain,rain,23.8,26.6,22.7,20.5,14.8,13.0,1012.7,1011.7,1012.7,89.2,82.3,82.0,9.6,7.8,9.2,11.3,14.6,11.7,0.03,0.0,0.97,Rain,Rain,Rain,0.9602936856769431,0.9862856015372314,0.9521293927421387,0.2789911060392293,-0.1650476058606777,0.3056953049631057
2024-05-11,26.0,25.6,82.3,0.3,12.5,rain,27.4,20.5,1010.7,60.4,9.3,19.9,0.1,Rain,0.7648913904341226,-0.6441592666722685,0.5792811723426791,-0.8151277957285541,24.0,23.0,26.0,24.5,23.7,25.4,82.8,87.0,89.7,0.131,2.997,5.095,8.33,8.33,4.17,rain,rain,rain,34.2,23.8,26.6,24.1,20.5,14.8,1011.5,1012.7,1011.7,66.7,89.2,82.3,9.1,9.6,7.8,21.3,11.3,14.6,0.07,0.03,0.0,Rain,Rain,Rain,0.8517269341430477,0.9602936856769431,0.9862856015372314,-0.523985905970079,0.2789911060392293,-0.1650476058606777
2024-05-12,24.5,25.5,84.7,17.074,4.17,rain,25.9,24.1,1010.3,70.8,8.7,15.3,0.13,Rain,0.753697664392914,-0.6572212950663319,0.9762960071199334,-0.2164396139381028,26.0,24.0,23.0,25.6,24.5,23.7,82.3,82.8,87.0,0.3,0.131,2.997,12.5,8.33,8.33,rain,rain,rain,27.4,34.2,23.8,20.5,24.1,20.5,1010.7,1011.5,1012.7,60.4,66.7,89.2,9.3,9.1,9.6,19.9,21.3,11.3,0.1,0.07,0.03,Rain,Rain,Rain,0.5792811723426791,0.8517269341430477,0.9602936856769431,-0.8151277957285541,-0.523985905970079,0.2789911060392293
2024-05-13,23.0,22.9,80.8,144.501,16.67,rain,20.9,16.6,1012.0,63.0,9.5,6.0,0.16,Rain,0.742280907086982,-0.6700888411055113,-0.54756322349255,0.8367643134589619,24.5,26.0,24.0,25.5,25.6,24.5,84.7,82.3,82.8,17.074,0.3,0.131,4.17,12.5,8.33,rain,rain,rain,25.9,27.4,34.2,24.1,20.5,24.1,1010.3,1010.7,1011.5,70.8,60.4,66.7,8.7,9.3,9.1,15.3,19.9,21.3,0.13,0.1,0.07,Rain,Rain,Rain,0.9762960071199334,0.5792811723426791,0.8517269341430477,-0.2164396139381028,-0.8151277957285541,-0.523985905970079
2024-05-14,24.0,23.8,78.6,0.1,4.17,rain,27.0,14.8,1011.2,46.3,9.9,21.4,0.2,Rain,0.7306444969184916,-0.6827580970759147,0.6717205893229902,-0.74080459628675,23.0,24.5,26.0,22.9,25.5,25.6,80.8,84.7,82.3,144.501,17.074,0.3,16.67,4.17,12.5,rain,rain,rain,20.9,25.9,27.4,16.6,24.1,20.5,1012.0,1010.3,1010.7,63.0,70.8,60.4,9.5,8.7,9.3,6.0,15.3,19.9,0.16,0.13,0.1,Rain,Rain,Rain,-0.54756322349255,0.9762960071199334,0.5792811723426791,0.8367643134589619,-0.2164396139381028,-0.8151277957285541
2024-05-15,24.0,25.1,87.2,0.792,4.17,rain,27.7,22.3,1012.3,76.7,8.3,17.4,0.25,Rain,0.7187918772884232,-0.6952253139408722,0.9981347984218669,-0.061048539534857005,24.0,23.0,24.5,23.8,22.9,25.5,78.6,80.8,84.7,0.1,144.501,17.074,4.17,16.67,4.17,rain,rain,rain,27.0,20.9,25.9,14.8,16.6,24.1,1011.2,1012.0,1010.3,46.3,63.0,70.8,9.9,9.5,8.7,21.4,6.0,15.3,0.2,0.16,0.13,Rain,Rain,Rain,0.6717205893229902,-0.54756322349255,0.9762960071199334,-0.74080459628675,0.8367643134589619,-0.2164396139381028
2024-05-16,25.0,23.2,78.5,0.198,4.17,rain,33.8,16.6,1012.8,85.2,9.9,7.8,0.26,Rain,0.7067265555776158,-0.7074868024503348,0.4257792915650726,0.9048270524660196,24.0,24.0,23.0,25.1,23.8,22.9,87.2,78.6,80.8,0.792,0.1,144.501,4.17,4.17,16.67,rain,rain,rain,27.7,27.0,20.9,22.3,14.8,16.6,1012.3,1011.2,1012.0,76.7,46.3,63.0,8.3,9.9,9.5,17.4,21.4,6.0,0.25,0.2,0.16,Rain,Rain,Rain,0.9981347984218669,0.6717205893229902,-0.54756322349255,-0.061048539534857005,-0.74080459628675,0.8367643134589619
2024-05-17,25.0,22.8,74.6,0.7,20.83,rain,27.0,20.5,1009.9,71.0,9.3,19.2,0.29,Rain,0.6944521021088763,-0.719538934232584,0.6320293026648507,-0.7749444887041798,25.0,24.0,24.0,23.2,25.1,23.8,78.5,87.2,78.6,0.198,0.792,0.1,4.17,4.17,4.17,rain,rain,rain,33.8,27.7,27.0,16.6,22.3,14.8,1012.8,1012.3,1011.2,85.2,76.7,46.3,9.9,8.3,9.9,7.8,17.4,21.4,0.26,0.25,0.2,Rain,Rain,Rain,0.4257792915650726,0.9981347984218669,0.6717205893229902,0.9048270524660196,-0.061048539534857005,-0.74080459628675
2024-05-18,30.6,26.0,84.0,9.4,41.67,rain,34.9,22.3,1004.8,89.4,9.9,16.8,0.33,Rain,0.6819721490904629,-0.7313781428679254,0.7229671459095686,-0.690882411076858,25.0,25.0,24.0,22.8,23.2,25.1,74.6,78.5,87.2,0.7,0.198,0.792,20.83,4.17,4.17,rain,rain,rain,27.0,33.8,27.7,20.5,16.6,22.3,1009.9,1012.8,1012.3,71.0,85.2,76.7,9.3,9.9,8.3,19.2,7.8,17.4,0.29,0.26,0.25,Rain,Rain,Rain,0.6320293026648507,0.4257792915650726,0.9981347984218669,-0.7749444887041798,0.9048270524660196,-0.061048539534857005
2024-05-19,25.0,26.2,88.1,43.841,8.33,rain,31.3,25.9,1002.4,84.7,9.8,11.9,0.36,Rain,0.6692903895412567,-0.7430009249440493,0.9952273999818312,0.09758289975914945,30.6,25.0,25.0,26.0,22.8,23.2,84.0,74.6,78.5,9.4,0.7,0.198,41.67,20.83,4.17,rain,rain,rain,34.9,27.0,33.8,22.3,20.5,16.6,1004.8,1009.9,1012.8,89.4,71.0,85.2,9.9,9.3,9.9,16.8,19.2,7.8,0.33,0.29,0.26,Rain,Rain,Rain,0.7229671459095686,0.6320293026648507,0.4257792915650726,-0.690882411076858,-0.7749444887041798,0.9048270524660196
2024-05-20,25.0,24.7,84.7,7.927,8.33,rain,30.2,16.6,1005.8,51.7,8.6,17.9,0.39,Rain,0.6564105761979381,-0.7544038410927472,-0.8544588301328072,0.5195191118795097,25.0,30.6,25.0,26.2,26.0,22.8,88.1,84.0,74.6,43.841,9.4,0.7,8.33,41.67,20.83,rain,rain,rain,31.3,34.9,27.0,25.9,22.3,20.5,1002.4,1004.8,1009.9,84.7,89.4,71.0,9.8,9.9,9.3,11.9,16.8,19.2,0.36,0.33,0.29,Rain,Rain,Rain,0.9952273999818312,0.7229671459095686,0.6320293026648507,0.09758289975914945,-0.690882411076858,-0.7749444887041798
2024-05-21,26.0,24.7,81.2,1.0,12.5,rain,28.1,9.4,1007.7,72.5,8.4,17.0,0.42,Rain,0.6433365204044917,-0.765583517007675,0.9537169507482268,0.3007057995042733,25.0,25.0,30.6,24.7,26.2,26.0,84.7,88.1,84.0,7.927,43.841,9.4,8.33,8.33,41.67,rain,rain,rain,30.2,31.3,34.9,16.6,25.9,22.3,1005.8,1002.4,1004.8,51.7,84.7,89.4,8.6,9.8,9.9,17.9,11.9,16.8,0.39,0.36,0.33,Rain,Rain,Rain,-0.8544588301328072,0.9952273999818312,0.7229671459095686,0.5195191118795097,0.09758289975914945,-0.690882411076858
2024-05-22,25.0,23.8,76.3,0.021,4.17,rain,21.2,16.6,1008.7,53.6,8.8,19.4,0.46,Rain,0.6300720909843687,-0.7765366444428655,0.26050450864264835,0.9654726308792251,26.0,25.0,25.0,24.7,24.7,26.2,81.2,84.7,88.1,1.0,7.927,43.841,12.5,8.33,8.33,rain,rain,rain,28.1,30.2,31.3,9.4,16.6,25.9,1007.7,1005.8,1002.4,72.5,51.7,84.7,8.4,8.6,9.8,17.0,17.9,11.9,0.42,0.39,0.36,Rain,Rain,Rain,0.9537169507482268,-0.8544588301328072,0.9952273999818312,0.3007057995042733,0.5195191118795097,0.09758289975914945
2024-05-23,25.6,24.6,82.6,5.939,8.33,rain,20.5,14.8,1008.1,61.7,8.7,17.2,0.5,Rain,0.6166212130956382,-0.7872599821916922,-0.9989705697907146,0.04536298812925432,25.0,26.0,25.0,23.8,24.7,24.7,76.3,81.2,84.7,0.021,1.0,7.927,4.17,12.5,8.33,rain,rain,rain,21.2,28.1,30.2,16.6,9.4,16.6,1008.7,1007.7,1005.8,53.6,72.5,51.7,8.8,8.4,8.6,19.4,17.0,17.9,0.46,0.42,0.39,Rain,Rain,Rain,0.26050450864264835,0.9537169507482268,-0.8544588301328072,0.9654726308792251,0.3007057995042733,0.5195191118795097
2024-05-24,26.0,24.8,78.8,0.9,16.67,rain,42.5,22.3,1007.6,57.5,7.8,21.3,0.52,Rain,0.6029878670694714,-0.7977503570459932,0.7569950556517564,-0.6534206039901055,25.6,25.0,26.0,24.6,23.8,24.7,82.6,76.3,81.2,5.939,0.021,1.0,8.33,4.17,12.5,rain,rain,rain,20.5,21.2,28.1,14.8,16.6,9.4,1008.1,1008.7,1007.7,61.7,53.6,72.5,8.7,8.8,8.4,17.2,19.4,17.0,0.5,0.46,0.42,Rain,Rain,Rain,-0.9989705697907146,0.26050450864264835,0.9537169507482268,0.04536298812925432,0.9654726308792251,0.3007057995042733
2024-05-25,26.0,26.2,89.4,13.968,8.33,rain,31.7,20.5,1007.5,71.7,8.8,11.2,0.56,Rain,0.5891760872322963,-0.8080046647350754,0.7120260459909965,-0.7021530529951624,26.0,25.6,25.0,24.8,24.6,23.8,78.8,82.6,76.3,0.9,5.939,0.021,16.67,8.33,4.17,rain,rain,rain,42.5,20.5,21.2,22.3,14.8,16.6,1007.6,1008.1,1008.7,57.5,61.7,53.6,7.8,8.7,8.8,21.3,17.2,19.4,0.52,0.5,0.46,Rain,Rain,Rain,0.7569950556517564,-0.9989705697907146,0.26050450864264835,-0.6534206039901055,0.04536298812925432,0.9654726308792251
2024-05-26,26.0,26.9,81.5,10.472,8.33,rain,31.7,13.0,1004.9,64.4,9.7,18.8,0.59,Rain,0.5751899607119775,-0.8180198708443175,0.3551069624081372,-0.9348256763960144,26.0,26.0,25.6,26.2,24.8,24.6,89.4,78.8,82.6,13.968,0.9,5.939,8.33,16.67,8.33,rain,rain,rain,31.7,42.5,20.5,20.5,22.3,14.8,1007.5,1007.6,1008.1,71.7,57.5,61.7,8.8,7.8,8.7,11.2,21.3,17.2,0.56,0.52,0.5,Rain,Rain,Rain,0.7120260459909965,0.7569950556517564,-0.9989705697907146,-0.7021530529951624,-0.6534206039901055,0.04536298812925432
2024-05-27,34.5,26.2,73.1,0.198,4.17,rain,25.2,14.8,1001.2,70.8,9.5,18.1,0.63,Rain,0.5610336262283677,-0.8277930117131022,-0.7771459614569711,-0.6293203910498372,26.0,26.0,26.0,26.9,26.2,24.8,81.5,89.4,78.8,10.472,13.968,0.9,8.33,8.33,16.67,rain,rain,rain,31.7,31.7,42.5,13.0,20.5,22.3,1004.9,1007.5,1007.6,64.4,71.7,57.5,9.7,8.8,7.8,18.8,11.2,21.3,0.59,0.56,0.52,Rain,Rain,Rain,0.3551069624081372,0.7120260459909965,0.7569950556517564,-0.9348256763960144,-0.7021530529951624,-0.6534206039901055
2024-05-28,36.8,26.9,76.0,0.2,8.33,rain,28.8,14.8,1000.9,57.9,9.9,15.5,0.67,Rain,0.5467112728685939,-0.8373211953118121,0.7912235329674899,0.6115270401858314,34.5,26.0,26.0,26.2,26.9,26.2,73.1,81.5,89.4,0.198,10.472,13.968,4.17,8.33,8.33,rain,rain,rain,25.2,31.7,31.7,14.8,13.0,20.5,1001.2,1004.9,1007.5,70.8,64.4,71.7,9.5,9.7,8.8,18.1,18.8,11.2,0.63,0.59,0.56,Rain,Rain,Rain,-0.7771459614569711,0.3551069624081372,0.7120260459909965,-0.6293203910498372,-0.9348256763960144,-0.7021530529951624
2024-05-29,36.8,27.6,78.4,0.0,0.0,rain,28.8,24.1,1000.7,76.6,11.0,21.0,0.7,Cloudy,0.5322271388474397,-0.8466016020976267,0.8642748019537047,-0.5030199466302351,36.8,34.5,26.0,26.9,26.2,26.9,76.0,73.1,81.5,0.2,0.198,10.472,8.33,4.17,8.33,rain,rain,rain,28.8,25.2,31.7,14.8,14.8,13.0,1000.9,1001.2,1004.9,57.9,70.8,64.4,9.9,9.5,9.7,15.5,18.1,18.8,0.67,0.63,0.59,Rain,Rain,Rain,0.7912235329674899,-0.7771459614569711,0.3551069624081372,0.6115270401858314,-0.6293203910498372,-0.9348256763960144
2024-05-30,26.0,26.4,80.7,57.387,4.17,rain,32.0,29.5,1002.0,80.0,9.2,15.3,0.74,Rain,0.5175855102531889,-0.8556314858488706,0.99888987496197,-0.047106450709642776,36.8,36.8,34.5,27.6,26.9,26.2,78.4,76.0,73.1,0.0,0.2,0.198,0.0,8.33,4.17,rain,rain,rain,28.8,28.8,25.2,24.1,14.8,14.8,1000.7,1000.9,1001.2,76.6,57.9,70.8,11.0,9.9,9.5,21.0,15.5,18.1,0.7,0.67,0.63,Cloudy,Rain,Rain,0.8642748019537047,0.7912235329674899,-0.7771459614569711,-0.5030199466302351,0.6115270401858314,-0.6293203910498372
2024-05-31,23.9,23.7,84.7,31.694,12.5,rain,24.5,13.0,1006.2,90.2,9.8,8.2,0.75,Rain,0.5027907197793043,-0.8644081744776648,-0.9092361090470683,0.41628079226040177,26.0,36.8,36.8,26.4,27.6,26.9,80.7,78.4,76.0,57.387,0.0,0.2,4.17,0.0,8.33,rain,rain,rain,32.0,28.8,28.8,29.5,24.1,14.8,1002.0,1000.7,1000.9,80.0,76.6,57.9,9.2,11.0,9.9,15.3,21.0,15.5,0.74,0.7,0.67,Rain,Cloudy,Rain,0.99888987496197,0.8642748019537047,0.7912235329674899,-0.047106450709642776,-0.5030199466302351,0.6115270401858314
2024-06-01,26.3,24.3,73.5,0.1,4.17,rain,16.9,11.2,1007.3,50.2,9.7,21.2,0.81,Rain,0.4878471454423119,-0.8729290708206411,0.9838850379335417,-0.17880221511634947,23.9,26.0,36.8,23.7,26.4,27.6,84.7,80.7,78.4,31.694,57.387,0.0,12.5,4.17,0.0,rain,rain,rain,24.5,32.0,28.8,13.0,29.5,24.1,1006.2,1002.0,1000.7,90.2,80.0,76.6,9.8,9.2,11.0,8.2,15.3,21.0,0.75,0.74,0.7,Rain,Rain,Cloudy,-0.9092361090470683,0.99888987496197,0.8642748019537047,0.41628079226040177,-0.047106450709642776,-0.5030199466302351
2024-06-02,31.2,26.6,78.3,0.6,25.0,rain,40.7,22.3,1005.9,53.9,9.8,19.3,0.85,Rain,0.47275920928627757,-0.881191653407483,0.7649214009184319,-0.6441236297613865,26.3,23.9,26.0,24.3,23.7,26.4,73.5,84.7,80.7,0.1,31.694,57.387,4.17,12.5,4.17,rain,rain,rain,16.9,24.5,32.0,11.2,13.0,29.5,1007.3,1006.2,1002.0,50.2,90.2,80.0,9.7,9.8,9.2,21.2,8.2,15.3,0.81,0.75,0.74,Rain,Rain,Rain,0.9838850379335417,-0.9092361090470683,0.99888987496197,-0.17880221511634947,0.41628079226040177,-0.047106450709642776
2024-06-03,31.2,26.3,78.3,0.011,4.17,rain,25.2,29.5,1003.0,60.0,9.0,17.6,0.88,Rain,0.4575313760742512,-0.8891934772070711,0.9743700647852352,-0.2249510543438648,31.2,26.3,23.9,26.6,24.3,23.7,78.3,73.5,84.7,0.6,0.1,31.694,25.0,4.17,12.5,rain,rain,rain,40.7,16.9,24.5,22.3,11.2,13.0,1005.9,1007.3,1006.2,53.9,50.2,90.2,9.8,9.7,9.8,19.3,21.2,8.2,0.85,0.81,0.75,Rain,Rain,Rain,0.7649214009184319,0.9838850379335417,-0.9092361090470683,-0.6441236297613865,-0.17880221511634947,0.41628079226040177
2024-06-04,31.0,26.1,84.5,12.594,8.33,rain,29.9,14.8,1004.0,67.0,9.9,10.2,0.92,Rain,0.44216815196707204,-0.8969321743510065,0.8902128046111264,0.4555449072335157,31.2,31.2,26.3,26.3,26.6,24.3,78.3,78.3,73.5,0.011,0.6,0.1,4.17,25.0,4.17,rain,rain,rain,25.2,40.7,16.9,29.5,22.3,11.2,1003.0,1005.9,1007.3,60.0,53.9,50.2,9.0,9.8,9.7,17.6,19.3,21.2,0.88,0.85,0.81,Rain,Rain,Rain,0.9743700647852352,0.7649214009184319,0.9838850379335417,-0.2249510543438648,-0.6441236297613865,-0.17880221511634947
2024-06-05,25.8,25.1,88.6,69.268,12.5,rain,23.0,20.5,1007.0,91.8,9.8,3.6,0.95,Rain,0.42667408318992467,-0.9044054548343001,0.3987490689252462,0.917060074385124,31.0,31.2,31.2,26.1,26.3,26.6,84.5,78.3,78.3,12.594,0.011,0.6,8.33,4.17,25.0,rain,rain,rain,29.9,25.2,40.7,14.8,29.5,22.3,1004.0,1003.0,1005.9,67.0,60.0,53.9,9.9,9.0,9.8,10.2,17.6,19.3,0.92,0.88,0.85,Rain,Rain,Rain,0.8902128046111264,0.9743700647852352,0.7649214009184319,0.4555449072335157,-0.2249510543438648,-0.6441236297613865
2024-06-06,24.0,24.3,88.6,5.676,12.5,rain,23.0,16.6,1008.6,94.4,9.8,9.7,0.0,Rain,0.4110537546870351,-0.9116111071930239,-0.3518416484047027,0.9360595357389729,25.8,31.0,31.2,25.1,26.1,26.3,88.6,84.5,78.3,69.268,12.594,0.011,12.5,8.33,4.17,rain,rain,rain,23.0,29.9,25.2,20.5,14.8,29.5,1007.0,1004.0,1003.0,91.8,67.0,60.0,9.8,9.9,9.0,3.6,10.2,17.6,0.95,0.92,0.88,Rain,Rain,Rain,0.3987490689252462,0.8902128046111264,0.9743700647852352,0.917060074385124,0.4555449072335157,-0.2249510543438648
2024-06-07,26.0,25.8,85.7,9.2,41.67,rain,21.2,22.3,1005.0,79.6,7.7,14.6,0.02,Rain,0.3953117887649151,-0.9185469991587165,0.9483236552061994,-0.317304656405092,24.0,25.8,31.0,24.3,25.1,26.1,88.6,88.6,84.5,5.676,69.268,12.594,12.5,12.5,8.33,rain,rain,rain,23.0,23.0,29.9,16.6,20.5,14.8,1008.6,1007.0,1004.0,94.4,91.8,67.0,9.8,9.8,9.9,9.7,3.6,10.2,0.0,0.95,0.92,Rain,Rain,Rain,-0.3518416484047027,0.3987490689252462,0.8902128046111264,0.9360595357389729,0.917060074385124,0.4555449072335157
2024-06-08,26.0,26.0,84.6,39.631,8.33,rain,22.3,14.8,1002.8,77.7,8.9,6.8,0.05,Rain,0.37945284372454435,-0.925211078289358,0.7581343361976525,-0.652098403830392,26.0,24.0,25.8,25.8,24.3,25.1,85.7,88.6,88.6,9.2,5.676,69.268,41.67,12.5,12.5,rain,rain,rain,21.2,23.0,23.0,22.3,16.6,20.5,1005.0,1008.6,1007.0,79.6,94.4,91.8,7.7,9.8,9.8,14.6,9.7,3.6,0.02,0.0,0.95,Rain,Rain,Rain,0.9483236552061994,-0.3518416484047027,0.3987490689252462,-0.317304656405092,0.9360595357389729,0.917060074385124
2024-06-09,26.0,25.4,95.2,31.782,12.5,rain,21.6,13.0,1003.9,89.1,8.6,7.3,0.09,Rain,0.36348161248290634,-0.9316013725767187,0.944376370237481,0.3288666467385833,26.0,26.0,24.0,26.0,25.8,24.3,84.6,85.7,88.6,39.631,9.2,5.676,8.33,41.67,12.5,rain,rain,rain,22.3,21.2,23.0,14.8,22.3,16.6,1002.8,1005.0,1008.6,77.7,79.6,94.4,8.9,7.7,9.8,6.8,14.6,9.7,0.05,0.02,0.0,Rain,Rain,Rain,0.7581343361976525,0.9483236552061994,-0.3518416484047027,-0.652098403830392,-0.317304656405092,0.9360595357389729
2024-06-10,26.0,26.3,89.8,15.959,16.67,rain,29.9,16.6,1005.3,85.1,8.3,15.3,0.12,Rain,0.3474028211842774,-0.9377159910299093,0.9743700647852352,-0.2249510543438648,26.0,26.0,26.0,25.4,26.0,25.8,95.2,84.6,85.7,31.782,39.631,9.2,12.5,8.33,41.67,rain,rain,rain,21.6,22.3,21.2,13.0,14.8,22.3,1003.9,1002.8,1005.0,89.1,77.7,79.6,8.6,8.9,7.7,7.3,6.8,14.6,0.09,0.05,0.02,Rain,Rain,Rain,0.944376370237481,0.7581343361976525,0.9483236552061994,0.3288666467385833,-0.652098403830392,-0.317304656405092
2024-06-11,33.6,27.2,84.3,10.884,8.33,rain,27.0,18.4,1004.9,69.0,8.5,17.8,0.15,Rain,0.3312212278016865,-0.9435531242349544,0.9048270524660195,-0.4257792915650727,26.0,26.0,26.0,26.3,25.4,26.0,89.8,95.2,84.6,15.959,31.782,39.631,16.67,12.5,8.33,rain,rain,rain,29.9,21.6,22.3,16.6,13.0,14.8,1005.3,1003.9,1002.8,85.1,89.1,77.7,8.3,8.6,8.9,15.3,7.3,6.8,0.12,0.09,0.05,Rain,Rain,Rain,0.9743700647852352,0.944376370237481,0.7581343361976525,-0.2249510543438648,0.3288666467385833,-0.652098403830392
2024-06-12,34.5,26.6,76.1,0.198,4.17,rain,25.9,11.2,1003.8,65.3,9.1,21.8,0.18,Rain,0.31494162072895193,-0.9491110448902284,0.9819587126964436,-0.1890954429898914,33.6,26.0,26.0,27.2,26.3,25.4,84.3,89.8,95.2,10.884,15.959,31.782,8.33,16.67,12.5,rain,rain,rain,27.0,29.9,21.6,18.4,16.6,13.0,1004.9,1005.3,1003.9,69.0,85.1,89.1,8.5,8.3,8.6,17.8,15.3,7.3,0.15,0.12,0.09,Rain,Rain,Rain,0.9048270524660195,0.9743700647852352,0.944376370237481,-0.4257792915650727,-0.2249510543438648,0.3288666467385833
2024-06-13,36.5,25.5,67.2,0.0,0.0,noprecip,28.8,13.0,1000.9,52.2,9.7,21.5,0.22,Cloudy,0.2985688173637202,-0.9543881083175908,-0.8894163732912975,-0.4570979270586941,34.5,33.6,26.0,26.6,27.2,26.3,76.1,84.3,89.8,0.198,10.884,15.959,4.17,8.33,16.67,rain,rain,rain,25.9,27.0,29.9,11.2,18.4,16.6,1003.8,1004.9,1005.3,65.3,69.0,85.1,9.1,8.5,8.3,21.8,17.8,15.3,0.18,0.15,0.12,Rain,Rain,Rain,0.9819587126964436,0.9048270524660195,0.9743700647852352,-0.1890954429898914,-0.4257792915650727,-0.2249510543438648
2024-06-14,35.1,25.2,63.6,0.0,0.0,noprecip,24.8,11.2,999.4,67.9,10.4,18.7,0.25,Cloudy,0.2821076626819194,-0.9593827529490743,-0.6293203910498376,-0.7771459614569708,36.5,34.5,33.6,25.5,26.6,27.2,67.2,76.1,84.3,0.0,0.198,10.884,0.0,4.17,8.33,noprecip,rain,rain,28.8,25.9,27.0,13.0,11.2,18.4,1000.9,1003.8,1004.9,52.2,65.3,69.0,9.7,9.1,8.5,21.5,21.8,17.8,0.22,0.18,0.15,Cloudy,Rain,Rain,-0.8894163732912975,0.9819587126964436,0.9048270524660195,-0.4570979270586941,-0.1890954429898914,-0.4257792915650727
2024-06-15,36.8,27.9,81.1,0.2,8.33,rain,21.2,13.0,1001.1,51.0,7.4,13.9,0.28,Rain,0.26556302780405594,-0.9640935007889755,0.4817536741017153,0.8763066800438636,35.1,36.5,34.5,25.2,25.5,26.6,63.6,67.2,76.1,0.0,0.0,0.198,0.0,0.0,4.17,noprecip,noprecip,rain,24.8,28.8,25.9,11.2,13.0,11.2,999.4,1000.9,1003.8,67.9,52.2,65.3,10.4,9.7,9.1,18.7,21.5,21.8,0.25,0.22,0.18,Cloudy,Cloudy,Rain,-0.6293203910498376,-0.8894163732912975,0.9819587126964436,-0.7771459614569708,-0.4570979270586941,-0.1890954429898914
2024-06-16,30.6,27.3,80.1,0.099,4.17,rain,16.6,16.6,1002.1,52.6,8.5,19.1,0.31,Rain,0.24893980855376657,-0.9685189578512204,0.9795752495993441,0.20107792114596457,36.8,35.1,36.5,27.9,25.2,25.5,81.1,63.6,67.2,0.2,0.0,0.0,8.33,0.0,0.0,rain,noprecip,noprecip,21.2,24.8,28.8,13.0,11.2,13.0,1001.1,999.4,1000.9,51.0,67.9,52.2,7.4,10.4,9.7,13.9,18.7,21.5,0.28,0.25,0.22,Rain,Cloudy,Cloudy,0.4817536741017153,-0.6293203910498376,-0.8894163732912975,0.8763066800438636,-0.7771459614569708,-0.4570979270586941
2024-06-17,26.0,26.5,80.3,1.979,4.17,rain,23.0,37.1,1001.6,60.7,9.2,20.1,0.34,Rain,0.23224292400907015,-0.9726578145718654,1.0,6.123233995736766e-17,30.6,36.8,35.1,27.3,27.9,25.2,80.1,81.1,63.6,0.099,0.2,0.0,4.17,8.33,0.0,rain,rain,noprecip,16.6,21.2,24.8,16.6,13.0,11.2,1002.1,1001.1,999.4,52.6,51.0,67.9,8.5,7.4,10.4,19.1,13.9,18.7,0.31,0.28,0.25,Rain,Rain,Cloudy,0.9795752495993441,0.4817536741017153,-0.6293203910498376,0.20107792114596457,0.8763066800438636,-0.7771459614569708
2024-06-18,26.0,26.6,82.8,7.916,4.17,rain,28.4,14.8,1000.9,67.8,10.9,12.5,0.38,Rain,0.21547731504673012,-0.976508846196619,0.9163627295622396,0.4003490325568949,26.0,30.6,36.8,26.5,27.3,27.9,80.3,80.1,81.1,1.979,0.099,0.2,4.17,4.17,8.33,rain,rain,rain,23.0,16.6,21.2,37.1,16.6,13.0,1001.6,1002.1,1001.1,60.7,52.6,51.0,9.2,8.5,7.4,20.1,19.1,13.9,0.34,0.31,0.28,Rain,Rain,Rain,1.0,0.9795752495993441,0.4817536741017153,6.123233995736766e-17,0.20107792114596457,0.8763066800438636
2024-06-19,24.0,26.8,77.6,0.1,4.17,rain,37.1,24.1,1000.3,68.9,10.4,22.1,0.41,Rain,0.19864794288017112,-0.9800709131432666,0.9921147013144778,-0.12533323356430437,26.0,26.0,30.6,26.6,26.5,27.3,82.8,80.3,80.1,7.916,1.979,0.099,4.17,4.17,4.17,rain,rain,rain,28.4,23.0,16.6,14.8,37.1,16.6,1000.9,1001.6,1002.1,67.8,60.7,52.6,10.9,9.2,8.5,12.5,20.1,19.1,0.38,0.34,0.31,Rain,Rain,Rain,0.9163627295622396,1.0,0.9795752495993441,0.4003490325568949,6.123233995736766e-17,0.20107792114596457
2024-06-20,26.0,27.1,80.9,0.798,4.17,rain,28.8,16.6,1000.5,75.1,9.9,20.5,0.44,Rain,0.18175978759137534,-0.9833429613388902,0.9822872507286887,-0.18738131458572438,24.0,26.0,26.0,26.8,26.6,26.5,77.6,82.8,80.3,0.1,7.916,1.979,4.17,4.17,4.17,rain,rain,rain,37.1,28.4,23.0,24.1,14.8,37.1,1000.3,1000.9,1001.6,68.9,67.8,60.7,10.4,10.9,9.2,22.1,12.5,20.1,0.41,0.38,0.34,Rain,Rain,Rain,0.9921147013144778,0.9163627295622396,1.0,-0.12533323356430437,0.4003490325568949,6.123233995736766e-17
2024-06-21,36.8,28.2,85.7,3.958,8.33,rain,28.4,18.4,1001.3,76.8,9.6,20.5,0.47,Rain,0.16481784665719793,-0.9863240225317866,0.9494254776419039,-0.313992455967405,26.0,24.0,26.0,27.1,26.8,26.6,80.9,77.6,82.8,0.798,0.1,7.916,4.17,4.17,4.17,rain,rain,rain,28.8,37.1,28.4,16.6,24.1,14.8,1000.5,1000.3,1000.9,75.1,68.9,67.8,9.9,10.4,10.9,20.5,22.1,12.5,0.44,0.41,0.38,Rain,Rain,Rain,0.9822872507286887,0.9921147013144778,0.9163627295622396,-0.18738131458572438,-0.12533323356430437,0.4003490325568949
2024-06-22,38.2,27.4,79.4,1.2,37.5,rain,29.2,18.4,1002.8,78.3,11.1,20.2,0.5,Rain,0.14782713347053048,-0.9890132145779883,0.8120835268918064,-0.5835412113561174,36.8,26.0,24.0,28.2,27.1,26.8,85.7,80.9,77.6,3.958,0.798,0.1,8.33,4.17,4.17,rain,rain,rain,28.4,28.8,37.1,18.4,16.6,24.1,1001.3,1000.5,1000.3,76.8,75.1,68.9,9.6,9.9,10.4,20.5,20.5,22.1,0.47,0.44,0.41,Rain,Rain,Rain,0.9494254776419039,0.9822872507286887,0.9921147013144778,-0.313992455967405,-0.18738131458572438,-0.12533323356430437
2024-06-23,34.5,26.9,80.9,51.514,8.33,rain,27.0,22.3,1003.0,64.5,10.3,21.4,0.54,Rain,0.13079267585675922,-0.9914097417023038,0.907044014291465,-0.421035813367491,38.2,36.8,26.0,27.4,28.2,27.1,79.4,85.7,80.9,1.2,3.958,0.798,37.5,8.33,4.17,rain,rain,rain,29.2,28.4,28.8,18.4,18.4,16.6,1002.8,1001.3,1000.5,78.3,76.8,75.1,11.1,9.6,9.9,20.2,20.5,20.5,0.5,0.47,0.44,Rain,Rain,Rain,0.8120835268918064,0.9494254776419039,0.9822872507286887,-0.5835412113561174,-0.313992455967405,-0.18738131458572438
2024-06-24,31.2,26.2,85.9,12.126,12.5,rain,18.4,14.8,1002.9,80.1,9.4,4.9,0.58,Rain,0.11371951458594969,-0.9935128947338007,0.9802711746217219,-0.19765734037912613,34.5,38.2,36.8,26.9,27.4,28.2,80.9,79.4,85.7,51.514,1.2,3.958,8.33,37.5,8.33,rain,rain,rain,27.0,29.2,28.4,22.3,18.4,18.4,1003.0,1002.8,1001.3,64.5,78.3,76.8,10.3,11.1,9.6,21.4,20.2,20.5,0.54,0.5,0.47,Rain,Rain,Rain,0.907044014291465,0.8120835268918064,0.9494254776419039,-0.421035813367491,-0.5835412113561174,-0.313992455967405
2024-06-25,26.1,26.2,90.4,11.951,12.5,rain,26.6,16.6,1004.6,70.4,9.5,10.7,0.61,Rain,0.0966127018812031,-0.9953220513156602,0.9907478404714436,0.1357155724343044,31.2,34.5,38.2,26.2,26.9,27.4,85.9,80.9,79.4,12.126,51.514,1.2,12.5,8.33,37.5,rain,rain,rain,18.4,27.0,29.2,14.8,22.3,18.4,1002.9,1003.0,1002.8,80.1,64.5,78.3,9.4,10.3,11.1,4.9,21.4,20.2,0.58,0.54,0.5,Rain,Rain,Rain,0.9802711746217219,0.907044014291465,0.8120835268918064,-0.19765734037912613,-0.421035813367491,-0.5835412113561174
2024-06-26,26.0,25.7,88.0,6.264,8.33,rain,29.5,16.6,1007.7,79.7,10.0,9.0,0.65,Rain,0.07947729992362097,-0.9968366760893436,0.9970527522269202,0.07671902812681881,26.1,31.2,34.5,26.2,26.2,26.9,90.4,85.9,80.9,11.951,12.126,51.514,12.5,12.5,8.33,rain,rain,rain,26.6,18.4,27.0,16.6,14.8,22.3,1004.6,1002.9,1003.0,70.4,80.1,64.5,9.5,9.4,10.3,10.7,4.9,21.4,0.61,0.58,0.54,Rain,Rain,Rain,0.9907478404714436,0.9802711746217219,0.907044014291465,0.1357155724343044,-0.19765734037912613,-0.421035813367491
2024-06-27,25.0,25.9,85.8,6.0,12.5,rain,29.5,18.4,1008.4,66.8,9.5,12.2,0.69,Rain,0.062318379354325076,-0.998056320853012,0.9668233886044594,-0.2554457579357904,26.0,26.1,31.2,25.7,26.2,26.2,88.0,90.4,85.9,6.264,11.951,12.126,8.33,12.5,12.5,rain,rain,rain,29.5,26.6,18.4,16.6,16.6,14.8,1007.7,1004.6,1002.9,79.7,70.4,80.1,10.0,9.5,9.4,9.0,10.7,4.9,0.65,0.61,0.58,Rain,Rain,Rain,0.9970527522269202,0.9907478404714436,0.9802711746217219,0.07671902812681881,0.1357155724343044,-0.19765734037912613
2024-06-28,33.0,26.6,82.3,0.297,4.17,rain,34.2,24.1,1005.8,67.9,10.0,16.9,0.72,Rain,0.04514101777397193,-0.9989806246941579,0.7477980904985319,-0.6639262126522416,25.0,26.0,26.1,25.9,25.7,26.2,85.8,88.0,90.4,6.0,6.264,11.951,12.5,8.33,12.5,rain,rain,rain,29.5,29.5,26.6,18.4,16.6,16.6,1008.4,1007.7,1004.6,66.8,79.7,70.4,9.5,10.0,9.5,12.2,9.0,10.7,0.69,0.65,0.61,Rain,Rain,Rain,0.9668233886044594,0.9970527522269202,0.9907478404714436,-0.2554457579357904,0.07671902812681881,0.1357155724343044
2024-06-29,34.1,26.8,77.7,9.894,4.17,rain,28.4,16.6,1003.3,65.6,11.0,23.2,0.75,Rain,0.02795029824021032,-0.999609314096404,0.5948227867513413,-0.8038568606172173,33.0,25.0,26.0,26.6,25.9,25.7,82.3,85.8,88.0,0.297,6.0,6.264,4.17,12.5,8.33,rain,rain,rain,34.2,29.5,29.5,24.1,18.4,16.6,1005.8,1008.4,1007.7,67.9,66.8,79.7,10.0,9.5,10.0,16.9,12.2,9.0,0.72,0.69,0.65,Rain,Rain,Rain,0.7477980904985319,0.9668233886044594,0.9970527522269202,-0.6639262126522416,-0.2554457579357904,0.07671902812681881
2024-06-30,34.5,26.4,73.5,3.068,4.17,rain,36.4,13.0,1002.0,97.3,10.0,22.1,0.79,Rain,0.01075130776352193,-0.9999422030204416,0.2655561174868091,-0.96409540423411,34.1,33.0,25.0,26.8,26.6,25.9,77.7,82.3,85.8,9.894,0.297,6.0,4.17,4.17,12.5,rain,rain,rain,28.4,34.2,29.5,16.6,24.1,18.4,1003.3,1005.8,1008.4,65.6,67.9,66.8,11.0,10.0,9.5,23.2,16.9,12.2,0.75,0.72,0.69,Rain,Rain,Rain,0.5948227867513413,0.7477980904985319,0.9668233886044594,-0.8038568606172173,-0.6639262126522416,-0.2554457579357904
2024-07-01,36.2,25.1,66.0,0.0,0.0,noprecip,26.6,13.0,1000.2,90.3,10.0,13.4,0.83,Cloudy,-0.00645086419810515,-0.9999791929590823,0.06279051952931358,-0.9980267284282716,34.5,34.1,33.0,26.4,26.8,26.6,73.5,77.7,82.3,3.068,9.894,0.297,4.17,4.17,4.17,rain,rain,rain,36.4,28.4,34.2,13.0,16.6,24.1,1002.0,1003.3,1005.8,97.3,65.6,67.9,10.0,11.0,10.0,22.1,23.2,16.9,0.79,0.75,0.72,Rain,Rain,Rain,0.2655561174868091,0.5948227867513413,0.7477980904985319,-0.96409540423411,-0.8038568606172173,-0.6639262126522416
2024-07-02,30.6,26.5,83.4,4.4,20.83,rain,22.0,16.6,1001.8,82.8,9.8,13.3,0.87,Rain,-0.023651127245231586,-0.9997202729664083,0.953190667792947,0.30236989075044457,36.2,34.5,34.1,25.1,26.4,26.8,66.0,73.5,77.7,0.0,3.068,9.894,0.0,4.17,4.17,noprecip,rain,rain,26.6,36.4,28.4,13.0,13.0,16.6,1000.2,1002.0,1003.3,90.3,97.3,65.6,10.0,10.0,11.0,13.4,22.1,23.2,0.83,0.79,0.75,Cloudy,Rain,Rain,0.06279051952931358,0.2655561174868091,0.5948227867513413,-0.9980267284282716,-0.96409540423411,-0.8038568606172173
2024-07-03,26.0,26.1,92.8,7.818,8.33,rain,40.7,22.3,1006.7,80.6,8.1,9.3,0.9,Rain,-0.04084439154329611,-0.9991655196610109,0.9702957262759965,0.2419218955996679,30.6,36.2,34.5,26.5,25.1,26.4,83.4,66.0,73.5,4.4,0.0,3.068,20.83,0.0,4.17,rain,noprecip,rain,22.0,26.6,36.4,16.6,13.0,13.0,1001.8,1000.2,1002.0,82.8,90.3,97.3,9.8,10.0,10.0,13.3,13.4,22.1,0.87,0.83,0.79,Rain,Cloudy,Rain,0.953190667792947,0.06279051952931358,0.2655561174868091,0.30236989075044457,-0.9980267284282716,-0.96409540423411
2024-07-04,26.0,25.8,79.3,2.922,8.33,rain,30.6,25.9,1008.5,54.5,9.3,18.4,0.94,Rain,-0.05802556932878035,-0.9983150972033183,0.6819983600624986,-0.7313537016191705,26.0,30.6,36.2,26.1,26.5,25.1,92.8,83.4,66.0,7.818,4.4,0.0,8.33,20.83,0.0,rain,rain,noprecip,40.7,22.0,26.6,22.3,16.6,13.0,1006.7,1001.8,1000.2,80.6,82.8,90.3,8.1,9.8,10.0,9.3,13.3,13.4,0.9,0.87,0.83,Rain,Rain,Cloudy,0.9702957262759965,0.953190667792947,0.06279051952931358,0.2419218955996679,0.30236989075044457,-0.9980267284282716
2024-07-05,26.0,25.4,77.9,0.1,12.5,rain,31.3,25.9,1006.0,47.6,11.1,22.2,0.97,Rain,-0.07518957641475855,-0.9971692572470178,0.8110638189893269,-0.5849576749872152,26.0,26.0,30.6,25.8,26.1,26.5,79.3,92.8,83.4,2.922,7.818,4.4,8.33,8.33,20.83,rain,rain,rain,30.6,40.7,22.0,25.9,22.3,16.6,1008.5,1006.7,1001.8,54.5,80.6,82.8,9.3,8.1,9.8,18.4,9.3,13.3,0.94,0.9,0.87,Rain,Rain,Rain,0.6819983600624986,0.9702957262759965,0.953190667792947,-0.7313537016191705,0.2419218955996679,0.30236989075044457
2024-07-06,31.2,26.3,78.6,0.158,12.5,rain,27.0,20.5,1005.4,53.0,12.5,20.4,0.0,Rain,-0.09233133369539122,-0.9957283388645872,0.8424523970071475,-0.5387707850068632,26.0,26.0,26.0,25.4,25.8,26.1,77.9,79.3,92.8,0.1,2.922,7.818,12.5,8.33,8.33,rain,rain,rain,31.3,30.6,40.7,25.9,25.9,22.3,1006.0,1008.5,1006.7,47.6,54.5,80.6,11.1,9.3,8.1,22.2,18.4,9.3,0.97,0.94,0.9,Rain,Rain,Rain,0.8110638189893269,0.6819983600624986,0.9702957262759965,-0.5849576749872152,-0.7313537016191705,0.2419218955996679
2024-07-07,34.5,26.0,74.9,0.0,0.0,rain,36.4,25.9,1005.9,45.5,10.6,24.5,0.04,Cloudy,-0.10944576864891556,-0.993992768446958,0.6586894601186803,-0.7524149088957245,31.2,26.0,26.0,26.3,25.4,25.8,78.6,77.9,79.3,0.158,0.1,2.922,12.5,12.5,8.33,rain,rain,rain,27.0,31.3,30.6,20.5,25.9,25.9,1005.4,1006.0,1008.5,53.0,47.6,54.5,12.5,11.1,9.3,20.4,22.2,18.4,0.0,0.97,0.94,Rain,Rain,Rain,0.8424523970071475,0.8110638189893269,0.6819983600624986,-0.5387707850068632,-0.5849576749872152,-0.7313537016191705
2024-07-08,33.6,26.4,76.5,0.396,4.17,rain,30.6,22.3,1005.1,56.3,11.0,24.2,0.07,Rain,-0.12652781683868314,-0.9919630595773397,0.6984152854310062,-0.7156927337037355,34.5,31.2,26.0,26.0,26.3,25.4,74.9,78.6,77.9,0.0,0.158,0.1,0.0,12.5,12.5,rain,rain,rain,36.4,27.0,31.3,25.9,20.5,25.9,1005.9,1005.4,1006.0,45.5,53.0,47.6,10.6,12.5,11.1,24.5,20.4,22.2,0.04,0.0,0.97,Cloudy,Rain,Rain,0.6586894601186803,0.8424523970071475,0.8110638189893269,-0.7524149088957245,-0.5387707850068632,-0.5849576749872152
2024-07-09,36.2,27.0,80.2,10.983,4.17,rain,24.8,22.3,1004.7,66.4,9.8,23.5,0.11,Rain,-0.1435724234118113,-0.9896398128792412,0.8535507972753275,-0.5210096318405764,33.6,34.5,31.2,26.4,26.0,26.3,76.5,74.9,78.6,0.396,0.0,0.158,4.17,0.0,12.5,rain,rain,rain,30.6,36.4,27.0,22.3,25.9,20.5,1005.1,1005.9,1005.4,56.3,45.5,53.0,11.0,10.6,12.5,24.2,24.5,20.4,0.07,0.04,0.0,Rain,Cloudy,Rain,0.6984152854310062,0.6586894601186803,0.8424523970071475,-0.7156927337037355,-0.7524149088957245,-0.5387707850068632
2024-07-10,26.0,27.0,85.8,0.747,4.17,rain,24.5,14.8,1004.8,60.9,11.1,22.6,0.14,Rain,-0.16057454459499376,-0.9870237158387383,0.9211854055657213,-0.3891239501402062,36.2,33.6,34.5,27.0,26.4,26.0,80.2,76.5,74.9,10.983,0.396,0.0,4.17,4.17,0.0,rain,rain,rain,24.8,30.6,36.4,22.3,22.3,25.9,1004.7,1005.1,1005.9,66.4,56.3,45.5,9.8,11.0,10.6,23.5,24.2,24.5,0.11,0.07,0.04,Rain,Rain,Cloudy,0.8535507972753275,0.6984152854310062,0.6586894601186803,-0.5210096318405764,-0.7156927337037355,-0.7524149088957245
2024-07-11,30.1,26.2,78.3,9.598,4.17,rain,27.0,18.4,1003.1,50.1,10.4,23.4,0.17,Rain,-0.17752914918703497,-0.984115542601034,0.9499720515246526,-0.3123349185122325,26.0,36.2,33.6,27.0,27.0,26.4,85.8,80.2,76.5,0.747,10.983,0.396,4.17,4.17,4.17,rain,rain,rain,24.5,24.8,30.6,14.8,22.3,22.3,1004.8,1004.7,1005.1,60.9,66.4,56.3,11.1,9.8,11.0,22.6,23.5,24.2,0.14,0.11,0.07,Rain,Rain,Rain,0.9211854055657213,0.8535507972753275,0.6984152854310062,-0.3891239501402062,-0.5210096318405764,-0.7156927337037355
2024-07-12,32.9,26.5,75.8,1.413,8.33,rain,22.7,20.5,1001.2,76.4,11.2,20.5,0.2,Rain,-0.19443122004766195,-0.9809161537413774,0.6921431738704071,-0.7217602280983618,30.1,26.0,36.2,26.2,27.0,27.0,78.3,85.8,80.2,9.598,0.747,10.983,4.17,4.17,4.17,rain,rain,rain,27.0,24.5,24.8,18.4,14.8,22.3,1003.1,1004.8,1004.7,50.1,60.9,66.4,10.4,11.1,9.8,23.4,22.6,23.5,0.17,0.14,0.11,Rain,Rain,Rain,0.9499720515246526,0.9211854055657213,0.8535507972753275,-0.3123349185122325,-0.3891239501402062,-0.5210096318405764
2024-07-13,36.7,26.8,76.4,15.337,8.33,rain,23.4,25.9,1000.9,65.1,10.2,18.8,0.23,Rain,-0.2112757555821793,-0.9774264960104055,0.8964864303834406,-0.4430711908241795,32.9,30.1,26.0,26.5,26.2,27.0,75.8,78.3,85.8,1.413,9.598,0.747,8.33,4.17,4.17,rain,rain,rain,22.7,27.0,24.5,20.5,18.4,14.8,1001.2,1003.1,1004.8,76.4,50.1,60.9,11.2,10.4,11.1,20.5,23.4,22.6,0.2,0.17,0.14,Rain,Rain,Rain,0.6921431738704071,0.9499720515246526,0.9211854055657213,-0.7217602280983618,-0.3123349185122325,-0.3891239501402062
2024-07-14,26.0,26.2,81.8,1.927,8.33,rain,34.9,20.5,1004.0,60.1,9.7,14.7,0.25,Rain,-0.2280577712215198,-0.9736476020539838,0.9510565162951536,-0.30901699437494734,36.7,32.9,30.1,26.8,26.5,26.2,76.4,75.8,78.3,15.337,1.413,9.598,8.33,8.33,4.17,rain,rain,rain,23.4,22.7,27.0,25.9,20.5,18.4,1000.9,1001.2,1003.1,65.1,76.4,50.1,10.2,11.2,10.4,18.8,20.5,23.4,0.23,0.2,0.17,Rain,Rain,Rain,0.8964864303834406,0.6921431738704071,0.9499720515246526,-0.4430711908241795,-0.7217602280983618,-0.3123349185122325
2024-07-15,26.0,26.1,83.7,25.717,12.5,rain,33.1,18.4,1005.5,76.9,10.0,15.2,0.3,Rain,-0.24477230089725957,-0.9695805901076308,-0.12186934340514811,0.992546151641322,26.0,36.7,32.9,26.2,26.8,26.5,81.8,76.4,75.8,1.927,15.337,1.413,8.33,8.33,8.33,rain,rain,rain,34.9,23.4,22.7,20.5,25.9,20.5,1004.0,1000.9,1001.2,60.1,65.1,76.4,9.7,10.2,11.2,14.7,18.8,20.5,0.25,0.23,0.2,Rain,Rain,Rain,0.9510565162951536,0.8964864303834406,0.6921431738704071,-0.30901699437494734,-0.4430711908241795,-0.7217602280983618
2024-07-16,31.2,26.1,82.5,7.97,12.5,rain,32.0,18.4,1005.6,75.9,9.6,13.1,0.33,Rain,-0.2614143985111562,-0.965226663665613,0.7083398377245288,0.705871570678681,26.0,26.0,36.7,26.1,26.2,26.8,83.7,81.8,76.4,25.717,1.927,15.337,12.5,8.33,8.33,rain,rain,rain,33.1,34.9,23.4,18.4,20.5,25.9,1005.5,1004.0,1000.9,76.9,60.1,65.1,10.0,9.7,10.2,15.2,14.7,18.8,0.3,0.25,0.23,Rain,Rain,Rain,-0.12186934340514811,0.9510565162951536,0.8964864303834406,0.992546151641322,-0.30901699437494734,-0.4430711908241795
2024-07-17,26.0,26.1,85.7,2.222,16.67,rain,29.2,16.6,1004.8,80.6,10.0,7.9,0.36,Rain,-0.2779791393987801,-0.9605871111248129,0.7804304073383297,0.6252426563357053,31.2,26.0,26.0,26.1,26.1,26.2,82.5,83.7,81.8,7.97,25.717,1.927,12.5,12.5,8.33,rain,rain,rain,32.0,33.1,34.9,18.4,18.4,20.5,1005.6,1005.5,1004.0,75.9,76.9,60.1,9.6,10.0,9.7,13.1,15.2,14.7,0.33,0.3,0.25,Rain,Rain,Rain,0.7083398377245288,-0.12186934340514811,0.9510565162951536,0.705871570678681,0.992546151641322,-0.30901699437494734
2024-07-18,25.9,25.8,89.9,24.287,16.67,rain,23.0,22.3,1003.9,88.0,9.2,8.8,0.4,Rain,-0.2944616217868012,-0.9556633054034704,0.9211854055657211,0.3891239501402063,26.0,31.2,26.0,26.1,26.1,26.1,85.7,82.5,83.7,2.222,7.97,25.717,16.67,12.5,12.5,rain,rain,rain,29.2,32.0,33.1,16.6,18.4,18.4,1004.8,1005.6,1005.5,80.6,75.9,76.9,10.0,9.6,10.0,7.9,13.1,15.2,0.36,0.33,0.3,Rain,Rain,Rain,0.7804304073383297,0.7083398377245288,-0.12186934340514811,0.6252426563357053,0.705871570678681,0.992546151641322
2024-07-19,26.0,26.2,88.9,11.491,12.5,rain,26.3,16.6,1004.0,75.0,9.9,9.3,0.43,Rain,-0.3108569682435036,-0.9504567035349151,0.9755345439458566,0.21984620435283755,25.9,26.0,31.2,25.8,26.1,26.1,89.9,85.7,82.5,24.287,2.222,7.97,16.67,16.67,12.5,rain,rain,rain,23.0,29.2,32.0,22.3,16.6,18.4,1003.9,1004.8,1005.6,88.0,80.6,75.9,9.2,10.0,9.6,8.8,7.9,13.1,0.4,0.36,0.33,Rain,Rain,Rain,0.9211854055657211,0.7804304073383297,0.7083398377245288,0.3891239501402063,0.6252426563357053,0.705871570678681
2024-07-20,31.0,26.5,88.5,11.894,12.5,rain,22.3,25.9,1004.8,63.6,10.2,12.7,0.46,Rain,-0.3271603271220951,-0.9449688462364056,0.9438009515832294,0.330514392713223,26.0,25.9,26.0,26.2,25.8,26.1,88.9,89.9,85.7,11.491,24.287,2.222,12.5,16.67,16.67,rain,rain,rain,26.3,23.0,29.2,16.6,22.3,16.6,1004.0,1003.9,1004.8,75.0,88.0,80.6,9.9,9.2,10.0,9.3,8.8,7.9,0.43,0.4,0.36,Rain,Rain,Rain,0.9755345439458566,0.9211854055657211,0.7804304073383297,0.21984620435283755,0.3891239501402063,0.6252426563357053
2024-07-21,30.6,26.3,79.3,2.474,4.17,rain,23.8,14.8,1004.8,55.3,11.6,18.2,0.5,Rain,-0.34336687399638804,-0.939201357453208,0.9372819894918915,0.3485720473218153,31.0,26.0,25.9,26.5,26.2,25.8,88.5,88.9,89.9,11.894,11.491,24.287,12.5,12.5,16.67,rain,rain,rain,22.3,26.3,23.0,25.9,16.6,22.3,1004.8,1004.0,1003.9,63.6,75.0,88.0,10.2,9.9,9.2,12.7,9.3,8.8,0.46,0.43,0.4,Rain,Rain,Rain,0.9438009515832294,0.9755345439458566,0.9211854055657211,0.330514392713223,0.21984620435283755,0.3891239501402063
2024-07-22,30.6,26.4,83.8,3.986,8.33,rain,28.8,13.0,1002.4,72.0,9.8,15.2,0.53,Rain,-0.3594718130884232,-0.9331559438780432,-0.770513242775789,0.63742398974869,30.6,31.0,26.0,26.3,26.5,26.2,79.3,88.5,88.9,2.474,11.894,11.491,4.17,12.5,12.5,rain,rain,rain,23.8,22.3,26.3,14.8,25.9,16.6,1004.8,1004.8,1004.0,55.3,63.6,75.0,11.6,10.2,9.9,18.2,12.7,9.3,0.5,0.46,0.43,Rain,Rain,Rain,0.9372819894918915,0.9438009515832294,0.9755345439458566,0.3485720473218153,0.330514392713223,0.21984620435283755
2024-07-23,25.0,25.6,94.2,188.332,16.67,rain,28.4,22.3,997.8,90.6,5.7,2.4,0.56,Rain,-0.3754703786876202,-0.9268343944460494,-0.982935349149554,0.1839513506127209,30.6,30.6,31.0,26.4,26.3,26.5,83.8,79.3,88.5,3.986,2.474,11.894,8.33,4.17,12.5,rain,rain,rain,28.8,23.8,22.3,13.0,14.8,25.9,1002.4,1004.8,1004.8,72.0,55.3,63.6,9.8,11.6,10.2,15.2,18.2,12.7,0.53,0.5,0.46,Rain,Rain,Rain,-0.770513242775789,0.9372819894918915,0.9438009515832294,0.63742398974869,0.3485720473218153,0.330514392713223
2024-07-24,25.4,26.0,90.0,100.843,16.67,rain,26.3,14.8,995.6,91.3,8.3,6.6,0.6,Rain,-0.3913578365610259,-0.9202385798054075,-0.9547607995027972,0.2973748740777865,25.0,30.6,30.6,25.6,26.4,26.3,94.2,83.8,79.3,188.332,3.986,2.474,16.67,8.33,4.17,rain,rain,rain,28.4,28.8,23.8,22.3,13.0,14.8,997.8,1002.4,1004.8,90.6,72.0,55.3,5.7,9.8,11.6,2.4,15.2,18.2,0.56,0.53,0.5,Rain,Rain,Rain,-0.982935349149554,-0.770513242775789,0.9372819894918915,0.1839513506127209,0.63742398974869,0.3485720473218153
2024-07-25,31.2,26.7,84.7,23.566,12.5,rain,29.9,13.0,995.0,78.4,9.7,16.0,0.63,Rain,-0.4071294853542516,-0.9133704517637858,-0.9505157316277836,0.31067642963073233,25.4,25.0,30.6,26.0,25.6,26.4,90.0,94.2,83.8,100.843,188.332,3.986,16.67,16.67,8.33,rain,rain,rain,26.3,28.4,28.8,14.8,22.3,13.0,995.6,997.8,1002.4,91.3,90.6,72.0,8.3,5.7,9.8,6.6,2.4,15.2,0.6,0.56,0.53,Rain,Rain,Rain,-0.9547607995027972,-0.982935349149554,-0.770513242775789,0.2973748740777865,0.1839513506127209,0.63742398974869
2024-07-26,31.8,27.1,75.2,0.0,0.0,noprecip,23.8,16.6,995.5,60.1,10.5,26.3,0.67,Cloudy,-0.4227806579826773,-0.9062320427107697,-0.9933727656003963,-0.11493715049286761,31.2,25.4,25.0,26.7,26.0,25.6,84.7,90.0,94.2,23.566,100.843,188.332,12.5,16.67,16.67,rain,rain,rain,29.9,26.3,28.4,13.0,14.8,22.3,995.0,995.6,997.8,78.4,91.3,90.6,9.7,8.3,5.7,16.0,6.6,2.4,0.63,0.6,0.56,Rain,Rain,Rain,-0.9505157316277836,-0.9547607995027972,-0.982935349149554,0.31067642963073233,0.2973748740777865,0.1839513506127209
2024-07-27,34.5,28.5,78.7,0.0,0.0,noprecip,21.6,27.7,998.7,67.9,9.5,23.9,0.71,Cloudy,-0.4383067230125192,-0.898825465016444,0.7289686274214114,0.6845471059286887,31.8,31.2,25.4,27.1,26.7,26.0,75.2,84.7,90.0,0.0,23.566,100.843,0.0,12.5,16.67,noprecip,rain,rain,23.8,29.9,26.3,16.6,13.0,14.8,995.5,995.0,995.6,60.1,78.4,91.3,10.5,9.7,8.3,26.3,16.0,6.6,0.67,0.63,0.6,Cloudy,Rain,Rain,-0.9933727656003963,-0.9505157316277836,-0.9547607995027972,-0.11493715049286761,0.31067642963073233,0.2973748740777865
2024-07-28,24.0,26.1,87.8,34.531,4.17,rain,30.2,22.3,1001.9,82.6,9.0,9.8,0.75,Rain,-0.45370308603134424,-0.8911529104063088,0.8221440410307375,0.5692795234308442,34.5,31.8,31.2,28.5,27.1,26.7,78.7,75.2,84.7,0.0,0.0,23.566,0.0,0.0,12.5,noprecip,noprecip,rain,21.6,23.8,29.9,27.7,16.6,13.0,998.7,995.5,995.0,67.9,60.1,78.4,9.5,10.5,9.7,23.9,26.3,16.0,0.71,0.67,0.63,Cloudy,Cloudy,Rain,0.7289686274214114,-0.9933727656003963,-0.9505157316277836,0.6845471059286887,-0.11493715049286761,0.31067642963073233
2024-07-29,26.0,26.3,92.0,27.129,12.5,rain,24.1,16.6,1001.3,82.9,9.4,7.5,0.78,Rain,-0.46896519100763184,-0.8832166493127127,0.9163627295622396,-0.4003490325568948,24.0,34.5,31.8,26.1,28.5,27.1,87.8,78.7,75.2,34.531,0.0,0.0,4.17,0.0,0.0,rain,noprecip,noprecip,30.2,21.6,23.8,22.3,27.7,16.6,1001.9,998.7,995.5,82.6,67.9,60.1,9.0,9.5,10.5,9.8,23.9,26.3,0.75,0.71,0.67,Rain,Cloudy,Cloudy,0.8221440410307375,0.7289686274214114,-0.9933727656003963,0.5692795234308442,0.6845471059286887,-0.11493715049286761
2024-07-30,26.0,26.1,91.7,1.987,12.5,rain,32.8,22.3,1001.3,91.3,8.7,5.9,0.81,Rain,-0.48408852163897587,-0.8750190302029955,0.753563392301638,-0.6573752457940956,26.0,24.0,34.5,26.3,26.1,28.5,92.0,87.8,78.7,27.129,34.531,0.0,12.5,4.17,0.0,rain,rain,noprecip,24.1,30.2,21.6,16.6,22.3,27.7,1001.3,1001.9,998.7,82.9,82.6,67.9,9.4,9.0,9.5,7.5,9.8,23.9,0.78,0.75,0.71,Rain,Rain,Cloudy,0.9163627295622396,0.8221440410307375,0.7289686274214114,-0.4003490325568948,0.5692795234308442,0.6845471059286887
2024-07-31,26.0,25.9,85.3,0.408,12.5,rain,28.8,13.0,1002.4,86.7,10.0,9.6,0.85,Rain,-0.4990686026885319,-0.8665624788845385,0.5692795234308443,-0.8221440410307373,26.0,26.0,24.0,26.1,26.3,26.1,91.7,92.0,87.8,1.987,27.129,34.531,12.5,12.5,4.17,rain,rain,rain,32.8,24.1,30.2,22.3,16.6,22.3,1001.3,1001.3,1001.9,91.3,82.9,82.6,8.7,9.4,9.0,5.9,7.5,9.8,0.81,0.78,0.75,Rain,Rain,Rain,0.753563392301638,0.9163627295622396,0.8221440410307375,-0.6573752457940956,-0.4003490325568948,0.5692795234308442
2024-08-01,31.2,25.5,80.9,0.396,4.17,rain,42.8,14.8,1003.3,87.0,10.0,7.2,0.88,Rain,-0.5139010013093103,-0.8578494977869301,0.255445757935791,-0.9668233886044593,26.0,26.0,26.0,25.9,26.1,26.3,85.3,91.7,92.0,0.408,1.987,27.129,12.5,12.5,12.5,rain,rain,rain,28.8,32.8,24.1,13.0,22.3,16.6,1002.4,1001.3,1001.3,86.7,91.3,82.9,10.0,8.7,9.4,9.6,5.9,7.5,0.85,0.81,0.78,Rain,Rain,Rain,0.5692795234308443,0.753563392301638,0.9163627295622396,-0.8221440410307373,-0.6573752457940956,-0.4003490325568948
2024-08-02,26.0,24.9,86.6,13.3,12.5,rain,41.8,16.6,1003.4,89.1,9.7,7.6,0.92,Rain,-0.5285813283559292,-0.8488826652214553,0.22665130743685472,-0.9739759672790517,31.2,26.0,26.0,25.5,25.9,26.1,80.9,85.3,91.7,0.396,0.408,1.987,4.17,12.5,12.5,rain,rain,rain,42.8,28.8,32.8,14.8,13.0,22.3,1003.3,1002.4,1001.3,87.0,86.7,91.3,10.0,10.0,8.7,7.2,9.6,5.9,0.88,0.85,0.81,Rain,Rain,Rain,0.255445757935791,0.5692795234308443,0.753563392301638,-0.9668233886044593,-0.8221440410307373,-0.6573752457940956
2024-08-03,26.0,25.4,83.1,0.001,4.17,rain,30.6,14.8,1005.0,64.2,11.0,16.1,0.96,Rain,-0.5431052396834317,-0.8396646346181327,0.9694453498951389,0.24530738587880274,26.0,31.2,26.0,24.9,25.5,25.9,86.6,80.9,85.3,13.3,0.396,0.408,12.5,4.17,12.5,rain,rain,rain,41.8,42.8,28.8,16.6,14.8,13.0,1003.4,1003.3,1002.4,89.1,87.0,86.7,9.7,10.0,10.0,7.6,7.2,9.6,0.92,0.88,0.85,Rain,Rain,Rain,0.22665130743685472,0.255445757935791,0.5692795234308443,-0.9739759672790517,-0.9668233886044593,-0.8221440410307373
2024-08-04,31.0,25.7,76.6,0.6,16.67,rain,22.3,24.1,1006.3,64.9,10.8,22.9,0.0,Rain,-0.5574684374327892,-0.8301981337405212,0.9085081775267219,-0.4178670738010765,26.0,26.0,31.2,25.4,24.9,25.5,83.1,86.6,80.9,0.001,13.3,0.396,4.17,12.5,4.17,rain,rain,rain,30.6,41.8,42.8,14.8,16.6,14.8,1005.0,1003.4,1003.3,64.2,89.1,87.0,11.0,9.7,10.0,16.1,7.6,7.2,0.96,0.92,0.88,Rain,Rain,Rain,0.9694453498951389,0.22665130743685472,0.255445757935791,0.24530738587880274,-0.9739759672790517,-0.9668233886044593
2024-08-05,34.3,26.7,79.4,4.7,12.5,rain,19.4,16.6,1005.7,59.7,10.5,19.8,0.02,Rain,-0.5716666713027052,-0.8204859638785327,0.9947028171171742,-0.10279253678724679,31.0,26.0,26.0,25.7,25.4,24.9,76.6,83.1,86.6,0.6,0.001,13.3,16.67,4.17,12.5,rain,rain,rain,22.3,30.6,41.8,24.1,14.8,16.6,1006.3,1005.0,1003.4,64.9,64.2,89.1,10.8,11.0,9.7,22.9,16.1,7.6,0.0,0.96,0.92,Rain,Rain,Rain,0.9085081775267219,0.9694453498951389,0.22665130743685472,-0.4178670738010765,0.24530738587880274,-0.9739759672790517
2024-08-06,31.8,26.9,79.3,0.9,29.17,rain,24.5,25.9,1004.9,45.6,10.2,21.7,0.06,Rain,-0.5856957398073508,-0.8105309990194823,0.9607791541575941,-0.27731465330237776,34.3,31.0,26.0,26.7,25.7,25.4,79.4,76.6,83.1,4.7,0.6,0.001,12.5,16.67,4.17,rain,rain,rain,19.4,22.3,30.6,16.6,24.1,14.8,1005.7,1006.3,1005.0,59.7,64.9,64.2,10.5,10.8,11.0,19.8,22.9,16.1,0.02,0.0,0.96,Rain,Rain,Rain,0.9947028171171742,0.9085081775267219,0.9694453498951389,-0.10279253678724679,-0.4178670738010765,0.24530738587880274
2024-08-07,32.7,26.6,79.9,1.7,20.83,rain,22.0,24.1,1005.3,45.4,9.9,23.4,0.09,Rain,-0.5995514915196489,-0.8003361849976323,0.90630778703665,-0.42261826174069933,31.8,34.3,31.0,26.9,26.7,25.7,79.3,79.4,76.6,0.9,4.7,0.6,29.17,12.5,16.67,rain,rain,rain,24.5,19.4,22.3,25.9,16.6,24.1,1004.9,1005.7,1006.3,45.6,59.7,64.9,10.2,10.5,10.8,21.7,19.8,22.9,0.06,0.02,0.0,Rain,Rain,Rain,0.9607791541575941,0.9947028171171742,0.9085081775267219,-0.27731465330237776,-0.10279253678724679,-0.4178670738010765
2024-08-08,26.0,26.5,77.1,0.1,4.17,rain,40.7,16.6,1005.0,40.9,10.9,24.2,0.12,Rain,-0.6132298262997502,-0.7899045386224707,0.6032079877452823,-0.7975839288252287,32.7,31.8,34.3,26.6,26.9,26.7,79.9,79.3,79.4,1.7,0.9,4.7,20.83,29.17,12.5,rain,rain,rain,22.0,24.5,19.4,24.1,25.9,16.6,1005.3,1004.9,1005.7,45.4,45.6,59.7,9.9,10.2,10.5,23.4,21.7,19.8,0.09,0.06,0.02,Rain,Rain,Rain,0.90630778703665,0.9607791541575941,0.9947028171171742,-0.42261826174069933,-0.27731465330237776,-0.10279253678724679
2024-08-09,31.2,26.3,71.6,0.0,0.0,noprecip,27.4,18.4,1002.2,44.4,12.0,25.3,0.15,Cloudy,-0.6267266965083301,-0.7792391467859886,0.6768759696826607,-0.7360970871197343,26.0,32.7,31.8,26.5,26.6,26.9,77.1,79.9,79.3,0.1,1.7,0.9,4.17,20.83,29.17,rain,rain,rain,40.7,22.0,24.5,16.6,24.1,25.9,1005.0,1005.3,1004.9,40.9,45.4,45.6,10.9,9.9,10.2,24.2,23.4,21.7,0.12,0.09,0.06,Rain,Rain,Rain,0.6032079877452823,0.90630778703665,0.9607791541575941,-0.7975839288252287,-0.42261826174069933,-0.27731465330237776
2024-08-10,31.2,27.1,73.6,4.5,16.67,rain,22.0,31.7,1000.3,57.0,11.0,24.8,0.19,Rain,-0.6400381082043503,-0.7683431655492202,0.9966373868180366,0.0819385086300412,31.2,26.0,32.7,26.3,26.5,26.6,71.6,77.1,79.9,0.0,0.1,1.7,0.0,4.17,20.83,noprecip,rain,rain,27.4,40.7,22.0,18.4,16.6,24.1,1002.2,1005.0,1005.3,44.4,40.9,45.4,12.0,10.9,9.9,25.3,24.2,23.4,0.15,0.12,0.09,Cloudy,Rain,Rain,0.6768759696826607,0.6032079877452823,0.90630778703665,-0.7360970871197343,-0.7975839288252287,-0.42261826174069933
2024-08-11,24.0,25.3,84.9,0.6,12.5,rain,32.4,31.7,1001.5,64.7,9.8,15.5,0.22,Rain,-0.65316012232693,-0.7572198192083127,-0.7253743710122879,0.6883545756937537,31.2,31.2,26.0,27.1,26.3,26.5,73.6,71.6,77.1,4.5,0.0,0.1,16.67,0.0,4.17,rain,noprecip,rain,22.0,27.4,40.7,31.7,18.4,16.6,1000.3,1002.2,1005.0,57.0,44.4,40.9,11.0,12.0,10.9,24.8,25.3,24.2,0.19,0.15,0.12,Rain,Cloudy,Rain,0.9966373868180366,0.6768759696826607,0.6032079877452823,0.0819385086300412,-0.7360970871197343,-0.7975839288252287
2024-08-12,31.0,26.5,83.5,0.388,4.17,rain,21.6,16.6,1001.7,72.9,9.8,12.4,0.25,Rain,-0.666088855860977,-0.7458723993404063,0.9494254776419039,0.3139924559674049,24.0,31.2,31.2,25.3,27.1,26.3,84.9,73.6,71.6,0.6,4.5,0.0,12.5,16.67,0.0,rain,rain,noprecip,32.4,22.0,27.4,31.7,31.7,18.4,1001.5,1000.3,1002.2,64.7,57.0,44.4,9.8,11.0,12.0,15.5,24.8,25.3,0.22,0.19,0.15,Rain,Rain,Cloudy,-0.7253743710122879,0.9966373868180366,0.6768759696826607,0.6883545756937537,0.0819385086300412,-0.7360970871197343
2024-08-13,26.0,26.6,88.3,19.566,4.17,rain,17.6,16.6,1004.4,79.6,9.7,12.7,0.29,Rain,-0.6788204829862355,-0.734304263829602,-0.33545156975025525,0.9420574527872966,31.0,24.0,31.2,26.5,25.3,27.1,83.5,84.9,73.6,0.388,0.6,4.5,4.17,12.5,16.67,rain,rain,rain,21.6,32.4,22.0,16.6,31.7,31.7,1001.7,1001.5,1000.3,72.9,64.7,57.0,9.8,9.8,11.0,12.4,15.5,24.8,0.25,0.22,0.19,Rain,Rain,Rain,0.9494254776419039,-0.7253743710122879,0.9966373868180366,0.3139924559674049,0.6883545756937537,0.0819385086300412
2024-08-14,26.0,26.0,90.4,13.082,8.33,rain,22.0,13.0,1005.7,89.9,9.1,11.2,0.32,Rain,-0.6913512362094071,-0.722518835873311,-0.7384553406258845,0.6743023875837227,26.0,31.0,24.0,26.6,26.5,25.3,88.3,83.5,84.9,19.566,0.388,0.6,4.17,4.17,12.5,rain,rain,rain,17.6,21.6,32.4,16.6,16.6,31.7,1004.4,1001.7,1001.5,79.6,72.9,64.7,9.7,9.8,9.8,12.7,12.4,15.5,0.29,0.25,0.22,Rain,Rain,Rain,-0.33545156975025525,0.9494254776419039,-0.7253743710122879,0.9420574527872966,0.3139924559674049,0.6883545756937537
2024-08-15,26.0,26.0,85.2,0.548,12.5,rain,22.7,14.8,1004.6,80.7,9.5,18.0,0.35,Rain,-0.7036774074790128,-0.7105196029692745,-0.5402403204776552,0.841510781945306,26.0,26.0,31.0,26.0,26.6,26.5,90.4,88.3,83.5,13.082,19.566,0.388,8.33,4.17,4.17,rain,rain,rain,22.0,17.6,21.6,13.0,16.6,16.6,1005.7,1004.4,1001.7,89.9,79.6,72.9,9.1,9.7,9.8,11.2,12.7,12.4,0.32,0.29,0.25,Rain,Rain,Rain,-0.7384553406258845,-0.33545156975025525,0.9494254776419039,0.6743023875837227,0.9420574527872966,0.3139924559674049
2024-08-16,26.0,25.4,76.8,2.0,25.0,rain,22.7,11.2,1004.2,73.6,10.0,20.0,0.38,Rain,-0.7157953492826642,-0.6983101158835584,0.24192189559966773,0.9702957262759965,26.0,26.0,26.0,26.0,26.0,26.6,85.2,90.4,88.3,0.548,13.082,19.566,12.5,8.33,4.17,rain,rain,rain,22.7,22.0,17.6,14.8,13.0,16.6,1004.6,1005.7,1004.4,80.7,89.9,79.6,9.5,9.1,9.7,18.0,11.2,12.7,0.35,0.32,0.29,Rain,Rain,Rain,-0.5402403204776552,-0.7384553406258845,-0.33545156975025525,0.841510781945306,0.6743023875837227,0.9420574527872966
2024-08-17,30.6,26.2,82.4,33.839,4.17,rain,17.6,14.8,1005.5,75.1,8.8,19.3,0.42,Rain,-0.7277014757264236,-0.6858939875998223,0.8729220772698096,0.48785965913873275,26.0,26.0,26.0,25.4,26.0,26.0,76.8,85.2,90.4,2.0,0.548,13.082,25.0,12.5,8.33,rain,rain,rain,22.7,22.7,22.0,11.2,14.8,13.0,1004.2,1004.6,1005.7,73.6,80.7,89.9,10.0,9.5,9.1,20.0,18.0,11.2,0.38,0.35,0.32,Rain,Rain,Rain,0.24192189559966773,-0.5402403204776552,-0.7384553406258845,0.9702957262759965,0.841510781945306,0.6743023875837227
2024-08-18,33.6,26.8,82.6,5.2,41.67,rain,19.4,13.0,1005.5,75.2,8.5,15.7,0.45,Rain,-0.7393922635959241,-0.673274892250183,0.6170358751407486,0.7869350219613372,30.6,26.0,26.0,26.2,25.4,26.0,82.4,76.8,85.2,33.839,2.0,0.548,4.17,25.0,12.5,rain,rain,rain,17.6,22.7,22.7,14.8,11.2,14.8,1005.5,1004.2,1004.6,75.1,73.6,80.7,8.8,10.0,9.5,19.3,20.0,18.0,0.42,0.38,0.35,Rain,Rain,Rain,0.8729220772698096,0.24192189559966773,-0.5402403204776552,0.48785965913873275,0.9702957262759965,0.841510781945306
2024-08-19,31.2,26.6,84.6,0.444,4.17,rain,27.0,11.2,1003.8,58.8,8.5,16.4,0.48,Rain,-0.7508642533989489,-0.6604565640279754,-0.6279630576493377,0.7782431485260212,33.6,30.6,26.0,26.8,26.2,25.4,82.6,82.4,76.8,5.2,33.839,2.0,41.67,4.17,25.0,rain,rain,rain,19.4,17.6,22.7,13.0,14.8,11.2,1005.5,1005.5,1004.2,75.2,75.1,73.6,8.5,8.8,10.0,15.7,19.3,20.0,0.45,0.42,0.38,Rain,Rain,Rain,0.6170358751407486,0.8729220772698096,0.24192189559966773,0.7869350219613372,0.48785965913873275,0.9702957262759965
2024-08-20,30.2,26.2,83.5,4.314,8.33,rain,23.0,14.8,1004.3,66.8,10.3,19.1,0.5,Rain,-0.7621140503891487,-0.6474427960827475,0.882126866017668,-0.4710118812194097,31.2,33.6,30.6,26.6,26.8,26.2,84.6,82.6,82.4,0.444,5.2,33.839,4.17,41.67,4.17,rain,rain,rain,27.0,19.4,17.6,11.2,13.0,14.8,1003.8,1005.5,1005.5,58.8,75.2,75.1,8.5,8.5,8.8,16.4,15.7,19.3,0.48,0.45,0.42,Rain,Rain,Rain,-0.6279630576493377,0.6170358751407486,0.8729220772698096,0.7782431485260212,0.7869350219613372,0.48785965913873275
2024-08-21,26.7,26.3,86.7,37.5,4.17,rain,27.7,13.0,1005.9,79.0,9.1,11.1,0.55,Rain,-0.7731383255706026,-0.6342374393978054,-0.5635260489375716,0.8260982944957638,30.2,31.2,33.6,26.2,26.6,26.8,83.5,84.6,82.6,4.314,0.444,5.2,8.33,4.17,41.67,rain,rain,rain,23.0,27.0,19.4,14.8,11.2,13.0,1004.3,1003.8,1005.5,66.8,58.8,75.2,10.3,8.5,8.5,19.1,16.4,15.7,0.5,0.48,0.45,Rain,Rain,Rain,0.882126866017668,-0.6279630576493377,0.6170358751407486,-0.4710118812194097,0.7782431485260212,0.7869350219613372
2024-08-22,24.0,26.4,82.9,3.9,33.33,rain,61.2,20.5,1006.9,65.7,8.4,15.9,0.59,Rain,-0.7839338166829201,-0.620844401650647,0.999559860119384,-0.029666244085110847,26.7,30.2,31.2,26.3,26.2,26.6,86.7,83.5,84.6,37.5,4.314,0.444,4.17,8.33,4.17,rain,rain,rain,27.7,23.0,27.0,13.0,14.8,11.2,1005.9,1004.3,1003.8,79.0,66.8,58.8,9.1,10.3,8.5,11.1,19.1,16.4,0.55,0.5,0.48,Rain,Rain,Rain,-0.5635260489375716,0.882126866017668,-0.6279630576493377,0.8260982944957638,-0.4710118812194097,0.7782431485260212
2024-08-23,24.0,24.4,94.3,102.336,12.5,rain,23.8,14.8,1009.6,84.8,8.8,5.9,0.62,Rain,-0.7944973291665992,-0.6072676460566135,0.9948807088287882,0.10105629718294655,24.0,26.7,30.2,26.4,26.3,26.2,82.9,86.7,83.5,3.9,37.5,4.314,33.33,4.17,8.33,rain,rain,rain,61.2,27.7,23.0,20.5,13.0,14.8,1006.9,1005.9,1004.3,65.7,79.0,66.8,8.4,9.1,10.3,15.9,11.1,19.1,0.59,0.55,0.5,Rain,Rain,Rain,0.999559860119384,-0.5635260489375716,0.882126866017668,-0.029666244085110847,0.8260982944957638,-0.4710118812194097
2024-08-24,24.0,24.8,89.3,31.845,12.5,rain,19.8,13.0,1008.4,64.8,9.4,8.0,0.66,Rain,-0.8048257371083452,-0.593511190196115,0.9521293927421387,-0.3056953049631056,24.0,24.0,26.7,24.4,26.4,26.3,94.3,82.9,86.7,102.336,3.9,37.5,12.5,33.33,4.17,rain,rain,rain,23.8,61.2,27.7,14.8,20.5,13.0,1009.6,1006.9,1005.9,84.8,65.7,79.0,8.8,8.4,9.1,5.9,15.9,11.1,0.62,0.59,0.55,Rain,Rain,Rain,0.9948807088287882,0.999559860119384,-0.5635260489375716,0.10105629718294655,-0.029666244085110847,0.8260982944957638
2024-08-25,25.0,25.1,85.2,8.127,8.33,rain,25.6,16.6,1006.8,73.1,9.9,13.4,0.69,Rain,-0.8149159841660791,-0.5795791048257612,0.9092361090470686,-0.41628079226040104,24.0,24.0,24.0,24.8,24.4,26.4,89.3,94.3,82.9,31.845,102.336,3.9,12.5,12.5,33.33,rain,rain,rain,19.8,23.8,61.2,13.0,14.8,20.5,1008.4,1009.6,1006.9,64.8,84.8,65.7,9.4,8.8,8.4,8.0,5.9,15.9,0.66,0.62,0.59,Rain,Rain,Rain,0.9521293927421387,0.9948807088287882,0.999559860119384,-0.3056953049631056,0.10105629718294655,-0.029666244085110847
2024-08-26,26.2,25.5,79.0,40.567,4.17,rain,20.5,14.8,1006.1,60.8,9.7,16.1,0.75,Rain,-0.8247650844733614,-0.5654755126737576,0.9225380894562463,-0.38590604232431874,25.0,24.0,24.0,25.1,24.8,24.4,85.2,89.3,94.3,8.127,31.845,102.336,8.33,12.5,12.5,rain,rain,rain,25.6,19.8,23.8,16.6,13.0,14.8,1006.8,1008.4,1009.6,73.1,64.8,84.8,9.9,9.4,8.8,13.4,8.0,5.9,0.69,0.66,0.62,Rain,Rain,Rain,0.9092361090470686,0.9521293927421387,0.9948807088287882,-0.41628079226040104,-0.3056953049631056,0.10105629718294655
2024-08-27,26.4,26.2,78.9,8.905,4.17,rain,22.3,14.8,1005.6,48.0,10.0,17.2,0.76,Rain,-0.8343701235229537,-0.5512045872199277,0.9420574527872968,-0.33545156975025475,26.2,25.0,24.0,25.5,25.1,24.8,79.0,85.2,89.3,40.567,8.127,31.845,4.17,8.33,12.5,rain,rain,rain,20.5,25.6,19.8,14.8,16.6,13.0,1006.1,1006.8,1008.4,60.8,73.1,64.8,9.7,9.9,9.4,16.1,13.4,8.0,0.75,0.69,0.66,Rain,Rain,Rain,0.9225380894562463,0.9092361090470686,0.9521293927421387,-0.38590604232431874,-0.41628079226040104,-0.3056953049631056
2024-08-28,34.5,26.8,76.2,0.0,0.0,noprecip,19.8,14.8,1004.1,37.1,9.0,22.7,0.79,Cloudy,-0.8437282590292712,-0.5367705514607103,0.9914448613738105,-0.13052619222005138,26.4,26.2,25.0,26.2,25.5,25.1,78.9,79.0,85.2,8.905,40.567,8.127,4.17,4.17,8.33,rain,rain,rain,22.3,20.5,25.6,14.8,14.8,16.6,1005.6,1006.1,1006.8,48.0,60.8,73.1,10.0,9.7,9.9,17.2,16.1,13.4,0.76,0.75,0.69,Rain,Rain,Rain,0.9420574527872968,0.9225380894562463,0.9092361090470686,-0.33545156975025475,-0.38590604232431874,-0.41628079226040104
2024-08-29,34.5,27.7,81.2,0.0,0.0,rain,18.4,11.2,1004.0,53.4,8.9,19.3,0.83,Cloudy,-0.8528367217694595,-0.522177676659508,0.9935718556765875,0.11320321376790661,34.5,26.4,26.2,26.8,26.2,25.5,76.2,78.9,79.0,0.0,8.905,40.567,0.0,4.17,4.17,noprecip,rain,rain,19.8,22.3,20.5,14.8,14.8,14.8,1004.1,1005.6,1006.1,37.1,48.0,60.8,9.0,10.0,9.7,22.7,17.2,16.1,0.79,0.76,0.75,Cloudy,Rain,Rain,0.9914448613738105,0.9420574527872968,0.9225380894562463,-0.13052619222005138,-0.33545156975025475,-0.38590604232431874
2024-08-30,25.0,25.6,82.4,38.799,8.33,rain,22.7,18.4,1005.5,71.7,9.0,12.7,0.86,Rain,-0.8616928164028521,-0.5074302810827518,-0.6547408137173399,-0.7558534691676394,34.5,34.5,26.4,27.7,26.8,26.2,81.2,76.2,78.9,0.0,0.0,8.905,0.0,0.0,4.17,rain,noprecip,rain,18.4,19.8,22.3,11.2,14.8,14.8,1004.0,1004.1,1005.6,53.4,37.1,48.0,8.9,9.0,10.0,19.3,22.7,17.2,0.83,0.79,0.76,Cloudy,Cloudy,Rain,0.9935718556765875,0.9914448613738105,0.9420574527872968,0.11320321376790661,-0.13052619222005138,-0.33545156975025475
2024-08-31,30.6,25.4,77.8,0.89,4.17,rain,20.2,13.0,1006.6,46.1,9.3,13.7,0.9,Rain,-0.8702939222685674,-0.49253272872205434,0.9865721616069694,0.16332596224162232,25.0,34.5,34.5,25.6,27.7,26.8,82.4,81.2,76.2,38.799,0.0,0.0,8.33,0.0,0.0,rain,rain,noprecip,22.7,18.4,19.8,18.4,11.2,14.8,1005.5,1004.0,1004.1,71.7,53.4,37.1,9.0,8.9,9.0,12.7,19.3,22.7,0.86,0.83,0.79,Rain,Cloudy,Cloudy,-0.6547408137173399,0.9935718556765875,0.9914448613738105,-0.7558534691676394,0.11320321376790661,-0.13052619222005138
2024-09-01,30.6,25.6,80.8,5.096,12.5,rain,20.9,14.8,1007.3,76.1,9.9,13.5,0.93,Rain,-0.8786374941610001,-0.4774894280028391,0.8720692724321206,0.48938245174884626,30.6,25.0,34.5,25.4,25.6,27.7,77.8,82.4,81.2,0.89,38.799,0.0,4.17,8.33,0.0,rain,rain,rain,20.2,22.7,18.4,13.0,18.4,11.2,1006.6,1005.5,1004.0,46.1,71.7,53.4,9.3,9.0,8.9,13.7,12.7,19.3,0.9,0.86,0.83,Rain,Rain,Cloudy,0.9865721616069694,-0.6547408137173399,0.9935718556765875,0.16332596224162232,-0.7558534691676394,0.11320321376790661
2024-09-02,31.2,26.1,76.3,1.982,12.5,rain,16.9,11.2,1007.6,58.3,10.6,18.0,0.97,Rain,-0.886721063082993,-0.46230483047981086,0.9890158633619168,0.14780941112961077,30.6,30.6,25.0,25.6,25.4,25.6,80.8,77.8,82.4,5.096,0.89,38.799,12.5,4.17,8.33,rain,rain,rain,20.9,20.2,22.7,14.8,13.0,18.4,1007.3,1006.6,1005.5,76.1,46.1,71.7,9.9,9.3,9.0,13.5,13.7,12.7,0.93,0.9,0.86,Rain,Rain,Rain,0.8720692724321206,0.9865721616069694,-0.6547408137173399,0.48938245174884626,0.16332596224162232,-0.7558534691676394
2024-09-03,25.0,25.6,82.5,39.776,8.33,rain,22.0,22.3,1007.3,59.1,9.7,21.4,0.0,Rain,-0.8945422369764496,-0.4469834295196741,-0.8746197071393961,0.4848096202463365,31.2,30.6,30.6,26.1,25.6,25.4,76.3,80.8,77.8,1.982,5.096,0.89,12.5,12.5,4.17,rain,rain,rain,16.9,20.9,20.2,11.2,14.8,13.0,1007.6,1007.3,1006.6,58.3,76.1,46.1,10.6,9.9,9.3,18.0,13.5,13.7,0.97,0.93,0.9,Rain,Rain,Rain,0.9890158633619168,0.8720692724321206,0.9865721616069694,0.14780941112961077,0.48938245174884626,0.16332596224162232
2024-09-04,26.0,25.7,76.4,0.0,0.0,noprecip,16.6,13.0,1003.4,43.3,10.5,23.4,0.04,Cloudy,-0.9020987014301837,-0.43152975897147144,-0.3616245700820926,0.9323238012155121,25.0,31.2,30.6,25.6,26.1,25.6,82.5,76.3,80.8,39.776,1.982,5.096,8.33,12.5,12.5,rain,rain,rain,22.0,16.9,20.9,22.3,11.2,14.8,1007.3,1007.6,1007.3,59.1,58.3,76.1,9.7,10.6,9.9,21.4,18.0,13.5,0.0,0.97,0.93,Rain,Rain,Rain,-0.8746197071393961,0.9890158633619168,0.8720692724321206,0.4848096202463365,0.14780941112961077,0.48938245174884626
2024-09-05,30.1,26.3,75.3,0.2,4.17,rain,29.9,14.8,1001.1,48.2,10.8,23.9,0.07,Rain,-0.9093882203647925,-0.4159483918249421,-0.8007313709487336,0.5990235985155857,26.0,25.0,31.2,25.7,25.6,26.1,76.4,82.5,76.3,0.0,39.776,1.982,0.0,8.33,12.5,noprecip,rain,rain,16.6,22.0,16.9,13.0,22.3,11.2,1003.4,1007.3,1007.6,43.3,59.1,58.3,10.5,9.7,10.6,23.4,21.4,18.0,0.04,0.0,0.97,Cloudy,Rain,Rain,-0.3616245700820926,-0.8746197071393961,0.9890158633619168,0.9323238012155121,0.4848096202463365,0.14780941112961077
2024-09-06,26.0,25.7,81.1,18.14,20.83,rain,46.4,25.9,999.8,71.5,9.5,19.4,0.1,Rain,-0.9164086366943458,-0.4002439388573056,-0.6971651028545647,0.7169106076504826,30.1,26.0,25.0,26.3,25.7,25.6,75.3,76.4,82.5,0.2,0.0,39.776,4.17,0.0,8.33,rain,noprecip,rain,29.9,16.6,22.0,14.8,13.0,22.3,1001.1,1003.4,1007.3,48.2,43.3,59.1,10.8,10.5,9.7,23.9,23.4,21.4,0.07,0.04,0.0,Rain,Cloudy,Rain,-0.8007313709487336,-0.3616245700820926,-0.8746197071393961,0.5990235985155857,0.9323238012155121,0.4848096202463365
2024-09-07,25.0,25.1,92.7,255.269,29.17,rain,88.9,53.6,992.8,98.1,7.9,1.5,0.14,Rain,-0.9231578729647039,-0.38442104726885545,-0.6129070536529765,0.7901550123756903,26.0,30.1,26.0,25.7,26.3,25.7,81.1,75.3,76.4,18.14,0.2,0.0,20.83,4.17,0.0,rain,rain,noprecip,46.4,29.9,16.6,25.9,14.8,13.0,999.8,1001.1,1003.4,71.5,48.2,43.3,9.5,10.8,10.5,19.4,23.9,23.4,0.1,0.07,0.04,Rain,Rain,Cloudy,-0.6971651028545647,-0.8007313709487336,-0.3616245700820926,0.7169106076504826,0.5990235985155857,0.9323238012155121
2024-09-08,25.0,26.0,92.9,20.063,16.67,rain,57.6,38.9,998.8,95.6,9.4,3.1,0.17,Rain,-0.9296339319682695,-0.3684843993077793,0.7922896433551907,-0.6101451639012676,25.0,26.0,30.1,25.1,25.7,26.3,92.7,81.1,75.3,255.269,18.14,0.2,29.17,20.83,4.17,rain,rain,rain,88.9,46.4,29.9,53.6,25.9,14.8,992.8,999.8,1001.1,98.1,71.5,48.2,7.9,9.5,10.8,1.5,19.4,23.9,0.14,0.1,0.07,Rain,Rain,Rain,-0.6129070536529765,-0.6971651028545647,-0.8007313709487336,0.7901550123756903,0.7169106076504826,0.5990235985155857
2024-09-09,25.0,26.4,92.6,27.704,4.17,rain,32.0,32.7,1003.4,75.4,9.5,6.7,0.2,Rain,-0.9358348973349941,-0.35243871088460327,0.9973144772244581,-0.07323819712763151,25.0,25.0,26.0,26.0,25.1,25.7,92.9,92.7,81.1,20.063,255.269,18.14,16.67,29.17,20.83,rain,rain,rain,57.6,88.9,46.4,38.9,53.6,25.9,998.8,992.8,999.8,95.6,98.1,71.5,9.4,7.9,9.5,3.1,1.5,19.4,0.17,0.14,0.1,Rain,Rain,Rain,0.7922896433551907,-0.6129070536529765,-0.6971651028545647,-0.6101451639012676,0.7901550123756903,0.7169106076504826
2024-09-10,24.0,24.5,94.3,116.932,16.67,rain,19.8,14.8,1006.1,90.3,8.8,3.1,0.24,Rain,-0.9417589340994617,-0.33628873017668287,0.9466492601156964,0.32226569523051113,25.0,25.0,25.0,26.4,26.0,25.1,92.6,92.9,92.7,27.704,20.063,255.269,4.17,16.67,29.17,rain,rain,rain,32.0,57.6,88.9,32.7,38.9,53.6,1003.4,998.8,992.8,75.4,95.6,98.1,9.5,9.4,7.9,6.7,3.1,1.5,0.2,0.17,0.14,Rain,Rain,Rain,0.9973144772244581,0.7922896433551907,-0.6129070536529765,-0.07323819712763151,-0.6101451639012676,0.7901550123756903
2024-09-11,24.0,24.3,95.3,64.042,16.67,rain,30.6,14.8,1007.8,94.2,8.1,1.9,0.25,Rain,-0.9474042892438845,-0.32003923622313857,0.5920131787992194,0.8059282822485159,24.0,25.0,25.0,24.5,26.4,26.0,94.3,92.6,92.9,116.932,27.704,20.063,16.67,4.17,16.67,rain,rain,rain,19.8,32.0,57.6,14.8,32.7,38.9,1006.1,1003.4,998.8,90.3,75.4,95.6,8.8,9.5,9.4,3.1,6.7,3.1,0.24,0.2,0.17,Rain,Rain,Rain,0.9466492601156964,0.9973144772244581,0.7922896433551907,0.32226569523051113,-0.07323819712763151,-0.6101451639012676
2024-09-12,24.9,25.1,86.9,0.246,16.67,rain,27.7,13.0,1007.5,60.7,9.9,7.9,0.3,Rain,-0.9527692922168511,-0.30369503751065885,-0.7396310949786097,0.6730125135097734,24.0,24.0,25.0,24.3,24.5,26.4,95.3,94.3,92.6,64.042,116.932,27.704,16.67,16.67,4.17,rain,rain,rain,30.6,19.8,32.0,14.8,14.8,32.7,1007.8,1006.1,1003.4,94.2,90.3,75.4,8.1,8.8,9.5,1.9,3.1,6.7,0.25,0.24,0.2,Rain,Rain,Rain,0.5920131787992194,0.9466492601156964,0.9973144772244581,0.8059282822485159,0.32226569523051113,-0.07323819712763151
2024-09-13,25.0,25.2,83.3,45.546,4.17,rain,25.9,20.5,1005.2,63.6,9.9,16.0,0.34,Rain,-0.9578523554276669,-0.28726097055059635,-0.5210096318405762,0.8535507972753275,24.9,24.0,24.0,25.1,24.3,24.5,86.9,95.3,94.3,0.246,64.042,116.932,16.67,16.67,16.67,rain,rain,rain,27.7,30.6,19.8,13.0,14.8,14.8,1007.5,1007.8,1006.1,60.7,94.2,90.3,9.9,8.1,8.8,7.9,1.9,3.1,0.3,0.25,0.24,Rain,Rain,Rain,-0.7396310949786097,0.5920131787992194,0.9466492601156964,0.6730125135097734,0.8059282822485159,0.32226569523051113
2024-09-14,25.0,25.5,79.7,2.201,4.17,rain,20.9,18.4,1003.0,61.5,9.7,17.8,0.37,Rain,-0.9626519747161487,-0.2707418984477642,0.4099230338415728,0.912120116172273,25.0,24.9,24.0,25.2,25.1,24.3,83.3,86.9,95.3,45.546,0.246,64.042,4.17,16.67,16.67,rain,rain,rain,25.9,27.7,30.6,20.5,13.0,14.8,1005.2,1007.5,1007.8,63.6,60.7,94.2,9.9,9.9,8.1,16.0,7.9,1.9,0.34,0.3,0.25,Rain,Rain,Rain,-0.5210096318405762,-0.7396310949786097,0.5920131787992194,0.8535507972753275,0.6730125135097734,0.8059282822485159
2024-09-15,30.6,26.2,79.9,5.9,25.0,rain,16.9,13.0,1002.4,36.6,8.2,20.8,0.4,Rain,-0.9671667297977312,-0.2541427094613622,0.9537169507482268,0.3007057995042733,25.0,25.0,24.9,25.5,25.2,25.1,79.7,83.3,86.9,2.201,45.546,0.246,4.17,4.17,16.67,rain,rain,rain,20.9,25.9,27.7,18.4,20.5,13.0,1003.0,1005.2,1007.5,61.5,63.6,60.7,9.7,9.9,9.9,17.8,16.0,7.9,0.37,0.34,0.3,Rain,Rain,Rain,0.4099230338415728,-0.5210096318405762,-0.7396310949786097,0.912120116172273,0.8535507972753275,0.6730125135097734
2024-09-16,24.0,25.4,85.1,96.771,8.33,rain,30.6,20.5,1004.6,68.6,8.7,15.9,0.44,Rain,-0.97139528468375,-0.23746831555846842,-0.9205048534524405,0.3907311284892735,30.6,25.0,25.0,26.2,25.5,25.2,79.9,79.7,83.3,5.9,2.201,45.546,25.0,4.17,4.17,rain,rain,rain,16.9,20.9,25.9,13.0,18.4,20.5,1002.4,1003.0,1005.2,36.6,61.5,63.6,8.2,9.7,9.9,20.8,17.8,16.0,0.4,0.37,0.34,Rain,Rain,Rain,0.9537169507482268,0.4099230338415728,-0.5210096318405762,0.3007057995042733,0.912120116172273,0.8535507972753275
2024-09-17,26.0,25.5,83.3,4.496,16.67,rain,34.2,18.4,1005.4,82.2,9.7,8.9,0.47,Rain,-0.9753363880767837,-0.2207236509605022,-0.3106764296307319,0.9505157316277837,24.0,30.6,25.0,25.4,26.2,25.5,85.1,79.9,79.7,96.771,5.9,2.201,8.33,25.0,4.17,rain,rain,rain,30.6,16.9,20.9,20.5,13.0,18.4,1004.6,1002.4,1003.0,68.6,36.6,61.5,8.7,8.2,9.7,15.9,20.8,17.8,0.44,0.4,0.37,Rain,Rain,Rain,-0.9205048534524405,0.9537169507482268,0.4099230338415728,0.3907311284892735,0.3007057995042733,0.912120116172273
2024-09-18,31.2,25.7,79.2,2.31,12.5,rain,33.8,13.0,1003.9,68.2,10.1,14.3,0.5,Rain,-0.9789888737409319,-0.20391367068311472,-0.3436596945856158,0.9390942520947092,26.0,24.0,30.6,25.5,25.4,26.2,83.3,85.1,79.9,4.496,96.771,5.9,16.67,8.33,25.0,rain,rain,rain,34.2,30.6,16.9,18.4,20.5,13.0,1005.4,1004.6,1002.4,82.2,68.6,36.6,9.7,8.7,8.2,8.9,15.9,20.8,0.47,0.44,0.4,Rain,Rain,Rain,-0.3106764296307319,-0.9205048534524405,0.9537169507482268,0.9505157316277837,0.3907311284892735,0.3007057995042733
2024-09-19,31.9,25.0,73.0,0.236,8.33,rain,46.8,18.4,1002.9,61.4,9.7,16.0,0.54,Rain,-0.9823516608469237,-0.18704334906991657,0.31730465640509214,0.9483236552061993,31.2,26.0,24.0,25.7,25.5,25.4,79.2,83.3,85.1,2.31,4.496,96.771,12.5,16.67,8.33,rain,rain,rain,33.8,34.2,30.6,13.0,18.4,20.5,1003.9,1005.4,1004.6,68.2,82.2,68.6,10.1,9.7,8.7,14.3,8.9,15.9,0.5,0.47,0.44,Rain,Rain,Rain,-0.3436596945856158,-0.3106764296307319,-0.9205048534524405,0.9390942520947092,0.9505157316277837,0.3907311284892735
2024-09-20,26.0,25.7,83.6,56.451,8.33,rain,39.2,24.1,1003.2,65.8,9.6,16.1,0.57,Rain,-0.9854237542919524,-0.17011767832049052,-0.5863723567357896,0.8100416404457959,31.9,31.2,26.0,25.0,25.7,25.5,73.0,79.2,83.3,0.236,2.31,4.496,8.33,12.5,16.67,rain,rain,rain,46.8,33.8,34.2,18.4,13.0,18.4,1002.9,1003.9,1005.4,61.4,68.2,82.2,9.7,10.1,9.7,16.0,14.3,8.9,0.54,0.5,0.47,Rain,Rain,Rain,0.31730465640509214,-0.3436596945856158,-0.3106764296307319,0.9483236552061993,0.9390942520947092,0.9505157316277837
2024-09-21,25.0,26.1,90.0,75.026,8.33,rain,41.0,37.1,1004.7,77.2,8.9,13.0,0.61,Rain,-0.9882042449941422,-0.15314166701312007,-0.8270805742745624,0.5620833778521298,26.0,31.9,31.2,25.7,25.0,25.7,83.6,73.0,79.2,56.451,0.236,2.31,8.33,8.33,12.5,rain,rain,rain,39.2,46.8,33.8,24.1,18.4,13.0,1003.2,1002.9,1003.9,65.8,61.4,68.2,9.6,9.7,10.1,16.1,16.0,14.3,0.57,0.54,0.5,Rain,Rain,Rain,-0.5863723567357896,0.31730465640509214,-0.3436596945856158,0.8100416404457959,0.9483236552061993,0.9390942520947092
2024-09-22,25.7,24.8,89.3,34.395,16.67,rain,41.4,18.4,1006.1,96.2,9.5,2.7,0.64,Rain,-0.9906923101615609,-0.13612033862266704,0.0,1.0,25.0,26.0,31.9,26.1,25.7,25.0,90.0,83.6,73.0,75.026,56.451,0.236,8.33,8.33,8.33,rain,rain,rain,41.0,39.2,46.8,37.1,24.1,18.4,1004.7,1003.2,1002.9,77.2,65.8,61.4,8.9,9.6,9.7,13.0,16.1,16.0,0.61,0.57,0.54,Rain,Rain,Rain,-0.8270805742745624,-0.5863723567357896,0.31730465640509214,0.5620833778521298,0.8100416404457959,0.9483236552061993
2024-09-23,23.9,22.1,78.9,15.919,16.67,rain,35.3,13.0,1009.5,85.1,9.8,5.2,0.67,Rain,-0.9928872135356962,-0.11905873003404988,0.53287627607073,0.846193166127564,25.7,25.0,26.0,24.8,26.1,25.7,89.3,90.0,83.6,34.395,75.026,56.451,16.67,8.33,8.33,rain,rain,rain,41.4,41.0,39.2,18.4,37.1,24.1,1006.1,1004.7,1003.2,96.2,77.2,65.8,9.5,8.9,9.6,2.7,13.0,16.1,0.64,0.61,0.57,Rain,Rain,Rain,0.0,-0.8270805742745624,-0.5863723567357896,1.0,0.5620833778521298,0.8100416404457959
2024-09-24,23.0,21.2,71.5,0.0,0.0,rain,20.5,18.4,1010.0,32.7,9.2,20.9,0.71,Cloudy,-0.994788305609327,-0.10196189005174576,0.9799247046208296,-0.19936793441719708,23.9,25.7,25.0,22.1,24.8,26.1,78.9,89.3,90.0,15.919,34.395,75.026,16.67,16.67,8.33,rain,rain,rain,35.3,41.4,41.0,13.0,18.4,37.1,1009.5,1006.1,1004.7,85.1,96.2,77.2,9.8,9.5,8.9,5.2,2.7,13.0,0.67,0.64,0.61,Rain,Rain,Rain,0.53287627607073,0.0,-0.8270805742745624,0.846193166127564,1.0,0.5620833778521298
2024-09-25,25.0,23.4,80.7,0.1,4.17,rain,11.5,9.4,1011.1,45.7,7.7,5.1,0.75,Rain,-0.9963950238187231,-0.08483487790576538,0.9857034690888535,-0.16848937956500243,23.0,23.9,25.7,21.2,22.1,24.8,71.5,78.9,89.3,0.0,15.919,34.395,0.0,16.67,16.67,rain,rain,rain,20.5,35.3,41.4,18.4,13.0,18.4,1010.0,1009.5,1006.1,32.7,85.1,96.2,9.2,9.8,9.5,20.9,5.2,2.7,0.71,0.67,0.64,Cloudy,Rain,Rain,0.9799247046208296,0.53287627607073,0.0,-0.19936793441719708,0.846193166127564,1.0
2024-09-26,25.0,23.9,77.7,0.0,0.0,rain,15.8,16.6,1011.1,25.8,7.8,21.1,0.78,Cloudy,-0.9977068927101168,-0.06768276175455162,0.9366721892483976,-0.35020738125946754,25.0,23.0,23.9,23.4,21.2,22.1,80.7,71.5,78.9,0.1,0.0,15.919,4.17,0.0,16.67,rain,rain,rain,11.5,20.5,35.3,9.4,18.4,13.0,1011.1,1010.0,1009.5,45.7,32.7,85.1,7.7,9.2,9.8,5.1,20.9,5.2,0.75,0.71,0.67,Rain,Cloudy,Rain,0.9857034690888535,0.9799247046208296,0.53287627607073,-0.16848937956500243,-0.19936793441719708,0.846193166127564
2024-09-27,25.0,24.8,78.7,0.0,0.0,noprecip,24.5,18.4,1010.1,37.2,8.8,18.4,0.81,Cloudy,-0.9987235240803972,-0.050510617185222886,0.8729220772698095,-0.48785965913873286,25.0,25.0,23.0,23.9,23.4,21.2,77.7,80.7,71.5,0.0,0.1,0.0,0.0,4.17,0.0,rain,rain,rain,15.8,11.5,20.5,16.6,9.4,18.4,1011.1,1011.1,1010.0,25.8,45.7,32.7,7.8,7.7,9.2,21.1,5.1,20.9,0.78,0.75,0.71,Cloudy,Rain,Cloudy,0.9366721892483976,0.9857034690888535,0.9799247046208296,-0.35020738125946754,-0.16848937956500243,-0.19936793441719708
2024-09-28,31.2,26.2,81.7,0.0,0.0,noprecip,25.6,16.6,1007.9,64.0,9.9,17.9,0.84,Cloudy,-0.9994446170919858,-0.033323525711631344,0.7738402097265062,-0.63338087262755,25.0,25.0,25.0,24.8,23.9,23.4,78.7,77.7,80.7,0.0,0.0,0.1,0.0,0.0,4.17,noprecip,rain,rain,24.5,15.8,11.5,18.4,16.6,9.4,1010.1,1011.1,1011.1,37.2,25.8,45.7,8.8,7.8,7.7,18.4,21.1,5.1,0.81,0.78,0.75,Cloudy,Cloudy,Rain,0.8729220772698095,0.9366721892483976,0.9857034690888535,-0.48785965913873286,-0.35020738125946754,-0.16848937956500243
2024-09-29,26.3,26.3,83.5,30.475,4.17,rain,26.6,25.9,1006.5,85.9,9.7,11.3,0.88,Rain,-0.9998699583618592,-0.016126573270657762,0.6984152854310062,-0.7156927337037355,31.2,25.0,25.0,26.2,24.8,23.9,81.7,78.7,77.7,0.0,0.0,0.0,0.0,0.0,0.0,noprecip,noprecip,rain,25.6,24.5,15.8,16.6,18.4,16.6,1007.9,1010.1,1011.1,64.0,37.2,25.8,9.9,8.8,7.8,17.9,18.4,21.1,0.84,0.81,0.78,Cloudy,Cloudy,Cloudy,0.7738402097265062,0.8729220772698095,0.9366721892483976,-0.63338087262755,-0.48785965913873286,-0.35020738125946754
2024-09-30,30.4,26.2,91.5,3.989,12.5,rain,23.0,16.6,1005.8,87.1,9.2,10.6,0.91,Rain,-0.9999994220246925,0.001075151282798226,0.9685831611286311,-0.24868988716485485,26.3,31.2,25.0,26.3,26.2,24.8,83.5,81.7,78.7,30.475,0.0,0.0,4.17,0.0,0.0,rain,noprecip,noprecip,26.6,25.6,24.5,25.9,16.6,18.4,1006.5,1007.9,1010.1,85.9,64.0,37.2,9.7,9.9,8.8,11.3,17.9,18.4,0.88,0.84,0.81,Rain,Cloudy,Cloudy,0.6984152854310062,0.7738402097265062,0.8729220772698095,-0.7156927337037355,-0.63338087262755,-0.48785965913873286
2024-10-01,24.9,23.4,78.6,5.876,12.5,rain,42.5,27.7,1009.3,79.8,9.7,11.2,0.95,Rain,-0.999832969770105,0.018276557681691223,0.3338068592337709,0.9426414910921784,30.4,26.3,31.2,26.2,26.3,26.2,91.5,83.5,81.7,3.989,30.475,0.0,12.5,4.17,0.0,rain,rain,noprecip,23.0,26.6,25.6,16.6,25.9,16.6,1005.8,1006.5,1007.9,87.1,85.9,64.0,9.2,9.7,9.9,10.6,11.3,17.9,0.91,0.88,0.84,Rain,Rain,Cloudy,0.9685831611286311,0.6984152854310062,0.7738402097265062,-0.24868988716485485,-0.7156927337037355,-0.63338087262755
2024-10-02,23.7,17.9,62.1,0.099,4.17,rain,36.4,20.5,1015.1,47.2,10.4,20.4,0.98,Rain,-0.9993706508539969,0.03547255575312556,0.038387809087519945,0.9992629164106211,24.9,30.4,26.3,23.4,26.2,26.3,78.6,91.5,83.5,5.876,3.989,30.475,12.5,12.5,4.17,rain,rain,rain,42.5,23.0,26.6,27.7,16.6,25.9,1009.3,1005.8,1006.5,79.8,87.1,85.9,9.7,9.2,9.7,11.2,10.6,11.3,0.95,0.91,0.88,Rain,Rain,Rain,0.3338068592337709,0.9685831611286311,0.6984152854310062,0.9426414910921784,-0.24868988716485485,-0.7156927337037355
2024-10-03,22.0,15.2,54.1,0.0,0.0,noprecip,28.1,18.4,1015.7,40.9,9.9,22.7,0.0,Cloudy,-0.9986126020839734,0.052658056924614005,0.43680178836770217,0.8995577789551803,23.7,24.9,30.4,17.9,23.4,26.2,62.1,78.6,91.5,0.099,5.876,3.989,4.17,12.5,12.5,rain,rain,rain,36.4,42.5,23.0,20.5,27.7,16.6,1015.1,1009.3,1005.8,47.2,79.8,87.1,10.4,9.7,9.2,20.4,11.2,10.6,0.98,0.95,0.91,Rain,Rain,Rain,0.038387809087519945,0.3338068592337709,0.9685831611286311,0.9992629164106211,0.9426414910921784,-0.24868988716485485
2024-10-04,20.0,16.3,60.0,0.0,0.0,noprecip,20.5,16.6,1015.4,41.0,11.5,22.6,0.05,Cloudy,-0.9975590477788613,0.06982797572987089,0.9238795325112867,0.38268343236508984,22.0,23.7,24.9,15.2,17.9,23.4,54.1,62.1,78.6,0.0,0.099,5.876,0.0,4.17,12.5,noprecip,rain,rain,28.1,36.4,42.5,18.4,20.5,27.7,1015.7,1015.1,1009.3,40.9,47.2,79.8,9.9,10.4,9.7,22.7,20.4,11.2,0.0,0.98,0.95,Cloudy,Rain,Rain,0.43680178836770217,0.038387809087519945,0.3338068592337709,0.8995577789551803,0.9992629164106211,0.9426414910921784
2024-10-05,21.0,17.5,63.2,0.0,0.0,noprecip,12.6,11.2,1014.3,0.3,10.2,23.5,0.08,Clear,-0.9962102997023297,0.0869772313136861,0.28401534470392265,0.958819734868193,20.0,22.0,23.7,16.3,15.2,17.9,60.0,54.1,62.1,0.0,0.0,0.099,0.0,0.0,4.17,noprecip,noprecip,rain,20.5,28.1,36.4,16.6,18.4,20.5,1015.4,1015.7,1015.1,41.0,40.9,47.2,11.5,9.9,10.4,22.6,22.7,20.4,0.05,0.0,0.98,Cloudy,Cloudy,Rain,0.9238795325112867,0.43680178836770217,0.038387809087519945,0.38268343236508984,0.8995577789551803,0.9992629164106211
2024-10-06,21.0,19.2,65.8,0.0,0.0,noprecip,22.7,11.2,1014.7,10.6,9.4,21.5,0.12,Clear,-0.9945667569706337,0.1041007489354256,-0.20449605184179107,0.9788673887616849,21.0,20.0,22.0,17.5,16.3,15.2,63.2,60.0,54.1,0.0,0.0,0.0,0.0,0.0,0.0,noprecip,noprecip,noprecip,12.6,20.5,28.1,11.2,16.6,18.4,1014.3,1015.4,1015.7,0.3,41.0,40.9,10.2,11.5,9.9,23.5,22.6,22.7,0.08,0.05,0.0,Clear,Cloudy,Cloudy,0.28401534470392265,0.9238795325112867,0.43680178836770217,0.958819734868193,0.38268343236508984,0.8995577789551803
2024-10-07,23.0,20.3,65.1,0.0,0.0,noprecip,28.8,14.8,1015.6,16.9,9.7,20.5,0.15,Clear,-0.9926289059345095,0.121193461470736,-0.061048539534856866,0.9981347984218669,21.0,21.0,20.0,19.2,17.5,16.3,65.8,63.2,60.0,0.0,0.0,0.0,0.0,0.0,0.0,noprecip,noprecip,noprecip,22.7,12.6,20.5,11.2,11.2,16.6,1014.7,1014.3,1015.4,10.6,0.3,41.0,9.4,10.2,11.5,21.5,23.5,22.6,0.12,0.08,0.05,Clear,Clear,Cloudy,-0.20449605184179107,0.28401534470392265,0.9238795325112867,0.9788673887616849,0.958819734868193,0.38268343236508984
2024-10-08,25.0,19.2,60.0,0.0,0.0,noprecip,28.8,18.4,1014.9,8.1,12.1,21.5,0.18,Clear,-0.9903973200352558,0.1382503109109819,0.36650122672429725,0.9304175679820246,23.0,21.0,21.0,20.3,19.2,17.5,65.1,65.8,63.2,0.0,0.0,0.0,0.0,0.0,0.0,noprecip,noprecip,noprecip,28.8,22.7,12.6,14.8,11.2,11.2,1015.6,1014.7,1014.3,16.9,10.6,0.3,9.7,9.4,10.2,20.5,21.5,23.5,0.15,0.12,0.08,Clear,Clear,Clear,-0.061048539534856866,-0.20449605184179107,0.28401534470392265,0.9981347984218669,0.9788673887616849,0.958819734868193
2024-10-09,24.0,20.4,68.6,0.0,0.0,noprecip,24.5,14.8,1014.1,21.2,9.8,19.9,0.22,Cloudy,-0.9878726596350429,0.15526624985999563,0.538770785006863,0.8424523970071476,25.0,23.0,21.0,19.2,20.3,19.2,60.0,65.1,65.8,0.0,0.0,0.0,0.0,0.0,0.0,noprecip,noprecip,noprecip,28.8,28.8,22.7,18.4,14.8,11.2,1014.9,1015.6,1014.7,8.1,16.9,10.6,12.1,9.7,9.4,21.5,20.5,21.5,0.18,0.15,0.12,Clear,Clear,Clear,0.36650122672429725,-0.061048539534856866,-0.20449605184179107,0.9304175679820246,0.9981347984218669,0.9788673887616849
2024-10-10,22.0,21.1,73.9,0.0,0.0,noprecip,17.6,13.0,1013.2,21.6,7.5,19.9,0.25,Cloudy,-0.9850556718215013,0.172236243027682,0.26050450864264835,0.9654726308792251,24.0,25.0,23.0,20.4,19.2,20.3,68.6,60.0,65.1,0.0,0.0,0.0,0.0,0.0,0.0,noprecip,noprecip,noprecip,24.5,28.8,28.8,14.8,18.4,14.8,1014.1,1014.9,1015.6,21.2,8.1,16.9,9.8,12.1,9.7,19.9,21.5,20.5,0.22,0.18,0.15,Cloudy,Clear,Clear,0.538770785006863,0.36650122672429725,-0.061048539534856866,0.8424523970071476,0.9304175679820246,0.9981347984218669
2024-10-11,23.0,20.8,69.2,0.0,0.0,noprecip,16.9,13.0,1012.8,18.0,7.2,20.2,0.25,Clear,-0.981947190186646,0.18915526872004093,0.9785089851017784,-0.20620418539662952,22.0,24.0,25.0,21.1,20.4,19.2,73.9,68.6,60.0,0.0,0.0,0.0,0.0,0.0,0.0,noprecip,noprecip,noprecip,17.6,24.5,28.8,13.0,14.8,18.4,1013.2,1014.1,1014.9,21.6,21.2,8.1,7.5,9.8,12.1,19.9,19.9,21.5,0.25,0.22,0.18,Cloudy,Cloudy,Clear,0.26050450864264835,0.538770785006863,0.36650122672429725,0.9654726308792251,0.8424523970071476,0.9304175679820246
2024-10-12,23.0,21.6,71.5,0.9,16.67,rain,21.2,16.6,1013.7,24.6,7.6,15.2,0.32,Rain,-0.9785481345802031,0.20601832032517084,0.7558534691676396,-0.6547408137173397,23.0,22.0,24.0,20.8,21.1,20.4,69.2,73.9,68.6,0.0,0.0,0.0,0.0,0.0,0.0,noprecip,noprecip,noprecip,16.9,17.6,24.5,13.0,13.0,14.8,1012.8,1013.2,1014.1,18.0,21.6,21.2,7.2,7.5,9.8,20.2,19.9,19.9,0.25,0.25,0.22,Clear,Cloudy,Cloudy,0.9785089851017784,0.26050450864264835,0.538770785006863,-0.20620418539662952,0.9654726308792251,0.8424523970071476
2024-10-13,24.0,22.5,73.7,0.2,8.33,rain,27.0,18.4,1013.3,43.7,8.8,13.7,0.35,Rain,-0.9748595108374125,0.22282040779479959,0.7313537016191706,-0.6819983600624984,23.0,23.0,22.0,21.6,20.8,21.1,71.5,69.2,73.9,0.9,0.0,0.0,16.67,0.0,0.0,rain,noprecip,noprecip,21.2,16.9,17.6,16.6,13.0,13.0,1013.7,1012.8,1013.2,24.6,18.0,21.6,7.6,7.2,7.5,15.2,20.2,19.9,0.32,0.25,0.25,Rain,Clear,Cloudy,0.7558534691676396,0.9785089851017784,0.26050450864264835,-0.6547408137173397,-0.20620418539662952,0.9654726308792251
2024-10-14,24.5,23.0,73.9,0.0,0.0,rain,22.0,13.0,1012.1,49.2,9.8,17.7,0.39,Cloudy,-0.9708824104813836,0.23955655912092708,0.8480480961564261,-0.5299192642332048,24.0,23.0,23.0,22.5,21.6,20.8,73.7,71.5,69.2,0.2,0.9,0.0,8.33,16.67,0.0,rain,rain,noprecip,27.0,21.2,16.9,18.4,16.6,13.0,1013.3,1013.7,1012.8,43.7,24.6,18.0,8.8,7.6,7.2,13.7,15.2,20.2,0.35,0.32,0.25,Rain,Rain,Clear,0.7313537016191706,0.7558534691676396,0.9785089851017784,-0.6819983600624984,-0.6547408137173397,-0.20620418539662952
2024-10-15,25.0,24.5,85.9,29.585,8.33,rain,23.4,20.5,1012.6,65.2,8.9,13.2,0.42,Rain,-0.9666180104000972,0.2562218218071163,0.981627183447664,0.19080899537654492,24.5,24.0,23.0,23.0,22.5,21.6,73.9,73.7,71.5,0.0,0.2,0.9,0.0,8.33,16.67,rain,rain,rain,22.0,27.0,21.2,13.0,18.4,16.6,1012.1,1013.3,1013.7,49.2,43.7,24.6,9.8,8.8,7.6,17.7,13.7,15.2,0.39,0.35,0.32,Cloudy,Rain,Rain,0.8480480961564261,0.7313537016191706,0.7558534691676396,-0.5299192642332048,-0.6819983600624984,-0.6547408137173397
2024-10-16,24.7,23.2,79.5,1.922,4.17,rain,22.7,13.0,1013.4,75.0,9.9,13.4,0.46,Rain,-0.9620675724981452,0.27281126433401914,0.5284383347223471,0.8489716876291415,25.0,24.5,24.0,24.5,23.0,22.5,85.9,73.9,73.7,29.585,0.0,0.2,8.33,0.0,8.33,rain,rain,rain,23.4,22.0,27.0,20.5,13.0,18.4,1012.6,1012.1,1013.3,65.2,49.2,43.7,8.9,9.8,8.8,13.2,17.7,13.7,0.42,0.39,0.35,Rain,Cloudy,Rain,0.981627183447664,0.8480480961564261,0.7313537016191706,0.19080899537654492,-0.5299192642332048,-0.6819983600624984
2024-10-17,26.0,24.2,77.8,1.0,33.33,rain,20.5,18.4,1011.4,59.3,9.3,14.9,0.5,Rain,-0.957232443323312,0.28931997761869527,0.9323238012155123,-0.3616245700820921,24.7,25.0,24.5,23.2,24.5,23.0,79.5,85.9,73.9,1.922,29.585,0.0,4.17,8.33,0.0,rain,rain,rain,22.7,23.4,22.0,13.0,20.5,13.0,1013.4,1012.6,1012.1,75.0,65.2,49.2,9.9,8.9,9.8,13.4,13.2,17.7,0.46,0.42,0.39,Rain,Rain,Cloudy,0.5284383347223471,0.981627183447664,0.8480480961564261,0.8489716876291415,0.19080899537654492,-0.5299192642332048
2024-10-18,25.0,24.8,78.5,0.6,16.67,rain,20.9,18.4,1011.0,43.0,9.4,13.7,0.52,Rain,-0.9521140536681102,0.3057430764672831,0.8553642601605067,-0.5180270093731301,26.0,24.7,25.0,24.2,23.2,24.5,77.8,79.5,85.9,1.0,1.922,29.585,33.33,4.17,8.33,rain,rain,rain,20.5,22.7,23.4,18.4,13.0,20.5,1011.4,1013.4,1012.6,59.3,75.0,65.2,9.3,9.9,8.9,14.9,13.4,13.2,0.5,0.46,0.42,Rain,Rain,Rain,0.9323238012155123,0.5284383347223471,0.981627183447664,-0.3616245700820921,0.8489716876291415,0.19080899537654492
2024-10-19,25.0,24.5,79.3,0.331,8.33,rain,27.7,18.4,1013.2,40.9,10.3,11.9,0.56,Rain,-0.9467139181463862,0.3220757010206104,0.8396198645344131,-0.5431744499506708,25.0,26.0,24.7,24.8,24.2,23.2,78.5,77.8,79.5,0.6,1.0,1.922,16.67,33.33,4.17,rain,rain,rain,20.9,20.5,22.7,18.4,18.4,13.0,1011.0,1011.4,1013.4,43.0,59.3,75.0,9.4,9.3,9.9,13.7,14.9,13.4,0.52,0.5,0.46,Rain,Rain,Rain,0.8553642601605067,0.9323238012155123,0.5284383347223471,-0.5180270093731301,-0.3616245700820921,0.8489716876291415
2024-10-20,25.6,23.3,72.8,1.1,37.5,rain,23.0,14.8,1015.2,49.8,9.8,16.0,0.59,Rain,-0.9410336347451197,0.3383130181923076,0.9510565162951536,-0.30901699437494734,25.0,25.0,26.0,24.5,24.8,24.2,79.3,78.5,77.8,0.331,0.6,1.0,8.33,16.67,33.33,rain,rain,rain,27.7,20.9,20.5,18.4,18.4,18.4,1013.2,1011.0,1011.4,40.9,43.0,59.3,10.3,9.4,9.3,11.9,13.7,14.9,0.56,0.52,0.5,Rain,Rain,Rain,0.8396198645344131,0.8553642601605067,0.9323238012155123,-0.5431744499506708,-0.5180270093731301,-0.3616245700820921
2024-10-21,25.0,24.5,90.0,33.146,4.17,rain,16.6,10.0,1014.5,68.6,8.7,6.4,0.62,Rain,-0.9350748843515574,0.3544502230989869,0.8059282822485158,0.5920131787992196,25.6,25.0,25.0,23.3,24.5,24.8,72.8,79.3,78.5,1.1,0.331,0.6,37.5,8.33,16.67,rain,rain,rain,23.0,27.7,20.9,14.8,18.4,18.4,1015.2,1013.2,1011.0,49.8,40.9,43.0,9.8,10.3,9.4,16.0,11.9,13.7,0.59,0.56,0.52,Rain,Rain,Rain,0.9510565162951536,0.8396198645344131,0.8553642601605067,-0.30901699437494734,-0.5431744499506708,-0.5180270093731301
2024-10-22,24.0,23.5,78.7,1.8,20.83,rain,25.6,11.2,1014.6,39.5,8.1,15.5,0.66,Rain,-0.9288394302558068,0.3704825404820963,-0.3056953049631061,0.9521293927421386,25.0,25.6,25.0,24.5,23.3,24.5,90.0,72.8,79.3,33.146,1.1,0.331,4.17,37.5,8.33,rain,rain,rain,16.6,23.0,27.7,10.0,14.8,18.4,1014.5,1015.2,1013.2,68.6,49.8,40.9,8.7,9.8,10.3,6.4,16.0,11.9,0.62,0.59,0.56,Rain,Rain,Rain,0.8059282822485158,0.9510565162951536,0.8396198645344131,0.5920131787992196,-0.30901699437494734,-0.5431744499506708
2024-10-23,24.0,19.0,61.5,0.001,4.17,rain,34.2,27.2,1015.2,47.2,11.7,17.4,0.69,Rain,-0.9223291176290545,0.3864052261209853,0.4194520824461771,0.9077774785329087,24.0,25.0,25.6,23.5,24.5,23.3,78.7,90.0,72.8,1.8,33.146,1.1,20.83,4.17,37.5,rain,rain,rain,25.6,16.6,23.0,11.2,10.0,14.8,1014.6,1014.5,1015.2,39.5,68.6,49.8,8.1,8.7,9.8,15.5,6.4,16.0,0.66,0.62,0.59,Rain,Rain,Rain,-0.3056953049631061,0.8059282822485158,0.9510565162951536,0.9521293927421386,0.5920131787992196,-0.30901699437494734
2024-10-24,20.0,13.9,52.5,0.0,0.0,noprecip,20.5,18.4,1012.7,58.7,11.4,20.8,0.75,Cloudy,-0.9155458729775467,0.40221356823680365,0.17708474031958327,0.984195607969242,24.0,24.0,25.0,19.0,23.5,24.5,61.5,78.7,90.0,0.001,1.8,33.146,4.17,20.83,4.17,rain,rain,rain,34.2,25.6,16.6,27.2,11.2,10.0,1015.2,1014.6,1014.5,47.2,39.5,68.6,11.7,8.1,8.7,17.4,15.5,6.4,0.69,0.66,0.62,Rain,Rain,Rain,0.4194520824461771,-0.3056953049631061,0.8059282822485158,0.9077774785329087,0.9521293927421386,0.5920131787992196
2024-10-25,18.0,15.3,61.4,0.0,0.0,noprecip,22.3,11.2,1010.1,53.0,10.0,20.6,0.76,Cloudy,-0.9084917035725082,0.41790288888678667,-0.26387304996537336,0.964557418457798,20.0,24.0,24.0,13.9,19.0,23.5,52.5,61.5,78.7,0.0,0.001,1.8,0.0,4.17,20.83,noprecip,rain,rain,20.5,34.2,25.6,18.4,27.2,11.2,1012.7,1015.2,1014.6,58.7,47.2,39.5,11.4,11.7,8.1,20.8,17.4,15.5,0.75,0.69,0.66,Cloudy,Rain,Rain,0.17708474031958327,0.4194520824461771,-0.3056953049631061,0.984195607969242,0.9077774785329087,0.9521293927421386
2024-10-26,20.0,16.0,57.1,0.0,0.0,rain,36.4,20.5,1008.4,66.5,10.0,20.6,0.79,Cloudy,-0.9011686968561569,0.4334685453485363,-0.40673664307580015,0.913545457642601,18.0,20.0,24.0,15.3,13.9,19.0,61.4,52.5,61.5,0.0,0.0,0.001,0.0,0.0,4.17,noprecip,noprecip,rain,22.3,20.5,34.2,11.2,18.4,27.2,1010.1,1012.7,1015.2,53.0,58.7,47.2,10.0,11.4,11.7,20.6,20.8,17.4,0.76,0.75,0.69,Cloudy,Cloudy,Rain,-0.26387304996537336,0.17708474031958327,0.4194520824461771,0.964557418457798,0.984195607969242,0.9077774785329087
2024-10-27,20.0,16.6,66.1,1.956,4.17,rain,47.9,25.9,1010.3,94.4,10.0,4.3,0.82,Rain,-0.8935790198239952,0.4489059314938798,-0.32886664673858307,0.9443763702374811,20.0,18.0,20.0,16.0,15.3,13.9,57.1,61.4,52.5,0.0,0.0,0.0,0.0,0.0,0.0,rain,noprecip,noprecip,36.4,22.3,20.5,20.5,11.2,18.4,1008.4,1010.1,1012.7,66.5,53.0,58.7,10.0,10.0,11.4,20.6,20.6,20.8,0.79,0.76,0.75,Cloudy,Cloudy,Cloudy,-0.40673664307580015,-0.26387304996537336,0.17708474031958327,0.913545457642601,0.964557418457798,0.984195607969242
2024-10-28,20.6,17.5,73.8,2.178,8.33,rain,34.2,20.5,1011.9,91.1,10.0,3.8,0.86,Rain,-0.8857249183835637,0.4642104791518923,-0.020942419883357676,0.9997806834748455,20.0,20.0,18.0,16.6,16.0,15.3,66.1,57.1,61.4,1.956,0.0,0.0,4.17,0.0,0.0,rain,rain,noprecip,47.9,36.4,22.3,25.9,20.5,11.2,1010.3,1008.4,1010.1,94.4,66.5,53.0,10.0,10.0,10.0,4.3,20.6,20.6,0.82,0.79,0.76,Rain,Cloudy,Cloudy,-0.32886664673858307,-0.40673664307580015,-0.26387304996537336,0.9443763702374811,0.913545457642601,0.964557418457798
2024-10-29,21.0,18.1,69.2,0.231,4.17,rain,31.3,18.4,1011.6,72.7,9.9,7.1,0.89,Rain,-0.8776087166898392,0.4793776594606945,-0.07149744433268704,0.9974407829309438,20.6,20.0,20.0,17.5,16.6,16.0,73.8,66.1,57.1,2.178,1.956,0.0,8.33,4.17,0.0,rain,rain,rain,34.2,47.9,36.4,20.5,25.9,20.5,1011.9,1010.3,1008.4,91.1,94.4,66.5,10.0,10.0,10.0,3.8,4.3,20.6,0.86,0.82,0.79,Rain,Rain,Cloudy,-0.020942419883357676,-0.32886664673858307,-0.40673664307580015,0.9997806834748455,0.9443763702374811,0.913545457642601
2024-10-30,21.5,19.2,67.7,0.011,4.17,rain,23.4,14.8,1011.7,46.0,10.2,16.0,0.92,Rain,-0.8692328164574792,0.49440298420761813,-0.06627390039999981,0.9978014682920501,21.0,20.6,20.0,18.1,17.5,16.6,69.2,73.8,66.1,0.231,2.178,1.956,4.17,8.33,4.17,rain,rain,rain,31.3,34.2,47.9,18.4,20.5,25.9,1011.6,1011.9,1010.3,72.7,91.1,94.4,9.9,10.0,10.0,7.1,3.8,4.3,0.89,0.86,0.82,Rain,Rain,Rain,-0.07149744433268704,-0.020942419883357676,-0.32886664673858307,0.9974407829309438,0.9997806834748455,0.9443763702374811
2024-10-31,22.0,21.6,76.2,0.0,0.0,noprecip,18.0,9.4,1010.1,10.0,8.6,18.7,0.96,Clear,-0.8605996962501181,0.5092820071573356,-0.3534748437792571,0.9354440308298674,21.5,21.0,20.6,19.2,18.1,17.5,67.7,69.2,73.8,0.011,0.231,2.178,4.17,4.17,8.33,rain,rain,rain,23.4,31.3,34.2,14.8,18.4,20.5,1011.7,1011.6,1011.9,46.0,72.7,91.1,10.2,9.9,10.0,16.0,7.1,3.8,0.92,0.89,0.86,Rain,Rain,Rain,-0.06627390039999981,-0.07149744433268704,-0.020942419883357676,0.9978014682920501,0.9974407829309438,0.9997806834748455
2024-11-01,22.0,19.0,64.7,0.0,0.0,noprecip,27.0,16.6,1012.3,1.8,9.4,19.6,0.0,Clear,-0.8517119107469189,0.5240103253675756,0.3338068592337709,0.9426414910921784,22.0,21.5,21.0,21.6,19.2,18.1,76.2,67.7,69.2,0.0,0.011,0.231,0.0,4.17,4.17,noprecip,rain,rain,18.0,23.4,31.3,9.4,14.8,18.4,1010.1,1011.7,1011.6,10.0,46.0,72.7,8.6,10.2,9.9,18.7,16.0,7.1,0.96,0.92,0.89,Clear,Rain,Rain,-0.3534748437792571,-0.06627390039999981,-0.07149744433268704,0.9354440308298674,0.9978014682920501,0.9974407829309438
2024-11-02,20.0,15.5,58.1,0.0,0.0,noprecip,29.2,20.5,1016.9,6.0,9.6,19.7,0.02,Clear,-0.8425720899866032,0.5385835804920232,0.7815204724188187,0.6238795967093862,22.0,22.0,21.5,19.0,21.6,19.2,64.7,76.2,67.7,0.0,0.0,0.011,0.0,0.0,4.17,noprecip,noprecip,rain,27.0,18.0,23.4,16.6,9.4,14.8,1012.3,1010.1,1011.7,1.8,10.0,46.0,9.4,8.6,10.2,19.6,18.7,16.0,0.0,0.96,0.92,Clear,Clear,Rain,0.3338068592337709,-0.3534748437792571,-0.06627390039999981,0.9426414910921784,0.9354440308298674,0.9978014682920501
2024-11-03,20.0,17.0,65.2,0.0,0.0,noprecip,21.6,16.6,1017.5,51.5,9.5,12.9,0.06,Cloudy,-0.8331829385891785,0.5529974600700271,0.04710645070964266,0.99888987496197,20.0,22.0,22.0,15.5,19.0,21.6,58.1,64.7,76.2,0.0,0.0,0.0,0.0,0.0,0.0,noprecip,noprecip,noprecip,29.2,27.0,18.0,20.5,16.6,9.4,1016.9,1012.3,1010.1,6.0,1.8,10.0,9.6,9.4,8.6,19.7,19.6,18.7,0.02,0.0,0.96,Clear,Clear,Clear,0.7815204724188187,0.3338068592337709,-0.3534748437792571,0.6238795967093862,0.9426414910921784,0.9354440308298674
2024-11-04,23.0,18.9,69.6,0.003,4.17,rain,26.6,14.8,1017.5,74.0,9.3,5.1,0.09,Rain,-0.8235472349556007,0.5672476988027229,-0.026176948307873545,0.9996573249755573,20.0,20.0,22.0,17.0,15.5,19.0,65.2,58.1,64.7,0.0,0.0,0.0,0.0,0.0,0.0,noprecip,noprecip,noprecip,21.6,29.2,27.0,16.6,20.5,16.6,1017.5,1016.9,1012.3,51.5,6.0,1.8,9.5,9.6,9.4,12.9,19.7,19.6,0.06,0.02,0.0,Cloudy,Clear,Clear,0.04710645070964266,0.7815204724188187,0.3338068592337709,0.99888987496197,0.6238795967093862,0.9426414910921784
2024-11-05,21.8,19.0,74.7,1.204,12.5,rain,18.7,16.6,1019.1,63.5,8.6,3.8,0.13,Rain,-0.8136678304455991,0.5813300798152042,0.01919744239968967,0.9998157121216442,23.0,20.0,20.0,18.9,17.0,15.5,69.6,65.2,58.1,0.003,0.0,0.0,4.17,0.0,0.0,rain,noprecip,noprecip,26.6,21.6,29.2,14.8,16.6,20.5,1017.5,1017.5,1016.9,74.0,51.5,6.0,9.3,9.5,9.6,5.1,12.9,19.7,0.09,0.06,0.02,Rain,Cloudy,Clear,-0.026176948307873545,0.04710645070964266,0.7815204724188187,0.9996573249755573,0.99888987496197,0.6238795967093862
2024-11-06,22.0,17.5,64.1,0.0,0.0,noprecip,21.6,16.6,1019.4,61.3,9.1,6.3,0.16,Cloudy,-0.8035476485339116,0.5952404359043674,-0.05930637357596173,0.9982398279237653,21.8,23.0,20.0,19.0,18.9,17.0,74.7,69.6,65.2,1.204,0.003,0.0,12.5,4.17,0.0,rain,rain,noprecip,18.7,26.6,21.6,16.6,14.8,16.6,1019.1,1017.5,1017.5,63.5,74.0,51.5,8.6,9.3,9.5,3.8,5.1,12.9,0.13,0.09,0.06,Rain,Rain,Cloudy,0.01919744239968967,-0.026176948307873545,0.04710645070964266,0.9998157121216442,0.9996573249755573,0.99888987496197
2024-11-07,23.0,17.3,61.6,0.0,0.0,noprecip,23.0,16.6,1019.1,20.2,8.9,16.4,0.2,Cloudy,-0.7931896839451843,0.6089746507720486,0.7749444887041795,0.6320293026648509,22.0,21.8,23.0,17.5,19.0,18.9,64.1,74.7,69.6,0.0,1.204,0.003,0.0,12.5,4.17,noprecip,rain,rain,21.6,18.7,26.6,16.6,16.6,14.8,1019.4,1019.1,1017.5,61.3,63.5,74.0,9.1,8.6,9.3,6.3,3.8,5.1,0.16,0.13,0.09,Cloudy,Rain,Rain,-0.05930637357596173,0.01919744239968967,-0.026176948307873545,0.9982398279237653,0.9998157121216442,0.9996573249755573
2024-11-08,19.0,16.7,65.6,0.0,0.0,noprecip,19.8,11.2,1017.7,5.0,8.4,18.3,0.23,Clear,-0.7825970017677834,0.6225286602431057,-0.21303038627497678,0.9770455744352636,23.0,22.0,21.8,17.3,17.5,19.0,61.6,64.1,74.7,0.0,0.0,1.204,0.0,0.0,12.5,noprecip,noprecip,rain,23.0,21.6,18.7,16.6,16.6,16.6,1019.1,1019.4,1019.1,20.2,61.3,63.5,8.9,9.1,8.6,16.4,6.3,3.8,0.2,0.16,0.13,Cloudy,Cloudy,Rain,0.7749444887041795,-0.05930637357596173,0.01919744239968967,0.6320293026648509,0.9982398279237653,0.9998157121216442
2024-11-09,19.0,17.5,68.0,0.0,0.0,noprecip,18.4,11.2,1015.3,2.6,7.7,18.6,0.25,Clear,-0.7717727365467837,0.6358984534680745,-0.425779291565073,0.9048270524660194,19.0,23.0,22.0,16.7,17.3,17.5,65.6,61.6,64.1,0.0,0.0,0.0,0.0,0.0,0.0,noprecip,noprecip,noprecip,19.8,23.0,21.6,11.2,16.6,16.6,1017.7,1019.1,1019.4,5.0,20.2,61.3,8.4,8.9,9.1,18.3,16.4,6.3,0.23,0.2,0.16,Clear,Cloudy,Cloudy,-0.21303038627497678,0.7749444887041795,-0.05930637357596173,0.9770455744352636,0.6320293026648509,0.9982398279237653
2024-11-10,19.0,16.7,62.8,0.0,0.0,noprecip,22.3,13.0,1015.2,1.3,7.6,18.6,0.3,Clear,-0.7607200913564104,0.6490800741100398,-0.6414496315691575,0.7671651518152999,19.0,19.0,23.0,17.5,16.7,17.3,68.0,65.6,61.6,0.0,0.0,0.0,0.0,0.0,0.0,noprecip,noprecip,noprecip,18.4,19.8,23.0,11.2,11.2,16.6,1015.3,1017.7,1019.1,2.6,5.0,20.2,7.7,8.4,8.9,18.6,18.3,16.4,0.25,0.23,0.2,Clear,Clear,Cloudy,-0.425779291565073,-0.21303038627497678,0.7749444887041795,0.9048270524660194,0.9770455744352636,0.6320293026648509
2024-11-11,20.0,18.5,65.3,0.0,0.0,noprecip,16.9,9.4,1014.1,4.3,8.8,17.8,0.34,Clear,-0.7494423368521953,0.6620696215153815,-0.42735786338719267,0.9040825496607783,19.0,19.0,19.0,16.7,17.5,16.7,62.8,68.0,65.6,0.0,0.0,0.0,0.0,0.0,0.0,noprecip,noprecip,noprecip,22.3,18.4,19.8,13.0,11.2,11.2,1015.2,1015.3,1017.7,1.3,2.6,5.0,7.6,7.7,8.4,18.6,18.6,18.3,0.3,0.25,0.23,Clear,Clear,Clear,-0.6414496315691575,-0.425779291565073,-0.21303038627497678,0.7671651518152999,0.9048270524660194,0.9770455744352636
2024-11-12,21.9,21.0,72.5,0.0,0.0,noprecip,18.4,11.2,1012.6,13.1,7.5,16.9,0.37,Clear,-0.7379428103031386,0.6748632518680403,0.5533915492433441,-0.8329212407100994,20.0,19.0,19.0,18.5,16.7,17.5,65.3,62.8,68.0,0.0,0.0,0.0,0.0,0.0,0.0,noprecip,noprecip,noprecip,16.9,22.3,18.4,9.4,13.0,11.2,1014.1,1015.2,1015.3,4.3,1.3,2.6,8.8,7.6,7.7,17.8,18.6,18.6,0.34,0.3,0.25,Clear,Clear,Clear,-0.42735786338719267,-0.6414496315691575,-0.425779291565073,0.9040825496607783,0.7671651518152999,0.9048270524660194
2024-11-13,22.7,21.6,75.4,0.0,0.0,noprecip,24.1,14.8,1011.0,9.8,6.9,17.4,0.41,Clear,-0.7262249146041543,0.6874571793269664,0.8633955506067718,-0.5045276238150191,21.9,20.0,19.0,21.0,18.5,16.7,72.5,65.3,62.8,0.0,0.0,0.0,0.0,0.0,0.0,noprecip,noprecip,noprecip,18.4,16.9,22.3,11.2,9.4,13.0,1012.6,1014.1,1015.2,13.1,4.3,1.3,7.5,8.8,7.6,16.9,17.8,18.6,0.37,0.34,0.3,Clear,Clear,Clear,0.5533915492433441,-0.42735786338719267,-0.6414496315691575,-0.8329212407100994,0.9040825496607783,0.7671651518152999
2024-11-14,23.0,22.5,77.9,0.0,0.0,noprecip,17.3,14.8,1010.5,44.6,5.9,13.1,0.44,Cloudy,-0.7142921172691032,0.699847677146407,0.8251134982782952,-0.5649670034249379,22.7,21.9,20.0,21.6,21.0,18.5,75.4,72.5,65.3,0.0,0.0,0.0,0.0,0.0,0.0,noprecip,noprecip,noprecip,24.1,18.4,16.9,14.8,11.2,9.4,1011.0,1012.6,1014.1,9.8,13.1,4.3,6.9,7.5,8.8,17.4,16.9,17.8,0.41,0.37,0.34,Clear,Clear,Clear,0.8633955506067718,0.5533915492433441,-0.42735786338719267,-0.5045276238150191,-0.8329212407100994,0.9040825496607783
2024-11-15,24.0,23.1,78.7,0.0,0.0,noprecip,19.8,14.8,1009.6,37.4,7.0,13.0,0.48,Cloudy,-0.7021479494046978,0.7120310787787131,0.9184463813430872,-0.3955455025629649,23.0,22.7,21.9,22.5,21.6,21.0,77.9,75.4,72.5,0.0,0.0,0.0,0.0,0.0,0.0,noprecip,noprecip,noprecip,17.3,24.1,18.4,14.8,14.8,11.2,1010.5,1011.0,1012.6,44.6,9.8,13.1,5.9,6.9,7.5,13.1,17.4,16.9,0.44,0.41,0.37,Cloudy,Clear,Clear,0.8251134982782952,0.8633955506067718,0.5533915492433441,-0.5649670034249379,-0.5045276238150191,-0.8329212407100994
2024-11-16,24.6,23.0,78.1,0.3,12.5,rain,22.7,18.4,1010.9,38.2,8.8,11.9,0.5,Rain,-0.6897960046655887,0.7240037789593305,0.9106836608061771,-0.4131044298245418,24.0,23.0,22.7,23.1,22.5,21.6,78.7,77.9,75.4,0.0,0.0,0.0,0.0,0.0,0.0,noprecip,noprecip,noprecip,19.8,17.3,24.1,14.8,14.8,14.8,1009.6,1010.5,1011.0,37.4,44.6,9.8,7.0,5.9,6.9,13.0,13.1,17.4,0.48,0.44,0.41,Cloudy,Cloudy,Clear,0.9184463813430872,0.8251134982782952,0.8633955506067718,-0.3955455025629649,-0.5649670034249379,-0.5045276238150191
2024-11-17,23.0,21.5,73.5,0.0,0.0,noprecip,24.1,11.2,1013.5,21.3,7.6,18.7,0.54,Cloudy,-0.6772399381909491,0.7357622347736527,0.9902680687415703,0.1391731009600657,24.6,24.0,23.0,23.0,23.1,22.5,78.1,78.7,77.9,0.3,0.0,0.0,12.5,0.0,0.0,rain,noprecip,noprecip,22.7,19.8,17.3,18.4,14.8,14.8,1010.9,1009.6,1010.5,38.2,37.4,44.6,8.8,7.0,5.9,11.9,13.0,13.1,0.5,0.48,0.44,Rain,Cloudy,Cloudy,0.9106836608061771,0.9184463813430872,0.8251134982782952,-0.4131044298245418,-0.3955455025629649,-0.5649670034249379
2024-11-18,22.7,21.0,76.3,4.4,50.0,rain,29.9,25.9,1015.9,39.7,8.2,8.4,0.58,Rain,-0.6644834655228552,0.7473029667054297,0.9048270524660195,0.4257792915650728,23.0,24.6,24.0,21.5,23.0,23.1,73.5,78.1,78.7,0.0,0.3,0.0,0.0,12.5,0.0,noprecip,rain,noprecip,24.1,22.7,19.8,11.2,18.4,14.8,1013.5,1010.9,1009.6,21.3,38.2,37.4,7.6,8.8,7.0,18.7,11.9,13.0,0.54,0.5,0.48,Cloudy,Rain,Cloudy,0.9902680687415703,0.9106836608061771,0.9184463813430872,0.1391731009600657,-0.4131044298245418,-0.3955455025629649
2024-11-19,23.0,18.4,64.0,0.0,0.0,noprecip,24.1,18.4,1017.2,29.8,9.8,14.7,0.61,Cloudy,-0.6515303615068021,0.75862255966641,0.6996633405133654,0.7144726796328034,22.7,23.0,24.6,21.0,21.5,23.0,76.3,73.5,78.1,4.4,0.0,0.3,50.0,0.0,12.5,rain,noprecip,rain,29.9,24.1,22.7,25.9,11.2,18.4,1015.9,1013.5,1010.9,39.7,21.3,38.2,8.2,7.6,8.8,8.4,18.7,11.9,0.58,0.54,0.5,Rain,Cloudy,Rain,0.9048270524660195,0.9902680687415703,0.9106836608061771,0.4257792915650728,0.1391731009600657,-0.4131044298245418
2024-11-20,20.0,16.7,64.2,0.0,0.0,noprecip,28.1,18.4,1018.0,34.7,9.7,14.3,0.64,Cloudy,-0.6383844591746642,0.769717664006921,0.9366721892483976,0.35020738125946743,23.0,22.7,23.0,18.4,21.0,21.5,64.0,76.3,73.5,0.0,4.4,0.0,0.0,50.0,0.0,noprecip,rain,noprecip,24.1,29.9,24.1,18.4,25.9,11.2,1017.2,1015.9,1013.5,29.8,39.7,21.3,9.8,8.2,7.6,14.7,8.4,18.7,0.61,0.58,0.54,Cloudy,Rain,Cloudy,0.6996633405133654,0.9048270524660195,0.9902680687415703,0.7144726796328034,0.4257792915650728,0.1391731009600657
2024-11-21,19.0,15.1,63.6,0.0,0.0,noprecip,24.8,18.4,1018.2,11.4,10.0,16.3,0.67,Clear,-0.6250496486104377,0.7805849965070866,0.5750052520432786,0.8181497174250234,20.0,23.0,22.7,16.7,18.4,21.0,64.2,64.0,76.3,0.0,0.0,4.4,0.0,0.0,50.0,noprecip,noprecip,rain,28.1,24.1,29.9,18.4,18.4,25.9,1018.0,1017.2,1015.9,34.7,29.8,39.7,9.7,9.8,8.2,14.3,14.7,8.4,0.64,0.61,0.58,Cloudy,Cloudy,Rain,0.9366721892483976,0.6996633405133654,0.9048270524660195,0.35020738125946743,0.7144726796328034,0.4257792915650728
2024-11-22,20.0,14.5,59.4,0.0,0.0,noprecip,26.6,14.8,1018.4,55.1,9.7,17.2,0.71,Cloudy,-0.6115298757991053,0.7912213413483807,0.4617486132350339,0.8870108331782217,19.0,20.0,23.0,15.1,16.7,18.4,63.6,64.2,64.0,0.0,0.0,0.0,0.0,0.0,0.0,noprecip,noprecip,noprecip,24.8,28.1,24.1,18.4,18.4,18.4,1018.2,1018.0,1017.2,11.4,34.7,29.8,10.0,9.7,9.8,16.3,14.3,14.7,0.67,0.64,0.61,Clear,Cloudy,Cloudy,0.5750052520432786,0.9366721892483976,0.6996633405133654,0.8181497174250234,0.35020738125946743,0.7144726796328034
2024-11-23,20.0,15.3,61.7,0.0,0.0,noprecip,21.6,16.6,1018.7,48.5,9.6,11.5,0.75,Cloudy,-0.5978291414589552,0.801623551065242,0.849892692986864,0.5269557954966775,20.0,19.0,20.0,14.5,15.1,16.7,59.4,63.6,64.2,0.0,0.0,0.0,0.0,0.0,0.0,noprecip,noprecip,noprecip,26.6,24.8,28.1,14.8,18.4,18.4,1018.4,1018.2,1018.0,55.1,11.4,34.7,9.7,10.0,9.7,17.2,16.3,14.3,0.71,0.67,0.64,Cloudy,Clear,Cloudy,0.4617486132350339,0.5750052520432786,0.9366721892483976,0.8870108331782217,0.8181497174250234,0.35020738125946743
2024-11-24,19.0,17.6,74.5,0.002,4.17,rain,21.2,11.2,1017.9,68.3,8.3,9.6,0.77,Rain,-0.5839514998576998,0.8117885474764613,0.8746197071393957,0.4848096202463371,20.0,20.0,19.0,15.3,14.5,15.1,61.7,59.4,63.6,0.0,0.0,0.0,0.0,0.0,0.0,noprecip,noprecip,noprecip,21.6,26.6,24.8,16.6,14.8,18.4,1018.7,1018.4,1018.2,48.5,55.1,11.4,9.6,9.7,10.0,11.5,17.2,16.3,0.75,0.71,0.67,Cloudy,Cloudy,Clear,0.849892692986864,0.4617486132350339,0.5750052520432786,0.5269557954966775,0.8870108331782217,0.8181497174250234
2024-11-25,22.0,19.6,76.2,1.3,12.5,rain,15.8,9.4,1017.1,74.2,7.2,9.3,0.8,Rain,-0.5699010576127624,0.821713322596059,0.9378889346118976,0.34693565157325584,19.0,20.0,20.0,17.6,15.3,14.5,74.5,61.7,59.4,0.002,0.0,0.0,4.17,0.0,0.0,rain,noprecip,noprecip,21.2,21.6,26.6,11.2,16.6,14.8,1017.9,1018.7,1018.4,68.3,48.5,55.1,8.3,9.6,9.7,9.6,11.5,17.2,0.77,0.75,0.71,Rain,Cloudy,Cloudy,0.8746197071393957,0.849892692986864,0.4617486132350339,0.4848096202463371,0.5269557954966775,0.8870108331782217
2024-11-26,19.0,16.2,74.5,1.3,12.5,rain,41.0,22.3,1019.1,92.7,9.4,1.9,0.84,Rain,-0.5556819724760489,0.8313949395234058,0.06627390040000014,0.99780146829205,22.0,19.0,20.0,19.6,17.6,15.3,76.2,74.5,61.7,1.3,0.002,0.0,12.5,4.17,0.0,rain,rain,noprecip,15.8,21.2,21.6,9.4,11.2,16.6,1017.1,1017.9,1018.7,74.2,68.3,48.5,7.2,8.3,9.6,9.3,9.6,11.5,0.8,0.77,0.75,Rain,Rain,Cloudy,0.9378889346118976,0.8746197071393957,0.849892692986864,0.34693565157325584,0.4848096202463371,0.5269557954966775
2024-11-27,19.9,12.6,61.3,0.0,0.0,noprecip,28.4,16.6,1021.2,83.2,10.0,5.2,0.87,Cloudy,-0.5412984521036173,0.8408305333122887,0.12533323356430426,0.9921147013144779,19.0,22.0,19.0,16.2,19.6,17.6,74.5,76.2,74.5,1.3,1.3,0.002,12.5,12.5,4.17,rain,rain,rain,41.0,15.8,21.2,22.3,9.4,11.2,1019.1,1017.1,1017.9,92.7,74.2,68.3,9.4,7.2,8.3,1.9,9.3,9.6,0.84,0.8,0.77,Rain,Rain,Rain,0.06627390040000014,0.9378889346118976,0.8746197071393957,0.99780146829205,0.34693565157325584,0.4848096202463371
2024-11-28,18.0,9.3,50.6,0.0,0.0,noprecip,30.6,20.5,1024.1,60.4,10.1,14.5,0.9,Cloudy,-0.5267547528105542,0.8500173118187018,-0.14608302856241073,0.9892723329629884,19.9,19.0,22.0,12.6,16.2,19.6,61.3,74.5,76.2,0.0,1.3,1.3,0.0,12.5,12.5,noprecip,rain,rain,28.4,41.0,15.8,16.6,22.3,9.4,1021.2,1019.1,1017.1,83.2,92.7,74.2,10.0,9.4,7.2,5.2,1.9,9.3,0.87,0.84,0.8,Cloudy,Rain,Rain,0.12533323356430426,0.06627390040000014,0.9378889346118976,0.9921147013144779,0.99780146829205,0.34693565157325584
2024-11-29,17.7,10.0,52.3,0.0,0.0,noprecip,23.0,13.0,1021.4,21.1,9.9,16.5,0.93,Cloudy,-0.5120551783114646,0.8589525565270845,-0.19080899537654467,0.981627183447664,18.0,19.9,19.0,9.3,12.6,16.2,50.6,61.3,74.5,0.0,0.0,1.3,0.0,0.0,12.5,noprecip,noprecip,rain,30.6,28.4,41.0,20.5,16.6,22.3,1024.1,1021.2,1019.1,60.4,83.2,92.7,10.1,10.0,9.4,14.5,5.2,1.9,0.9,0.87,0.84,Cloudy,Cloudy,Rain,-0.14608302856241073,0.12533323356430426,0.06627390040000014,0.9892723329629884,0.9921147013144779,0.99780146829205
2024-11-30,15.0,12.0,60.3,0.0,0.0,noprecip,18.4,13.0,1016.7,30.5,9.2,16.7,0.97,Cloudy,-0.4972040784469378,0.8676336233547726,0.9184463813430872,-0.3955455025629649,17.7,18.0,19.9,10.0,9.3,12.6,52.3,50.6,61.3,0.0,0.0,0.0,0.0,0.0,0.0,noprecip,noprecip,noprecip,23.0,30.6,28.4,13.0,20.5,16.6,1021.4,1024.1,1021.2,21.1,60.4,83.2,9.9,10.1,10.0,16.5,14.5,5.2,0.93,0.9,0.87,Cloudy,Cloudy,Cloudy,-0.19080899537654467,-0.14608302856241073,0.12533323356430426,0.981627183447664,0.9892723329629884,0.9921147013144779
2024-12-01,15.0,15.5,73.6,0.0,0.0,noprecip,25.2,16.6,1013.1,36.2,7.7,14.9,0.0,Cloudy,-0.4822058478963526,0.8760579434344281,0.8079898838980306,-0.5891963573533419,15.0,17.7,18.0,12.0,10.0,9.3,60.3,52.3,50.6,0.0,0.0,0.0,0.0,0.0,0.0,noprecip,noprecip,noprecip,18.4,23.0,30.6,13.0,13.0,20.5,1016.7,1021.4,1024.1,30.5,21.1,60.4,9.2,9.9,10.1,16.7,16.5,14.5,0.97,0.93,0.9,Cloudy,Cloudy,Cloudy,0.9184463813430872,-0.19080899537654467,-0.14608302856241073,-0.3955455025629649,0.981627183447664,0.9892723329629884
2024-12-02,20.0,17.5,73.5,0.3,8.33,rain,18.0,13.0,1013.4,78.9,8.9,8.5,0.03,Rain,-0.46706492487743034,0.8842230238742036,0.9884938868086836,-0.15126082024721924,15.0,15.0,17.7,15.5,12.0,10.0,73.6,60.3,52.3,0.0,0.0,0.0,0.0,0.0,0.0,noprecip,noprecip,noprecip,25.2,18.4,23.0,16.6,13.0,13.0,1013.1,1016.7,1021.4,36.2,30.5,21.1,7.7,9.2,9.9,14.9,16.7,16.5,0.0,0.97,0.93,Cloudy,Cloudy,Cloudy,0.8079898838980306,0.9184463813430872,-0.19080899537654467,-0.5891963573533419,-0.3955455025629649,0.981627183447664
2024-12-03,21.0,19.7,78.3,0.6,20.83,rain,22.7,18.4,1013.8,80.2,9.0,9.3,0.07,Rain,-0.451785789832884,0.8921264484954345,0.8980275757606156,-0.43993916985591514,20.0,15.0,15.0,17.5,15.5,12.0,73.5,73.6,60.3,0.3,0.0,0.0,8.33,0.0,0.0,rain,noprecip,noprecip,18.0,25.2,18.4,13.0,16.6,13.0,1013.4,1013.1,1016.7,78.9,36.2,30.5,8.9,7.7,9.2,8.5,14.9,16.7,0.03,0.0,0.97,Rain,Cloudy,Cloudy,0.9884938868086836,0.8079898838980306,0.9184463813430872,-0.15126082024721924,-0.5891963573533419,-0.3955455025629649
2024-12-04,21.0,19.1,77.5,0.5,20.83,rain,28.4,16.6,1014.4,73.9,9.3,5.5,0.1,Rain,-0.4363729641045924,0.8997658785476209,0.8300122850953675,-0.5577451089796901,21.0,20.0,15.0,19.7,17.5,15.5,78.3,73.5,73.6,0.6,0.3,0.0,20.83,8.33,0.0,rain,rain,noprecip,22.7,18.0,25.2,18.4,13.0,16.6,1013.8,1013.4,1013.1,80.2,78.9,36.2,9.0,8.9,7.7,9.3,8.5,14.9,0.07,0.03,0.0,Rain,Rain,Cloudy,0.8980275757606156,0.9884938868086836,0.8079898838980306,-0.43993916985591514,-0.15126082024721924,-0.5891963573533419
2024-12-05,20.0,18.7,76.5,0.0,0.0,noprecip,31.7,24.6,1014.5,51.5,8.5,6.8,0.14,Cloudy,-0.42083100859565564,0.9071390534005044,0.810041640445796,-0.5863723567357894,21.0,21.0,20.0,19.1,19.7,17.5,77.5,78.3,73.5,0.5,0.6,0.3,20.83,20.83,8.33,rain,rain,rain,28.4,22.7,18.0,16.6,18.4,13.0,1014.4,1013.8,1013.4,73.9,80.2,78.9,9.3,9.0,8.9,5.5,9.3,8.5,0.1,0.07,0.03,Rain,Rain,Rain,0.8300122850953675,0.8980275757606156,0.9884938868086836,-0.5577451089796901,-0.43993916985591514,-0.15126082024721924
2024-12-06,19.0,18.9,85.6,0.004,4.17,rain,29.2,18.4,1014.3,81.6,6.9,4.7,0.18,Rain,-0.4051645224207563,0.9142437912130223,0.9271838545667874,0.37460659341591196,20.0,21.0,21.0,18.7,19.1,19.7,76.5,77.5,78.3,0.0,0.5,0.6,0.0,20.83,20.83,noprecip,rain,rain,31.7,28.4,22.7,24.6,16.6,18.4,1014.5,1014.4,1013.8,51.5,73.9,80.2,8.5,9.3,9.0,6.8,5.5,9.3,0.14,0.1,0.07,Cloudy,Rain,Rain,0.810041640445796,0.8300122850953675,0.8980275757606156,-0.5863723567357894,-0.5577451089796901,-0.43993916985591514
2024-12-07,18.0,14.4,75.2,0.2,4.17,rain,29.2,22.3,1017.8,98.1,9.0,2.7,0.21,Rain,-0.3893781415452015,0.9210779895789526,0.45554490723351554,0.8902128046111265,19.0,20.0,21.0,18.9,18.7,19.1,85.6,76.5,77.5,0.004,0.0,0.5,4.17,0.0,20.83,rain,noprecip,rain,29.2,31.7,28.4,18.4,24.6,16.6,1014.3,1014.5,1014.4,81.6,51.5,73.9,6.9,8.5,9.3,4.7,6.8,5.5,0.18,0.14,0.1,Rain,Cloudy,Rain,0.9271838545667874,0.810041640445796,0.8300122850953675,0.37460659341591196,-0.5863723567357894,-0.5577451089796901
2024-12-08,16.0,10.4,65.2,0.4,16.67,rain,24.5,20.5,1021.7,98.4,10.0,3.7,0.25,Rain,-0.37347653741307074,0.9276396261490467,0.294040325232304,0.9557930147983301,18.0,19.0,20.0,14.4,18.9,18.7,75.2,85.6,76.5,0.2,0.004,0.0,4.17,4.17,0.0,rain,rain,noprecip,29.2,29.2,31.7,22.3,18.4,24.6,1017.8,1014.3,1014.5,98.1,81.6,51.5,9.0,6.9,8.5,2.7,4.7,6.8,0.21,0.18,0.14,Rain,Rain,Cloudy,0.45554490723351554,0.9271838545667874,0.810041640445796,0.8902128046111265,0.37460659341591196,-0.5863723567357894
2024-12-09,16.0,12.0,67.5,0.0,0.0,noprecip,13.3,9.4,1018.2,96.1,11.2,7.2,0.28,Cloudy,-0.3574644155648614,0.9339267592294762,0.3502073812594674,0.9366721892483977,16.0,18.0,19.0,10.4,14.4,18.9,65.2,75.2,85.6,0.4,0.2,0.004,16.67,4.17,4.17,rain,rain,rain,24.5,29.2,29.2,20.5,22.3,18.4,1021.7,1017.8,1014.3,98.4,98.1,81.6,10.0,9.0,6.9,3.7,2.7,4.7,0.25,0.21,0.18,Rain,Rain,Rain,0.294040325232304,0.45554490723351554,0.9271838545667874,0.9557930147983301,0.8902128046111265,0.37460659341591196
2024-12-10,17.5,16.4,77.8,0.3,12.5,rain,17.3,11.2,1013.7,89.9,5.8,6.3,0.32,Rain,-0.34134651424503615,0.9399375283564133,0.8853936257544158,0.4648420457246198,16.0,16.0,18.0,12.0,10.4,14.4,67.5,65.2,75.2,0.0,0.4,0.2,0.0,16.67,4.17,noprecip,rain,rain,13.3,24.5,29.2,9.4,20.5,22.3,1018.2,1021.7,1017.8,96.1,98.4,98.1,11.2,10.0,9.0,7.2,3.7,2.7,0.28,0.25,0.21,Cloudy,Rain,Rain,0.3502073812594674,0.294040325232304,0.45554490723351554,0.9366721892483977,0.9557930147983301,0.8902128046111265
2024-12-11,17.0,15.4,80.4,2.976,8.33,rain,45.7,24.1,1016.3,96.0,7.2,6.8,0.35,Rain,-0.3251276029999093,0.9456701548465688,0.14608302856241162,0.9892723329629883,17.5,16.0,16.0,16.4,12.0,10.4,77.8,67.5,65.2,0.3,0.0,0.4,12.5,0.0,16.67,rain,noprecip,rain,17.3,13.3,24.5,11.2,9.4,20.5,1013.7,1018.2,1021.7,89.9,96.1,98.4,5.8,11.2,10.0,6.3,7.2,3.7,0.32,0.28,0.25,Rain,Cloudy,Rain,0.8853936257544158,0.3502073812594674,0.294040325232304,0.4648420457246198,0.9366721892483977,0.9557930147983301
2024-12-12,16.0,11.0,69.3,0.4,16.67,rain,20.5,18.4,1018.5,100.0,10.0,2.7,0.39,Rain,-0.30881248126625377,0.9511229423235357,0.12706460860135046,0.9918944425900297,17.0,17.5,16.0,15.4,16.4,12.0,80.4,77.8,67.5,2.976,0.3,0.0,8.33,12.5,0.0,rain,rain,noprecip,45.7,17.3,13.3,24.1,11.2,9.4,1016.3,1013.7,1018.2,96.0,89.9,96.1,7.2,5.8,11.2,6.8,6.3,7.2,0.35,0.32,0.28,Rain,Rain,Cloudy,0.14608302856241162,0.8853936257544158,0.3502073812594674,0.9892723329629883,0.4648420457246198,0.9366721892483977
2024-12-13,15.0,10.2,66.6,0.1,4.17,rain,29.9,22.3,1021.6,98.6,9.9,3.7,0.42,Rain,-0.29240597695107734,0.9562942772197719,0.1856666153855772,0.9826127965436152,16.0,17.0,17.5,11.0,15.4,16.4,69.3,80.4,77.8,0.4,2.976,0.3,16.67,8.33,12.5,rain,rain,rain,20.5,45.7,17.3,18.4,24.1,11.2,1018.5,1016.3,1013.7,100.0,96.0,89.9,10.0,7.2,5.8,2.7,6.8,6.3,0.39,0.35,0.32,Rain,Rain,Rain,0.12706460860135046,0.14608302856241162,0.8853936257544158,0.9918944425900297,0.9892723329629883,0.4648420457246198
2024-12-14,15.0,7.7,57.5,0.0,0.0,noprecip,32.0,22.3,1025.9,95.3,9.8,2.0,0.46,Cloudy,-0.27591294500296043,0.9611826292540837,0.28736051984971195,0.9578224948453149,15.0,16.0,17.0,10.2,11.0,15.4,66.6,69.3,80.4,0.1,0.4,2.976,4.17,16.67,8.33,rain,rain,rain,29.9,20.5,45.7,22.3,18.4,24.1,1021.6,1018.5,1016.3,98.6,100.0,96.0,9.9,10.0,7.2,3.7,2.7,6.8,0.42,0.39,0.35,Rain,Rain,Rain,0.1856666153855772,0.12706460860135046,0.14608302856241162,0.9826127965436152,0.9918944425900297,0.9892723329629883
2024-12-15,14.0,6.9,55.9,0.004,8.33,rain,24.5,14.8,1026.5,78.2,9.6,2.1,0.5,Rain,-0.2593382659754056,0.9657865518844574,-0.05582150499316413,0.998440764181981,15.0,15.0,16.0,7.7,10.2,11.0,57.5,66.6,69.3,0.0,0.1,0.4,0.0,4.17,16.67,noprecip,rain,rain,32.0,29.9,20.5,22.3,22.3,18.4,1025.9,1021.6,1018.5,95.3,98.6,100.0,9.8,9.9,10.0,2.0,3.7,2.7,0.46,0.42,0.39,Cloudy,Rain,Rain,0.28736051984971195,0.1856666153855772,0.12706460860135046,0.9578224948453149,0.9826127965436152,0.9918944425900297
2024-12-16,13.9,7.9,58.2,0.002,4.17,rain,22.0,11.2,1023.5,44.9,10.9,12.3,0.53,Rain,-0.2426868445825954,0.9701046827361175,-0.48022349744318904,0.8771461637055887,14.0,15.0,15.0,6.9,7.7,10.2,55.9,57.5,66.6,0.004,0.0,0.1,8.33,0.0,4.17,rain,noprecip,rain,24.5,32.0,29.9,14.8,22.3,22.3,1026.5,1025.9,1021.6,78.2,95.3,98.6,9.6,9.8,9.9,2.1,2.0,3.7,0.5,0.46,0.42,Rain,Cloudy,Rain,-0.05582150499316413,0.28736051984971195,0.1856666153855772,0.998440764181981,0.9578224948453149,0.9826127965436152
2024-12-17,15.0,8.9,55.2,0.0,0.0,noprecip,16.6,14.8,1020.3,28.3,8.3,15.8,0.56,Cloudy,-0.22596360824801906,0.974135744004672,0.6665324702494525,0.7454759996828622,13.9,14.0,15.0,7.9,6.9,7.7,58.2,55.9,57.5,0.002,0.004,0.0,4.17,8.33,0.0,rain,rain,noprecip,22.0,24.5,32.0,11.2,14.8,22.3,1023.5,1026.5,1025.9,44.9,78.2,95.3,10.9,9.6,9.8,12.3,2.1,2.0,0.53,0.5,0.46,Rain,Rain,Cloudy,-0.48022349744318904,-0.05582150499316413,0.28736051984971195,0.8771461637055887,0.998440764181981,0.9578224948453149
2024-12-18,16.0,8.3,49.4,0.0,0.0,noprecip,27.7,20.5,1021.2,35.7,9.4,13.7,0.59,Cloudy,-0.20917350564635637,0.9778785428342386,0.25038000405444144,0.9681476403781077,15.0,13.9,14.0,8.9,7.9,6.9,55.2,58.2,55.9,0.0,0.002,0.004,0.0,4.17,8.33,noprecip,rain,rain,16.6,22.0,24.5,14.8,11.2,14.8,1020.3,1023.5,1026.5,28.3,44.9,78.2,8.3,10.9,9.6,15.8,12.3,2.1,0.56,0.53,0.5,Cloudy,Rain,Rain,0.6665324702494525,-0.48022349744318904,-0.05582150499316413,0.7454759996828622,0.8771461637055887,0.998440764181981
2024-12-19,12.0,7.8,56.3,0.0,0.0,noprecip,25.9,16.6,1021.3,17.0,9.3,13.1,0.62,Clear,-0.19232150523909483,0.9813319716704275,0.8280603346224944,0.5606389945632418,16.0,15.0,13.9,8.3,8.9,7.9,49.4,55.2,58.2,0.0,0.0,0.002,0.0,0.0,4.17,noprecip,noprecip,rain,27.7,16.6,22.0,20.5,14.8,11.2,1021.2,1020.3,1023.5,35.7,28.3,44.9,9.4,8.3,10.9,13.7,15.8,12.3,0.59,0.56,0.53,Cloudy,Cloudy,Rain,0.25038000405444144,0.6665324702494525,-0.48022349744318904,0.9681476403781077,0.7454759996828622,0.8771461637055887
2024-12-20,12.6,9.2,59.9,0.0,0.0,noprecip,24.5,18.4,1019.4,24.7,8.7,15.5,0.66,Cloudy,-0.17541259380427843,0.9844950085880858,0.9149596678498249,-0.4035452963523899,12.0,16.0,15.0,7.8,8.3,8.9,56.3,49.4,55.2,0.0,0.0,0.0,0.0,0.0,0.0,noprecip,noprecip,noprecip,25.9,27.7,16.6,16.6,20.5,14.8,1021.3,1021.2,1020.3,17.0,35.7,28.3,9.3,9.4,8.3,13.1,13.7,15.8,0.62,0.59,0.56,Clear,Cloudy,Cloudy,0.8280603346224944,0.25038000405444144,0.6665324702494525,0.5606389945632418,0.9681476403781077,0.7454759996828622
2024-12-21,15.7,10.1,61.7,0.0,0.0,noprecip,17.6,13.0,1020.0,53.6,7.8,11.7,0.69,Cloudy,-0.15845177496083632,0.9873667175937016,0.3502073812594674,0.9366721892483977,12.6,12.0,16.0,9.2,7.8,8.3,59.9,56.3,49.4,0.0,0.0,0.0,0.0,0.0,0.0,noprecip,noprecip,noprecip,24.5,25.9,27.7,18.4,16.6,20.5,1019.4,1021.3,1021.2,24.7,17.0,35.7,8.7,9.3,9.4,15.5,13.1,13.7,0.66,0.62,0.59,Cloudy,Clear,Cloudy,0.9149596678498249,0.8280603346224944,0.25038000405444144,-0.4035452963523899,0.5606389945632418,0.9681476403781077
2024-12-22,12.0,9.3,63.7,0.0,0.0,noprecip,22.3,13.0,1020.3,26.1,6.9,16.6,0.72,Cloudy,-0.14144406768794202,0.9899462489023779,0.9927573419294455,-0.1201368388346471,15.7,12.6,12.0,10.1,9.2,7.8,61.7,59.9,56.3,0.0,0.0,0.0,0.0,0.0,0.0,noprecip,noprecip,noprecip,17.6,24.5,25.9,13.0,18.4,16.6,1020.0,1019.4,1021.3,53.6,24.7,17.0,7.8,8.7,9.3,11.7,15.5,13.1,0.69,0.66,0.62,Cloudy,Cloudy,Clear,0.3502073812594674,0.9149596678498249,0.8280603346224944,0.9366721892483977,-0.4035452963523899,0.5606389945632418
2024-12-23,11.0,9.2,64.9,0.0,0.0,noprecip,21.6,11.2,1019.8,3.2,6.7,16.7,0.75,Clear,-0.12439450483979998,0.9922328391893008,0.387515586452103,0.9218631515885005,12.0,15.7,12.6,9.3,10.1,9.2,63.7,61.7,59.9,0.0,0.0,0.0,0.0,0.0,0.0,noprecip,noprecip,noprecip,22.3,17.6,24.5,13.0,13.0,18.4,1020.3,1020.0,1019.4,26.1,53.6,24.7,6.9,7.8,8.7,16.6,11.7,15.5,0.72,0.69,0.66,Cloudy,Cloudy,Cloudy,0.9927573419294455,0.3502073812594674,0.9149596678498249,-0.1201368388346471,0.9366721892483977,-0.4035452963523899
2024-12-24,14.1,8.5,53.2,0.0,0.0,noprecip,24.1,16.6,1021.1,42.5,8.5,15.3,0.78,Cloudy,-0.10730813165636247,0.9942258118156161,0.010471784116245792,0.9999451693655121,11.0,12.0,15.7,9.2,9.3,10.1,64.9,63.7,61.7,0.0,0.0,0.0,0.0,0.0,0.0,noprecip,noprecip,noprecip,21.6,22.3,17.6,11.2,13.0,13.0,1019.8,1020.3,1020.0,3.2,26.1,53.6,6.7,6.9,7.8,16.7,16.6,11.7,0.75,0.72,0.69,Clear,Cloudy,Cloudy,0.387515586452103,0.9927573419294455,0.3502073812594674,0.9218631515885005,-0.1201368388346471,0.9366721892483977
2024-12-25,17.0,11.5,58.9,0.0,0.0,noprecip,16.6,13.0,1020.1,29.4,6.7,15.9,0.82,Cloudy,-0.09019000427034513,0.9959245770286599,0.9477684100095858,-0.3189593092980697,14.1,11.0,12.0,8.5,9.2,9.3,53.2,64.9,63.7,0.0,0.0,0.0,0.0,0.0,0.0,noprecip,noprecip,noprecip,24.1,21.6,22.3,16.6,11.2,13.0,1021.1,1019.8,1020.3,42.5,3.2,26.1,8.5,6.7,6.9,15.3,16.7,16.6,0.78,0.75,0.72,Cloudy,Clear,Cloudy,0.010471784116245792,0.387515586452103,0.9927573419294455,0.9999451693655121,0.9218631515885005,-0.1201368388346471
2024-12-26,18.0,12.9,61.0,0.0,0.0,noprecip,24.1,13.0,1021.9,89.5,8.1,9.8,0.85,Cloudy,-0.07304518821104743,0.9973286321364752,0.25038000405444144,0.9681476403781077,17.0,14.1,11.0,11.5,8.5,9.2,58.9,53.2,64.9,0.0,0.0,0.0,0.0,0.0,0.0,noprecip,noprecip,noprecip,16.6,24.1,21.6,13.0,16.6,11.2,1020.1,1021.1,1019.8,29.4,42.5,3.2,6.7,8.5,6.7,15.9,15.3,16.7,0.82,0.78,0.75,Cloudy,Cloudy,Clear,0.9477684100095858,0.010471784116245792,0.387515586452103,-0.3189593092980697,0.9999451693655121,0.9218631515885005
2024-12-27,16.9,12.6,68.9,0.002,4.17,rain,28.1,20.5,1024.3,98.5,9.6,3.6,0.88,Rain,-0.05587875690537313,0.9984375616565666,0.45399049973954675,0.8910065241883679,18.0,17.0,14.1,12.9,11.5,8.5,61.0,58.9,53.2,0.0,0.0,0.0,0.0,0.0,0.0,noprecip,noprecip,noprecip,24.1,16.6,24.1,13.0,13.0,16.6,1021.9,1020.1,1021.1,89.5,29.4,42.5,8.1,6.7,8.5,9.8,15.9,15.3,0.85,0.82,0.78,Cloudy,Cloudy,Cloudy,0.25038000405444144,0.9477684100095858,0.010471784116245792,0.9681476403781077,-0.3189593092980697,0.9999451693655121
2024-12-28,14.9,9.4,57.2,0.011,4.17,rain,29.2,18.4,1025.9,57.1,10.9,11.1,0.91,Rain,-0.03869579017652689,0.9992510374388481,-0.020942419883357676,0.9997806834748455,16.9,18.0,17.0,12.6,12.9,11.5,68.9,61.0,58.9,0.002,0.0,0.0,4.17,0.0,0.0,rain,noprecip,noprecip,28.1,24.1,16.6,20.5,13.0,13.0,1024.3,1021.9,1020.1,98.5,89.5,29.4,9.6,8.1,6.7,3.6,9.8,15.9,0.88,0.85,0.82,Rain,Cloudy,Cloudy,0.45399049973954675,0.25038000405444144,0.9477684100095858,0.8910065241883679,0.9681476403781077,-0.3189593092980697
2024-12-29,15.0,9.9,60.6,0.0,0.0,noprecip,31.7,16.6,1021.5,21.7,8.4,16.5,0.94,Cloudy,-0.021501372740813793,0.999768818762748,0.8607420270039439,-0.5090414157503709,14.9,16.9,18.0,9.4,12.6,12.9,57.2,68.9,61.0,0.011,0.002,0.0,4.17,4.17,0.0,rain,rain,noprecip,29.2,28.1,24.1,18.4,20.5,13.0,1025.9,1024.3,1021.9,57.1,98.5,89.5,10.9,9.6,8.1,11.1,3.6,9.8,0.91,0.88,0.85,Rain,Rain,Cloudy,-0.020942419883357676,0.45399049973954675,0.25038000405444144,0.9997806834748455,0.8910065241883679,0.9681476403781077
2024-12-30,13.0,12.6,73.5,0.0,0.0,rain,20.2,11.2,1020.6,66.9,6.2,7.3,0.98,Cloudy,-0.004300592702981974,0.9999907524084426,0.06627390040000014,0.99780146829205,15.0,14.9,16.9,9.9,9.4,12.6,60.6,57.2,68.9,0.0,0.011,0.002,0.0,4.17,4.17,noprecip,rain,rain,31.7,29.2,28.1,16.6,18.4,20.5,1021.5,1025.9,1024.3,21.7,57.1,98.5,8.4,10.9,9.6,16.5,11.1,3.6,0.94,0.91,0.88,Cloudy,Rain,Rain,0.8607420270039439,-0.020942419883357676,0.45399049973954675,-0.5090414157503709,0.9997806834748455,0.8910065241883679
2024-12-31,14.7,12.3,69.9,0.0,0.0,noprecip,24.8,18.4,1021.1,52.8,6.1,7.1,0.0,Cloudy,0.012901459949419653,0.9999167727021953,-0.1788022151163502,0.9838850379335415,13.0,15.0,14.9,12.6,9.9,9.4,73.5,60.6,57.2,0.0,0.0,0.011,0.0,0.0,4.17,rain,noprecip,rain,20.2,31.7,29.2,11.2,16.6,18.4,1020.6,1021.5,1025.9,66.9,21.7,57.1,6.2,8.4,10.9,7.3,16.5,11.1,0.98,0.94,0.91,Cloudy,Cloudy,Rain,0.06627390040000014,0.8607420270039439,-0.020942419883357676,0.99780146829205,-0.5090414157503709,0.9997806834748455
2025-01-01,12.0,12.5,73.7,0.0,0.0,noprecip,17.6,13.0,1017.3,12.2,5.1,16.7,0.05,Clear,0.017201575418260506,0.9998520419557735,0.7372773368101241,-0.6755902076156602,14.7,13.0,15.0,12.3,12.6,9.9,69.9,73.5,60.6,0.0,0.0,0.0,0.0,0.0,0.0,noprecip,rain,noprecip,24.8,20.2,31.7,18.4,11.2,16.6,1021.1,1020.6,1021.5,52.8,66.9,21.7,6.1,6.2,8.4,7.1,7.3,16.5,0.0,0.98,0.94,Cloudy,Cloudy,Cloudy,-0.1788022151163502,0.06627390040000014,0.8607420270039439,0.9838850379335415,0.99780146829205,-0.5090414157503709
2025-01-02,14.7,13.6,71.3,0.0,0.0,noprecip,16.2,9.4,1018.4,23.8,5.0,16.3,0.08,Cloudy,0.03439806061360801,0.9994082116062598,0.45554490723351554,0.8902128046111265,12.0,14.7,13.0,12.5,12.3,12.6,73.7,69.9,73.5,0.0,0.0,0.0,0.0,0.0,0.0,noprecip,noprecip,rain,17.6,24.8,20.2,13.0,18.4,11.2,1017.3,1021.1,1020.6,12.2,52.8,66.9,5.1,6.1,6.2,16.7,7.1,7.3,0.05,0.0,0.98,Clear,Cloudy,Cloudy,0.7372773368101241,-0.1788022151163502,0.06627390040000014,-0.6755902076156602,0.9838850379335415,0.99780146829205
2025-01-03,15.0,12.4,64.3,0.0,0.0,noprecip,26.6,13.0,1019.8,9.6,7.0,16.4,0.12,Clear,0.051584366869408364,0.9986686402879997,0.5707135676844316,0.821149209133704,14.7,12.0,14.7,13.6,12.5,12.3,71.3,73.7,69.9,0.0,0.0,0.0,0.0,0.0,0.0,noprecip,noprecip,noprecip,16.2,17.6,24.8,9.4,13.0,18.4,1018.4,1017.3,1021.1,23.8,12.2,52.8,5.0,5.1,6.1,16.3,16.7,7.1,0.08,0.05,0.0,Cloudy,Clear,Cloudy,0.45554490723351554,0.7372773368101241,-0.1788022151163502,0.8902128046111265,-0.6755902076156602,0.9838850379335415
2025-01-04,13.0,11.9,66.1,0.0,0.0,noprecip,24.5,14.8,1018.9,10.6,6.8,14.6,0.15,Clear,0.06875540848113941,0.9976335468520451,0.7558534691676396,-0.6547408137173397,15.0,14.7,12.0,12.4,13.6,12.5,64.3,71.3,73.7,0.0,0.0,0.0,0.0,0.0,0.0,noprecip,noprecip,noprecip,26.6,16.2,17.6,13.0,9.4,13.0,1019.8,1018.4,1017.3,9.6,23.8,12.2,7.0,5.0,5.1,16.4,16.3,16.7,0.12,0.08,0.05,Clear,Cloudy,Clear,0.5707135676844316,0.45554490723351554,0.7372773368101241,0.821149209133704,0.8902128046111265,-0.6755902076156602
2025-01-05,14.1,11.1,63.8,0.0,0.0,noprecip,25.9,11.2,1020.4,15.0,6.8,16.8,0.19,Clear,0.08590610426133272,0.9963032375991965,-0.9879598657693892,0.15471038629946715,13.0,15.0,14.7,11.9,12.4,13.6,66.1,64.3,71.3,0.0,0.0,0.0,0.0,0.0,0.0,noprecip,noprecip,noprecip,24.5,26.6,16.2,14.8,13.0,9.4,1018.9,1019.8,1018.4,10.6,9.6,23.8,6.8,7.0,5.0,14.6,16.4,16.3,0.15,0.12,0.08,Clear,Clear,Cloudy,0.7558534691676396,0.5707135676844316,0.45554490723351554,-0.6547408137173397,0.821149209133704,0.8902128046111265
2025-01-06,13.0,10.8,63.5,0.0,0.0,noprecip,22.0,16.6,1017.8,9.4,6.3,17.1,0.22,Clear,0.10303137904317879,0.9946781061893646,0.9876883405951377,-0.15643446504023104,14.1,13.0,15.0,11.1,11.9,12.4,63.8,66.1,64.3,0.0,0.0,0.0,0.0,0.0,0.0,noprecip,noprecip,noprecip,25.9,24.5,26.6,11.2,14.8,13.0,1020.4,1018.9,1019.8,15.0,10.6,9.6,6.8,6.8,7.0,16.8,14.6,16.4,0.19,0.15,0.12,Clear,Clear,Clear,-0.9879598657693892,0.7558534691676396,0.5707135676844316,0.15471038629946715,-0.6547408137173397,0.821149209133704
2025-01-07,13.0,13.4,74.6,0.0,0.0,rain,22.3,11.2,1017.3,36.8,5.5,11.2,0.25,Cloudy,0.1201261651823505,0.9927586335250793,0.9149596678498249,-0.4035452963523899,13.0,14.1,13.0,10.8,11.1,11.9,63.5,63.8,66.1,0.0,0.0,0.0,0.0,0.0,0.0,noprecip,noprecip,noprecip,22.0,25.9,24.5,16.6,11.2,14.8,1017.8,1020.4,1018.9,9.4,15.0,10.6,6.3,6.8,6.8,17.1,16.8,14.6,0.22,0.19,0.15,Clear,Clear,Clear,0.9876883405951377,-0.9879598657693892,0.7558534691676396,-0.15643446504023104,0.15471038629946715,-0.6547408137173397
2025-01-08,17.0,15.4,75.4,0.6,20.83,rain,22.7,16.6,1018.0,71.1,7.2,8.9,0.3,Rain,0.13718540405660057,0.9905453876091833,0.9284858268809136,-0.3713678355502346,13.0,13.0,14.1,13.4,10.8,11.1,74.6,63.5,63.8,0.0,0.0,0.0,0.0,0.0,0.0,rain,noprecip,noprecip,22.3,22.0,25.9,11.2,16.6,11.2,1017.3,1017.8,1020.4,36.8,9.4,15.0,5.5,6.3,6.8,11.2,17.1,16.8,0.25,0.22,0.19,Cloudy,Clear,Clear,0.9149596678498249,0.9876883405951377,-0.9879598657693892,-0.4035452963523899,-0.15643446504023104,0.15471038629946715
2025-01-09,17.0,11.3,60.4,0.0,0.0,noprecip,38.2,20.5,1021.3,56.5,8.3,6.5,0.33,Cloudy,0.1542040475626894,0.988039023376751,0.7384553406258838,0.6743023875837234,17.0,13.0,13.0,15.4,13.4,10.8,75.4,74.6,63.5,0.6,0.0,0.0,20.83,0.0,0.0,rain,rain,noprecip,22.7,22.3,22.0,16.6,11.2,16.6,1018.0,1017.3,1017.8,71.1,36.8,9.4,7.2,5.5,6.3,8.9,11.2,17.1,0.3,0.25,0.22,Rain,Cloudy,Clear,0.9284858268809136,0.9149596678498249,0.9876883405951377,-0.3713678355502346,-0.4035452963523899,-0.15643446504023104
2025-01-10,15.0,6.5,51.8,0.0,0.0,noprecip,31.7,20.5,1027.9,35.2,10.0,8.8,0.37,Cloudy,0.17117705961019986,0.985240282501282,0.40673664307580015,0.9135454576426009,17.0,17.0,13.0,11.3,15.4,13.4,60.4,75.4,74.6,0.0,0.6,0.0,0.0,20.83,0.0,noprecip,rain,rain,38.2,22.7,22.3,20.5,16.6,11.2,1021.3,1018.0,1017.3,56.5,71.1,36.8,8.3,7.2,5.5,6.5,8.9,11.2,0.33,0.3,0.25,Cloudy,Rain,Cloudy,0.7384553406258838,0.9284858268809136,0.9149596678498249,0.6743023875837234,-0.3713678355502346,-0.4035452963523899
2025-01-11,12.0,5.3,51.0,0.0,0.0,noprecip,33.5,22.3,1030.5,23.7,9.9,8.0,0.4,Cloudy,0.18809941761179758,0.9821499931752291,0.23514211310259,0.9719610005785463,15.0,17.0,17.0,6.5,11.3,15.4,51.8,60.4,75.4,0.0,0.0,0.6,0.0,0.0,20.83,noprecip,noprecip,rain,31.7,38.2,22.7,20.5,20.5,16.6,1027.9,1021.3,1018.0,35.2,56.5,71.1,10.0,8.3,7.2,8.8,6.5,8.9,0.37,0.33,0.3,Cloudy,Cloudy,Rain,0.40673664307580015,0.7384553406258838,0.9284858268809136,0.9135454576426009,0.6743023875837234,-0.3713678355502346
2025-01-12,8.9,3.4,53.2,0.0,0.0,noprecip,26.6,16.6,1026.9,3.7,10.5,18.3,0.44,Clear,0.20496611396949532,0.9787690698649216,-0.2873605198497119,0.9578224948453149,12.0,15.0,17.0,5.3,6.5,11.3,51.0,51.8,60.4,0.0,0.0,0.0,0.0,0.0,0.0,noprecip,noprecip,noprecip,33.5,31.7,38.2,22.3,20.5,20.5,1030.5,1027.9,1021.3,23.7,35.2,56.5,9.9,10.0,8.3,8.0,8.8,6.5,0.4,0.37,0.33,Cloudy,Cloudy,Cloudy,0.23514211310259,0.40673664307580015,0.7384553406258838,0.9719610005785463,0.9135454576426009,0.6743023875837234
2025-01-13,7.0,6.6,60.6,0.0,0.0,noprecip,24.1,9.4,1022.0,2.8,8.8,18.2,0.47,Clear,0.22177215755648186,0.975098513039961,0.7071067811865476,-0.7071067811865475,8.9,12.0,15.0,3.4,5.3,6.5,53.2,51.0,51.8,0.0,0.0,0.0,0.0,0.0,0.0,noprecip,noprecip,noprecip,26.6,33.5,31.7,16.6,22.3,20.5,1026.9,1030.5,1027.9,3.7,23.7,35.2,10.5,9.9,10.0,18.3,8.0,8.8,0.44,0.4,0.37,Clear,Cloudy,Cloudy,-0.2873605198497119,0.23514211310259,0.40673664307580015,0.9578224948453149,0.9719610005785463,0.9135454576426009
2025-01-14,12.0,10.9,72.3,0.0,0.0,noprecip,17.6,11.2,1021.1,14.7,7.4,17.1,0.5,Clear,0.23851257519407648,0.9711394088771653,0.040131792532559725,0.999194395114446,7.0,8.9,12.0,6.6,3.4,5.3,60.6,53.2,51.0,0.0,0.0,0.0,0.0,0.0,0.0,noprecip,noprecip,noprecip,24.1,26.6,33.5,9.4,16.6,22.3,1022.0,1026.9,1030.5,2.8,3.7,23.7,8.8,10.5,9.9,18.2,18.3,8.0,0.47,0.44,0.4,Clear,Clear,Cloudy,0.7071067811865476,-0.2873605198497119,0.23514211310259,-0.7071067811865475,0.9578224948453149,0.9719610005785463
2025-01-15,15.0,10.7,60.3,0.1,4.17,rain,30.6,16.6,1024.2,30.7,7.9,6.4,0.54,Rain,0.2551824131233728,0.9668929289391521,0.8433914458128857,0.5372996083468239,12.0,7.0,8.9,10.9,6.6,3.4,72.3,60.6,53.2,0.0,0.0,0.0,0.0,0.0,0.0,noprecip,noprecip,noprecip,17.6,24.1,26.6,11.2,9.4,16.6,1021.1,1022.0,1026.9,14.7,2.8,3.7,7.4,8.8,10.5,17.1,18.2,18.3,0.5,0.47,0.44,Clear,Clear,Clear,0.040131792532559725,0.7071067811865476,-0.2873605198497119,0.999194395114446,-0.7071067811865475,0.9578224948453149
2025-01-16,13.0,7.6,51.3,0.0,0.0,noprecip,26.6,20.5,1024.7,13.3,8.9,14.6,0.57,Clear,0.2717767384711357,0.9623603298276545,0.51354125205817,0.8580649057236446,15.0,12.0,7.0,10.7,10.9,6.6,60.3,72.3,60.6,0.1,0.0,0.0,4.17,0.0,0.0,rain,noprecip,noprecip,30.6,17.6,24.1,16.6,11.2,9.4,1024.2,1021.1,1022.0,30.7,14.7,2.8,7.9,7.4,8.8,6.4,17.1,18.2,0.54,0.5,0.47,Rain,Clear,Clear,0.8433914458128857,0.040131792532559725,0.7071067811865476,0.5372996083468239,0.999194395114446,-0.7071067811865475
2025-01-17,11.7,10.4,66.8,0.0,0.0,noprecip,30.6,18.4,1021.0,5.9,7.2,18.2,0.6,Clear,0.2882906407095177,0.9575429528116719,0.8471219213821373,-0.5313985795180827,13.0,15.0,12.0,7.6,10.7,10.9,51.3,60.3,72.3,0.0,0.1,0.0,0.0,4.17,0.0,noprecip,rain,noprecip,26.6,30.6,17.6,20.5,16.6,11.2,1024.7,1024.2,1021.1,13.3,30.7,14.7,8.9,7.9,7.4,14.6,6.4,17.1,0.57,0.54,0.5,Clear,Rain,Clear,0.51354125205817,0.8433914458128857,0.040131792532559725,0.8580649057236446,0.5372996083468239,0.999194395114446
2025-01-18,13.0,11.0,72.9,0.0,0.0,noprecip,21.2,14.8,1019.1,64.8,6.5,9.5,0.64,Cloudy,0.3047192331091634,0.9524422234305676,-0.22665130743685613,0.9739759672790513,11.7,13.0,15.0,10.4,7.6,10.7,66.8,51.3,60.3,0.0,0.0,0.1,0.0,0.0,4.17,noprecip,noprecip,rain,30.6,26.6,30.6,18.4,20.5,16.6,1021.0,1024.7,1024.2,5.9,13.3,30.7,7.2,8.9,7.9,18.2,14.6,6.4,0.6,0.57,0.54,Clear,Clear,Rain,0.8471219213821373,0.51354125205817,0.8433914458128857,-0.5313985795180827,0.8580649057236446,0.5372996083468239
2025-01-19,15.7,11.6,66.6,0.0,0.0,noprecip,19.1,13.0,1017.1,39.3,6.4,15.9,0.67,Cloudy,0.321057654185271,0.9470596510722283,-0.996917333733128,-0.07845909572784557,13.0,11.7,13.0,11.0,10.4,7.6,72.9,66.8,51.3,0.0,0.0,0.0,0.0,0.0,0.0,noprecip,noprecip,noprecip,21.2,30.6,26.6,14.8,18.4,20.5,1019.1,1021.0,1024.7,64.8,5.9,13.3,6.5,7.2,8.9,9.5,18.2,14.6,0.64,0.6,0.57,Cloudy,Clear,Clear,-0.22665130743685613,0.8471219213821373,0.51354125205817,0.9739759672790513,-0.5313985795180827,0.8580649057236446
2025-01-20,15.0,11.6,63.4,0.0,0.0,noprecip,19.4,11.2,1015.5,19.1,6.1,17.6,0.7,Clear,0.3373010691361842,0.9413968285264122,0.9997806834748455,0.02094241988335705,15.7,13.0,11.7,11.6,11.0,10.4,66.6,72.9,66.8,0.0,0.0,0.0,0.0,0.0,0.0,noprecip,noprecip,noprecip,19.1,21.2,30.6,13.0,14.8,18.4,1017.1,1019.1,1021.0,39.3,64.8,5.9,6.4,6.5,7.2,15.9,9.5,18.2,0.67,0.64,0.6,Cloudy,Cloudy,Clear,-0.996917333733128,-0.22665130743685613,0.8471219213821373,-0.07845909572784557,0.9739759672790513,-0.5313985795180827
2025-01-21,14.0,12.1,66.5,0.0,0.0,noprecip,29.2,18.4,1014.9,7.8,7.4,18.1,0.73,Clear,0.3534446712740877,0.9354554315134164,0.8424523970071475,-0.5387707850068632,15.0,15.7,13.0,11.6,11.6,11.0,63.4,66.6,72.9,0.0,0.0,0.0,0.0,0.0,0.0,noprecip,noprecip,noprecip,19.4,19.1,21.2,11.2,13.0,14.8,1015.5,1017.1,1019.1,19.1,39.3,64.8,6.1,6.4,6.5,17.6,15.9,9.5,0.7,0.67,0.64,Clear,Cloudy,Cloudy,0.9997806834748455,-0.996917333733128,-0.22665130743685613,0.02094241988335705,-0.07845909572784557,0.9739759672790513
2025-01-22,16.0,15.5,81.3,0.3,12.5,rain,18.4,14.8,1015.3,78.5,5.2,5.7,0.75,Rain,0.3694836834473831,0.9292372181882051,0.9918944425900297,-0.1270646086013505,14.0,15.0,15.7,12.1,11.6,11.6,66.5,63.4,66.6,0.0,0.0,0.0,0.0,0.0,0.0,noprecip,noprecip,noprecip,29.2,19.4,19.1,18.4,11.2,13.0,1014.9,1015.5,1017.1,7.8,19.1,39.3,7.4,6.1,6.4,18.1,17.6,15.9,0.73,0.7,0.67,Clear,Clear,Cloudy,0.8424523970071475,0.9997806834748455,-0.996917333733128,-0.5387707850068632,0.02094241988335705,-0.07845909572784557
2025-01-23,18.0,16.9,83.2,0.0,0.0,rain,25.2,20.5,1014.4,86.2,6.5,6.2,0.8,Cloudy,0.38541335945432564,0.9227440286201427,0.8703556959398997,-0.492423560103467,16.0,14.0,15.0,15.5,12.1,11.6,81.3,66.5,63.4,0.3,0.0,0.0,12.5,0.0,0.0,rain,noprecip,noprecip,18.4,29.2,19.4,14.8,18.4,11.2,1015.3,1014.9,1015.5,78.5,7.8,19.1,5.2,7.4,6.1,5.7,18.1,17.6,0.75,0.73,0.7,Rain,Clear,Clear,0.9918944425900297,0.8424523970071475,0.9997806834748455,-0.1270646086013505,-0.5387707850068632,0.02094241988335705
2025-01-24,18.0,18.3,87.4,0.1,4.17,rain,29.2,20.5,1011.2,89.6,5.6,8.7,0.83,Rain,0.4012289854475009,0.9159777842484877,0.9128341772330429,-0.40833046038138465,18.0,16.0,14.0,16.9,15.5,12.1,83.2,81.3,66.5,0.0,0.3,0.0,0.0,12.5,0.0,rain,rain,noprecip,25.2,18.4,29.2,20.5,14.8,18.4,1014.4,1015.3,1014.9,86.2,78.5,7.8,6.5,5.2,7.4,6.2,5.7,18.1,0.8,0.75,0.73,Cloudy,Rain,Clear,0.8703556959398997,0.9918944425900297,0.8424523970071475,-0.492423560103467,-0.1270646086013505,-0.5387707850068632
2025-01-25,20.0,19.3,86.1,1.4,4.17,rain,29.5,20.5,1012.7,94.3,7.7,5.3,0.86,Rain,0.4169258813287287,0.908940487313808,0.8498926929868641,-0.5269557954966773,18.0,18.0,16.0,18.3,16.9,15.5,87.4,83.2,81.3,0.1,0.0,0.3,4.17,0.0,12.5,rain,rain,rain,29.2,25.2,18.4,20.5,20.5,14.8,1011.2,1014.4,1015.3,89.6,86.2,78.5,5.6,6.5,5.2,8.7,6.2,5.7,0.83,0.8,0.75,Rain,Cloudy,Rain,0.9128341772330429,0.8703556959398997,0.9918944425900297,-0.40833046038138465,-0.492423560103467,-0.1270646086013505
2025-01-26,14.0,9.7,66.9,1.9,4.17,rain,49.0,38.9,1023.3,63.8,9.4,2.0,0.89,Rain,0.4324994021339788,0.901634220265486,0.29570805004404666,0.9552783621223436,20.0,18.0,18.0,19.3,18.3,16.9,86.1,87.4,83.2,1.4,0.1,0.0,4.17,4.17,0.0,rain,rain,rain,29.5,29.2,25.2,20.5,20.5,20.5,1012.7,1011.2,1014.4,94.3,89.6,86.2,7.7,5.6,6.5,5.3,8.7,6.2,0.86,0.83,0.8,Rain,Rain,Cloudy,0.8498926929868641,0.9128341772330429,0.8703556959398997,-0.5269557954966773,-0.40833046038138465,-0.492423560103467
2025-01-27,14.0,3.0,44.1,0.0,0.0,noprecip,23.8,22.3,1023.7,18.4,10.0,7.8,0.93,Clear,0.44794493940789115,0.8940611451454876,0.2334453638559054,0.9723699203976766,14.0,20.0,18.0,9.7,19.3,18.3,66.9,86.1,87.4,1.9,1.4,0.1,4.17,4.17,4.17,rain,rain,rain,49.0,29.5,29.2,38.9,20.5,20.5,1023.3,1012.7,1011.2,63.8,94.3,89.6,9.4,7.7,5.6,2.0,5.3,8.7,0.89,0.86,0.83,Rain,Rain,Rain,0.29570805004404666,0.8498926929868641,0.9128341772330429,0.9552783621223436,-0.5269557954966773,-0.40833046038138465
2025-01-28,12.0,3.3,47.8,0.0,0.0,noprecip,26.6,20.5,1025.0,25.1,9.9,13.2,0.96,Cloudy,0.4632579225674917,0.88622350294858,0.4131044298245417,0.9106836608061771,14.0,14.0,20.0,3.0,9.7,19.3,44.1,66.9,86.1,0.0,1.9,1.4,0.0,4.17,4.17,noprecip,rain,rain,23.8,49.0,29.5,22.3,38.9,20.5,1023.7,1023.3,1012.7,18.4,63.8,94.3,10.0,9.4,7.7,7.8,2.0,5.3,0.93,0.89,0.86,Clear,Rain,Rain,0.2334453638559054,0.29570805004404666,0.8498926929868641,0.9723699203976766,0.9552783621223436,-0.5269557954966773
2025-01-29,11.0,6.1,59.5,0.0,0.0,noprecip,22.7,11.2,1023.4,21.6,9.2,16.0,0.0,Cloudy,0.4784338202547012,0.8781236129591848,-0.37622426313936663,0.9265286308718369,12.0,14.0,14.0,3.3,3.0,9.7,47.8,44.1,66.9,0.0,0.0,1.9,0.0,0.0,4.17,noprecip,noprecip,rain,26.6,23.8,49.0,20.5,22.3,38.9,1025.0,1023.7,1023.3,25.1,18.4,63.8,9.9,10.0,9.4,13.2,7.8,2.0,0.96,0.93,0.89,Cloudy,Clear,Rain,0.4131044298245417,0.2334453638559054,0.29570805004404666,0.9106836608061771,0.9723699203976766,0.9552783621223436
2025-01-30,10.5,10.3,66.4,0.0,0.0,noprecip,35.3,18.4,1016.3,30.9,10.5,12.4,0.02,Cloudy,0.49346814167723735,0.8697638720650646,0.7922896433551907,-0.6101451639012676,11.0,12.0,14.0,6.1,3.3,3.0,59.5,47.8,44.1,0.0,0.0,0.0,0.0,0.0,0.0,noprecip,noprecip,noprecip,22.7,26.6,23.8,11.2,20.5,22.3,1023.4,1025.0,1023.7,21.6,25.1,18.4,9.2,9.9,10.0,16.0,13.2,7.8,0.0,0.96,0.93,Cloudy,Cloudy,Clear,-0.37622426313936663,0.4131044298245417,0.2334453638559054,0.9265286308718369,0.9106836608061771,0.9723699203976766
2025-01-31,17.9,16.8,80.3,0.1,4.17,rain,33.5,20.5,1012.5,75.0,8.8,9.3,0.06,Rain,0.5083564379375122,0.8611467540480452,0.8338858220671682,-0.5519369853120581,10.5,11.0,12.0,10.3,6.1,3.3,66.4,59.5,47.8,0.0,0.0,0.0,0.0,0.0,0.0,noprecip,noprecip,noprecip,35.3,22.7,26.6,18.4,11.2,20.5,1016.3,1023.4,1025.0,30.9,21.6,25.1,10.5,9.2,9.9,12.4,16.0,13.2,0.02,0.0,0.96,Cloudy,Cloudy,Cloudy,0.7922896433551907,-0.37622426313936663,0.4131044298245417,-0.6101451639012676,0.9265286308718369,0.9106836608061771
2025-02-01,18.7,18.2,86.9,2.6,8.33,rain,31.3,18.4,1010.8,95.1,7.6,8.0,0.1,Rain,0.5230943033491326,0.8522748088519838,0.8377187166204388,-0.546101961014429,17.9,10.5,11.0,16.8,10.3,6.1,80.3,66.4,59.5,0.1,0.0,0.0,4.17,0.0,0.0,rain,noprecip,noprecip,33.5,35.3,22.7,20.5,18.4,11.2,1012.5,1016.3,1023.4,75.0,30.9,21.6,8.8,10.5,9.2,9.3,12.4,16.0,0.06,0.02,0.0,Rain,Cloudy,Cloudy,0.8338858220671682,0.7922896433551907,-0.37622426313936663,-0.5519369853120581,-0.6101451639012676,0.9265286308718369
2025-02-02,19.9,17.9,80.5,0.9,25.0,rain,31.0,18.4,1012.0,96.0,9.9,5.6,0.13,Rain,0.5376773767406141,0.8431506618282,0.7558534691676396,-0.6547408137173397,18.7,17.9,10.5,18.2,16.8,10.3,86.9,80.3,66.4,2.6,0.1,0.0,8.33,4.17,0.0,rain,rain,noprecip,31.3,33.5,35.3,18.4,20.5,18.4,1010.8,1012.5,1016.3,95.1,75.0,30.9,7.6,8.8,10.5,8.0,9.3,12.4,0.1,0.06,0.02,Rain,Rain,Cloudy,0.8377187166204388,0.8338858220671682,0.7922896433551907,-0.546101961014429,-0.5519369853120581,-0.6101451639012676
2025-02-03,15.0,10.4,65.8,3.6,33.33,rain,31.7,27.7,1020.0,80.6,10.0,2.8,0.17,Rain,0.5521013427459208,0.8337770129585915,0.573576436351046,0.8191520442889918,19.9,18.7,17.9,17.9,18.2,16.8,80.5,86.9,80.3,0.9,2.6,0.1,25.0,8.33,4.17,rain,rain,rain,31.0,31.3,33.5,18.4,18.4,20.5,1012.0,1010.8,1012.5,96.0,95.1,75.0,9.9,7.6,8.8,5.6,8.0,9.3,0.13,0.1,0.06,Rain,Rain,Rain,0.7558534691676396,0.8377187166204388,0.8338858220671682,-0.6547408137173397,-0.546101961014429,-0.5519369853120581
2025-02-04,15.0,6.2,49.7,0.0,0.0,noprecip,25.9,18.4,1021.8,22.0,10.7,9.7,0.2,Cloudy,0.5663619330814524,0.8241566360566663,0.9792228106217657,0.20278729535651271,15.0,19.9,18.7,10.4,17.9,18.2,65.8,80.5,86.9,3.6,0.9,2.6,33.33,25.0,8.33,rain,rain,rain,31.7,31.0,31.3,27.7,18.4,18.4,1020.0,1012.0,1010.8,80.6,96.0,95.1,10.0,9.9,7.6,2.8,5.6,8.0,0.17,0.13,0.1,Rain,Rain,Rain,0.573576436351046,0.7558534691676396,0.8377187166204388,0.8191520442889918,-0.6547408137173397,-0.546101961014429
2025-02-05,15.0,11.4,70.9,0.0,0.0,noprecip,19.8,18.4,1017.0,76.8,9.1,7.3,0.25,Cloudy,0.580454927809098,0.8142923779467267,0.9542403285162769,-0.2990407922560866,15.0,15.0,19.9,6.2,10.4,17.9,49.7,65.8,80.5,0.0,3.6,0.9,0.0,33.33,25.0,noprecip,rain,rain,25.9,31.7,31.0,18.4,27.7,18.4,1021.8,1020.0,1012.0,22.0,80.6,96.0,10.7,10.0,9.9,9.7,2.8,5.6,0.2,0.17,0.13,Cloudy,Rain,Rain,0.9792228106217657,0.573576436351046,0.7558534691676396,0.20278729535651271,0.8191520442889918,-0.6547408137173397
2025-02-06,14.0,14.4,93.8,1.8,4.17,rain,19.4,13.5,1015.6,100.0,4.7,3.6,0.27,Rain,0.5943761565849831,0.804187157621448,0.8048937973559142,0.5934188866037013,15.0,15.0,15.0,11.4,6.2,10.4,70.9,49.7,65.8,0.0,0.0,3.6,0.0,0.0,33.33,noprecip,noprecip,rain,19.8,25.9,31.7,18.4,18.4,27.7,1017.0,1021.8,1020.0,76.8,22.0,80.6,9.1,10.7,10.0,7.3,9.7,2.8,0.25,0.2,0.17,Cloudy,Cloudy,Rain,0.9542403285162769,0.9792228106217657,0.573576436351046,-0.2990407922560866,0.20278729535651271,0.8191520442889918
2025-02-07,13.0,10.2,76.7,2.6,4.17,rain,27.0,18.4,1021.7,100.0,9.0,3.3,0.31,Rain,0.6081214998935418,0.7938439653781019,0.4632960351198617,0.8862035792312147,14.0,15.0,15.0,14.4,11.4,6.2,93.8,70.9,49.7,1.8,0.0,0.0,4.17,0.0,0.0,rain,noprecip,noprecip,19.4,19.8,25.9,13.5,18.4,18.4,1015.6,1017.0,1021.8,100.0,76.8,22.0,4.7,9.1,10.7,3.6,7.3,9.7,0.27,0.25,0.2,Rain,Cloudy,Cloudy,0.8048937973559142,0.9542403285162769,0.9792228106217657,0.5934188866037013,-0.2990407922560866,0.20278729535651271
2025-02-08,13.0,7.5,63.9,0.4,12.5,rain,27.0,20.5,1025.0,78.5,10.0,3.6,0.34,Rain,0.6216868902665479,0.7832658619336791,0.5990235985155857,0.8007313709487336,13.0,14.0,15.0,10.2,14.4,11.4,76.7,93.8,70.9,2.6,1.8,0.0,4.17,4.17,0.0,rain,rain,noprecip,27.0,19.4,19.8,18.4,13.5,18.4,1021.7,1015.6,1017.0,100.0,100.0,76.8,9.0,4.7,9.1,3.3,3.6,7.3,0.31,0.27,0.25,Rain,Rain,Cloudy,0.4632960351198617,0.8048937973559142,0.9542403285162769,0.8862035792312147,0.5934188866037013,-0.2990407922560866
2025-02-09,12.7,5.8,55.8,0.0,0.0,noprecip,21.2,16.6,1023.6,80.5,10.0,8.2,0.38,Cloudy,0.6350683134867438,0.7724559775191742,0.8319541221304825,0.5548444274479993,13.0,13.0,14.0,7.5,10.2,14.4,63.9,76.7,93.8,0.4,2.6,1.8,12.5,4.17,4.17,rain,rain,rain,27.0,27.0,19.4,20.5,18.4,13.5,1025.0,1021.7,1015.6,78.5,100.0,100.0,10.0,9.0,4.7,3.6,3.3,3.6,0.34,0.31,0.27,Rain,Rain,Rain,0.5990235985155857,0.4632960351198617,0.8048937973559142,0.8007313709487336,0.8862035792312147,0.5934188866037013
2025-02-10,12.9,8.5,64.4,0.0,0.0,noprecip,15.8,11.2,1020.4,89.0,8.7,12.3,0.42,Cloudy,0.6482618097757122,0.7614175109532997,0.7671651518152995,0.6414496315691579,12.7,13.0,13.0,5.8,7.5,10.2,55.8,63.9,76.7,0.0,0.4,2.6,0.0,12.5,4.17,noprecip,rain,rain,21.2,27.0,27.0,16.6,20.5,18.4,1023.6,1025.0,1021.7,80.5,78.5,100.0,10.0,10.0,9.0,8.2,3.6,3.3,0.38,0.34,0.31,Cloudy,Rain,Rain,0.8319541221304825,0.5990235985155857,0.4632960351198617,0.5548444274479993,0.8007313709487336,0.8862035792312147
2025-02-11,15.0,13.2,72.2,0.0,0.0,rain,26.3,16.6,1017.0,89.8,7.0,9.3,0.45,Cloudy,0.6612634749656386,0.7501537286959042,0.5863723567357895,-0.8100416404457959,12.9,12.7,13.0,8.5,5.8,7.5,64.4,55.8,63.9,0.0,0.0,0.4,0.0,0.0,12.5,noprecip,noprecip,rain,15.8,21.2,27.0,11.2,16.6,20.5,1020.4,1023.6,1025.0,89.0,80.5,78.5,8.7,10.0,10.0,12.3,8.2,3.6,0.42,0.38,0.34,Cloudy,Cloudy,Rain,0.7671651518152995,0.8319541221304825,0.5990235985155857,0.6414496315691579,0.5548444274479993,0.8007313709487336
2025-02-12,16.0,16.1,83.0,0.1,4.17,rain,15.1,13.0,1016.8,85.1,5.3,7.9,0.5,Rain,0.6740694616546161,0.7386679638813748,-0.8941542368393681,0.4477590878387699,15.0,12.9,12.7,13.2,8.5,5.8,72.2,64.4,55.8,0.0,0.0,0.0,0.0,0.0,0.0,rain,noprecip,noprecip,26.3,15.8,21.2,16.6,11.2,16.6,1017.0,1020.4,1023.6,89.8,89.0,80.5,7.0,8.7,10.0,9.3,12.3,8.2,0.45,0.42,0.38,Cloudy,Cloudy,Cloudy,0.5863723567357895,0.7671651518152995,0.8319541221304825,-0.8100416404457959,0.6414496315691579,0.5548444274479993
2025-02-13,18.0,15.7,79.8,1.3,16.67,rain,29.5,18.4,1017.5,64.6,7.7,7.2,0.52,Rain,0.6866759803451553,0.726963615332308,0.5343523493898262,0.8452618332218562,16.0,15.0,12.9,16.1,13.2,8.5,83.0,72.2,64.4,0.1,0.0,0.0,4.17,0.0,0.0,rain,rain,noprecip,15.1,26.3,15.8,13.0,16.6,11.2,1016.8,1017.0,1020.4,85.1,89.8,89.0,5.3,7.0,8.7,7.9,9.3,12.3,0.5,0.45,0.42,Rain,Cloudy,Cloudy,-0.8941542368393681,0.5863723567357895,0.7671651518152995,0.4477590878387699,-0.8100416404457959,0.6414496315691579
2025-02-14,18.0,16.8,82.6,0.0,0.0,rain,22.7,16.6,1015.4,93.5,7.2,5.8,0.55,Cloudy,0.6990793005655562,0.7150441465537444,0.9048270524660195,-0.4257792915650727,18.0,16.0,15.0,15.7,16.1,13.2,79.8,83.0,72.2,1.3,0.1,0.0,16.67,4.17,0.0,rain,rain,rain,29.5,15.1,26.3,18.4,13.0,16.6,1017.5,1016.8,1017.0,64.6,85.1,89.8,7.7,5.3,7.0,7.2,7.9,9.3,0.52,0.5,0.45,Rain,Rain,Cloudy,0.5343523493898262,-0.8941542368393681,0.5863723567357895,0.8452618332218562,0.4477590878387699,-0.8100416404457959
2025-02-15,19.0,18.9,90.2,0.1,4.17,rain,26.3,20.5,1013.2,95.5,4.4,5.2,0.59,Rain,0.7112757519738152,0.7029130847082615,0.8433914458128858,-0.5372996083468236,18.0,18.0,16.0,16.8,15.7,16.1,82.6,79.8,83.0,0.0,1.3,0.1,0.0,16.67,4.17,rain,rain,rain,22.7,29.5,15.1,16.6,18.4,13.0,1015.4,1017.5,1016.8,93.5,64.6,85.1,7.2,7.7,5.3,5.8,7.2,7.9,0.55,0.52,0.5,Cloudy,Rain,Rain,0.9048270524660195,0.5343523493898262,-0.8941542368393681,-0.4257792915650727,0.8452618332218562,0.4477590878387699
2025-02-16,15.0,15.3,90.9,5.2,4.17,rain,23.0,22.3,1016.9,98.5,8.0,2.8,0.62,Rain,0.7232617254437388,0.6905740195722294,0.6858183529273761,0.7277727576572105,19.0,18.0,18.0,18.9,16.8,15.7,90.2,82.6,79.8,0.1,0.0,1.3,4.17,0.0,16.67,rain,rain,rain,26.3,22.7,29.5,20.5,16.6,18.4,1013.2,1015.4,1017.5,95.5,93.5,64.6,4.4,7.2,7.7,5.2,5.8,7.2,0.59,0.55,0.52,Rain,Cloudy,Rain,0.8433914458128858,0.9048270524660195,0.5343523493898262,-0.5372996083468236,-0.4257792915650727,0.8452618332218562
2025-02-17,15.0,14.5,90.9,1.9,4.17,rain,15.1,14.8,1019.3,99.3,6.6,6.9,0.65,Rain,0.7350336741329412,0.6780306024735382,0.3810703763502741,0.9245460336123131,15.0,19.0,18.0,15.3,18.9,16.8,90.9,90.2,82.6,5.2,0.1,0.0,4.17,4.17,0.0,rain,rain,rain,23.0,26.3,22.7,22.3,20.5,16.6,1016.9,1013.2,1015.4,98.5,95.5,93.5,8.0,4.4,7.2,2.8,5.2,5.8,0.62,0.59,0.55,Rain,Rain,Cloudy,0.6858183529273761,0.8433914458128858,0.9048270524660195,0.7277727576572105,-0.5372996083468236,-0.4257792915650727
2025-02-18,15.0,14.3,93.3,5.0,4.17,rain,19.1,14.8,1020.3,98.3,6.9,3.2,0.68,Rain,0.746588114532413,0.6652865452111116,0.5180270093731302,0.8553642601605066,15.0,15.0,19.0,14.5,15.3,18.9,90.9,90.9,90.2,1.9,5.2,0.1,4.17,4.17,4.17,rain,rain,rain,15.1,23.0,26.3,14.8,22.3,20.5,1019.3,1016.9,1013.2,99.3,98.5,95.5,6.6,8.0,4.4,6.9,2.8,5.2,0.65,0.62,0.59,Rain,Rain,Rain,0.3810703763502741,0.6858183529273761,0.8433914458128858,0.9245460336123131,0.7277727576572105,-0.5372996083468236
2025-02-19,15.0,15.0,95.4,0.6,4.17,rain,14.0,9.4,1019.0,98.5,4.0,3.6,0.71,Rain,0.7579216274973472,0.6523456189565257,0.5863723567357892,0.8100416404457961,15.0,15.0,15.0,14.3,14.5,15.3,93.3,90.9,90.9,5.0,1.9,5.2,4.17,4.17,4.17,rain,rain,rain,19.1,15.1,23.0,14.8,14.8,22.3,1020.3,1019.3,1016.9,98.3,99.3,98.5,6.9,6.6,8.0,3.2,6.9,2.8,0.68,0.65,0.62,Rain,Rain,Rain,0.5180270093731302,0.3810703763502741,0.6858183529273761,0.8553642601605066,0.9245460336123131,0.7277727576572105
2025-02-20,16.0,17.4,93.9,0.6,4.17,rain,23.4,11.2,1018.7,95.5,3.2,7.0,0.75,Rain,0.7690308592589181,0.6392116531380588,0.9265286308718373,-0.3762242631393655,15.0,15.0,15.0,15.0,14.3,14.5,95.4,93.3,90.9,0.6,5.0,1.9,4.17,4.17,4.17,rain,rain,rain,14.0,19.1,15.1,9.4,14.8,14.8,1019.0,1020.3,1019.3,98.5,98.3,99.3,4.0,6.9,6.6,3.6,3.2,6.9,0.71,0.68,0.65,Rain,Rain,Rain,0.5863723567357892,0.5180270093731302,0.3810703763502741,0.8100416404457961,0.8553642601605066,0.9245460336123131
2025-02-21,17.0,17.5,91.6,1.6,4.17,rain,21.2,16.6,1019.6,93.6,5.4,3.7,0.75,Rain,0.7799125224167177,0.6258885343075018,0.8829475928589269,0.46947156278589086,16.0,15.0,15.0,17.4,15.0,14.3,93.9,95.4,93.3,0.6,0.6,5.0,4.17,4.17,4.17,rain,rain,rain,23.4,14.0,19.1,11.2,9.4,14.8,1018.7,1019.0,1020.3,95.5,98.5,98.3,3.2,4.0,6.9,7.0,3.6,3.2,0.75,0.71,0.68,Rain,Rain,Rain,0.9265286308718373,0.5863723567357892,0.5180270093731302,-0.3762242631393655,0.8100416404457961,0.8553642601605066
2025-02-22,16.0,16.8,92.6,4.3,4.17,rain,18.4,16.6,1020.3,95.3,5.1,4.2,0.81,Rain,0.7905633969115482,0.612380204990065,0.9271838545667874,0.37460659341591196,17.0,16.0,15.0,17.5,17.4,15.0,91.6,93.9,95.4,1.6,0.6,0.6,4.17,4.17,4.17,rain,rain,rain,21.2,23.4,14.0,16.6,11.2,9.4,1019.6,1018.7,1019.0,93.6,95.5,98.5,5.4,3.2,4.0,3.7,7.0,3.6,0.75,0.75,0.71,Rain,Rain,Rain,0.8829475928589269,0.9265286308718373,0.5863723567357892,0.46947156278589086,-0.3762242631393655,0.8100416404457961
2025-02-23,13.9,14.1,87.2,5.1,4.17,rain,27.7,24.1,1024.6,99.5,7.7,3.4,0.84,Rain,0.8009803309782905,0.5986906625177214,0.6045991148623748,0.7965299180241963,16.0,17.0,16.0,16.8,17.5,17.4,92.6,91.6,93.9,4.3,1.6,0.6,4.17,4.17,4.17,rain,rain,rain,18.4,21.2,23.4,16.6,16.6,11.2,1020.3,1019.6,1018.7,95.3,93.6,95.5,5.1,5.4,3.2,4.2,3.7,7.0,0.81,0.75,0.75,Rain,Rain,Rain,0.9271838545667874,0.8829475928589269,0.9265286308718373,0.37460659341591196,0.46947156278589086,-0.3762242631393655
2025-02-24,12.0,10.9,84.1,1.2,4.17,rain,21.6,16.6,1027.7,100.0,9.1,3.6,0.88,Rain,0.8111602420785621,0.5848239578463322,0.37622426313936563,0.9265286308718373,13.9,16.0,17.0,14.1,16.8,17.5,87.2,92.6,91.6,5.1,4.3,1.6,4.17,4.17,4.17,rain,rain,rain,27.7,18.4,21.2,24.1,16.6,16.6,1024.6,1020.3,1019.6,99.5,95.3,93.6,7.7,5.1,5.4,3.4,4.2,3.7,0.84,0.81,0.75,Rain,Rain,Rain,0.6045991148623748,0.9271838545667874,0.8829475928589269,0.7965299180241963,0.37460659341591196,0.46947156278589086
2025-02-25,13.0,12.6,92.3,11.4,4.17,rain,15.1,9.4,1025.8,98.0,7.4,3.0,0.91,Rain,0.8211001178128892,0.5707841943569036,0.3567379993196252,0.9342044743210295,12.0,13.9,16.0,10.9,14.1,16.8,84.1,87.2,92.6,1.2,5.1,4.3,4.17,4.17,4.17,rain,rain,rain,21.6,27.7,18.4,16.6,24.1,16.6,1027.7,1024.6,1020.3,100.0,99.5,95.3,9.1,7.7,5.1,3.6,3.4,4.2,0.88,0.84,0.81,Rain,Rain,Rain,0.37622426313936563,0.6045991148623748,0.9271838545667874,0.9265286308718373,0.7965299180241963,0.37460659341591196
2025-02-26,13.0,13.0,88.8,1.2,4.17,rain,15.8,13.0,1022.8,97.9,8.2,4.7,0.94,Rain,0.8307970168121247,0.5565755266413303,0.6807208689589178,0.7325428987873788,13.0,12.0,13.9,12.6,10.9,14.1,92.3,84.1,87.2,11.4,1.2,5.1,4.17,4.17,4.17,rain,rain,rain,15.1,21.6,27.7,9.4,16.6,24.1,1025.8,1027.7,1024.6,98.0,100.0,99.5,7.4,9.1,7.7,3.0,3.6,3.4,0.91,0.88,0.84,Rain,Rain,Rain,0.3567379993196252,0.37622426313936563,0.6045991148623748,0.9342044743210295,0.9265286308718373,0.7965299180241963
2025-02-27,15.0,15.7,86.5,0.0,0.0,noprecip,24.8,16.6,1017.3,95.6,5.2,10.7,0.97,Cloudy,0.8402480696078469,0.5422021592729844,0.8771461637055888,-0.48022349744318876,13.0,13.0,12.0,13.0,12.6,10.9,88.8,92.3,84.1,1.2,11.4,1.2,4.17,4.17,4.17,rain,rain,rain,15.8,15.1,21.6,13.0,9.4,16.6,1022.8,1025.8,1027.7,97.9,98.0,100.0,8.2,7.4,9.1,4.7,3.0,3.6,0.94,0.91,0.88,Rain,Rain,Rain,0.6807208689589178,0.3567379993196252,0.37622426313936563,0.7325428987873788,0.9342044743210295,0.9265286308718373
2025-02-28,18.0,17.9,86.2,0.0,0.0,rain,31.0,16.6,1015.0,98.9,5.4,10.6,0.0,Cloudy,0.8494504794814806,0.527668345562516,0.7443115462311539,-0.6678325554710468,15.0,13.0,13.0,15.7,13.0,12.6,86.5,88.8,92.3,0.0,1.2,11.4,0.0,4.17,4.17,noprecip,rain,rain,24.8,15.8,15.1,16.6,13.0,9.4,1017.3,1022.8,1025.8,95.6,97.9,98.0,5.2,8.2,7.4,10.7,4.7,3.0,0.97,0.94,0.91,Cloudy,Rain,Rain,0.8771461637055888,0.6807208689589178,0.3567379993196252,-0.48022349744318876,0.7325428987873788,0.9342044743210295
2025-03-01,20.0,19.9,90.9,0.6,4.17,rain,35.3,16.6,1011.5,94.7,6.5,12.0,0.04,Rain,0.8584015232918917,0.512978386299228,0.7727335734973512,-0.6347305132022675,18.0,15.0,13.0,17.9,15.7,13.0,86.2,86.5,88.8,0.0,0.0,1.2,0.0,0.0,4.17,rain,noprecip,rain,31.0,24.8,15.8,16.6,16.6,13.0,1015.0,1017.3,1022.8,98.9,95.6,97.9,5.4,5.2,8.2,10.6,10.7,4.7,0.0,0.97,0.94,Cloudy,Cloudy,Rain,0.7443115462311539,0.8771461637055888,0.6807208689589178,-0.6678325554710468,-0.48022349744318876,0.7325428987873788
2025-03-02,20.0,21.0,93.4,1.2,4.17,rain,31.3,16.6,1009.6,98.1,5.2,12.6,0.08,Rain,0.8670985522812081,0.4981366284784055,0.9170600743851242,-0.398749068925246,20.0,18.0,15.0,19.9,17.9,15.7,90.9,86.2,86.5,0.6,0.0,0.0,4.17,0.0,0.0,rain,rain,noprecip,35.3,31.0,24.8,16.6,16.6,16.6,1011.5,1015.0,1017.3,94.7,98.9,95.6,6.5,5.4,5.2,12.0,10.6,10.7,0.04,0.0,0.97,Rain,Cloudy,Cloudy,0.7727335734973512,0.7443115462311539,0.8771461637055888,-0.6347305132022675,-0.6678325554710468,-0.48022349744318876
2025-03-03,21.7,21.9,89.7,0.2,4.17,rain,22.0,16.6,1008.6,97.0,6.8,14.1,0.11,Rain,0.8755389928586302,0.4831474640149687,0.8941542368393682,-0.4477590878387696,20.0,20.0,18.0,21.0,19.9,17.9,93.4,90.9,86.2,1.2,0.6,0.0,4.17,4.17,0.0,rain,rain,rain,31.3,35.3,31.0,16.6,16.6,16.6,1009.6,1011.5,1015.0,98.1,94.7,98.9,5.2,6.5,5.4,12.6,12.0,10.6,0.08,0.04,0.0,Rain,Rain,Cloudy,0.9170600743851242,0.7727335734973512,0.7443115462311539,-0.398749068925246,-0.6347305132022675,-0.6678325554710468
2025-03-04,22.6,22.2,85.8,0.1,4.17,rain,29.2,18.4,1007.2,91.6,7.3,14.8,0.15,Rain,0.8837203473619977,0.4680153284438345,0.782608156852414,-0.6225146366376194,21.7,20.0,20.0,21.9,21.0,19.9,89.7,93.4,90.9,0.2,1.2,0.6,4.17,4.17,4.17,rain,rain,rain,22.0,31.3,35.3,16.6,16.6,16.6,1008.6,1009.6,1011.5,97.0,98.1,94.7,6.8,5.2,6.5,14.1,12.6,12.0,0.11,0.08,0.04,Rain,Rain,Rain,0.8941542368393682,0.9170600743851242,0.7727335734973512,-0.4477590878387696,-0.398749068925246,-0.6347305132022675
2025-03-05,21.0,21.4,86.3,0.1,4.17,rain,30.6,22.3,1008.9,98.4,6.4,6.2,0.18,Rain,0.8916401947968874,0.45274469960737107,0.8668967489356026,-0.4984877397538306,22.6,21.7,20.0,22.2,21.9,21.0,85.8,89.7,93.4,0.1,0.2,1.2,4.17,4.17,4.17,rain,rain,rain,29.2,22.0,31.3,18.4,16.6,16.6,1007.2,1008.6,1009.6,91.6,97.0,98.1,7.3,6.8,5.2,14.8,14.1,12.6,0.15,0.11,0.08,Rain,Rain,Rain,0.782608156852414,0.8941542368393682,0.9170600743851242,-0.6225146366376194,-0.4477590878387696,-0.398749068925246
2025-03-06,15.0,10.5,64.8,0.604,8.33,rain,32.0,27.7,1019.0,87.0,9.9,4.0,0.25,Rain,0.8992961915530253,0.4373400963303323,0.8544588301328074,0.5195191118795094,21.0,22.6,21.7,21.4,22.2,21.9,86.3,85.8,89.7,0.1,0.1,0.2,4.17,4.17,4.17,rain,rain,rain,30.6,29.2,22.0,22.3,18.4,16.6,1008.9,1007.2,1008.6,98.4,91.6,97.0,6.4,7.3,6.8,6.2,14.8,14.1,0.18,0.15,0.11,Rain,Rain,Rain,0.8668967489356026,0.782608156852414,0.8941542368393682,-0.4984877397538306,-0.6225146366376194,-0.4477590878387696
2025-03-07,15.0,7.6,54.9,0.4,16.67,rain,24.1,14.8,1021.3,43.4,10.0,5.2,0.25,Rain,0.9066860720977985,0.4218060770826634,0.7954734808548959,0.605988400265711,15.0,21.0,22.6,10.5,21.4,22.2,64.8,86.3,85.8,0.604,0.1,0.1,8.33,4.17,4.17,rain,rain,rain,32.0,30.6,29.2,27.7,22.3,18.4,1019.0,1008.9,1007.2,87.0,98.4,91.6,9.9,6.4,7.3,4.0,6.2,14.8,0.25,0.18,0.15,Rain,Rain,Rain,0.8544588301328074,0.8668967489356026,0.782608156852414,0.5195191118795094,-0.4984877397538306,-0.6225146366376194
2025-03-08,14.2,10.9,70.8,0.0,0.0,noprecip,16.9,9.4,1020.3,73.9,9.4,7.8,0.29,Cloudy,0.9138076496466615,0.40614723863057883,0.849892692986864,0.5269557954966775,15.0,15.0,21.0,7.6,10.5,21.4,54.9,64.8,86.3,0.4,0.604,0.1,16.67,8.33,4.17,rain,rain,rain,24.1,32.0,30.6,14.8,27.7,22.3,1021.3,1019.0,1008.9,43.4,87.0,98.4,10.0,9.9,6.4,5.2,4.0,6.2,0.25,0.25,0.18,Rain,Rain,Rain,0.7954734808548959,0.8544588301328074,0.8668967489356026,0.605988400265711,0.5195191118795094,-0.4984877397538306
2025-03-09,16.0,14.9,80.4,0.3,8.33,rain,17.6,11.2,1020.4,92.1,5.7,5.6,0.32,Rain,0.9206588168102428,0.3903682146763026,0.9862856015372314,-0.1650476058606777,14.2,15.0,15.0,10.9,7.6,10.5,70.8,54.9,64.8,0.0,0.4,0.604,0.0,16.67,8.33,noprecip,rain,rain,16.9,24.1,32.0,9.4,14.8,27.7,1020.3,1021.3,1019.0,73.9,43.4,87.0,9.4,10.0,9.9,7.8,5.2,4.0,0.29,0.25,0.25,Cloudy,Rain,Rain,0.849892692986864,0.7954734808548959,0.8544588301328074,0.5269557954966775,0.605988400265711,0.5195191118795094
2025-03-10,18.0,17.8,88.3,0.4,12.5,rain,20.5,13.0,1019.1,95.2,4.2,7.4,0.36,Rain,0.9272375462179537,0.374473674486883,0.7372773368101241,-0.6755902076156602,16.0,14.2,15.0,14.9,10.9,7.6,80.4,70.8,54.9,0.3,0.0,0.4,8.33,0.0,16.67,rain,noprecip,rain,17.6,16.9,24.1,11.2,9.4,14.8,1020.4,1020.3,1021.3,92.1,73.9,43.4,5.7,9.4,10.0,5.6,7.8,5.2,0.32,0.29,0.25,Rain,Cloudy,Rain,0.9862856015372314,0.849892692986864,0.7954734808548959,-0.1650476058606777,0.5269557954966775,0.605988400265711
2025-03-11,19.5,19.1,85.3,0.3,12.5,rain,28.4,18.4,1014.5,91.6,5.2,8.6,0.39,Rain,0.9335418911179212,0.35846832151248087,0.8120835268918064,-0.5835412113561174,18.0,16.0,14.2,17.8,14.9,10.9,88.3,80.4,70.8,0.4,0.3,0.0,12.5,8.33,0.0,rain,rain,noprecip,20.5,17.6,16.9,13.0,11.2,9.4,1019.1,1020.4,1020.3,95.2,92.1,73.9,4.2,5.7,9.4,7.4,5.6,7.8,0.36,0.32,0.29,Rain,Rain,Cloudy,0.7372773368101241,0.9862856015372314,0.849892692986864,-0.6755902076156602,-0.1650476058606777,0.5269557954966775
2025-03-12,20.7,20.8,91.4,0.1,4.17,rain,30.2,20.5,1011.4,97.4,5.0,8.4,0.43,Rain,0.9395699859530622,0.342356891994542,0.8433914458128858,-0.5372996083468236,19.5,18.0,16.0,19.1,17.8,14.9,85.3,88.3,80.4,0.3,0.4,0.3,12.5,12.5,8.33,rain,rain,rain,28.4,20.5,17.6,18.4,13.0,11.2,1014.5,1019.1,1020.4,91.6,95.2,92.1,5.2,4.2,5.7,8.6,7.4,5.6,0.39,0.36,0.32,Rain,Rain,Rain,0.8120835268918064,0.7372773368101241,0.9862856015372314,-0.5835412113561174,-0.6755902076156602,-0.1650476058606777
2025-03-13,22.0,22.1,94.9,1.6,4.17,rain,34.6,18.4,1011.2,98.5,4.7,6.3,0.46,Rain,0.945320046913132,0.3261441535642696,0.8405666034956844,-0.5417082102827397,20.7,19.5,18.0,20.8,19.1,17.8,91.4,85.3,88.3,0.1,0.3,0.4,4.17,12.5,12.5,rain,rain,rain,30.2,28.4,20.5,20.5,18.4,13.0,1011.4,1014.5,1019.1,97.4,91.6,95.2,5.0,5.2,4.2,8.4,8.6,7.4,0.43,0.39,0.36,Rain,Rain,Rain,0.8433914458128858,0.8120835268918064,0.7372773368101241,-0.5372996083468236,-0.5835412113561174,-0.6755902076156602
2025-03-14,22.7,22.6,88.6,0.1,4.17,rain,28.8,22.3,1010.8,93.1,6.8,8.8,0.5,Rain,0.9507903724625832,0.3098349038318025,0.8443279255020152,-0.5358267949789964,22.0,20.7,19.5,22.1,20.8,19.1,94.9,91.4,85.3,1.6,0.1,0.3,4.17,4.17,12.5,rain,rain,rain,34.6,30.2,28.4,18.4,20.5,18.4,1011.2,1011.4,1014.5,98.5,97.4,91.6,4.7,5.0,5.2,6.3,8.4,8.6,0.46,0.43,0.39,Rain,Rain,Rain,0.8405666034956844,0.8433914458128858,0.8120835268918064,-0.5417082102827397,-0.5372996083468236,-0.5835412113561174
2025-03-15,21.7,21.6,84.1,0.1,4.17,rain,35.6,29.5,1012.7,93.3,6.8,5.7,0.53,Rain,0.9559793438440766,0.2934339689665273,0.9986295347545738,-0.05233595624294362,22.7,22.0,20.7,22.6,22.1,20.8,88.6,94.9,91.4,0.1,1.6,0.1,4.17,4.17,4.17,rain,rain,rain,28.8,34.6,30.2,22.3,18.4,20.5,1010.8,1011.2,1011.4,93.1,98.5,97.4,6.8,4.7,5.0,8.8,6.3,8.4,0.5,0.46,0.43,Rain,Rain,Rain,0.8443279255020152,0.8405666034956844,0.8433914458128858,-0.5358267949789964,-0.5417082102827397,-0.5372996083468236
2025-03-16,18.0,11.2,56.7,11.1,4.17,rain,27.4,22.3,1019.3,45.3,10.0,9.0,0.56,Rain,0.9608854255574977,0.27694620226893646,0.7289686274214114,0.6845471059286887,21.7,22.7,22.0,21.6,22.6,22.1,84.1,88.6,94.9,0.1,0.1,1.6,4.17,4.17,4.17,rain,rain,rain,35.6,28.8,34.6,29.5,22.3,18.4,1012.7,1010.8,1011.2,93.3,93.1,98.5,6.8,6.8,4.7,5.7,8.8,6.3,0.53,0.5,0.46,Rain,Rain,Rain,0.9986295347545738,0.8443279255020152,0.8405666034956844,-0.05233595624294362,-0.5358267949789964,-0.5417082102827397
2025-03-17,17.0,10.7,63.2,0.1,4.17,rain,23.4,13.0,1020.6,35.4,10.0,9.7,0.6,Rain,0.9655071658143364,0.2603764827344581,0.9980267284282716,0.06279051952931353,18.0,21.7,22.7,11.2,21.6,22.6,56.7,84.1,88.6,11.1,0.1,0.1,4.17,4.17,4.17,rain,rain,rain,27.4,35.6,28.8,22.3,29.5,22.3,1019.3,1012.7,1010.8,45.3,93.3,93.1,10.0,6.8,6.8,9.0,5.7,8.8,0.56,0.53,0.5,Rain,Rain,Rain,0.7289686274214114,0.9986295347545738,0.8443279255020152,0.6845471059286887,-0.05233595624294362,-0.5358267949789964
2025-03-18,16.0,9.2,56.3,0.0,0.0,noprecip,26.3,14.8,1023.9,38.3,9.9,7.9,0.63,Cloudy,0.969843196967294,0.24372971360968387,0.27228024704057435,0.9622179935292854,17.0,18.0,21.7,10.7,11.2,21.6,63.2,56.7,84.1,0.1,11.1,0.1,4.17,4.17,4.17,rain,rain,rain,23.4,27.4,35.6,13.0,22.3,29.5,1020.6,1019.3,1012.7,35.4,45.3,93.3,10.0,10.0,6.8,9.7,9.0,5.7,0.6,0.56,0.53,Rain,Rain,Rain,0.9980267284282716,0.7289686274214114,0.9986295347545738,0.06279051952931353,0.6845471059286887,-0.05233595624294362
2025-03-19,16.0,8.9,51.9,0.0,0.0,noprecip,28.8,18.4,1025.7,30.0,10.0,21.7,0.66,Cloudy,0.9738922359149924,0.22701082094141847,-0.4648420457246192,0.8853936257544162,16.0,17.0,18.0,9.2,10.7,11.2,56.3,63.2,56.7,0.0,0.1,11.1,0.0,4.17,4.17,noprecip,rain,rain,26.3,23.4,27.4,14.8,13.0,22.3,1023.9,1020.6,1019.3,38.3,35.4,45.3,9.9,10.0,10.0,7.9,9.7,9.0,0.63,0.6,0.56,Cloudy,Rain,Rain,0.27228024704057435,0.9980267284282716,0.7289686274214114,0.9622179935292854,0.06279051952931353,0.6845471059286887
2025-03-20,17.0,9.4,50.4,0.0,0.0,noprecip,22.7,11.2,1024.0,23.7,9.9,24.1,0.7,Cloudy,0.9776530844816641,0.2102247521189836,-0.92783625389892,0.37298778257580895,16.0,16.0,17.0,8.9,9.2,10.7,51.9,56.3,63.2,0.0,0.0,0.1,0.0,0.0,4.17,noprecip,noprecip,rain,28.8,26.3,23.4,18.4,14.8,13.0,1025.7,1023.9,1020.6,30.0,38.3,35.4,10.0,9.9,10.0,21.7,7.9,9.7,0.66,0.63,0.6,Cloudy,Cloudy,Rain,-0.4648420457246192,0.27228024704057435,0.9980267284282716,0.8853936257544162,0.9622179935292854,0.06279051952931353
2025-03-21,14.6,9.8,51.0,0.0,0.0,noprecip,24.1,16.6,1021.9,7.0,8.8,24.3,0.73,Clear,0.981124629771712,0.19337647441020586,0.5792811723426791,-0.8151277957285541,17.0,16.0,16.0,9.4,8.9,9.2,50.4,51.9,56.3,0.0,0.0,0.0,0.0,0.0,0.0,noprecip,noprecip,noprecip,22.7,28.8,26.3,11.2,18.4,14.8,1024.0,1025.7,1023.9,23.7,30.0,38.3,9.9,10.0,9.9,24.1,21.7,7.9,0.7,0.66,0.63,Cloudy,Cloudy,Cloudy,-0.92783625389892,-0.4648420457246192,0.27228024704057435,0.37298778257580895,0.8853936257544162,0.9622179935292854
2025-03-22,16.0,12.9,59.8,0.0,0.0,noprecip,23.8,14.8,1019.5,2.7,9.2,24.5,0.75,Clear,0.984305844499033,0.17647097349152166,0.944948912157531,-0.3272178989791036,14.6,17.0,16.0,9.8,9.4,8.9,51.0,50.4,51.9,0.0,0.0,0.0,0.0,0.0,0.0,noprecip,noprecip,noprecip,24.1,22.7,28.8,16.6,11.2,18.4,1021.9,1024.0,1025.7,7.0,23.7,30.0,8.8,9.9,10.0,24.3,24.1,21.7,0.73,0.7,0.66,Clear,Cloudy,Cloudy,0.5792811723426791,-0.92783625389892,-0.4648420457246192,-0.8151277957285541,0.37298778257580895,0.8853936257544162
2025-03-23,18.0,17.0,74.4,0.0,0.0,noprecip,28.8,18.4,1016.8,37.2,7.7,23.9,0.79,Cloudy,0.9871957872910085,0.15951325197263655,0.73491459514996,-0.6781596698680704,16.0,14.6,17.0,12.9,9.8,9.4,59.8,51.0,50.4,0.0,0.0,0.0,0.0,0.0,0.0,noprecip,noprecip,noprecip,23.8,24.1,22.7,14.8,16.6,11.2,1019.5,1021.9,1024.0,2.7,7.0,23.7,9.2,8.8,9.9,24.5,24.3,24.1,0.75,0.73,0.7,Clear,Clear,Cloudy,0.944948912157531,0.5792811723426791,-0.92783625389892,-0.3272178989791036,-0.8151277957285541,0.37298778257580895
2025-03-24,19.0,18.3,73.2,0.0,0.0,noprecip,28.8,18.4,1013.2,10.2,6.5,22.9,0.83,Clear,0.9897936029670716,0.14250832791617088,0.8038568606172174,-0.5948227867513411,18.0,16.0,14.6,17.0,12.9,9.8,74.4,59.8,51.0,0.0,0.0,0.0,0.0,0.0,0.0,noprecip,noprecip,noprecip,28.8,23.8,24.1,18.4,14.8,16.6,1016.8,1019.5,1021.9,37.2,2.7,7.0,7.7,9.2,8.8,23.9,24.5,24.3,0.79,0.75,0.73,Cloudy,Clear,Clear,0.73491459514996,0.944948912157531,0.5792811723426791,-0.6781596698680704,-0.3272178989791036,-0.8151277957285541
2025-03-25,20.0,19.5,79.1,0.0,0.0,noprecip,30.2,16.6,1008.1,45.7,6.1,20.4,0.86,Cloudy,0.992098522791769,0.12546123335273648,0.9360595357389733,-0.3518416484047018,19.0,18.0,16.0,18.3,17.0,12.9,73.2,74.4,59.8,0.0,0.0,0.0,0.0,0.0,0.0,noprecip,noprecip,noprecip,28.8,28.8,23.8,18.4,18.4,14.8,1013.2,1016.8,1019.5,10.2,37.2,2.7,6.5,7.7,9.2,22.9,23.9,24.5,0.83,0.79,0.75,Clear,Cloudy,Clear,0.8038568606172174,0.73491459514996,0.944948912157531,-0.5948227867513411,-0.6781596698680704,-0.3272178989791036
2025-03-26,21.5,20.4,83.5,0.0,0.0,noprecip,29.9,20.5,1005.5,91.7,7.3,21.6,0.89,Cloudy,0.9941098647022418,0.10837701279187609,0.7693995550468952,-0.6387678175155976,20.0,19.0,18.0,19.5,18.3,17.0,79.1,73.2,74.4,0.0,0.0,0.0,0.0,0.0,0.0,noprecip,noprecip,noprecip,30.2,28.8,28.8,16.6,18.4,18.4,1008.1,1013.2,1016.8,45.7,10.2,37.2,6.1,6.5,7.7,20.4,22.9,23.9,0.86,0.83,0.79,Cloudy,Clear,Cloudy,0.9360595357389733,0.8038568606172174,0.73491459514996,-0.3518416484047018,-0.5948227867513411,-0.6781596698680704
2025-03-27,22.0,22.2,91.9,0.0,0.0,noprecip,28.1,18.4,1002.9,98.4,5.3,21.0,0.93,Cloudy,0.9958270335100595,0.09126072172931188,0.8642748019537047,-0.5030199466302351,21.5,20.0,19.0,20.4,19.5,18.3,83.5,79.1,73.2,0.0,0.0,0.0,0.0,0.0,0.0,noprecip,noprecip,noprecip,29.9,30.2,28.8,20.5,16.6,18.4,1005.5,1008.1,1013.2,91.7,45.7,10.2,7.3,6.1,6.5,21.6,20.4,22.9,0.89,0.86,0.83,Cloudy,Cloudy,Clear,0.7693995550468952,0.9360595357389733,0.8038568606172174,-0.6387678175155976,-0.3518416484047018,-0.5948227867513411
2025-03-28,23.0,23.0,87.8,0.2,4.17,rain,37.1,20.5,1006.6,90.9,5.8,12.0,0.96,Rain,0.9972495210773451,0.07411742515094437,0.8933713883278376,-0.4493189986158964,22.0,21.5,20.0,22.2,20.4,19.5,91.9,83.5,79.1,0.0,0.0,0.0,0.0,0.0,0.0,noprecip,noprecip,noprecip,28.1,29.9,30.2,18.4,20.5,16.6,1002.9,1005.5,1008.1,98.4,91.7,45.7,5.3,7.3,6.1,21.0,21.6,20.4,0.93,0.89,0.86,Cloudy,Cloudy,Cloudy,0.8642748019537047,0.7693995550468952,0.9360595357389733,-0.5030199466302351,-0.6387678175155976,-0.3518416484047018
2025-03-29,14.0,15.4,84.0,3.0,4.17,rain,38.2,31.7,1015.0,98.7,8.4,3.5,0.0,Rain,0.998376906467142,0.056952196034039754,0.7524149088957243,0.6586894601186806,23.0,22.0,21.5,23.0,22.2,20.4,87.8,91.9,83.5,0.2,0.0,0.0,4.17,0.0,0.0,rain,noprecip,noprecip,37.1,28.1,29.9,20.5,18.4,20.5,1006.6,1002.9,1005.5,90.9,98.4,91.7,5.8,5.3,7.3,12.0,21.0,21.6,0.96,0.93,0.89,Rain,Cloudy,Cloudy,0.8933713883278376,0.8642748019537047,0.7693995550468952,-0.4493189986158964,-0.5030199466302351,-0.6387678175155976
2025-03-30,13.0,9.8,70.3,0.2,4.17,rain,25.6,18.4,1021.3,98.3,10.0,5.4,0.03,Rain,0.9992088560679753,0.03977011384605572,0.600420225325884,0.7996846584870906,14.0,23.0,22.0,15.4,23.0,22.2,84.0,87.8,91.9,3.0,0.2,0.0,4.17,4.17,0.0,rain,rain,noprecip,38.2,37.1,28.1,31.7,20.5,18.4,1015.0,1006.6,1002.9,98.7,90.9,98.4,8.4,5.8,5.3,3.5,12.0,21.0,0.0,0.96,0.93,Rain,Rain,Cloudy,0.7524149088957243,0.8933713883278376,0.8642748019537047,0.6586894601186806,-0.4493189986158964,-0.5030199466302351
2025-03-31,14.0,9.1,61.8,0.0,0.0,noprecip,23.0,14.8,1020.4,77.1,10.0,11.4,0.06,Cloudy,0.9997451236925734,0.022576263041545485,0.4241994227453902,0.9055687990111396,13.0,14.0,23.0,9.8,15.4,23.0,70.3,84.0,87.8,0.2,3.0,0.2,4.17,4.17,4.17,rain,rain,rain,25.6,38.2,37.1,18.4,31.7,20.5,1021.3,1015.0,1006.6,98.3,98.7,90.9,10.0,8.4,5.8,5.4,3.5,12.0,0.03,0.0,0.96,Rain,Rain,Rain,0.600420225325884,0.7524149088957243,0.8933713883278376,0.7996846584870906,0.6586894601186806,-0.4493189986158964
2025-04-01,16.0,10.7,57.5,0.0,0.0,noprecip,23.4,13.0,1019.2,37.8,9.9,17.1,0.09,Cloudy,0.9999855506507186,0.005375731557583884,-0.665230354654361,0.7466381822853912,14.0,13.0,14.0,9.1,9.8,15.4,61.8,70.3,84.0,0.0,0.2,3.0,0.0,4.17,4.17,noprecip,rain,rain,23.0,25.6,38.2,14.8,18.4,31.7,1020.4,1021.3,1015.0,77.1,98.3,98.7,10.0,10.0,8.4,11.4,5.4,3.5,0.06,0.03,0.0,Cloudy,Rain,Rain,0.4241994227453902,0.600420225325884,0.7524149088957243,0.9055687990111396,0.7996846584870906,0.6586894601186806
2025-04-02,18.0,13.8,63.9,0.0,0.0,noprecip,18.0,18.4,1018.7,25.6,7.6,22.8,0.13,Cloudy,0.9999300657962057,-0.011826390691832589,-0.9762960071199335,0.21643961393810246,16.0,14.0,13.0,10.7,9.1,9.8,57.5,61.8,70.3,0.0,0.0,0.2,0.0,0.0,4.17,noprecip,noprecip,rain,23.4,23.0,25.6,13.0,14.8,18.4,1019.2,1020.4,1021.3,37.8,77.1,98.3,9.9,10.0,10.0,17.1,11.4,5.4,0.09,0.06,0.03,Cloudy,Cloudy,Rain,-0.665230354654361,0.4241994227453902,0.600420225325884,0.7466381822853912,0.9055687990111396,0.7996846584870906
2025-04-03,19.0,13.8,58.3,0.0,0.0,noprecip,29.5,20.5,1017.5,15.3,10.7,24.5,0.16,Clear,0.9995786855478958,-0.029025013321975237,0.6266038113644606,-0.779337964931474,18.0,16.0,14.0,13.8,10.7,9.1,63.9,57.5,61.8,0.0,0.0,0.0,0.0,0.0,0.0,noprecip,noprecip,noprecip,18.0,23.4,23.0,18.4,13.0,14.8,1018.7,1019.2,1020.4,25.6,37.8,77.1,7.6,9.9,10.0,22.8,17.1,11.4,0.13,0.09,0.06,Cloudy,Cloudy,Cloudy,-0.9762960071199335,-0.665230354654361,0.4241994227453902,0.21643961393810246,0.7466381822853912,0.9055687990111396
2025-04-04,18.0,17.2,75.0,0.0,0.0,noprecip,36.0,20.5,1013.2,55.8,8.8,15.7,0.2,Cloudy,0.9989315138848577,-0.046215046983708354,0.8660254037844387,-0.4999999999999998,19.0,18.0,16.0,13.8,13.8,10.7,58.3,63.9,57.5,0.0,0.0,0.0,0.0,0.0,0.0,noprecip,noprecip,noprecip,29.5,18.0,23.4,20.5,18.4,13.0,1017.5,1018.7,1019.2,15.3,25.6,37.8,10.7,7.6,9.9,24.5,22.8,17.1,0.16,0.13,0.09,Clear,Cloudy,Cloudy,0.6266038113644606,-0.9762960071199335,-0.665230354654361,-0.779337964931474,0.21643961393810246,0.7466381822853912
2025-04-05,20.0,20.1,93.2,1.1,4.17,rain,18.0,16.6,1014.1,92.0,4.8,4.8,0.25,Rain,0.9979887423155984,-0.06339140486951038,0.9838850379335417,0.17880221511634958,18.0,19.0,18.0,17.2,13.8,13.8,75.0,58.3,63.9,0.0,0.0,0.0,0.0,0.0,0.0,noprecip,noprecip,noprecip,36.0,29.5,18.0,20.5,20.5,18.4,1013.2,1017.5,1018.7,55.8,15.3,25.6,8.8,10.7,7.6,15.7,24.5,22.8,0.2,0.16,0.13,Cloudy,Clear,Cloudy,0.8660254037844387,0.6266038113644606,-0.9762960071199335,-0.4999999999999998,-0.779337964931474,0.21643961393810246
2025-04-06,20.7,20.0,87.2,3.8,4.17,rain,23.4,18.4,1014.7,89.9,6.1,10.6,0.27,Rain,0.9967506498213929,-0.08054900421874167,0.8829475928589271,-0.46947156278589053,20.0,18.0,19.0,20.1,17.2,13.8,93.2,75.0,58.3,1.1,0.0,0.0,4.17,0.0,0.0,rain,noprecip,noprecip,18.0,36.0,29.5,16.6,20.5,20.5,1014.1,1013.2,1017.5,92.0,55.8,15.3,4.8,8.8,10.7,4.8,15.7,24.5,0.25,0.2,0.16,Rain,Cloudy,Clear,0.9838850379335417,0.8660254037844387,0.6266038113644606,0.17880221511634958,-0.4999999999999998,-0.779337964931474
2025-04-07,20.0,20.2,90.3,1.4,4.17,rain,21.6,11.2,1015.6,90.6,5.0,7.0,0.3,Rain,0.9952176027737294,-0.09768276782171598,0.7083398377245288,-0.705871570678681,20.7,20.0,18.0,20.0,20.1,17.2,87.2,93.2,75.0,3.8,1.1,0.0,4.17,4.17,0.0,rain,rain,noprecip,23.4,18.0,36.0,18.4,16.6,20.5,1014.7,1014.1,1013.2,89.9,92.0,55.8,6.1,4.8,8.8,10.6,4.8,15.7,0.27,0.25,0.2,Rain,Rain,Cloudy,0.8829475928589271,0.9838850379335417,0.8660254037844387,-0.46947156278589053,0.17880221511634958,-0.4999999999999998
2025-04-08,20.7,20.7,82.6,0.0,0.0,rain,30.2,14.8,1014.6,85.4,6.1,11.5,0.33,Cloudy,0.9933900548258936,-0.11478762552212701,0.8367643134589615,-0.5475632234925505,20.0,20.7,20.0,20.2,20.0,20.1,90.3,87.2,93.2,1.4,3.8,1.1,4.17,4.17,4.17,rain,rain,rain,21.6,23.4,18.0,11.2,18.4,16.6,1015.6,1014.7,1014.1,90.6,89.9,92.0,5.0,6.1,4.8,7.0,10.6,4.8,0.3,0.27,0.25,Rain,Rain,Rain,0.7083398377245288,0.8829475928589271,0.9838850379335417,-0.705871570678681,-0.46947156278589053,0.17880221511634958
2025-04-09,22.7,22.1,85.0,0.0,0.0,noprecip,33.8,18.4,1010.7,95.6,6.9,11.5,0.37,Cloudy,0.9912685467787256,-0.13185851571739118,0.7996846584870907,-0.6004202253258839,20.7,20.0,20.7,20.7,20.2,20.0,82.6,90.3,87.2,0.0,1.4,3.8,0.0,4.17,4.17,rain,rain,rain,30.2,21.6,23.4,14.8,11.2,18.4,1014.6,1015.6,1014.7,85.4,90.6,89.9,6.1,5.0,6.1,11.5,7.0,10.6,0.33,0.3,0.27,Cloudy,Rain,Rain,0.8367643134589615,0.7083398377245288,0.8829475928589271,-0.5475632234925505,-0.705871570678681,-0.46947156278589053
2025-04-10,23.0,22.6,89.5,0.2,4.17,rain,25.2,22.3,1007.1,97.4,5.5,9.0,0.4,Rain,0.9888537064205885,-0.1488903868564548,0.8642748019537047,-0.5030199466302351,22.7,20.7,20.0,22.1,20.7,20.2,85.0,82.6,90.3,0.0,0.0,1.4,0.0,0.0,4.17,noprecip,rain,rain,33.8,30.2,21.6,18.4,14.8,11.2,1010.7,1014.6,1015.6,95.6,85.4,90.6,6.9,6.1,5.0,11.5,11.5,7.0,0.37,0.33,0.3,Cloudy,Cloudy,Rain,0.7996846584870907,0.8367643134589615,0.7083398377245288,-0.6004202253258839,-0.5475632234925505,-0.705871570678681
2025-04-11,23.0,23.2,89.6,0.3,4.17,rain,25.9,18.4,1005.3,96.3,5.5,16.9,0.44,Rain,0.986146248341595,-0.16587819893463143,0.8703556959398997,-0.492423560103467,23.0,22.7,20.7,22.6,22.1,20.7,89.5,85.0,82.6,0.2,0.0,0.0,4.17,0.0,0.0,rain,noprecip,rain,25.2,33.8,30.2,22.3,18.4,14.8,1007.1,1010.7,1014.6,97.4,95.6,85.4,5.5,6.9,6.1,9.0,11.5,11.5,0.4,0.37,0.33,Rain,Cloudy,Cloudy,0.8642748019537047,0.7996846584870907,0.8367643134589615,-0.5030199466302351,-0.6004202253258839,-0.5475632234925505
2025-04-12,23.0,22.2,80.5,0.1,4.17,rain,51.5,25.9,1008.3,74.8,6.5,20.6,0.47,Rain,0.9831469737221499,-0.1828169249850199,0.35347484377925714,0.9354440308298674,23.0,23.0,22.7,23.2,22.6,22.1,89.6,89.5,85.0,0.3,0.2,0.0,4.17,4.17,0.0,rain,rain,noprecip,25.9,25.2,33.8,18.4,22.3,18.4,1005.3,1007.1,1010.7,96.3,97.4,95.6,5.5,5.5,6.9,16.9,9.0,11.5,0.44,0.4,0.37,Rain,Rain,Cloudy,0.8703556959398997,0.8642748019537047,0.7996846584870907,-0.492423560103467,-0.5030199466302351,-0.6004202253258839
2025-04-13,20.6,14.5,60.5,1.9,4.17,rain,40.3,18.4,1017.0,35.2,9.9,21.4,0.5,Rain,0.9798567700958665,-0.1997015525660636,-0.7782431485260214,0.6279630576493374,23.0,23.0,23.0,22.2,23.2,22.6,80.5,89.6,89.5,0.1,0.3,0.2,4.17,4.17,4.17,rain,rain,rain,51.5,25.9,25.2,25.9,18.4,22.3,1008.3,1005.3,1007.1,74.8,96.3,97.4,6.5,5.5,5.5,20.6,16.9,9.0,0.47,0.44,0.4,Rain,Rain,Rain,0.35347484377925714,0.8703556959398997,0.8642748019537047,0.9354440308298674,-0.492423560103467,-0.5030199466302351
2025-04-14,20.0,14.9,57.8,0.2,8.33,rain,15.8,11.2,1014.6,24.7,9.7,14.5,0.54,Rain,0.9762766110869321,-0.21652708524481437,-0.999194395114446,0.04013179253255971,20.6,23.0,23.0,14.5,22.2,23.2,60.5,80.5,89.6,1.9,0.1,0.3,4.17,4.17,4.17,rain,rain,rain,40.3,51.5,25.9,18.4,25.9,18.4,1017.0,1008.3,1005.3,35.2,74.8,96.3,9.9,6.5,5.5,21.4,20.6,16.9,0.5,0.47,0.44,Rain,Rain,Rain,-0.7782431485260214,0.35347484377925714,0.8703556959398997,0.6279630576493374,0.9354440308298674,-0.492423560103467
2025-04-15,19.0,15.6,58.4,0.0,0.0,noprecip,21.2,18.4,1012.2,11.7,10.9,25.7,0.57,Clear,0.9724075561219968,-0.23328854407545518,0.5045276238150194,-0.8633955506067716,20.0,20.6,23.0,14.9,14.5,22.2,57.8,60.5,80.5,0.2,1.9,0.1,8.33,4.17,4.17,rain,rain,rain,15.8,40.3,51.5,11.2,18.4,25.9,1014.6,1017.0,1008.3,24.7,35.2,74.8,9.7,9.9,6.5,14.5,21.4,20.6,0.54,0.5,0.47,Rain,Rain,Rain,-0.999194395114446,-0.7782431485260214,0.35347484377925714,0.04013179253255971,0.6279630576493374,0.9354440308298674
2025-04-16,20.0,16.6,60.9,0.0,0.0,noprecip,33.5,24.1,1008.9,17.6,10.7,24.1,0.61,Clear,0.9682507501166718,-0.2499809690726521,0.9654726308792251,-0.2605045086426483,19.0,20.0,20.6,15.6,14.9,14.5,58.4,57.8,60.5,0.0,0.2,1.9,0.0,8.33,4.17,noprecip,rain,rain,21.2,15.8,40.3,18.4,11.2,18.4,1012.2,1014.6,1017.0,11.7,24.7,35.2,10.9,9.7,9.9,25.7,14.5,21.4,0.57,0.54,0.5,Clear,Rain,Rain,0.5045276238150194,-0.999194395114446,-0.7782431485260214,-0.8633955506067716,0.04013179253255971,0.6279630576493374
2025-04-17,23.0,22.2,82.4,0.3,4.17,rain,29.2,20.5,1006.4,85.5,8.6,22.9,0.64,Rain,0.9638074231367307,-0.26659942067929354,0.888617232654949,-0.4586495544843146,20.0,19.0,20.0,16.6,15.6,14.9,60.9,58.4,57.8,0.0,0.0,0.2,0.0,0.0,8.33,noprecip,noprecip,rain,33.5,21.2,15.8,24.1,18.4,11.2,1008.9,1012.2,1014.6,17.6,11.7,24.7,10.7,10.9,9.7,24.1,25.7,14.5,0.61,0.57,0.54,Clear,Clear,Rain,0.9654726308792251,0.5045276238150194,-0.999194395114446,-0.2605045086426483,-0.8633955506067716,0.04013179253255971
2025-04-18,24.0,23.9,83.9,0.1,4.17,rain,31.0,18.4,1005.3,85.0,7.1,16.0,0.68,Rain,0.9590788900341131,-0.28313898122818354,0.9483236552061994,-0.317304656405092,23.0,20.0,19.0,22.2,16.6,15.6,82.4,60.9,58.4,0.3,0.0,0.0,4.17,0.0,0.0,rain,noprecip,noprecip,29.2,33.5,21.2,20.5,24.1,18.4,1006.4,1008.9,1012.2,85.5,17.6,11.7,8.6,10.7,10.9,22.9,24.1,25.7,0.64,0.61,0.57,Rain,Clear,Clear,0.888617232654949,0.9654726308792251,0.5045276238150194,-0.4586495544843146,-0.2605045086426483,-0.8633955506067716
2025-04-19,25.0,24.6,81.8,0.1,4.17,rain,31.0,22.3,1005.4,54.9,8.1,21.9,0.71,Rain,0.9540665500578387,-0.2995947563972602,0.9958843986159703,-0.09063258019777999,24.0,23.0,20.0,23.9,22.2,16.6,83.9,82.4,60.9,0.1,0.3,0.0,4.17,4.17,0.0,rain,rain,noprecip,31.0,29.2,33.5,18.4,20.5,24.1,1005.3,1006.4,1008.9,85.0,85.5,17.6,7.1,8.6,10.7,16.0,22.9,24.1,0.68,0.64,0.61,Rain,Rain,Clear,0.9483236552061994,0.888617232654949,0.9654726308792251,-0.317304656405092,-0.4586495544843146,-0.2605045086426483
2025-04-20,25.0,24.6,80.2,0.2,4.17,rain,32.4,27.7,1006.6,59.1,10.0,21.3,0.74,Rain,0.9487718864399473,-0.31596187665790293,0.9488760116444965,-0.3156490369471024,25.0,24.0,23.0,24.6,23.9,22.2,81.8,83.9,82.4,0.1,0.1,0.3,4.17,4.17,4.17,rain,rain,rain,31.0,31.0,29.2,22.3,18.4,20.5,1005.4,1005.3,1006.4,54.9,85.0,85.5,8.1,7.1,8.6,21.9,16.0,22.9,0.71,0.68,0.64,Rain,Rain,Rain,0.9958843986159703,0.9483236552061994,0.888617232654949,-0.09063258019777999,-0.317304656405092,-0.4586495544843146
2025-04-21,24.3,24.1,85.9,10.8,4.17,rain,35.6,22.3,1008.8,81.7,9.1,21.3,0.75,Rain,0.9431964659565866,-0.33223549871590435,0.8703556959398997,-0.492423560103467,25.0,25.0,24.0,24.6,24.6,23.9,80.2,81.8,83.9,0.2,0.1,0.1,4.17,4.17,4.17,rain,rain,rain,32.4,31.0,31.0,27.7,22.3,18.4,1006.6,1005.4,1005.3,59.1,54.9,85.0,10.0,8.1,7.1,21.3,21.9,16.0,0.74,0.71,0.68,Rain,Rain,Rain,0.9488760116444965,0.9958843986159703,0.9483236552061994,-0.3156490369471024,-0.09063258019777999,-0.317304656405092
2025-04-22,25.0,24.8,86.3,0.0,0.0,noprecip,29.9,18.4,1007.7,91.6,6.7,22.5,0.81,Cloudy,0.9373419384643772,-0.3484108069446808,0.9055687990111397,-0.42419942274538996,24.3,25.0,25.0,24.1,24.6,24.6,85.9,80.2,81.8,10.8,0.2,0.1,4.17,4.17,4.17,rain,rain,rain,35.6,32.4,31.0,22.3,27.7,22.3,1008.8,1006.6,1005.4,81.7,59.1,54.9,9.1,10.0,8.1,21.3,21.3,21.9,0.75,0.74,0.71,Rain,Rain,Rain,0.8703556959398997,0.9488760116444965,0.9958843986159703,-0.492423560103467,-0.3156490369471024,-0.09063258019777999
2025-04-23,25.0,24.7,81.7,15.0,16.67,rain,24.8,24.1,1005.7,64.7,8.1,23.2,0.84,Rain,0.9312100364121947,-0.3644830148102912,0.9542403285162769,-0.2990407922560866,25.0,24.3,25.0,24.8,24.1,24.6,86.3,85.9,80.2,0.0,10.8,0.2,0.0,4.17,4.17,noprecip,rain,rain,29.9,35.6,32.4,18.4,22.3,27.7,1007.7,1008.8,1006.6,91.6,81.7,59.1,6.7,9.1,10.0,22.5,21.3,21.3,0.81,0.75,0.74,Cloudy,Rain,Rain,0.9055687990111397,0.8703556959398997,0.9488760116444965,-0.42419942274538996,-0.492423560103467,-0.3156490369471024
2025-04-24,26.0,24.7,83.9,0.1,4.17,rain,23.8,18.4,1006.4,84.5,9.2,15.0,0.88,Rain,0.9248025743285089,-0.38044736628785164,0.9918944425900297,-0.1270646086013505,25.0,25.0,24.3,24.7,24.8,24.1,81.7,86.3,85.9,15.0,0.0,10.8,16.67,0.0,4.17,rain,noprecip,rain,24.8,29.9,35.6,24.1,18.4,22.3,1005.7,1007.7,1008.8,64.7,91.6,81.7,8.1,6.7,9.1,23.2,22.5,21.3,0.84,0.81,0.75,Rain,Cloudy,Rain,0.9542403285162769,0.9055687990111397,0.8703556959398997,-0.2990407922560866,-0.42419942274538996,-0.492423560103467
2025-04-25,22.0,22.0,80.1,18.5,4.17,rain,31.3,18.4,1010.3,88.9,9.6,9.9,0.91,Rain,0.9181214482844365,-0.39629913726891813,0.5548444274479993,0.8319541221304825,26.0,25.0,25.0,24.7,24.7,24.8,83.9,81.7,86.3,0.1,15.0,0.0,4.17,16.67,0.0,rain,rain,noprecip,23.8,24.8,29.9,18.4,24.1,18.4,1006.4,1005.7,1007.7,84.5,64.7,91.6,9.2,8.1,6.7,15.0,23.2,22.5,0.88,0.84,0.81,Rain,Rain,Cloudy,0.9918944425900297,0.9542403285162769,0.9055687990111397,-0.1270646086013505,-0.2990407922560866,-0.42419942274538996
2025-04-26,24.0,23.2,83.6,0.3,12.5,rain,29.9,22.3,1010.6,98.2,9.0,7.6,0.95,Rain,0.9111686353326631,-0.41203363695942635,0.7858568931754021,-0.618408395357554,22.0,26.0,25.0,22.0,24.7,24.7,80.1,83.9,81.7,18.5,0.1,15.0,4.17,4.17,16.67,rain,rain,rain,31.3,23.8,24.8,18.4,18.4,24.1,1010.3,1006.4,1005.7,88.9,84.5,64.7,9.6,9.2,8.1,9.9,15.0,23.2,0.91,0.88,0.84,Rain,Rain,Rain,0.5548444274479993,0.9918944425900297,0.9542403285162769,0.8319541221304825,-0.1270646086013505,-0.2990407922560866
2025-04-27,25.0,24.9,86.9,0.2,4.17,rain,28.1,22.3,1010.0,93.6,7.9,13.3,0.98,Rain,0.9039461929224011,-0.42764620926777464,0.8607420270039439,-0.5090414157503709,24.0,22.0,26.0,23.2,22.0,24.7,83.6,80.1,83.9,0.3,18.5,0.1,12.5,4.17,4.17,rain,rain,rain,29.9,31.3,23.8,22.3,18.4,18.4,1010.6,1010.3,1006.4,98.2,88.9,84.5,9.0,9.6,9.2,7.6,9.9,15.0,0.95,0.91,0.88,Rain,Rain,Rain,0.7858568931754021,0.5548444274479993,0.9918944425900297,-0.618408395357554,0.8319541221304825,-0.1270646086013505
2025-04-28,23.0,23.4,88.5,6.6,4.17,rain,29.5,25.9,1011.7,72.5,8.8,3.1,0.0,Rain,0.8964562582905575,-0.44313223418263453,0.09063258019778016,0.9958843986159703,25.0,24.0,22.0,24.9,23.2,22.0,86.9,83.6,80.1,0.2,0.3,18.5,4.17,12.5,4.17,rain,rain,rain,28.1,29.9,31.3,22.3,22.3,18.4,1010.0,1010.6,1010.3,93.6,98.2,88.9,7.9,9.0,9.6,13.3,7.6,9.9,0.98,0.95,0.91,Rain,Rain,Rain,0.8607420270039439,0.7858568931754021,0.5548444274479993,-0.5090414157503709,-0.618408395357554,0.8319541221304825
2025-04-29,24.0,23.1,86.4,0.1,4.17,rain,18.7,22.3,1012.2,56.5,7.9,17.8,0.05,Rain,0.8887010478292915,-0.45848712914008766,-0.801775644243754,0.597625146975521,23.0,25.0,24.0,23.4,24.9,23.2,88.5,86.9,83.6,6.6,0.2,0.3,4.17,4.17,12.5,rain,rain,rain,29.5,28.1,29.9,25.9,22.3,22.3,1011.7,1010.0,1010.6,72.5,93.6,98.2,8.8,7.9,9.0,3.1,13.3,7.6,0.0,0.98,0.95,Rain,Rain,Rain,0.09063258019778016,0.8607420270039439,0.7858568931754021,0.9958843986159703,-0.5090414157503709,-0.618408395357554
2025-04-30,25.0,24.3,84.5,0.4,4.17,rain,28.4,13.0,1011.2,69.6,7.0,18.7,0.08,Rain,0.8806828564301475,-0.47370635037968,0.9245460336123131,-0.38107037635027413,24.0,23.0,25.0,23.1,23.4,24.9,86.4,88.5,86.9,0.1,6.6,0.2,4.17,4.17,4.17,rain,rain,rain,18.7,29.5,28.1,22.3,25.9,22.3,1012.2,1011.7,1010.0,56.5,72.5,93.6,7.9,8.8,7.9,17.8,3.1,13.3,0.05,0.0,0.98,Rain,Rain,Rain,-0.801775644243754,0.09063258019778016,0.8607420270039439,0.597625146975521,0.9958843986159703,-0.5090414157503709
2025-05-01,22.0,22.8,84.2,35.4,4.17,rain,23.4,27.7,1013.5,49.4,9.0,11.9,0.11,Rain,0.8724040568049612,-0.48878539428899265,-0.6560590289905074,0.7547095802227719,25.0,24.0,23.0,24.3,23.1,23.4,84.5,86.4,88.5,0.4,0.1,6.6,4.17,4.17,4.17,rain,rain,rain,28.4,18.7,29.5,13.0,22.3,25.9,1011.2,1012.2,1011.7,69.6,56.5,72.5,7.0,7.9,8.8,18.7,17.8,3.1,0.08,0.05,0.0,Rain,Rain,Rain,0.9245460336123131,-0.801775644243754,0.09063258019778016,-0.38107037635027413,0.597625146975521,0.9958843986159703
2025-05-02,23.0,22.3,74.1,0.0,0.0,noprecip,22.7,16.6,1010.2,10.0,10.9,24.2,0.15,Clear,0.8638670987837349,-0.503719798736334,0.5821229701572895,-0.8131007610470276,22.0,25.0,24.0,22.8,24.3,23.1,84.2,84.5,86.4,35.4,0.4,0.1,4.17,4.17,4.17,rain,rain,rain,23.4,28.4,18.7,27.7,13.0,22.3,1013.5,1011.2,1012.2,49.4,69.6,56.5,9.0,7.0,7.9,11.9,18.7,17.8,0.11,0.08,0.05,Rain,Rain,Rain,-0.6560590289905074,0.9245460336123131,-0.801775644243754,0.7547095802227719,-0.38107037635027413,0.597625146975521
2025-05-03,25.0,24.5,81.0,0.0,0.0,noprecip,26.6,25.9,1007.3,57.7,9.1,19.7,0.18,Cloudy,0.8550745085896932,-0.518505144391157,0.8120835268918064,-0.5835412113561174,23.0,22.0,25.0,22.3,22.8,24.3,74.1,84.2,84.5,0.0,35.4,0.4,0.0,4.17,4.17,noprecip,rain,rain,22.7,23.4,28.4,16.6,27.7,13.0,1010.2,1013.5,1011.2,10.0,49.4,69.6,10.9,9.0,7.0,24.2,11.9,18.7,0.15,0.11,0.08,Clear,Rain,Rain,0.5821229701572895,-0.6560590289905074,0.9245460336123131,-0.8131007610470276,0.7547095802227719,-0.38107037635027413
2025-05-04,26.0,24.9,81.0,1.6,4.17,rain,29.2,18.4,1005.4,64.6,9.5,23.0,0.25,Rain,0.8460288880917339,-0.533137056031809,0.8171448983351286,-0.5764323161697932,25.0,23.0,22.0,24.5,22.3,22.8,81.0,74.1,84.2,0.0,0.0,35.4,0.0,0.0,4.17,noprecip,noprecip,rain,26.6,22.7,23.4,25.9,16.6,27.7,1007.3,1010.2,1013.5,57.7,10.0,49.4,9.1,10.9,9.0,19.7,24.2,11.9,0.18,0.15,0.11,Cloudy,Clear,Rain,0.8120835268918064,0.5821229701572895,-0.6560590289905074,-0.5835412113561174,-0.8131007610470276,0.7547095802227719
2025-05-05,24.0,25.5,80.9,0.0,0.0,rain,27.7,24.1,1004.6,50.0,8.4,23.6,0.25,Cloudy,0.8367329140344921,-0.5476112038402312,0.9488760116444965,-0.3156490369471024,26.0,25.0,23.0,24.9,24.5,22.3,81.0,81.0,74.1,1.6,0.0,0.0,4.17,0.0,0.0,rain,noprecip,noprecip,29.2,26.6,22.7,18.4,25.9,16.6,1005.4,1007.3,1010.2,64.6,57.7,10.0,9.5,9.1,10.9,23.0,19.7,24.2,0.25,0.18,0.15,Rain,Cloudy,Clear,0.8171448983351286,0.8120835268918064,0.5821229701572895,-0.5764323161697932,-0.5835412113561174,-0.8131007610470276
2025-05-06,26.0,26.0,82.7,0.3,8.33,rain,25.6,22.3,1005.1,65.6,9.2,19.2,0.28,Rain,0.8271893372462497,-0.5619233046832195,0.9077774785329086,-0.4194520824461772,24.0,26.0,25.0,25.5,24.9,24.5,80.9,81.0,81.0,0.0,1.6,0.0,0.0,4.17,0.0,rain,rain,noprecip,27.7,29.2,26.6,24.1,18.4,25.9,1004.6,1005.4,1007.3,50.0,64.6,57.7,8.4,9.5,9.1,23.6,23.0,19.7,0.25,0.25,0.18,Cloudy,Rain,Cloudy,0.9488760116444965,0.8171448983351286,0.8120835268918064,-0.3156490369471024,-0.5764323161697932,-0.5835412113561174
2025-05-07,31.2,26.4,82.2,1.2,29.17,rain,26.6,22.3,1003.5,82.7,9.8,17.0,0.32,Rain,0.8174009818249189,-0.5760691233798758,0.913545457642601,-0.40673664307580004,26.0,24.0,26.0,26.0,25.5,24.9,82.7,80.9,81.0,0.3,0.0,1.6,8.33,0.0,4.17,rain,rain,rain,25.6,27.7,29.2,22.3,24.1,18.4,1005.1,1004.6,1005.4,65.6,50.0,64.6,9.2,8.4,9.5,19.2,23.6,23.0,0.28,0.25,0.25,Rain,Cloudy,Rain,0.9077774785329086,0.9488760116444965,0.8171448983351286,-0.4194520824461772,-0.3156490369471024,-0.5764323161697932
2025-05-08,33.6,26.9,79.8,0.0,0.0,rain,29.2,22.3,1002.3,65.3,10.0,24.7,0.35,Cloudy,0.8073707443023492,-0.5900444739548627,0.9033352928633008,-0.42893513340314576,31.2,26.0,24.0,26.4,26.0,25.5,82.2,82.7,80.9,1.2,0.3,0.0,29.17,8.33,0.0,rain,rain,rain,26.6,25.6,27.7,22.3,22.3,24.1,1003.5,1005.1,1004.6,82.7,65.6,50.0,9.8,9.2,8.4,17.0,19.2,23.6,0.32,0.28,0.25,Rain,Rain,Cloudy,0.913545457642601,0.9077774785329086,0.9488760116444965,-0.40673664307580004,-0.4194520824461772,-0.3156490369471024
2025-05-09,33.6,25.8,76.5,2.2,12.5,rain,33.8,18.4,1004.8,61.8,10.0,20.6,0.38,Rain,0.7971015927871943,-0.6038452208771035,0.99556196460308,0.09410831331851428,33.6,31.2,26.0,26.9,26.4,26.0,79.8,82.2,82.7,0.0,1.2,0.3,0.0,29.17,8.33,rain,rain,rain,29.2,26.6,25.6,22.3,22.3,22.3,1002.3,1003.5,1005.1,65.3,82.7,65.6,10.0,9.8,9.2,24.7,17.0,19.2,0.35,0.32,0.28,Cloudy,Rain,Rain,0.9033352928633008,0.913545457642601,0.9077774785329086,-0.42893513340314576,-0.40673664307580004,-0.4194520824461772
2025-05-10,23.3,23.9,81.6,4.4,4.17,rain,38.5,20.5,1008.3,94.1,9.5,15.5,0.42,Rain,0.7865965660866021,-0.6174672802835514,0.9420574527872968,0.33545156975025486,33.6,33.6,31.2,25.8,26.9,26.4,76.5,79.8,82.2,2.2,0.0,1.2,12.5,0.0,29.17,rain,rain,rain,33.8,29.2,26.6,18.4,22.3,22.3,1004.8,1002.3,1003.5,61.8,65.3,82.7,10.0,10.0,9.8,20.6,24.7,17.0,0.38,0.35,0.32,Rain,Cloudy,Rain,0.99556196460308,0.9033352928633008,0.913545457642601,0.09410831331851428,-0.42893513340314576,-0.40673664307580004
2025-05-11,21.0,18.6,74.3,50.3,4.17,rain,41.0,18.4,1012.3,47.5,10.8,11.0,0.45,Rain,0.7758587728069828,-0.6309066211876704,0.05756402695956728,0.9983418166140283,23.3,33.6,33.6,23.9,25.8,26.9,81.6,76.5,79.8,4.4,2.2,0.0,4.17,12.5,0.0,rain,rain,rain,38.5,33.8,29.2,20.5,18.4,22.3,1008.3,1004.8,1002.3,94.1,61.8,65.3,9.5,10.0,10.0,15.5,20.6,24.7,0.42,0.38,0.35,Rain,Rain,Cloudy,0.9420574527872968,0.99556196460308,0.9033352928633008,0.33545156975025486,0.09410831331851428,-0.42893513340314576
2025-05-12,19.0,16.8,62.5,0.0,0.0,noprecip,22.3,22.3,1010.4,14.2,11.4,27.8,0.5,Clear,0.7648913904341226,-0.6441592666722685,0.9291325715340562,-0.36974675727382944,21.0,23.3,33.6,18.6,23.9,25.8,74.3,81.6,76.5,50.3,4.4,2.2,4.17,4.17,12.5,rain,rain,rain,41.0,38.5,33.8,18.4,20.5,18.4,1012.3,1008.3,1004.8,47.5,94.1,61.8,10.8,9.5,10.0,11.0,15.5,20.6,0.45,0.42,0.38,Rain,Rain,Rain,0.05756402695956728,0.9420574527872968,0.99556196460308,0.9983418166140283,0.33545156975025486,0.09410831331851428
2025-05-13,22.0,20.4,70.8,0.0,0.0,noprecip,29.5,24.1,1009.9,23.1,10.7,20.2,0.52,Cloudy,0.753697664392914,-0.6572212950663319,0.8754645270000179,-0.48328238325500245,19.0,21.0,23.3,16.8,18.6,23.9,62.5,74.3,81.6,0.0,50.3,4.4,0.0,4.17,4.17,noprecip,rain,rain,22.3,41.0,38.5,22.3,18.4,20.5,1010.4,1012.3,1008.3,14.2,47.5,94.1,11.4,10.8,9.5,27.8,11.0,15.5,0.5,0.45,0.42,Clear,Rain,Rain,0.9291325715340562,0.05756402695956728,0.9420574527872968,-0.36974675727382944,0.9983418166140283,0.33545156975025486
2025-05-14,25.0,24.3,83.1,0.2,8.33,rain,25.6,14.8,1010.1,73.9,9.2,16.9,0.55,Rain,0.742280907086982,-0.6700888411055113,0.8917975296052141,-0.45243470931178276,22.0,19.0,21.0,20.4,16.8,18.6,70.8,62.5,74.3,0.0,0.0,50.3,0.0,0.0,4.17,noprecip,noprecip,rain,29.5,22.3,41.0,24.1,22.3,18.4,1009.9,1010.4,1012.3,23.1,14.2,47.5,10.7,11.4,10.8,20.2,27.8,11.0,0.52,0.5,0.45,Cloudy,Clear,Rain,0.8754645270000179,0.9291325715340562,0.05756402695956728,-0.48328238325500245,-0.36974675727382944,0.9983418166140283
2025-05-15,25.0,25.0,84.7,3.6,29.17,rain,23.8,18.4,1009.5,68.9,9.3,11.9,0.59,Rain,0.7306444969184916,-0.6827580970759147,0.8517269341430477,-0.523985905970079,25.0,22.0,19.0,24.3,20.4,16.8,83.1,70.8,62.5,0.2,0.0,0.0,8.33,0.0,0.0,rain,noprecip,noprecip,25.6,29.5,22.3,14.8,24.1,22.3,1010.1,1009.9,1010.4,73.9,23.1,14.2,9.2,10.7,11.4,16.9,20.2,27.8,0.55,0.52,0.5,Rain,Cloudy,Clear,0.8917975296052141,0.8754645270000179,0.9291325715340562,-0.45243470931178276,-0.48328238325500245,-0.36974675727382944
2025-05-16,25.0,25.2,85.0,0.2,4.17,rain,21.2,18.4,1008.4,76.7,9.3,9.5,0.62,Rain,0.7187918772884232,-0.6952253139408722,0.7021530529951622,-0.7120260459909967,25.0,25.0,22.0,25.0,24.3,20.4,84.7,83.1,70.8,3.6,0.2,0.0,29.17,8.33,0.0,rain,rain,noprecip,23.8,25.6,29.5,18.4,14.8,24.1,1009.5,1010.1,1009.9,68.9,73.9,23.1,9.3,9.2,10.7,11.9,16.9,20.2,0.59,0.55,0.52,Rain,Rain,Cloudy,0.8517269341430477,0.8917975296052141,0.8754645270000179,-0.523985905970079,-0.45243470931178276,-0.48328238325500245
2025-05-17,24.0,25.3,86.3,10.2,4.17,rain,25.9,22.3,1008.2,71.7,9.3,10.7,0.66,Rain,0.7067265555776158,-0.7074868024503348,0.7836934573258398,-0.6211477802783103,25.0,25.0,25.0,25.2,25.0,24.3,85.0,84.7,83.1,0.2,3.6,0.2,4.17,29.17,8.33,rain,rain,rain,21.2,23.8,25.6,18.4,18.4,14.8,1008.4,1009.5,1010.1,76.7,68.9,73.9,9.3,9.3,9.2,9.5,11.9,16.9,0.62,0.59,0.55,Rain,Rain,Rain,0.7021530529951622,0.8517269341430477,0.8917975296052141,-0.7120260459909967,-0.523985905970079,-0.45243470931178276
2025-05-18,25.5,25.2,81.8,5.0,4.17,rain,26.3,14.8,1007.8,58.3,10.0,12.6,0.69,Rain,0.6944521021088763,-0.719538934232584,0.8737722230354653,-0.4863353804234904,24.0,25.0,25.0,25.3,25.2,25.0,86.3,85.0,84.7,10.2,0.2,3.6,4.17,4.17,29.17,rain,rain,rain,25.9,21.2,23.8,22.3,18.4,18.4,1008.2,1008.4,1009.5,71.7,76.7,68.9,9.3,9.3,9.3,10.7,9.5,11.9,0.66,0.62,0.59,Rain,Rain,Rain,0.7836934573258398,0.7021530529951622,0.8517269341430477,-0.6211477802783103,-0.7120260459909967,-0.523985905970079
2025-05-19,24.0,25.1,87.0,1.2,4.17,rain,25.2,18.4,1007.0,86.8,9.5,12.1,0.73,Rain,0.6819721490904629,-0.7313781428679254,0.9617413095492113,-0.27395921869243245,25.5,24.0,25.0,25.2,25.3,25.2,81.8,86.3,85.0,5.0,10.2,0.2,4.17,4.17,4.17,rain,rain,rain,26.3,25.9,21.2,14.8,22.3,18.4,1007.8,1008.2,1008.4,58.3,71.7,76.7,10.0,9.3,9.3,12.6,10.7,9.5,0.69,0.66,0.62,Rain,Rain,Rain,0.8737722230354653,0.7836934573258398,0.7021530529951622,-0.4863353804234904,-0.6211477802783103,-0.7120260459909967
2025-05-20,31.2,26.4,84.5,11.2,4.17,rain,32.0,22.3,1004.9,70.8,8.9,20.7,0.75,Rain,0.6692903895412567,-0.7430009249440493,0.8338858220671682,-0.5519369853120581,24.0,25.5,24.0,25.1,25.2,25.3,87.0,81.8,86.3,1.2,5.0,10.2,4.17,4.17,4.17,rain,rain,rain,25.2,26.3,25.9,18.4,14.8,22.3,1007.0,1007.8,1008.2,86.8,58.3,71.7,9.5,10.0,9.3,12.1,12.6,10.7,0.73,0.69,0.66,Rain,Rain,Rain,0.9617413095492113,0.8737722230354653,0.7836934573258398,-0.27395921869243245,-0.4863353804234904,-0.6211477802783103
2025-05-21,30.1,26.3,84.3,37.0,4.17,rain,30.6,27.7,1005.2,56.5,9.5,22.0,0.79,Rain,0.6564105761979381,-0.7544038410927472,0.8625136692072574,-0.506033764121164,31.2,24.0,25.5,26.4,25.1,25.2,84.5,87.0,81.8,11.2,1.2,5.0,4.17,4.17,4.17,rain,rain,rain,32.0,25.2,26.3,22.3,18.4,14.8,1004.9,1007.0,1007.8,70.8,86.8,58.3,8.9,9.5,10.0,20.7,12.1,12.6,0.75,0.73,0.69,Rain,Rain,Rain,0.8338858220671682,0.9617413095492113,0.8737722230354653,-0.5519369853120581,-0.27395921869243245,-0.4863353804234904
2025-05-22,26.0,25.8,80.9,0.2,8.33,rain,27.0,22.3,1004.3,55.6,9.9,17.2,0.83,Rain,0.6433365204044917,-0.765583517007675,0.8480480961564261,-0.5299192642332048,30.1,31.2,24.0,26.3,26.4,25.1,84.3,84.5,87.0,37.0,11.2,1.2,4.17,4.17,4.17,rain,rain,rain,30.6,32.0,25.2,27.7,22.3,18.4,1005.2,1004.9,1007.0,56.5,70.8,86.8,9.5,8.9,9.5,22.0,20.7,12.1,0.79,0.75,0.73,Rain,Rain,Rain,0.8625136692072574,0.8338858220671682,0.9617413095492113,-0.506033764121164,-0.5519369853120581,-0.27395921869243245
2025-05-23,24.0,25.3,92.9,41.0,4.17,rain,22.0,16.3,1005.6,74.0,9.5,9.8,0.86,Rain,0.6300720909843687,-0.7765366444428655,0.9980267284282716,0.06279051952931353,26.0,30.1,31.2,25.8,26.3,26.4,80.9,84.3,84.5,0.2,37.0,11.2,8.33,4.17,4.17,rain,rain,rain,27.0,30.6,32.0,22.3,27.7,22.3,1004.3,1005.2,1004.9,55.6,56.5,70.8,9.9,9.5,8.9,17.2,22.0,20.7,0.83,0.79,0.75,Rain,Rain,Rain,0.8480480961564261,0.8625136692072574,0.8338858220671682,-0.5299192642332048,-0.506033764121164,-0.5519369853120581
2025-05-24,22.0,22.3,87.9,45.0,12.5,rain,33.1,16.6,1010.6,90.5,9.1,5.6,0.9,Rain,0.6166212130956382,-0.7872599821916922,-0.07323819712763181,0.9973144772244581,24.0,26.0,30.1,25.3,25.8,26.3,92.9,80.9,84.3,41.0,0.2,37.0,4.17,8.33,4.17,rain,rain,rain,22.0,27.0,30.6,16.3,22.3,27.7,1005.6,1004.3,1005.2,74.0,55.6,56.5,9.5,9.9,9.5,9.8,17.2,22.0,0.86,0.83,0.79,Rain,Rain,Rain,0.9980267284282716,0.8480480961564261,0.8625136692072574,0.06279051952931353,-0.5299192642332048,-0.506033764121164
2025-05-25,20.0,19.3,78.6,7.7,4.17,rain,29.9,24.1,1014.7,77.3,9.3,6.0,0.93,Rain,0.6029878670694714,-0.7977503570459932,0.07149744433268591,0.997440782930944,22.0,24.0,26.0,22.3,25.3,25.8,87.9,92.9,80.9,45.0,41.0,0.2,12.5,4.17,8.33,rain,rain,rain,33.1,22.0,27.0,16.6,16.3,22.3,1010.6,1005.6,1004.3,90.5,74.0,55.6,9.1,9.5,9.9,5.6,9.8,17.2,0.9,0.86,0.83,Rain,Rain,Rain,-0.07323819712763181,0.9980267284282716,0.8480480961564261,0.9973144772244581,0.06279051952931353,-0.5299192642332048
2025-05-26,22.0,18.8,69.0,0.0,0.0,noprecip,22.7,13.0,1014.2,56.4,10.0,11.7,0.97,Cloudy,0.5891760872322963,-0.8080046647350754,0.3794561595290051,0.9252097183857821,20.0,22.0,24.0,19.3,22.3,25.3,78.6,87.9,92.9,7.7,45.0,41.0,4.17,12.5,4.17,rain,rain,rain,29.9,33.1,22.0,24.1,16.6,16.3,1014.7,1010.6,1005.6,77.3,90.5,74.0,9.3,9.1,9.5,6.0,5.6,9.8,0.93,0.9,0.86,Rain,Rain,Rain,0.07149744433268591,-0.07323819712763181,0.9980267284282716,0.997440782930944,0.9973144772244581,0.06279051952931353
2025-05-27,23.0,21.5,83.8,7.6,37.5,rain,33.5,9.4,1011.6,98.3,8.6,3.9,0.0,Rain,0.5751899607119775,-0.8180198708443175,-0.4939418665842318,0.8694949295052186,22.0,20.0,22.0,18.8,19.3,22.3,69.0,78.6,87.9,0.0,7.7,45.0,0.0,4.17,12.5,noprecip,rain,rain,22.7,29.9,33.1,13.0,24.1,16.6,1014.2,1014.7,1010.6,56.4,77.3,90.5,10.0,9.3,9.1,11.7,6.0,5.6,0.97,0.93,0.9,Cloudy,Rain,Rain,0.3794561595290051,0.07149744433268591,-0.07323819712763181,0.9252097183857821,0.997440782930944,0.9973144772244581
2025-05-28,23.0,23.9,84.1,1.3,4.17,rain,24.1,20.5,1007.8,75.9,7.8,17.6,0.04,Rain,0.5610336262283677,-0.8277930117131022,0.7132504491541816,-0.7009092642998509,23.0,22.0,20.0,21.5,18.8,19.3,83.8,69.0,78.6,7.6,0.0,7.7,37.5,0.0,4.17,rain,noprecip,rain,33.5,22.7,29.9,9.4,13.0,24.1,1011.6,1014.2,1014.7,98.3,56.4,77.3,8.6,10.0,9.3,3.9,11.7,6.0,0.0,0.97,0.93,Rain,Cloudy,Rain,-0.4939418665842318,0.3794561595290051,0.07149744433268591,0.8694949295052186,0.9252097183857821,0.997440782930944
2025-05-29,24.7,24.5,87.3,3.8,4.17,rain,32.0,24.1,1007.2,87.9,8.4,9.5,0.07,Rain,0.5467112728685939,-0.8373211953118121,0.7360970871197343,0.6768759696826608,23.0,23.0,22.0,23.9,21.5,18.8,84.1,83.8,69.0,1.3,7.6,0.0,4.17,37.5,0.0,rain,rain,noprecip,24.1,33.5,22.7,20.5,9.4,13.0,1007.8,1011.6,1014.2,75.9,98.3,56.4,7.8,8.6,10.0,17.6,3.9,11.7,0.04,0.0,0.97,Rain,Rain,Cloudy,0.7132504491541816,-0.4939418665842318,0.3794561595290051,-0.7009092642998509,0.8694949295052186,0.9252097183857821
2025-05-30,23.0,24.0,86.6,6.3,4.17,rain,19.1,16.6,1007.3,88.0,9.7,6.9,0.1,Rain,0.5322271388474397,-0.8466016020976267,0.999925369660452,0.012217000835247358,24.7,23.0,23.0,24.5,23.9,21.5,87.3,84.1,83.8,3.8,1.3,7.6,4.17,4.17,37.5,rain,rain,rain,32.0,24.1,33.5,24.1,20.5,9.4,1007.2,1007.8,1011.6,87.9,75.9,98.3,8.4,7.8,8.6,9.5,17.6,3.9,0.07,0.04,0.0,Rain,Rain,Rain,0.7360970871197343,0.7132504491541816,-0.4939418665842318,0.6768759696826608,-0.7009092642998509,0.8694949295052186
2025-05-31,26.0,26.1,82.7,0.0,0.0,rain,31.0,22.3,1003.8,74.0,10.2,20.6,0.13,Cloudy,0.5175855102531889,-0.8556314858488706,0.8319541221304825,-0.5548444274479994,23.0,24.7,23.0,24.0,24.5,23.9,86.6,87.3,84.1,6.3,3.8,1.3,4.17,4.17,4.17,rain,rain,rain,19.1,32.0,24.1,16.6,24.1,20.5,1007.3,1007.2,1007.8,88.0,87.9,75.9,9.7,8.4,7.8,6.9,9.5,17.6,0.1,0.07,0.04,Rain,Rain,Rain,0.999925369660452,0.7360970871197343,0.7132504491541816,0.012217000835247358,0.6768759696826608,-0.7009092642998509
2025-06-01,31.2,25.3,67.5,0.0,0.0,noprecip,36.7,25.9,999.4,14.5,12.1,26.1,0.17,Clear,0.5027907197793043,-0.8644081744776648,-0.8633955506067716,-0.5045276238150194,26.0,23.0,24.7,26.1,24.0,24.5,82.7,86.6,87.3,0.0,6.3,3.8,0.0,4.17,4.17,rain,rain,rain,31.0,19.1,32.0,22.3,16.6,24.1,1003.8,1007.3,1007.2,74.0,88.0,87.9,10.2,9.7,8.4,20.6,6.9,9.5,0.13,0.1,0.07,Cloudy,Rain,Rain,0.8319541221304825,0.999925369660452,0.7360970871197343,-0.5548444274479994,0.012217000835247358,0.6768759696826608
2025-06-02,36.6,25.0,58.3,2.0,12.5,rain,29.5,20.5,999.0,19.0,11.6,25.5,0.2,Rain,0.4878471454423119,-0.8729290708206411,-0.9999025240093042,-0.013962180339145475,31.2,26.0,23.0,25.3,26.1,24.0,67.5,82.7,86.6,0.0,0.0,6.3,0.0,0.0,4.17,noprecip,rain,rain,36.7,31.0,19.1,25.9,22.3,16.6,999.4,1003.8,1007.3,14.5,74.0,88.0,12.1,10.2,9.7,26.1,20.6,6.9,0.17,0.13,0.1,Clear,Cloudy,Rain,-0.8633955506067716,0.8319541221304825,0.999925369660452,-0.5045276238150194,-0.5548444274479994,0.012217000835247358
2025-06-03,26.6,25.0,74.0,15.1,4.17,rain,29.5,16.6,1003.2,62.9,10.0,13.6,0.25,Rain,0.47275920928627757,-0.881191653407483,0.9025852843498605,0.43051109680829525,36.6,31.2,26.0,25.0,25.3,26.1,58.3,67.5,82.7,2.0,0.0,0.0,12.5,0.0,0.0,rain,noprecip,rain,29.5,36.7,31.0,20.5,25.9,22.3,999.0,999.4,1003.8,19.0,14.5,74.0,11.6,12.1,10.2,25.5,26.1,20.6,0.2,0.17,0.13,Rain,Clear,Cloudy,-0.9999025240093042,-0.8633955506067716,0.8319541221304825,-0.013962180339145475,-0.5045276238150194,-0.5548444274479994
2025-06-04,26.0,25.2,81.9,10.9,4.17,rain,20.2,13.0,1006.2,70.6,9.6,14.6,0.27,Rain,0.4575313760742512,-0.8891934772070711,0.8007313709487335,0.5990235985155858,26.6,36.6,31.2,25.0,25.0,25.3,74.0,58.3,67.5,15.1,2.0,0.0,4.17,12.5,0.0,rain,rain,noprecip,29.5,29.5,36.7,16.6,20.5,25.9,1003.2,999.0,999.4,62.9,19.0,14.5,10.0,11.6,12.1,13.6,25.5,26.1,0.25,0.2,0.17,Rain,Rain,Clear,0.9025852843498605,-0.9999025240093042,-0.8633955506067716,0.43051109680829525,-0.013962180339145475,-0.5045276238150194
2025-06-05,26.0,26.0,81.3,2.5,20.83,rain,24.1,22.3,1006.6,55.0,9.6,17.1,0.3,Rain,0.44216815196707204,-0.8969321743510065,0.3518416484047018,-0.9360595357389733,26.0,26.6,36.6,25.2,25.0,25.0,81.9,74.0,58.3,10.9,15.1,2.0,4.17,4.17,12.5,rain,rain,rain,20.2,29.5,29.5,13.0,16.6,20.5,1006.2,1003.2,999.0,70.6,62.9,19.0,9.6,10.0,11.6,14.6,13.6,25.5,0.27,0.25,0.2,Rain,Rain,Rain,0.8007313709487335,0.9025852843498605,-0.9999025240093042,0.5990235985155858,0.43051109680829525,-0.013962180339145475
2025-06-06,33.6,26.8,81.3,1.3,12.5,rain,28.1,20.5,1005.6,53.4,10.0,20.1,0.33,Rain,0.42667408318992467,-0.9044054548343001,0.8796485728666166,-0.475624209070275,26.0,26.0,26.6,26.0,25.2,25.0,81.3,81.9,74.0,2.5,10.9,15.1,20.83,4.17,4.17,rain,rain,rain,24.1,20.2,29.5,22.3,13.0,16.6,1006.6,1006.2,1003.2,55.0,70.6,62.9,9.6,9.6,10.0,17.1,14.6,13.6,0.3,0.27,0.25,Rain,Rain,Rain,0.3518416484047018,0.8007313709487335,0.9025852843498605,-0.9360595357389733,0.5990235985155858,0.43051109680829525
2025-06-07,30.6,26.9,84.8,18.8,4.17,rain,22.0,18.4,1004.6,70.9,10.0,20.5,0.36,Rain,0.4110537546870351,-0.9116111071930239,0.9184463813430872,-0.3955455025629649,33.6,26.0,26.0,26.8,26.0,25.2,81.3,81.3,81.9,1.3,2.5,10.9,12.5,20.83,4.17,rain,rain,rain,28.1,24.1,20.2,20.5,22.3,13.0,1005.6,1006.6,1006.2,53.4,55.0,70.6,10.0,9.6,9.6,20.1,17.1,14.6,0.33,0.3,0.27,Rain,Rain,Rain,0.8796485728666166,0.3518416484047018,0.8007313709487335,-0.475624209070275,-0.9360595357389733,0.5990235985155858
2025-06-08,26.0,26.2,87.7,0.411,4.17,rain,19.8,16.6,1003.8,69.9,9.5,16.0,0.4,Rain,0.3953117887649151,-0.9185469991587165,0.9835714708133859,-0.18051914525055995,30.6,33.6,26.0,26.9,26.8,26.0,84.8,81.3,81.3,18.8,1.3,2.5,4.17,12.5,20.83,rain,rain,rain,22.0,28.1,24.1,18.4,20.5,22.3,1004.6,1005.6,1006.6,70.9,53.4,55.0,10.0,10.0,9.6,20.5,20.1,17.1,0.36,0.33,0.3,Rain,Rain,Rain,0.9184463813430872,0.8796485728666166,0.3518416484047018,-0.3955455025629649,-0.475624209070275,-0.9360595357389733
2025-06-09,25.0,25.0,79.1,0.2,4.17,rain,25.9,11.2,1004.0,53.9,9.9,9.4,0.43,Rain,0.37945284372454435,-0.925211078289358,-0.9895257890689695,-0.14435620100097327,26.0,30.6,33.6,26.2,26.9,26.8,87.7,84.8,81.3,0.411,18.8,1.3,4.17,4.17,12.5,rain,rain,rain,19.8,22.0,28.1,16.6,18.4,20.5,1003.8,1004.6,1005.6,69.9,70.9,53.4,9.5,10.0,10.0,16.0,20.5,20.1,0.4,0.36,0.33,Rain,Rain,Rain,0.9835714708133859,0.9184463813430872,0.8796485728666166,-0.18051914525055995,-0.3955455025629649,-0.475624209070275
2025-06-10,26.0,24.6,83.6,26.5,50.0,rain,33.8,25.9,1005.0,68.9,10.1,6.4,0.46,Rain,0.36348161248290634,-0.9316013725767187,-0.6819983600624983,0.7313537016191707,25.0,26.0,30.6,25.0,26.2,26.9,79.1,87.7,84.8,0.2,0.411,18.8,4.17,4.17,4.17,rain,rain,rain,25.9,19.8,22.0,11.2,16.6,18.4,1004.0,1003.8,1004.6,53.9,69.9,70.9,9.9,9.5,10.0,9.4,16.0,20.5,0.43,0.4,0.36,Rain,Rain,Rain,-0.9895257890689695,0.9835714708133859,0.9184463813430872,-0.14435620100097327,-0.18051914525055995,-0.3955455025629649
2025-06-11,25.0,24.5,78.9,2.2,12.5,rain,33.8,20.5,1004.2,30.5,9.8,23.7,0.5,Rain,0.3474028211842774,-0.9377159910299093,-0.8090169943749476,0.5877852522924729,26.0,25.0,26.0,24.6,25.0,26.2,83.6,79.1,87.7,26.5,0.2,0.411,50.0,4.17,4.17,rain,rain,rain,33.8,25.9,19.8,25.9,11.2,16.6,1005.0,1004.0,1003.8,68.9,53.9,69.9,10.1,9.9,9.5,6.4,9.4,16.0,0.46,0.43,0.4,Rain,Rain,Rain,-0.6819983600624983,-0.9895257890689695,0.9835714708133859,0.7313537016191707,-0.14435620100097327,-0.18051914525055995
2025-06-12,26.0,24.9,77.6,9.0,4.17,rain,35.3,16.6,1003.1,59.7,9.3,13.7,0.53,Rain,0.3312212278016865,-0.9435531242349544,-0.3056953049631061,0.9521293927421386,25.0,26.0,25.0,24.5,24.6,25.0,78.9,83.6,79.1,2.2,26.5,0.2,12.5,50.0,4.17,rain,rain,rain,33.8,33.8,25.9,20.5,25.9,11.2,1004.2,1005.0,1004.0,30.5,68.9,53.9,9.8,10.1,9.9,23.7,6.4,9.4,0.5,0.46,0.43,Rain,Rain,Rain,-0.8090169943749476,-0.6819983600624983,-0.9895257890689695,0.5877852522924729,0.7313537016191707,-0.14435620100097327
2025-06-13,30.7,25.0,75.1,2.0,4.17,rain,39.2,20.5,1002.1,38.8,10.6,13.8,0.57,Rain,0.31494162072895193,-0.9491110448902284,-0.2232501160109518,0.9747611941912216,26.0,25.0,26.0,24.9,24.5,24.6,77.6,78.9,83.6,9.0,2.2,26.5,4.17,12.5,50.0,rain,rain,rain,35.3,33.8,33.8,16.6,20.5,25.9,1003.1,1004.2,1005.0,59.7,30.5,68.9,9.3,9.8,10.1,13.7,23.7,6.4,0.53,0.5,0.46,Rain,Rain,Rain,-0.3056953049631061,-0.8090169943749476,-0.6819983600624983,0.9521293927421386,0.5877852522924729,0.7313537016191707
2025-06-14,33.6,24.8,65.7,0.0,0.0,noprecip,25.9,16.6,1000.8,22.6,9.8,23.6,0.6,Cloudy,0.2985688173637202,-0.9543881083175908,0.5620833778521306,0.8270805742745618,30.7,26.0,25.0,25.0,24.9,24.5,75.1,77.6,78.9,2.0,9.0,2.2,4.17,4.17,12.5,rain,rain,rain,39.2,35.3,33.8,20.5,16.6,20.5,1002.1,1003.1,1004.2,38.8,59.7,30.5,10.6,9.3,9.8,13.8,13.7,23.7,0.57,0.53,0.5,Rain,Rain,Rain,-0.2232501160109518,-0.3056953049631061,-0.8090169943749476,0.9747611941912216,0.9521293927421386,0.5877852522924729
2025-06-15,24.0,26.2,80.4,4.0,4.17,rain,19.4,24.1,1001.9,35.0,10.0,23.7,0.64,Rain,0.2821076626819194,-0.9593827529490743,0.9010770213220916,0.43365908458754443,33.6,30.7,26.0,24.8,25.0,24.9,65.7,75.1,77.6,0.0,2.0,9.0,0.0,4.17,4.17,noprecip,rain,rain,25.9,39.2,35.3,16.6,20.5,16.6,1000.8,1002.1,1003.1,22.6,38.8,59.7,9.8,10.6,9.3,23.6,13.8,13.7,0.6,0.57,0.53,Cloudy,Rain,Rain,0.5620833778521306,-0.2232501160109518,-0.3056953049631061,0.8270805742745618,0.9747611941912216,0.9521293927421386
2025-06-16,25.0,24.9,91.1,9.0,8.33,rain,22.7,13.0,1004.8,83.2,9.7,11.2,0.67,Rain,0.26556302780405594,-0.9640935007889755,0.20620418539662963,0.9785089851017784,24.0,33.6,30.7,26.2,24.8,25.0,80.4,65.7,75.1,4.0,0.0,2.0,4.17,0.0,4.17,rain,noprecip,rain,19.4,25.9,39.2,24.1,16.6,20.5,1001.9,1000.8,1002.1,35.0,22.6,38.8,10.0,9.8,10.6,23.7,23.6,13.8,0.64,0.6,0.57,Rain,Cloudy,Rain,0.9010770213220916,0.5620833778521306,-0.2232501160109518,0.43365908458754443,0.8270805742745618,0.9747611941912216
2025-06-17,26.0,26.1,84.9,1.032,8.33,rain,26.3,18.4,1004.3,63.3,8.0,14.0,0.71,Rain,0.24893980855376657,-0.9685189578512204,0.6896195437356697,-0.7241718614374676,25.0,24.0,33.6,24.9,26.2,24.8,91.1,80.4,65.7,9.0,4.0,0.0,8.33,4.17,0.0,rain,rain,noprecip,22.7,19.4,25.9,13.0,24.1,16.6,1004.8,1001.9,1000.8,83.2,35.0,22.6,9.7,10.0,9.8,11.2,23.7,23.6,0.67,0.64,0.6,Rain,Rain,Cloudy,0.20620418539662963,0.9010770213220916,0.5620833778521306,0.9785089851017784,0.43365908458754443,0.8270805742745618
2025-06-18,30.7,25.7,74.9,2.0,29.17,rain,30.2,20.5,1003.4,33.3,9.9,13.7,0.74,Rain,0.23224292400907015,-0.9726578145718654,0.5150380749100544,-0.8571673007021122,26.0,25.0,24.0,26.1,24.9,26.2,84.9,91.1,80.4,1.032,9.0,4.0,8.33,8.33,4.17,rain,rain,rain,26.3,22.7,19.4,18.4,13.0,24.1,1004.3,1004.8,1001.9,63.3,83.2,35.0,8.0,9.7,10.0,14.0,11.2,23.7,0.71,0.67,0.64,Rain,Rain,Rain,0.6896195437356697,0.20620418539662963,0.9010770213220916,-0.7241718614374676,0.9785089851017784,0.43365908458754443
2025-06-19,35.7,26.5,78.2,0.1,4.17,rain,38.2,18.4,1002.9,57.5,9.2,20.3,0.75,Rain,0.21547731504673012,-0.976508846196619,0.6639262126522417,-0.7477980904985317,30.7,26.0,25.0,25.7,26.1,24.9,74.9,84.9,91.1,2.0,1.032,9.0,29.17,8.33,8.33,rain,rain,rain,30.2,26.3,22.7,20.5,18.4,13.0,1003.4,1004.3,1004.8,33.3,63.3,83.2,9.9,8.0,9.7,13.7,14.0,11.2,0.74,0.71,0.67,Rain,Rain,Rain,0.5150380749100544,0.6896195437356697,0.20620418539662963,-0.8571673007021122,-0.7241718614374676,0.9785089851017784
2025-06-20,33.6,26.5,81.0,1.7,16.67,rain,29.2,18.4,1003.1,62.8,9.9,14.6,0.81,Rain,0.19864794288017112,-0.9800709131432666,0.8461931661275642,-0.5328762760707296,35.7,30.7,26.0,26.5,25.7,26.1,78.2,74.9,84.9,0.1,2.0,1.032,4.17,29.17,8.33,rain,rain,rain,38.2,30.2,26.3,18.4,20.5,18.4,1002.9,1003.4,1004.3,57.5,33.3,63.3,9.2,9.9,8.0,20.3,13.7,14.0,0.75,0.74,0.71,Rain,Rain,Rain,0.6639262126522417,0.5150380749100544,0.6896195437356697,-0.7477980904985317,-0.8571673007021122,-0.7241718614374676
2025-06-21,24.0,26.1,91.2,19.5,8.33,rain,24.1,22.3,1004.4,81.4,8.8,11.9,0.85,Rain,0.18175978759137534,-0.9833429613388902,0.9593139745400575,-0.28234145684287654,33.6,35.7,30.7,26.5,26.5,25.7,81.0,78.2,74.9,1.7,0.1,2.0,16.67,4.17,29.17,rain,rain,rain,29.2,38.2,30.2,18.4,18.4,20.5,1003.1,1002.9,1003.4,62.8,57.5,33.3,9.9,9.2,9.9,14.6,20.3,13.7,0.81,0.75,0.74,Rain,Rain,Rain,0.8461931661275642,0.6639262126522417,0.5150380749100544,-0.5328762760707296,-0.7477980904985317,-0.8571673007021122
