datetime,temp,feelslike,dew,humidity,precip,precipcover,preciptype,windgust,windspeed,winddir,sealevelpressure,cloudcover,visibility,solarradiation,moonphase,conditions,day_of_year_sin,day_of_year_cos,temp_lag_1,temp_lag_2,temp_lag_3,feelslike_lag_1,feelslike_lag_2,feelslike_lag_3,dew_lag_1,dew_lag_2,dew_lag_3,humidity_lag_1,humidity_lag_2,humidity_lag_3,precip_lag_1,precip_lag_2,precip_lag_3,precipcover_lag_1,precipcover_lag_2,precipcover_lag_3,preciptype_lag_1,preciptype_lag_2,preciptype_lag_3,windgust_lag_1,windgust_lag_2,windgust_lag_3,windspeed_lag_1,windspeed_lag_2,windspeed_lag_3,winddir_lag_1,winddir_lag_2,winddir_lag_3,sealevelpressure_lag_1,sealevelpressure_lag_2,sealevelpressure_lag_3,cloudcover_lag_1,cloudcover_lag_2,cloudcover_lag_3,visibility_lag_1,visibility_lag_2,visibility_lag_3,solarradiation_lag_1,solarradiation_lag_2,solarradiation_lag_3
2020-01-04,21.4,21.4,19.2,87.3,6.948,8.33,rain,30.2,21.4,102.8,1018.5,67.2,6.7,82.3,0.29,Rain,0.06875540848113941,0.9976335468520451,22.6,21.6,21.1,22.6,21.6,21.1,18.5,18.4,17.4,78.0,82.5,79.9,0.8,0.198,0.198,33.33,8.33,4.17,rain,rain,rain,29.9,21.6,14.8,19.4,15.7,10.3,130.2,92.7,136.1,1020.2,1022.2,1023.8,73.2,70.7,83.9,8.9,5.3,5.7,94.3,68.3,54.1
2020-01-05,21.3,21.3,19.2,88.1,2.969,8.33,rain,34.9,16.6,128.5,1017.4,69.9,6.0,112.1,0.32,Rain,0.08590610426133272,0.9963032375991965,21.4,22.6,21.6,21.4,22.6,21.6,19.2,18.5,18.4,87.3,78.0,82.5,6.948,0.8,0.198,8.33,33.33,8.33,rain,rain,rain,30.2,29.9,21.6,21.4,19.4,15.7,102.8,130.2,92.7,1018.5,1020.2,1022.2,67.2,73.2,70.7,6.7,8.9,5.3,82.3,94.3,68.3
2020-01-06,22.6,22.6,19.0,81.2,0.7,16.67,rain,40.3,23.2,125.5,1016.0,58.1,7.5,124.4,0.35,Rain,0.10303137904317879,0.9946781061893646,21.3,21.4,22.6,21.3,21.4,22.6,19.2,19.2,18.5,88.1,87.3,78.0,2.969,6.948,0.8,8.33,8.33,33.33,rain,rain,rain,34.9,30.2,29.9,16.6,21.4,19.4,128.5,102.8,130.2,1017.4,1018.5,1020.2,69.9,67.2,73.2,6.0,6.7,8.9,112.1,82.3,94.3
2020-01-07,22.2,22.2,19.9,87.4,2.869,8.33,rain,18.4,13.0,96.7,1016.2,70.3,5.6,71.8,0.38,Rain,0.1201261651823505,0.9927586335250793,22.6,21.3,21.4,22.6,21.3,21.4,19.0,19.2,19.2,81.2,88.1,87.3,0.7,2.969,6.948,16.67,8.33,8.33,rain,rain,rain,40.3,34.9,30.2,23.2,16.6,21.4,125.5,128.5,102.8,1016.0,1017.4,1018.5,58.1,69.9,67.2,7.5,6.0,6.7,124.4,112.1,82.3
2020-01-08,23.4,23.6,18.9,77.0,1.2,29.17,rain,32.4,25.0,127.2,1016.4,44.0,8.0,114.0,0.42,Rain,0.13718540405660057,0.9905453876091833,22.2,22.6,21.3,22.2,22.6,21.3,19.9,19.0,19.2,87.4,81.2,88.1,2.869,0.7,2.969,8.33,16.67,8.33,rain,rain,rain,18.4,40.3,34.9,13.0,23.2,16.6,96.7,125.5,128.5,1016.2,1016.0,1017.4,70.3,58.1,69.9,5.6,7.5,6.0,71.8,124.4,112.1
2020-01-09,23.6,23.8,19.0,76.3,0.001,4.17,rain,32.4,16.6,119.2,1014.7,68.1,8.3,137.5,0.45,Rain,0.1542040475626894,0.988039023376751,23.4,22.2,22.6,23.6,22.2,22.6,18.9,19.9,19.0,77.0,87.4,81.2,1.2,2.869,0.7,29.17,8.33,16.67,rain,rain,rain,32.4,18.4,40.3,25.0,13.0,23.2,127.2,96.7,125.5,1016.4,1016.2,1016.0,44.0,70.3,58.1,8.0,5.6,7.5,114.0,71.8,124.4
2020-01-10,24.0,24.2,18.8,74.5,0.0,0.0,noprecip,33.8,19.4,136.6,1013.1,52.5,8.5,122.4,0.48,Cloudy,0.17117705961019986,0.985240282501282,23.6,23.4,22.2,23.8,23.6,22.2,19.0,18.9,19.9,76.3,77.0,87.4,0.001,1.2,2.869,4.17,29.17,8.33,rain,rain,rain,32.4,32.4,18.4,16.6,25.0,13.0,119.2,127.2,96.7,1014.7,1016.4,1016.2,68.1,44.0,70.3,8.3,8.0,5.6,137.5,114.0,71.8
2020-01-11,21.4,21.4,17.6,79.7,1.6,37.5,rain,50.4,26.8,78.6,1014.1,73.0,7.8,118.2,0.5,Rain,0.18809941761179758,0.9821499931752291,24.0,23.6,23.4,24.2,23.8,23.6,18.8,19.0,18.9,74.5,76.3,77.0,0.0,0.001,1.2,0.0,4.17,29.17,noprecip,rain,rain,33.8,32.4,32.4,19.4,16.6,25.0,136.6,119.2,127.2,1013.1,1014.7,1016.4,52.5,68.1,44.0,8.5,8.3,8.0,122.4,137.5,114.0
2020-01-12,16.4,16.4,10.6,68.8,0.933,4.17,rain,21.2,19.4,23.0,1017.7,88.9,10.0,48.7,0.55,Rain,0.20496611396949532,0.9787690698649216,21.4,24.0,23.6,21.4,24.2,23.8,17.6,18.8,19.0,79.7,74.5,76.3,1.6,0.0,0.001,37.5,0.0,4.17,rain,noprecip,rain,50.4,33.8,32.4,26.8,19.4,16.6,78.6,136.6,119.2,1014.1,1013.1,1014.7,73.0,52.5,68.1,7.8,8.5,8.3,118.2,122.4,137.5
2020-01-13,16.6,16.6,14.3,86.7,0.297,4.17,rain,17.6,10.3,32.8,1015.7,81.5,5.0,52.5,0.59,Rain,0.22177215755648186,0.975098513039961,16.4,21.4,24.0,16.4,21.4,24.2,10.6,17.6,18.8,68.8,79.7,74.5,0.933,1.6,0.0,4.17,37.5,0.0,rain,rain,noprecip,21.2,50.4,33.8,19.4,26.8,19.4,23.0,78.6,136.6,1017.7,1014.1,1013.1,88.9,73.0,52.5,10.0,7.8,8.5,48.7,118.2,122.4
2020-01-14,19.3,19.3,17.2,87.9,0.297,4.17,rain,25.9,11.1,330.0,1014.7,75.0,3.3,66.9,0.62,Rain,0.23851257519407648,0.9711394088771653,16.6,16.4,21.4,16.6,16.4,21.4,14.3,10.6,17.6,86.7,68.8,79.7,0.297,0.933,1.6,4.17,4.17,37.5,rain,rain,rain,17.6,21.2,50.4,10.3,19.4,26.8,32.8,23.0,78.6,1015.7,1017.7,1014.1,81.5,88.9,73.0,5.0,10.0,7.8,52.5,48.7,118.2
2020-01-15,22.7,22.7,19.0,80.2,0.4,16.67,rain,49.0,25.9,133.1,1012.9,62.3,8.4,98.3,0.66,Rain,0.2551824131233728,0.9668929289391521,19.3,16.6,16.4,19.3,16.6,16.4,17.2,14.3,10.6,87.9,86.7,68.8,0.297,0.297,0.933,4.17,4.17,4.17,rain,rain,rain,25.9,17.6,21.2,11.1,10.3,19.4,330.0,32.8,23.0,1014.7,1015.7,1017.7,75.0,81.5,88.9,3.3,5.0,10.0,66.9,52.5,48.7
2020-01-16,22.8,22.8,18.9,78.8,3.4,33.33,rain,38.9,22.3,103.4,1014.9,70.5,9.1,103.7,0.69,Rain,0.2717767384711357,0.9623603298276545,22.7,19.3,16.6,22.7,19.3,16.6,19.0,17.2,14.3,80.2,87.9,86.7,0.4,0.297,0.297,16.67,4.17,4.17,rain,rain,rain,49.0,25.9,17.6,25.9,11.1,10.3,133.1,330.0,32.8,1012.9,1014.7,1015.7,62.3,75.0,81.5,8.4,3.3,5.0,98.3,66.9,52.5
2020-01-17,16.2,16.2,12.3,77.7,0.002,4.17,rain,19.8,22.3,39.0,1019.1,86.6,8.9,34.0,0.75,Rain,0.2882906407095177,0.9575429528116719,22.8,22.7,19.3,22.8,22.7,19.3,18.9,19.0,17.2,78.8,80.2,87.9,3.4,0.4,0.297,33.33,16.67,4.17,rain,rain,rain,38.9,49.0,25.9,22.3,25.9,11.1,103.4,133.1,330.0,1014.9,1012.9,1014.7,70.5,62.3,75.0,9.1,8.4,3.3,103.7,98.3,66.9
2020-01-18,15.1,15.1,13.5,91.0,0.397,4.17,rain,16.2,13.0,42.8,1017.9,78.1,4.6,39.9,0.76,Rain,0.3047192331091634,0.9524422234305676,16.2,22.8,22.7,16.2,22.8,22.7,12.3,18.9,19.0,77.7,78.8,80.2,0.002,3.4,0.4,4.17,33.33,16.67,rain,rain,rain,19.8,38.9,49.0,22.3,22.3,25.9,39.0,103.4,133.1,1019.1,1014.9,1012.9,86.6,70.5,62.3,8.9,9.1,8.4,34.0,103.7,98.3
2020-01-19,14.9,14.9,11.3,79.7,0.303,8.33,rain,22.0,17.5,22.0,1020.4,81.6,9.2,38.0,0.8,Rain,0.321057654185271,0.9470596510722283,15.1,16.2,22.8,15.1,16.2,22.8,13.5,12.3,18.9,91.0,77.7,78.8,0.397,0.002,3.4,4.17,4.17,33.33,rain,rain,rain,16.2,19.8,38.9,13.0,22.3,22.3,42.8,39.0,103.4,1017.9,1019.1,1014.9,78.1,86.6,70.5,4.6,8.9,9.1,39.9,34.0,103.7
2020-01-20,14.4,14.4,12.6,89.5,0.3,12.5,rain,13.7,10.3,34.3,1020.3,75.1,5.7,45.5,0.83,Rain,0.3373010691361842,0.9413968285264122,14.9,15.1,16.2,14.9,15.1,16.2,11.3,13.5,12.3,79.7,91.0,77.7,0.303,0.397,0.002,8.33,4.17,4.17,rain,rain,rain,22.0,16.2,19.8,17.5,13.0,22.3,22.0,42.8,39.0,1020.4,1017.9,1019.1,81.6,78.1,86.6,9.2,4.6,8.9,38.0,39.9,34.0
2020-01-21,17.9,17.9,16.0,88.5,0.099,4.17,rain,27.0,13.9,96.5,1018.9,76.5,3.1,76.2,0.87,Rain,0.3534446712740877,0.9354554315134164,14.4,14.9,15.1,14.4,14.9,15.1,12.6,11.3,13.5,89.5,79.7,91.0,0.3,0.303,0.397,12.5,8.33,4.17,rain,rain,rain,13.7,22.0,16.2,10.3,17.5,13.0,34.3,22.0,42.8,1020.3,1020.4,1017.9,75.1,81.6,78.1,5.7,9.2,4.6,45.5,38.0,39.9
2020-01-22,20.7,20.7,18.3,86.5,0.099,4.17,rain,32.0,13.9,190.6,1016.1,82.0,4.7,93.4,0.9,Rain,0.3694836834473831,0.9292372181882051,17.9,14.4,14.9,17.9,14.4,14.9,16.0,12.6,11.3,88.5,89.5,79.7,0.099,0.3,0.303,4.17,12.5,8.33,rain,rain,rain,27.0,13.7,22.0,13.9,10.3,17.5,96.5,34.3,22.0,1018.9,1020.3,1020.4,76.5,75.1,81.6,3.1,5.7,9.2,76.2,45.5,38.0
2020-01-23,23.4,23.5,20.0,81.7,0.5,20.83,rain,34.2,22.3,126.5,1014.0,75.5,7.9,92.8,0.94,Rain,0.38541335945432564,0.9227440286201427,20.7,17.9,14.4,20.7,17.9,14.4,18.3,16.0,12.6,86.5,88.5,89.5,0.099,0.099,0.3,4.17,4.17,12.5,rain,rain,rain,32.0,27.0,13.7,13.9,13.9,10.3,190.6,96.5,34.3,1016.1,1018.9,1020.3,82.0,76.5,75.1,4.7,3.1,5.7,93.4,76.2,45.5
2020-01-24,21.9,21.9,20.6,92.3,6.929,8.33,rain,38.5,20.4,105.4,1013.8,75.1,6.0,48.3,0.98,Rain,0.4012289854475009,0.9159777842484877,23.4,20.7,17.9,23.5,20.7,17.9,20.0,18.3,16.0,81.7,86.5,88.5,0.5,0.099,0.099,20.83,4.17,4.17,rain,rain,rain,34.2,32.0,27.0,22.3,13.9,13.9,126.5,190.6,96.5,1014.0,1016.1,1018.9,75.5,82.0,76.5,7.9,4.7,3.1,92.8,93.4,76.2
2020-01-25,17.7,17.7,15.3,85.9,58.643,16.67,rain,41.0,26.8,37.6,1014.1,72.2,8.6,36.4,0.0,Rain,0.4169258813287287,0.908940487313808,21.9,23.4,20.7,21.9,23.5,20.7,20.6,20.0,18.3,92.3,81.7,86.5,6.929,0.5,0.099,8.33,20.83,4.17,rain,rain,rain,38.5,34.2,32.0,20.4,22.3,13.9,105.4,126.5,190.6,1013.8,1014.0,1016.1,75.1,75.5,82.0,6.0,7.9,4.7,48.3,92.8,93.4
2020-01-26,15.8,15.8,8.7,63.2,8.053,4.17,rain,30.2,23.2,18.3,1018.1,69.3,10.0,162.9,0.04,Rain,0.4324994021339788,0.901634220265486,17.7,21.9,23.4,17.7,21.9,23.5,15.3,20.6,20.0,85.9,92.3,81.7,58.643,6.929,0.5,16.67,8.33,20.83,rain,rain,rain,41.0,38.5,34.2,26.8,20.4,22.3,37.6,105.4,126.5,1014.1,1013.8,1014.0,72.2,75.1,75.5,8.6,6.0,7.9,36.4,48.3,92.8
2020-01-27,14.8,14.8,7.1,60.2,0.0,0.0,noprecip,26.6,16.5,32.4,1016.9,68.5,10.0,138.8,0.07,Cloudy,0.44794493940789115,0.8940611451454876,15.8,17.7,21.9,15.8,17.7,21.9,8.7,15.3,20.6,63.2,85.9,92.3,8.053,58.643,6.929,4.17,16.67,8.33,rain,rain,rain,30.2,41.0,38.5,23.2,26.8,20.4,18.3,37.6,105.4,1018.1,1014.1,1013.8,69.3,72.2,75.1,10.0,8.6,6.0,162.9,36.4,48.3
2020-01-28,14.8,14.8,7.4,61.4,0.01,4.17,rain,24.5,17.0,23.7,1018.8,94.2,10.0,120.3,0.11,Rain,0.4632579225674917,0.88622350294858,14.8,15.8,17.7,14.8,15.8,17.7,7.1,8.7,15.3,60.2,63.2,85.9,0.0,8.053,58.643,0.0,4.17,16.67,noprecip,rain,rain,26.6,30.2,41.0,16.5,23.2,26.8,32.4,18.3,37.6,1016.9,1018.1,1014.1,68.5,69.3,72.2,10.0,10.0,8.6,138.8,162.9,36.4
2020-01-29,14.7,14.7,7.5,62.3,0.3,8.33,rain,25.2,14.8,358.9,1022.3,83.1,9.7,99.2,0.14,Rain,0.4784338202547012,0.8781236129591848,14.8,14.8,15.8,14.8,14.8,15.8,7.4,7.1,8.7,61.4,60.2,63.2,0.01,0.0,8.053,4.17,0.0,4.17,rain,noprecip,rain,24.5,26.6,30.2,17.0,16.5,23.2,23.7,32.4,18.3,1018.8,1016.9,1018.1,94.2,68.5,69.3,10.0,10.0,10.0,120.3,138.8,162.9
2020-01-30,15.4,15.4,7.3,63.2,0.0,0.0,noprecip,22.7,12.1,17.1,1021.9,16.5,9.1,193.8,0.17,Clear,0.49346814167723735,0.8697638720650646,14.7,14.8,14.8,14.7,14.8,14.8,7.5,7.4,7.1,62.3,61.4,60.2,0.3,0.01,0.0,8.33,4.17,0.0,rain,rain,noprecip,25.2,24.5,26.6,14.8,17.0,16.5,358.9,23.7,32.4,1022.3,1018.8,1016.9,83.1,94.2,68.5,9.7,10.0,10.0,99.2,120.3,138.8
2020-01-31,16.5,16.5,9.8,66.2,0.0,0.0,noprecip,23.8,13.0,115.5,1020.2,35.2,8.7,145.2,0.2,Cloudy,0.5083564379375122,0.8611467540480452,15.4,14.7,14.8,15.4,14.7,14.8,7.3,7.5,7.4,63.2,62.3,61.4,0.0,0.3,0.01,0.0,8.33,4.17,noprecip,rain,rain,22.7,25.2,24.5,12.1,14.8,17.0,17.1,358.9,23.7,1021.9,1022.3,1018.8,16.5,83.1,94.2,9.1,9.7,10.0,193.8,99.2,120.3
2020-02-01,16.0,16.0,13.1,82.7,0.099,4.17,rain,14.4,9.4,17.5,1018.9,82.5,6.3,43.5,0.24,Rain,0.5230943033491326,0.8522748088519838,16.5,15.4,14.7,16.5,15.4,14.7,9.8,7.3,7.5,66.2,63.2,62.3,0.0,0.0,0.3,0.0,0.0,8.33,noprecip,noprecip,rain,23.8,22.7,25.2,13.0,12.1,14.8,115.5,17.1,358.9,1020.2,1021.9,1022.3,35.2,16.5,83.1,8.7,9.1,9.7,145.2,193.8,99.2
2020-02-02,17.7,17.7,15.6,87.9,0.1,4.17,rain,20.9,7.6,22.1,1018.4,84.1,3.3,79.0,0.25,Rain,0.5376773767406141,0.8431506618282,16.0,16.5,15.4,16.0,16.5,15.4,13.1,9.8,7.3,82.7,66.2,63.2,0.099,0.0,0.0,4.17,0.0,0.0,rain,noprecip,noprecip,14.4,23.8,22.7,9.4,13.0,12.1,17.5,115.5,17.1,1018.9,1020.2,1021.9,82.5,35.2,16.5,6.3,8.7,9.1,43.5,145.2,193.8
2020-02-03,17.6,17.6,16.4,92.9,0.793,8.33,rain,40.3,24.1,24.1,1017.2,78.9,4.9,47.2,0.3,Rain,0.5521013427459208,0.8337770129585915,17.7,16.0,16.5,17.7,16.0,16.5,15.6,13.1,9.8,87.9,82.7,66.2,0.1,0.099,0.0,4.17,4.17,0.0,rain,rain,noprecip,20.9,14.4,23.8,7.6,9.4,13.0,22.1,17.5,115.5,1018.4,1018.9,1020.2,84.1,82.5,35.2,3.3,6.3,8.7,79.0,43.5,145.2
2020-02-04,14.1,14.1,12.6,90.9,4.252,12.5,rain,21.6,17.5,18.8,1019.2,70.5,8.7,26.8,0.33,Rain,0.5663619330814524,0.8241566360566663,17.6,17.7,16.0,17.6,17.7,16.0,16.4,15.6,13.1,92.9,87.9,82.7,0.793,0.1,0.099,8.33,4.17,4.17,rain,rain,rain,40.3,20.9,14.4,24.1,7.6,9.4,24.1,22.1,17.5,1017.2,1018.4,1018.9,78.9,84.1,82.5,4.9,3.3,6.3,47.2,79.0,43.5
2020-02-05,14.3,14.3,13.2,93.1,1.592,8.33,rain,15.5,11.2,37.9,1018.2,77.7,7.4,32.8,0.37,Rain,0.580454927809098,0.8142923779467267,14.1,17.6,17.7,14.1,17.6,17.7,12.6,16.4,15.6,90.9,92.9,87.9,4.252,0.793,0.1,12.5,8.33,4.17,rain,rain,rain,21.6,40.3,20.9,17.5,24.1,7.6,18.8,24.1,22.1,1019.2,1017.2,1018.4,70.5,78.9,84.1,8.7,4.9,3.3,26.8,47.2,79.0
2020-02-06,16.9,16.9,15.4,90.9,0.099,4.17,rain,19.4,10.0,314.4,1016.2,80.3,4.8,81.8,0.4,Rain,0.5943761565849831,0.804187157621448,14.3,14.1,17.6,14.3,14.1,17.6,13.2,12.6,16.4,93.1,90.9,92.9,1.592,4.252,0.793,8.33,12.5,8.33,rain,rain,rain,15.5,21.6,40.3,11.2,17.5,24.1,37.9,18.8,24.1,1018.2,1019.2,1017.2,77.7,70.5,78.9,7.4,8.7,4.9,32.8,26.8,47.2
2020-02-07,18.7,18.7,17.4,92.4,0.696,8.33,rain,26.6,14.5,327.2,1018.5,83.2,4.6,20.2,0.43,Rain,0.6081214998935418,0.7938439653781019,16.9,14.3,14.1,16.9,14.3,14.1,15.4,13.2,12.6,90.9,93.1,90.9,0.099,1.592,4.252,4.17,8.33,12.5,rain,rain,rain,19.4,15.5,21.6,10.0,11.2,17.5,314.4,37.9,18.8,1016.2,1018.2,1019.2,80.3,77.7,70.5,4.8,7.4,8.7,81.8,32.8,26.8
2020-02-08,17.6,17.6,15.6,88.3,2.969,12.5,rain,25.9,20.4,44.8,1021.8,82.9,7.8,30.3,0.46,Rain,0.6216868902665479,0.7832658619336791,18.7,16.9,14.3,18.7,16.9,14.3,17.4,15.4,13.2,92.4,90.9,93.1,0.696,0.099,1.592,8.33,4.17,8.33,rain,rain,rain,26.6,19.4,15.5,14.5,10.0,11.2,327.2,314.4,37.9,1018.5,1016.2,1018.2,83.2,80.3,77.7,4.6,4.8,7.4,20.2,81.8,32.8
2020-02-09,15.1,15.1,12.0,82.0,1.152,8.33,rain,25.9,18.4,28.8,1025.5,80.3,9.1,46.9,0.5,Rain,0.6350683134867438,0.7724559775191742,17.6,18.7,16.9,17.6,18.7,16.9,15.6,17.4,15.4,88.3,92.4,90.9,2.969,0.696,0.099,12.5,8.33,4.17,rain,rain,rain,25.9,26.6,19.4,20.4,14.5,10.0,44.8,327.2,314.4,1021.8,1018.5,1016.2,82.9,83.2,80.3,7.8,4.6,4.8,30.3,20.2,81.8
2020-02-10,16.3,16.3,12.4,78.0,0.099,4.17,rain,16.9,12.1,65.8,1021.7,77.6,8.3,109.0,0.53,Rain,0.6482618097757122,0.7614175109532997,15.1,17.6,18.7,15.1,17.6,18.7,12.0,15.6,17.4,82.0,88.3,92.4,1.152,2.969,0.696,8.33,12.5,8.33,rain,rain,rain,25.9,25.9,26.6,18.4,20.4,14.5,28.8,44.8,327.2,1025.5,1021.8,1018.5,80.3,82.9,83.2,9.1,7.8,4.6,46.9,30.3,20.2
2020-02-11,18.9,18.9,16.3,85.5,0.1,4.17,rain,23.8,14.8,102.1,1018.0,80.7,4.7,92.0,0.57,Rain,0.6612634749656386,0.7501537286959042,16.3,15.1,17.6,16.3,15.1,17.6,12.4,12.0,15.6,78.0,82.0,88.3,0.099,1.152,2.969,4.17,8.33,12.5,rain,rain,rain,16.9,25.9,25.9,12.1,18.4,20.4,65.8,28.8,44.8,1021.7,1025.5,1021.8,77.6,80.3,82.9,8.3,9.1,7.8,109.0,46.9,30.3
2020-02-12,20.4,20.4,18.4,88.9,0.397,12.5,rain,19.1,12.9,125.2,1015.1,78.3,4.0,68.6,0.6,Rain,0.6740694616546161,0.7386679638813748,18.9,16.3,15.1,18.9,16.3,15.1,16.3,12.4,12.0,85.5,78.0,82.0,0.1,0.099,1.152,4.17,4.17,8.33,rain,rain,rain,23.8,16.9,25.9,14.8,12.1,18.4,102.1,65.8,28.8,1018.0,1021.7,1025.5,80.7,77.6,80.3,4.7,8.3,9.1,92.0,109.0,46.9
2020-02-13,21.2,21.2,20.3,94.6,3.07,8.33,rain,29.5,14.8,107.6,1011.1,92.7,2.9,78.8,0.64,Rain,0.6866759803451553,0.726963615332308,20.4,18.9,16.3,20.4,18.9,16.3,18.4,16.3,12.4,88.9,85.5,78.0,0.397,0.1,0.099,12.5,4.17,4.17,rain,rain,rain,19.1,23.8,16.9,12.9,14.8,12.1,125.2,102.1,65.8,1015.1,1018.0,1021.7,78.3,80.7,77.6,4.0,4.7,8.3,68.6,92.0,109.0
2020-02-14,23.5,23.6,21.7,90.1,0.7,8.33,rain,24.5,22.3,103.2,1007.6,88.1,5.4,162.4,0.67,Rain,0.6990793005655562,0.7150441465537444,21.2,20.4,18.9,21.2,20.4,18.9,20.3,18.4,16.3,94.6,88.9,85.5,3.07,0.397,0.1,8.33,12.5,4.17,rain,rain,rain,29.5,19.1,23.8,14.8,12.9,14.8,107.6,125.2,102.1,1011.1,1015.1,1018.0,92.7,78.3,80.7,2.9,4.0,4.7,78.8,68.6,92.0
2020-02-15,24.9,25.4,22.0,84.9,0.002,4.17,rain,53.6,19.4,99.6,1009.4,68.6,7.2,133.1,0.71,Rain,0.7112757519738152,0.7029130847082615,23.5,21.2,20.4,23.6,21.2,20.4,21.7,20.3,18.4,90.1,94.6,88.9,0.7,3.07,0.397,8.33,8.33,12.5,rain,rain,rain,24.5,29.5,19.1,22.3,14.8,12.9,103.2,107.6,125.2,1007.6,1011.1,1015.1,88.1,92.7,78.3,5.4,2.9,4.0,162.4,78.8,68.6
2020-02-16,18.9,18.9,8.0,49.8,0.23,8.33,rain,40.3,28.6,26.0,1020.9,63.5,10.0,162.0,0.75,Rain,0.7232617254437388,0.6905740195722294,24.9,23.5,21.2,25.4,23.6,21.2,22.0,21.7,20.3,84.9,90.1,94.6,0.002,0.7,3.07,4.17,8.33,8.33,rain,rain,rain,53.6,24.5,29.5,19.4,22.3,14.8,99.6,103.2,107.6,1009.4,1007.6,1011.1,68.6,88.1,92.7,7.2,5.4,2.9,133.1,162.4,78.8
2020-02-17,17.6,17.6,5.8,46.3,0.0,0.0,noprecip,28.8,18.6,38.8,1026.1,75.4,10.0,149.1,0.78,Cloudy,0.7350336741329412,0.6780306024735382,18.9,24.9,23.5,18.9,25.4,23.6,8.0,22.0,21.7,49.8,84.9,90.1,0.23,0.002,0.7,8.33,4.17,8.33,rain,rain,rain,40.3,53.6,24.5,28.6,19.4,22.3,26.0,99.6,103.2,1020.9,1009.4,1007.6,63.5,68.6,88.1,10.0,7.2,5.4,162.0,133.1,162.4
2020-02-18,17.8,17.8,5.5,46.1,0.0,0.0,noprecip,19.1,16.6,84.9,1024.8,59.6,10.1,177.7,0.81,Cloudy,0.746588114532413,0.6652865452111116,17.6,18.9,24.9,17.6,18.9,25.4,5.8,8.0,22.0,46.3,49.8,84.9,0.0,0.23,0.002,0.0,8.33,4.17,noprecip,rain,rain,28.8,40.3,53.6,18.6,28.6,19.4,38.8,26.0,99.6,1026.1,1020.9,1009.4,75.4,63.5,68.6,10.0,10.0,7.2,149.1,162.0,133.1
2020-02-19,18.2,18.2,11.1,64.3,0.0,0.0,noprecip,16.9,10.3,62.2,1022.3,72.5,9.2,156.0,0.85,Cloudy,0.7579216274973472,0.6523456189565257,17.8,17.6,18.9,17.8,17.6,18.9,5.5,5.8,8.0,46.1,46.3,49.8,0.0,0.0,0.23,0.0,0.0,8.33,noprecip,noprecip,rain,19.1,28.8,40.3,16.6,18.6,28.6,84.9,38.8,26.0,1024.8,1026.1,1020.9,59.6,75.4,63.5,10.1,10.0,10.0,177.7,149.1,162.0
2020-02-20,18.5,18.5,16.0,85.3,0.099,4.17,rain,16.2,12.1,304.1,1022.1,76.0,3.8,70.6,0.88,Rain,0.7690308592589181,0.6392116531380588,18.2,17.8,17.6,18.2,17.8,17.6,11.1,5.5,5.8,64.3,46.1,46.3,0.0,0.0,0.0,0.0,0.0,0.0,noprecip,noprecip,noprecip,16.9,19.1,28.8,10.3,16.6,18.6,62.2,84.9,38.8,1022.3,1024.8,1026.1,72.5,59.6,75.4,9.2,10.1,10.0,156.0,177.7,149.1
2020-02-21,19.2,19.2,16.8,86.7,0.099,4.17,rain,30.2,13.9,288.3,1025.0,57.4,2.8,86.4,0.91,Rain,0.7799125224167177,0.6258885343075018,18.5,18.2,17.8,18.5,18.2,17.8,16.0,11.1,5.5,85.3,64.3,46.1,0.099,0.0,0.0,4.17,0.0,0.0,rain,noprecip,noprecip,16.2,16.9,19.1,12.1,10.3,16.6,304.1,62.2,84.9,1022.1,1022.3,1024.8,76.0,72.5,59.6,3.8,9.2,10.1,70.6,156.0,177.7
2020-02-22,19.7,19.7,17.1,86.0,0.1,4.17,rain,22.0,11.1,290.5,1025.5,56.4,3.6,176.5,0.95,Rain,0.7905633969115482,0.612380204990065,19.2,18.5,18.2,19.2,18.5,18.2,16.8,16.0,11.1,86.7,85.3,64.3,0.099,0.099,0.0,4.17,4.17,0.0,rain,rain,noprecip,30.2,16.2,16.9,13.9,12.1,10.3,288.3,304.1,62.2,1025.0,1022.1,1022.3,57.4,76.0,72.5,2.8,3.8,9.2,86.4,70.6,156.0
2020-02-23,20.4,20.4,16.1,78.5,0.0,0.0,noprecip,28.1,13.0,125.9,1022.6,36.2,6.1,198.4,0.0,Cloudy,0.8009803309782905,0.5986906625177214,19.7,19.2,18.5,19.7,19.2,18.5,17.1,16.8,16.0,86.0,86.7,85.3,0.1,0.099,0.099,4.17,4.17,4.17,rain,rain,rain,22.0,30.2,16.2,11.1,13.9,12.1,290.5,288.3,304.1,1025.5,1025.0,1022.1,56.4,57.4,76.0,3.6,2.8,3.8,176.5,86.4,70.6
2020-02-24,21.8,21.8,17.1,77.0,0.0,0.0,noprecip,31.7,18.6,121.8,1018.3,36.4,7.6,162.8,0.02,Cloudy,0.8111602420785621,0.5848239578463322,20.4,19.7,19.2,20.4,19.7,19.2,16.1,17.1,16.8,78.5,86.0,86.7,0.0,0.1,0.099,0.0,4.17,4.17,noprecip,rain,rain,28.1,22.0,30.2,13.0,11.1,13.9,125.9,290.5,288.3,1022.6,1025.5,1025.0,36.2,56.4,57.4,6.1,3.6,2.8,198.4,176.5,86.4
2020-02-25,22.0,22.0,18.2,80.7,0.0,0.0,noprecip,29.2,14.8,119.7,1016.5,55.9,7.4,133.3,0.05,Cloudy,0.8211001178128892,0.5707841943569036,21.8,20.4,19.7,21.8,20.4,19.7,17.1,16.1,17.1,77.0,78.5,86.0,0.0,0.0,0.1,0.0,0.0,4.17,noprecip,noprecip,rain,31.7,28.1,22.0,18.6,13.0,11.1,121.8,125.9,290.5,1018.3,1022.6,1025.5,36.4,36.2,56.4,7.6,6.1,3.6,162.8,198.4,176.5
2020-02-26,22.4,22.5,18.2,78.6,0.1,4.17,rain,22.0,14.8,108.5,1016.9,49.1,7.0,126.4,0.08,Rain,0.8307970168121247,0.5565755266413303,22.0,21.8,20.4,22.0,21.8,20.4,18.2,17.1,16.1,80.7,77.0,78.5,0.0,0.0,0.0,0.0,0.0,0.0,noprecip,noprecip,noprecip,29.2,31.7,28.1,14.8,18.6,13.0,119.7,121.8,125.9,1016.5,1018.3,1022.6,55.9,36.4,36.2,7.4,7.6,6.1,133.3,162.8,198.4
2020-02-27,23.9,24.1,18.2,71.5,0.6,12.5,rain,25.9,16.6,124.8,1016.8,55.9,9.5,137.2,0.12,Rain,0.8402480696078469,0.5422021592729844,22.4,22.0,21.8,22.5,22.0,21.8,18.2,18.2,17.1,78.6,80.7,77.0,0.1,0.0,0.0,4.17,0.0,0.0,rain,noprecip,noprecip,22.0,29.2,31.7,14.8,14.8,18.6,108.5,119.7,121.8,1016.9,1016.5,1018.3,49.1,55.9,36.4,7.0,7.4,7.6,126.4,133.3,162.8
2020-02-28,23.8,23.9,18.8,74.2,0.099,4.17,rain,32.0,17.5,131.6,1015.2,53.7,9.5,136.0,0.15,Rain,0.8494504794814806,0.527668345562516,23.9,22.4,22.0,24.1,22.5,22.0,18.2,18.2,18.2,71.5,78.6,80.7,0.6,0.1,0.0,12.5,4.17,0.0,rain,rain,noprecip,25.9,22.0,29.2,16.6,14.8,14.8,124.8,108.5,119.7,1016.8,1016.9,1016.5,55.9,49.1,55.9,9.5,7.0,7.4,137.2,126.4,133.3
2020-02-29,23.7,23.9,19.4,77.9,1.0,25.0,rain,26.6,16.6,127.2,1012.9,57.7,8.7,108.2,0.18,Rain,0.8584015232918917,0.512978386299228,23.8,23.9,22.4,23.9,24.1,22.5,18.8,18.2,18.2,74.2,71.5,78.6,0.099,0.6,0.1,4.17,12.5,4.17,rain,rain,rain,32.0,25.9,22.0,17.5,16.6,14.8,131.6,124.8,108.5,1015.2,1016.8,1016.9,53.7,55.9,49.1,9.5,9.5,7.0,136.0,137.2,126.4
2020-03-01,24.0,24.2,20.6,81.9,0.3,12.5,rain,28.1,20.4,116.6,1012.6,73.6,8.0,120.8,0.22,Rain,0.8670985522812081,0.4981366284784055,23.7,23.8,23.9,23.9,23.9,24.1,19.4,18.8,18.2,77.9,74.2,71.5,1.0,0.099,0.6,25.0,4.17,12.5,rain,rain,rain,26.6,32.0,25.9,16.6,17.5,16.6,127.2,131.6,124.8,1012.9,1015.2,1016.8,57.7,53.7,55.9,8.7,9.5,9.5,108.2,136.0,137.2
2020-03-02,23.5,23.5,20.5,83.6,0.198,4.17,rain,37.4,20.6,125.8,1013.2,81.1,9.3,105.8,0.25,Rain,0.8755389928586302,0.4831474640149687,24.0,23.7,23.8,24.2,23.9,23.9,20.6,19.4,18.8,81.9,77.9,74.2,0.3,1.0,0.099,12.5,25.0,4.17,rain,rain,rain,28.1,26.6,32.0,20.4,16.6,17.5,116.6,127.2,131.6,1012.6,1012.9,1015.2,73.6,57.7,53.7,8.0,8.7,9.5,120.8,108.2,136.0
2020-03-03,22.6,22.6,20.6,89.1,98.181,16.67,rain,34.6,21.3,113.0,1013.5,73.2,8.1,64.8,0.25,Rain,0.8837203473619977,0.4680153284438345,23.5,24.0,23.7,23.5,24.2,23.9,20.5,20.6,19.4,83.6,81.9,77.9,0.198,0.3,1.0,4.17,12.5,25.0,rain,rain,rain,37.4,28.1,26.6,20.6,20.4,16.6,125.8,116.6,127.2,1013.2,1012.6,1012.9,81.1,73.6,57.7,9.3,8.0,8.7,105.8,120.8,108.2
2020-03-04,19.1,19.1,16.9,87.2,19.317,16.67,rain,41.8,31.7,38.2,1016.7,75.3,9.2,48.9,0.32,Rain,0.8916401947968874,0.45274469960737107,22.6,23.5,24.0,22.6,23.5,24.2,20.6,20.5,20.6,89.1,83.6,81.9,98.181,0.198,0.3,16.67,4.17,12.5,rain,rain,rain,34.6,37.4,28.1,21.3,20.6,20.4,113.0,125.8,116.6,1013.5,1013.2,1012.6,73.2,81.1,73.6,8.1,9.3,8.0,64.8,105.8,120.8
2020-03-05,16.7,16.7,13.9,83.9,0.502,8.33,rain,18.4,17.5,36.9,1018.6,80.5,9.8,34.2,0.35,Rain,0.8992961915530253,0.4373400963303323,19.1,22.6,23.5,19.1,22.6,23.5,16.9,20.6,20.5,87.2,89.1,83.6,19.317,98.181,0.198,16.67,16.67,4.17,rain,rain,rain,41.8,34.6,37.4,31.7,21.3,20.6,38.2,113.0,125.8,1016.7,1013.5,1013.2,75.3,73.2,81.1,9.2,8.1,9.3,48.9,64.8,105.8
2020-03-06,19.6,19.6,16.4,82.7,0.101,4.17,rain,23.8,15.7,95.6,1014.5,82.2,6.7,141.6,0.38,Rain,0.9066860720977985,0.4218060770826634,16.7,19.1,22.6,16.7,19.1,22.6,13.9,16.9,20.6,83.9,87.2,89.1,0.502,19.317,98.181,8.33,16.67,16.67,rain,rain,rain,18.4,41.8,34.6,17.5,31.7,21.3,36.9,38.2,113.0,1018.6,1016.7,1013.5,80.5,75.3,73.2,9.8,9.2,8.1,34.2,48.9,64.8
2020-03-07,21.6,21.6,18.8,84.4,0.199,8.33,rain,23.8,12.1,118.1,1010.9,82.3,5.7,175.2,0.42,Rain,0.9138076496466615,0.40614723863057883,19.6,16.7,19.1,19.6,16.7,19.1,16.4,13.9,16.9,82.7,83.9,87.2,0.101,0.502,19.317,4.17,8.33,16.67,rain,rain,rain,23.8,18.4,41.8,15.7,17.5,31.7,95.6,36.9,38.2,1014.5,1018.6,1016.7,82.2,80.5,75.3,6.7,9.8,9.2,141.6,34.2,48.9
2020-03-08,24.5,25.2,21.0,82.3,0.099,4.17,rain,21.6,16.6,105.6,1005.3,50.4,5.5,230.4,0.45,Rain,0.9206588168102428,0.3903682146763026,21.6,19.6,16.7,21.6,19.6,16.7,18.8,16.4,13.9,84.4,82.7,83.9,0.199,0.101,0.502,8.33,4.17,8.33,rain,rain,rain,23.8,23.8,18.4,12.1,15.7,17.5,118.1,95.6,36.9,1010.9,1014.5,1018.6,82.3,82.2,80.5,5.7,6.7,9.8,175.2,141.6,34.2
2020-03-09,27.1,28.2,21.4,73.7,0.0,0.0,noprecip,26.6,12.1,70.6,1004.2,29.0,5.7,256.1,0.48,Cloudy,0.9272375462179537,0.374473674486883,24.5,21.6,19.6,25.2,21.6,19.6,21.0,18.8,16.4,82.3,84.4,82.7,0.099,0.199,0.101,4.17,8.33,4.17,rain,rain,rain,21.6,23.8,23.8,16.6,12.1,15.7,105.6,118.1,95.6,1005.3,1010.9,1014.5,50.4,82.3,82.2,5.5,5.7,6.7,230.4,175.2,141.6
2020-03-10,24.3,24.3,16.8,65.0,1.4,16.67,rain,31.0,25.0,37.8,1012.4,80.5,8.5,65.3,0.5,Rain,0.9335418911179212,0.35846832151248087,27.1,24.5,21.6,28.2,25.2,21.6,21.4,21.0,18.8,73.7,82.3,84.4,0.0,0.099,0.199,0.0,4.17,8.33,noprecip,rain,rain,26.6,21.6,23.8,12.1,16.6,12.1,70.6,105.6,118.1,1004.2,1005.3,1010.9,29.0,50.4,82.3,5.7,5.5,5.7,256.1,230.4,175.2
2020-03-11,22.4,22.4,16.4,69.3,0.0,0.0,noprecip,14.0,16.6,119.2,1014.3,75.1,8.6,70.6,0.55,Cloudy,0.9395699859530622,0.342356891994542,24.3,27.1,24.5,24.3,28.2,25.2,16.8,21.4,21.0,65.0,73.7,82.3,1.4,0.0,0.099,16.67,0.0,4.17,rain,noprecip,rain,31.0,26.6,21.6,25.0,12.1,16.6,37.8,70.6,105.6,1012.4,1004.2,1005.3,80.5,29.0,50.4,8.5,5.7,5.5,65.3,256.1,230.4
2020-03-12,22.6,22.6,19.6,84.0,0.099,4.17,rain,24.8,13.0,110.8,1011.8,86.6,5.4,158.8,0.58,Rain,0.945320046913132,0.3261441535642696,22.4,24.3,27.1,22.4,24.3,28.2,16.4,16.8,21.4,69.3,65.0,73.7,0.0,1.4,0.0,0.0,16.67,0.0,noprecip,rain,noprecip,14.0,31.0,26.6,16.6,25.0,12.1,119.2,37.8,70.6,1014.3,1012.4,1004.2,75.1,80.5,29.0,8.6,8.5,5.7,70.6,65.3,256.1
2020-03-13,24.8,25.4,22.1,85.6,0.201,8.33,rain,25.2,16.6,90.1,1012.6,80.0,5.1,143.7,0.62,Rain,0.9507903724625832,0.3098349038318025,22.6,22.4,24.3,22.6,22.4,24.3,19.6,16.4,16.8,84.0,69.3,65.0,0.099,0.0,1.4,4.17,0.0,16.67,rain,noprecip,rain,24.8,14.0,31.0,13.0,16.6,25.0,110.8,119.2,37.8,1011.8,1014.3,1012.4,86.6,75.1,80.5,5.4,8.6,8.5,158.8,70.6,65.3
2020-03-14,22.5,22.5,17.8,75.1,0.51,8.33,rain,27.0,18.4,40.2,1016.8,92.8,9.1,48.0,0.65,Rain,0.9559793438440766,0.2934339689665273,24.8,22.6,22.4,25.4,22.6,22.4,22.1,19.6,16.4,85.6,84.0,69.3,0.201,0.099,0.0,8.33,4.17,0.0,rain,rain,noprecip,25.2,24.8,14.0,16.6,13.0,16.6,90.1,110.8,119.2,1012.6,1011.8,1014.3,80.0,86.6,75.1,5.1,5.4,8.6,143.7,158.8,70.6
2020-03-15,20.1,20.1,16.4,79.3,0.8,25.0,rain,15.5,10.3,54.5,1017.4,90.0,7.4,53.7,0.69,Rain,0.9608854255574977,0.27694620226893646,22.5,24.8,22.6,22.5,25.4,22.6,17.8,22.1,19.6,75.1,85.6,84.0,0.51,0.201,0.099,8.33,8.33,4.17,rain,rain,rain,27.0,25.2,24.8,18.4,16.6,13.0,40.2,90.1,110.8,1016.8,1012.6,1011.8,92.8,80.0,86.6,9.1,5.1,5.4,48.0,143.7,158.8
2020-03-16,20.3,20.3,19.0,92.4,0.199,12.5,rain,23.0,9.4,71.2,1015.4,86.0,2.6,100.2,0.75,Rain,0.9655071658143364,0.2603764827344581,20.1,22.5,24.8,20.1,22.5,25.4,16.4,17.8,22.1,79.3,75.1,85.6,0.8,0.51,0.201,25.0,8.33,8.33,rain,rain,rain,15.5,27.0,25.2,10.3,18.4,16.6,54.5,40.2,90.1,1017.4,1016.8,1012.6,90.0,92.8,80.0,7.4,9.1,5.1,53.7,48.0,143.7
2020-03-17,21.7,21.7,20.7,93.8,3.063,12.5,rain,31.0,19.4,61.3,1014.9,90.9,3.2,99.9,0.75,Rain,0.969843196967294,0.24372971360968387,20.3,20.1,22.5,20.3,20.1,22.5,19.0,16.4,17.8,92.4,79.3,75.1,0.199,0.8,0.51,12.5,25.0,8.33,rain,rain,rain,23.0,15.5,27.0,9.4,10.3,18.4,71.2,54.5,40.2,1015.4,1017.4,1016.8,86.0,90.0,92.8,2.6,7.4,9.1,100.2,53.7,48.0
2020-03-18,18.8,18.8,17.5,92.7,11.892,8.33,rain,26.6,20.4,41.5,1013.4,78.0,7.0,38.5,0.79,Rain,0.9738922359149924,0.22701082094141847,21.7,20.3,20.1,21.7,20.3,20.1,20.7,19.0,16.4,93.8,92.4,79.3,3.063,0.199,0.8,12.5,12.5,25.0,rain,rain,rain,31.0,23.0,15.5,19.4,9.4,10.3,61.3,71.2,54.5,1014.9,1015.4,1017.4,90.9,86.0,90.0,3.2,2.6,7.4,99.9,100.2,53.7
2020-03-19,19.5,19.5,17.0,85.7,1.745,8.33,rain,23.0,15.7,358.5,1014.0,84.6,8.2,46.0,0.82,Rain,0.9776530844816641,0.2102247521189836,18.8,21.7,20.3,18.8,21.7,20.3,17.5,20.7,19.0,92.7,93.8,92.4,11.892,3.063,0.199,8.33,12.5,12.5,rain,rain,rain,26.6,31.0,23.0,20.4,19.4,9.4,41.5,61.3,71.2,1013.4,1014.9,1015.4,78.0,90.9,86.0,7.0,3.2,2.6,38.5,99.9,100.2
2020-03-20,21.9,21.9,17.9,79.1,0.2,8.33,rain,20.5,18.4,94.5,1013.2,80.5,8.7,103.8,0.86,Rain,0.981124629771712,0.19337647441020586,19.5,18.8,21.7,19.5,18.8,21.7,17.0,17.5,20.7,85.7,92.7,93.8,1.745,11.892,3.063,8.33,8.33,12.5,rain,rain,rain,23.0,26.6,31.0,15.7,20.4,19.4,358.5,41.5,61.3,1014.0,1013.4,1014.9,84.6,78.0,90.9,8.2,7.0,3.2,46.0,38.5,99.9
2020-03-21,23.9,24.2,21.0,84.1,0.004,8.33,rain,27.4,17.5,129.0,1011.8,74.0,6.2,134.8,0.89,Rain,0.984305844499033,0.17647097349152166,21.9,19.5,18.8,21.9,19.5,18.8,17.9,17.0,17.5,79.1,85.7,92.7,0.2,1.745,11.892,8.33,8.33,8.33,rain,rain,rain,20.5,23.0,26.6,18.4,15.7,20.4,94.5,358.5,41.5,1013.2,1014.0,1013.4,80.5,84.6,78.0,8.7,8.2,7.0,103.8,46.0,38.5
2020-03-22,25.3,26.0,22.7,85.5,2.977,12.5,rain,24.8,19.4,129.3,1011.7,80.3,6.8,140.4,0.93,Rain,0.9871957872910085,0.15951325197263655,23.9,21.9,19.5,24.2,21.9,19.5,21.0,17.9,17.0,84.1,79.1,85.7,0.004,0.2,1.745,8.33,8.33,8.33,rain,rain,rain,27.4,20.5,23.0,17.5,18.4,15.7,129.0,94.5,358.5,1011.8,1013.2,1014.0,74.0,80.5,84.6,6.2,8.7,8.2,134.8,103.8,46.0
2020-03-23,24.7,25.0,22.2,86.6,2.078,8.33,rain,29.5,14.7,122.5,1012.3,63.8,6.5,123.0,0.96,Rain,0.9897936029670716,0.14250832791617088,25.3,23.9,21.9,26.0,24.2,21.9,22.7,21.0,17.9,85.5,84.1,79.1,2.977,0.004,0.2,12.5,8.33,8.33,rain,rain,rain,24.8,27.4,20.5,19.4,17.5,18.4,129.3,129.0,94.5,1011.7,1011.8,1013.2,80.3,74.0,80.5,6.8,6.2,8.7,140.4,134.8,103.8
2020-03-24,25.6,26.2,21.2,78.4,0.396,4.17,rain,34.9,22.3,130.8,1011.6,50.6,8.2,186.7,0.0,Rain,0.992098522791769,0.12546123335273648,24.7,25.3,23.9,25.0,26.0,24.2,22.2,22.7,21.0,86.6,85.5,84.1,2.078,2.977,0.004,8.33,12.5,8.33,rain,rain,rain,29.5,24.8,27.4,14.7,19.4,17.5,122.5,129.3,129.0,1012.3,1011.7,1011.8,63.8,80.3,74.0,6.5,6.8,6.2,123.0,140.4,134.8
2020-03-25,25.7,26.4,22.0,81.0,7.0,54.17,rain,40.7,25.9,145.9,1009.7,62.0,9.2,158.8,0.03,Rain,0.9941098647022418,0.10837701279187609,25.6,24.7,25.3,26.2,25.0,26.0,21.2,22.2,22.7,78.4,86.6,85.5,0.396,2.078,2.977,4.17,8.33,12.5,rain,rain,rain,34.9,29.5,24.8,22.3,14.7,19.4,130.8,122.5,129.3,1011.6,1012.3,1011.7,50.6,63.8,80.3,8.2,6.5,6.8,186.7,123.0,140.4
2020-03-26,26.4,27.6,22.7,80.2,0.989,4.17,rain,31.7,23.2,138.8,1008.9,75.6,10.0,194.8,0.06,Rain,0.9958270335100595,0.09126072172931188,25.7,25.6,24.7,26.4,26.2,25.0,22.0,21.2,22.2,81.0,78.4,86.6,7.0,0.396,2.078,54.17,4.17,8.33,rain,rain,rain,40.7,34.9,29.5,25.9,22.3,14.7,145.9,130.8,122.5,1009.7,1011.6,1012.3,62.0,50.6,63.8,9.2,8.2,6.5,158.8,186.7,123.0
2020-03-27,26.8,28.2,23.1,80.9,0.2,8.33,rain,24.1,18.4,123.2,1008.6,74.5,9.5,206.7,0.1,Rain,0.9972495210773451,0.07411742515094437,26.4,25.7,25.6,27.6,26.4,26.2,22.7,22.0,21.2,80.2,81.0,78.4,0.989,7.0,0.396,4.17,54.17,4.17,rain,rain,rain,31.7,40.7,34.9,23.2,25.9,22.3,138.8,145.9,130.8,1008.9,1009.7,1011.6,75.6,62.0,50.6,10.0,9.2,8.2,194.8,158.8,186.7
2020-03-28,25.9,26.5,22.5,81.8,4.6,45.83,rain,38.5,22.3,123.8,1009.8,79.3,8.4,46.7,0.13,Rain,0.998376906467142,0.056952196034039754,26.8,26.4,25.7,28.2,27.6,26.4,23.1,22.7,22.0,80.9,80.2,81.0,0.2,0.989,7.0,8.33,4.17,54.17,rain,rain,rain,24.1,31.7,40.7,18.4,23.2,25.9,123.2,138.8,145.9,1008.6,1008.9,1009.7,74.5,75.6,62.0,9.5,10.0,9.2,206.7,194.8,158.8
2020-03-29,24.7,25.2,22.4,86.8,0.002,4.17,rain,31.0,25.9,127.1,1008.0,87.1,7.8,95.4,0.16,Rain,0.9992088560679753,0.03977011384605572,25.9,26.8,26.4,26.5,28.2,27.6,22.5,23.1,22.7,81.8,80.9,80.2,4.6,0.2,0.989,45.83,8.33,4.17,rain,rain,rain,38.5,24.1,31.7,22.3,18.4,23.2,123.8,123.2,138.8,1009.8,1008.6,1008.9,79.3,74.5,75.6,8.4,9.5,10.0,46.7,206.7,194.8
2020-03-30,20.8,20.8,18.5,86.9,0.001,4.17,rain,32.8,26.8,63.3,1009.1,88.0,8.2,63.1,0.2,Rain,0.9997451236925734,0.022576263041545485,24.7,25.9,26.8,25.2,26.5,28.2,22.4,22.5,23.1,86.8,81.8,80.9,0.002,4.6,0.2,4.17,45.83,8.33,rain,rain,rain,31.0,38.5,24.1,25.9,22.3,18.4,127.1,123.8,123.2,1008.0,1009.8,1008.6,87.1,79.3,74.5,7.8,8.4,9.5,95.4,46.7,206.7
2020-03-31,18.5,18.5,15.7,84.0,0.793,4.17,rain,25.2,19.4,30.1,1012.2,87.9,8.6,63.2,0.23,Rain,0.9999855506507186,0.005375731557583884,20.8,24.7,25.9,20.8,25.2,26.5,18.5,22.4,22.5,86.9,86.8,81.8,0.001,0.002,4.6,4.17,4.17,45.83,rain,rain,rain,32.8,31.0,38.5,26.8,25.9,22.3,63.3,127.1,123.8,1009.1,1008.0,1009.8,88.0,87.1,79.3,8.2,7.8,8.4,63.1,95.4,46.7
2020-04-01,19.3,19.3,15.9,80.7,0.001,4.17,rain,18.0,13.0,32.4,1012.9,84.0,9.2,82.1,0.25,Rain,0.9999300657962057,-0.011826390691832589,18.5,20.8,24.7,18.5,20.8,25.2,15.7,18.5,22.4,84.0,86.9,86.8,0.793,0.001,0.002,4.17,4.17,4.17,rain,rain,rain,25.2,32.8,31.0,19.4,26.8,25.9,30.1,63.3,127.1,1012.2,1009.1,1008.0,87.9,88.0,87.1,8.6,8.2,7.8,63.2,63.1,95.4
2020-04-02,19.8,19.8,18.5,92.2,0.796,12.5,rain,14.8,8.5,42.6,1012.9,84.8,5.3,56.2,0.3,Rain,0.9995786855478958,-0.029025013321975237,19.3,18.5,20.8,19.3,18.5,20.8,15.9,15.7,18.5,80.7,84.0,86.9,0.001,0.793,0.001,4.17,4.17,4.17,rain,rain,rain,18.0,25.2,32.8,13.0,19.4,26.8,32.4,30.1,63.3,1012.9,1012.2,1009.1,84.0,87.9,88.0,9.2,8.6,8.2,82.1,63.2,63.1
2020-04-03,21.1,21.1,20.1,93.9,1.401,8.33,rain,24.1,19.4,43.6,1013.2,85.4,4.2,74.7,0.33,Rain,0.9989315138848577,-0.046215046983708354,19.8,19.3,18.5,19.8,19.3,18.5,18.5,15.9,15.7,92.2,80.7,84.0,0.796,0.001,0.793,12.5,4.17,4.17,rain,rain,rain,14.8,18.0,25.2,8.5,13.0,19.4,42.6,32.4,30.1,1012.9,1012.9,1012.2,84.8,84.0,87.9,5.3,9.2,8.6,56.2,82.1,63.2
2020-04-04,19.2,19.2,16.8,86.0,2.406,12.5,rain,27.4,20.5,29.7,1016.3,80.3,9.0,47.4,0.37,Rain,0.9979887423155984,-0.06339140486951038,21.1,19.8,19.3,21.1,19.8,19.3,20.1,18.5,15.9,93.9,92.2,80.7,1.401,0.796,0.001,8.33,12.5,4.17,rain,rain,rain,24.1,14.8,18.0,19.4,8.5,13.0,43.6,42.6,32.4,1013.2,1012.9,1012.9,85.4,84.8,84.0,4.2,5.3,9.2,74.7,56.2,82.1
2020-04-05,18.2,18.2,13.5,74.4,0.409,8.33,rain,23.4,16.6,9.0,1018.5,88.3,10.0,54.9,0.4,Rain,0.9967506498213929,-0.08054900421874167,19.2,21.1,19.8,19.2,21.1,19.8,16.8,20.1,18.5,86.0,93.9,92.2,2.406,1.401,0.796,12.5,8.33,12.5,rain,rain,rain,27.4,24.1,14.8,20.5,19.4,8.5,29.7,43.6,42.6,1016.3,1013.2,1012.9,80.3,85.4,84.8,9.0,4.2,5.3,47.4,74.7,56.2
2020-04-06,17.4,17.4,14.9,85.2,1.397,8.33,rain,22.7,10.3,3.2,1016.7,81.9,9.0,96.6,0.44,Rain,0.9952176027737294,-0.09768276782171598,18.2,19.2,21.1,18.2,19.2,21.1,13.5,16.8,20.1,74.4,86.0,93.9,0.409,2.406,1.401,8.33,12.5,8.33,rain,rain,rain,23.4,27.4,24.1,16.6,20.5,19.4,9.0,29.7,43.6,1018.5,1016.3,1013.2,88.3,80.3,85.4,10.0,9.0,4.2,54.9,47.4,74.7
2020-04-07,19.5,19.5,15.6,78.8,0.606,8.33,rain,21.6,11.2,7.6,1015.6,65.9,8.6,127.4,0.47,Rain,0.9933900548258936,-0.11478762552212701,17.4,18.2,19.2,17.4,18.2,19.2,14.9,13.5,16.8,85.2,74.4,86.0,1.397,0.409,2.406,8.33,8.33,12.5,rain,rain,rain,22.7,23.4,27.4,10.3,16.6,20.5,3.2,9.0,29.7,1016.7,1018.5,1016.3,81.9,88.3,80.3,9.0,10.0,9.0,96.6,54.9,47.4
2020-04-08,20.3,20.3,17.6,84.8,4.063,4.17,rain,15.5,9.4,274.3,1016.0,60.7,5.5,127.7,0.5,Rain,0.9912685467787256,-0.13185851571739118,19.5,17.4,18.2,19.5,17.4,18.2,15.6,14.9,13.5,78.8,85.2,74.4,0.606,1.397,0.409,8.33,8.33,8.33,rain,rain,rain,21.6,22.7,23.4,11.2,10.3,16.6,7.6,3.2,9.0,1015.6,1016.7,1018.5,65.9,81.9,88.3,8.6,9.0,10.0,127.4,96.6,54.9
2020-04-09,22.6,22.6,18.6,78.7,0.0,0.0,noprecip,23.0,13.0,207.5,1016.4,51.6,5.8,146.3,0.54,Cloudy,0.9888537064205885,-0.1488903868564548,20.3,19.5,17.4,20.3,19.5,17.4,17.6,15.6,14.9,84.8,78.8,85.2,4.063,0.606,1.397,4.17,8.33,8.33,rain,rain,rain,15.5,21.6,22.7,9.4,11.2,10.3,274.3,7.6,3.2,1016.0,1015.6,1016.7,60.7,65.9,81.9,5.5,8.6,9.0,127.7,127.4,96.6
2020-04-10,23.9,24.1,20.0,79.2,0.1,4.17,rain,28.1,15.9,96.3,1014.7,73.9,6.7,160.6,0.57,Rain,0.986146248341595,-0.16587819893463143,22.6,20.3,19.5,22.6,20.3,19.5,18.6,17.6,15.6,78.7,84.8,78.8,0.0,4.063,0.606,0.0,4.17,8.33,noprecip,rain,rain,23.0,15.5,21.6,13.0,9.4,11.2,207.5,274.3,7.6,1016.4,1016.0,1015.6,51.6,60.7,65.9,5.8,5.5,8.6,146.3,127.7,127.4
2020-04-11,25.3,26.2,21.9,81.8,1.9,12.5,rain,27.4,13.9,103.8,1013.3,65.0,5.8,161.1,0.6,Rain,0.9831469737221499,-0.1828169249850199,23.9,22.6,20.3,24.1,22.6,20.3,20.0,18.6,17.6,79.2,78.7,84.8,0.1,0.0,4.063,4.17,0.0,4.17,rain,noprecip,rain,28.1,23.0,15.5,15.9,13.0,9.4,96.3,207.5,274.3,1014.7,1016.4,1016.0,73.9,51.6,60.7,6.7,5.8,5.5,160.6,146.3,127.7
2020-04-12,20.3,20.3,16.6,80.1,25.821,12.5,rain,43.9,25.9,19.6,1018.4,60.0,9.0,146.0,0.64,Rain,0.9798567700958665,-0.1997015525660636,25.3,23.9,22.6,26.2,24.1,22.6,21.9,20.0,18.6,81.8,79.2,78.7,1.9,0.1,0.0,12.5,4.17,0.0,rain,rain,noprecip,27.4,28.1,23.0,13.9,15.9,13.0,103.8,96.3,207.5,1013.3,1014.7,1016.4,65.0,73.9,51.6,5.8,6.7,5.8,161.1,160.6,146.3
2020-04-13,16.6,16.6,13.4,82.2,7.028,12.5,rain,30.6,15.7,313.6,1020.9,70.3,9.7,181.8,0.67,Rain,0.9762766110869321,-0.21652708524481437,20.3,25.3,23.9,20.3,26.2,24.1,16.6,21.9,20.0,80.1,81.8,79.2,25.821,1.9,0.1,12.5,12.5,4.17,rain,rain,rain,43.9,27.4,28.1,25.9,13.9,15.9,19.6,103.8,96.3,1018.4,1013.3,1014.7,60.0,65.0,73.9,9.0,5.8,6.7,146.0,161.1,160.6
2020-04-14,19.2,19.2,13.1,70.3,0.0,0.0,noprecip,18.7,13.8,204.6,1017.1,33.5,9.2,251.2,0.7,Cloudy,0.9724075561219968,-0.23328854407545518,16.6,20.3,25.3,16.6,20.3,26.2,13.4,16.6,21.9,82.2,80.1,81.8,7.028,25.821,1.9,12.5,12.5,12.5,rain,rain,rain,30.6,43.9,27.4,15.7,25.9,13.9,313.6,19.6,103.8,1020.9,1018.4,1013.3,70.3,60.0,65.0,9.7,9.0,5.8,181.8,146.0,161.1
2020-04-15,21.6,21.6,16.7,74.3,0.0,0.0,noprecip,33.8,19.4,108.0,1014.1,71.6,7.0,234.1,0.75,Cloudy,0.9682507501166718,-0.2499809690726521,19.2,16.6,20.3,19.2,16.6,20.3,13.1,13.4,16.6,70.3,82.2,80.1,0.0,7.028,25.821,0.0,12.5,12.5,noprecip,rain,rain,18.7,30.6,43.9,13.8,15.7,25.9,204.6,313.6,19.6,1017.1,1020.9,1018.4,33.5,70.3,60.0,9.2,9.7,9.0,251.2,181.8,146.0
2020-04-16,23.1,23.1,20.5,85.3,0.4,12.5,rain,33.8,13.0,107.6,1011.2,81.1,5.0,120.8,0.77,Rain,0.9638074231367307,-0.26659942067929354,21.6,19.2,16.6,21.6,19.2,16.6,16.7,13.1,13.4,74.3,70.3,82.2,0.0,0.0,7.028,0.0,0.0,12.5,noprecip,noprecip,rain,33.8,18.7,30.6,19.4,13.8,15.7,108.0,204.6,313.6,1014.1,1017.1,1020.9,71.6,33.5,70.3,7.0,9.2,9.7,234.1,251.2,181.8
2020-04-17,24.3,24.3,22.5,89.7,0.201,12.5,rain,30.6,17.5,130.6,1011.3,81.4,6.9,109.4,0.8,Rain,0.9590788900341131,-0.28313898122818354,23.1,21.6,19.2,23.1,21.6,19.2,20.5,16.7,13.1,85.3,74.3,70.3,0.4,0.0,0.0,12.5,0.0,0.0,rain,noprecip,noprecip,33.8,33.8,18.7,13.0,19.4,13.8,107.6,108.0,204.6,1011.2,1014.1,1017.1,81.1,71.6,33.5,5.0,7.0,9.2,120.8,234.1,251.2
2020-04-18,26.4,28.0,22.6,80.5,0.495,4.17,rain,31.3,21.4,125.0,1010.2,65.7,8.6,175.8,0.84,Rain,0.9540665500578387,-0.2995947563972602,24.3,23.1,21.6,24.3,23.1,21.6,22.5,20.5,16.7,89.7,85.3,74.3,0.201,0.4,0.0,12.5,12.5,0.0,rain,rain,noprecip,30.6,33.8,33.8,17.5,13.0,19.4,130.6,107.6,108.0,1011.3,1011.2,1014.1,81.4,81.1,71.6,6.9,5.0,7.0,109.4,120.8,234.1
2020-04-19,26.1,27.2,23.6,86.1,0.0,0.0,noprecip,25.9,18.5,104.5,1009.3,76.0,7.3,175.2,0.87,Cloudy,0.9487718864399473,-0.31596187665790293,26.4,24.3,23.1,28.0,24.3,23.1,22.6,22.5,20.5,80.5,89.7,85.3,0.495,0.201,0.4,4.17,12.5,12.5,rain,rain,rain,31.3,30.6,33.8,21.4,17.5,13.0,125.0,130.6,107.6,1010.2,1011.3,1011.2,65.7,81.4,81.1,8.6,6.9,5.0,175.8,109.4,120.8
2020-04-20,27.0,29.3,23.6,82.2,0.099,4.17,rain,27.7,18.4,124.9,1009.8,69.9,8.4,160.3,0.9,Rain,0.9431964659565866,-0.33223549871590435,26.1,26.4,24.3,27.2,28.0,24.3,23.6,22.6,22.5,86.1,80.5,89.7,0.0,0.495,0.201,0.0,4.17,12.5,noprecip,rain,rain,25.9,31.3,30.6,18.5,21.4,17.5,104.5,125.0,130.6,1009.3,1010.2,1011.3,76.0,65.7,81.4,7.3,8.6,6.9,175.2,175.8,109.4
2020-04-21,27.0,29.1,24.1,84.5,0.099,4.17,rain,33.5,20.5,111.5,1008.9,76.7,7.2,213.1,0.94,Rain,0.9373419384643772,-0.3484108069446808,27.0,26.1,26.4,29.3,27.2,28.0,23.6,23.6,22.6,82.2,86.1,80.5,0.099,0.0,0.495,4.17,0.0,4.17,rain,noprecip,rain,27.7,25.9,31.3,18.4,18.5,21.4,124.9,104.5,125.0,1009.8,1009.3,1010.2,69.9,76.0,65.7,8.4,7.3,8.6,160.3,175.2,175.8
2020-04-22,24.7,24.7,22.4,87.4,1.088,8.33,rain,31.0,18.5,85.1,1011.1,73.7,7.9,91.8,0.97,Rain,0.9312100364121947,-0.3644830148102912,27.0,27.0,26.1,29.1,29.3,27.2,24.1,23.6,23.6,84.5,82.2,86.1,0.099,0.099,0.0,4.17,4.17,0.0,rain,rain,noprecip,33.5,27.7,25.9,20.5,18.4,18.5,111.5,124.9,104.5,1008.9,1009.8,1009.3,76.7,69.9,76.0,7.2,8.4,7.3,213.1,160.3,175.2
2020-04-23,20.8,20.8,17.6,82.3,4.065,8.33,rain,27.7,24.1,40.2,1015.8,79.5,9.8,42.3,0.0,Rain,0.9248025743285089,-0.38044736628785164,24.7,27.0,27.0,24.7,29.1,29.3,22.4,24.1,23.6,87.4,84.5,82.2,1.088,0.099,0.099,8.33,4.17,4.17,rain,rain,rain,31.0,33.5,27.7,18.5,20.5,18.4,85.1,111.5,124.9,1011.1,1008.9,1009.8,73.7,76.7,69.9,7.9,7.2,8.4,91.8,213.1,160.3
2020-04-24,17.6,17.6,15.0,84.7,21.905,12.5,rain,26.6,18.4,356.9,1020.6,70.1,9.1,56.0,0.04,Rain,0.9181214482844365,-0.39629913726891813,20.8,24.7,27.0,20.8,24.7,29.1,17.6,22.4,24.1,82.3,87.4,84.5,4.065,1.088,0.099,8.33,8.33,4.17,rain,rain,rain,27.7,31.0,33.5,24.1,18.5,20.5,40.2,85.1,111.5,1015.8,1011.1,1008.9,79.5,73.7,76.7,9.8,7.9,7.2,42.3,91.8,213.1
2020-04-25,18.8,18.8,15.0,79.4,1.586,12.5,rain,21.6,9.3,320.2,1019.7,65.7,9.2,91.9,0.07,Rain,0.9111686353326631,-0.41203363695942635,17.6,20.8,24.7,17.6,20.8,24.7,15.0,17.6,22.4,84.7,82.3,87.4,21.905,4.065,1.088,12.5,8.33,8.33,rain,rain,rain,26.6,27.7,31.0,18.4,24.1,18.5,356.9,40.2,85.1,1020.6,1015.8,1011.1,70.1,79.5,73.7,9.1,9.8,7.9,56.0,42.3,91.8
2020-04-26,20.0,20.0,16.5,81.0,0.495,8.33,rain,27.4,13.9,303.5,1019.9,60.6,9.0,97.7,0.11,Rain,0.9039461929224011,-0.42764620926777464,18.8,17.6,20.8,18.8,17.6,20.8,15.0,15.0,17.6,79.4,84.7,82.3,1.586,21.905,4.065,12.5,12.5,8.33,rain,rain,rain,21.6,26.6,27.7,9.3,18.4,24.1,320.2,356.9,40.2,1019.7,1020.6,1015.8,65.7,70.1,79.5,9.2,9.1,9.8,91.9,56.0,42.3
2020-04-27,23.0,23.0,16.2,68.7,0.099,4.17,rain,25.9,13.9,291.4,1018.2,36.7,8.6,287.6,0.14,Rain,0.8964562582905575,-0.44313223418263453,20.0,18.8,17.6,20.0,18.8,17.6,16.5,15.0,15.0,81.0,79.4,84.7,0.495,1.586,21.905,8.33,12.5,12.5,rain,rain,rain,27.4,21.6,26.6,13.9,9.3,18.4,303.5,320.2,356.9,1019.9,1019.7,1020.6,60.6,65.7,70.1,9.0,9.2,9.1,97.7,91.9,56.0
2020-04-28,25.2,25.2,17.0,62.9,0.0,0.0,noprecip,16.2,13.9,121.1,1016.2,31.6,9.1,293.6,0.18,Cloudy,0.8887010478292915,-0.45848712914008766,23.0,20.0,18.8,23.0,20.0,18.8,16.2,16.5,15.0,68.7,81.0,79.4,0.099,0.495,1.586,4.17,8.33,12.5,rain,rain,rain,25.9,27.4,21.6,13.9,13.9,9.3,291.4,303.5,320.2,1018.2,1019.9,1019.7,36.7,60.6,65.7,8.6,9.0,9.2,287.6,97.7,91.9
2020-04-29,25.5,25.9,19.1,69.2,1.2,8.33,rain,20.2,14.2,115.6,1015.1,27.0,8.3,260.1,0.21,Rain,0.8806828564301475,-0.47370635037968,25.2,23.0,20.0,25.2,23.0,20.0,17.0,16.2,16.5,62.9,68.7,81.0,0.0,0.099,0.495,0.0,4.17,8.33,noprecip,rain,rain,16.2,25.9,27.4,13.9,13.9,13.9,121.1,291.4,303.5,1016.2,1018.2,1019.9,31.6,36.7,60.6,9.1,8.6,9.0,293.6,287.6,97.7
2020-04-30,25.5,26.3,20.9,76.7,0.099,4.17,rain,25.6,13.9,117.8,1013.7,49.1,8.6,206.8,0.25,Rain,0.8724040568049612,-0.48878539428899265,25.5,25.2,23.0,25.9,25.2,23.0,19.1,17.0,16.2,69.2,62.9,68.7,1.2,0.0,0.099,8.33,0.0,4.17,rain,noprecip,rain,20.2,16.2,25.9,14.2,13.9,13.9,115.6,121.1,291.4,1015.1,1016.2,1018.2,27.0,31.6,36.7,8.3,9.1,8.6,260.1,293.6,287.6
2020-05-01,24.3,24.4,22.1,87.6,11.093,8.33,rain,34.2,13.0,98.6,1010.9,68.3,7.3,164.6,0.25,Rain,0.8638670987837349,-0.503719798736334,25.5,25.5,25.2,26.3,25.9,25.2,20.9,19.1,17.0,76.7,69.2,62.9,0.099,1.2,0.0,4.17,8.33,0.0,rain,rain,noprecip,25.6,20.2,16.2,13.9,14.2,13.9,117.8,115.6,121.1,1013.7,1015.1,1016.2,49.1,27.0,31.6,8.6,8.3,9.1,206.8,260.1,293.6
2020-05-02,27.1,28.8,22.4,76.8,0.0,0.0,noprecip,25.6,16.6,130.7,1008.5,54.0,7.6,182.3,0.32,Cloudy,0.8550745085896932,-0.518505144391157,24.3,25.5,25.5,24.4,26.3,25.9,22.1,20.9,19.1,87.6,76.7,69.2,11.093,0.099,1.2,8.33,4.17,8.33,rain,rain,rain,34.2,25.6,20.2,13.0,13.9,14.2,98.6,117.8,115.6,1010.9,1013.7,1015.1,68.3,49.1,27.0,7.3,8.6,8.3,164.6,206.8,260.1
2020-05-03,28.0,31.1,24.1,79.8,0.0,0.0,noprecip,25.6,16.6,129.3,1007.9,70.8,9.0,226.3,0.35,Cloudy,0.8460288880917339,-0.533137056031809,27.1,24.3,25.5,28.8,24.4,26.3,22.4,22.1,20.9,76.8,87.6,76.7,0.0,11.093,0.099,0.0,8.33,4.17,noprecip,rain,rain,25.6,34.2,25.6,16.6,13.0,13.9,130.7,98.6,117.8,1008.5,1010.9,1013.7,54.0,68.3,49.1,7.6,7.3,8.6,182.3,164.6,206.8
2020-05-04,29.4,34.2,24.9,77.4,0.0,0.0,noprecip,29.9,25.9,119.7,1007.3,59.0,9.0,252.9,0.39,Cloudy,0.8367329140344921,-0.5476112038402312,28.0,27.1,24.3,31.1,28.8,24.4,24.1,22.4,22.1,79.8,76.8,87.6,0.0,0.0,11.093,0.0,0.0,8.33,noprecip,noprecip,rain,25.6,25.6,34.2,16.6,16.6,13.0,129.3,130.7,98.6,1007.9,1008.5,1010.9,70.8,54.0,68.3,9.0,7.6,7.3,226.3,182.3,164.6
2020-05-05,29.2,34.8,25.3,80.1,0.0,0.0,noprecip,32.8,21.4,113.0,1006.3,68.8,8.6,278.2,0.42,Cloudy,0.8271893372462497,-0.5619233046832195,29.4,28.0,27.1,34.2,31.1,28.8,24.9,24.1,22.4,77.4,79.8,76.8,0.0,0.0,0.0,0.0,0.0,0.0,noprecip,noprecip,noprecip,29.9,25.6,25.6,25.9,16.6,16.6,119.7,129.3,130.7,1007.3,1007.9,1008.5,59.0,70.8,54.0,9.0,9.0,7.6,252.9,226.3,182.3
2020-05-06,28.6,33.0,24.9,80.9,0.0,0.0,noprecip,30.2,21.4,105.2,1005.1,58.6,9.8,285.7,0.46,Cloudy,0.8174009818249189,-0.5760691233798758,29.2,29.4,28.0,34.8,34.2,31.1,25.3,24.9,24.1,80.1,77.4,79.8,0.0,0.0,0.0,0.0,0.0,0.0,noprecip,noprecip,noprecip,32.8,29.9,25.6,21.4,25.9,16.6,113.0,119.7,129.3,1006.3,1007.3,1007.9,68.8,59.0,70.8,8.6,9.0,9.0,278.2,252.9,226.3
2020-05-07,28.9,34.5,25.6,82.9,0.0,0.0,noprecip,33.1,18.4,96.0,1004.4,79.5,9.1,286.4,0.5,Cloudy,0.8073707443023492,-0.5900444739548627,28.6,29.2,29.4,33.0,34.8,34.2,24.9,25.3,24.9,80.9,80.1,77.4,0.0,0.0,0.0,0.0,0.0,0.0,noprecip,noprecip,noprecip,30.2,32.8,29.9,21.4,21.4,25.9,105.2,113.0,119.7,1005.1,1006.3,1007.3,58.6,68.8,59.0,9.8,8.6,9.0,285.7,278.2,252.9
2020-05-08,28.9,34.3,25.2,81.3,0.0,0.0,noprecip,28.8,30.5,101.0,1004.3,63.7,9.6,276.1,0.52,Cloudy,0.7971015927871943,-0.6038452208771035,28.9,28.6,29.2,34.5,33.0,34.8,25.6,24.9,25.3,82.9,80.9,80.1,0.0,0.0,0.0,0.0,0.0,0.0,noprecip,noprecip,noprecip,33.1,30.2,32.8,18.4,21.4,21.4,96.0,105.2,113.0,1004.4,1005.1,1006.3,79.5,58.6,68.8,9.1,9.8,8.6,286.4,285.7,278.2
2020-05-09,28.4,33.0,24.5,80.2,8.015,8.33,rain,23.8,17.5,97.7,1006.4,52.9,8.5,297.6,0.56,Rain,0.7865965660866021,-0.6174672802835514,28.9,28.9,28.6,34.3,34.5,33.0,25.2,25.6,24.9,81.3,82.9,80.9,0.0,0.0,0.0,0.0,0.0,0.0,noprecip,noprecip,noprecip,28.8,33.1,30.2,30.5,18.4,21.4,101.0,96.0,105.2,1004.3,1004.4,1005.1,63.7,79.5,58.6,9.6,9.1,9.8,276.1,286.4,285.7
2020-05-10,30.6,36.4,24.7,72.4,0.099,4.17,rain,23.4,19.4,100.3,1006.8,44.2,8.6,293.8,0.59,Rain,0.7758587728069828,-0.6309066211876704,28.4,28.9,28.9,33.0,34.3,34.5,24.5,25.2,25.6,80.2,81.3,82.9,8.015,0.0,0.0,8.33,0.0,0.0,rain,noprecip,noprecip,23.8,28.8,33.1,17.5,30.5,18.4,97.7,101.0,96.0,1006.4,1004.3,1004.4,52.9,63.7,79.5,8.5,9.6,9.1,297.6,276.1,286.4
2020-05-11,29.4,35.5,25.4,79.5,1.0,4.17,rain,31.0,20.5,114.4,1008.1,70.4,9.5,232.0,0.62,Rain,0.7648913904341226,-0.6441592666722685,30.6,28.4,28.9,36.4,33.0,34.3,24.7,24.5,25.2,72.4,80.2,81.3,0.099,8.015,0.0,4.17,8.33,0.0,rain,rain,noprecip,23.4,23.8,28.8,19.4,17.5,30.5,100.3,97.7,101.0,1006.8,1006.4,1004.3,44.2,52.9,63.7,8.6,8.5,9.6,293.8,297.6,276.1
2020-05-12,27.5,30.5,23.4,78.9,36.158,8.33,rain,25.9,13.9,84.4,1010.5,66.0,9.7,80.9,0.66,Rain,0.753697664392914,-0.6572212950663319,29.4,30.6,28.4,35.5,36.4,33.0,25.4,24.7,24.5,79.5,72.4,80.2,1.0,0.099,8.015,4.17,4.17,8.33,rain,rain,rain,31.0,23.4,23.8,20.5,19.4,17.5,114.4,100.3,97.7,1008.1,1006.8,1006.4,70.4,44.2,52.9,9.5,8.6,8.5,232.0,293.8,297.6
2020-05-13,27.3,29.6,23.7,81.1,8.212,4.17,rain,35.6,23.1,147.2,1009.4,70.0,8.9,236.2,0.69,Rain,0.742280907086982,-0.6700888411055113,27.5,29.4,30.6,30.5,35.5,36.4,23.4,25.4,24.7,78.9,79.5,72.4,36.158,1.0,0.099,8.33,4.17,4.17,rain,rain,rain,25.9,31.0,23.4,13.9,20.5,19.4,84.4,114.4,100.3,1010.5,1008.1,1006.8,66.0,70.4,44.2,9.7,9.5,8.6,80.9,232.0,293.8
2020-05-14,28.0,30.2,22.4,73.2,3.063,4.17,rain,37.1,18.6,122.2,1007.2,61.5,9.7,257.4,0.75,Rain,0.7306444969184916,-0.6827580970759147,27.3,27.5,29.4,29.6,30.5,35.5,23.7,23.4,25.4,81.1,78.9,79.5,8.212,36.158,1.0,4.17,8.33,4.17,rain,rain,rain,35.6,25.9,31.0,23.1,13.9,20.5,147.2,84.4,114.4,1009.4,1010.5,1008.1,70.0,66.0,70.4,8.9,9.7,9.5,236.2,80.9,232.0
2020-05-15,29.1,34.3,24.8,78.4,0.0,0.0,noprecip,50.0,23.2,123.0,1004.1,68.4,9.5,265.5,0.75,Cloudy,0.7187918772884232,-0.6952253139408722,28.0,27.3,27.5,30.2,29.6,30.5,22.4,23.7,23.4,73.2,81.1,78.9,3.063,8.212,36.158,4.17,4.17,8.33,rain,rain,rain,37.1,35.6,25.9,18.6,23.1,13.9,122.2,147.2,84.4,1007.2,1009.4,1010.5,61.5,70.0,66.0,9.7,8.9,9.7,257.4,236.2,80.9
2020-05-16,28.6,33.2,24.5,79.2,2.968,4.17,rain,28.8,21.4,115.1,1004.2,62.7,9.4,244.3,0.79,Rain,0.7067265555776158,-0.7074868024503348,29.1,28.0,27.3,34.3,30.2,29.6,24.8,22.4,23.7,78.4,73.2,81.1,0.0,3.063,8.212,0.0,4.17,4.17,noprecip,rain,rain,50.0,37.1,35.6,23.2,18.6,23.1,123.0,122.2,147.2,1004.1,1007.2,1009.4,68.4,61.5,70.0,9.5,9.7,8.9,265.5,257.4,236.2
2020-05-17,28.8,33.2,24.0,76.1,50.4,50.0,rain,29.5,35.3,106.1,1003.8,63.9,9.9,150.5,0.82,Rain,0.6944521021088763,-0.719538934232584,28.6,29.1,28.0,33.2,34.3,30.2,24.5,24.8,22.4,79.2,78.4,73.2,2.968,0.0,3.063,4.17,0.0,4.17,rain,noprecip,rain,28.8,50.0,37.1,21.4,23.2,18.6,115.1,123.0,122.2,1004.2,1004.1,1007.2,62.7,68.4,61.5,9.4,9.5,9.7,244.3,265.5,257.4
2020-05-18,28.7,32.4,23.6,74.9,2.375,8.33,rain,27.0,17.7,79.3,1003.2,54.6,10.9,164.6,0.85,Rain,0.6819721490904629,-0.7313781428679254,28.8,28.6,29.1,33.2,33.2,34.3,24.0,24.5,24.8,76.1,79.2,78.4,50.4,2.968,0.0,50.0,4.17,0.0,rain,rain,noprecip,29.5,28.8,50.0,35.3,21.4,23.2,106.1,115.1,123.0,1003.8,1004.2,1004.1,63.9,62.7,68.4,9.9,9.4,9.5,150.5,244.3,265.5
2020-05-19,29.1,34.3,25.2,80.3,0.992,4.17,rain,26.3,18.4,105.9,1003.2,67.0,8.5,193.2,0.88,Rain,0.6692903895412567,-0.7430009249440493,28.7,28.8,28.6,32.4,33.2,33.2,23.6,24.0,24.5,74.9,76.1,79.2,2.375,50.4,2.968,8.33,50.0,4.17,rain,rain,rain,27.0,29.5,28.8,17.7,35.3,21.4,79.3,106.1,115.1,1003.2,1003.8,1004.2,54.6,63.9,62.7,10.9,9.9,9.4,164.6,150.5,244.3
2020-05-20,32.2,39.9,25.7,70.6,0.0,0.0,noprecip,24.5,14.8,127.9,1001.2,52.9,10.9,271.3,0.92,Cloudy,0.6564105761979381,-0.7544038410927472,29.1,28.7,28.8,34.3,32.4,33.2,25.2,23.6,24.0,80.3,74.9,76.1,0.992,2.375,50.4,4.17,8.33,50.0,rain,rain,rain,26.3,27.0,29.5,18.4,17.7,35.3,105.9,79.3,106.1,1003.2,1003.2,1003.8,67.0,54.6,63.9,8.5,10.9,9.9,193.2,164.6,150.5
2020-05-21,34.0,41.6,25.0,62.1,0.0,0.0,noprecip,27.0,12.1,165.6,999.8,60.7,11.7,305.5,0.95,Cloudy,0.6433365204044917,-0.765583517007675,32.2,29.1,28.7,39.9,34.3,32.4,25.7,25.2,23.6,70.6,80.3,74.9,0.0,0.992,2.375,0.0,4.17,8.33,noprecip,rain,rain,24.5,26.3,27.0,14.8,18.4,17.7,127.9,105.9,79.3,1001.2,1003.2,1003.2,52.9,67.0,54.6,10.9,8.5,10.9,271.3,193.2,164.6
2020-05-22,31.7,39.2,25.4,69.8,1.2,8.33,rain,38.9,15.7,82.2,1002.8,72.1,9.7,200.5,0.98,Rain,0.6300720909843687,-0.7765366444428655,34.0,32.2,29.1,41.6,39.9,34.3,25.0,25.7,25.2,62.1,70.6,80.3,0.0,0.0,0.992,0.0,0.0,4.17,noprecip,noprecip,rain,27.0,24.5,26.3,12.1,14.8,18.4,165.6,127.9,105.9,999.8,1001.2,1003.2,60.7,52.9,67.0,11.7,10.9,8.5,305.5,271.3,193.2
2020-05-23,28.6,33.2,24.9,80.7,3.958,4.17,rain,16.9,13.9,81.2,1005.9,67.2,8.8,119.0,0.0,Rain,0.6166212130956382,-0.7872599821916922,31.7,34.0,32.2,39.2,41.6,39.9,25.4,25.0,25.7,69.8,62.1,70.6,1.2,0.0,0.0,8.33,0.0,0.0,rain,noprecip,noprecip,38.9,27.0,24.5,15.7,12.1,14.8,82.2,165.6,127.9,1002.8,999.8,1001.2,72.1,60.7,52.9,9.7,11.7,10.9,200.5,305.5,271.3
2020-05-24,29.3,34.6,24.8,77.5,0.297,4.17,rain,25.6,19.4,96.0,1006.1,51.0,9.2,165.8,0.05,Rain,0.6029878670694714,-0.7977503570459932,28.6,31.7,34.0,33.2,39.2,41.6,24.9,25.4,25.0,80.7,69.8,62.1,3.958,1.2,0.0,4.17,8.33,0.0,rain,rain,noprecip,16.9,38.9,27.0,13.9,15.7,12.1,81.2,82.2,165.6,1005.9,1002.8,999.8,67.2,72.1,60.7,8.8,9.7,11.7,119.0,200.5,305.5
2020-05-25,31.0,37.7,25.3,73.6,8.7,12.5,rain,46.4,22.2,98.5,1005.5,50.0,9.2,258.2,0.09,Rain,0.5891760872322963,-0.8080046647350754,29.3,28.6,31.7,34.6,33.2,39.2,24.8,24.9,25.4,77.5,80.7,69.8,0.297,3.958,1.2,4.17,4.17,8.33,rain,rain,rain,25.6,16.9,38.9,19.4,13.9,15.7,96.0,81.2,82.2,1006.1,1005.9,1002.8,51.0,67.2,72.1,9.2,8.8,9.7,165.8,119.0,200.5
2020-05-26,28.3,31.0,22.5,71.3,3.067,8.33,rain,32.8,16.6,38.2,1007.8,65.8,10.0,186.8,0.12,Rain,0.5751899607119775,-0.8180198708443175,31.0,29.3,28.6,37.7,34.6,33.2,25.3,24.8,24.9,73.6,77.5,80.7,8.7,0.297,3.958,12.5,4.17,4.17,rain,rain,rain,46.4,25.6,16.9,22.2,19.4,13.9,98.5,96.0,81.2,1005.5,1006.1,1005.9,50.0,51.0,67.2,9.2,9.2,8.8,258.2,165.8,119.0
2020-05-27,26.3,27.7,22.3,79.5,6.01,8.33,rain,22.3,17.7,314.6,1010.3,57.5,9.6,176.1,0.16,Rain,0.5610336262283677,-0.8277930117131022,28.3,31.0,29.3,31.0,37.7,34.6,22.5,25.3,24.8,71.3,73.6,77.5,3.067,8.7,0.297,8.33,12.5,4.17,rain,rain,rain,32.8,46.4,25.6,16.6,22.2,19.4,38.2,98.5,96.0,1007.8,1005.5,1006.1,65.8,50.0,51.0,10.0,9.2,9.2,186.8,258.2,165.8
2020-05-28,28.2,30.8,22.8,73.4,0.1,4.17,rain,22.7,12.1,170.1,1009.4,57.6,8.9,175.4,0.19,Rain,0.5467112728685939,-0.8373211953118121,26.3,28.3,31.0,27.7,31.0,37.7,22.3,22.5,25.3,79.5,71.3,73.6,6.01,3.067,8.7,8.33,8.33,12.5,rain,rain,rain,22.3,32.8,46.4,17.7,16.6,22.2,314.6,38.2,98.5,1010.3,1007.8,1005.5,57.5,65.8,50.0,9.6,10.0,9.2,176.1,186.8,258.2
2020-05-29,29.7,34.1,24.2,73.5,0.297,8.33,rain,32.4,18.4,139.3,1006.9,48.5,8.7,194.2,0.23,Rain,0.5322271388474397,-0.8466016020976267,28.2,26.3,28.3,30.8,27.7,31.0,22.8,22.3,22.5,73.4,79.5,71.3,0.1,6.01,3.067,4.17,8.33,8.33,rain,rain,rain,22.7,22.3,32.8,12.1,17.7,16.6,170.1,314.6,38.2,1009.4,1010.3,1007.8,57.6,57.5,65.8,8.9,9.6,10.0,175.4,176.1,186.8
2020-05-30,30.7,36.0,24.3,70.7,0.1,4.17,rain,30.2,15.6,111.7,1007.0,48.0,10.1,250.7,0.25,Rain,0.5175855102531889,-0.8556314858488706,29.7,28.2,26.3,34.1,30.8,27.7,24.2,22.8,22.3,73.5,73.4,79.5,0.297,0.1,6.01,8.33,4.17,8.33,rain,rain,rain,32.4,22.7,22.3,18.4,12.1,17.7,139.3,170.1,314.6,1006.9,1009.4,1010.3,48.5,57.6,57.5,8.7,8.9,9.6,194.2,175.4,176.1
2020-05-31,31.2,37.6,25.0,71.1,0.396,4.17,rain,23.8,18.4,113.7,1006.9,58.3,9.4,274.4,0.3,Rain,0.5027907197793043,-0.8644081744776648,30.7,29.7,28.2,36.0,34.1,30.8,24.3,24.2,22.8,70.7,73.5,73.4,0.1,0.297,0.1,4.17,8.33,4.17,rain,rain,rain,30.2,32.4,22.7,15.6,18.4,12.1,111.7,139.3,170.1,1007.0,1006.9,1009.4,48.0,48.5,57.6,10.1,8.7,8.9,250.7,194.2,175.4
2020-06-01,30.4,35.2,24.2,71.4,1.187,4.17,rain,28.1,21.3,122.4,1005.6,41.0,10.0,281.0,0.34,Rain,0.4878471454423119,-0.8729290708206411,31.2,30.7,29.7,37.6,36.0,34.1,25.0,24.3,24.2,71.1,70.7,73.5,0.396,0.1,0.297,4.17,4.17,8.33,rain,rain,rain,23.8,30.2,32.4,18.4,15.6,18.4,113.7,111.7,139.3,1006.9,1007.0,1006.9,58.3,48.0,48.5,9.4,10.1,8.7,274.4,250.7,194.2
2020-06-02,30.5,34.9,23.8,69.5,1.979,4.17,rain,37.1,16.5,126.7,1004.1,48.8,10.2,290.5,0.37,Rain,0.47275920928627757,-0.881191653407483,30.4,31.2,30.7,35.2,37.6,36.0,24.2,25.0,24.3,71.4,71.1,70.7,1.187,0.396,0.1,4.17,4.17,4.17,rain,rain,rain,28.1,23.8,30.2,21.3,18.4,15.6,122.4,113.7,111.7,1005.6,1006.9,1007.0,41.0,58.3,48.0,10.0,9.4,10.1,281.0,274.4,250.7
2020-06-03,31.3,37.5,24.7,69.5,0.6,8.33,rain,24.8,22.3,90.2,1003.4,35.2,9.5,289.6,0.41,Rain,0.4575313760742512,-0.8891934772070711,30.5,30.4,31.2,34.9,35.2,37.6,23.8,24.2,25.0,69.5,71.4,71.1,1.979,1.187,0.396,4.17,4.17,4.17,rain,rain,rain,37.1,28.1,23.8,16.5,21.3,18.4,126.7,122.4,113.7,1004.1,1005.6,1006.9,48.8,41.0,58.3,10.2,10.0,9.4,290.5,281.0,274.4
2020-06-04,31.8,38.7,25.1,69.1,0.2,8.33,rain,31.7,22.3,114.0,1002.9,60.9,9.7,252.8,0.44,Rain,0.44216815196707204,-0.8969321743510065,31.3,30.5,30.4,37.5,34.9,35.2,24.7,23.8,24.2,69.5,69.5,71.4,0.6,1.979,1.187,8.33,4.17,4.17,rain,rain,rain,24.8,37.1,28.1,22.3,16.5,21.3,90.2,126.7,122.4,1003.4,1004.1,1005.6,35.2,48.8,41.0,9.5,10.2,10.0,289.6,290.5,281.0
2020-06-05,31.5,38.2,25.0,69.6,0.0,0.0,noprecip,25.2,15.7,86.4,1002.9,49.4,10.5,253.2,0.48,Cloudy,0.42667408318992467,-0.9044054548343001,31.8,31.3,30.5,38.7,37.5,34.9,25.1,24.7,23.8,69.1,69.5,69.5,0.2,0.6,1.979,8.33,8.33,4.17,rain,rain,rain,31.7,24.8,37.1,22.3,22.3,16.5,114.0,90.2,126.7,1002.9,1003.4,1004.1,60.9,35.2,48.8,9.7,9.5,10.2,252.8,289.6,290.5
2020-06-06,31.5,38.7,25.3,70.9,0.0,0.0,noprecip,22.7,13.9,96.6,1002.4,47.0,11.2,243.1,0.5,Cloudy,0.4110537546870351,-0.9116111071930239,31.5,31.8,31.3,38.2,38.7,37.5,25.0,25.1,24.7,69.6,69.1,69.5,0.0,0.2,0.6,0.0,8.33,8.33,noprecip,rain,rain,25.2,31.7,24.8,15.7,22.3,22.3,86.4,114.0,90.2,1002.9,1002.9,1003.4,49.4,60.9,35.2,10.5,9.7,9.5,253.2,252.8,289.6
2020-06-07,32.9,38.7,23.8,61.0,0.0,0.0,noprecip,33.8,16.6,171.8,1000.5,48.3,10.2,287.8,0.55,Cloudy,0.3953117887649151,-0.9185469991587165,31.5,31.5,31.8,38.7,38.2,38.7,25.3,25.0,25.1,70.9,69.6,69.1,0.0,0.0,0.2,0.0,0.0,8.33,noprecip,noprecip,rain,22.7,25.2,31.7,13.9,15.7,22.3,96.6,86.4,114.0,1002.4,1002.9,1002.9,47.0,49.4,60.9,11.2,10.5,9.7,243.1,253.2,252.8
2020-06-08,34.0,39.3,23.0,54.4,0.0,0.0,noprecip,36.0,18.5,209.6,1000.4,60.0,10.3,295.1,0.58,Cloudy,0.37945284372454435,-0.925211078289358,32.9,31.5,31.5,38.7,38.7,38.2,23.8,25.3,25.0,61.0,70.9,69.6,0.0,0.0,0.0,0.0,0.0,0.0,noprecip,noprecip,noprecip,33.8,22.7,25.2,16.6,13.9,15.7,171.8,96.6,86.4,1000.5,1002.4,1002.9,48.3,47.0,49.4,10.2,11.2,10.5,287.8,243.1,253.2
2020-06-09,32.3,37.7,23.6,61.8,0.1,4.17,rain,25.9,20.6,110.1,1003.3,77.1,9.8,254.0,0.61,Rain,0.36348161248290634,-0.9316013725767187,34.0,32.9,31.5,39.3,38.7,38.7,23.0,23.8,25.3,54.4,61.0,70.9,0.0,0.0,0.0,0.0,0.0,0.0,noprecip,noprecip,noprecip,36.0,33.8,22.7,18.5,16.6,13.9,209.6,171.8,96.6,1000.4,1000.5,1002.4,60.0,48.3,47.0,10.3,10.2,11.2,295.1,287.8,243.1
2020-06-10,30.5,35.9,24.7,73.0,0.495,4.17,rain,24.8,29.5,139.6,1005.1,50.8,9.9,209.0,0.64,Rain,0.3474028211842774,-0.9377159910299093,32.3,34.0,32.9,37.7,39.3,38.7,23.6,23.0,23.8,61.8,54.4,61.0,0.1,0.0,0.0,4.17,0.0,0.0,rain,noprecip,noprecip,25.9,36.0,33.8,20.6,18.5,16.6,110.1,209.6,171.8,1003.3,1000.4,1000.5,77.1,60.0,48.3,9.8,10.3,10.2,254.0,295.1,287.8
2020-06-11,29.0,33.2,24.6,78.1,4.328,8.33,rain,33.1,29.7,96.8,1004.2,63.7,9.8,222.2,0.67,Rain,0.3312212278016865,-0.9435531242349544,30.5,32.3,34.0,35.9,37.7,39.3,24.7,23.6,23.0,73.0,61.8,54.4,0.495,0.1,0.0,4.17,4.17,0.0,rain,rain,noprecip,24.8,25.9,36.0,29.5,20.6,18.5,139.6,110.1,209.6,1005.1,1003.3,1000.4,50.8,77.1,60.0,9.9,9.8,10.3,209.0,254.0,295.1
2020-06-12,29.9,33.9,24.0,72.6,1.01,8.33,rain,29.9,20.4,129.4,1001.7,60.0,9.9,192.1,0.71,Rain,0.31494162072895193,-0.9491110448902284,29.0,30.5,32.3,33.2,35.9,37.7,24.6,24.7,23.6,78.1,73.0,61.8,4.328,0.495,0.1,8.33,4.17,4.17,rain,rain,rain,33.1,24.8,25.9,29.7,29.5,20.6,96.8,139.6,110.1,1004.2,1005.1,1003.3,63.7,50.8,77.1,9.8,9.9,9.8,222.2,209.0,254.0
2020-06-13,30.8,37.1,24.9,72.0,8.7,8.33,rain,28.8,24.1,114.7,1001.3,47.1,10.5,263.2,0.75,Rain,0.2985688173637202,-0.9543881083175908,29.9,29.0,30.5,33.9,33.2,35.9,24.0,24.6,24.7,72.6,78.1,73.0,1.01,4.328,0.495,8.33,8.33,4.17,rain,rain,rain,29.9,33.1,24.8,20.4,29.7,29.5,129.4,96.8,139.6,1001.7,1004.2,1005.1,60.0,63.7,50.8,9.9,9.8,9.9,192.1,222.2,209.0
2020-06-14,28.5,33.0,25.0,81.4,0.001,4.17,rain,39.2,20.4,71.9,1004.0,65.7,9.8,106.0,0.77,Rain,0.2821076626819194,-0.9593827529490743,30.8,29.9,29.0,37.1,33.9,33.2,24.9,24.0,24.6,72.0,72.6,78.1,8.7,1.01,4.328,8.33,8.33,8.33,rain,rain,rain,28.8,29.9,33.1,24.1,20.4,29.7,114.7,129.4,96.8,1001.3,1001.7,1004.2,47.1,60.0,63.7,10.5,9.9,9.8,263.2,192.1,222.2
2020-06-15,27.2,29.8,24.3,84.3,18.08,12.5,rain,23.0,15.7,90.3,1006.1,65.7,8.7,98.3,0.8,Rain,0.26556302780405594,-0.9640935007889755,28.5,30.8,29.9,33.0,37.1,33.9,25.0,24.9,24.0,81.4,72.0,72.6,0.001,8.7,1.01,4.17,8.33,8.33,rain,rain,rain,39.2,28.8,29.9,20.4,24.1,20.4,71.9,114.7,129.4,1004.0,1001.3,1001.7,65.7,47.1,60.0,9.8,10.5,9.9,106.0,263.2,192.1
2020-06-16,30.3,36.2,24.9,73.8,1.1,12.5,rain,31.0,24.1,121.7,1004.2,54.8,10.9,256.7,0.84,Rain,0.24893980855376657,-0.9685189578512204,27.2,28.5,30.8,29.8,33.0,37.1,24.3,25.0,24.9,84.3,81.4,72.0,18.08,0.001,8.7,12.5,4.17,8.33,rain,rain,rain,23.0,39.2,28.8,15.7,20.4,24.1,90.3,71.9,114.7,1006.1,1004.0,1001.3,65.7,65.7,47.1,8.7,9.8,10.5,98.3,106.0,263.2
2020-06-17,30.8,36.7,24.6,70.4,1.4,16.67,rain,34.2,21.4,130.3,1002.4,68.6,11.7,257.4,0.87,Rain,0.23224292400907015,-0.9726578145718654,30.3,27.2,28.5,36.2,29.8,33.0,24.9,24.3,25.0,73.8,84.3,81.4,1.1,18.08,0.001,12.5,12.5,4.17,rain,rain,rain,31.0,23.0,39.2,24.1,15.7,20.4,121.7,90.3,71.9,1004.2,1006.1,1004.0,54.8,65.7,65.7,10.9,8.7,9.8,256.7,98.3,106.0
2020-06-18,31.0,37.4,24.9,71.1,0.5,20.83,rain,28.1,23.2,104.1,1003.5,46.9,11.3,279.5,0.9,Rain,0.21547731504673012,-0.976508846196619,30.8,30.3,27.2,36.7,36.2,29.8,24.6,24.9,24.3,70.4,73.8,84.3,1.4,1.1,18.08,16.67,12.5,12.5,rain,rain,rain,34.2,31.0,23.0,21.4,24.1,15.7,130.3,121.7,90.3,1002.4,1004.2,1006.1,68.6,54.8,65.7,11.7,10.9,8.7,257.4,256.7,98.3
2020-06-19,30.7,36.7,24.8,72.0,3.1,33.33,rain,26.3,23.2,114.2,1005.3,55.2,10.4,222.9,0.93,Rain,0.19864794288017112,-0.9800709131432666,31.0,30.8,30.3,37.4,36.7,36.2,24.9,24.6,24.9,71.1,70.4,73.8,0.5,1.4,1.1,20.83,16.67,12.5,rain,rain,rain,28.1,34.2,31.0,23.2,21.4,24.1,104.1,130.3,121.7,1003.5,1002.4,1004.2,46.9,68.6,54.8,11.3,11.7,10.9,279.5,257.4,256.7
2020-06-20,31.5,38.3,25.0,69.8,0.1,4.17,rain,30.6,25.9,136.3,1004.5,54.1,9.9,275.7,0.97,Rain,0.18175978759137534,-0.9833429613388902,30.7,31.0,30.8,36.7,37.4,36.7,24.8,24.9,24.6,72.0,71.1,70.4,3.1,0.5,1.4,33.33,20.83,16.67,rain,rain,rain,26.3,28.1,34.2,23.2,23.2,21.4,114.2,104.1,130.3,1005.3,1003.5,1002.4,55.2,46.9,68.6,10.4,11.3,11.7,222.9,279.5,257.4
2020-06-21,32.2,39.5,25.1,67.3,0.1,4.17,rain,29.2,20.4,137.4,1001.8,57.1,11.6,289.0,0.0,Rain,0.16481784665719793,-0.9863240225317866,31.5,30.7,31.0,38.3,36.7,37.4,25.0,24.8,24.9,69.8,72.0,71.1,0.1,3.1,0.5,4.17,33.33,20.83,rain,rain,rain,30.6,26.3,28.1,25.9,23.2,23.2,136.3,114.2,104.1,1004.5,1005.3,1003.5,54.1,55.2,46.9,9.9,10.4,11.3,275.7,222.9,279.5
2020-06-22,33.2,40.1,24.6,63.2,0.0,0.0,noprecip,35.3,22.3,130.2,1001.3,53.4,11.9,302.4,0.03,Cloudy,0.14782713347053048,-0.9890132145779883,32.2,31.5,30.7,39.5,38.3,36.7,25.1,25.0,24.8,67.3,69.8,72.0,0.1,0.1,3.1,4.17,4.17,33.33,rain,rain,rain,29.2,30.6,26.3,20.4,25.9,23.2,137.4,136.3,114.2,1001.8,1004.5,1005.3,57.1,54.1,55.2,11.6,9.9,10.4,289.0,275.7,222.9
2020-06-23,32.7,38.7,23.9,61.5,0.1,4.17,rain,29.9,21.4,124.5,1002.8,77.9,11.3,294.7,0.07,Rain,0.13079267585675922,-0.9914097417023038,33.2,32.2,31.5,40.1,39.5,38.3,24.6,25.1,25.0,63.2,67.3,69.8,0.0,0.1,0.1,0.0,4.17,4.17,noprecip,rain,rain,35.3,29.2,30.6,22.3,20.4,25.9,130.2,137.4,136.3,1001.3,1001.8,1004.5,53.4,57.1,54.1,11.9,11.6,9.9,302.4,289.0,275.7
2020-06-24,33.1,38.8,23.5,58.8,1.979,4.17,rain,29.9,16.6,141.8,1001.7,86.6,10.7,282.1,0.11,Rain,0.11371951458594969,-0.9935128947338007,32.7,33.2,32.2,38.7,40.1,39.5,23.9,24.6,25.1,61.5,63.2,67.3,0.1,0.0,0.1,4.17,0.0,4.17,rain,noprecip,rain,29.9,35.3,29.2,21.4,22.3,20.4,124.5,130.2,137.4,1002.8,1001.3,1001.8,77.9,53.4,57.1,11.3,11.9,11.6,294.7,302.4,289.0
2020-06-25,30.5,38.2,25.9,76.7,0.2,8.33,rain,19.8,15.7,81.3,1001.3,65.3,8.6,177.0,0.14,Rain,0.0966127018812031,-0.9953220513156602,33.1,32.7,33.2,38.8,38.7,40.1,23.5,23.9,24.6,58.8,61.5,63.2,1.979,0.1,0.0,4.17,4.17,0.0,rain,rain,noprecip,29.9,29.9,35.3,16.6,21.4,22.3,141.8,124.5,130.2,1001.7,1002.8,1001.3,86.6,77.9,53.4,10.7,11.3,11.9,282.1,294.7,302.4
2020-06-26,32.3,37.7,23.7,63.0,2.968,4.17,rain,32.4,27.9,143.0,1001.8,79.2,11.5,274.3,0.18,Rain,0.07947729992362097,-0.9968366760893436,30.5,33.1,32.7,38.2,38.8,38.7,25.9,23.5,23.9,76.7,58.8,61.5,0.2,1.979,0.1,8.33,4.17,4.17,rain,rain,rain,19.8,29.9,29.9,15.7,16.6,21.4,81.3,141.8,124.5,1001.3,1001.7,1002.8,65.3,86.6,77.9,8.6,10.7,11.3,177.0,282.1,294.7
2020-06-27,32.6,38.7,24.1,62.3,0.0,0.0,noprecip,34.6,25.0,134.8,1002.9,67.9,12.0,295.7,0.21,Cloudy,0.062318379354325076,-0.998056320853012,32.3,30.5,33.1,37.7,38.2,38.8,23.7,25.9,23.5,63.0,76.7,58.8,2.968,0.2,1.979,4.17,8.33,4.17,rain,rain,rain,32.4,19.8,29.9,27.9,15.7,16.6,143.0,81.3,141.8,1001.8,1001.3,1001.7,79.2,65.3,86.6,11.5,8.6,10.7,274.3,177.0,282.1
2020-06-28,32.4,39.1,24.6,65.2,0.1,4.17,rain,31.0,25.0,138.0,1003.3,54.0,12.3,292.3,0.25,Rain,0.04514101777397193,-0.9989806246941579,32.6,32.3,30.5,38.7,37.7,38.2,24.1,23.7,25.9,62.3,63.0,76.7,0.0,2.968,0.2,0.0,4.17,8.33,noprecip,rain,rain,34.6,32.4,19.8,25.0,27.9,15.7,134.8,143.0,81.3,1002.9,1001.8,1001.3,67.9,79.2,65.3,12.0,11.5,8.6,295.7,274.3,177.0
2020-06-29,31.8,39.5,25.5,70.6,0.099,4.17,rain,29.5,23.2,125.3,1002.8,59.5,11.0,270.6,0.28,Rain,0.02795029824021032,-0.999609314096404,32.4,32.6,32.3,39.1,38.7,37.7,24.6,24.1,23.7,65.2,62.3,63.0,0.1,0.0,2.968,4.17,0.0,4.17,rain,noprecip,rain,31.0,34.6,32.4,25.0,25.0,27.9,138.0,134.8,143.0,1003.3,1002.9,1001.8,54.0,67.9,79.2,12.3,12.0,11.5,292.3,295.7,274.3
2020-06-30,31.9,39.4,25.3,69.1,0.7,12.5,rain,26.3,24.1,120.4,1001.6,58.9,10.0,249.4,0.32,Rain,0.01075130776352193,-0.9999422030204416,31.8,32.4,32.6,39.5,39.1,38.7,25.5,24.6,24.1,70.6,65.2,62.3,0.099,0.1,0.0,4.17,4.17,0.0,rain,rain,noprecip,29.5,31.0,34.6,23.2,25.0,25.0,125.3,138.0,134.8,1002.8,1003.3,1002.9,59.5,54.0,67.9,11.0,12.3,12.0,270.6,292.3,295.7
2020-07-01,29.3,34.9,24.8,77.1,0.222,4.17,rain,25.9,15.7,90.6,1001.1,62.3,9.6,213.8,0.36,Rain,-0.00645086419810515,-0.9999791929590823,31.9,31.8,32.4,39.4,39.5,39.1,25.3,25.5,24.6,69.1,70.6,65.2,0.7,0.099,0.1,12.5,4.17,4.17,rain,rain,rain,26.3,29.5,31.0,24.1,23.2,25.0,120.4,125.3,138.0,1001.6,1002.8,1003.3,58.9,59.5,54.0,10.0,11.0,12.3,249.4,270.6,292.3
2020-07-02,29.9,35.8,25.1,76.1,0.084,4.17,rain,21.2,16.5,96.9,1001.4,51.5,9.1,166.6,0.39,Rain,-0.023651127245231586,-0.9997202729664083,29.3,31.9,31.8,34.9,39.4,39.5,24.8,25.3,25.5,77.1,69.1,70.6,0.222,0.7,0.099,4.17,12.5,4.17,rain,rain,rain,25.9,26.3,29.5,15.7,24.1,23.2,90.6,120.4,125.3,1001.1,1001.6,1002.8,62.3,58.9,59.5,9.6,10.0,11.0,213.8,249.4,270.6
2020-07-03,30.0,36.6,25.5,77.2,0.533,12.5,rain,22.7,20.5,102.6,1004.1,58.2,9.2,132.6,0.43,Rain,-0.04084439154329611,-0.9991655196610109,29.9,29.3,31.9,35.8,34.9,39.4,25.1,24.8,25.3,76.1,77.1,69.1,0.084,0.222,0.7,4.17,4.17,12.5,rain,rain,rain,21.2,25.9,26.3,16.5,15.7,24.1,96.9,90.6,120.4,1001.4,1001.1,1001.6,51.5,62.3,58.9,9.1,9.6,10.0,166.6,213.8,249.4
2020-07-04,28.8,33.9,25.2,81.2,41.56,12.5,rain,23.0,13.2,97.0,1005.5,58.9,9.5,152.3,0.46,Rain,-0.05802556932878035,-0.9983150972033183,30.0,29.9,29.3,36.6,35.8,34.9,25.5,25.1,24.8,77.2,76.1,77.1,0.533,0.084,0.222,12.5,4.17,4.17,rain,rain,rain,22.7,21.2,25.9,20.5,16.5,15.7,102.6,96.9,90.6,1004.1,1001.4,1001.1,58.2,51.5,62.3,9.2,9.1,9.6,132.6,166.6,213.8
2020-07-05,30.7,37.4,25.3,74.1,1.3,25.0,rain,24.8,25.9,119.6,1003.6,61.4,9.9,217.6,0.5,Rain,-0.07518957641475855,-0.9971692572470178,28.8,30.0,29.9,33.9,36.6,35.8,25.2,25.5,25.1,81.2,77.2,76.1,41.56,0.533,0.084,12.5,12.5,4.17,rain,rain,rain,23.0,22.7,21.2,13.2,20.5,16.5,97.0,102.6,96.9,1005.5,1004.1,1001.4,58.9,58.2,51.5,9.5,9.2,9.1,152.3,132.6,166.6
2020-07-06,31.2,37.9,25.1,70.8,1.0,8.33,rain,31.3,21.4,126.6,1003.2,54.6,10.4,246.6,0.53,Rain,-0.09233133369539122,-0.9957283388645872,30.7,28.8,30.0,37.4,33.9,36.6,25.3,25.2,25.5,74.1,81.2,77.2,1.3,41.56,0.533,25.0,12.5,12.5,rain,rain,rain,24.8,23.0,22.7,25.9,13.2,20.5,119.6,97.0,102.6,1003.6,1005.5,1004.1,61.4,58.9,58.2,9.9,9.5,9.2,217.6,152.3,132.6
2020-07-07,31.8,39.6,25.6,70.6,0.0,0.0,noprecip,35.3,25.9,138.5,1005.3,58.7,10.4,288.6,0.56,Cloudy,-0.10944576864891556,-0.993992768446958,31.2,30.7,28.8,37.9,37.4,33.9,25.1,25.3,25.2,70.8,74.1,81.2,1.0,1.3,41.56,8.33,25.0,12.5,rain,rain,rain,31.3,24.8,23.0,21.4,25.9,13.2,126.6,119.6,97.0,1003.2,1003.6,1005.5,54.6,61.4,58.9,10.4,9.9,9.5,246.6,217.6,152.3
2020-07-08,32.6,39.5,24.8,65.2,0.0,0.0,noprecip,28.1,24.1,146.7,1003.7,75.1,11.3,283.0,0.6,Cloudy,-0.12652781683868314,-0.9919630595773397,31.8,31.2,30.7,39.6,37.9,37.4,25.6,25.1,25.3,70.6,70.8,74.1,0.0,1.0,1.3,0.0,8.33,25.0,noprecip,rain,rain,35.3,31.3,24.8,25.9,21.4,25.9,138.5,126.6,119.6,1005.3,1003.2,1003.6,58.7,54.6,61.4,10.4,10.4,9.9,288.6,246.6,217.6
2020-07-09,33.5,39.4,23.6,58.7,0.0,0.0,noprecip,30.2,22.3,199.8,1000.3,73.8,10.0,275.8,0.63,Cloudy,-0.1435724234118113,-0.9896398128792412,32.6,31.8,31.2,39.5,39.6,37.9,24.8,25.6,25.1,65.2,70.6,70.8,0.0,0.0,1.0,0.0,0.0,8.33,noprecip,noprecip,rain,28.1,35.3,31.3,24.1,25.9,21.4,146.7,138.5,126.6,1003.7,1005.3,1003.2,75.1,58.7,54.6,11.3,10.4,10.4,283.0,288.6,246.6
2020-07-10,33.0,38.5,23.5,59.1,0.0,0.0,noprecip,29.9,18.5,210.1,1000.2,86.7,11.7,209.7,0.66,Cloudy,-0.16057454459499376,-0.9870237158387383,33.5,32.6,31.8,39.4,39.5,39.6,23.6,24.8,25.6,58.7,65.2,70.6,0.0,0.0,0.0,0.0,0.0,0.0,noprecip,noprecip,noprecip,30.2,28.1,35.3,22.3,24.1,25.9,199.8,146.7,138.5,1000.3,1003.7,1005.3,73.8,75.1,58.7,10.0,11.3,10.4,275.8,283.0,288.6
2020-07-11,31.2,35.6,22.8,61.6,0.194,8.33,rain,27.7,17.5,217.0,1001.9,87.4,10.1,128.5,0.69,Rain,-0.17752914918703497,-0.984115542601034,33.0,33.5,32.6,38.5,39.4,39.5,23.5,23.6,24.8,59.1,58.7,65.2,0.0,0.0,0.0,0.0,0.0,0.0,noprecip,noprecip,noprecip,29.9,30.2,28.1,18.5,22.3,24.1,210.1,199.8,146.7,1000.2,1000.3,1003.7,86.7,73.8,75.1,11.7,10.0,11.3,209.7,275.8,283.0
2020-07-12,30.7,36.1,23.8,67.6,0.0,0.0,noprecip,24.8,16.5,193.8,1003.0,52.7,9.8,165.7,0.73,Cloudy,-0.19443122004766195,-0.9809161537413774,31.2,33.0,33.5,35.6,38.5,39.4,22.8,23.5,23.6,61.6,59.1,58.7,0.194,0.0,0.0,8.33,0.0,0.0,rain,noprecip,noprecip,27.7,29.9,30.2,17.5,18.5,22.3,217.0,210.1,199.8,1001.9,1000.2,1000.3,87.4,86.7,73.8,10.1,11.7,10.0,128.5,209.7,275.8
2020-07-13,31.9,37.7,24.2,65.7,0.3,4.17,rain,26.3,21.4,138.1,1004.9,34.2,11.2,289.0,0.75,Rain,-0.2112757555821793,-0.9774264960104055,30.7,31.2,33.0,36.1,35.6,38.5,23.8,22.8,23.5,67.6,61.6,59.1,0.0,0.194,0.0,0.0,8.33,0.0,noprecip,rain,noprecip,24.8,27.7,29.9,16.5,17.5,18.5,193.8,217.0,210.1,1003.0,1001.9,1000.2,52.7,87.4,86.7,9.8,10.1,11.7,165.7,128.5,209.7
2020-07-14,30.8,35.7,24.0,68.3,0.4,16.67,rain,22.3,20.4,188.8,1006.1,37.4,10.7,264.7,0.79,Rain,-0.2280577712215198,-0.9736476020539838,31.9,30.7,31.2,37.7,36.1,35.6,24.2,23.8,22.8,65.7,67.6,61.6,0.3,0.0,0.194,4.17,0.0,8.33,rain,noprecip,rain,26.3,24.8,27.7,21.4,16.5,17.5,138.1,193.8,217.0,1004.9,1003.0,1001.9,34.2,52.7,87.4,11.2,9.8,10.1,289.0,165.7,128.5
2020-07-15,32.2,39.1,25.0,67.4,0.1,4.17,rain,30.2,24.1,134.3,1004.0,39.9,10.2,285.7,0.82,Rain,-0.24477230089725957,-0.9695805901076308,30.8,31.9,30.7,35.7,37.7,36.1,24.0,24.2,23.8,68.3,65.7,67.6,0.4,0.3,0.0,16.67,4.17,0.0,rain,rain,noprecip,22.3,26.3,24.8,20.4,21.4,16.5,188.8,138.1,193.8,1006.1,1004.9,1003.0,37.4,34.2,52.7,10.7,11.2,9.8,264.7,289.0,165.7
2020-07-16,31.8,38.8,25.1,68.9,0.1,4.17,rain,30.6,22.3,126.5,1003.4,55.0,10.5,271.8,0.85,Rain,-0.2614143985111562,-0.965226663665613,32.2,30.8,31.9,39.1,35.7,37.7,25.0,24.0,24.2,67.4,68.3,65.7,0.1,0.4,0.3,4.17,16.67,4.17,rain,rain,rain,30.2,22.3,26.3,24.1,20.4,21.4,134.3,188.8,138.1,1004.0,1006.1,1004.9,39.9,37.4,34.2,10.2,10.7,11.2,285.7,264.7,289.0
2020-07-17,32.5,39.2,24.6,64.9,0.0,0.0,noprecip,30.6,24.1,139.8,1003.9,65.8,11.3,290.9,0.89,Cloudy,-0.2779791393987801,-0.9605871111248129,31.8,32.2,30.8,38.8,39.1,35.7,25.1,25.0,24.0,68.9,67.4,68.3,0.1,0.1,0.4,4.17,4.17,16.67,rain,rain,rain,30.6,30.2,22.3,22.3,24.1,20.4,126.5,134.3,188.8,1003.4,1004.0,1006.1,55.0,39.9,37.4,10.5,10.2,10.7,271.8,285.7,264.7
2020-07-18,33.0,39.7,24.4,63.0,0.2,4.17,rain,29.2,20.5,152.8,1004.1,71.6,11.0,293.7,0.92,Rain,-0.2944616217868012,-0.9556633054034704,32.5,31.8,32.2,39.2,38.8,39.1,24.6,25.1,25.0,64.9,68.9,67.4,0.0,0.1,0.1,0.0,4.17,4.17,noprecip,rain,rain,30.6,30.6,30.2,24.1,22.3,24.1,139.8,126.5,134.3,1003.9,1003.4,1004.0,65.8,55.0,39.9,11.3,10.5,10.2,290.9,271.8,285.7
2020-07-19,32.7,39.3,24.3,63.2,4.1,16.67,rain,34.9,20.5,150.2,1003.4,67.6,11.0,279.8,0.95,Rain,-0.3108569682435036,-0.9504567035349151,33.0,32.5,31.8,39.7,39.2,38.8,24.4,24.6,25.1,63.0,64.9,68.9,0.2,0.0,0.1,4.17,0.0,4.17,rain,noprecip,rain,29.2,30.6,30.6,20.5,24.1,22.3,152.8,139.8,126.5,1004.1,1003.9,1003.4,71.6,65.8,55.0,11.0,11.3,10.5,293.7,290.9,271.8
2020-07-20,28.9,33.6,24.7,78.8,0.198,8.33,rain,24.5,18.6,96.1,1005.3,52.2,9.5,169.2,0.98,Rain,-0.3271603271220951,-0.9449688462364056,32.7,33.0,32.5,39.3,39.7,39.2,24.3,24.4,24.6,63.2,63.0,64.9,4.1,0.2,0.0,16.67,4.17,0.0,rain,rain,noprecip,34.9,29.2,30.6,20.5,20.5,24.1,150.2,152.8,139.8,1003.4,1004.1,1003.9,67.6,71.6,65.8,11.0,11.0,11.3,279.8,293.7,290.9
2020-07-21,29.9,35.7,25.0,75.7,0.693,8.33,rain,35.3,27.7,126.9,1007.3,47.4,9.5,236.2,0.0,Rain,-0.34336687399638804,-0.939201357453208,28.9,32.7,33.0,33.6,39.3,39.7,24.7,24.3,24.4,78.8,63.2,63.0,0.198,4.1,0.2,8.33,16.67,4.17,rain,rain,rain,24.5,34.9,29.2,18.6,20.5,20.5,96.1,150.2,152.8,1005.3,1003.4,1004.1,52.2,67.6,71.6,9.5,11.0,11.0,169.2,279.8,293.7
2020-07-22,30.8,36.4,24.3,69.5,0.5,12.5,rain,33.8,20.5,137.6,1007.1,36.1,10.6,276.0,0.05,Rain,-0.3594718130884232,-0.9331559438780432,29.9,28.9,32.7,35.7,33.6,39.3,25.0,24.7,24.3,75.7,78.8,63.2,0.693,0.198,4.1,8.33,8.33,16.67,rain,rain,rain,35.3,24.5,34.9,27.7,18.6,20.5,126.9,96.1,150.2,1007.3,1005.3,1003.4,47.4,52.2,67.6,9.5,9.5,11.0,236.2,169.2,279.8
2020-07-23,31.0,36.4,24.1,68.3,0.3,12.5,rain,28.1,18.4,127.4,1007.0,33.3,9.8,273.8,0.09,Rain,-0.3754703786876202,-0.9268343944460494,30.8,29.9,28.9,36.4,35.7,33.6,24.3,25.0,24.7,69.5,75.7,78.8,0.5,0.693,0.198,12.5,8.33,8.33,rain,rain,rain,33.8,35.3,24.5,20.5,27.7,18.6,137.6,126.9,96.1,1007.1,1007.3,1005.3,36.1,47.4,52.2,10.6,9.5,9.5,276.0,236.2,169.2
2020-07-24,31.2,36.9,24.4,68.8,0.0,0.0,noprecip,27.0,19.4,127.9,1007.2,37.2,9.7,251.6,0.12,Cloudy,-0.3913578365610259,-0.9202385798054075,31.0,30.8,29.9,36.4,36.4,35.7,24.1,24.3,25.0,68.3,69.5,75.7,0.3,0.5,0.693,12.5,12.5,8.33,rain,rain,rain,28.1,33.8,35.3,18.4,20.5,27.7,127.4,137.6,126.9,1007.0,1007.1,1007.3,33.3,36.1,47.4,9.8,10.6,9.5,273.8,276.0,236.2
2020-07-25,31.5,37.9,24.8,69.2,0.0,0.0,noprecip,29.9,21.4,123.0,1006.1,47.6,9.6,266.4,0.16,Cloudy,-0.4071294853542516,-0.9133704517637858,31.2,31.0,30.8,36.9,36.4,36.4,24.4,24.1,24.3,68.8,68.3,69.5,0.0,0.3,0.5,0.0,12.5,12.5,noprecip,rain,rain,27.0,28.1,33.8,19.4,18.4,20.5,127.9,127.4,137.6,1007.2,1007.0,1007.1,37.2,33.3,36.1,9.7,9.8,10.6,251.6,273.8,276.0
2020-07-26,30.0,35.1,24.7,74.2,0.011,4.17,rain,50.0,27.0,126.8,1004.7,72.6,9.8,267.0,0.2,Rain,-0.4227806579826773,-0.9062320427107697,31.5,31.2,31.0,37.9,36.9,36.4,24.8,24.4,24.1,69.2,68.8,68.3,0.0,0.0,0.3,0.0,0.0,12.5,noprecip,noprecip,rain,29.9,27.0,28.1,21.4,19.4,18.4,123.0,127.9,127.4,1006.1,1007.2,1007.0,47.6,37.2,33.3,9.6,9.7,9.8,266.4,251.6,273.8
2020-07-27,28.5,32.4,24.1,77.2,3.0,16.67,rain,26.3,13.0,44.2,1004.2,69.0,8.9,179.3,0.25,Rain,-0.4383067230125192,-0.898825465016444,30.0,31.5,31.2,35.1,37.9,36.9,24.7,24.8,24.4,74.2,69.2,68.8,0.011,0.0,0.0,4.17,0.0,0.0,rain,noprecip,noprecip,50.0,29.9,27.0,27.0,21.4,19.4,126.8,123.0,127.9,1004.7,1006.1,1007.2,72.6,47.6,37.2,9.8,9.6,9.7,267.0,266.4,251.6
2020-07-28,29.1,33.2,24.2,75.7,0.084,8.33,rain,22.7,17.5,78.3,1005.4,55.9,7.7,116.5,0.27,Rain,-0.45370308603134424,-0.8911529104063088,28.5,30.0,31.5,32.4,35.1,37.9,24.1,24.7,24.8,77.2,74.2,69.2,3.0,0.011,0.0,16.67,4.17,0.0,rain,rain,noprecip,26.3,50.0,29.9,13.0,27.0,21.4,44.2,126.8,123.0,1004.2,1004.7,1006.1,69.0,72.6,47.6,8.9,9.8,9.6,179.3,267.0,266.4
2020-07-29,29.9,35.3,24.6,74.3,8.4,37.5,rain,22.0,14.8,107.5,1005.4,51.6,8.0,228.3,0.3,Rain,-0.46896519100763184,-0.8832166493127127,29.1,28.5,30.0,33.2,32.4,35.1,24.2,24.1,24.7,75.7,77.2,74.2,0.084,3.0,0.011,8.33,16.67,4.17,rain,rain,rain,22.7,26.3,50.0,17.5,13.0,27.0,78.3,44.2,126.8,1005.4,1004.2,1004.7,55.9,69.0,72.6,7.7,8.9,9.8,116.5,179.3,267.0
2020-07-30,31.6,37.4,24.3,67.4,1.2,20.83,rain,23.4,18.5,109.1,1004.9,51.1,9.3,254.7,0.34,Rain,-0.48408852163897587,-0.8750190302029955,29.9,29.1,28.5,35.3,33.2,32.4,24.6,24.2,24.1,74.3,75.7,77.2,8.4,0.084,3.0,37.5,8.33,16.67,rain,rain,rain,22.0,22.7,26.3,14.8,17.5,13.0,107.5,78.3,44.2,1005.4,1005.4,1004.2,51.6,55.9,69.0,8.0,7.7,8.9,228.3,116.5,179.3
2020-07-31,30.0,36.1,25.1,76.1,19.81,8.33,rain,22.0,16.8,56.4,1003.3,36.5,9.0,238.0,0.38,Rain,-0.4990686026885319,-0.8665624788845385,31.6,29.9,29.1,37.4,35.3,33.2,24.3,24.6,24.2,67.4,74.3,75.7,1.2,8.4,0.084,20.83,37.5,8.33,rain,rain,rain,23.4,22.0,22.7,18.5,14.8,17.5,109.1,107.5,78.3,1004.9,1005.4,1005.4,51.1,51.6,55.9,9.3,8.0,7.7,254.7,228.3,116.5
2020-08-01,29.3,34.0,24.3,75.2,8.067,12.5,rain,36.7,21.2,3.1,999.3,72.1,9.7,60.9,0.41,Rain,-0.5139010013093103,-0.8578494977869301,30.0,31.6,29.9,36.1,37.4,35.3,25.1,24.3,24.6,76.1,67.4,74.3,19.81,1.2,8.4,8.33,20.83,37.5,rain,rain,rain,22.0,23.4,22.0,16.8,18.5,14.8,56.4,109.1,107.5,1003.3,1004.9,1005.4,36.5,51.1,51.6,9.0,9.3,8.0,238.0,254.7,228.3
2020-08-02,26.8,28.6,24.3,86.3,66.526,29.17,rain,61.2,28.6,25.8,997.7,61.8,8.5,55.9,0.45,Rain,-0.5285813283559292,-0.8488826652214553,29.3,30.0,31.6,34.0,36.1,37.4,24.3,25.1,24.3,75.2,76.1,67.4,8.067,19.81,1.2,12.5,8.33,20.83,rain,rain,rain,36.7,22.0,23.4,21.2,16.8,18.5,3.1,56.4,109.1,999.3,1003.3,1004.9,72.1,36.5,51.1,9.7,9.0,9.3,60.9,238.0,254.7
2020-08-03,27.1,29.7,24.5,85.8,3.96,8.33,rain,21.6,17.6,57.8,999.8,69.7,9.5,78.5,0.5,Rain,-0.5431052396834317,-0.8396646346181327,26.8,29.3,30.0,28.6,34.0,36.1,24.3,24.3,25.1,86.3,75.2,76.1,66.526,8.067,19.81,29.17,12.5,8.33,rain,rain,rain,61.2,36.7,22.0,28.6,21.2,16.8,25.8,3.1,56.4,997.7,999.3,1003.3,61.8,72.1,36.5,8.5,9.7,9.0,55.9,60.9,238.0
2020-08-04,27.5,31.2,25.0,86.5,6.19,12.5,rain,24.1,16.5,101.1,1001.1,72.7,9.5,74.4,0.52,Rain,-0.5574684374327892,-0.8301981337405212,27.1,26.8,29.3,29.7,28.6,34.0,24.5,24.3,24.3,85.8,86.3,75.2,3.96,66.526,8.067,8.33,29.17,12.5,rain,rain,rain,21.6,61.2,36.7,17.6,28.6,21.2,57.8,25.8,3.1,999.8,997.7,999.3,69.7,61.8,72.1,9.5,8.5,9.7,78.5,55.9,60.9
2020-08-05,27.2,30.1,25.1,88.3,41.863,12.5,rain,19.8,13.0,115.9,1003.3,72.5,7.7,58.1,0.55,Rain,-0.5716666713027052,-0.8204859638785327,27.5,27.1,26.8,31.2,29.7,28.6,25.0,24.5,24.3,86.5,85.8,86.3,6.19,3.96,66.526,12.5,8.33,29.17,rain,rain,rain,24.1,21.6,61.2,16.5,17.6,28.6,101.1,57.8,25.8,1001.1,999.8,997.7,72.7,69.7,61.8,9.5,9.5,8.5,74.4,78.5,55.9
2020-08-06,27.0,29.8,25.2,89.9,3.515,12.5,rain,22.0,14.8,102.3,1005.6,74.8,8.5,68.1,0.58,Rain,-0.5856957398073508,-0.8105309990194823,27.2,27.5,27.1,30.1,31.2,29.7,25.1,25.0,24.5,88.3,86.5,85.8,41.863,6.19,3.96,12.5,12.5,8.33,rain,rain,rain,19.8,24.1,21.6,13.0,16.5,17.6,115.9,101.1,57.8,1003.3,1001.1,999.8,72.5,72.7,69.7,7.7,9.5,9.5,58.1,74.4,78.5
2020-08-07,27.3,30.7,24.9,87.0,35.063,12.5,rain,31.0,14.7,90.8,1005.8,63.2,9.6,166.2,0.61,Rain,-0.5995514915196489,-0.8003361849976323,27.0,27.2,27.5,29.8,30.1,31.2,25.2,25.1,25.0,89.9,88.3,86.5,3.515,41.863,6.19,12.5,12.5,12.5,rain,rain,rain,22.0,19.8,24.1,14.8,13.0,16.5,102.3,115.9,101.1,1005.6,1003.3,1001.1,74.8,72.5,72.7,8.5,7.7,9.5,68.1,58.1,74.4
2020-08-08,29.8,35.0,25.0,76.8,0.5,8.33,rain,30.2,17.5,117.9,1004.3,58.2,9.1,227.7,0.65,Rain,-0.6132298262997502,-0.7899045386224707,27.3,27.0,27.2,30.7,29.8,30.1,24.9,25.2,25.1,87.0,89.9,88.3,35.063,3.515,41.863,12.5,12.5,12.5,rain,rain,rain,31.0,22.0,19.8,14.7,14.8,13.0,90.8,102.3,115.9,1005.8,1005.6,1003.3,63.2,74.8,72.5,9.6,8.5,7.7,166.2,68.1,58.1
2020-08-09,30.3,37.1,25.7,77.2,0.297,4.17,rain,24.1,18.5,117.1,1002.4,42.9,9.1,222.3,0.68,Rain,-0.6267266965083301,-0.7792391467859886,29.8,27.3,27.0,35.0,30.7,29.8,25.0,24.9,25.2,76.8,87.0,89.9,0.5,35.063,3.515,8.33,12.5,12.5,rain,rain,rain,30.2,31.0,22.0,17.5,14.7,14.8,117.9,90.8,102.3,1004.3,1005.8,1005.6,58.2,63.2,74.8,9.1,9.6,8.5,227.7,166.2,68.1
2020-08-10,31.2,38.5,25.6,73.3,0.198,4.17,rain,22.7,18.5,134.8,1001.2,48.8,9.8,251.9,0.71,Rain,-0.6400381082043503,-0.7683431655492202,30.3,29.8,27.3,37.1,35.0,30.7,25.7,25.0,24.9,77.2,76.8,87.0,0.297,0.5,35.063,4.17,8.33,12.5,rain,rain,rain,24.1,30.2,31.0,18.5,17.5,14.7,117.1,117.9,90.8,1002.4,1004.3,1005.8,42.9,58.2,63.2,9.1,9.1,9.6,222.3,227.7,166.2
2020-08-11,29.6,33.5,24.4,75.4,28.452,8.33,rain,28.1,25.0,107.1,1001.8,48.8,10.0,261.7,0.75,Rain,-0.65316012232693,-0.7572198192083127,31.2,30.3,29.8,38.5,37.1,35.0,25.6,25.7,25.0,73.3,77.2,76.8,0.198,0.297,0.5,4.17,4.17,8.33,rain,rain,rain,22.7,24.1,30.2,18.5,18.5,17.5,134.8,117.1,117.9,1001.2,1002.4,1004.3,48.8,42.9,58.2,9.8,9.1,9.1,251.9,222.3,227.7
2020-08-12,30.1,36.7,25.7,77.8,19.852,4.17,rain,25.6,19.5,107.8,1004.0,62.5,10.2,249.5,0.78,Rain,-0.666088855860977,-0.7458723993404063,29.6,31.2,30.3,33.5,38.5,37.1,24.4,25.6,25.7,75.4,73.3,77.2,28.452,0.198,0.297,8.33,4.17,4.17,rain,rain,rain,28.1,22.7,24.1,25.0,18.5,18.5,107.1,134.8,117.1,1001.8,1001.2,1002.4,48.8,48.8,42.9,10.0,9.8,9.1,261.7,251.9,222.3
2020-08-13,27.5,30.8,24.5,84.0,14.356,8.33,rain,20.5,24.1,108.7,1005.6,69.8,9.8,137.9,0.81,Rain,-0.6788204829862355,-0.734304263829602,30.1,29.6,31.2,36.7,33.5,38.5,25.7,24.4,25.6,77.8,75.4,73.3,19.852,28.452,0.198,4.17,8.33,4.17,rain,rain,rain,25.6,28.1,22.7,19.5,25.0,18.5,107.8,107.1,134.8,1004.0,1001.8,1001.2,62.5,48.8,48.8,10.2,10.0,9.8,249.5,261.7,251.9
2020-08-14,26.6,28.2,24.0,86.2,8.486,12.5,rain,26.3,19.4,121.1,1006.1,73.0,9.1,109.3,0.84,Rain,-0.6913512362094071,-0.722518835873311,27.5,30.1,29.6,30.8,36.7,33.5,24.5,25.7,24.4,84.0,77.8,75.4,14.356,19.852,28.452,8.33,4.17,8.33,rain,rain,rain,20.5,25.6,28.1,24.1,19.5,25.0,108.7,107.8,107.1,1005.6,1004.0,1001.8,69.8,62.5,48.8,9.8,10.2,10.0,137.9,249.5,261.7
2020-08-15,27.3,29.9,24.3,84.1,0.001,4.17,rain,30.2,20.3,98.4,1005.2,66.6,9.5,208.8,0.87,Rain,-0.7036774074790128,-0.7105196029692745,26.6,27.5,30.1,28.2,30.8,36.7,24.0,24.5,25.7,86.2,84.0,77.8,8.486,14.356,19.852,12.5,8.33,4.17,rain,rain,rain,26.3,20.5,25.6,19.4,24.1,19.5,121.1,108.7,107.8,1006.1,1005.6,1004.0,73.0,69.8,62.5,9.1,9.8,10.2,109.3,137.9,249.5
2020-08-16,27.1,29.2,24.0,83.7,18.697,12.5,rain,29.9,16.6,93.8,1004.4,61.4,9.3,142.0,0.91,Rain,-0.7157953492826642,-0.6983101158835584,27.3,26.6,27.5,29.9,28.2,30.8,24.3,24.0,24.5,84.1,86.2,84.0,0.001,8.486,14.356,4.17,12.5,8.33,rain,rain,rain,30.2,26.3,20.5,20.3,19.4,24.1,98.4,121.1,108.7,1005.2,1006.1,1005.6,66.6,73.0,69.8,9.5,9.1,9.8,208.8,109.3,137.9
2020-08-17,26.4,27.5,24.0,87.3,4.948,8.33,rain,37.1,19.4,96.8,1004.5,70.5,8.3,157.5,0.94,Rain,-0.7277014757264236,-0.6858939875998223,27.1,27.3,26.6,29.2,29.9,28.2,24.0,24.3,24.0,83.7,84.1,86.2,18.697,0.001,8.486,12.5,4.17,12.5,rain,rain,rain,29.9,30.2,26.3,16.6,20.3,19.4,93.8,98.4,121.1,1004.4,1005.2,1006.1,61.4,66.6,73.0,9.3,9.5,9.1,142.0,208.8,109.3
2020-08-18,26.3,27.6,24.1,87.7,52.094,12.5,rain,29.2,18.5,92.1,1005.2,73.4,9.5,97.7,0.97,Rain,-0.7393922635959241,-0.673274892250183,26.4,27.1,27.3,27.5,29.2,29.9,24.0,24.0,24.3,87.3,83.7,84.1,4.948,18.697,0.001,8.33,12.5,4.17,rain,rain,rain,37.1,29.9,30.2,19.4,16.6,20.3,96.8,93.8,98.4,1004.5,1004.4,1005.2,70.5,61.4,66.6,8.3,9.3,9.5,157.5,142.0,208.8
2020-08-19,27.5,30.2,24.0,81.7,47.422,16.67,rain,20.2,11.2,61.2,1005.0,61.6,9.5,73.0,0.0,Rain,-0.7508642533989489,-0.6604565640279754,26.3,26.4,27.1,27.6,27.5,29.2,24.1,24.0,24.0,87.7,87.3,83.7,52.094,4.948,18.697,12.5,8.33,12.5,rain,rain,rain,29.2,37.1,29.9,18.5,19.4,16.6,92.1,96.8,93.8,1005.2,1004.5,1004.4,73.4,70.5,61.4,9.5,8.3,9.3,97.7,157.5,142.0
2020-08-20,28.4,31.8,24.3,79.3,0.1,8.33,rain,18.7,13.9,114.3,1006.4,54.3,9.1,133.3,0.04,Rain,-0.7621140503891487,-0.6474427960827475,27.5,26.3,26.4,30.2,27.6,27.5,24.0,24.1,24.0,81.7,87.7,87.3,47.422,52.094,4.948,16.67,12.5,8.33,rain,rain,rain,20.2,29.2,37.1,11.2,18.5,19.4,61.2,92.1,96.8,1005.0,1005.2,1004.5,61.6,73.4,70.5,9.5,9.5,8.3,73.0,97.7,157.5
2020-08-21,28.3,31.4,23.8,77.5,50.492,8.33,rain,23.0,12.1,116.5,1008.0,67.0,9.8,87.7,0.07,Rain,-0.7731383255706026,-0.6342374393978054,28.4,27.5,26.3,31.8,30.2,27.6,24.3,24.0,24.1,79.3,81.7,87.7,0.1,47.422,52.094,8.33,16.67,12.5,rain,rain,rain,18.7,20.2,29.2,13.9,11.2,18.5,114.3,61.2,92.1,1006.4,1005.0,1005.2,54.3,61.6,73.4,9.1,9.5,9.5,133.3,73.0,97.7
2020-08-22,28.5,32.0,24.3,79.2,6.781,12.5,rain,20.9,13.0,306.4,1007.8,56.0,9.1,140.8,0.11,Rain,-0.7839338166829201,-0.620844401650647,28.3,28.4,27.5,31.4,31.8,30.2,23.8,24.3,24.0,77.5,79.3,81.7,50.492,0.1,47.422,8.33,8.33,16.67,rain,rain,rain,23.0,18.7,20.2,12.1,13.9,11.2,116.5,114.3,61.2,1008.0,1006.4,1005.0,67.0,54.3,61.6,9.8,9.1,9.5,87.7,133.3,73.0
2020-08-23,30.0,35.0,24.6,74.5,0.099,4.17,rain,27.7,17.5,121.3,1006.1,42.2,8.9,218.3,0.15,Rain,-0.7944973291665992,-0.6072676460566135,28.5,28.3,28.4,32.0,31.4,31.8,24.3,23.8,24.3,79.2,77.5,79.3,6.781,50.492,0.1,12.5,8.33,8.33,rain,rain,rain,20.9,23.0,18.7,13.0,12.1,13.9,306.4,116.5,114.3,1007.8,1008.0,1006.4,56.0,67.0,54.3,9.1,9.8,9.1,140.8,87.7,133.3
2020-08-24,30.6,36.2,24.7,72.6,0.099,4.17,rain,38.9,22.2,139.4,1003.9,44.7,10.0,255.3,0.18,Rain,-0.8048257371083452,-0.593511190196115,30.0,28.5,28.3,35.0,32.0,31.4,24.6,24.3,23.8,74.5,79.2,77.5,0.099,6.781,50.492,4.17,12.5,8.33,rain,rain,rain,27.7,20.9,23.0,17.5,13.0,12.1,121.3,306.4,116.5,1006.1,1007.8,1008.0,42.2,56.0,67.0,8.9,9.1,9.8,218.3,140.8,87.7
2020-08-25,29.5,33.4,23.9,72.9,11.873,4.17,rain,24.8,15.7,298.5,1002.8,67.8,9.9,250.9,0.22,Rain,-0.8149159841660791,-0.5795791048257612,30.6,30.0,28.5,36.2,35.0,32.0,24.7,24.6,24.3,72.6,74.5,79.2,0.099,0.099,6.781,4.17,4.17,12.5,rain,rain,rain,38.9,27.7,20.9,22.2,17.5,13.0,139.4,121.3,306.4,1003.9,1006.1,1007.8,44.7,42.2,56.0,10.0,8.9,9.1,255.3,218.3,140.8
2020-08-26,31.3,36.8,24.1,67.6,0.1,4.17,rain,27.7,13.9,347.6,1001.4,61.4,10.1,253.1,0.25,Rain,-0.8247650844733614,-0.5654755126737576,29.5,30.6,30.0,33.4,36.2,35.0,23.9,24.7,24.6,72.9,72.6,74.5,11.873,0.099,0.099,4.17,4.17,4.17,rain,rain,rain,24.8,38.9,27.7,15.7,22.2,17.5,298.5,139.4,121.3,1002.8,1003.9,1006.1,67.8,44.7,42.2,9.9,10.0,8.9,250.9,255.3,218.3
2020-08-27,31.5,38.7,25.4,71.6,0.0,0.0,noprecip,26.6,14.8,125.4,1000.4,25.9,8.9,277.8,0.29,Cloudy,-0.8343701235229537,-0.5512045872199277,31.3,29.5,30.6,36.8,33.4,36.2,24.1,23.9,24.7,67.6,72.9,72.6,0.1,11.873,0.099,4.17,4.17,4.17,rain,rain,rain,27.7,24.8,38.9,13.9,15.7,22.2,347.6,298.5,139.4,1001.4,1002.8,1003.9,61.4,67.8,44.7,10.1,9.9,10.0,253.1,250.9,255.3
2020-08-28,31.0,39.0,26.1,76.1,1.66,8.33,rain,25.6,15.7,97.6,1001.7,36.6,9.0,232.5,0.32,Rain,-0.8437282590292712,-0.5367705514607103,31.5,31.3,29.5,38.7,36.8,33.4,25.4,24.1,23.9,71.6,67.6,72.9,0.0,0.1,11.873,0.0,4.17,4.17,noprecip,rain,rain,26.6,27.7,24.8,14.8,13.9,15.7,125.4,347.6,298.5,1000.4,1001.4,1002.8,25.9,61.4,67.8,8.9,10.1,9.9,277.8,253.1,250.9
2020-08-29,31.3,39.0,25.8,73.8,3.1,33.33,rain,27.0,17.5,115.1,1003.6,47.9,9.5,224.5,0.36,Rain,-0.8528367217694595,-0.522177676659508,31.0,31.5,31.3,39.0,38.7,36.8,26.1,25.4,24.1,76.1,71.6,67.6,1.66,0.0,0.1,8.33,0.0,4.17,rain,noprecip,rain,25.6,26.6,27.7,15.7,14.8,13.9,97.6,125.4,347.6,1001.7,1000.4,1001.4,36.6,25.9,61.4,9.0,8.9,10.1,232.5,277.8,253.1
2020-08-30,31.0,37.8,25.3,72.7,0.099,4.17,rain,27.7,14.8,108.1,1004.8,44.5,9.3,187.8,0.39,Rain,-0.8616928164028521,-0.5074302810827518,31.3,31.0,31.5,39.0,39.0,38.7,25.8,26.1,25.4,73.8,76.1,71.6,3.1,1.66,0.0,33.33,8.33,0.0,rain,rain,noprecip,27.0,25.6,26.6,17.5,15.7,14.8,115.1,97.6,125.4,1003.6,1001.7,1000.4,47.9,36.6,25.9,9.5,9.0,8.9,224.5,232.5,277.8
2020-08-31,30.5,36.8,25.0,73.6,2.4,25.0,rain,25.2,14.8,336.3,1006.7,51.6,9.3,180.7,0.43,Rain,-0.8702939222685674,-0.49253272872205434,31.0,31.3,31.0,37.8,39.0,39.0,25.3,25.8,26.1,72.7,73.8,76.1,0.099,3.1,1.66,4.17,33.33,8.33,rain,rain,rain,27.7,27.0,25.6,14.8,17.5,15.7,108.1,115.1,97.6,1004.8,1003.6,1001.7,44.5,47.9,36.6,9.3,9.5,9.0,187.8,224.5,232.5
2020-09-01,30.5,34.7,23.3,67.2,0.1,4.17,rain,24.5,13.0,300.3,1006.7,34.0,9.5,273.2,0.46,Rain,-0.8786374941610001,-0.4774894280028391,30.5,31.0,31.3,36.8,37.8,39.0,25.0,25.3,25.8,73.6,72.7,73.8,2.4,0.099,3.1,25.0,4.17,33.33,rain,rain,rain,25.2,27.7,27.0,14.8,14.8,17.5,336.3,108.1,115.1,1006.7,1004.8,1003.6,51.6,44.5,47.9,9.3,9.3,9.5,180.7,187.8,224.5
2020-09-02,31.5,37.9,24.7,68.5,0.099,4.17,rain,19.8,12.1,50.4,1006.7,13.9,7.1,275.0,0.5,Rain,-0.886721063082993,-0.46230483047981086,30.5,30.5,31.0,34.7,36.8,37.8,23.3,25.0,25.3,67.2,73.6,72.7,0.1,2.4,0.099,4.17,25.0,4.17,rain,rain,rain,24.5,25.2,27.7,13.0,14.8,14.8,300.3,336.3,108.1,1006.7,1006.7,1004.8,34.0,51.6,44.5,9.5,9.3,9.3,273.2,180.7,187.8
2020-09-03,30.8,37.8,25.3,73.6,0.989,4.17,rain,18.7,11.2,59.0,1007.7,24.6,6.5,230.1,0.53,Rain,-0.8945422369764496,-0.4469834295196741,31.5,30.5,30.5,37.9,34.7,36.8,24.7,23.3,25.0,68.5,67.2,73.6,0.099,0.1,2.4,4.17,4.17,25.0,rain,rain,rain,19.8,24.5,25.2,12.1,13.0,14.8,50.4,300.3,336.3,1006.7,1006.7,1006.7,13.9,34.0,51.6,7.1,9.5,9.3,275.0,273.2,180.7
2020-09-04,31.0,37.7,25.1,71.6,0.7,20.83,rain,22.0,19.5,101.5,1007.1,34.5,8.1,226.5,0.57,Rain,-0.9020987014301837,-0.43152975897147144,30.8,31.5,30.5,37.8,37.9,34.7,25.3,24.7,23.3,73.6,68.5,67.2,0.989,0.099,0.1,4.17,4.17,4.17,rain,rain,rain,18.7,19.8,24.5,11.2,12.1,13.0,59.0,50.4,300.3,1007.7,1006.7,1006.7,24.6,13.9,34.0,6.5,7.1,9.5,230.1,275.0,273.2
2020-09-05,31.5,38.1,25.0,69.9,4.1,29.17,rain,23.0,15.7,133.5,1005.1,29.2,9.0,218.5,0.6,Rain,-0.9093882203647925,-0.4159483918249421,31.0,30.8,31.5,37.7,37.8,37.9,25.1,25.3,24.7,71.6,73.6,68.5,0.7,0.989,0.099,20.83,4.17,4.17,rain,rain,rain,22.0,18.7,19.8,19.5,11.2,12.1,101.5,59.0,50.4,1007.1,1007.7,1006.7,34.5,24.6,13.9,8.1,6.5,7.1,226.5,230.1,275.0
2020-09-06,31.1,38.2,25.4,72.8,4.4,20.83,rain,24.5,25.9,120.2,1003.2,64.7,9.5,194.9,0.63,Rain,-0.9164086366943458,-0.4002439388573056,31.5,31.0,30.8,38.1,37.7,37.8,25.0,25.1,25.3,69.9,71.6,73.6,4.1,0.7,0.989,29.17,20.83,4.17,rain,rain,rain,23.0,22.0,18.7,15.7,19.5,11.2,133.5,101.5,59.0,1005.1,1007.1,1007.7,29.2,34.5,24.6,9.0,8.1,6.5,218.5,226.5,230.1
2020-09-07,26.6,27.9,23.9,85.4,33.651,8.33,rain,33.8,12.1,354.4,1005.4,73.5,9.6,78.7,0.66,Rain,-0.9231578729647039,-0.38442104726885545,31.1,31.5,31.0,38.2,38.1,37.7,25.4,25.0,25.1,72.8,69.9,71.6,4.4,4.1,0.7,20.83,29.17,20.83,rain,rain,rain,24.5,23.0,22.0,25.9,15.7,19.5,120.2,133.5,101.5,1003.2,1005.1,1007.1,64.7,29.2,34.5,9.5,9.0,8.1,194.9,218.5,226.5
2020-09-08,28.0,31.4,24.5,82.0,12.9,50.0,rain,17.6,14.8,61.2,1008.3,64.8,9.0,104.6,0.7,Rain,-0.9296339319682695,-0.3684843993077793,26.6,31.1,31.5,27.9,38.2,38.1,23.9,25.4,25.0,85.4,72.8,69.9,33.651,4.4,4.1,8.33,20.83,29.17,rain,rain,rain,33.8,24.5,23.0,12.1,25.9,15.7,354.4,120.2,133.5,1005.4,1003.2,1005.1,73.5,64.7,29.2,9.6,9.5,9.0,78.7,194.9,218.5
2020-09-09,28.4,32.6,24.8,81.2,0.032,4.17,rain,24.5,19.5,114.7,1008.2,68.2,9.2,139.4,0.73,Rain,-0.9358348973349941,-0.35243871088460327,28.0,26.6,31.1,31.4,27.9,38.2,24.5,23.9,25.4,82.0,85.4,72.8,12.9,33.651,4.4,50.0,8.33,20.83,rain,rain,rain,17.6,33.8,24.5,14.8,12.1,25.9,61.2,354.4,120.2,1008.3,1005.4,1003.2,64.8,73.5,64.7,9.0,9.6,9.5,104.6,78.7,194.9
2020-09-10,29.2,34.4,25.2,80.4,0.099,4.17,rain,27.4,14.8,119.2,1004.9,60.5,9.4,159.4,0.75,Rain,-0.9417589340994617,-0.33628873017668287,28.4,28.0,26.6,32.6,31.4,27.9,24.8,24.5,23.9,81.2,82.0,85.4,0.032,12.9,33.651,4.17,50.0,8.33,rain,rain,rain,24.5,17.6,33.8,19.5,14.8,12.1,114.7,61.2,354.4,1008.2,1008.3,1005.4,68.2,64.8,73.5,9.2,9.0,9.6,139.4,104.6,78.7
2020-09-11,28.9,33.9,24.9,79.3,8.5,45.83,rain,25.2,14.3,93.1,1005.7,44.6,9.1,97.1,0.79,Rain,-0.9474042892438845,-0.32003923622313857,29.2,28.4,28.0,34.4,32.6,31.4,25.2,24.8,24.5,80.4,81.2,82.0,0.099,0.032,12.9,4.17,4.17,50.0,rain,rain,rain,27.4,24.5,17.6,14.8,19.5,14.8,119.2,114.7,61.2,1004.9,1008.2,1008.3,60.5,68.2,64.8,9.4,9.2,9.0,159.4,139.4,104.6
2020-09-12,29.3,35.7,25.9,82.6,0.297,4.17,rain,20.2,14.8,83.5,1008.6,46.5,8.6,121.2,0.83,Rain,-0.9527692922168511,-0.30369503751065885,28.9,29.2,28.4,33.9,34.4,32.6,24.9,25.2,24.8,79.3,80.4,81.2,8.5,0.099,0.032,45.83,4.17,4.17,rain,rain,rain,25.2,27.4,24.5,14.3,14.8,19.5,93.1,119.2,114.7,1005.7,1004.9,1008.2,44.6,60.5,68.2,9.1,9.4,9.2,97.1,159.4,139.4
2020-09-13,28.7,32.8,24.9,81.2,2.194,8.33,rain,28.1,18.4,107.1,1009.8,65.6,9.5,175.6,0.86,Rain,-0.9578523554276669,-0.28726097055059635,29.3,28.9,29.2,35.7,33.9,34.4,25.9,24.9,25.2,82.6,79.3,80.4,0.297,8.5,0.099,4.17,45.83,4.17,rain,rain,rain,20.2,25.2,27.4,14.8,14.3,14.8,83.5,93.1,119.2,1008.6,1005.7,1004.9,46.5,44.6,60.5,8.6,9.1,9.4,121.2,97.1,159.4
2020-09-14,28.5,32.5,24.5,80.1,12.567,12.5,rain,26.6,15.9,121.5,1008.4,57.5,9.6,150.9,0.89,Rain,-0.9626519747161487,-0.2707418984477642,28.7,29.3,28.9,32.8,35.7,33.9,24.9,25.9,24.9,81.2,82.6,79.3,2.194,0.297,8.5,8.33,4.17,45.83,rain,rain,rain,28.1,20.2,25.2,18.4,14.8,14.3,107.1,83.5,93.1,1009.8,1008.6,1005.7,65.6,46.5,44.6,9.5,8.6,9.1,175.6,121.2,97.1
2020-09-15,29.6,35.1,25.3,78.4,0.3,8.33,rain,24.5,18.4,120.8,1007.0,60.2,9.0,173.7,0.93,Rain,-0.9671667297977312,-0.2541427094613622,28.5,28.7,29.3,32.5,32.8,35.7,24.5,24.9,25.9,80.1,81.2,82.6,12.567,2.194,0.297,12.5,8.33,4.17,rain,rain,rain,26.6,28.1,20.2,15.9,18.4,14.8,121.5,107.1,83.5,1008.4,1009.8,1008.6,57.5,65.6,46.5,9.6,9.5,8.6,150.9,175.6,121.2
2020-09-16,29.9,35.9,25.2,77.0,0.099,4.17,rain,24.1,23.2,124.7,1005.6,48.4,9.7,202.6,0.96,Rain,-0.97139528468375,-0.23746831555846842,29.6,28.5,28.7,35.1,32.5,32.8,25.3,24.5,24.9,78.4,80.1,81.2,0.3,12.567,2.194,8.33,12.5,8.33,rain,rain,rain,24.5,26.6,28.1,18.4,15.9,18.4,120.8,121.5,107.1,1007.0,1008.4,1009.8,60.2,57.5,65.6,9.0,9.6,9.5,173.7,150.9,175.6
2020-09-17,30.3,35.7,24.5,72.8,8.1,50.0,rain,24.8,15.7,73.0,1004.8,47.4,9.3,191.8,0.0,Rain,-0.9753363880767837,-0.2207236509605022,29.9,29.6,28.5,35.9,35.1,32.5,25.2,25.3,24.5,77.0,78.4,80.1,0.099,0.3,12.567,4.17,8.33,12.5,rain,rain,rain,24.1,24.5,26.6,23.2,18.4,15.9,124.7,120.8,121.5,1005.6,1007.0,1008.4,48.4,60.2,57.5,9.7,9.0,9.6,202.6,173.7,150.9
2020-09-18,27.4,28.8,20.8,67.6,0.469,12.5,rain,55.4,23.2,6.0,1006.5,78.9,10.0,137.2,0.03,Rain,-0.9789888737409319,-0.20391367068311472,30.3,29.9,29.6,35.7,35.9,35.1,24.5,25.2,25.3,72.8,77.0,78.4,8.1,0.099,0.3,50.0,4.17,8.33,rain,rain,rain,24.8,24.1,24.5,15.7,23.2,18.4,73.0,124.7,120.8,1004.8,1005.6,1007.0,47.4,48.4,60.2,9.3,9.7,9.0,191.8,202.6,173.7
2020-09-19,24.8,24.8,21.4,81.7,33.676,16.67,rain,35.3,22.3,0.7,1008.2,76.9,9.3,43.1,0.06,Rain,-0.9823516608469237,-0.18704334906991657,27.4,30.3,29.9,28.8,35.7,35.9,20.8,24.5,25.2,67.6,72.8,77.0,0.469,8.1,0.099,12.5,50.0,4.17,rain,rain,rain,55.4,24.8,24.1,23.2,15.7,23.2,6.0,73.0,124.7,1006.5,1004.8,1005.6,78.9,47.4,48.4,10.0,9.3,9.7,137.2,191.8,202.6
2020-09-20,25.3,25.3,23.1,88.0,2.48,12.5,rain,20.2,10.3,23.3,1009.4,67.2,8.0,54.0,0.1,Rain,-0.9854237542919524,-0.17011767832049052,24.8,27.4,30.3,24.8,28.8,35.7,21.4,20.8,24.5,81.7,67.6,72.8,33.676,0.469,8.1,16.67,12.5,50.0,rain,rain,rain,35.3,55.4,24.8,22.3,23.2,15.7,0.7,6.0,73.0,1008.2,1006.5,1004.8,76.9,78.9,47.4,9.3,10.0,9.3,43.1,137.2,191.8
2020-09-21,28.2,31.6,24.3,80.9,4.5,33.33,rain,28.4,17.5,127.9,1008.4,62.1,7.6,123.8,0.13,Rain,-0.9882042449941422,-0.15314166701312007,25.3,24.8,27.4,25.3,24.8,28.8,23.1,21.4,20.8,88.0,81.7,67.6,2.48,33.676,0.469,12.5,16.67,12.5,rain,rain,rain,20.2,35.3,55.4,10.3,22.3,23.2,23.3,0.7,6.0,1009.4,1008.2,1006.5,67.2,76.9,78.9,8.0,9.3,10.0,54.0,43.1,137.2
2020-09-22,27.8,31.8,25.1,85.8,0.198,8.33,rain,25.6,15.6,126.9,1007.8,59.3,8.9,95.6,0.16,Rain,-0.9906923101615609,-0.13612033862266704,28.2,25.3,24.8,31.6,25.3,24.8,24.3,23.1,21.4,80.9,88.0,81.7,4.5,2.48,33.676,33.33,12.5,16.67,rain,rain,rain,28.4,20.2,35.3,17.5,10.3,22.3,127.9,23.3,0.7,1008.4,1009.4,1008.2,62.1,67.2,76.9,7.6,8.0,9.3,123.8,54.0,43.1
2020-09-23,27.3,30.2,24.6,85.3,0.594,4.17,rain,24.8,18.4,57.3,1008.6,57.5,9.1,53.6,0.2,Rain,-0.9928872135356962,-0.11905873003404988,27.8,28.2,25.3,31.8,31.6,25.3,25.1,24.3,23.1,85.8,80.9,88.0,0.198,4.5,2.48,8.33,33.33,12.5,rain,rain,rain,25.6,28.4,20.2,15.6,17.5,10.3,126.9,127.9,23.3,1007.8,1008.4,1009.4,59.3,62.1,67.2,8.9,7.6,8.0,95.6,123.8,54.0
2020-09-24,25.8,26.5,22.1,80.3,6.926,8.33,rain,22.3,18.4,339.6,1010.9,68.7,9.7,92.9,0.25,Rain,-0.994788305609327,-0.10196189005174576,27.3,27.8,28.2,30.2,31.8,31.6,24.6,25.1,24.3,85.3,85.8,80.9,0.594,0.198,4.5,4.17,8.33,33.33,rain,rain,rain,24.8,25.6,28.4,18.4,15.6,17.5,57.3,126.9,127.9,1008.6,1007.8,1008.4,57.5,59.3,62.1,9.1,8.9,7.6,53.6,95.6,123.8
2020-09-25,28.4,31.8,23.7,76.4,0.198,4.17,rain,27.4,16.5,121.1,1007.8,62.6,9.7,164.5,0.27,Rain,-0.9963950238187231,-0.08483487790576538,25.8,27.3,27.8,26.5,30.2,31.8,22.1,24.6,25.1,80.3,85.3,85.8,6.926,0.594,0.198,8.33,4.17,8.33,rain,rain,rain,22.3,24.8,25.6,18.4,18.4,15.6,339.6,57.3,126.9,1010.9,1008.6,1007.8,68.7,57.5,59.3,9.7,9.1,8.9,92.9,53.6,95.6
2020-09-26,28.9,33.6,24.8,79.4,0.851,4.17,rain,20.5,16.8,110.8,1006.3,58.0,10.3,138.2,0.3,Rain,-0.9977068927101168,-0.06768276175455162,28.4,25.8,27.3,31.8,26.5,30.2,23.7,22.1,24.6,76.4,80.3,85.3,0.198,6.926,0.594,4.17,8.33,4.17,rain,rain,rain,27.4,22.3,24.8,16.5,18.4,18.4,121.1,339.6,57.3,1007.8,1010.9,1008.6,62.6,68.7,57.5,9.7,9.7,9.1,164.5,92.9,53.6
2020-09-27,26.1,27.5,23.2,84.1,35.169,8.33,rain,25.6,21.4,30.1,1008.6,68.5,9.8,75.0,0.34,Rain,-0.9987235240803972,-0.050510617185222886,28.9,28.4,25.8,33.6,31.8,26.5,24.8,23.7,22.1,79.4,76.4,80.3,0.851,0.198,6.926,4.17,4.17,8.33,rain,rain,rain,20.5,27.4,22.3,16.8,16.5,18.4,110.8,121.1,339.6,1006.3,1007.8,1010.9,58.0,62.6,68.7,10.3,9.7,9.7,138.2,164.5,92.9
2020-09-28,26.6,28.5,23.1,81.5,1.12,8.33,rain,24.1,13.0,33.2,1008.7,70.1,9.5,79.3,0.37,Rain,-0.9994446170919858,-0.033323525711631344,26.1,28.9,28.4,27.5,33.6,31.8,23.2,24.8,23.7,84.1,79.4,76.4,35.169,0.851,0.198,8.33,4.17,4.17,rain,rain,rain,25.6,20.5,27.4,21.4,16.8,16.5,30.1,110.8,121.1,1008.6,1006.3,1007.8,68.5,58.0,62.6,9.8,10.3,9.7,75.0,138.2,164.5
2020-09-29,29.0,32.4,24.3,77.4,0.01,4.17,rain,26.6,16.6,95.4,1006.9,55.8,8.0,151.1,0.41,Rain,-0.9998699583618592,-0.016126573270657762,26.6,26.1,28.9,28.5,27.5,33.6,23.1,23.2,24.8,81.5,84.1,79.4,1.12,35.169,0.851,8.33,8.33,4.17,rain,rain,rain,24.1,25.6,20.5,13.0,21.4,16.8,33.2,30.1,110.8,1008.7,1008.6,1006.3,70.1,68.5,58.0,9.5,9.8,10.3,79.3,75.0,138.2
2020-09-30,29.9,35.4,24.9,75.9,0.085,8.33,rain,19.1,16.6,107.9,1005.6,37.9,9.0,96.1,0.44,Rain,-0.9999994220246925,0.001075151282798226,29.0,26.6,26.1,32.4,28.5,27.5,24.3,23.1,23.2,77.4,81.5,84.1,0.01,1.12,35.169,4.17,8.33,8.33,rain,rain,rain,26.6,24.1,25.6,16.6,13.0,21.4,95.4,33.2,30.1,1006.9,1008.7,1008.6,55.8,70.1,68.5,8.0,9.5,9.8,151.1,79.3,75.0
2020-10-01,27.9,31.1,24.4,82.1,21.042,8.33,rain,23.8,16.5,95.8,1007.1,60.6,9.3,101.1,0.48,Rain,-0.999832969770105,0.018276557681691223,29.9,29.0,26.6,35.4,32.4,28.5,24.9,24.3,23.1,75.9,77.4,81.5,0.085,0.01,1.12,8.33,4.17,8.33,rain,rain,rain,19.1,26.6,24.1,16.6,16.6,13.0,107.9,95.4,33.2,1005.6,1006.9,1008.7,37.9,55.8,70.1,9.0,8.0,9.5,96.1,151.1,79.3
2020-10-02,28.4,31.8,24.5,80.3,0.095,12.5,rain,23.4,13.9,97.1,1008.0,58.4,8.2,146.5,0.5,Rain,-0.9993706508539969,0.03547255575312556,27.9,29.9,29.0,31.1,35.4,32.4,24.4,24.9,24.3,82.1,75.9,77.4,21.042,0.085,0.01,8.33,8.33,4.17,rain,rain,rain,23.8,19.1,26.6,16.5,16.6,16.6,95.8,107.9,95.4,1007.1,1005.6,1006.9,60.6,37.9,55.8,9.3,9.0,8.0,101.1,96.1,151.1
2020-10-03,27.2,29.7,24.8,87.5,8.117,8.33,rain,26.3,13.8,86.0,1009.0,49.9,8.1,125.0,0.54,Rain,-0.9986126020839734,0.052658056924614005,28.4,27.9,29.9,31.8,31.1,35.4,24.5,24.4,24.9,80.3,82.1,75.9,0.095,21.042,0.085,12.5,8.33,8.33,rain,rain,rain,23.4,23.8,19.1,13.9,16.5,16.6,97.1,95.8,107.9,1008.0,1007.1,1005.6,58.4,60.6,37.9,8.2,9.3,9.0,146.5,101.1,96.1
2020-10-04,28.6,32.0,24.7,80.6,0.21,8.33,rain,22.3,13.9,115.1,1009.0,70.6,8.6,120.9,0.58,Rain,-0.9975590477788613,0.06982797572987089,27.2,28.4,27.9,29.7,31.8,31.1,24.8,24.5,24.4,87.5,80.3,82.1,8.117,0.095,21.042,8.33,12.5,8.33,rain,rain,rain,26.3,23.4,23.8,13.8,13.9,16.5,86.0,97.1,95.8,1009.0,1008.0,1007.1,49.9,58.4,60.6,8.1,8.2,9.3,125.0,146.5,101.1
2020-10-05,27.9,31.4,24.5,82.7,0.998,8.33,rain,19.8,18.6,86.2,1009.7,48.0,9.2,58.4,0.61,Rain,-0.9962102997023297,0.0869772313136861,28.6,27.2,28.4,32.0,29.7,31.8,24.7,24.8,24.5,80.6,87.5,80.3,0.21,8.117,0.095,8.33,8.33,12.5,rain,rain,rain,22.3,26.3,23.4,13.9,13.8,13.9,115.1,86.0,97.1,1009.0,1009.0,1008.0,70.6,49.9,58.4,8.6,8.1,8.2,120.9,125.0,146.5
2020-10-06,26.2,26.9,20.7,72.2,0.004,4.17,rain,24.5,18.6,28.2,1012.8,54.9,10.0,86.9,0.64,Rain,-0.9945667569706337,0.1041007489354256,27.9,28.6,27.2,31.4,32.0,29.7,24.5,24.7,24.8,82.7,80.6,87.5,0.998,0.21,8.117,8.33,8.33,8.33,rain,rain,rain,19.8,22.3,26.3,18.6,13.9,13.8,86.2,115.1,86.0,1009.7,1009.0,1009.0,48.0,70.6,49.9,9.2,8.6,8.1,58.4,120.9,125.0
2020-10-07,25.1,25.5,18.6,67.6,0.4,16.67,rain,31.0,20.5,27.1,1014.7,61.6,10.0,162.5,0.68,Rain,-0.9926289059345095,0.121193461470736,26.2,27.9,28.6,26.9,31.4,32.0,20.7,24.5,24.7,72.2,82.7,80.6,0.004,0.998,0.21,4.17,8.33,8.33,rain,rain,rain,24.5,19.8,22.3,18.6,18.6,13.9,28.2,86.2,115.1,1012.8,1009.7,1009.0,54.9,48.0,70.6,10.0,9.2,8.6,86.9,58.4,120.9
2020-10-08,24.2,24.3,16.2,61.3,0.0,0.0,noprecip,34.6,24.1,20.7,1015.5,78.9,10.0,199.0,0.71,Cloudy,-0.9903973200352558,0.1382503109109819,25.1,26.2,27.9,25.5,26.9,31.4,18.6,20.7,24.5,67.6,72.2,82.7,0.4,0.004,0.998,16.67,4.17,8.33,rain,rain,rain,31.0,24.5,19.8,20.5,18.6,18.6,27.1,28.2,86.2,1014.7,1012.8,1009.7,61.6,54.9,48.0,10.0,10.0,9.2,162.5,86.9,58.4
2020-10-09,24.1,24.3,15.9,60.5,0.0,0.0,noprecip,38.9,21.4,9.2,1016.1,45.5,10.0,213.2,0.75,Cloudy,-0.9878726596350429,0.15526624985999563,24.2,25.1,26.2,24.3,25.5,26.9,16.2,18.6,20.7,61.3,67.6,72.2,0.0,0.4,0.004,0.0,16.67,4.17,noprecip,rain,rain,34.6,31.0,24.5,24.1,20.5,18.6,20.7,27.1,28.2,1015.5,1014.7,1012.8,78.9,61.6,54.9,10.0,10.0,10.0,199.0,162.5,86.9
2020-10-10,23.4,23.5,15.3,61.2,0.0,0.0,noprecip,31.7,24.1,13.0,1014.5,31.5,11.0,220.8,0.75,Cloudy,-0.9850556718215013,0.172236243027682,24.1,24.2,25.1,24.3,24.3,25.5,15.9,16.2,18.6,60.5,61.3,67.6,0.0,0.0,0.4,0.0,0.0,16.67,noprecip,noprecip,rain,38.9,34.6,31.0,21.4,24.1,20.5,9.2,20.7,27.1,1016.1,1015.5,1014.7,45.5,78.9,61.6,10.0,10.0,10.0,213.2,199.0,162.5
2020-10-11,23.9,24.0,15.4,59.6,0.0,0.0,noprecip,29.9,17.5,359.6,1011.9,55.9,10.7,189.0,0.81,Cloudy,-0.981947190186646,0.18915526872004093,23.4,24.1,24.2,23.5,24.3,24.3,15.3,15.9,16.2,61.2,60.5,61.3,0.0,0.0,0.0,0.0,0.0,0.0,noprecip,noprecip,noprecip,31.7,38.9,34.6,24.1,21.4,24.1,13.0,9.2,20.7,1014.5,1016.1,1015.5,31.5,45.5,78.9,11.0,10.0,10.0,220.8,213.2,199.0
2020-10-12,25.3,25.6,17.6,63.3,0.0,0.0,noprecip,32.8,19.4,338.8,1010.2,71.5,9.7,159.4,0.85,Cloudy,-0.9785481345802031,0.20601832032517084,23.9,23.4,24.1,24.0,23.5,24.3,15.4,15.3,15.9,59.6,61.2,60.5,0.0,0.0,0.0,0.0,0.0,0.0,noprecip,noprecip,noprecip,29.9,31.7,38.9,17.5,24.1,21.4,359.6,13.0,9.2,1011.9,1014.5,1016.1,55.9,31.5,45.5,10.7,11.0,10.0,189.0,220.8,213.2
2020-10-13,27.6,28.0,18.0,56.8,1.7,8.33,rain,37.4,21.4,4.4,1008.9,58.0,9.7,214.5,0.88,Rain,-0.9748595108374125,0.22282040779479959,25.3,23.9,23.4,25.6,24.0,23.5,17.6,15.4,15.3,63.3,59.6,61.2,0.0,0.0,0.0,0.0,0.0,0.0,noprecip,noprecip,noprecip,32.8,29.9,31.7,19.4,17.5,24.1,338.8,359.6,13.0,1010.2,1011.9,1014.5,71.5,55.9,31.5,9.7,10.7,11.0,159.4,189.0,220.8
2020-10-14,23.6,23.7,20.7,84.3,55.415,25.0,rain,62.3,23.2,351.2,1007.2,94.2,7.9,26.0,0.91,Rain,-0.9708824104813836,0.23955655912092708,27.6,25.3,23.9,28.0,25.6,24.0,18.0,17.6,15.4,56.8,63.3,59.6,1.7,0.0,0.0,8.33,0.0,0.0,rain,noprecip,noprecip,37.4,32.8,29.9,21.4,19.4,17.5,4.4,338.8,359.6,1008.9,1010.2,1011.9,58.0,71.5,55.9,9.7,9.7,10.7,214.5,159.4,189.0
2020-10-15,23.3,23.3,20.9,86.8,40.529,16.67,rain,38.9,19.4,3.3,1010.6,93.8,8.6,38.0,0.95,Rain,-0.9666180104000972,0.2562218218071163,23.6,27.6,25.3,23.7,28.0,25.6,20.7,18.0,17.6,84.3,56.8,63.3,55.415,1.7,0.0,25.0,8.33,0.0,rain,rain,noprecip,62.3,37.4,32.8,23.2,21.4,19.4,351.2,4.4,338.8,1007.2,1008.9,1010.2,94.2,58.0,71.5,7.9,9.7,9.7,26.0,214.5,159.4
2020-10-16,24.9,25.0,19.5,73.2,54.655,8.33,rain,39.6,25.0,2.6,1013.0,92.0,9.8,49.5,0.98,Rain,-0.9620675724981452,0.27281126433401914,23.3,23.6,27.6,23.3,23.7,28.0,20.9,20.7,18.0,86.8,84.3,56.8,40.529,55.415,1.7,16.67,25.0,8.33,rain,rain,rain,38.9,62.3,37.4,19.4,23.2,21.4,3.3,351.2,4.4,1010.6,1007.2,1008.9,93.8,94.2,58.0,8.6,7.9,9.7,38.0,26.0,214.5
2020-10-17,23.1,23.1,15.1,60.5,0.099,4.17,rain,34.2,21.4,355.4,1015.6,94.3,10.0,32.2,0.0,Rain,-0.957232443323312,0.28931997761869527,24.9,23.3,23.6,25.0,23.3,23.7,19.5,20.9,20.7,73.2,86.8,84.3,54.655,40.529,55.415,8.33,16.67,25.0,rain,rain,rain,39.6,38.9,62.3,25.0,19.4,23.2,2.6,3.3,351.2,1013.0,1010.6,1007.2,92.0,93.8,94.2,9.8,8.6,7.9,49.5,38.0,26.0
2020-10-18,22.2,22.2,16.2,70.2,14.17,8.33,rain,40.7,23.2,358.7,1015.8,96.8,9.5,21.9,0.05,Rain,-0.9521140536681102,0.3057430764672831,23.1,24.9,23.3,23.1,25.0,23.3,15.1,19.5,20.9,60.5,73.2,86.8,0.099,54.655,40.529,4.17,8.33,16.67,rain,rain,rain,34.2,39.6,38.9,21.4,25.0,19.4,355.4,2.6,3.3,1015.6,1013.0,1010.6,94.3,92.0,93.8,10.0,9.8,8.6,32.2,49.5,38.0
2020-10-19,21.9,21.9,15.3,66.8,0.697,8.33,rain,31.0,18.4,346.5,1016.6,99.0,10.0,31.3,0.08,Rain,-0.9467139181463862,0.3220757010206104,22.2,23.1,24.9,22.2,23.1,25.0,16.2,15.1,19.5,70.2,60.5,73.2,14.17,0.099,54.655,8.33,4.17,8.33,rain,rain,rain,40.7,34.2,39.6,23.2,21.4,25.0,358.7,355.4,2.6,1015.8,1015.6,1013.0,96.8,94.3,92.0,9.5,10.0,9.8,21.9,32.2,49.5
2020-10-20,22.8,22.8,14.1,58.4,0.099,4.17,rain,32.4,15.7,356.2,1017.1,99.2,10.0,65.9,0.11,Rain,-0.9410336347451197,0.3383130181923076,21.9,22.2,23.1,21.9,22.2,23.1,15.3,16.2,15.1,66.8,70.2,60.5,0.697,14.17,0.099,8.33,8.33,4.17,rain,rain,rain,31.0,40.7,34.2,18.4,23.2,21.4,346.5,358.7,355.4,1016.6,1015.8,1015.6,99.0,96.8,94.3,10.0,9.5,10.0,31.3,21.9,32.2
2020-10-21,24.0,23.9,13.9,54.2,0.0,0.0,noprecip,34.6,21.3,348.0,1016.4,48.2,10.0,216.0,0.15,Cloudy,-0.9350748843515574,0.3544502230989869,22.8,21.9,22.2,22.8,21.9,22.2,14.1,15.3,16.2,58.4,66.8,70.2,0.099,0.697,14.17,4.17,8.33,8.33,rain,rain,rain,32.4,31.0,40.7,15.7,18.4,23.2,356.2,346.5,358.7,1017.1,1016.6,1015.8,99.2,99.0,96.8,10.0,10.0,9.5,65.9,31.3,21.9
2020-10-22,23.8,23.5,12.0,51.7,0.0,0.0,noprecip,36.7,20.5,343.8,1013.8,30.5,10.8,239.6,0.18,Cloudy,-0.9288394302558068,0.3704825404820963,24.0,22.8,21.9,23.9,22.8,21.9,13.9,14.1,15.3,54.2,58.4,66.8,0.0,0.099,0.697,0.0,4.17,8.33,noprecip,rain,rain,34.6,32.4,31.0,21.3,15.7,18.4,348.0,356.2,346.5,1016.4,1017.1,1016.6,48.2,99.2,99.0,10.0,10.0,10.0,216.0,65.9,31.3
2020-10-23,23.1,22.7,12.0,54.9,0.0,0.0,noprecip,35.6,19.4,1.5,1013.8,29.2,10.9,242.6,0.25,Cloudy,-0.9223291176290545,0.3864052261209853,23.8,24.0,22.8,23.5,23.9,22.8,12.0,13.9,14.1,51.7,54.2,58.4,0.0,0.0,0.099,0.0,0.0,4.17,noprecip,noprecip,rain,36.7,34.6,32.4,20.5,21.3,15.7,343.8,348.0,356.2,1013.8,1016.4,1017.1,30.5,48.2,99.2,10.8,10.0,10.0,239.6,216.0,65.9
2020-10-24,22.3,22.1,13.1,60.2,0.0,0.0,noprecip,22.3,13.0,346.5,1014.3,41.3,10.8,240.3,0.25,Cloudy,-0.9155458729775467,0.40221356823680365,23.1,23.8,24.0,22.7,23.5,23.9,12.0,12.0,13.9,54.9,51.7,54.2,0.0,0.0,0.0,0.0,0.0,0.0,noprecip,noprecip,noprecip,35.6,36.7,34.6,19.4,20.5,21.3,1.5,343.8,348.0,1013.8,1013.8,1016.4,29.2,30.5,48.2,10.9,10.8,10.0,242.6,239.6,216.0
2020-10-25,21.9,21.9,16.5,71.4,0.099,4.17,rain,16.9,14.8,331.7,1014.0,81.0,9.2,47.5,0.28,Rain,-0.9084917035725082,0.41790288888678667,22.3,23.1,23.8,22.1,22.7,23.5,13.1,12.0,12.0,60.2,54.9,51.7,0.0,0.0,0.0,0.0,0.0,0.0,noprecip,noprecip,noprecip,22.3,35.6,36.7,13.0,19.4,20.5,346.5,1.5,343.8,1014.3,1013.8,1013.8,41.3,29.2,30.5,10.8,10.9,10.8,240.3,242.6,239.6
2020-10-26,22.8,22.8,19.1,80.6,0.104,8.33,rain,22.0,12.1,352.9,1014.2,87.6,9.1,50.8,0.32,Rain,-0.9011686968561569,0.4334685453485363,21.9,22.3,23.1,21.9,22.1,22.7,16.5,13.1,12.0,71.4,60.2,54.9,0.099,0.0,0.0,4.17,0.0,0.0,rain,noprecip,noprecip,16.9,22.3,35.6,14.8,13.0,19.4,331.7,346.5,1.5,1014.0,1014.3,1013.8,81.0,41.3,29.2,9.2,10.8,10.9,47.5,240.3,242.6
2020-10-27,25.2,26.0,21.4,80.7,0.992,4.17,rain,21.6,12.1,311.7,1012.7,49.4,8.2,151.0,0.35,Rain,-0.8935790198239952,0.4489059314938798,22.8,21.9,22.3,22.8,21.9,22.1,19.1,16.5,13.1,80.6,71.4,60.2,0.104,0.099,0.0,8.33,4.17,0.0,rain,rain,noprecip,22.0,16.9,22.3,12.1,14.8,13.0,352.9,331.7,346.5,1014.2,1014.0,1014.3,87.6,81.0,41.3,9.1,9.2,10.8,50.8,47.5,240.3
2020-10-28,26.1,26.8,20.9,74.8,0.625,4.17,rain,38.5,20.3,3.1,1012.5,64.8,9.1,133.6,0.38,Rain,-0.8857249183835637,0.4642104791518923,25.2,22.8,21.9,26.0,22.8,21.9,21.4,19.1,16.5,80.7,80.6,71.4,0.992,0.104,0.099,4.17,8.33,4.17,rain,rain,rain,21.6,22.0,16.9,12.1,12.1,14.8,311.7,352.9,331.7,1012.7,1014.2,1014.0,49.4,87.6,81.0,8.2,9.1,9.2,151.0,50.8,47.5
2020-10-29,22.8,22.8,18.4,76.5,18.866,12.5,rain,46.1,23.2,14.6,1015.0,92.2,9.4,30.7,0.42,Rain,-0.8776087166898392,0.4793776594606945,26.1,25.2,22.8,26.8,26.0,22.8,20.9,21.4,19.1,74.8,80.7,80.6,0.625,0.992,0.104,4.17,4.17,8.33,rain,rain,rain,38.5,21.6,22.0,20.3,12.1,12.1,3.1,311.7,352.9,1012.5,1012.7,1014.2,64.8,49.4,87.6,9.1,8.2,9.1,133.6,151.0,50.8
2020-10-30,20.8,20.8,19.5,92.2,8.948,16.67,rain,33.5,12.1,337.6,1018.1,95.7,8.4,40.0,0.45,Rain,-0.8692328164574792,0.49440298420761813,22.8,26.1,25.2,22.8,26.8,26.0,18.4,20.9,21.4,76.5,74.8,80.7,18.866,0.625,0.992,12.5,4.17,4.17,rain,rain,rain,46.1,38.5,21.6,23.2,20.3,12.1,14.6,3.1,311.7,1015.0,1012.5,1012.7,92.2,64.8,49.4,9.4,9.1,8.2,30.7,133.6,151.0
2020-10-31,22.3,22.3,19.9,86.6,2.088,8.33,rain,15.8,9.4,336.5,1017.8,73.7,8.6,28.1,0.5,Rain,-0.8605996962501181,0.5092820071573356,20.8,22.8,26.1,20.8,22.8,26.8,19.5,18.4,20.9,92.2,76.5,74.8,8.948,18.866,0.625,16.67,12.5,4.17,rain,rain,rain,33.5,46.1,38.5,12.1,23.2,20.3,337.6,14.6,3.1,1018.1,1015.0,1012.5,95.7,92.2,64.8,8.4,9.4,9.1,40.0,30.7,133.6
2020-11-01,24.2,24.6,20.7,82.1,0.0,0.0,noprecip,16.6,11.2,84.9,1015.8,60.5,5.7,129.2,0.52,Cloudy,-0.8517119107469189,0.5240103253675756,22.3,20.8,22.8,22.3,20.8,22.8,19.9,19.5,18.4,86.6,92.2,76.5,2.088,8.948,18.866,8.33,16.67,12.5,rain,rain,rain,15.8,33.5,46.1,9.4,12.1,23.2,336.5,337.6,14.6,1017.8,1018.1,1015.0,73.7,95.7,92.2,8.6,8.4,9.4,28.1,40.0,30.7
2020-11-02,23.7,23.9,19.6,79.0,2.282,4.17,rain,32.8,19.4,33.6,1016.6,58.7,6.9,76.1,0.55,Rain,-0.8425720899866032,0.5385835804920232,24.2,22.3,20.8,24.6,22.3,20.8,20.7,19.9,19.5,82.1,86.6,92.2,0.0,2.088,8.948,0.0,8.33,16.67,noprecip,rain,rain,16.6,15.8,33.5,11.2,9.4,12.1,84.9,336.5,337.6,1015.8,1017.8,1018.1,60.5,73.7,95.7,5.7,8.6,8.4,129.2,28.1,40.0
2020-11-03,22.3,22.3,14.0,59.9,0.001,4.17,rain,24.8,15.7,1.0,1018.8,73.9,10.0,145.0,0.59,Rain,-0.8331829385891785,0.5529974600700271,23.7,24.2,22.3,23.9,24.6,22.3,19.6,20.7,19.9,79.0,82.1,86.6,2.282,0.0,2.088,4.17,0.0,8.33,rain,noprecip,rain,32.8,16.6,15.8,19.4,11.2,9.4,33.6,84.9,336.5,1016.6,1015.8,1017.8,58.7,60.5,73.7,6.9,5.7,8.6,76.1,129.2,28.1
2020-11-04,22.4,22.4,14.1,60.0,0.0,0.0,noprecip,22.7,15.7,358.6,1017.7,68.4,9.7,130.2,0.62,Cloudy,-0.8235472349556007,0.5672476988027229,22.3,23.7,24.2,22.3,23.9,24.6,14.0,19.6,20.7,59.9,79.0,82.1,0.001,2.282,0.0,4.17,4.17,0.0,rain,rain,noprecip,24.8,32.8,16.6,15.7,19.4,11.2,1.0,33.6,84.9,1018.8,1016.6,1015.8,73.9,58.7,60.5,10.0,6.9,5.7,145.0,76.1,129.2
2020-11-05,22.8,22.8,16.9,71.0,0.0,0.0,noprecip,14.0,10.3,77.1,1016.8,35.6,7.6,144.2,0.66,Cloudy,-0.8136678304455991,0.5813300798152042,22.4,22.3,23.7,22.4,22.3,23.9,14.1,14.0,19.6,60.0,59.9,79.0,0.0,0.001,2.282,0.0,4.17,4.17,noprecip,rain,rain,22.7,24.8,32.8,15.7,15.7,19.4,358.6,1.0,33.6,1017.7,1018.8,1016.6,68.4,73.9,58.7,9.7,10.0,6.9,130.2,145.0,76.1
2020-11-06,23.8,23.8,19.1,75.2,0.1,4.17,rain,23.4,10.4,312.8,1018.0,28.9,5.4,152.2,0.69,Rain,-0.8035476485339116,0.5952404359043674,22.8,22.4,22.3,22.8,22.4,22.3,16.9,14.1,14.0,71.0,60.0,59.9,0.0,0.0,0.001,0.0,0.0,4.17,noprecip,noprecip,rain,14.0,22.7,24.8,10.3,15.7,15.7,77.1,358.6,1.0,1016.8,1017.7,1018.8,35.6,68.4,73.9,7.6,9.7,10.0,144.2,130.2,145.0
2020-11-07,25.0,25.0,16.7,61.5,0.0,0.0,noprecip,32.0,20.3,1.0,1018.9,33.4,9.7,177.4,0.73,Cloudy,-0.7931896839451843,0.6089746507720486,23.8,22.8,22.4,23.8,22.8,22.4,19.1,16.9,14.1,75.2,71.0,60.0,0.1,0.0,0.0,4.17,0.0,0.0,rain,noprecip,noprecip,23.4,14.0,22.7,10.4,10.3,15.7,312.8,77.1,358.6,1018.0,1016.8,1017.7,28.9,35.6,68.4,5.4,7.6,9.7,152.2,144.2,130.2
2020-11-08,25.0,24.9,14.7,54.5,0.0,0.0,noprecip,32.8,17.7,6.1,1019.2,20.6,10.0,205.0,0.75,Cloudy,-0.7825970017677834,0.6225286602431057,25.0,23.8,22.8,25.0,23.8,22.8,16.7,19.1,16.9,61.5,75.2,71.0,0.0,0.1,0.0,0.0,4.17,0.0,noprecip,rain,noprecip,32.0,23.4,14.0,20.3,10.4,10.3,1.0,312.8,77.1,1018.9,1018.0,1016.8,33.4,28.9,35.6,9.7,5.4,7.6,177.4,152.2,144.2
2020-11-09,23.7,23.5,11.9,50.2,0.0,0.0,noprecip,35.6,19.4,4.5,1018.8,2.8,10.9,217.7,0.79,Clear,-0.7717727365467837,0.6358984534680745,25.0,25.0,23.8,24.9,25.0,23.8,14.7,16.7,19.1,54.5,61.5,75.2,0.0,0.0,0.1,0.0,0.0,4.17,noprecip,noprecip,rain,32.8,32.0,23.4,17.7,20.3,10.4,6.1,1.0,312.8,1019.2,1018.9,1018.0,20.6,33.4,28.9,10.0,9.7,5.4,205.0,177.4,152.2
2020-11-10,22.0,21.9,10.0,49.4,0.0,0.0,noprecip,31.7,17.5,355.0,1019.4,69.1,9.8,213.0,0.83,Cloudy,-0.7607200913564104,0.6490800741100398,23.7,25.0,25.0,23.5,24.9,25.0,11.9,14.7,16.7,50.2,54.5,61.5,0.0,0.0,0.0,0.0,0.0,0.0,noprecip,noprecip,noprecip,35.6,32.8,32.0,19.4,17.7,20.3,4.5,6.1,1.0,1018.8,1019.2,1018.9,2.8,20.6,33.4,10.9,10.0,9.7,217.7,205.0,177.4
2020-11-11,22.7,22.7,11.7,52.4,0.2,4.17,rain,22.0,12.1,322.0,1020.6,59.5,9.3,124.4,0.86,Rain,-0.7494423368521953,0.6620696215153815,22.0,23.7,25.0,21.9,23.5,24.9,10.0,11.9,14.7,49.4,50.2,54.5,0.0,0.0,0.0,0.0,0.0,0.0,noprecip,noprecip,noprecip,31.7,35.6,32.8,17.5,19.4,17.7,355.0,4.5,6.1,1019.4,1018.8,1019.2,69.1,2.8,20.6,9.8,10.9,10.0,213.0,217.7,205.0
2020-11-12,23.4,23.1,12.1,52.6,0.0,0.0,noprecip,23.0,13.9,339.8,1019.7,21.0,10.1,187.9,0.9,Cloudy,-0.7379428103031386,0.6748632518680403,22.7,22.0,23.7,22.7,21.9,23.5,11.7,10.0,11.9,52.4,49.4,50.2,0.2,0.0,0.0,4.17,0.0,0.0,rain,noprecip,noprecip,22.0,31.7,35.6,12.1,17.5,19.4,322.0,355.0,4.5,1020.6,1019.4,1018.8,59.5,69.1,2.8,9.3,9.8,10.9,124.4,213.0,217.7
2020-11-13,23.2,23.0,11.7,52.2,0.0,0.0,noprecip,26.3,16.6,348.8,1017.8,3.8,11.0,212.2,0.93,Clear,-0.7262249146041543,0.6874571793269664,23.4,22.7,22.0,23.1,22.7,21.9,12.1,11.7,10.0,52.6,52.4,49.4,0.0,0.2,0.0,0.0,4.17,0.0,noprecip,rain,noprecip,23.0,22.0,31.7,13.9,12.1,17.5,339.8,322.0,355.0,1019.7,1020.6,1019.4,21.0,59.5,69.1,10.1,9.3,9.8,187.9,124.4,213.0
2020-11-14,22.7,22.5,11.3,52.6,0.0,0.0,noprecip,28.8,18.6,2.2,1017.5,31.9,11.2,194.8,0.97,Cloudy,-0.7142921172691032,0.699847677146407,23.2,23.4,22.7,23.0,23.1,22.7,11.7,12.1,11.7,52.2,52.6,52.4,0.0,0.0,0.2,0.0,0.0,4.17,noprecip,noprecip,rain,26.3,23.0,22.0,16.6,13.9,12.1,348.8,339.8,322.0,1017.8,1019.7,1020.6,3.8,21.0,59.5,11.0,10.1,9.3,212.2,187.9,124.4
2020-11-15,19.0,19.0,17.3,90.3,7.99,12.5,rain,35.6,18.5,313.6,1018.5,96.3,7.2,32.9,0.0,Rain,-0.7021479494046978,0.7120310787787131,22.7,23.2,23.4,22.5,23.0,23.1,11.3,11.7,12.1,52.6,52.2,52.6,0.0,0.0,0.0,0.0,0.0,0.0,noprecip,noprecip,noprecip,28.8,26.3,23.0,18.6,16.6,13.9,2.2,348.8,339.8,1017.5,1017.8,1019.7,31.9,3.8,21.0,11.2,11.0,10.1,194.8,212.2,187.9
2020-11-16,20.2,20.2,19.4,94.8,32.857,16.67,rain,42.8,8.5,302.8,1016.9,94.1,5.6,15.7,0.03,Rain,-0.6897960046655887,0.7240037789593305,19.0,22.7,23.2,19.0,22.5,23.0,17.3,11.3,11.7,90.3,52.6,52.2,7.99,0.0,0.0,12.5,0.0,0.0,rain,noprecip,noprecip,35.6,28.8,26.3,18.5,18.6,16.6,313.6,2.2,348.8,1018.5,1017.5,1017.8,96.3,31.9,3.8,7.2,11.2,11.0,32.9,194.8,212.2
2020-11-17,23.3,23.5,21.4,89.2,4.042,4.17,rain,27.0,18.6,130.0,1013.0,79.6,6.2,131.3,0.07,Rain,-0.6772399381909491,0.7357622347736527,20.2,19.0,22.7,20.2,19.0,22.5,19.4,17.3,11.3,94.8,90.3,52.6,32.857,7.99,0.0,16.67,12.5,0.0,rain,rain,noprecip,42.8,35.6,28.8,8.5,18.5,18.6,302.8,313.6,2.2,1016.9,1018.5,1017.5,94.1,96.3,31.9,5.6,7.2,11.2,15.7,32.9,194.8
2020-11-18,25.2,25.9,21.6,81.4,0.0,0.0,noprecip,28.1,13.9,123.9,1011.3,67.8,8.2,110.9,0.1,Cloudy,-0.6644834655228552,0.7473029667054297,23.3,20.2,19.0,23.5,20.2,19.0,21.4,19.4,17.3,89.2,94.8,90.3,4.042,32.857,7.99,4.17,16.67,12.5,rain,rain,rain,27.0,42.8,35.6,18.6,8.5,18.5,130.0,302.8,313.6,1013.0,1016.9,1018.5,79.6,94.1,96.3,6.2,5.6,7.2,131.3,15.7,32.9
2020-11-19,24.9,25.3,21.7,83.6,0.099,4.17,rain,16.9,12.1,127.0,1010.8,68.9,7.4,97.4,0.13,Rain,-0.6515303615068021,0.75862255966641,25.2,23.3,20.2,25.9,23.5,20.2,21.6,21.4,19.4,81.4,89.2,94.8,0.0,4.042,32.857,0.0,4.17,16.67,noprecip,rain,rain,28.1,27.0,42.8,13.9,18.6,8.5,123.9,130.0,302.8,1011.3,1013.0,1016.9,67.8,79.6,94.1,8.2,6.2,5.6,110.9,131.3,15.7
2020-11-20,25.5,26.2,21.9,81.5,0.0,0.0,noprecip,26.6,16.6,137.4,1011.2,72.6,7.8,126.1,0.16,Cloudy,-0.6383844591746642,0.769717664006921,24.9,25.2,23.3,25.3,25.9,23.5,21.7,21.6,21.4,83.6,81.4,89.2,0.099,0.0,4.042,4.17,0.0,4.17,rain,noprecip,rain,16.9,28.1,27.0,12.1,13.9,18.6,127.0,123.9,130.0,1010.8,1011.3,1013.0,68.9,67.8,79.6,7.4,8.2,6.2,97.4,110.9,131.3
2020-11-21,25.9,26.7,22.2,81.5,0.0,0.0,noprecip,24.5,19.4,125.8,1012.1,67.3,8.2,124.3,0.2,Cloudy,-0.6250496486104377,0.7805849965070866,25.5,24.9,25.2,26.2,25.3,25.9,21.9,21.7,21.6,81.5,83.6,81.4,0.0,0.099,0.0,0.0,4.17,0.0,noprecip,rain,noprecip,26.6,16.9,28.1,16.6,12.1,13.9,137.4,127.0,123.9,1011.2,1010.8,1011.3,72.6,68.9,67.8,7.8,7.4,8.2,126.1,97.4,110.9
2020-11-22,25.6,26.3,22.1,81.9,1.1,25.0,rain,22.0,14.8,109.3,1015.2,64.4,8.1,124.9,0.25,Rain,-0.6115298757991053,0.7912213413483807,25.9,25.5,24.9,26.7,26.2,25.3,22.2,21.9,21.7,81.5,81.5,83.6,0.0,0.0,0.099,0.0,0.0,4.17,noprecip,noprecip,rain,24.5,26.6,16.9,19.4,16.6,12.1,125.8,137.4,127.0,1012.1,1011.2,1010.8,67.3,72.6,68.9,8.2,7.8,7.4,124.3,126.1,97.4
2020-11-23,25.9,26.5,21.3,76.9,2.5,45.83,rain,27.7,16.6,118.3,1017.1,56.5,9.5,103.7,0.26,Rain,-0.5978291414589552,0.801623551065242,25.6,25.9,25.5,26.3,26.7,26.2,22.1,22.2,21.9,81.9,81.5,81.5,1.1,0.0,0.0,25.0,0.0,0.0,rain,noprecip,noprecip,22.0,24.5,26.6,14.8,19.4,16.6,109.3,125.8,137.4,1015.2,1012.1,1011.2,64.4,67.3,72.6,8.1,8.2,7.8,124.9,124.3,126.1
2020-11-24,24.6,24.6,20.0,76.0,0.3,12.5,rain,23.8,15.7,123.6,1017.5,69.6,7.7,54.2,0.3,Rain,-0.5839514998576998,0.8117885474764613,25.9,25.6,25.9,26.5,26.3,26.7,21.3,22.1,22.2,76.9,81.9,81.5,2.5,1.1,0.0,45.83,25.0,0.0,rain,rain,noprecip,27.7,22.0,24.5,16.6,14.8,19.4,118.3,109.3,125.8,1017.1,1015.2,1012.1,56.5,64.4,67.3,9.5,8.1,8.2,103.7,124.9,124.3
2020-11-25,24.3,24.6,20.0,77.4,0.4,8.33,rain,22.7,13.9,136.1,1017.0,53.9,7.3,120.3,0.33,Rain,-0.5699010576127624,0.821713322596059,24.6,25.9,25.6,24.6,26.5,26.3,20.0,21.3,22.1,76.0,76.9,81.9,0.3,2.5,1.1,12.5,45.83,25.0,rain,rain,rain,23.8,27.7,22.0,15.7,16.6,14.8,123.6,118.3,109.3,1017.5,1017.1,1015.2,69.6,56.5,64.4,7.7,9.5,8.1,54.2,103.7,124.9
2020-11-26,25.1,25.5,19.8,73.7,0.8,33.33,rain,23.0,12.1,104.0,1018.2,58.3,7.4,118.5,0.36,Rain,-0.5556819724760489,0.8313949395234058,24.3,24.6,25.9,24.6,24.6,26.5,20.0,20.0,21.3,77.4,76.0,76.9,0.4,0.3,2.5,8.33,12.5,45.83,rain,rain,rain,22.7,23.8,27.7,13.9,15.7,16.6,136.1,123.6,118.3,1017.0,1017.5,1017.1,53.9,69.6,56.5,7.3,7.7,9.5,120.3,54.2,103.7
2020-11-27,23.5,23.6,17.8,71.2,0.0,0.0,noprecip,26.3,19.4,59.0,1020.3,39.9,8.4,138.4,0.4,Cloudy,-0.5412984521036173,0.8408305333122887,25.1,24.3,24.6,25.5,24.6,24.6,19.8,20.0,20.0,73.7,77.4,76.0,0.8,0.4,0.3,33.33,8.33,12.5,rain,rain,rain,23.0,22.7,23.8,12.1,13.9,15.7,104.0,136.1,123.6,1018.2,1017.0,1017.5,58.3,53.9,69.6,7.4,7.3,7.7,118.5,120.3,54.2
2020-11-28,20.2,20.2,13.5,65.9,0.0,0.0,noprecip,32.8,20.5,33.8,1022.4,83.7,10.0,141.0,0.43,Cloudy,-0.5267547528105542,0.8500173118187018,23.5,25.1,24.3,23.6,25.5,24.6,17.8,19.8,20.0,71.2,73.7,77.4,0.0,0.8,0.4,0.0,33.33,8.33,noprecip,rain,rain,26.3,23.0,22.7,19.4,12.1,13.9,59.0,104.0,136.1,1020.3,1018.2,1017.0,39.9,58.3,53.9,8.4,7.4,7.3,138.4,118.5,120.3
2020-11-29,19.4,19.4,9.3,52.8,0.0,0.0,noprecip,26.6,21.4,11.7,1022.7,41.4,10.7,178.3,0.46,Cloudy,-0.5120551783114646,0.8589525565270845,20.2,23.5,25.1,20.2,23.6,25.5,13.5,17.8,19.8,65.9,71.2,73.7,0.0,0.0,0.8,0.0,0.0,33.33,noprecip,noprecip,rain,32.8,26.3,23.0,20.5,19.4,12.1,33.8,59.0,104.0,1022.4,1020.3,1018.2,83.7,39.9,58.3,10.0,8.4,7.4,141.0,138.4,118.5
2020-11-30,19.7,19.7,8.4,48.9,0.0,0.0,noprecip,29.5,22.3,21.2,1022.9,45.1,11.4,183.3,0.5,Cloudy,-0.4972040784469378,0.8676336233547726,19.4,20.2,23.5,19.4,20.2,23.6,9.3,13.5,17.8,52.8,65.9,71.2,0.0,0.0,0.0,0.0,0.0,0.0,noprecip,noprecip,noprecip,26.6,32.8,26.3,21.4,20.5,19.4,11.7,33.8,59.0,1022.7,1022.4,1020.3,41.4,83.7,39.9,10.7,10.0,8.4,178.3,141.0,138.4
2020-12-01,19.1,19.1,9.1,52.4,0.0,0.0,noprecip,23.4,18.4,35.2,1022.2,74.3,9.4,107.3,0.53,Cloudy,-0.4822058478963526,0.8760579434344281,19.7,19.4,20.2,19.7,19.4,20.2,8.4,9.3,13.5,48.9,52.8,65.9,0.0,0.0,0.0,0.0,0.0,0.0,noprecip,noprecip,noprecip,29.5,26.6,32.8,22.3,21.4,20.5,21.2,11.7,33.8,1022.9,1022.7,1022.4,45.1,41.4,83.7,11.4,10.7,10.0,183.3,178.3,141.0
2020-12-02,18.6,18.6,11.7,64.6,0.2,8.33,rain,22.7,14.8,17.5,1021.2,63.7,8.4,75.9,0.56,Rain,-0.46706492487743034,0.8842230238742036,19.1,19.7,19.4,19.1,19.7,19.4,9.1,8.4,9.3,52.4,48.9,52.8,0.0,0.0,0.0,0.0,0.0,0.0,noprecip,noprecip,noprecip,23.4,29.5,26.6,18.4,22.3,21.4,35.2,21.2,11.7,1022.2,1022.9,1022.7,74.3,45.1,41.4,9.4,11.4,10.7,107.3,183.3,178.3
2020-12-03,19.5,19.5,10.3,55.5,0.1,4.17,rain,28.8,18.4,28.0,1021.6,69.8,9.9,116.7,0.6,Rain,-0.451785789832884,0.8921264484954345,18.6,19.1,19.7,18.6,19.1,19.7,11.7,9.1,8.4,64.6,52.4,48.9,0.2,0.0,0.0,8.33,0.0,0.0,rain,noprecip,noprecip,22.7,23.4,29.5,14.8,18.4,22.3,17.5,35.2,21.2,1021.2,1022.2,1022.9,63.7,74.3,45.1,8.4,9.4,11.4,75.9,107.3,183.3
2020-12-04,17.7,17.7,8.5,55.2,0.0,0.0,noprecip,25.9,18.6,22.2,1022.4,71.6,9.9,123.6,0.63,Cloudy,-0.4363729641045924,0.8997658785476209,19.5,18.6,19.1,19.5,18.6,19.1,10.3,11.7,9.1,55.5,64.6,52.4,0.1,0.2,0.0,4.17,8.33,0.0,rain,rain,noprecip,28.8,22.7,23.4,18.4,14.8,18.4,28.0,17.5,35.2,1021.6,1021.2,1022.2,69.8,63.7,74.3,9.9,8.4,9.4,116.7,75.9,107.3
2020-12-05,15.7,15.7,7.2,57.6,0.0,0.0,noprecip,24.1,20.5,29.1,1022.7,33.7,10.1,175.4,0.67,Cloudy,-0.42083100859565564,0.9071390534005044,17.7,19.5,18.6,17.7,19.5,18.6,8.5,10.3,11.7,55.2,55.5,64.6,0.0,0.1,0.2,0.0,4.17,8.33,noprecip,rain,rain,25.9,28.8,22.7,18.6,18.4,14.8,22.2,28.0,17.5,1022.4,1021.6,1021.2,71.6,69.8,63.7,9.9,9.9,8.4,123.6,116.7,75.9
2020-12-06,16.4,16.4,9.3,65.5,0.0,0.0,noprecip,17.3,10.4,97.0,1020.5,0.7,9.8,192.2,0.7,Clear,-0.4051645224207563,0.9142437912130223,15.7,17.7,19.5,15.7,17.7,19.5,7.2,8.5,10.3,57.6,55.2,55.5,0.0,0.0,0.1,0.0,0.0,4.17,noprecip,noprecip,rain,24.1,25.9,28.8,20.5,18.6,18.4,29.1,22.2,28.0,1022.7,1022.4,1021.6,33.7,71.6,69.8,10.1,9.9,9.9,175.4,123.6,116.7
2020-12-07,18.4,18.4,11.0,63.8,0.0,0.0,noprecip,27.0,15.7,348.9,1021.9,43.9,8.2,174.6,0.74,Cloudy,-0.3893781415452015,0.9210779895789526,16.4,15.7,17.7,16.4,15.7,17.7,9.3,7.2,8.5,65.5,57.6,55.2,0.0,0.0,0.0,0.0,0.0,0.0,noprecip,noprecip,noprecip,17.3,24.1,25.9,10.4,20.5,18.6,97.0,29.1,22.2,1020.5,1022.7,1022.4,0.7,33.7,71.6,9.8,10.1,9.9,192.2,175.4,123.6
2020-12-08,18.4,18.4,11.2,64.2,0.0,0.0,noprecip,25.9,16.6,350.4,1021.1,14.9,8.0,169.0,0.75,Clear,-0.37347653741307074,0.9276396261490467,18.4,16.4,15.7,18.4,16.4,15.7,11.0,9.3,7.2,63.8,65.5,57.6,0.0,0.0,0.0,0.0,0.0,0.0,noprecip,noprecip,noprecip,27.0,17.3,24.1,15.7,10.4,20.5,348.9,97.0,29.1,1021.9,1020.5,1022.7,43.9,0.7,33.7,8.2,9.8,10.1,174.6,192.2,175.4
2020-12-09,18.3,18.3,12.2,69.5,0.0,0.0,noprecip,16.2,13.0,78.9,1017.3,25.8,7.0,179.3,0.81,Cloudy,-0.3574644155648614,0.9339267592294762,18.4,18.4,16.4,18.4,18.4,16.4,11.2,11.0,9.3,64.2,63.8,65.5,0.0,0.0,0.0,0.0,0.0,0.0,noprecip,noprecip,noprecip,25.9,27.0,17.3,16.6,15.7,10.4,350.4,348.9,97.0,1021.1,1021.9,1020.5,14.9,43.9,0.7,8.0,8.2,9.8,169.0,174.6,192.2
2020-12-10,20.1,20.1,13.6,67.9,0.0,0.0,noprecip,21.6,9.4,43.4,1016.8,25.3,6.3,151.3,0.84,Cloudy,-0.34134651424503615,0.9399375283564133,18.3,18.4,18.4,18.3,18.4,18.4,12.2,11.2,11.0,69.5,64.2,63.8,0.0,0.0,0.0,0.0,0.0,0.0,noprecip,noprecip,noprecip,16.2,25.9,27.0,13.0,16.6,15.7,78.9,350.4,348.9,1017.3,1021.1,1021.9,25.8,14.9,43.9,7.0,8.0,8.2,179.3,169.0,174.6
2020-12-11,20.6,20.6,15.8,75.5,0.0,0.0,noprecip,23.4,19.4,111.0,1014.9,60.5,5.4,149.1,0.88,Cloudy,-0.3251276029999093,0.9456701548465688,20.1,18.3,18.4,20.1,18.3,18.4,13.6,12.2,11.2,67.9,69.5,64.2,0.0,0.0,0.0,0.0,0.0,0.0,noprecip,noprecip,noprecip,21.6,16.2,25.9,9.4,13.0,16.6,43.4,78.9,350.4,1016.8,1017.3,1021.1,25.3,25.8,14.9,6.3,7.0,8.0,151.3,179.3,169.0
2020-12-12,22.2,22.2,17.0,73.6,0.1,4.17,rain,23.4,15.7,121.4,1013.4,63.4,6.5,77.4,0.91,Rain,-0.30881248126625377,0.9511229423235357,20.6,20.1,18.3,20.6,20.1,18.3,15.8,13.6,12.2,75.5,67.9,69.5,0.0,0.0,0.0,0.0,0.0,0.0,noprecip,noprecip,noprecip,23.4,21.6,16.2,19.4,9.4,13.0,111.0,43.4,78.9,1014.9,1016.8,1017.3,60.5,25.3,25.8,5.4,6.3,7.0,149.1,151.3,179.3
2020-12-13,23.2,23.3,19.2,80.3,0.3,12.5,rain,20.2,14.7,123.2,1010.9,59.0,6.2,103.7,0.95,Rain,-0.29240597695107734,0.9562942772197719,22.2,20.6,20.1,22.2,20.6,20.1,17.0,15.8,13.6,73.6,75.5,67.9,0.1,0.0,0.0,4.17,0.0,0.0,rain,noprecip,noprecip,23.4,23.4,21.6,15.7,19.4,9.4,121.4,111.0,43.4,1013.4,1014.9,1016.8,63.4,60.5,25.3,6.5,5.4,6.3,77.4,149.1,151.3
2020-12-14,22.0,22.1,18.0,78.7,0.001,4.17,rain,40.7,25.0,54.6,1014.9,89.1,6.7,31.8,0.0,Rain,-0.27591294500296043,0.9611826292540837,23.2,22.2,20.6,23.3,22.2,20.6,19.2,17.0,15.8,80.3,73.6,75.5,0.3,0.1,0.0,12.5,4.17,0.0,rain,rain,noprecip,20.2,23.4,23.4,14.7,15.7,19.4,123.2,121.4,111.0,1010.9,1013.4,1014.9,59.0,63.4,60.5,6.2,6.5,5.4,103.7,77.4,149.1
2020-12-15,14.2,14.2,9.9,75.9,0.272,16.67,rain,25.9,21.4,40.4,1021.6,95.4,9.2,25.4,0.02,Rain,-0.2593382659754056,0.9657865518844574,22.0,23.2,22.2,22.1,23.3,22.2,18.0,19.2,17.0,78.7,80.3,73.6,0.001,0.3,0.1,4.17,12.5,4.17,rain,rain,rain,40.7,20.2,23.4,25.0,14.7,15.7,54.6,123.2,121.4,1014.9,1010.9,1013.4,89.1,59.0,63.4,6.7,6.2,6.5,31.8,103.7,77.4
2020-12-16,13.2,13.2,7.1,67.7,0.2,12.5,rain,24.1,17.5,24.3,1024.1,98.2,10.0,40.1,0.05,Rain,-0.2426868445825954,0.9701046827361175,14.2,22.0,23.2,14.2,22.1,23.3,9.9,18.0,19.2,75.9,78.7,80.3,0.272,0.001,0.3,16.67,4.17,12.5,rain,rain,rain,25.9,40.7,20.2,21.4,25.0,14.7,40.4,54.6,123.2,1021.6,1014.9,1010.9,95.4,89.1,59.0,9.2,6.7,6.2,25.4,31.8,103.7
2020-12-17,12.9,12.9,6.5,65.4,0.1,4.17,rain,20.2,16.6,18.6,1022.8,96.1,10.0,67.6,0.08,Rain,-0.22596360824801906,0.974135744004672,13.2,14.2,22.0,13.2,14.2,22.1,7.1,9.9,18.0,67.7,75.9,78.7,0.2,0.272,0.001,12.5,16.67,4.17,rain,rain,rain,24.1,25.9,40.7,17.5,21.4,25.0,24.3,40.4,54.6,1024.1,1021.6,1014.9,98.2,95.4,89.1,10.0,9.2,6.7,40.1,25.4,31.8
2020-12-18,12.9,12.9,6.6,66.2,0.099,4.17,rain,30.2,21.4,0.6,1024.1,83.2,9.7,54.3,0.11,Rain,-0.20917350564635637,0.9778785428342386,12.9,13.2,14.2,12.9,13.2,14.2,6.5,7.1,9.9,65.4,67.7,75.9,0.1,0.2,0.272,4.17,12.5,16.67,rain,rain,rain,20.2,24.1,25.9,16.6,17.5,21.4,18.6,24.3,40.4,1022.8,1024.1,1021.6,96.1,98.2,95.4,10.0,10.0,9.2,67.6,40.1,25.4
2020-12-19,14.5,14.5,4.6,51.6,0.0,0.0,noprecip,31.3,18.5,356.5,1026.1,94.9,10.0,88.6,0.15,Cloudy,-0.19232150523909483,0.9813319716704275,12.9,12.9,13.2,12.9,12.9,13.2,6.6,6.5,7.1,66.2,65.4,67.7,0.099,0.1,0.2,4.17,4.17,12.5,rain,rain,rain,30.2,20.2,24.1,21.4,16.6,17.5,0.6,18.6,24.3,1024.1,1022.8,1024.1,83.2,96.1,98.2,9.7,10.0,10.0,54.3,67.6,40.1
2020-12-20,15.3,15.3,3.3,44.6,0.0,0.0,noprecip,33.8,21.4,359.0,1026.5,79.1,10.0,122.7,0.18,Cloudy,-0.17541259380427843,0.9844950085880858,14.5,12.9,12.9,14.5,12.9,12.9,4.6,6.6,6.5,51.6,66.2,65.4,0.0,0.099,0.1,0.0,4.17,4.17,noprecip,rain,rain,31.3,30.2,20.2,18.5,21.4,16.6,356.5,0.6,18.6,1026.1,1024.1,1022.8,94.9,83.2,96.1,10.0,9.7,10.0,88.6,54.3,67.6
2020-12-21,16.1,16.1,2.2,40.0,0.0,0.0,noprecip,34.9,18.4,353.6,1024.3,39.5,9.8,187.9,0.21,Cloudy,-0.15845177496083632,0.9873667175937016,15.3,14.5,12.9,15.3,14.5,12.9,3.3,4.6,6.6,44.6,51.6,66.2,0.0,0.0,0.099,0.0,0.0,4.17,noprecip,noprecip,rain,33.8,31.3,30.2,21.4,18.5,21.4,359.0,356.5,0.6,1026.5,1026.1,1024.1,79.1,94.9,83.2,10.0,10.0,9.7,122.7,88.6,54.3
2020-12-22,18.0,18.0,7.3,51.2,0.0,0.0,noprecip,20.9,8.5,287.3,1020.0,48.9,8.9,99.0,0.25,Cloudy,-0.14144406768794202,0.9899462489023779,16.1,15.3,14.5,16.1,15.3,14.5,2.2,3.3,4.6,40.0,44.6,51.6,0.0,0.0,0.0,0.0,0.0,0.0,noprecip,noprecip,noprecip,34.9,33.8,31.3,18.4,21.4,18.5,353.6,359.0,356.5,1024.3,1026.5,1026.1,39.5,79.1,94.9,9.8,10.0,10.0,187.9,122.7,88.6
2020-12-23,18.5,18.5,10.1,58.7,0.0,0.0,noprecip,18.0,13.9,73.8,1017.4,89.8,8.0,115.4,0.28,Cloudy,-0.12439450483979998,0.9922328391893008,18.0,16.1,15.3,18.0,16.1,15.3,7.3,2.2,3.3,51.2,40.0,44.6,0.0,0.0,0.0,0.0,0.0,0.0,noprecip,noprecip,noprecip,20.9,34.9,33.8,8.5,18.4,21.4,287.3,353.6,359.0,1020.0,1024.3,1026.5,48.9,39.5,79.1,8.9,9.8,10.0,99.0,187.9,122.7
2020-12-24,19.1,19.1,11.1,60.9,0.0,0.0,noprecip,19.4,12.1,13.6,1017.6,60.3,8.8,87.4,0.31,Cloudy,-0.10730813165636247,0.9942258118156161,18.5,18.0,16.1,18.5,18.0,16.1,10.1,7.3,2.2,58.7,51.2,40.0,0.0,0.0,0.0,0.0,0.0,0.0,noprecip,noprecip,noprecip,18.0,20.9,34.9,13.9,8.5,18.4,73.8,287.3,353.6,1017.4,1020.0,1024.3,89.8,48.9,39.5,8.0,8.9,9.8,115.4,99.0,187.9
2020-12-25,19.4,19.4,12.2,64.5,0.0,0.0,noprecip,17.6,12.9,98.2,1017.5,36.4,7.3,114.6,0.34,Cloudy,-0.09019000427034513,0.9959245770286599,19.1,18.5,18.0,19.1,18.5,18.0,11.1,10.1,7.3,60.9,58.7,51.2,0.0,0.0,0.0,0.0,0.0,0.0,noprecip,noprecip,noprecip,19.4,18.0,20.9,12.1,13.9,8.5,13.6,73.8,287.3,1017.6,1017.4,1020.0,60.3,89.8,48.9,8.8,8.0,8.9,87.4,115.4,99.0
2020-12-26,19.1,19.1,14.7,76.2,0.0,0.0,noprecip,16.9,11.2,71.0,1015.9,80.4,5.5,101.7,0.37,Cloudy,-0.07304518821104743,0.9973286321364752,19.4,19.1,18.5,19.4,19.1,18.5,12.2,11.1,10.1,64.5,60.9,58.7,0.0,0.0,0.0,0.0,0.0,0.0,noprecip,noprecip,noprecip,17.6,19.4,18.0,12.9,12.1,13.9,98.2,13.6,73.8,1017.5,1017.6,1017.4,36.4,60.3,89.8,7.3,8.8,8.0,114.6,87.4,115.4
2020-12-27,19.7,19.7,17.9,89.4,0.297,8.33,rain,16.2,11.2,40.3,1014.7,79.1,3.6,34.1,0.41,Rain,-0.05587875690537313,0.9984375616565666,19.1,19.4,19.1,19.1,19.4,19.1,14.7,12.2,11.1,76.2,64.5,60.9,0.0,0.0,0.0,0.0,0.0,0.0,noprecip,noprecip,noprecip,16.9,17.6,19.4,11.2,12.9,12.1,71.0,98.2,13.6,1015.9,1017.5,1017.6,80.4,36.4,60.3,5.5,7.3,8.8,101.7,114.6,87.4
2020-12-28,21.6,21.6,19.1,86.1,0.104,12.5,rain,31.0,18.1,116.6,1012.1,81.8,5.1,76.8,0.44,Rain,-0.03869579017652689,0.9992510374388481,19.7,19.1,19.4,19.7,19.1,19.4,17.9,14.7,12.2,89.4,76.2,64.5,0.297,0.0,0.0,8.33,0.0,0.0,rain,noprecip,noprecip,16.2,16.9,17.6,11.2,11.2,12.9,40.3,71.0,98.2,1014.7,1015.9,1017.5,79.1,80.4,36.4,3.6,5.5,7.3,34.1,101.7,114.6
2020-12-29,22.8,22.8,18.8,79.9,0.198,8.33,rain,51.8,17.5,110.1,1013.7,68.5,7.4,94.0,0.47,Rain,-0.021501372740813793,0.999768818762748,21.6,19.7,19.1,21.6,19.7,19.1,19.1,17.9,14.7,86.1,89.4,76.2,0.104,0.297,0.0,12.5,8.33,0.0,rain,rain,noprecip,31.0,16.2,16.9,18.1,11.2,11.2,116.6,40.3,71.0,1012.1,1014.7,1015.9,81.8,79.1,80.4,5.1,3.6,5.5,76.8,34.1,101.7
2020-12-30,18.3,18.3,5.2,43.8,2.975,8.33,rain,44.6,30.6,34.6,1023.2,92.7,9.8,42.8,0.5,Rain,-0.004300592702981974,0.9999907524084426,22.8,21.6,19.7,22.8,21.6,19.7,18.8,19.1,17.9,79.9,86.1,89.4,0.198,0.104,0.297,8.33,12.5,8.33,rain,rain,rain,51.8,31.0,16.2,17.5,18.1,11.2,110.1,116.6,40.3,1013.7,1012.1,1014.7,68.5,81.8,79.1,7.4,5.1,3.6,94.0,76.8,34.1
2020-12-31,14.7,14.7,1.5,42.5,0.0,0.0,noprecip,29.2,16.5,52.9,1026.1,50.3,9.7,155.3,0.54,Cloudy,0.012901459949419653,0.9999167727021953,18.3,22.8,21.6,18.3,22.8,21.6,5.2,18.8,19.1,43.8,79.9,86.1,2.975,0.198,0.104,8.33,8.33,12.5,rain,rain,rain,44.6,51.8,31.0,30.6,17.5,18.1,34.6,110.1,116.6,1023.2,1013.7,1012.1,92.7,68.5,81.8,9.8,7.4,5.1,42.8,94.0,76.8
2021-01-01,13.4,13.3,-0.4,42.6,0.0,0.0,noprecip,24.8,14.8,9.5,1025.5,8.0,9.3,202.6,0.57,Clear,0.017201575418260506,0.9998520419557735,14.7,18.3,22.8,14.7,18.3,22.8,1.5,5.2,18.8,42.5,43.8,79.9,0.0,2.975,0.198,0.0,8.33,8.33,noprecip,rain,rain,29.2,44.6,51.8,16.5,30.6,17.5,52.9,34.6,110.1,1026.1,1023.2,1013.7,50.3,92.7,68.5,9.7,9.8,7.4,155.3,42.8,94.0
2021-01-02,13.5,13.4,3.9,56.8,0.0,0.0,noprecip,16.2,9.4,76.2,1022.1,0.0,7.4,201.9,0.61,Clear,0.03439806061360801,0.9994082116062598,13.4,14.7,18.3,13.3,14.7,18.3,-0.4,1.5,5.2,42.6,42.5,43.8,0.0,0.0,2.975,0.0,0.0,8.33,noprecip,noprecip,rain,24.8,29.2,44.6,14.8,16.5,30.6,9.5,52.9,34.6,1025.5,1026.1,1023.2,8.0,50.3,92.7,9.3,9.7,9.8,202.6,155.3,42.8
2021-01-03,15.1,15.1,5.6,55.0,0.0,0.0,noprecip,22.3,18.4,55.1,1021.8,27.8,7.7,131.1,0.64,Cloudy,0.051584366869408364,0.9986686402879997,13.5,13.4,14.7,13.4,13.3,14.7,3.9,-0.4,1.5,56.8,42.6,42.5,0.0,0.0,0.0,0.0,0.0,0.0,noprecip,noprecip,noprecip,16.2,24.8,29.2,9.4,14.8,16.5,76.2,9.5,52.9,1022.1,1025.5,1026.1,0.0,8.0,50.3,7.4,9.3,9.7,201.9,202.6,155.3
2021-01-04,16.9,16.9,6.1,50.4,0.0,0.0,noprecip,17.3,9.5,19.9,1021.2,46.6,8.6,147.6,0.68,Cloudy,0.06875540848113941,0.9976335468520451,15.1,13.5,13.4,15.1,13.4,13.3,5.6,3.9,-0.4,55.0,56.8,42.6,0.0,0.0,0.0,0.0,0.0,0.0,noprecip,noprecip,noprecip,22.3,16.2,24.8,18.4,9.4,14.8,55.1,76.2,9.5,1021.8,1022.1,1025.5,27.8,0.0,8.0,7.7,7.4,9.3,131.1,201.9,202.6
2021-01-05,17.2,17.2,10.0,63.3,0.0,0.0,noprecip,16.2,11.2,347.3,1020.3,90.3,5.4,94.8,0.72,Cloudy,0.08590610426133272,0.9963032375991965,16.9,15.1,13.5,16.9,15.1,13.4,6.1,5.6,3.9,50.4,55.0,56.8,0.0,0.0,0.0,0.0,0.0,0.0,noprecip,noprecip,noprecip,17.3,22.3,16.2,9.5,18.4,9.4,19.9,55.1,76.2,1021.2,1021.8,1022.1,46.6,27.8,0.0,8.6,7.7,7.4,147.6,131.1,201.9
2021-01-06,16.5,16.5,10.0,65.9,0.0,0.0,noprecip,19.4,13.0,11.4,1019.1,88.0,7.0,81.3,0.75,Cloudy,0.10303137904317879,0.9946781061893646,17.2,16.9,15.1,17.2,16.9,15.1,10.0,6.1,5.6,63.3,50.4,55.0,0.0,0.0,0.0,0.0,0.0,0.0,noprecip,noprecip,noprecip,16.2,17.3,22.3,11.2,9.5,18.4,347.3,19.9,55.1,1020.3,1021.2,1021.8,90.3,46.6,27.8,5.4,8.6,7.7,94.8,147.6,131.1
2021-01-07,14.5,14.5,7.7,64.0,0.004,4.17,rain,27.4,20.5,29.7,1020.1,90.0,7.9,49.8,0.79,Rain,0.1201261651823505,0.9927586335250793,16.5,17.2,16.9,16.5,17.2,16.9,10.0,10.0,6.1,65.9,63.3,50.4,0.0,0.0,0.0,0.0,0.0,0.0,noprecip,noprecip,noprecip,19.4,16.2,17.3,13.0,11.2,9.5,11.4,347.3,19.9,1019.1,1020.3,1021.2,88.0,90.3,46.6,7.0,5.4,8.6,81.3,94.8,147.6
2021-01-08,11.1,10.6,2.1,54.3,0.7,25.0,rain,30.2,22.3,17.9,1025.6,97.1,10.0,41.7,0.82,Rain,0.13718540405660057,0.9905453876091833,14.5,16.5,17.2,14.5,16.5,17.2,7.7,10.0,10.0,64.0,65.9,63.3,0.004,0.0,0.0,4.17,0.0,0.0,rain,noprecip,noprecip,27.4,19.4,16.2,20.5,13.0,11.2,29.7,11.4,347.3,1020.1,1019.1,1020.3,90.0,88.0,90.3,7.9,7.0,5.4,49.8,81.3,94.8
2021-01-09,10.4,9.5,-2.0,42.5,0.0,0.0,noprecip,24.8,14.8,28.6,1025.2,92.5,10.0,84.3,0.86,Cloudy,0.1542040475626894,0.988039023376751,11.1,14.5,16.5,10.6,14.5,16.5,2.1,7.7,10.0,54.3,64.0,65.9,0.7,0.004,0.0,25.0,4.17,0.0,rain,rain,noprecip,30.2,27.4,19.4,22.3,20.5,13.0,17.9,29.7,11.4,1025.6,1020.1,1019.1,97.1,90.0,88.0,10.0,7.9,7.0,41.7,49.8,81.3
2021-01-10,11.0,10.6,-1.8,41.3,0.0,0.0,noprecip,24.8,13.0,1.8,1024.3,87.4,10.0,124.7,0.89,Cloudy,0.17117705961019986,0.985240282501282,10.4,11.1,14.5,9.5,10.6,14.5,-2.0,2.1,7.7,42.5,54.3,64.0,0.0,0.7,0.004,0.0,25.0,4.17,noprecip,rain,rain,24.8,30.2,27.4,14.8,22.3,20.5,28.6,17.9,29.7,1025.2,1025.6,1020.1,92.5,97.1,90.0,10.0,10.0,7.9,84.3,41.7,49.8
2021-01-11,12.9,12.9,-1.6,38.1,0.0,0.0,noprecip,38.5,20.5,352.5,1028.8,89.2,10.0,62.1,0.93,Cloudy,0.18809941761179758,0.9821499931752291,11.0,10.4,11.1,10.6,9.5,10.6,-1.8,-2.0,2.1,41.3,42.5,54.3,0.0,0.0,0.7,0.0,0.0,25.0,noprecip,noprecip,rain,24.8,24.8,30.2,13.0,14.8,22.3,1.8,28.6,17.9,1024.3,1025.2,1025.6,87.4,92.5,97.1,10.0,10.0,10.0,124.7,84.3,41.7
2021-01-12,14.6,14.6,-1.3,36.7,0.0,0.0,noprecip,28.1,16.6,316.5,1026.4,58.0,9.9,170.7,0.96,Cloudy,0.20496611396949532,0.9787690698649216,12.9,11.0,10.4,12.9,10.6,9.5,-1.6,-1.8,-2.0,38.1,41.3,42.5,0.0,0.0,0.0,0.0,0.0,0.0,noprecip,noprecip,noprecip,38.5,24.8,24.8,20.5,13.0,14.8,352.5,1.8,28.6,1028.8,1024.3,1025.2,89.2,87.4,92.5,10.0,10.0,10.0,62.1,124.7,84.3
2021-01-13,15.3,15.2,3.0,47.2,0.0,0.0,noprecip,20.9,18.4,121.9,1018.6,14.8,8.3,203.7,0.0,Clear,0.22177215755648186,0.975098513039961,14.6,12.9,11.0,14.6,12.9,10.6,-1.3,-1.6,-1.8,36.7,38.1,41.3,0.0,0.0,0.0,0.0,0.0,0.0,noprecip,noprecip,noprecip,28.1,38.5,24.8,16.6,20.5,13.0,316.5,352.5,1.8,1026.4,1028.8,1024.3,58.0,89.2,87.4,9.9,10.0,10.0,170.7,62.1,124.7
2021-01-14,15.8,15.8,7.5,59.7,0.0,0.0,noprecip,16.2,11.2,126.3,1017.1,13.1,7.1,194.4,0.03,Clear,0.23851257519407648,0.9711394088771653,15.3,14.6,12.9,15.2,14.6,12.9,3.0,-1.3,-1.6,47.2,36.7,38.1,0.0,0.0,0.0,0.0,0.0,0.0,noprecip,noprecip,noprecip,20.9,28.1,38.5,18.4,16.6,20.5,121.9,316.5,352.5,1018.6,1026.4,1028.8,14.8,58.0,89.2,8.3,9.9,10.0,203.7,170.7,62.1
2021-01-15,16.1,16.1,12.1,78.1,0.0,0.0,noprecip,19.1,14.8,98.7,1015.4,49.7,4.5,130.3,0.06,Cloudy,0.2551824131233728,0.9668929289391521,15.8,15.3,14.6,15.8,15.2,14.6,7.5,3.0,-1.3,59.7,47.2,36.7,0.0,0.0,0.0,0.0,0.0,0.0,noprecip,noprecip,noprecip,16.2,20.9,28.1,11.2,18.4,16.6,126.3,121.9,316.5,1017.1,1018.6,1026.4,13.1,14.8,58.0,7.1,8.3,9.9,194.4,203.7,170.7
2021-01-16,18.1,18.1,13.3,73.6,0.1,4.17,rain,17.3,9.4,18.3,1016.0,67.7,4.6,54.8,0.1,Rain,0.2717767384711357,0.9623603298276545,16.1,15.8,15.3,16.1,15.8,15.2,12.1,7.5,3.0,78.1,59.7,47.2,0.0,0.0,0.0,0.0,0.0,0.0,noprecip,noprecip,noprecip,19.1,16.2,20.9,14.8,11.2,18.4,98.7,126.3,121.9,1015.4,1017.1,1018.6,49.7,13.1,14.8,4.5,7.1,8.3,130.3,194.4,203.7
2021-01-17,15.7,15.7,9.9,70.3,2.672,8.33,rain,43.9,22.3,3.6,1024.8,86.4,7.2,23.9,0.13,Rain,0.2882906407095177,0.9575429528116719,18.1,16.1,15.8,18.1,16.1,15.8,13.3,12.1,7.5,73.6,78.1,59.7,0.1,0.0,0.0,4.17,0.0,0.0,rain,noprecip,noprecip,17.3,19.1,16.2,9.4,14.8,11.2,18.3,98.7,126.3,1016.0,1015.4,1017.1,67.7,49.7,13.1,4.6,4.5,7.1,54.8,130.3,194.4
2021-01-18,15.1,15.1,3.7,47.6,0.0,0.0,noprecip,24.1,13.9,351.7,1024.3,21.9,9.6,209.1,0.16,Cloudy,0.3047192331091634,0.9524422234305676,15.7,18.1,16.1,15.7,18.1,16.1,9.9,13.3,12.1,70.3,73.6,78.1,2.672,0.1,0.0,8.33,4.17,0.0,rain,rain,noprecip,43.9,17.3,19.1,22.3,9.4,14.8,3.6,18.3,98.7,1024.8,1016.0,1015.4,86.4,67.7,49.7,7.2,4.6,4.5,23.9,54.8,130.3
2021-01-19,15.2,15.2,7.9,64.9,0.0,0.0,noprecip,27.4,16.6,111.0,1018.7,0.0,7.0,212.0,0.19,Clear,0.321057654185271,0.9470596510722283,15.1,15.7,18.1,15.1,15.7,18.1,3.7,9.9,13.3,47.6,70.3,73.6,0.0,2.672,0.1,0.0,8.33,4.17,noprecip,rain,rain,24.1,43.9,17.3,13.9,22.3,9.4,351.7,3.6,18.3,1024.3,1024.8,1016.0,21.9,86.4,67.7,9.6,7.2,4.6,209.1,23.9,54.8
2021-01-20,16.3,16.3,11.3,73.2,0.0,0.0,noprecip,18.7,11.2,77.3,1016.9,38.7,5.0,107.7,0.22,Cloudy,0.3373010691361842,0.9413968285264122,15.2,15.1,15.7,15.2,15.1,15.7,7.9,3.7,9.9,64.9,47.6,70.3,0.0,0.0,2.672,0.0,0.0,8.33,noprecip,noprecip,rain,27.4,24.1,43.9,16.6,13.9,22.3,111.0,351.7,3.6,1018.7,1024.3,1024.8,0.0,21.9,86.4,7.0,9.6,7.2,212.0,209.1,23.9
2021-01-21,16.9,16.9,13.5,80.6,0.0,0.0,noprecip,11.9,9.4,296.2,1015.9,55.9,3.6,67.8,0.25,Cloudy,0.3534446712740877,0.9354554315134164,16.3,15.2,15.1,16.3,15.2,15.1,11.3,7.9,3.7,73.2,64.9,47.6,0.0,0.0,0.0,0.0,0.0,0.0,noprecip,noprecip,noprecip,18.7,27.4,24.1,11.2,16.6,13.9,77.3,111.0,351.7,1016.9,1018.7,1024.3,38.7,0.0,21.9,5.0,7.0,9.6,107.7,212.0,209.1
2021-01-22,18.8,18.8,13.9,74.1,0.0,0.0,noprecip,19.1,11.2,294.4,1015.4,25.4,4.1,113.3,0.29,Cloudy,0.3694836834473831,0.9292372181882051,16.9,16.3,15.2,16.9,16.3,15.2,13.5,11.3,7.9,80.6,73.2,64.9,0.0,0.0,0.0,0.0,0.0,0.0,noprecip,noprecip,noprecip,11.9,18.7,27.4,9.4,11.2,16.6,296.2,77.3,111.0,1015.9,1016.9,1018.7,55.9,38.7,0.0,3.6,5.0,7.0,67.8,107.7,212.0
2021-01-23,18.9,18.9,13.2,71.4,0.0,0.0,noprecip,20.9,11.2,85.5,1014.5,19.9,4.8,138.7,0.32,Clear,0.38541335945432564,0.9227440286201427,18.8,16.9,16.3,18.8,16.9,16.3,13.9,13.5,11.3,74.1,80.6,73.2,0.0,0.0,0.0,0.0,0.0,0.0,noprecip,noprecip,noprecip,19.1,11.9,18.7,11.2,9.4,11.2,294.4,296.2,77.3,1015.4,1015.9,1016.9,25.4,55.9,38.7,4.1,3.6,5.0,113.3,67.8,107.7
2021-01-24,20.1,20.1,14.4,71.0,0.0,0.0,noprecip,33.1,18.4,116.0,1013.1,24.5,5.5,151.1,0.35,Cloudy,0.4012289854475009,0.9159777842484877,18.9,18.8,16.9,18.9,18.8,16.9,13.2,13.9,13.5,71.4,74.1,80.6,0.0,0.0,0.0,0.0,0.0,0.0,noprecip,noprecip,noprecip,20.9,19.1,11.9,11.2,11.2,9.4,85.5,294.4,296.2,1014.5,1015.4,1015.9,19.9,25.4,55.9,4.8,4.1,3.6,138.7,113.3,67.8
2021-01-25,20.5,20.5,18.1,86.2,0.1,8.33,rain,19.1,14.8,127.0,1014.9,71.7,4.3,50.0,0.38,Rain,0.4169258813287287,0.908940487313808,20.1,18.9,18.8,20.1,18.9,18.8,14.4,13.2,13.9,71.0,71.4,74.1,0.0,0.0,0.0,0.0,0.0,0.0,noprecip,noprecip,noprecip,33.1,20.9,19.1,18.4,11.2,11.2,116.0,85.5,294.4,1013.1,1014.5,1015.4,24.5,19.9,25.4,5.5,4.8,4.1,151.1,138.7,113.3
2021-01-26,21.3,21.3,16.9,77.0,0.8,25.0,rain,25.9,20.5,140.2,1016.1,57.0,7.3,105.4,0.42,Rain,0.4324994021339788,0.901634220265486,20.5,20.1,18.9,20.5,20.1,18.9,18.1,14.4,13.2,86.2,71.0,71.4,0.1,0.0,0.0,8.33,0.0,0.0,rain,noprecip,noprecip,19.1,33.1,20.9,14.8,18.4,11.2,127.0,116.0,85.5,1014.9,1013.1,1014.5,71.7,24.5,19.9,4.3,5.5,4.8,50.0,151.1,138.7
2021-01-27,20.7,20.7,15.7,73.6,0.0,0.0,noprecip,24.1,16.6,118.1,1015.8,89.5,8.5,85.3,0.45,Cloudy,0.44794493940789115,0.8940611451454876,21.3,20.5,20.1,21.3,20.5,20.1,16.9,18.1,14.4,77.0,86.2,71.0,0.8,0.1,0.0,25.0,8.33,0.0,rain,rain,noprecip,25.9,19.1,33.1,20.5,14.8,18.4,140.2,127.0,116.0,1016.1,1014.9,1013.1,57.0,71.7,24.5,7.3,4.3,5.5,105.4,50.0,151.1
2021-01-28,18.4,18.4,13.7,74.7,0.297,4.17,rain,36.4,22.3,45.7,1021.1,93.7,8.3,36.8,0.48,Rain,0.4632579225674917,0.88622350294858,20.7,21.3,20.5,20.7,21.3,20.5,15.7,16.9,18.1,73.6,77.0,86.2,0.0,0.8,0.1,0.0,25.0,8.33,noprecip,rain,rain,24.1,25.9,19.1,16.6,20.5,14.8,118.1,140.2,127.0,1015.8,1016.1,1014.9,89.5,57.0,71.7,8.5,7.3,4.3,85.3,105.4,50.0
2021-01-29,18.4,18.4,11.8,67.2,0.0,0.0,noprecip,18.7,14.8,104.8,1020.9,73.8,8.2,97.6,0.5,Cloudy,0.4784338202547012,0.8781236129591848,18.4,20.7,21.3,18.4,20.7,21.3,13.7,15.7,16.9,74.7,73.6,77.0,0.297,0.0,0.8,4.17,0.0,25.0,rain,noprecip,rain,36.4,24.1,25.9,22.3,16.6,20.5,45.7,118.1,140.2,1021.1,1015.8,1016.1,93.7,89.5,57.0,8.3,8.5,7.3,36.8,85.3,105.4
2021-01-30,17.5,17.5,14.4,82.8,0.001,4.17,rain,22.7,14.8,83.9,1019.8,81.6,5.0,73.0,0.55,Rain,0.49346814167723735,0.8697638720650646,18.4,18.4,20.7,18.4,18.4,20.7,11.8,13.7,15.7,67.2,74.7,73.6,0.0,0.297,0.0,0.0,4.17,0.0,noprecip,rain,noprecip,18.7,36.4,24.1,14.8,22.3,16.6,104.8,45.7,118.1,1020.9,1021.1,1015.8,73.8,93.7,89.5,8.2,8.3,8.5,97.6,36.8,85.3
2021-01-31,18.3,18.3,15.9,86.5,0.99,4.17,rain,20.5,9.4,99.4,1019.3,87.1,3.9,41.9,0.59,Rain,0.5083564379375122,0.8611467540480452,17.5,18.4,18.4,17.5,18.4,18.4,14.4,11.8,13.7,82.8,67.2,74.7,0.001,0.0,0.297,4.17,0.0,4.17,rain,noprecip,rain,22.7,18.7,36.4,14.8,14.8,22.3,83.9,104.8,45.7,1019.8,1020.9,1021.1,81.6,73.8,93.7,5.0,8.2,8.3,73.0,97.6,36.8
2021-02-01,20.2,20.2,16.7,80.8,0.3,12.5,rain,21.2,14.8,129.8,1018.2,71.8,5.7,87.2,0.62,Rain,0.5230943033491326,0.8522748088519838,18.3,17.5,18.4,18.3,17.5,18.4,15.9,14.4,11.8,86.5,82.8,67.2,0.99,0.001,0.0,4.17,4.17,0.0,rain,rain,noprecip,20.5,22.7,18.7,9.4,14.8,14.8,99.4,83.9,104.8,1019.3,1019.8,1020.9,87.1,81.6,73.8,3.9,5.0,8.2,41.9,73.0,97.6
2021-02-02,20.6,20.6,16.8,79.4,0.4,16.67,rain,22.3,13.0,117.7,1018.8,71.3,7.0,87.7,0.66,Rain,0.5376773767406141,0.8431506618282,20.2,18.3,17.5,20.2,18.3,17.5,16.7,15.9,14.4,80.8,86.5,82.8,0.3,0.99,0.001,12.5,4.17,4.17,rain,rain,rain,21.2,20.5,22.7,14.8,9.4,14.8,129.8,99.4,83.9,1018.2,1019.3,1019.8,71.8,87.1,81.6,5.7,3.9,5.0,87.2,41.9,73.0
2021-02-03,21.1,21.1,16.1,75.2,0.0,0.0,noprecip,21.6,16.6,129.1,1019.3,42.3,7.3,95.4,0.69,Cloudy,0.5521013427459208,0.8337770129585915,20.6,20.2,18.3,20.6,20.2,18.3,16.8,16.7,15.9,79.4,80.8,86.5,0.4,0.3,0.99,16.67,12.5,4.17,rain,rain,rain,22.3,21.2,20.5,13.0,14.8,9.4,117.7,129.8,99.4,1018.8,1018.2,1019.3,71.3,71.8,87.1,7.0,5.7,3.9,87.7,87.2,41.9
2021-02-04,20.1,20.1,16.5,80.7,0.099,4.17,rain,23.0,13.0,103.6,1020.0,51.6,6.4,91.1,0.73,Rain,0.5663619330814524,0.8241566360566663,21.1,20.6,20.2,21.1,20.6,20.2,16.1,16.8,16.7,75.2,79.4,80.8,0.0,0.4,0.3,0.0,16.67,12.5,noprecip,rain,rain,21.6,22.3,21.2,16.6,13.0,14.8,129.1,117.7,129.8,1019.3,1018.8,1018.2,42.3,71.3,71.8,7.3,7.0,5.7,95.4,87.7,87.2
2021-02-05,21.1,21.1,15.7,73.5,0.0,0.0,noprecip,19.4,14.8,115.2,1018.1,42.4,6.9,101.8,0.75,Cloudy,0.580454927809098,0.8142923779467267,20.1,21.1,20.6,20.1,21.1,20.6,16.5,16.1,16.8,80.7,75.2,79.4,0.099,0.0,0.4,4.17,0.0,16.67,rain,noprecip,rain,23.0,21.6,22.3,13.0,16.6,13.0,103.6,129.1,117.7,1020.0,1019.3,1018.8,51.6,42.3,71.3,6.4,7.3,7.0,91.1,95.4,87.7
2021-02-06,20.3,20.3,15.7,76.1,0.0,0.0,noprecip,20.5,14.8,113.6,1017.0,36.7,6.7,167.8,0.8,Cloudy,0.5943761565849831,0.804187157621448,21.1,20.1,21.1,21.1,20.1,21.1,15.7,16.5,16.1,73.5,80.7,75.2,0.0,0.099,0.0,0.0,4.17,0.0,noprecip,rain,noprecip,19.4,23.0,21.6,14.8,13.0,16.6,115.2,103.6,129.1,1018.1,1020.0,1019.3,42.4,51.6,42.3,6.9,6.4,7.3,101.8,91.1,95.4
2021-02-07,21.3,21.3,15.6,71.8,0.0,0.0,noprecip,19.1,13.0,103.4,1016.0,47.5,6.0,124.3,0.84,Cloudy,0.6081214998935418,0.7938439653781019,20.3,21.1,20.1,20.3,21.1,20.1,15.7,15.7,16.5,76.1,73.5,80.7,0.0,0.0,0.099,0.0,0.0,4.17,noprecip,noprecip,rain,20.5,19.4,23.0,14.8,14.8,13.0,113.6,115.2,103.6,1017.0,1018.1,1020.0,36.7,42.4,51.6,6.7,6.9,6.4,167.8,101.8,91.1
2021-02-08,20.5,20.5,16.6,78.4,1.984,8.33,rain,20.9,24.1,298.8,1017.6,59.2,6.7,132.9,0.87,Rain,0.6216868902665479,0.7832658619336791,21.3,20.3,21.1,21.3,20.3,21.1,15.6,15.7,15.7,71.8,76.1,73.5,0.0,0.0,0.0,0.0,0.0,0.0,noprecip,noprecip,noprecip,19.1,20.5,19.4,13.0,14.8,14.8,103.4,113.6,115.2,1016.0,1017.0,1018.1,47.5,36.7,42.4,6.0,6.7,6.9,124.3,167.8,101.8
2021-02-09,15.9,15.9,14.3,90.0,42.863,16.67,rain,29.9,20.5,303.2,1017.2,88.4,8.0,35.6,0.91,Rain,0.6350683134867438,0.7724559775191742,20.5,21.3,20.3,20.5,21.3,20.3,16.6,15.6,15.7,78.4,71.8,76.1,1.984,0.0,0.0,8.33,0.0,0.0,rain,noprecip,noprecip,20.9,19.1,20.5,24.1,13.0,14.8,298.8,103.4,113.6,1017.6,1016.0,1017.0,59.2,47.5,36.7,6.7,6.0,6.7,132.9,124.3,167.8
2021-02-10,17.9,17.9,12.9,75.0,0.002,4.17,rain,29.5,13.0,283.9,1015.7,39.1,6.7,189.1,0.94,Rain,0.6482618097757122,0.7614175109532997,15.9,20.5,21.3,15.9,20.5,21.3,14.3,16.6,15.6,90.0,78.4,71.8,42.863,1.984,0.0,16.67,8.33,0.0,rain,rain,noprecip,29.9,20.9,19.1,20.5,24.1,13.0,303.2,298.8,103.4,1017.2,1017.6,1016.0,88.4,59.2,47.5,8.0,6.7,6.0,35.6,132.9,124.3
2021-02-11,19.4,19.4,13.2,69.8,0.0,0.0,noprecip,16.2,14.8,80.7,1016.2,34.8,7.7,171.8,0.98,Cloudy,0.6612634749656386,0.7501537286959042,17.9,15.9,20.5,17.9,15.9,20.5,12.9,14.3,16.6,75.0,90.0,78.4,0.002,42.863,1.984,4.17,16.67,8.33,rain,rain,rain,29.5,29.9,20.9,13.0,20.5,24.1,283.9,303.2,298.8,1015.7,1017.2,1017.6,39.1,88.4,59.2,6.7,8.0,6.7,189.1,35.6,132.9
2021-02-12,19.3,19.3,14.5,74.4,0.0,0.0,noprecip,19.1,16.6,118.4,1017.1,52.3,7.4,91.0,0.0,Cloudy,0.6740694616546161,0.7386679638813748,19.4,17.9,15.9,19.4,17.9,15.9,13.2,12.9,14.3,69.8,75.0,90.0,0.0,0.002,42.863,0.0,4.17,16.67,noprecip,rain,rain,16.2,29.5,29.9,14.8,13.0,20.5,80.7,283.9,303.2,1016.2,1015.7,1017.2,34.8,39.1,88.4,7.7,6.7,8.0,171.8,189.1,35.6
2021-02-13,19.5,19.5,13.2,68.8,0.0,0.0,noprecip,25.9,16.6,114.1,1016.9,50.4,8.5,174.4,0.05,Cloudy,0.6866759803451553,0.726963615332308,19.3,19.4,17.9,19.3,19.4,17.9,14.5,13.2,12.9,74.4,69.8,75.0,0.0,0.0,0.002,0.0,0.0,4.17,noprecip,noprecip,rain,19.1,16.2,29.5,16.6,14.8,13.0,118.4,80.7,283.9,1017.1,1016.2,1015.7,52.3,34.8,39.1,7.4,7.7,6.7,91.0,171.8,189.1
2021-02-14,21.8,21.8,13.4,60.4,0.0,0.0,noprecip,17.6,13.0,148.8,1016.2,38.2,10.1,179.7,0.08,Cloudy,0.6990793005655562,0.7150441465537444,19.5,19.3,19.4,19.5,19.3,19.4,13.2,14.5,13.2,68.8,74.4,69.8,0.0,0.0,0.0,0.0,0.0,0.0,noprecip,noprecip,noprecip,25.9,19.1,16.2,16.6,16.6,14.8,114.1,118.4,80.7,1016.9,1017.1,1016.2,50.4,52.3,34.8,8.5,7.4,7.7,174.4,91.0,171.8
2021-02-15,20.2,20.2,17.0,82.0,0.0,0.0,noprecip,29.5,13.0,98.9,1013.7,65.4,6.7,133.9,0.11,Cloudy,0.7112757519738152,0.7029130847082615,21.8,19.5,19.3,21.8,19.5,19.3,13.4,13.2,14.5,60.4,68.8,74.4,0.0,0.0,0.0,0.0,0.0,0.0,noprecip,noprecip,noprecip,17.6,25.9,19.1,13.0,16.6,16.6,148.8,114.1,118.4,1016.2,1016.9,1017.1,38.2,50.4,52.3,10.1,8.5,7.4,179.7,174.4,91.0
2021-02-16,20.3,20.3,17.3,83.0,0.495,8.33,rain,23.0,11.2,75.4,1014.8,83.6,6.9,70.5,0.14,Rain,0.7232617254437388,0.6905740195722294,20.2,21.8,19.5,20.2,21.8,19.5,17.0,13.4,13.2,82.0,60.4,68.8,0.0,0.0,0.0,0.0,0.0,0.0,noprecip,noprecip,noprecip,29.5,17.6,25.9,13.0,13.0,16.6,98.9,148.8,114.1,1013.7,1016.2,1016.9,65.4,38.2,50.4,6.7,10.1,8.5,133.9,179.7,174.4
2021-02-17,20.0,20.0,14.2,69.8,1.5,25.0,rain,33.5,20.5,347.4,1020.1,81.7,9.2,60.6,0.17,Rain,0.7350336741329412,0.6780306024735382,20.3,20.2,21.8,20.3,20.2,21.8,17.3,17.0,13.4,83.0,82.0,60.4,0.495,0.0,0.0,8.33,0.0,0.0,rain,noprecip,noprecip,23.0,29.5,17.6,11.2,13.0,13.0,75.4,98.9,148.8,1014.8,1013.7,1016.2,83.6,65.4,38.2,6.9,6.7,10.1,70.5,133.9,179.7
2021-02-18,20.2,20.2,13.7,66.8,0.0,0.0,noprecip,16.6,11.2,290.7,1023.3,63.3,9.2,87.8,0.21,Cloudy,0.746588114532413,0.6652865452111116,20.0,20.3,20.2,20.0,20.3,20.2,14.2,17.3,17.0,69.8,83.0,82.0,1.5,0.495,0.0,25.0,8.33,0.0,rain,rain,noprecip,33.5,23.0,29.5,20.5,11.2,13.0,347.4,75.4,98.9,1020.1,1014.8,1013.7,81.7,83.6,65.4,9.2,6.9,6.7,60.6,70.5,133.9
2021-02-19,20.4,20.4,15.2,73.2,0.0,0.0,noprecip,18.4,13.0,134.7,1022.8,49.4,6.5,133.7,0.24,Cloudy,0.7579216274973472,0.6523456189565257,20.2,20.0,20.3,20.2,20.0,20.3,13.7,14.2,17.3,66.8,69.8,83.0,0.0,1.5,0.495,0.0,25.0,8.33,noprecip,rain,rain,16.6,33.5,23.0,11.2,20.5,11.2,290.7,347.4,75.4,1023.3,1020.1,1014.8,63.3,81.7,83.6,9.2,9.2,6.9,87.8,60.6,70.5
2021-02-20,20.6,20.6,12.5,62.9,0.0,0.0,noprecip,23.8,14.8,132.7,1019.4,34.8,6.2,223.7,0.25,Cloudy,0.7690308592589181,0.6392116531380588,20.4,20.2,20.0,20.4,20.2,20.0,15.2,13.7,14.2,73.2,66.8,69.8,0.0,0.0,1.5,0.0,0.0,25.0,noprecip,noprecip,rain,18.4,16.6,33.5,13.0,11.2,20.5,134.7,290.7,347.4,1022.8,1023.3,1020.1,49.4,63.3,81.7,6.5,9.2,9.2,133.7,87.8,60.6
2021-02-21,21.4,21.3,14.2,66.1,0.0,0.0,noprecip,33.1,22.3,120.4,1015.4,21.8,8.1,237.6,0.3,Cloudy,0.7799125224167177,0.6258885343075018,20.6,20.4,20.2,20.6,20.4,20.2,12.5,15.2,13.7,62.9,73.2,66.8,0.0,0.0,0.0,0.0,0.0,0.0,noprecip,noprecip,noprecip,23.8,18.4,16.6,14.8,13.0,11.2,132.7,134.7,290.7,1019.4,1022.8,1023.3,34.8,49.4,63.3,6.2,6.5,9.2,223.7,133.7,87.8
2021-02-22,22.0,22.0,16.9,73.6,0.1,4.17,rain,24.8,20.5,130.8,1014.5,87.1,7.6,112.9,0.33,Rain,0.7905633969115482,0.612380204990065,21.4,20.6,20.4,21.3,20.6,20.4,14.2,12.5,15.2,66.1,62.9,73.2,0.0,0.0,0.0,0.0,0.0,0.0,noprecip,noprecip,noprecip,33.1,23.8,18.4,22.3,14.8,13.0,120.4,132.7,134.7,1015.4,1019.4,1022.8,21.8,34.8,49.4,8.1,6.2,6.5,237.6,223.7,133.7
2021-02-23,22.4,22.4,17.2,73.3,0.0,0.0,noprecip,20.9,13.0,120.6,1014.1,89.5,7.1,152.7,0.37,Cloudy,0.8009803309782905,0.5986906625177214,22.0,21.4,20.6,22.0,21.3,20.6,16.9,14.2,12.5,73.6,66.1,62.9,0.1,0.0,0.0,4.17,0.0,0.0,rain,noprecip,noprecip,24.8,33.1,23.8,20.5,22.3,14.8,130.8,120.4,132.7,1014.5,1015.4,1019.4,87.1,21.8,34.8,7.6,8.1,6.2,112.9,237.6,223.7
2021-02-24,22.6,22.6,17.8,75.1,0.0,0.0,noprecip,38.5,22.3,137.6,1010.5,83.2,8.8,121.9,0.4,Cloudy,0.8111602420785621,0.5848239578463322,22.4,22.0,21.4,22.4,22.0,21.3,17.2,16.9,14.2,73.3,73.6,66.1,0.0,0.1,0.0,0.0,4.17,0.0,noprecip,rain,noprecip,20.9,24.8,33.1,13.0,20.5,22.3,120.6,130.8,120.4,1014.1,1014.5,1015.4,89.5,87.1,21.8,7.1,7.6,8.1,152.7,112.9,237.6
2021-02-25,23.0,23.0,19.2,79.7,0.099,4.17,rain,34.9,18.4,125.9,1006.9,91.7,8.4,131.2,0.43,Rain,0.8211001178128892,0.5707841943569036,22.6,22.4,22.0,22.6,22.4,22.0,17.8,17.2,16.9,75.1,73.3,73.6,0.0,0.0,0.1,0.0,0.0,4.17,noprecip,noprecip,rain,38.5,20.9,24.8,22.3,13.0,20.5,137.6,120.6,130.8,1010.5,1014.1,1014.5,83.2,89.5,87.1,8.8,7.1,7.6,121.9,152.7,112.9
2021-02-26,23.8,23.9,19.4,77.6,0.099,4.17,rain,34.2,16.6,120.8,1006.9,76.0,7.9,83.6,0.46,Rain,0.8307970168121247,0.5565755266413303,23.0,22.6,22.4,23.0,22.6,22.4,19.2,17.8,17.2,79.7,75.1,73.3,0.099,0.0,0.0,4.17,0.0,0.0,rain,noprecip,noprecip,34.9,38.5,20.9,18.4,22.3,13.0,125.9,137.6,120.6,1006.9,1010.5,1014.1,91.7,83.2,89.5,8.4,8.8,7.1,131.2,121.9,152.7
2021-02-27,18.9,18.9,15.8,82.0,5.937,8.33,rain,32.4,20.5,66.8,1011.5,89.0,8.6,39.9,0.5,Rain,0.8402480696078469,0.5422021592729844,23.8,23.0,22.6,23.9,23.0,22.6,19.4,19.2,17.8,77.6,79.7,75.1,0.099,0.099,0.0,4.17,4.17,0.0,rain,rain,noprecip,34.2,34.9,38.5,16.6,18.4,22.3,120.8,125.9,137.6,1006.9,1006.9,1010.5,76.0,91.7,83.2,7.9,8.4,8.8,83.6,131.2,121.9
2021-02-28,17.3,17.3,16.3,94.2,1.272,8.33,rain,11.2,13.0,67.1,1012.2,93.8,3.3,32.7,0.53,Rain,0.8494504794814806,0.527668345562516,18.9,23.8,23.0,18.9,23.9,23.0,15.8,19.4,19.2,82.0,77.6,79.7,5.937,0.099,0.099,8.33,4.17,4.17,rain,rain,rain,32.4,34.2,34.9,20.5,16.6,18.4,66.8,120.8,125.9,1011.5,1006.9,1006.9,89.0,76.0,91.7,8.6,7.9,8.4,39.9,83.6,131.2
2021-03-01,20.6,20.6,19.7,95.0,0.703,8.33,rain,39.2,13.0,326.8,1014.1,94.8,3.3,70.2,0.57,Rain,0.8584015232918917,0.512978386299228,17.3,18.9,23.8,17.3,18.9,23.9,16.3,15.8,19.4,94.2,82.0,77.6,1.272,5.937,0.099,8.33,8.33,4.17,rain,rain,rain,11.2,32.4,34.2,13.0,20.5,16.6,67.1,66.8,120.8,1012.2,1011.5,1006.9,93.8,89.0,76.0,3.3,8.6,7.9,32.7,39.9,83.6
2021-03-02,19.9,19.9,12.3,62.7,0.882,12.5,rain,27.4,24.1,42.7,1018.4,97.8,9.8,64.8,0.6,Rain,0.8670985522812081,0.4981366284784055,20.6,17.3,18.9,20.6,17.3,18.9,19.7,16.3,15.8,95.0,94.2,82.0,0.703,1.272,5.937,8.33,8.33,8.33,rain,rain,rain,39.2,11.2,32.4,13.0,13.0,20.5,326.8,67.1,66.8,1014.1,1012.2,1011.5,94.8,93.8,89.0,3.3,3.3,8.6,70.2,32.7,39.9
2021-03-03,18.1,18.1,14.4,79.4,0.001,4.17,rain,17.6,14.8,58.5,1018.4,92.5,7.1,44.8,0.64,Rain,0.8755389928586302,0.4831474640149687,19.9,20.6,17.3,19.9,20.6,17.3,12.3,19.7,16.3,62.7,95.0,94.2,0.882,0.703,1.272,12.5,8.33,8.33,rain,rain,rain,27.4,39.2,11.2,24.1,13.0,13.0,42.7,326.8,67.1,1018.4,1014.1,1012.2,97.8,94.8,93.8,9.8,3.3,3.3,64.8,70.2,32.7
2021-03-04,17.1,17.1,15.3,89.5,4.0,8.33,rain,18.4,11.2,48.6,1016.3,93.4,5.9,61.6,0.67,Rain,0.8837203473619977,0.4680153284438345,18.1,19.9,20.6,18.1,19.9,20.6,14.4,12.3,19.7,79.4,62.7,95.0,0.001,0.882,0.703,4.17,12.5,8.33,rain,rain,rain,17.6,27.4,39.2,14.8,24.1,13.0,58.5,42.7,326.8,1018.4,1018.4,1014.1,92.5,97.8,94.8,7.1,9.8,3.3,44.8,64.8,70.2
2021-03-05,19.2,19.2,18.2,93.8,0.694,4.17,rain,20.2,11.2,68.7,1012.9,96.0,2.7,89.6,0.71,Rain,0.8916401947968874,0.45274469960737107,17.1,18.1,19.9,17.1,18.1,19.9,15.3,14.4,12.3,89.5,79.4,62.7,4.0,0.001,0.882,8.33,4.17,12.5,rain,rain,rain,18.4,17.6,27.4,11.2,14.8,24.1,48.6,58.5,42.7,1016.3,1018.4,1018.4,93.4,92.5,97.8,5.9,7.1,9.8,61.6,44.8,64.8
2021-03-06,23.0,23.2,20.3,85.8,0.398,8.33,rain,21.2,18.4,50.2,1013.7,78.2,5.6,143.0,0.75,Rain,0.8992961915530253,0.4373400963303323,19.2,17.1,18.1,19.2,17.1,18.1,18.2,15.3,14.4,93.8,89.5,79.4,0.694,4.0,0.001,4.17,8.33,4.17,rain,rain,rain,20.2,18.4,17.6,11.2,11.2,14.8,68.7,48.6,58.5,1012.9,1016.3,1018.4,96.0,93.4,92.5,2.7,5.9,7.1,89.6,61.6,44.8
2021-03-07,22.9,22.9,17.7,73.7,0.219,4.17,rain,28.1,18.4,93.7,1016.5,77.4,8.7,58.3,0.78,Rain,0.9066860720977985,0.4218060770826634,23.0,19.2,17.1,23.2,19.2,17.1,20.3,18.2,15.3,85.8,93.8,89.5,0.398,0.694,4.0,8.33,4.17,8.33,rain,rain,rain,21.2,20.2,18.4,18.4,11.2,11.2,50.2,68.7,48.6,1013.7,1012.9,1016.3,78.2,96.0,93.4,5.6,2.7,5.9,143.0,89.6,61.6
2021-03-08,21.6,21.6,20.5,93.2,0.003,4.17,rain,23.8,18.4,130.5,1016.2,94.0,5.2,57.9,0.81,Rain,0.9138076496466615,0.40614723863057883,22.9,23.0,19.2,22.9,23.2,19.2,17.7,20.3,18.2,73.7,85.8,93.8,0.219,0.398,0.694,4.17,8.33,4.17,rain,rain,rain,28.1,21.2,20.2,18.4,18.4,11.2,93.7,50.2,68.7,1016.5,1013.7,1012.9,77.4,78.2,96.0,8.7,5.6,2.7,58.3,143.0,89.6
2021-03-09,23.4,23.4,21.8,90.7,1.5,37.5,rain,38.2,20.5,130.7,1015.7,91.6,7.1,129.7,0.85,Rain,0.9206588168102428,0.3903682146763026,21.6,22.9,23.0,21.6,22.9,23.2,20.5,17.7,20.3,93.2,73.7,85.8,0.003,0.219,0.398,4.17,4.17,8.33,rain,rain,rain,23.8,28.1,21.2,18.4,18.4,18.4,130.5,93.7,50.2,1016.2,1016.5,1013.7,94.0,77.4,78.2,5.2,8.7,5.6,57.9,58.3,143.0
2021-03-10,24.0,24.3,20.8,83.5,0.002,4.17,rain,40.3,25.9,125.9,1015.3,83.1,7.7,118.3,0.89,Rain,0.9272375462179537,0.374473674486883,23.4,21.6,22.9,23.4,21.6,22.9,21.8,20.5,17.7,90.7,93.2,73.7,1.5,0.003,0.219,37.5,4.17,4.17,rain,rain,rain,38.2,23.8,28.1,20.5,18.4,18.4,130.7,130.5,93.7,1015.7,1016.2,1016.5,91.6,94.0,77.4,7.1,5.2,8.7,129.7,57.9,58.3
2021-03-11,23.8,23.8,20.8,83.9,0.792,4.17,rain,32.8,18.4,125.2,1016.7,78.1,8.3,91.7,0.92,Rain,0.9335418911179212,0.35846832151248087,24.0,23.4,21.6,24.3,23.4,21.6,20.8,21.8,20.5,83.5,90.7,93.2,0.002,1.5,0.003,4.17,37.5,4.17,rain,rain,rain,40.3,38.2,23.8,25.9,20.5,18.4,125.9,130.7,130.5,1015.3,1015.7,1016.2,83.1,91.6,94.0,7.7,7.1,5.2,118.3,129.7,57.9
2021-03-12,24.3,24.4,20.2,79.8,0.4,12.5,rain,25.2,18.4,141.9,1017.1,64.3,7.6,166.1,0.96,Rain,0.9395699859530622,0.342356891994542,23.8,24.0,23.4,23.8,24.3,23.4,20.8,20.8,21.8,83.9,83.5,90.7,0.792,0.002,1.5,4.17,4.17,37.5,rain,rain,rain,32.8,40.3,38.2,18.4,25.9,20.5,125.2,125.9,130.7,1016.7,1015.3,1015.7,78.1,83.1,91.6,8.3,7.7,7.1,91.7,118.3,129.7
2021-03-13,23.2,23.2,20.7,86.3,0.001,4.17,rain,23.0,13.0,122.5,1016.7,59.5,6.9,135.5,0.0,Rain,0.945320046913132,0.3261441535642696,24.3,23.8,24.0,24.4,23.8,24.3,20.2,20.8,20.8,79.8,83.9,83.5,0.4,0.792,0.002,12.5,4.17,4.17,rain,rain,rain,25.2,32.8,40.3,18.4,18.4,25.9,141.9,125.2,125.9,1017.1,1016.7,1015.3,64.3,78.1,83.1,7.6,8.3,7.7,166.1,91.7,118.3
2021-03-14,23.3,23.3,19.2,79.6,0.1,4.17,rain,27.7,18.4,132.0,1014.0,31.3,7.3,142.8,0.03,Rain,0.9507903724625832,0.3098349038318025,23.2,24.3,23.8,23.2,24.4,23.8,20.7,20.2,20.8,86.3,79.8,83.9,0.001,0.4,0.792,4.17,12.5,4.17,rain,rain,rain,23.0,25.2,32.8,13.0,18.4,18.4,122.5,141.9,125.2,1016.7,1017.1,1016.7,59.5,64.3,78.1,6.9,7.6,8.3,135.5,166.1,91.7
2021-03-15,23.7,23.7,19.9,80.1,0.2,8.33,rain,36.7,18.4,133.4,1011.2,75.8,7.8,122.1,0.06,Rain,0.9559793438440766,0.2934339689665273,23.3,23.2,24.3,23.3,23.2,24.4,19.2,20.7,20.2,79.6,86.3,79.8,0.1,0.001,0.4,4.17,4.17,12.5,rain,rain,rain,27.7,23.0,25.2,18.4,13.0,18.4,132.0,122.5,141.9,1014.0,1016.7,1017.1,31.3,59.5,64.3,7.3,6.9,7.6,142.8,135.5,166.1
2021-03-16,23.3,23.3,22.0,92.3,1.984,8.33,rain,35.6,18.4,130.1,1010.9,90.9,6.0,90.8,0.09,Rain,0.9608854255574977,0.27694620226893646,23.7,23.3,23.2,23.7,23.3,23.2,19.9,19.2,20.7,80.1,79.6,86.3,0.2,0.1,0.001,8.33,4.17,4.17,rain,rain,rain,36.7,27.7,23.0,18.4,18.4,13.0,133.4,132.0,122.5,1011.2,1014.0,1016.7,75.8,31.3,59.5,7.8,7.3,6.9,122.1,142.8,135.5
2021-03-17,24.3,24.3,22.1,87.3,0.5,20.83,rain,34.9,18.4,129.9,1010.7,89.3,7.4,83.1,0.12,Rain,0.9655071658143364,0.2603764827344581,23.3,23.7,23.3,23.3,23.7,23.3,22.0,19.9,19.2,92.3,80.1,79.6,1.984,0.2,0.1,8.33,8.33,4.17,rain,rain,rain,35.6,36.7,27.7,18.4,18.4,18.4,130.1,133.4,132.0,1010.9,1011.2,1014.0,90.9,75.8,31.3,6.0,7.8,7.3,90.8,122.1,142.8
2021-03-18,24.3,24.3,22.4,89.4,0.396,8.33,rain,29.5,18.4,128.7,1010.3,90.2,6.7,106.8,0.16,Rain,0.969843196967294,0.24372971360968387,24.3,23.3,23.7,24.3,23.3,23.7,22.1,22.0,19.9,87.3,92.3,80.1,0.5,1.984,0.2,20.83,8.33,8.33,rain,rain,rain,34.9,35.6,36.7,18.4,18.4,18.4,129.9,130.1,133.4,1010.7,1010.9,1011.2,89.3,90.9,75.8,7.4,6.0,7.8,83.1,90.8,122.1
2021-03-19,24.7,25.1,22.4,87.6,0.198,8.33,rain,34.6,20.5,133.6,1009.0,93.3,7.5,115.9,0.19,Rain,0.9738922359149924,0.22701082094141847,24.3,24.3,23.3,24.3,24.3,23.3,22.4,22.1,22.0,89.4,87.3,92.3,0.396,0.5,1.984,8.33,20.83,8.33,rain,rain,rain,29.5,34.9,35.6,18.4,18.4,18.4,128.7,129.9,130.1,1010.3,1010.7,1010.9,90.2,89.3,90.9,6.7,7.4,6.0,106.8,83.1,90.8
2021-03-20,24.2,24.2,23.3,94.6,0.598,8.33,rain,30.2,14.8,129.8,1008.5,92.5,5.8,81.6,0.22,Rain,0.9776530844816641,0.2102247521189836,24.7,24.3,24.3,25.1,24.3,24.3,22.4,22.4,22.1,87.6,89.4,87.3,0.198,0.396,0.5,8.33,8.33,20.83,rain,rain,rain,34.6,29.5,34.9,20.5,18.4,18.4,133.6,128.7,129.9,1009.0,1010.3,1010.7,93.3,90.2,89.3,7.5,6.7,7.4,115.9,106.8,83.1
2021-03-21,20.9,20.9,16.6,77.5,13.905,8.33,rain,49.0,33.5,43.5,1015.2,98.0,8.0,34.6,0.25,Rain,0.981124629771712,0.19337647441020586,24.2,24.7,24.3,24.2,25.1,24.3,23.3,22.4,22.4,94.6,87.6,89.4,0.598,0.198,0.396,8.33,8.33,8.33,rain,rain,rain,30.2,34.6,29.5,14.8,20.5,18.4,129.8,133.6,128.7,1008.5,1009.0,1010.3,92.5,93.3,90.2,5.8,7.5,6.7,81.6,115.9,106.8
2021-03-22,18.3,18.3,6.5,46.2,0.1,4.17,rain,31.3,18.4,7.5,1023.9,95.1,10.0,61.9,0.29,Rain,0.984305844499033,0.17647097349152166,20.9,24.2,24.7,20.9,24.2,25.1,16.6,23.3,22.4,77.5,94.6,87.6,13.905,0.598,0.198,8.33,8.33,8.33,rain,rain,rain,49.0,30.2,34.6,33.5,14.8,20.5,43.5,129.8,133.6,1015.2,1008.5,1009.0,98.0,92.5,93.3,8.0,5.8,7.5,34.6,81.6,115.9
2021-03-23,19.2,19.2,7.9,49.2,0.0,0.0,noprecip,20.2,11.2,64.9,1020.5,49.8,9.8,215.0,0.32,Cloudy,0.9871957872910085,0.15951325197263655,18.3,20.9,24.2,18.3,20.9,24.2,6.5,16.6,23.3,46.2,77.5,94.6,0.1,13.905,0.598,4.17,8.33,8.33,rain,rain,rain,31.3,49.0,30.2,18.4,33.5,14.8,7.5,43.5,129.8,1023.9,1015.2,1008.5,95.1,98.0,92.5,10.0,8.0,5.8,61.9,34.6,81.6
2021-03-24,19.8,19.8,14.3,71.1,0.0,0.0,noprecip,22.7,11.2,120.2,1015.9,92.5,6.9,180.2,0.35,Cloudy,0.9897936029670716,0.14250832791617088,19.2,18.3,20.9,19.2,18.3,20.9,7.9,6.5,16.6,49.2,46.2,77.5,0.0,0.1,13.905,0.0,4.17,8.33,noprecip,rain,rain,20.2,31.3,49.0,11.2,18.4,33.5,64.9,7.5,43.5,1020.5,1023.9,1015.2,49.8,95.1,98.0,9.8,10.0,8.0,215.0,61.9,34.6
2021-03-25,20.1,20.1,18.9,92.8,0.002,4.17,rain,19.4,13.0,88.8,1013.9,98.7,3.3,63.2,0.38,Rain,0.992098522791769,0.12546123335273648,19.8,19.2,18.3,19.8,19.2,18.3,14.3,7.9,6.5,71.1,49.2,46.2,0.0,0.0,0.1,0.0,0.0,4.17,noprecip,noprecip,rain,22.7,20.2,31.3,11.2,11.2,18.4,120.2,64.9,7.5,1015.9,1020.5,1023.9,92.5,49.8,95.1,6.9,9.8,10.0,180.2,215.0,61.9
2021-03-26,22.9,22.9,21.7,93.2,0.996,12.5,rain,33.8,18.4,132.3,1011.3,95.4,5.0,72.3,0.42,Rain,0.9941098647022418,0.10837701279187609,20.1,19.8,19.2,20.1,19.8,19.2,18.9,14.3,7.9,92.8,71.1,49.2,0.002,0.0,0.0,4.17,0.0,0.0,rain,noprecip,noprecip,19.4,22.7,20.2,13.0,11.2,11.2,88.8,120.2,64.9,1013.9,1015.9,1020.5,98.7,92.5,49.8,3.3,6.9,9.8,63.2,180.2,215.0
2021-03-27,23.2,23.2,22.5,95.4,0.302,8.33,rain,33.8,18.4,131.1,1009.2,94.4,5.2,95.0,0.45,Rain,0.9958270335100595,0.09126072172931188,22.9,20.1,19.8,22.9,20.1,19.8,21.7,18.9,14.3,93.2,92.8,71.1,0.996,0.002,0.0,12.5,4.17,0.0,rain,rain,noprecip,33.8,19.4,22.7,18.4,13.0,11.2,132.3,88.8,120.2,1011.3,1013.9,1015.9,95.4,98.7,92.5,5.0,3.3,6.9,72.3,63.2,180.2
2021-03-28,23.5,23.5,22.8,96.3,0.607,12.5,rain,31.0,13.0,118.7,1008.2,96.5,4.6,74.2,0.48,Rain,0.9972495210773451,0.07411742515094437,23.2,22.9,20.1,23.2,22.9,20.1,22.5,21.7,18.9,95.4,93.2,92.8,0.302,0.996,0.002,8.33,12.5,4.17,rain,rain,rain,33.8,33.8,19.4,18.4,18.4,13.0,131.1,132.3,88.8,1009.2,1011.3,1013.9,94.4,95.4,98.7,5.2,5.0,3.3,95.0,72.3,63.2
2021-03-29,25.3,26.5,23.7,91.5,0.1,4.17,rain,28.1,14.8,113.4,1004.4,91.8,5.1,211.4,0.5,Rain,0.998376906467142,0.056952196034039754,23.5,23.2,22.9,23.5,23.2,22.9,22.8,22.5,21.7,96.3,95.4,93.2,0.607,0.302,0.996,12.5,8.33,12.5,rain,rain,rain,31.0,33.8,33.8,13.0,18.4,18.4,118.7,131.1,132.3,1008.2,1009.2,1011.3,96.5,94.4,95.4,4.6,5.2,5.0,74.2,95.0,72.3
2021-03-30,25.2,25.5,24.1,93.8,0.0,0.0,noprecip,24.8,14.8,98.1,1002.1,93.2,4.2,221.8,0.55,Cloudy,0.9992088560679753,0.03977011384605572,25.3,23.5,23.2,26.5,23.5,23.2,23.7,22.8,22.5,91.5,96.3,95.4,0.1,0.607,0.302,4.17,12.5,8.33,rain,rain,rain,28.1,31.0,33.8,14.8,13.0,18.4,113.4,118.7,131.1,1004.4,1008.2,1009.2,91.8,96.5,94.4,5.1,4.6,5.2,211.4,74.2,95.0
2021-03-31,26.0,27.5,24.4,91.1,0.0,0.0,noprecip,28.4,18.4,99.5,1001.7,91.0,6.1,269.1,0.58,Cloudy,0.9997451236925734,0.022576263041545485,25.2,25.3,23.5,25.5,26.5,23.5,24.1,23.7,22.8,93.8,91.5,96.3,0.0,0.1,0.607,0.0,4.17,12.5,noprecip,rain,rain,24.8,28.1,31.0,14.8,14.8,13.0,98.1,113.4,118.7,1002.1,1004.4,1008.2,93.2,91.8,96.5,4.2,5.1,4.6,221.8,211.4,74.2
2021-04-01,26.2,27.7,24.4,89.9,0.0,0.0,noprecip,25.6,16.6,113.2,1003.4,90.0,6.7,252.6,0.62,Cloudy,0.9999855506507186,0.005375731557583884,26.0,25.2,25.3,27.5,25.5,26.5,24.4,24.1,23.7,91.1,93.8,91.5,0.0,0.0,0.1,0.0,0.0,4.17,noprecip,noprecip,rain,28.4,24.8,28.1,18.4,14.8,14.8,99.5,98.1,113.4,1001.7,1002.1,1004.4,91.0,93.2,91.8,6.1,4.2,5.1,269.1,221.8,211.4
2021-04-02,25.5,25.9,24.6,95.3,0.105,8.33,rain,26.6,14.8,116.4,1006.5,95.1,5.2,144.8,0.65,Rain,0.9999300657962057,-0.011826390691832589,26.2,26.0,25.2,27.7,27.5,25.5,24.4,24.4,24.1,89.9,91.1,93.8,0.0,0.0,0.0,0.0,0.0,0.0,noprecip,noprecip,noprecip,25.6,28.4,24.8,16.6,18.4,14.8,113.2,99.5,98.1,1003.4,1001.7,1002.1,90.0,91.0,93.2,6.7,6.1,4.2,252.6,269.1,221.8
2021-04-03,25.3,25.6,24.3,94.4,0.496,8.33,rain,28.8,16.6,112.6,1009.6,93.6,6.5,66.8,0.69,Rain,0.9995786855478958,-0.029025013321975237,25.5,26.2,26.0,25.9,27.7,27.5,24.6,24.4,24.4,95.3,89.9,91.1,0.105,0.0,0.0,8.33,0.0,0.0,rain,noprecip,noprecip,26.6,25.6,28.4,14.8,16.6,18.4,116.4,113.2,99.5,1006.5,1003.4,1001.7,95.1,90.0,91.0,5.2,6.7,6.1,144.8,252.6,269.1
2021-04-04,25.6,26.8,23.5,88.7,11.1,37.5,rain,28.4,16.6,102.6,1012.1,81.6,6.2,127.0,0.75,Rain,0.9989315138848577,-0.046215046983708354,25.3,25.5,26.2,25.6,25.9,27.7,24.3,24.6,24.4,94.4,95.3,89.9,0.496,0.105,0.0,8.33,8.33,0.0,rain,rain,noprecip,28.8,26.6,25.6,16.6,14.8,16.6,112.6,116.4,113.2,1009.6,1006.5,1003.4,93.6,95.1,90.0,6.5,5.2,6.7,66.8,144.8,252.6
2021-04-05,22.8,22.8,21.0,90.1,7.025,8.33,rain,27.7,14.8,65.6,1015.2,82.1,8.3,149.7,0.76,Rain,0.9979887423155984,-0.06339140486951038,25.6,25.3,25.5,26.8,25.6,25.9,23.5,24.3,24.6,88.7,94.4,95.3,11.1,0.496,0.105,37.5,8.33,8.33,rain,rain,rain,28.4,28.8,26.6,16.6,16.6,14.8,102.6,112.6,116.4,1012.1,1009.6,1006.5,81.6,93.6,95.1,6.2,6.5,5.2,127.0,66.8,144.8
2021-04-06,25.0,25.8,21.7,82.8,0.198,4.17,rain,32.0,22.3,99.9,1014.8,72.7,7.6,114.4,0.79,Rain,0.9967506498213929,-0.08054900421874167,22.8,25.6,25.3,22.8,26.8,25.6,21.0,23.5,24.3,90.1,88.7,94.4,7.025,11.1,0.496,8.33,37.5,8.33,rain,rain,rain,27.7,28.4,28.8,14.8,16.6,16.6,65.6,102.6,112.6,1015.2,1012.1,1009.6,82.1,81.6,93.6,8.3,6.2,6.5,149.7,127.0,66.8
2021-04-07,25.8,26.5,22.3,82.4,0.1,4.17,rain,30.2,18.4,128.3,1012.9,60.0,8.3,147.2,0.83,Rain,0.9952176027737294,-0.09768276782171598,25.0,22.8,25.6,25.8,22.8,26.8,21.7,21.0,23.5,82.8,90.1,88.7,0.198,7.025,11.1,4.17,8.33,37.5,rain,rain,rain,32.0,27.7,28.4,22.3,14.8,16.6,99.9,65.6,102.6,1014.8,1015.2,1012.1,72.7,82.1,81.6,7.6,8.3,6.2,114.4,149.7,127.0
2021-04-08,26.2,27.6,23.0,83.6,0.645,4.17,rain,34.9,20.5,121.7,1011.0,75.6,8.1,193.7,0.86,Rain,0.9933900548258936,-0.11478762552212701,25.8,25.0,22.8,26.5,25.8,22.8,22.3,21.7,21.0,82.4,82.8,90.1,0.1,0.198,7.025,4.17,4.17,8.33,rain,rain,rain,30.2,32.0,27.7,18.4,22.3,14.8,128.3,99.9,65.6,1012.9,1014.8,1015.2,60.0,72.7,82.1,8.3,7.6,8.3,147.2,114.4,149.7
2021-04-09,20.8,20.8,18.5,86.9,10.191,8.33,rain,20.9,22.3,38.1,1014.5,98.1,9.1,48.2,0.9,Rain,0.9912685467787256,-0.13185851571739118,26.2,25.8,25.0,27.6,26.5,25.8,23.0,22.3,21.7,83.6,82.4,82.8,0.645,0.1,0.198,4.17,4.17,4.17,rain,rain,rain,34.9,30.2,32.0,20.5,18.4,22.3,121.7,128.3,99.9,1011.0,1012.9,1014.8,75.6,60.0,72.7,8.1,8.3,7.6,193.7,147.2,114.4
2021-04-10,19.5,19.5,18.7,95.2,1.45,12.5,rain,16.6,13.0,43.0,1016.2,95.4,4.4,69.2,0.93,Rain,0.9888537064205885,-0.1488903868564548,20.8,26.2,25.8,20.8,27.6,26.5,18.5,23.0,22.3,86.9,83.6,82.4,10.191,0.645,0.1,8.33,4.17,4.17,rain,rain,rain,20.9,34.9,30.2,22.3,20.5,18.4,38.1,121.7,128.3,1014.5,1011.0,1012.9,98.1,75.6,60.0,9.1,8.1,8.3,48.2,193.7,147.2
2021-04-11,24.3,25.3,22.1,88.0,0.795,8.33,rain,34.9,20.5,123.4,1015.2,83.6,6.2,143.4,0.97,Rain,0.986146248341595,-0.16587819893463143,19.5,20.8,26.2,19.5,20.8,27.6,18.7,18.5,23.0,95.2,86.9,83.6,1.45,10.191,0.645,12.5,8.33,4.17,rain,rain,rain,16.6,20.9,34.9,13.0,22.3,20.5,43.0,38.1,121.7,1016.2,1014.5,1011.0,95.4,98.1,75.6,4.4,9.1,8.1,69.2,48.2,193.7
2021-04-12,26.4,27.8,22.6,80.8,0.1,4.17,rain,33.1,20.5,133.1,1013.1,87.3,8.5,151.9,0.0,Rain,0.9831469737221499,-0.1828169249850199,24.3,19.5,20.8,25.3,19.5,20.8,22.1,18.7,18.5,88.0,95.2,86.9,0.795,1.45,10.191,8.33,12.5,8.33,rain,rain,rain,34.9,16.6,20.9,20.5,13.0,22.3,123.4,43.0,38.1,1015.2,1016.2,1014.5,83.6,95.4,98.1,6.2,4.4,9.1,143.4,69.2,48.2
2021-04-13,25.8,26.6,23.7,88.8,0.0,0.0,noprecip,33.5,18.4,124.5,1011.9,93.2,9.0,139.1,0.04,Cloudy,0.9798567700958665,-0.1997015525660636,26.4,24.3,19.5,27.8,25.3,19.5,22.6,22.1,18.7,80.8,88.0,95.2,0.1,0.795,1.45,4.17,8.33,12.5,rain,rain,rain,33.1,34.9,16.6,20.5,20.5,13.0,133.1,123.4,43.0,1013.1,1015.2,1016.2,87.3,83.6,95.4,8.5,6.2,4.4,151.9,143.4,69.2
2021-04-14,26.8,28.4,23.6,83.5,0.4,12.5,rain,31.7,20.5,114.5,1009.9,83.8,8.9,147.9,0.07,Rain,0.9762766110869321,-0.21652708524481437,25.8,26.4,24.3,26.6,27.8,25.3,23.7,22.6,22.1,88.8,80.8,88.0,0.0,0.1,0.795,0.0,4.17,8.33,noprecip,rain,rain,33.5,33.1,34.9,18.4,20.5,20.5,124.5,133.1,123.4,1011.9,1013.1,1015.2,93.2,87.3,83.6,9.0,8.5,6.2,139.1,151.9,143.4
2021-04-15,25.9,27.2,24.5,91.8,3.661,8.33,rain,34.9,18.4,119.0,1009.0,91.2,8.8,142.8,0.1,Rain,0.9724075561219968,-0.23328854407545518,26.8,25.8,26.4,28.4,26.6,27.8,23.6,23.7,22.6,83.5,88.8,80.8,0.4,0.0,0.1,12.5,0.0,4.17,rain,noprecip,rain,31.7,33.5,33.1,20.5,18.4,20.5,114.5,124.5,133.1,1009.9,1011.9,1013.1,83.8,93.2,87.3,8.9,9.0,8.5,147.9,139.1,151.9
2021-04-16,27.1,28.9,23.7,83.1,3.7,54.17,rain,29.5,20.5,125.7,1010.4,80.8,8.8,87.0,0.14,Rain,0.9682507501166718,-0.2499809690726521,25.9,26.8,25.8,27.2,28.4,26.6,24.5,23.6,23.7,91.8,83.5,88.8,3.661,0.4,0.0,8.33,12.5,0.0,rain,rain,noprecip,34.9,31.7,33.5,18.4,20.5,18.4,119.0,114.5,124.5,1009.0,1009.9,1011.9,91.2,83.8,93.2,8.8,8.9,9.0,142.8,147.9,139.1
2021-04-17,23.0,23.0,21.7,92.5,124.229,12.5,rain,23.0,18.4,44.0,1014.3,88.5,8.4,31.8,0.17,Rain,0.9638074231367307,-0.26659942067929354,27.1,25.9,26.8,28.9,27.2,28.4,23.7,24.5,23.6,83.1,91.8,83.5,3.7,3.661,0.4,54.17,8.33,12.5,rain,rain,rain,29.5,34.9,31.7,20.5,18.4,20.5,125.7,119.0,114.5,1010.4,1009.0,1009.9,80.8,91.2,83.8,8.8,8.8,8.9,87.0,142.8,147.9
2021-04-18,22.4,22.4,20.3,88.1,0.893,4.17,rain,15.8,11.2,59.1,1012.8,93.5,8.7,97.2,0.2,Rain,0.9590788900341131,-0.28313898122818354,23.0,27.1,25.9,23.0,28.9,27.2,21.7,23.7,24.5,92.5,83.1,91.8,124.229,3.7,3.661,12.5,54.17,8.33,rain,rain,rain,23.0,29.5,34.9,18.4,20.5,18.4,44.0,125.7,119.0,1014.3,1010.4,1009.0,88.5,80.8,91.2,8.4,8.8,8.8,31.8,87.0,142.8
2021-04-19,26.1,27.7,23.0,84.2,0.198,4.17,rain,28.8,16.6,121.0,1008.1,75.6,7.7,172.5,0.24,Rain,0.9540665500578387,-0.2995947563972602,22.4,23.0,27.1,22.4,23.0,28.9,20.3,21.7,23.7,88.1,92.5,83.1,0.893,124.229,3.7,4.17,12.5,54.17,rain,rain,rain,15.8,23.0,29.5,11.2,18.4,20.5,59.1,44.0,125.7,1012.8,1014.3,1010.4,93.5,88.5,80.8,8.7,8.4,8.8,97.2,31.8,87.0
2021-04-20,28.2,31.2,24.3,80.8,0.3,12.5,rain,29.2,24.1,130.7,1007.4,69.3,9.5,210.4,0.25,Rain,0.9487718864399473,-0.31596187665790293,26.1,22.4,23.0,27.7,22.4,23.0,23.0,20.3,21.7,84.2,88.1,92.5,0.198,0.893,124.229,4.17,4.17,12.5,rain,rain,rain,28.8,15.8,23.0,16.6,11.2,18.4,121.0,59.1,44.0,1008.1,1012.8,1014.3,75.6,93.5,88.5,7.7,8.7,8.4,172.5,97.2,31.8
2021-04-21,28.7,32.9,24.6,79.8,1.2,20.83,rain,36.7,24.1,131.9,1008.2,73.3,10.1,188.6,0.3,Rain,0.9431964659565866,-0.33223549871590435,28.2,26.1,22.4,31.2,27.7,22.4,24.3,23.0,20.3,80.8,84.2,88.1,0.3,0.198,0.893,12.5,4.17,4.17,rain,rain,rain,29.2,28.8,15.8,24.1,16.6,11.2,130.7,121.0,59.1,1007.4,1008.1,1012.8,69.3,75.6,93.5,9.5,7.7,8.7,210.4,172.5,97.2
2021-04-22,28.4,32.9,24.8,81.7,0.7,20.83,rain,33.8,22.3,129.0,1007.7,75.9,10.0,190.7,0.34,Rain,0.9373419384643772,-0.3484108069446808,28.7,28.2,26.1,32.9,31.2,27.7,24.6,24.3,23.0,79.8,80.8,84.2,1.2,0.3,0.198,20.83,12.5,4.17,rain,rain,rain,36.7,29.2,28.8,24.1,24.1,16.6,131.9,130.7,121.0,1008.2,1007.4,1008.1,73.3,69.3,75.6,10.1,9.5,7.7,188.6,210.4,172.5
2021-04-23,27.8,31.9,25.5,87.7,0.202,4.17,rain,37.1,22.3,125.1,1005.7,89.4,9.8,199.0,0.37,Rain,0.9312100364121947,-0.3644830148102912,28.4,28.7,28.2,32.9,32.9,31.2,24.8,24.6,24.3,81.7,79.8,80.8,0.7,1.2,0.3,20.83,20.83,12.5,rain,rain,rain,33.8,36.7,29.2,22.3,24.1,24.1,129.0,131.9,130.7,1007.7,1008.2,1007.4,75.9,73.3,69.3,10.0,10.1,9.5,190.7,188.6,210.4
2021-04-24,28.2,33.9,26.1,88.5,0.2,8.33,rain,31.0,20.5,120.3,1005.6,90.6,9.1,202.1,0.4,Rain,0.9248025743285089,-0.38044736628785164,27.8,28.4,28.7,31.9,32.9,32.9,25.5,24.8,24.6,87.7,81.7,79.8,0.202,0.7,1.2,4.17,20.83,20.83,rain,rain,rain,37.1,33.8,36.7,22.3,22.3,24.1,125.1,129.0,131.9,1005.7,1007.7,1008.2,89.4,75.9,73.3,9.8,10.0,10.1,199.0,190.7,188.6
2021-04-25,26.9,30.2,26.1,95.3,1.516,12.5,rain,31.3,16.6,102.6,1008.2,94.7,7.0,108.2,0.44,Rain,0.9181214482844365,-0.39629913726891813,28.2,27.8,28.4,33.9,31.9,32.9,26.1,25.5,24.8,88.5,87.7,81.7,0.2,0.202,0.7,8.33,4.17,20.83,rain,rain,rain,31.0,37.1,33.8,20.5,22.3,22.3,120.3,125.1,129.0,1005.6,1005.7,1007.7,90.6,89.4,75.9,9.1,9.8,10.0,202.1,199.0,190.7
2021-04-26,23.8,23.8,22.7,93.6,41.852,16.67,rain,48.2,14.8,76.7,1010.3,84.0,8.2,36.1,0.47,Rain,0.9111686353326631,-0.41203363695942635,26.9,28.2,27.8,30.2,33.9,31.9,26.1,26.1,25.5,95.3,88.5,87.7,1.516,0.2,0.202,12.5,8.33,4.17,rain,rain,rain,31.3,31.0,37.1,16.6,20.5,22.3,102.6,120.3,125.1,1008.2,1005.6,1005.7,94.7,90.6,89.4,7.0,9.1,9.8,108.2,202.1,199.0
2021-04-27,24.2,24.5,20.8,82.0,0.6,4.17,rain,25.6,11.2,52.3,1013.1,93.0,10.0,65.7,0.5,Rain,0.9039461929224011,-0.42764620926777464,23.8,26.9,28.2,23.8,30.2,33.9,22.7,26.1,26.1,93.6,95.3,88.5,41.852,1.516,0.2,16.67,12.5,8.33,rain,rain,rain,48.2,31.3,31.0,14.8,16.6,20.5,76.7,102.6,120.3,1010.3,1008.2,1005.6,84.0,94.7,90.6,8.2,7.0,9.1,36.1,108.2,202.1
2021-04-28,23.2,23.2,20.5,84.9,5.937,8.33,rain,37.1,20.5,24.9,1015.0,94.5,9.6,145.9,0.54,Rain,0.8964562582905575,-0.44313223418263453,24.2,23.8,26.9,24.5,23.8,30.2,20.8,22.7,26.1,82.0,93.6,95.3,0.6,41.852,1.516,4.17,16.67,12.5,rain,rain,rain,25.6,48.2,31.3,11.2,14.8,16.6,52.3,76.7,102.6,1013.1,1010.3,1008.2,93.0,84.0,94.7,10.0,8.2,7.0,65.7,36.1,108.2
2021-04-29,24.1,24.2,17.7,69.7,0.331,8.33,rain,22.7,14.8,337.7,1015.4,77.1,10.0,159.2,0.57,Rain,0.8887010478292915,-0.45848712914008766,23.2,24.2,23.8,23.2,24.5,23.8,20.5,20.8,22.7,84.9,82.0,93.6,5.937,0.6,41.852,8.33,4.17,16.67,rain,rain,rain,37.1,25.6,48.2,20.5,11.2,14.8,24.9,52.3,76.7,1015.0,1013.1,1010.3,94.5,93.0,84.0,9.6,10.0,8.2,145.9,65.7,36.1
2021-04-30,25.3,25.9,20.2,75.4,0.4,4.17,rain,24.1,20.5,114.6,1011.8,34.5,8.4,265.5,0.6,Rain,0.8806828564301475,-0.47370635037968,24.1,23.2,24.2,24.2,23.2,24.5,17.7,20.5,20.8,69.7,84.9,82.0,0.331,5.937,0.6,8.33,8.33,4.17,rain,rain,rain,22.7,37.1,25.6,14.8,20.5,11.2,337.7,24.9,52.3,1015.4,1015.0,1013.1,77.1,94.5,93.0,10.0,9.6,10.0,159.2,145.9,65.7
2021-05-01,25.5,26.5,22.6,84.3,0.12,8.33,rain,21.2,14.8,120.0,1011.5,68.9,8.6,166.7,0.64,Rain,0.8724040568049612,-0.48878539428899265,25.3,24.1,23.2,25.9,24.2,23.2,20.2,17.7,20.5,75.4,69.7,84.9,0.4,0.331,5.937,4.17,8.33,8.33,rain,rain,rain,24.1,22.7,37.1,20.5,14.8,20.5,114.6,337.7,24.9,1011.8,1015.4,1015.0,34.5,77.1,94.5,8.4,10.0,9.6,265.5,159.2,145.9
2021-05-02,27.6,30.3,24.3,83.6,3.983,12.5,rain,30.2,20.5,124.0,1009.7,68.1,7.8,194.6,0.67,Rain,0.8638670987837349,-0.503719798736334,25.5,25.3,24.1,26.5,25.9,24.2,22.6,20.2,17.7,84.3,75.4,69.7,0.12,0.4,0.331,8.33,4.17,8.33,rain,rain,rain,21.2,24.1,22.7,14.8,20.5,14.8,120.0,114.6,337.7,1011.5,1011.8,1015.4,68.9,34.5,77.1,8.6,8.4,10.0,166.7,265.5,159.2
2021-05-03,29.1,33.9,24.9,79.4,0.8,12.5,rain,33.8,24.1,140.0,1007.2,75.4,9.9,241.7,0.71,Rain,0.8550745085896932,-0.518505144391157,27.6,25.5,25.3,30.3,26.5,25.9,24.3,22.6,20.2,83.6,84.3,75.4,3.983,0.12,0.4,12.5,8.33,4.17,rain,rain,rain,30.2,21.2,24.1,20.5,14.8,20.5,124.0,120.0,114.6,1009.7,1011.5,1011.8,68.1,68.9,34.5,7.8,8.6,8.4,194.6,166.7,265.5
2021-05-04,29.3,33.0,24.3,76.3,3.7,4.17,rain,26.3,24.1,118.8,1007.3,59.4,10.0,241.7,0.75,Rain,0.8460288880917339,-0.533137056031809,29.1,27.6,25.5,33.9,30.3,26.5,24.9,24.3,22.6,79.4,83.6,84.3,0.8,3.983,0.12,12.5,12.5,8.33,rain,rain,rain,33.8,30.2,21.2,24.1,20.5,14.8,140.0,124.0,120.0,1007.2,1009.7,1011.5,75.4,68.1,68.9,9.9,7.8,8.6,241.7,194.6,166.7
2021-05-05,24.7,25.8,23.3,91.9,42.507,8.33,rain,30.2,22.3,80.9,1011.4,83.8,9.2,53.1,0.78,Rain,0.8367329140344921,-0.5476112038402312,29.3,29.1,27.6,33.0,33.9,30.3,24.3,24.9,24.3,76.3,79.4,83.6,3.7,0.8,3.983,4.17,12.5,12.5,rain,rain,rain,26.3,33.8,30.2,24.1,24.1,20.5,118.8,140.0,124.0,1007.3,1007.2,1009.7,59.4,75.4,68.1,10.0,9.9,7.8,241.7,241.7,194.6
2021-05-06,26.8,28.4,22.4,79.1,0.298,4.17,rain,27.0,16.6,141.7,1012.7,59.1,9.1,202.1,0.81,Rain,0.8271893372462497,-0.5619233046832195,24.7,29.3,29.1,25.8,33.0,33.9,23.3,24.3,24.9,91.9,76.3,79.4,42.507,3.7,0.8,8.33,4.17,12.5,rain,rain,rain,30.2,26.3,33.8,22.3,24.1,24.1,80.9,118.8,140.0,1011.4,1007.3,1007.2,83.8,59.4,75.4,9.2,10.0,9.9,53.1,241.7,241.7
2021-05-07,28.0,30.7,24.1,80.7,0.0,0.0,noprecip,28.1,16.6,131.9,1011.5,53.6,8.3,228.2,0.84,Cloudy,0.8174009818249189,-0.5760691233798758,26.8,24.7,29.3,28.4,25.8,33.0,22.4,23.3,24.3,79.1,91.9,76.3,0.298,42.507,3.7,4.17,8.33,4.17,rain,rain,rain,27.0,30.2,26.3,16.6,22.3,24.1,141.7,80.9,118.8,1012.7,1011.4,1007.3,59.1,83.8,59.4,9.1,9.2,10.0,202.1,53.1,241.7
2021-05-08,27.9,31.7,25.2,85.6,0.0,0.0,noprecip,24.5,16.6,116.8,1008.6,64.9,8.6,216.7,0.88,Cloudy,0.8073707443023492,-0.5900444739548627,28.0,26.8,24.7,30.7,28.4,25.8,24.1,22.4,23.3,80.7,79.1,91.9,0.0,0.298,42.507,0.0,4.17,8.33,noprecip,rain,rain,28.1,27.0,30.2,16.6,16.6,22.3,131.9,141.7,80.9,1011.5,1012.7,1011.4,53.6,59.1,83.8,8.3,9.1,9.2,228.2,202.1,53.1
2021-05-09,29.0,33.8,25.5,82.6,0.3,8.33,rain,28.4,20.5,118.5,1006.5,68.9,9.8,226.7,0.91,Rain,0.7971015927871943,-0.6038452208771035,27.9,28.0,26.8,31.7,30.7,28.4,25.2,24.1,22.4,85.6,80.7,79.1,0.0,0.0,0.298,0.0,0.0,4.17,noprecip,noprecip,rain,24.5,28.1,27.0,16.6,16.6,16.6,116.8,131.9,141.7,1008.6,1011.5,1012.7,64.9,53.6,59.1,8.6,8.3,9.1,216.7,228.2,202.1
2021-05-10,30.1,36.2,25.5,78.6,0.1,4.17,rain,29.5,25.9,123.2,1004.8,50.7,10.4,282.8,0.95,Rain,0.7865965660866021,-0.6174672802835514,29.0,27.9,28.0,33.8,31.7,30.7,25.5,25.2,24.1,82.6,85.6,80.7,0.3,0.0,0.0,8.33,0.0,0.0,rain,noprecip,noprecip,28.4,24.5,28.1,20.5,16.6,16.6,118.5,116.8,131.9,1006.5,1008.6,1011.5,68.9,64.9,53.6,9.8,8.6,8.3,226.7,216.7,228.2
2021-05-11,29.3,34.2,25.0,79.3,24.736,4.17,rain,27.4,27.7,117.0,1004.2,52.8,9.2,290.6,0.98,Rain,0.7758587728069828,-0.6309066211876704,30.1,29.0,27.9,36.2,33.8,31.7,25.5,25.5,25.2,78.6,82.6,85.6,0.1,0.3,0.0,4.17,8.33,0.0,rain,rain,noprecip,29.5,28.4,24.5,25.9,20.5,16.6,123.2,118.5,116.8,1004.8,1006.5,1008.6,50.7,68.9,64.9,10.4,9.8,8.6,282.8,226.7,216.7
2021-05-12,29.3,35.3,25.7,81.8,2.37,4.17,rain,30.6,20.5,110.1,1003.9,48.0,9.5,274.8,0.0,Rain,0.7648913904341226,-0.6441592666722685,29.3,30.1,29.0,34.2,36.2,33.8,25.0,25.5,25.5,79.3,78.6,82.6,24.736,0.1,0.3,4.17,4.17,8.33,rain,rain,rain,27.4,29.5,28.4,27.7,25.9,20.5,117.0,123.2,118.5,1004.2,1004.8,1006.5,52.8,50.7,68.9,9.2,10.4,9.8,290.6,282.8,226.7
2021-05-13,27.4,31.2,25.3,88.5,6.827,8.33,rain,28.8,23.2,95.3,1005.0,81.0,9.4,259.7,0.05,Rain,0.753697664392914,-0.6572212950663319,29.3,29.3,30.1,35.3,34.2,36.2,25.7,25.0,25.5,81.8,79.3,78.6,2.37,24.736,0.1,4.17,4.17,4.17,rain,rain,rain,30.6,27.4,29.5,20.5,27.7,25.9,110.1,117.0,123.2,1003.9,1004.2,1004.8,48.0,52.8,50.7,9.5,9.2,10.4,274.8,290.6,282.8
2021-05-14,29.2,33.9,24.9,79.2,0.131,4.17,rain,38.5,24.1,132.4,1004.7,41.9,9.4,262.7,0.08,Rain,0.742280907086982,-0.6700888411055113,27.4,29.3,29.3,31.2,35.3,34.2,25.3,25.7,25.0,88.5,81.8,79.3,6.827,2.37,24.736,8.33,4.17,4.17,rain,rain,rain,28.8,30.6,27.4,23.2,20.5,27.7,95.3,110.1,117.0,1005.0,1003.9,1004.2,81.0,48.0,52.8,9.4,9.5,9.2,259.7,274.8,290.6
2021-05-15,30.0,37.3,26.2,81.2,0.099,4.17,rain,31.7,24.1,131.9,1005.0,66.0,10.4,270.5,0.12,Rain,0.7306444969184916,-0.6827580970759147,29.2,27.4,29.3,33.9,31.2,35.3,24.9,25.3,25.7,79.2,88.5,81.8,0.131,6.827,2.37,4.17,8.33,4.17,rain,rain,rain,38.5,28.8,30.6,24.1,23.2,20.5,132.4,95.3,110.1,1004.7,1005.0,1003.9,41.9,81.0,48.0,9.4,9.4,9.5,262.7,259.7,274.8
2021-05-16,30.4,37.6,26.0,78.4,0.198,4.17,rain,34.6,22.3,120.9,1005.1,66.7,10.0,270.0,0.15,Rain,0.7187918772884232,-0.6952253139408722,30.0,29.2,27.4,37.3,33.9,31.2,26.2,24.9,25.3,81.2,79.2,88.5,0.099,0.131,6.827,4.17,4.17,8.33,rain,rain,rain,31.7,38.5,28.8,24.1,24.1,23.2,131.9,132.4,95.3,1005.0,1004.7,1005.0,66.0,41.9,81.0,10.4,9.4,9.4,270.5,262.7,259.7
2021-05-17,29.9,37.1,26.2,81.7,0.79,4.17,rain,34.9,20.5,123.2,1006.4,68.5,9.8,213.5,0.18,Rain,0.7067265555776158,-0.7074868024503348,30.4,30.0,29.2,37.6,37.3,33.9,26.0,26.2,24.9,78.4,81.2,79.2,0.198,0.099,0.131,4.17,4.17,4.17,rain,rain,rain,34.6,31.7,38.5,22.3,24.1,24.1,120.9,131.9,132.4,1005.1,1005.0,1004.7,66.7,66.0,41.9,10.0,10.4,9.4,270.0,270.5,262.7
2021-05-18,30.1,37.6,26.2,80.6,0.2,8.33,rain,32.8,24.1,128.1,1005.9,80.1,10.0,193.4,0.22,Rain,0.6944521021088763,-0.719538934232584,29.9,30.4,30.0,37.1,37.6,37.3,26.2,26.0,26.2,81.7,78.4,81.2,0.79,0.198,0.099,4.17,4.17,4.17,rain,rain,rain,34.9,34.6,31.7,20.5,22.3,24.1,123.2,120.9,131.9,1006.4,1005.1,1005.0,68.5,66.7,66.0,9.8,10.0,10.4,213.5,270.0,270.5
2021-05-19,30.7,38.6,26.2,77.8,0.0,0.0,noprecip,34.2,24.1,127.4,1003.4,54.7,10.7,264.0,0.25,Cloudy,0.6819721490904629,-0.7313781428679254,30.1,29.9,30.4,37.6,37.1,37.6,26.2,26.2,26.0,80.6,81.7,78.4,0.2,0.79,0.198,8.33,4.17,4.17,rain,rain,rain,32.8,34.9,34.6,24.1,20.5,22.3,128.1,123.2,120.9,1005.9,1006.4,1005.1,80.1,68.5,66.7,10.0,9.8,10.0,193.4,213.5,270.0
2021-05-20,31.0,38.7,26.0,76.2,4.1,12.5,rain,33.8,22.3,108.0,1003.4,51.5,10.0,176.2,0.25,Rain,0.6692903895412567,-0.7430009249440493,30.7,30.1,29.9,38.6,37.6,37.1,26.2,26.2,26.2,77.8,80.6,81.7,0.0,0.2,0.79,0.0,8.33,4.17,noprecip,rain,rain,34.2,32.8,34.9,24.1,24.1,20.5,127.4,128.1,123.2,1003.4,1005.9,1006.4,54.7,80.1,68.5,10.7,10.0,9.8,264.0,193.4,213.5
2021-05-21,30.1,38.8,27.0,83.8,0.035,8.33,rain,32.0,20.5,109.7,1003.2,65.1,9.6,249.3,0.32,Rain,0.6564105761979381,-0.7544038410927472,31.0,30.7,30.1,38.7,38.6,37.6,26.0,26.2,26.2,76.2,77.8,80.6,4.1,0.0,0.2,12.5,0.0,8.33,rain,noprecip,rain,33.8,34.2,32.8,22.3,24.1,24.1,108.0,127.4,128.1,1003.4,1003.4,1005.9,51.5,54.7,80.1,10.0,10.7,10.0,176.2,264.0,193.4
2021-05-22,31.4,40.1,26.6,77.1,0.0,0.0,noprecip,34.2,27.7,116.4,1001.5,35.1,11.3,295.2,0.35,Cloudy,0.6433365204044917,-0.765583517007675,30.1,31.0,30.7,38.8,38.7,38.6,27.0,26.0,26.2,83.8,76.2,77.8,0.035,4.1,0.0,8.33,12.5,0.0,rain,rain,noprecip,32.0,33.8,34.2,20.5,22.3,24.1,109.7,108.0,127.4,1003.2,1003.4,1003.4,65.1,51.5,54.7,9.6,10.0,10.7,249.3,176.2,264.0
2021-05-23,30.9,39.8,26.8,79.9,0.396,4.17,rain,33.8,24.1,115.8,1003.8,68.0,10.9,223.8,0.39,Rain,0.6300720909843687,-0.7765366444428655,31.4,30.1,31.0,40.1,38.8,38.7,26.6,27.0,26.0,77.1,83.8,76.2,0.0,0.035,4.1,0.0,8.33,12.5,noprecip,rain,rain,34.2,32.0,33.8,27.7,20.5,22.3,116.4,109.7,108.0,1001.5,1003.2,1003.4,35.1,65.1,51.5,11.3,9.6,10.0,295.2,249.3,176.2
2021-05-24,27.4,30.0,23.6,80.9,8.906,4.17,rain,33.1,22.3,356.8,1009.0,88.2,9.7,157.4,0.42,Rain,0.6166212130956382,-0.7872599821916922,30.9,31.4,30.1,39.8,40.1,38.8,26.8,26.6,27.0,79.9,77.1,83.8,0.396,0.0,0.035,4.17,0.0,8.33,rain,noprecip,rain,33.8,34.2,32.0,24.1,27.7,20.5,115.8,116.4,109.7,1003.8,1001.5,1003.2,68.0,35.1,65.1,10.9,11.3,9.6,223.8,295.2,249.3
2021-05-25,25.8,26.6,22.6,83.4,10.29,12.5,rain,32.0,16.6,344.2,1009.1,86.1,8.4,104.9,0.46,Rain,0.6029878670694714,-0.7977503570459932,27.4,30.9,31.4,30.0,39.8,40.1,23.6,26.8,26.6,80.9,79.9,77.1,8.906,0.396,0.0,4.17,4.17,0.0,rain,rain,noprecip,33.1,33.8,34.2,22.3,24.1,27.7,356.8,115.8,116.4,1009.0,1003.8,1001.5,88.2,68.0,35.1,9.7,10.9,11.3,157.4,223.8,295.2
2021-05-26,28.9,33.1,25.0,81.2,2.971,4.17,rain,29.9,22.3,124.1,1006.8,50.8,9.8,242.4,0.5,Rain,0.5891760872322963,-0.8080046647350754,25.8,27.4,30.9,26.6,30.0,39.8,22.6,23.6,26.8,83.4,80.9,79.9,10.29,8.906,0.396,12.5,4.17,4.17,rain,rain,rain,32.0,33.1,33.8,16.6,22.3,24.1,344.2,356.8,115.8,1009.1,1009.0,1003.8,86.1,88.2,68.0,8.4,9.7,10.9,104.9,157.4,223.8
2021-05-27,29.9,36.4,25.7,79.1,1.0,12.5,rain,33.8,20.5,123.0,1007.6,44.1,11.0,236.5,0.52,Rain,0.5751899607119775,-0.8180198708443175,28.9,25.8,27.4,33.1,26.6,30.0,25.0,22.6,23.6,81.2,83.4,80.9,2.971,10.29,8.906,4.17,12.5,4.17,rain,rain,rain,29.9,32.0,33.1,22.3,16.6,22.3,124.1,344.2,356.8,1006.8,1009.1,1009.0,50.8,86.1,88.2,9.8,8.4,9.7,242.4,104.9,157.4
2021-05-28,30.3,36.6,25.4,77.0,1.0,25.0,rain,25.9,18.4,119.0,1007.7,50.7,9.5,242.3,0.56,Rain,0.5610336262283677,-0.8277930117131022,29.9,28.9,25.8,36.4,33.1,26.6,25.7,25.0,22.6,79.1,81.2,83.4,1.0,2.971,10.29,12.5,4.17,12.5,rain,rain,rain,33.8,29.9,32.0,20.5,22.3,16.6,123.0,124.1,344.2,1007.6,1006.8,1009.1,44.1,50.8,86.1,11.0,9.8,8.4,236.5,242.4,104.9
2021-05-29,31.2,38.9,26.0,75.9,1.385,4.17,rain,25.9,25.9,122.8,1004.9,60.5,9.4,255.9,0.59,Rain,0.5467112728685939,-0.8373211953118121,30.3,29.9,28.9,36.6,36.4,33.1,25.4,25.7,25.0,77.0,79.1,81.2,1.0,1.0,2.971,25.0,12.5,4.17,rain,rain,rain,25.9,33.8,29.9,18.4,20.5,22.3,119.0,123.0,124.1,1007.7,1007.6,1006.8,50.7,44.1,50.8,9.5,11.0,9.8,242.3,236.5,242.4
2021-05-30,32.4,39.9,25.4,69.8,0.0,0.0,noprecip,24.1,16.6,106.8,1002.2,43.2,11.2,261.0,0.62,Cloudy,0.5322271388474397,-0.8466016020976267,31.2,30.3,29.9,38.9,36.6,36.4,26.0,25.4,25.7,75.9,77.0,79.1,1.385,1.0,1.0,4.17,25.0,12.5,rain,rain,rain,25.9,25.9,33.8,25.9,18.4,20.5,122.8,119.0,123.0,1004.9,1007.7,1007.6,60.5,50.7,44.1,9.4,9.5,11.0,255.9,242.3,236.5
2021-05-31,33.7,41.4,24.9,63.7,0.0,0.0,noprecip,20.9,16.6,120.2,1000.4,65.5,12.1,260.5,0.66,Cloudy,0.5175855102531889,-0.8556314858488706,32.4,31.2,30.3,39.9,38.9,36.6,25.4,26.0,25.4,69.8,75.9,77.0,0.0,1.385,1.0,0.0,4.17,25.0,noprecip,rain,rain,24.1,25.9,25.9,16.6,25.9,18.4,106.8,122.8,119.0,1002.2,1004.9,1007.7,43.2,60.5,50.7,11.2,9.4,9.5,261.0,255.9,242.3
2021-06-01,34.5,41.9,24.5,59.7,0.0,0.0,noprecip,27.0,20.5,165.9,1000.6,66.9,10.7,302.3,0.69,Cloudy,0.5027907197793043,-0.8644081744776648,33.7,32.4,31.2,41.4,39.9,38.9,24.9,25.4,26.0,63.7,69.8,75.9,0.0,0.0,1.385,0.0,0.0,4.17,noprecip,noprecip,rain,20.9,24.1,25.9,16.6,16.6,25.9,120.2,106.8,122.8,1000.4,1002.2,1004.9,65.5,43.2,60.5,12.1,11.2,9.4,260.5,261.0,255.9
2021-06-02,33.5,42.8,26.0,67.2,0.0,0.0,noprecip,24.5,14.8,114.0,1001.4,60.3,9.5,256.7,0.75,Cloudy,0.4878471454423119,-0.8729290708206411,34.5,33.7,32.4,41.9,41.4,39.9,24.5,24.9,25.4,59.7,63.7,69.8,0.0,0.0,0.0,0.0,0.0,0.0,noprecip,noprecip,noprecip,27.0,20.9,24.1,20.5,16.6,16.6,165.9,120.2,106.8,1000.6,1000.4,1002.2,66.9,65.5,43.2,10.7,12.1,11.2,302.3,260.5,261.0
2021-06-03,34.2,43.8,26.0,65.9,0.8,12.5,rain,24.8,18.4,110.9,1001.6,55.8,10.3,300.8,0.76,Rain,0.47275920928627757,-0.881191653407483,33.5,34.5,33.7,42.8,41.9,41.4,26.0,24.5,24.9,67.2,59.7,63.7,0.0,0.0,0.0,0.0,0.0,0.0,noprecip,noprecip,noprecip,24.5,27.0,20.9,14.8,20.5,16.6,114.0,165.9,120.2,1001.4,1000.6,1000.4,60.3,66.9,65.5,9.5,10.7,12.1,256.7,302.3,260.5
2021-06-04,27.7,29.9,21.8,71.3,0.297,4.17,rain,49.7,37.1,7.3,1006.5,79.1,10.0,191.1,0.79,Rain,0.4575313760742512,-0.8891934772070711,34.2,33.5,34.5,43.8,42.8,41.9,26.0,26.0,24.5,65.9,67.2,59.7,0.8,0.0,0.0,12.5,0.0,0.0,rain,noprecip,noprecip,24.8,24.5,27.0,18.4,14.8,20.5,110.9,114.0,165.9,1001.6,1001.4,1000.6,55.8,60.3,66.9,10.3,9.5,10.7,300.8,256.7,302.3
2021-06-05,28.5,29.8,20.4,63.4,0.011,4.17,rain,19.1,7.6,48.6,1006.1,73.4,9.4,227.6,0.83,Rain,0.44216815196707204,-0.8969321743510065,27.7,34.2,33.5,29.9,43.8,42.8,21.8,26.0,26.0,71.3,65.9,67.2,0.297,0.8,0.0,4.17,12.5,0.0,rain,rain,noprecip,49.7,24.8,24.5,37.1,18.4,14.8,7.3,110.9,114.0,1006.5,1001.6,1001.4,79.1,55.8,60.3,10.0,10.3,9.5,191.1,300.8,256.7
2021-06-06,29.6,34.5,24.2,74.1,9.8,29.17,rain,24.5,11.2,102.4,1003.8,65.9,6.7,235.2,0.86,Rain,0.42667408318992467,-0.9044054548343001,28.5,27.7,34.2,29.8,29.9,43.8,20.4,21.8,26.0,63.4,71.3,65.9,0.011,0.297,0.8,4.17,4.17,12.5,rain,rain,rain,19.1,49.7,24.8,7.6,37.1,18.4,48.6,7.3,110.9,1006.1,1006.5,1001.6,73.4,79.1,55.8,9.4,10.0,10.3,227.6,191.1,300.8
2021-06-07,28.7,32.7,24.7,80.8,53.956,8.33,rain,28.4,18.4,82.7,1004.6,57.6,8.8,136.5,0.89,Rain,0.4110537546870351,-0.9116111071930239,29.6,28.5,27.7,34.5,29.8,29.9,24.2,20.4,21.8,74.1,63.4,71.3,9.8,0.011,0.297,29.17,4.17,4.17,rain,rain,rain,24.5,19.1,49.7,11.2,7.6,37.1,102.4,48.6,7.3,1003.8,1006.1,1006.5,65.9,73.4,79.1,6.7,9.4,10.0,235.2,227.6,191.1
2021-06-08,28.0,31.2,24.6,83.3,39.241,16.67,rain,22.7,13.0,11.4,1005.7,71.1,8.6,97.1,0.93,Rain,0.3953117887649151,-0.9185469991587165,28.7,29.6,28.5,32.7,34.5,29.8,24.7,24.2,20.4,80.8,74.1,63.4,53.956,9.8,0.011,8.33,29.17,4.17,rain,rain,rain,28.4,24.5,19.1,18.4,11.2,7.6,82.7,102.4,48.6,1004.6,1003.8,1006.1,57.6,65.9,73.4,8.8,6.7,9.4,136.5,235.2,227.6
2021-06-09,28.3,32.1,25.1,83.9,36.016,12.5,rain,19.1,16.6,68.8,1004.3,77.5,9.0,116.9,0.96,Rain,0.37945284372454435,-0.925211078289358,28.0,28.7,29.6,31.2,32.7,34.5,24.6,24.7,24.2,83.3,80.8,74.1,39.241,53.956,9.8,16.67,8.33,29.17,rain,rain,rain,22.7,28.4,24.5,13.0,18.4,11.2,11.4,82.7,102.4,1005.7,1004.6,1003.8,71.1,57.6,65.9,8.6,8.8,6.7,97.1,136.5,235.2
2021-06-10,28.6,34.7,26.2,87.4,0.285,8.33,rain,20.5,9.4,97.2,1002.8,67.9,9.4,159.6,0.0,Rain,0.36348161248290634,-0.9316013725767187,28.3,28.0,28.7,32.1,31.2,32.7,25.1,24.6,24.7,83.9,83.3,80.8,36.016,39.241,53.956,12.5,16.67,8.33,rain,rain,rain,19.1,22.7,28.4,16.6,13.0,18.4,68.8,11.4,82.7,1004.3,1005.7,1004.6,77.5,71.1,57.6,9.0,8.6,8.8,116.9,97.1,136.5
2021-06-11,29.4,35.2,25.5,80.9,1.989,4.17,rain,24.8,14.8,82.3,1003.4,55.9,9.6,105.5,0.03,Rain,0.3474028211842774,-0.9377159910299093,28.6,28.3,28.0,34.7,32.1,31.2,26.2,25.1,24.6,87.4,83.9,83.3,0.285,36.016,39.241,8.33,12.5,16.67,rain,rain,rain,20.5,19.1,22.7,9.4,16.6,13.0,97.2,68.8,11.4,1002.8,1004.3,1005.7,67.9,77.5,71.1,9.4,9.0,8.6,159.6,116.9,97.1
2021-06-12,28.8,34.2,25.7,84.3,30.596,16.67,rain,38.2,18.4,327.0,1002.7,77.5,8.9,147.9,0.06,Rain,0.3312212278016865,-0.9435531242349544,29.4,28.6,28.3,35.2,34.7,32.1,25.5,26.2,25.1,80.9,87.4,83.9,1.989,0.285,36.016,4.17,8.33,12.5,rain,rain,rain,24.8,20.5,19.1,14.8,9.4,16.6,82.3,97.2,68.8,1003.4,1002.8,1004.3,55.9,67.9,77.5,9.6,9.4,9.0,105.5,159.6,116.9
2021-06-13,27.7,31.8,25.3,87.2,56.958,20.83,rain,42.5,24.1,59.8,1002.0,85.9,9.5,169.0,0.1,Rain,0.31494162072895193,-0.9491110448902284,28.8,29.4,28.6,34.2,35.2,34.7,25.7,25.5,26.2,84.3,80.9,87.4,30.596,1.989,0.285,16.67,4.17,8.33,rain,rain,rain,38.2,24.8,20.5,18.4,14.8,9.4,327.0,82.3,97.2,1002.7,1003.4,1002.8,77.5,55.9,67.9,8.9,9.6,9.4,147.9,105.5,159.6
2021-06-14,29.7,33.9,24.6,76.6,0.0,0.0,noprecip,28.8,22.3,129.5,1001.3,68.0,10.9,253.4,0.13,Cloudy,0.2985688173637202,-0.9543881083175908,27.7,28.8,29.4,31.8,34.2,35.2,25.3,25.7,25.5,87.2,84.3,80.9,56.958,30.596,1.989,20.83,16.67,4.17,rain,rain,rain,42.5,38.2,24.8,24.1,18.4,14.8,59.8,327.0,82.3,1002.0,1002.7,1003.4,85.9,77.5,55.9,9.5,8.9,9.6,169.0,147.9,105.5
2021-06-15,30.8,35.8,24.0,69.5,0.099,4.17,rain,31.0,14.8,131.0,999.5,53.3,11.5,266.4,0.17,Rain,0.2821076626819194,-0.9593827529490743,29.7,27.7,28.8,33.9,31.8,34.2,24.6,25.3,25.7,76.6,87.2,84.3,0.0,56.958,30.596,0.0,20.83,16.67,noprecip,rain,rain,28.8,42.5,38.2,22.3,24.1,18.4,129.5,59.8,327.0,1001.3,1002.0,1002.7,68.0,85.9,77.5,10.9,9.5,8.9,253.4,169.0,147.9
2021-06-16,32.3,38.7,24.5,66.5,0.0,0.0,noprecip,29.9,18.4,127.3,1001.1,69.1,10.5,286.0,0.2,Cloudy,0.26556302780405594,-0.9640935007889755,30.8,29.7,27.7,35.8,33.9,31.8,24.0,24.6,25.3,69.5,76.6,87.2,0.099,0.0,56.958,4.17,0.0,20.83,rain,noprecip,rain,31.0,28.8,42.5,14.8,22.3,24.1,131.0,129.5,59.8,999.5,1001.3,1002.0,53.3,68.0,85.9,11.5,10.9,9.5,266.4,253.4,169.0
2021-06-17,32.9,39.8,24.6,64.3,0.0,0.0,noprecip,28.4,18.4,125.6,1002.9,48.9,11.0,296.6,0.24,Cloudy,0.24893980855376657,-0.9685189578512204,32.3,30.8,29.7,38.7,35.8,33.9,24.5,24.0,24.6,66.5,69.5,76.6,0.0,0.099,0.0,0.0,4.17,0.0,noprecip,rain,noprecip,29.9,31.0,28.8,18.4,14.8,22.3,127.3,131.0,129.5,1001.1,999.5,1001.3,69.1,53.3,68.0,10.5,11.5,10.9,286.0,266.4,253.4
2021-06-18,33.5,40.8,24.6,62.8,0.0,0.0,noprecip,26.6,16.6,139.9,1003.0,31.1,12.0,307.0,0.25,Cloudy,0.23224292400907015,-0.9726578145718654,32.9,32.3,30.8,39.8,38.7,35.8,24.6,24.5,24.0,64.3,66.5,69.5,0.0,0.0,0.099,0.0,0.0,4.17,noprecip,noprecip,rain,28.4,29.9,31.0,18.4,18.4,14.8,125.6,127.3,131.0,1002.9,1001.1,999.5,48.9,69.1,53.3,11.0,10.5,11.5,296.6,286.0,266.4
2021-06-19,34.5,40.0,22.9,54.2,0.0,0.0,noprecip,28.4,14.8,219.3,1000.7,23.0,12.3,316.3,0.31,Cloudy,0.21547731504673012,-0.976508846196619,33.5,32.9,32.3,40.8,39.8,38.7,24.6,24.6,24.5,62.8,64.3,66.5,0.0,0.0,0.0,0.0,0.0,0.0,noprecip,noprecip,noprecip,26.6,28.4,29.9,16.6,18.4,18.4,139.9,125.6,127.3,1003.0,1002.9,1001.1,31.1,48.9,69.1,12.0,11.0,10.5,307.0,296.6,286.0
2021-06-20,35.2,40.1,22.1,48.7,0.0,0.0,noprecip,31.0,14.8,226.1,998.7,34.1,11.9,318.1,0.34,Cloudy,0.19864794288017112,-0.9800709131432666,34.5,33.5,32.9,40.0,40.8,39.8,22.9,24.6,24.6,54.2,62.8,64.3,0.0,0.0,0.0,0.0,0.0,0.0,noprecip,noprecip,noprecip,28.4,26.6,28.4,14.8,16.6,18.4,219.3,139.9,125.6,1000.7,1003.0,1002.9,23.0,31.1,48.9,12.3,12.0,11.0,316.3,307.0,296.6
2021-06-21,34.3,41.5,24.3,58.5,0.0,0.0,noprecip,24.8,16.6,196.3,999.3,65.1,11.3,302.4,0.38,Cloudy,0.18175978759137534,-0.9833429613388902,35.2,34.5,33.5,40.1,40.0,40.8,22.1,22.9,24.6,48.7,54.2,62.8,0.0,0.0,0.0,0.0,0.0,0.0,noprecip,noprecip,noprecip,31.0,28.4,26.6,14.8,14.8,16.6,226.1,219.3,139.9,998.7,1000.7,1003.0,34.1,23.0,31.1,11.9,12.3,12.0,318.1,316.3,307.0
2021-06-22,32.3,39.5,25.0,66.8,2.4,25.0,rain,26.3,18.4,64.1,1002.5,79.5,11.0,201.2,0.41,Rain,0.16481784665719793,-0.9863240225317866,34.3,35.2,34.5,41.5,40.1,40.0,24.3,22.1,22.9,58.5,48.7,54.2,0.0,0.0,0.0,0.0,0.0,0.0,noprecip,noprecip,noprecip,24.8,31.0,28.4,16.6,14.8,14.8,196.3,226.1,219.3,999.3,998.7,1000.7,65.1,34.1,23.0,11.3,11.9,12.3,302.4,318.1,316.3
2021-06-23,29.8,34.7,24.7,75.4,42.588,8.33,rain,23.8,13.0,174.6,1003.6,75.8,10.0,116.2,0.45,Rain,0.14782713347053048,-0.9890132145779883,32.3,34.3,35.2,39.5,41.5,40.1,25.0,24.3,22.1,66.8,58.5,48.7,2.4,0.0,0.0,25.0,0.0,0.0,rain,noprecip,noprecip,26.3,24.8,31.0,18.4,16.6,14.8,64.1,196.3,226.1,1002.5,999.3,998.7,79.5,65.1,34.1,11.0,11.3,11.9,201.2,302.4,318.1
2021-06-24,28.2,33.1,25.9,88.2,0.911,4.17,rain,26.6,14.8,70.4,1002.6,72.0,9.8,164.0,0.48,Rain,0.13079267585675922,-0.9914097417023038,29.8,32.3,34.3,34.7,39.5,41.5,24.7,25.0,24.3,75.4,66.8,58.5,42.588,2.4,0.0,8.33,25.0,0.0,rain,rain,noprecip,23.8,26.3,24.8,13.0,18.4,16.6,174.6,64.1,196.3,1003.6,1002.5,999.3,75.8,79.5,65.1,10.0,11.0,11.3,116.2,201.2,302.4
2021-06-25,28.3,32.2,25.1,83.7,0.042,4.17,rain,26.6,25.9,104.6,1002.6,68.6,8.9,168.0,0.5,Rain,0.11371951458594969,-0.9935128947338007,28.2,29.8,32.3,33.1,34.7,39.5,25.9,24.7,25.0,88.2,75.4,66.8,0.911,42.588,2.4,4.17,8.33,25.0,rain,rain,rain,26.6,23.8,26.3,14.8,13.0,18.4,70.4,174.6,64.1,1002.6,1003.6,1002.5,72.0,75.8,79.5,9.8,10.0,11.0,164.0,116.2,201.2
2021-06-26,28.9,32.6,24.3,77.8,38.59,8.33,rain,34.2,14.8,125.1,1003.5,65.4,10.8,241.5,0.55,Rain,0.0966127018812031,-0.9953220513156602,28.3,28.2,29.8,32.2,33.1,34.7,25.1,25.9,24.7,83.7,88.2,75.4,0.042,0.911,42.588,4.17,4.17,8.33,rain,rain,rain,26.6,26.6,23.8,25.9,14.8,13.0,104.6,70.4,174.6,1002.6,1002.6,1003.6,68.6,72.0,75.8,8.9,9.8,10.0,168.0,164.0,116.2
2021-06-27,32.0,36.8,23.7,64.6,6.926,4.17,rain,36.0,14.8,174.9,1002.1,76.5,10.8,286.8,0.58,Rain,0.07947729992362097,-0.9968366760893436,28.9,28.3,28.2,32.6,32.2,33.1,24.3,25.1,25.9,77.8,83.7,88.2,38.59,0.042,0.911,8.33,4.17,4.17,rain,rain,rain,34.2,26.6,26.6,14.8,25.9,14.8,125.1,104.6,70.4,1003.5,1002.6,1002.6,65.4,68.6,72.0,10.8,8.9,9.8,241.5,168.0,164.0
2021-06-28,33.6,39.0,23.1,55.5,1.0,4.17,rain,31.3,11.2,211.7,999.2,90.5,10.7,279.2,0.61,Rain,0.062318379354325076,-0.998056320853012,32.0,28.9,28.3,36.8,32.6,32.2,23.7,24.3,25.1,64.6,77.8,83.7,6.926,38.59,0.042,4.17,8.33,4.17,rain,rain,rain,36.0,34.2,26.6,14.8,14.8,25.9,174.9,125.1,104.6,1002.1,1003.5,1002.6,76.5,65.4,68.6,10.8,10.8,8.9,286.8,241.5,168.0
2021-06-29,32.5,38.1,23.5,59.9,0.078,4.17,rain,26.6,16.6,130.7,999.5,95.5,10.0,205.9,0.65,Rain,0.04514101777397193,-0.9989806246941579,33.6,32.0,28.9,39.0,36.8,32.6,23.1,23.7,24.3,55.5,64.6,77.8,1.0,6.926,38.59,4.17,4.17,8.33,rain,rain,rain,31.3,36.0,34.2,11.2,14.8,14.8,211.7,174.9,125.1,999.2,1002.1,1003.5,90.5,76.5,65.4,10.7,10.8,10.8,279.2,286.8,241.5
2021-06-30,32.0,37.8,24.1,65.1,0.011,4.17,rain,31.7,16.6,142.0,1000.0,92.9,10.0,209.1,0.68,Rain,0.02795029824021032,-0.999609314096404,32.5,33.6,32.0,38.1,39.0,36.8,23.5,23.1,23.7,59.9,55.5,64.6,0.078,1.0,6.926,4.17,4.17,4.17,rain,rain,rain,26.6,31.3,36.0,16.6,11.2,14.8,130.7,211.7,174.9,999.5,999.2,1002.1,95.5,90.5,76.5,10.0,10.7,10.8,205.9,279.2,286.8
2021-07-01,32.8,37.8,22.9,57.1,0.0,0.0,noprecip,31.0,18.4,177.6,1000.6,94.0,10.0,216.1,0.71,Cloudy,0.01075130776352193,-0.9999422030204416,32.0,32.5,33.6,37.8,38.1,39.0,24.1,23.5,23.1,65.1,59.9,55.5,0.011,0.078,1.0,4.17,4.17,4.17,rain,rain,rain,31.7,26.6,31.3,16.6,16.6,11.2,142.0,130.7,211.7,1000.0,999.5,999.2,92.9,95.5,90.5,10.0,10.0,10.7,209.1,205.9,279.2
2021-07-02,33.6,38.4,22.4,53.3,0.0,0.0,noprecip,35.3,22.3,217.2,1001.8,93.4,10.7,280.4,0.75,Cloudy,-0.00645086419810515,-0.9999791929590823,32.8,32.0,32.5,37.8,37.8,38.1,22.9,24.1,23.5,57.1,65.1,59.9,0.0,0.011,0.078,0.0,4.17,4.17,noprecip,rain,rain,31.0,31.7,26.6,18.4,16.6,16.6,177.6,142.0,130.7,1000.6,1000.0,999.5,94.0,92.9,95.5,10.0,10.0,10.0,216.1,209.1,205.9
2021-07-03,32.9,39.5,24.3,62.1,0.0,0.0,noprecip,31.3,13.0,311.9,1001.9,78.5,10.5,273.6,0.78,Cloudy,-0.023651127245231586,-0.9997202729664083,33.6,32.8,32.0,38.4,37.8,37.8,22.4,22.9,24.1,53.3,57.1,65.1,0.0,0.0,0.011,0.0,0.0,4.17,noprecip,noprecip,rain,35.3,31.0,31.7,22.3,18.4,16.6,217.2,177.6,142.0,1001.8,1000.6,1000.0,93.4,94.0,92.9,10.7,10.0,10.0,280.4,216.1,209.1
2021-07-04,32.7,40.7,25.4,67.3,0.1,4.17,rain,24.8,18.4,119.5,1002.6,73.3,10.7,272.6,0.81,Rain,-0.04084439154329611,-0.9991655196610109,32.9,33.6,32.8,39.5,38.4,37.8,24.3,22.4,22.9,62.1,53.3,57.1,0.0,0.0,0.0,0.0,0.0,0.0,noprecip,noprecip,noprecip,31.3,35.3,31.0,13.0,22.3,18.4,311.9,217.2,177.6,1001.9,1001.8,1000.6,78.5,93.4,94.0,10.5,10.7,10.0,273.6,280.4,216.1
2021-07-05,30.2,37.4,25.7,77.9,3.99,8.33,rain,25.6,20.5,125.1,1004.3,76.0,9.7,207.7,0.84,Rain,-0.05802556932878035,-0.9983150972033183,32.7,32.9,33.6,40.7,39.5,38.4,25.4,24.3,22.4,67.3,62.1,53.3,0.1,0.0,0.0,4.17,0.0,0.0,rain,noprecip,noprecip,24.8,31.3,35.3,18.4,13.0,22.3,119.5,311.9,217.2,1002.6,1001.9,1001.8,73.3,78.5,93.4,10.7,10.5,10.7,272.6,273.6,280.4
2021-07-06,31.3,37.4,24.6,69.7,0.4,8.33,rain,25.9,16.6,119.9,1003.9,53.5,10.3,256.2,0.87,Rain,-0.07518957641475855,-0.9971692572470178,30.2,32.7,32.9,37.4,40.7,39.5,25.7,25.4,24.3,77.9,67.3,62.1,3.99,0.1,0.0,8.33,4.17,0.0,rain,rain,noprecip,25.6,24.8,31.3,20.5,18.4,13.0,125.1,119.5,311.9,1004.3,1002.6,1001.9,76.0,73.3,78.5,9.7,10.7,10.5,207.7,272.6,273.6
2021-07-07,29.6,35.9,25.6,80.6,24.019,12.5,rain,30.2,11.2,316.6,1004.4,71.4,9.9,187.9,0.91,Rain,-0.09233133369539122,-0.9957283388645872,31.3,30.2,32.7,37.4,37.4,40.7,24.6,25.7,25.4,69.7,77.9,67.3,0.4,3.99,0.1,8.33,8.33,4.17,rain,rain,rain,25.9,25.6,24.8,16.6,20.5,18.4,119.9,125.1,119.5,1003.9,1004.3,1002.6,53.5,76.0,73.3,10.3,9.7,10.7,256.2,207.7,272.6
2021-07-08,27.2,30.9,25.6,91.1,54.075,20.83,rain,43.6,20.5,100.2,1006.1,87.4,8.9,136.0,0.94,Rain,-0.10944576864891556,-0.993992768446958,29.6,31.3,30.2,35.9,37.4,37.4,25.6,24.6,25.7,80.6,69.7,77.9,24.019,0.4,3.99,12.5,8.33,8.33,rain,rain,rain,30.2,25.9,25.6,11.2,16.6,20.5,316.6,119.9,125.1,1004.4,1003.9,1004.3,71.4,53.5,76.0,9.9,10.3,9.7,187.9,256.2,207.7
2021-07-09,29.0,34.3,25.6,82.9,7.01,12.5,rain,34.2,16.6,124.3,1008.3,54.1,9.7,181.9,0.97,Rain,-0.12652781683868314,-0.9919630595773397,27.2,29.6,31.3,30.9,35.9,37.4,25.6,25.6,24.6,91.1,80.6,69.7,54.075,24.019,0.4,20.83,12.5,8.33,rain,rain,rain,43.6,30.2,25.9,20.5,11.2,16.6,100.2,316.6,119.9,1006.1,1004.4,1003.9,87.4,71.4,53.5,8.9,9.9,10.3,136.0,187.9,256.2
2021-07-10,29.1,34.3,25.1,80.1,11.926,4.17,rain,31.3,14.8,90.5,1008.8,41.4,9.9,240.6,0.0,Rain,-0.1435724234118113,-0.9896398128792412,29.0,27.2,29.6,34.3,30.9,35.9,25.6,25.6,25.6,82.9,91.1,80.6,7.01,54.075,24.019,12.5,20.83,12.5,rain,rain,rain,34.2,43.6,30.2,16.6,20.5,11.2,124.3,100.2,316.6,1008.3,1006.1,1004.4,54.1,87.4,71.4,9.7,8.9,9.9,181.9,136.0,187.9
2021-07-11,30.4,34.6,23.9,70.7,0.3,8.33,rain,30.6,16.6,143.7,1009.6,42.3,11.2,272.6,0.04,Rain,-0.16057454459499376,-0.9870237158387383,29.1,29.0,27.2,34.3,34.3,30.9,25.1,25.6,25.6,80.1,82.9,91.1,11.926,7.01,54.075,4.17,12.5,20.83,rain,rain,rain,31.3,34.2,43.6,14.8,16.6,20.5,90.5,124.3,100.2,1008.8,1008.3,1006.1,41.4,54.1,87.4,9.9,9.7,8.9,240.6,181.9,136.0
2021-07-12,30.8,36.3,24.5,71.1,0.0,0.0,noprecip,35.3,20.5,141.1,1008.4,26.3,12.1,301.6,0.08,Cloudy,-0.17752914918703497,-0.984115542601034,30.4,29.1,29.0,34.6,34.3,34.3,23.9,25.1,25.6,70.7,80.1,82.9,0.3,11.926,7.01,8.33,4.17,12.5,rain,rain,rain,30.6,31.3,34.2,16.6,14.8,16.6,143.7,90.5,124.3,1009.6,1008.8,1008.3,42.3,41.4,54.1,11.2,9.9,9.7,272.6,240.6,181.9
2021-07-13,30.9,37.5,25.3,73.8,0.9,4.17,rain,29.2,20.5,138.0,1006.2,41.2,10.4,279.6,0.11,Rain,-0.19443122004766195,-0.9809161537413774,30.8,30.4,29.1,36.3,34.6,34.3,24.5,23.9,25.1,71.1,70.7,80.1,0.0,0.3,11.926,0.0,8.33,4.17,noprecip,rain,rain,35.3,30.6,31.3,20.5,16.6,14.8,141.1,143.7,90.5,1008.4,1009.6,1008.8,26.3,42.3,41.4,12.1,11.2,9.9,301.6,272.6,240.6
2021-07-14,31.3,37.7,25.0,71.3,0.9,16.67,rain,31.7,24.1,131.8,1005.7,42.4,10.4,251.7,0.15,Rain,-0.2112757555821793,-0.9774264960104055,30.9,30.8,30.4,37.5,36.3,34.6,25.3,24.5,23.9,73.8,71.1,70.7,0.9,0.0,0.3,4.17,0.0,8.33,rain,noprecip,rain,29.2,35.3,30.6,20.5,20.5,16.6,138.0,141.1,143.7,1006.2,1008.4,1009.6,41.2,26.3,42.3,10.4,12.1,11.2,279.6,301.6,272.6
2021-07-15,31.2,37.1,24.5,69.6,0.0,0.0,noprecip,33.1,20.5,136.1,1007.2,42.0,11.7,264.8,0.18,Cloudy,-0.2280577712215198,-0.9736476020539838,31.3,30.9,30.8,37.7,37.5,36.3,25.0,25.3,24.5,71.3,73.8,71.1,0.9,0.9,0.0,16.67,4.17,0.0,rain,rain,noprecip,31.7,29.2,35.3,24.1,20.5,20.5,131.8,138.0,141.1,1005.7,1006.2,1008.4,42.4,41.2,26.3,10.4,10.4,12.1,251.7,279.6,301.6
2021-07-16,31.3,37.0,24.3,68.9,0.2,8.33,rain,25.2,14.8,127.7,1007.5,33.1,12.4,279.1,0.22,Rain,-0.24477230089725957,-0.9695805901076308,31.2,31.3,30.9,37.1,37.7,37.5,24.5,25.0,25.3,69.6,71.3,73.8,0.0,0.9,0.9,0.0,16.67,4.17,noprecip,rain,rain,33.1,31.7,29.2,20.5,24.1,20.5,136.1,131.8,138.0,1007.2,1005.7,1006.2,42.0,42.4,41.2,11.7,10.4,10.4,264.8,251.7,279.6
2021-07-17,31.3,37.3,24.7,69.7,0.6,4.17,rain,23.8,22.3,117.3,1003.9,50.5,11.1,288.5,0.25,Rain,-0.2614143985111562,-0.965226663665613,31.3,31.2,31.3,37.0,37.1,37.7,24.3,24.5,25.0,68.9,69.6,71.3,0.2,0.0,0.9,8.33,0.0,16.67,rain,noprecip,rain,25.2,33.1,31.7,14.8,20.5,24.1,127.7,136.1,131.8,1007.5,1007.2,1005.7,33.1,42.0,42.4,12.4,11.7,10.4,279.1,264.8,251.7
2021-07-18,27.9,33.2,26.2,90.6,0.767,4.17,rain,23.4,18.4,102.6,1001.7,79.4,9.6,189.6,0.29,Rain,-0.2779791393987801,-0.9605871111248129,31.3,31.3,31.2,37.3,37.0,37.1,24.7,24.3,24.5,69.7,68.9,69.6,0.6,0.2,0.0,4.17,8.33,0.0,rain,rain,noprecip,23.8,25.2,33.1,22.3,14.8,20.5,117.3,127.7,136.1,1003.9,1007.5,1007.2,50.5,33.1,42.0,11.1,12.4,11.7,288.5,279.1,264.8
2021-07-19,28.8,32.9,24.5,79.1,14.3,50.0,rain,22.7,16.6,77.1,1001.8,60.1,9.7,187.7,0.33,Rain,-0.2944616217868012,-0.9556633054034704,27.9,31.3,31.3,33.2,37.3,37.0,26.2,24.7,24.3,90.6,69.7,68.9,0.767,0.6,0.2,4.17,4.17,8.33,rain,rain,rain,23.4,23.8,25.2,18.4,22.3,14.8,102.6,117.3,127.7,1001.7,1003.9,1007.5,79.4,50.5,33.1,9.6,11.1,12.4,189.6,288.5,279.1
2021-07-20,29.3,34.7,25.5,81.8,0.099,4.17,rain,20.5,22.3,304.4,1002.2,71.7,9.7,179.4,0.36,Rain,-0.3108569682435036,-0.9504567035349151,28.8,27.9,31.3,32.9,33.2,37.3,24.5,26.2,24.7,79.1,90.6,69.7,14.3,0.767,0.6,50.0,4.17,4.17,rain,rain,rain,22.7,23.4,23.8,16.6,18.4,22.3,77.1,102.6,117.3,1001.8,1001.7,1003.9,60.1,79.4,50.5,9.7,9.6,11.1,187.7,189.6,288.5
2021-07-21,29.1,33.1,24.9,80.6,0.074,4.17,rain,21.6,22.3,323.8,1001.4,65.1,9.5,147.4,0.4,Rain,-0.3271603271220951,-0.9449688462364056,29.3,28.8,27.9,34.7,32.9,33.2,25.5,24.5,26.2,81.8,79.1,90.6,0.099,14.3,0.767,4.17,50.0,4.17,rain,rain,rain,20.5,22.7,23.4,22.3,16.6,18.4,304.4,77.1,102.6,1002.2,1001.8,1001.7,71.7,60.1,79.4,9.7,9.7,9.6,179.4,187.7,189.6
2021-07-22,28.2,33.4,26.3,89.9,32.514,8.33,rain,20.9,13.0,358.7,999.9,56.3,9.0,66.3,0.43,Rain,-0.34336687399638804,-0.939201357453208,29.1,29.3,28.8,33.1,34.7,32.9,24.9,25.5,24.5,80.6,81.8,79.1,0.074,0.099,14.3,4.17,4.17,50.0,rain,rain,rain,21.6,20.5,22.7,22.3,22.3,16.6,323.8,304.4,77.1,1001.4,1002.2,1001.8,65.1,71.7,60.1,9.5,9.7,9.7,147.4,179.4,187.7
2021-07-23,26.7,29.4,26.3,97.8,50.588,16.67,rain,37.1,18.4,291.1,998.3,86.3,8.0,30.5,0.47,Rain,-0.3594718130884232,-0.9331559438780432,28.2,29.1,29.3,33.4,33.1,34.7,26.3,24.9,25.5,89.9,80.6,81.8,32.514,0.074,0.099,8.33,4.17,4.17,rain,rain,rain,20.9,21.6,20.5,13.0,22.3,22.3,358.7,323.8,304.4,999.9,1001.4,1002.2,56.3,65.1,71.7,9.0,9.5,9.7,66.3,147.4,179.4
2021-07-24,30.0,36.7,26.1,81.7,1.979,4.17,rain,40.0,24.1,331.0,998.4,53.1,8.9,228.2,0.5,Rain,-0.3754703786876202,-0.9268343944460494,26.7,28.2,29.1,29.4,33.4,33.1,26.3,26.3,24.9,97.8,89.9,80.6,50.588,32.514,0.074,16.67,8.33,4.17,rain,rain,rain,37.1,20.9,21.6,18.4,13.0,22.3,291.1,358.7,323.8,998.3,999.9,1001.4,86.3,56.3,65.1,8.0,9.0,9.5,30.5,66.3,147.4
2021-07-25,30.1,36.6,25.4,77.6,5.2,25.0,rain,23.8,14.8,326.0,999.8,61.2,9.9,262.7,0.54,Rain,-0.3913578365610259,-0.9202385798054075,30.0,26.7,28.2,36.7,29.4,33.4,26.1,26.3,26.3,81.7,97.8,89.9,1.979,50.588,32.514,4.17,16.67,8.33,rain,rain,rain,40.0,37.1,20.9,24.1,18.4,13.0,331.0,291.1,358.7,998.4,998.3,999.9,53.1,86.3,56.3,8.9,8.0,9.0,228.2,30.5,66.3
2021-07-26,30.2,35.7,25.0,75.9,0.106,4.17,rain,20.9,14.8,272.3,999.4,61.2,10.0,225.6,0.57,Rain,-0.4071294853542516,-0.9133704517637858,30.1,30.0,26.7,36.6,36.7,29.4,25.4,26.1,26.3,77.6,81.7,97.8,5.2,1.979,50.588,25.0,4.17,16.67,rain,rain,rain,23.8,40.0,37.1,14.8,24.1,18.4,326.0,331.0,291.1,999.8,998.4,998.3,61.2,53.1,86.3,9.9,8.9,8.0,262.7,228.2,30.5
2021-07-27,31.5,38.5,25.4,72.7,0.198,4.17,rain,25.6,11.2,259.1,997.5,66.5,11.7,268.5,0.6,Rain,-0.4227806579826773,-0.9062320427107697,30.2,30.1,30.0,35.7,36.6,36.7,25.0,25.4,26.1,75.9,77.6,81.7,0.106,5.2,1.979,4.17,25.0,4.17,rain,rain,rain,20.9,23.8,40.0,14.8,14.8,24.1,272.3,326.0,331.0,999.4,999.8,998.4,61.2,61.2,53.1,10.0,9.9,8.9,225.6,262.7,228.2
2021-07-28,31.0,38.2,25.6,74.8,0.095,4.17,rain,24.5,18.4,7.5,997.4,65.8,11.3,235.9,0.63,Rain,-0.4383067230125192,-0.898825465016444,31.5,30.2,30.1,38.5,35.7,36.6,25.4,25.0,25.4,72.7,75.9,77.6,0.198,0.106,5.2,4.17,4.17,25.0,rain,rain,rain,25.6,20.9,23.8,11.2,14.8,14.8,259.1,272.3,326.0,997.5,999.4,999.8,66.5,61.2,61.2,11.7,10.0,9.9,268.5,225.6,262.7
2021-07-29,30.2,38.0,26.5,81.9,7.055,8.33,rain,25.6,20.5,76.3,999.0,67.8,9.9,194.2,0.66,Rain,-0.45370308603134424,-0.8911529104063088,31.0,31.5,30.2,38.2,38.5,35.7,25.6,25.4,25.0,74.8,72.7,75.9,0.095,0.198,0.106,4.17,4.17,4.17,rain,rain,rain,24.5,25.6,20.9,18.4,11.2,14.8,7.5,259.1,272.3,997.4,997.5,999.4,65.8,66.5,61.2,11.3,11.7,10.0,235.9,268.5,225.6
2021-07-30,31.2,38.5,25.8,75.4,0.003,4.17,rain,21.6,11.2,131.1,999.6,64.2,8.8,234.2,0.7,Rain,-0.46896519100763184,-0.8832166493127127,30.2,31.0,31.5,38.0,38.2,38.5,26.5,25.6,25.4,81.9,74.8,72.7,7.055,0.095,0.198,8.33,4.17,4.17,rain,rain,rain,25.6,24.5,25.6,20.5,18.4,11.2,76.3,7.5,259.1,999.0,997.4,997.5,67.8,65.8,66.5,9.9,11.3,11.7,194.2,235.9,268.5
2021-07-31,31.9,41.6,26.8,76.0,0.0,0.0,noprecip,22.3,14.8,60.3,998.3,63.3,9.8,253.2,0.75,Cloudy,-0.48408852163897587,-0.8750190302029955,31.2,30.2,31.0,38.5,38.0,38.2,25.8,26.5,25.6,75.4,81.9,74.8,0.003,7.055,0.095,4.17,8.33,4.17,rain,rain,rain,21.6,25.6,24.5,11.2,20.5,18.4,131.1,76.3,7.5,999.6,999.0,997.4,64.2,67.8,65.8,8.8,9.9,11.3,234.2,194.2,235.9
2021-08-01,28.0,32.9,26.1,90.0,16.111,8.33,rain,27.0,13.5,301.7,999.2,90.3,9.6,52.6,0.76,Rain,-0.4990686026885319,-0.8665624788845385,31.9,31.2,30.2,41.6,38.5,38.0,26.8,25.8,26.5,76.0,75.4,81.9,0.0,0.003,7.055,0.0,4.17,8.33,noprecip,rain,rain,22.3,21.6,25.6,14.8,11.2,20.5,60.3,131.1,76.3,998.3,999.6,999.0,63.3,64.2,67.8,9.8,8.8,9.9,253.2,234.2,194.2
2021-08-02,30.9,38.3,26.1,77.7,0.0,0.0,noprecip,29.5,14.4,275.2,998.5,52.4,9.7,256.9,0.79,Cloudy,-0.5139010013093103,-0.8578494977869301,28.0,31.9,31.2,32.9,41.6,38.5,26.1,26.8,25.8,90.0,76.0,75.4,16.111,0.0,0.003,8.33,0.0,4.17,rain,noprecip,rain,27.0,22.3,21.6,13.5,14.8,11.2,301.7,60.3,131.1,999.2,998.3,999.6,90.3,63.3,64.2,9.6,9.8,8.8,52.6,253.2,234.2
2021-08-03,31.5,38.1,25.0,70.6,0.0,0.0,noprecip,23.8,13.0,297.2,999.4,63.1,9.8,285.7,0.83,Cloudy,-0.5285813283559292,-0.8488826652214553,30.9,28.0,31.9,38.3,32.9,41.6,26.1,26.1,26.8,77.7,90.0,76.0,0.0,16.111,0.0,0.0,8.33,0.0,noprecip,rain,noprecip,29.5,27.0,22.3,14.4,13.5,14.8,275.2,301.7,60.3,998.5,999.2,998.3,52.4,90.3,63.3,9.7,9.6,9.8,256.9,52.6,253.2
2021-08-04,32.8,41.9,26.3,71.0,0.0,0.0,noprecip,23.8,13.0,294.2,999.5,51.8,11.2,299.4,0.86,Cloudy,-0.5431052396834317,-0.8396646346181327,31.5,30.9,28.0,38.1,38.3,32.9,25.0,26.1,26.1,70.6,77.7,90.0,0.0,0.0,16.111,0.0,0.0,8.33,noprecip,noprecip,rain,23.8,29.5,27.0,13.0,14.4,13.5,297.2,275.2,301.7,999.4,998.5,999.2,63.1,52.4,90.3,9.8,9.7,9.6,285.7,256.9,52.6
2021-08-05,33.0,43.1,26.6,71.4,0.0,0.0,noprecip,27.4,16.6,306.6,998.1,50.7,9.2,291.5,0.89,Cloudy,-0.5574684374327892,-0.8301981337405212,32.8,31.5,30.9,41.9,38.1,38.3,26.3,25.0,26.1,71.0,70.6,77.7,0.0,0.0,0.0,0.0,0.0,0.0,noprecip,noprecip,noprecip,23.8,23.8,29.5,13.0,13.0,14.4,294.2,297.2,275.2,999.5,999.4,998.5,51.8,63.1,52.4,11.2,9.8,9.7,299.4,285.7,256.9
2021-08-06,33.9,42.4,25.3,64.2,0.0,0.0,noprecip,29.2,20.5,264.1,998.7,60.0,9.0,253.9,0.92,Cloudy,-0.5716666713027052,-0.8204859638785327,33.0,32.8,31.5,43.1,41.9,38.1,26.6,26.3,25.0,71.4,71.0,70.6,0.0,0.0,0.0,0.0,0.0,0.0,noprecip,noprecip,noprecip,27.4,23.8,23.8,16.6,13.0,13.0,306.6,294.2,297.2,998.1,999.5,999.4,50.7,51.8,63.1,9.2,11.2,9.8,291.5,299.4,285.7
2021-08-07,34.2,42.3,24.9,61.8,0.0,0.0,noprecip,26.3,14.8,240.4,999.9,68.7,10.7,259.1,0.96,Cloudy,-0.5856957398073508,-0.8105309990194823,33.9,33.0,32.8,42.4,43.1,41.9,25.3,26.6,26.3,64.2,71.4,71.0,0.0,0.0,0.0,0.0,0.0,0.0,noprecip,noprecip,noprecip,29.2,27.4,23.8,20.5,16.6,13.0,264.1,306.6,294.2,998.7,998.1,999.5,60.0,50.7,51.8,9.0,9.2,11.2,253.9,291.5,299.4
2021-08-08,30.6,41.4,27.9,86.0,6.2,8.33,rain,22.7,14.8,70.7,1001.3,68.8,10.2,250.8,0.0,Rain,-0.5995514915196489,-0.8003361849976323,34.2,33.9,33.0,42.3,42.4,43.1,24.9,25.3,26.6,61.8,64.2,71.4,0.0,0.0,0.0,0.0,0.0,0.0,noprecip,noprecip,noprecip,26.3,29.2,27.4,14.8,20.5,16.6,240.4,264.1,306.6,999.9,998.7,998.1,68.7,60.0,50.7,10.7,9.0,9.2,259.1,253.9,291.5
2021-08-09,30.1,40.0,27.6,86.6,9.1,12.5,rain,35.6,13.0,78.8,1001.7,76.5,8.6,160.5,0.02,Rain,-0.6132298262997502,-0.7899045386224707,30.6,34.2,33.9,41.4,42.3,42.4,27.9,24.9,25.3,86.0,61.8,64.2,6.2,0.0,0.0,8.33,0.0,0.0,rain,noprecip,noprecip,22.7,26.3,29.2,14.8,14.8,20.5,70.7,240.4,264.1,1001.3,999.9,998.7,68.8,68.7,60.0,10.2,10.7,9.0,250.8,259.1,253.9
2021-08-10,27.4,31.8,25.9,92.0,22.943,16.67,rain,31.0,24.1,132.9,1002.3,86.6,9.3,116.2,0.06,Rain,-0.6267266965083301,-0.7792391467859886,30.1,30.6,34.2,40.0,41.4,42.3,27.6,27.9,24.9,86.6,86.0,61.8,9.1,6.2,0.0,12.5,8.33,0.0,rain,rain,noprecip,35.6,22.7,26.3,13.0,14.8,14.8,78.8,70.7,240.4,1001.7,1001.3,999.9,76.5,68.8,68.7,8.6,10.2,10.7,160.5,250.8,259.1
2021-08-11,27.3,31.1,26.0,93.1,24.801,12.5,rain,25.6,20.5,109.7,1004.8,78.4,8.2,125.0,0.09,Rain,-0.6400381082043503,-0.7683431655492202,27.4,30.1,30.6,31.8,40.0,41.4,25.9,27.6,27.9,92.0,86.6,86.0,22.943,9.1,6.2,16.67,12.5,8.33,rain,rain,rain,31.0,35.6,22.7,24.1,13.0,14.8,132.9,78.8,70.7,1002.3,1001.7,1001.3,86.6,76.5,68.8,9.3,8.6,10.2,116.2,160.5,250.8
2021-08-12,27.3,30.9,25.8,91.8,49.472,8.33,rain,29.5,16.6,75.6,1006.0,77.9,8.4,206.9,0.13,Rain,-0.65316012232693,-0.7572198192083127,27.3,27.4,30.1,31.1,31.8,40.0,26.0,25.9,27.6,93.1,92.0,86.6,24.801,22.943,9.1,12.5,16.67,12.5,rain,rain,rain,25.6,31.0,35.6,20.5,24.1,13.0,109.7,132.9,78.8,1004.8,1002.3,1001.7,78.4,86.6,76.5,8.2,9.3,8.6,125.0,116.2,160.5
2021-08-13,29.8,35.6,25.9,81.1,0.989,4.17,rain,36.0,14.8,114.0,1002.1,80.7,9.8,214.4,0.17,Rain,-0.666088855860977,-0.7458723993404063,27.3,27.3,27.4,30.9,31.1,31.8,25.8,26.0,25.9,91.8,93.1,92.0,49.472,24.801,22.943,8.33,12.5,16.67,rain,rain,rain,29.5,25.6,31.0,16.6,20.5,24.1,75.6,109.7,132.9,1006.0,1004.8,1002.3,77.9,78.4,86.6,8.4,8.2,9.3,206.9,125.0,116.2
2021-08-14,30.0,36.7,25.8,80.6,0.002,8.33,rain,29.2,16.6,132.2,1000.9,70.5,9.0,185.5,0.2,Rain,-0.6788204829862355,-0.734304263829602,29.8,27.3,27.3,35.6,30.9,31.1,25.9,25.8,26.0,81.1,91.8,93.1,0.989,49.472,24.801,4.17,8.33,12.5,rain,rain,rain,36.0,29.5,25.6,14.8,16.6,20.5,114.0,75.6,109.7,1002.1,1006.0,1004.8,80.7,77.9,78.4,9.8,8.4,8.2,214.4,206.9,125.0
2021-08-15,28.3,34.4,26.9,92.5,0.099,4.17,rain,27.4,14.8,88.1,1005.3,78.4,9.7,195.1,0.25,Rain,-0.6913512362094071,-0.722518835873311,30.0,29.8,27.3,36.7,35.6,30.9,25.8,25.9,25.8,80.6,81.1,91.8,0.002,0.989,49.472,8.33,4.17,8.33,rain,rain,rain,29.2,36.0,29.5,16.6,14.8,16.6,132.2,114.0,75.6,1000.9,1002.1,1006.0,70.5,80.7,77.9,9.0,9.8,8.4,185.5,214.4,206.9
2021-08-16,30.2,37.6,26.3,81.2,3.6,37.5,rain,24.1,16.6,108.4,1008.7,49.5,10.8,222.0,0.27,Rain,-0.7036774074790128,-0.7105196029692745,28.3,30.0,29.8,34.4,36.7,35.6,26.9,25.8,25.9,92.5,80.6,81.1,0.099,0.002,0.989,4.17,8.33,4.17,rain,rain,rain,27.4,29.2,36.0,14.8,16.6,14.8,88.1,132.2,114.0,1005.3,1000.9,1002.1,78.4,70.5,80.7,9.7,9.0,9.8,195.1,185.5,214.4
2021-08-17,30.4,36.0,25.0,75.6,0.2,8.33,rain,42.5,24.1,240.8,1008.4,49.8,9.7,243.8,0.31,Rain,-0.7157953492826642,-0.6983101158835584,30.2,28.3,30.0,37.6,34.4,36.7,26.3,26.9,25.8,81.2,92.5,80.6,3.6,0.099,0.002,37.5,4.17,8.33,rain,rain,rain,24.1,27.4,29.2,16.6,14.8,16.6,108.4,88.1,132.2,1008.7,1005.3,1000.9,49.5,78.4,70.5,10.8,9.7,9.0,222.0,195.1,185.5
2021-08-18,29.2,33.6,25.0,80.4,0.395,4.17,rain,29.5,24.1,130.5,1006.3,66.2,10.8,261.4,0.35,Rain,-0.7277014757264236,-0.6858939875998223,30.4,30.2,28.3,36.0,37.6,34.4,25.0,26.3,26.9,75.6,81.2,92.5,0.2,3.6,0.099,8.33,37.5,4.17,rain,rain,rain,42.5,24.1,27.4,24.1,16.6,14.8,240.8,108.4,88.1,1008.4,1008.7,1005.3,49.8,49.5,78.4,9.7,10.8,9.7,243.8,222.0,195.1
2021-08-19,29.6,34.4,25.1,78.7,24.736,4.17,rain,27.7,16.6,115.2,1006.2,62.2,11.4,130.1,0.38,Rain,-0.7393922635959241,-0.673274892250183,29.2,30.4,30.2,33.6,36.0,37.6,25.0,25.0,26.3,80.4,75.6,81.2,0.395,0.2,3.6,4.17,8.33,37.5,rain,rain,rain,29.5,42.5,24.1,24.1,24.1,16.6,130.5,240.8,108.4,1006.3,1008.4,1008.7,66.2,49.8,49.5,10.8,9.7,10.8,261.4,243.8,222.0
2021-08-20,30.5,38.5,26.4,80.3,0.032,4.17,rain,25.9,16.6,132.8,1007.5,42.5,11.5,224.9,0.42,Rain,-0.7508642533989489,-0.6604565640279754,29.6,29.2,30.4,34.4,33.6,36.0,25.1,25.0,25.0,78.7,80.4,75.6,24.736,0.395,0.2,4.17,4.17,8.33,rain,rain,rain,27.7,29.5,42.5,16.6,24.1,24.1,115.2,130.5,240.8,1006.2,1006.3,1008.4,62.2,66.2,49.8,11.4,10.8,9.7,130.1,261.4,243.8
2021-08-21,31.3,40.0,26.6,78.3,0.0,0.0,noprecip,28.4,20.5,135.6,1006.4,51.9,10.0,262.4,0.45,Cloudy,-0.7621140503891487,-0.6474427960827475,30.5,29.6,29.2,38.5,34.4,33.6,26.4,25.1,25.0,80.3,78.7,80.4,0.032,24.736,0.395,4.17,4.17,4.17,rain,rain,rain,25.9,27.7,29.5,16.6,16.6,24.1,132.8,115.2,130.5,1007.5,1006.2,1006.3,42.5,62.2,66.2,11.5,11.4,10.8,224.9,130.1,261.4
2021-08-22,31.1,42.3,28.1,84.7,0.0,0.0,noprecip,31.0,22.3,120.4,1004.2,49.3,9.9,267.0,0.5,Cloudy,-0.7731383255706026,-0.6342374393978054,31.3,30.5,29.6,40.0,38.5,34.4,26.6,26.4,25.1,78.3,80.3,78.7,0.0,0.032,24.736,0.0,4.17,4.17,noprecip,rain,rain,28.4,25.9,27.7,20.5,16.6,16.6,135.6,132.8,115.2,1006.4,1007.5,1006.2,51.9,42.5,62.2,10.0,11.5,11.4,262.4,224.9,130.1
2021-08-23,28.9,37.1,27.2,90.6,3.2,20.83,rain,28.8,18.4,102.8,1003.2,75.4,10.4,260.2,0.52,Rain,-0.7839338166829201,-0.620844401650647,31.1,31.3,30.5,42.3,40.0,38.5,28.1,26.6,26.4,84.7,78.3,80.3,0.0,0.0,0.032,0.0,0.0,4.17,noprecip,noprecip,rain,31.0,28.4,25.9,22.3,20.5,16.6,120.4,135.6,132.8,1004.2,1006.4,1007.5,49.3,51.9,42.5,9.9,10.0,11.5,267.0,262.4,224.9
2021-08-24,30.4,39.9,27.5,85.2,5.7,33.33,rain,25.6,20.5,106.0,1003.6,69.8,10.7,205.4,0.55,Rain,-0.7944973291665992,-0.6072676460566135,28.9,31.1,31.3,37.1,42.3,40.0,27.2,28.1,26.6,90.6,84.7,78.3,3.2,0.0,0.0,20.83,0.0,0.0,rain,noprecip,noprecip,28.8,31.0,28.4,18.4,22.3,20.5,102.8,120.4,135.6,1003.2,1004.2,1006.4,75.4,49.3,51.9,10.4,9.9,10.0,260.2,267.0,262.4
2021-08-25,29.9,38.3,27.0,85.6,8.905,8.33,rain,26.3,22.3,114.6,1005.3,48.1,9.5,205.0,0.59,Rain,-0.8048257371083452,-0.593511190196115,30.4,28.9,31.1,39.9,37.1,42.3,27.5,27.2,28.1,85.2,90.6,84.7,5.7,3.2,0.0,33.33,20.83,0.0,rain,rain,noprecip,25.6,28.8,31.0,20.5,18.4,22.3,106.0,102.8,120.4,1003.6,1003.2,1004.2,69.8,75.4,49.3,10.7,10.4,9.9,205.4,260.2,267.0
2021-08-26,28.8,35.1,26.3,86.9,32.879,8.33,rain,26.3,16.6,92.9,1008.1,61.2,9.8,171.5,0.62,Rain,-0.8149159841660791,-0.5795791048257612,29.9,30.4,28.9,38.3,39.9,37.1,27.0,27.5,27.2,85.6,85.2,90.6,8.905,5.7,3.2,8.33,33.33,20.83,rain,rain,rain,26.3,25.6,28.8,22.3,20.5,18.4,114.6,106.0,102.8,1005.3,1003.6,1003.2,48.1,69.8,75.4,9.5,10.7,10.4,205.0,205.4,260.2
2021-08-27,27.8,32.3,25.8,89.7,76.303,12.5,rain,22.7,13.0,21.2,1009.5,72.3,11.0,139.2,0.65,Rain,-0.8247650844733614,-0.5654755126737576,28.8,29.9,30.4,35.1,38.3,39.9,26.3,27.0,27.5,86.9,85.6,85.2,32.879,8.905,5.7,8.33,8.33,33.33,rain,rain,rain,26.3,26.3,25.6,16.6,22.3,20.5,92.9,114.6,106.0,1008.1,1005.3,1003.6,61.2,48.1,69.8,9.8,9.5,10.7,171.5,205.0,205.4
2021-08-28,27.7,31.4,25.1,86.9,16.578,8.33,rain,22.7,22.3,114.8,1009.5,67.5,9.9,135.7,0.68,Rain,-0.8343701235229537,-0.5512045872199277,27.8,28.8,29.9,32.3,35.1,38.3,25.8,26.3,27.0,89.7,86.9,85.6,76.303,32.879,8.905,12.5,8.33,8.33,rain,rain,rain,22.7,26.3,26.3,13.0,16.6,22.3,21.2,92.9,114.6,1009.5,1008.1,1005.3,72.3,61.2,48.1,11.0,9.8,9.5,139.2,171.5,205.0
2021-08-29,28.4,31.3,24.1,79.5,0.002,4.17,rain,23.0,18.4,93.9,1009.7,46.6,9.8,246.4,0.72,Rain,-0.8437282590292712,-0.5367705514607103,27.7,27.8,28.8,31.4,32.3,35.1,25.1,25.8,26.3,86.9,89.7,86.9,16.578,76.303,32.879,8.33,12.5,8.33,rain,rain,rain,22.7,22.7,26.3,22.3,13.0,16.6,114.8,21.2,92.9,1009.5,1009.5,1008.1,67.5,72.3,61.2,9.9,11.0,9.8,135.7,139.2,171.5
2021-08-30,28.8,32.5,24.7,80.5,1.1,29.17,rain,22.3,16.6,106.7,1009.9,61.1,9.7,213.9,0.75,Rain,-0.8528367217694595,-0.522177676659508,28.4,27.7,27.8,31.3,31.4,32.3,24.1,25.1,25.8,79.5,86.9,89.7,0.002,16.578,76.303,4.17,8.33,12.5,rain,rain,rain,23.0,22.7,22.7,18.4,22.3,13.0,93.9,114.8,21.2,1009.7,1009.5,1009.5,46.6,67.5,72.3,9.8,9.9,11.0,246.4,135.7,139.2
2021-08-31,29.5,34.7,25.3,80.4,9.894,4.17,rain,21.6,16.6,111.5,1009.7,49.7,10.1,216.6,0.78,Rain,-0.8616928164028521,-0.5074302810827518,28.8,28.4,27.7,32.5,31.3,31.4,24.7,24.1,25.1,80.5,79.5,86.9,1.1,0.002,16.578,29.17,4.17,8.33,rain,rain,rain,22.3,23.0,22.7,16.6,18.4,22.3,106.7,93.9,114.8,1009.9,1009.7,1009.5,61.1,46.6,67.5,9.7,9.8,9.9,213.9,246.4,135.7
2021-09-01,29.8,35.3,25.1,77.9,18.799,4.17,rain,18.7,14.8,76.5,1008.5,34.8,10.2,232.9,0.81,Rain,-0.8702939222685674,-0.49253272872205434,29.5,28.8,28.4,34.7,32.5,31.3,25.3,24.7,24.1,80.4,80.5,79.5,9.894,1.1,0.002,4.17,29.17,4.17,rain,rain,rain,21.6,22.3,23.0,16.6,16.6,18.4,111.5,106.7,93.9,1009.7,1009.9,1009.7,49.7,61.1,46.6,10.1,9.7,9.8,216.6,213.9,246.4
2021-09-02,28.6,33.5,25.8,85.5,0.669,4.17,rain,23.0,13.0,117.5,1007.5,65.3,9.8,127.4,0.84,Rain,-0.8786374941610001,-0.4774894280028391,29.8,29.5,28.8,35.3,34.7,32.5,25.1,25.3,24.7,77.9,80.4,80.5,18.799,9.894,1.1,4.17,4.17,29.17,rain,rain,rain,18.7,21.6,22.3,14.8,16.6,16.6,76.5,111.5,106.7,1008.5,1009.7,1009.9,34.8,49.7,61.1,10.2,10.1,9.7,232.9,216.6,213.9
2021-09-03,29.7,35.5,25.5,80.1,1.979,4.17,rain,23.0,18.4,99.7,1005.4,53.2,9.2,218.8,0.88,Rain,-0.886721063082993,-0.46230483047981086,28.6,29.8,29.5,33.5,35.3,34.7,25.8,25.1,25.3,85.5,77.9,80.4,0.669,18.799,9.894,4.17,4.17,4.17,rain,rain,rain,23.0,18.7,21.6,13.0,14.8,16.6,117.5,76.5,111.5,1007.5,1008.5,1009.7,65.3,34.8,49.7,9.8,10.2,10.1,127.4,232.9,216.6
2021-09-04,29.9,36.2,25.7,79.7,9.203,8.33,rain,24.8,18.4,106.4,1005.4,51.6,9.8,174.6,0.91,Rain,-0.8945422369764496,-0.4469834295196741,29.7,28.6,29.8,35.5,33.5,35.3,25.5,25.8,25.1,80.1,85.5,77.9,1.979,0.669,18.799,4.17,4.17,4.17,rain,rain,rain,23.0,23.0,18.7,18.4,13.0,14.8,99.7,117.5,76.5,1005.4,1007.5,1008.5,53.2,65.3,34.8,9.2,9.8,10.2,218.8,127.4,232.9
2021-09-05,28.3,33.4,25.6,86.3,37.934,8.33,rain,23.8,13.0,104.7,1008.2,61.5,9.7,154.5,0.94,Rain,-0.9020987014301837,-0.43152975897147144,29.9,29.7,28.6,36.2,35.5,33.5,25.7,25.5,25.8,79.7,80.1,85.5,9.203,1.979,0.669,8.33,4.17,4.17,rain,rain,rain,24.8,23.0,23.0,18.4,18.4,13.0,106.4,99.7,117.5,1005.4,1005.4,1007.5,51.6,53.2,65.3,9.8,9.2,9.8,174.6,218.8,127.4
2021-09-06,29.2,33.3,24.6,78.5,0.003,4.17,rain,19.8,13.0,325.6,1010.3,49.7,9.5,211.0,0.97,Rain,-0.9093882203647925,-0.4159483918249421,28.3,29.9,29.7,33.4,36.2,35.5,25.6,25.7,25.5,86.3,79.7,80.1,37.934,9.203,1.979,8.33,8.33,4.17,rain,rain,rain,23.8,24.8,23.0,13.0,18.4,18.4,104.7,106.4,99.7,1008.2,1005.4,1005.4,61.5,51.6,53.2,9.7,9.8,9.2,154.5,174.6,218.8
2021-09-07,27.2,30.6,25.6,91.3,0.127,4.17,rain,32.8,18.4,288.2,1010.0,60.1,9.5,123.8,0.0,Rain,-0.9164086366943458,-0.4002439388573056,29.2,28.3,29.9,33.3,33.4,36.2,24.6,25.6,25.7,78.5,86.3,79.7,0.003,37.934,9.203,4.17,8.33,8.33,rain,rain,rain,19.8,23.8,24.8,13.0,13.0,18.4,325.6,104.7,106.4,1010.3,1008.2,1005.4,49.7,61.5,51.6,9.5,9.7,9.8,211.0,154.5,174.6
2021-09-08,27.3,30.3,25.3,89.2,13.341,12.5,rain,33.1,31.7,348.3,1008.6,62.9,9.1,107.6,0.04,Rain,-0.9231578729647039,-0.38442104726885545,27.2,29.2,28.3,30.6,33.3,33.4,25.6,24.6,25.6,91.3,78.5,86.3,0.127,0.003,37.934,4.17,4.17,8.33,rain,rain,rain,32.8,19.8,23.8,18.4,13.0,13.0,288.2,325.6,104.7,1010.0,1010.3,1008.2,60.1,49.7,61.5,9.5,9.5,9.7,123.8,211.0,154.5
2021-09-09,27.6,31.7,25.5,89.1,58.319,12.5,rain,27.0,16.6,258.4,1009.7,67.1,9.4,162.6,0.08,Rain,-0.9296339319682695,-0.3684843993077793,27.3,27.2,29.2,30.3,30.6,33.3,25.3,25.6,24.6,89.2,91.3,78.5,13.341,0.127,0.003,12.5,4.17,4.17,rain,rain,rain,33.1,32.8,19.8,31.7,18.4,13.0,348.3,288.2,325.6,1008.6,1010.0,1010.3,62.9,60.1,49.7,9.1,9.5,9.5,107.6,123.8,211.0
2021-09-10,29.2,33.4,24.7,79.5,0.0,0.0,noprecip,25.2,14.8,291.3,1008.7,47.1,9.2,264.8,0.11,Cloudy,-0.9358348973349941,-0.35243871088460327,27.6,27.3,27.2,31.7,30.3,30.6,25.5,25.3,25.6,89.1,89.2,91.3,58.319,13.341,0.127,12.5,12.5,4.17,rain,rain,rain,27.0,33.1,32.8,16.6,31.7,18.4,258.4,348.3,288.2,1009.7,1008.6,1010.0,67.1,62.9,60.1,9.4,9.1,9.5,162.6,107.6,123.8
2021-09-11,30.2,34.7,24.2,72.7,0.0,0.0,noprecip,21.2,16.4,274.6,1005.4,59.5,11.0,256.8,0.15,Cloudy,-0.9417589340994617,-0.33628873017668287,29.2,27.6,27.3,33.4,31.7,30.3,24.7,25.5,25.3,79.5,89.1,89.2,0.0,58.319,13.341,0.0,12.5,12.5,noprecip,rain,rain,25.2,27.0,33.1,14.8,16.6,31.7,291.3,258.4,348.3,1008.7,1009.7,1008.6,47.1,67.1,62.9,9.2,9.4,9.1,264.8,162.6,107.6
2021-09-12,31.2,37.8,25.3,73.6,0.0,0.0,noprecip,16.6,10.6,113.3,1002.5,23.0,10.6,268.5,0.19,Cloudy,-0.9474042892438845,-0.32003923622313857,30.2,29.2,27.6,34.7,33.4,31.7,24.2,24.7,25.5,72.7,79.5,89.1,0.0,0.0,58.319,0.0,0.0,12.5,noprecip,noprecip,rain,21.2,25.2,27.0,16.4,14.8,16.6,274.6,291.3,258.4,1005.4,1008.7,1009.7,59.5,47.1,67.1,11.0,9.2,9.4,256.8,264.8,162.6
2021-09-13,28.9,35.5,26.5,87.5,0.102,8.33,rain,25.9,24.1,18.9,1005.7,39.9,8.2,154.8,0.22,Rain,-0.9527692922168511,-0.30369503751065885,31.2,30.2,29.2,37.8,34.7,33.4,25.3,24.2,24.7,73.6,72.7,79.5,0.0,0.0,0.0,0.0,0.0,0.0,noprecip,noprecip,noprecip,16.6,21.2,25.2,10.6,16.4,14.8,113.3,274.6,291.3,1002.5,1005.4,1008.7,23.0,59.5,47.1,10.6,11.0,9.2,268.5,256.8,264.8
2021-09-14,26.2,26.9,25.2,94.1,12.165,8.33,rain,21.6,13.0,339.9,1010.0,73.3,8.7,86.8,0.25,Rain,-0.9578523554276669,-0.28726097055059635,28.9,31.2,30.2,35.5,37.8,34.7,26.5,25.3,24.2,87.5,73.6,72.7,0.102,0.0,0.0,8.33,0.0,0.0,rain,noprecip,noprecip,25.9,16.6,21.2,24.1,10.6,16.4,18.9,113.3,274.6,1005.7,1002.5,1005.4,39.9,23.0,59.5,8.2,10.6,11.0,154.8,268.5,256.8
2021-09-15,26.5,28.7,25.5,94.5,30.895,8.33,rain,24.1,11.2,348.2,1011.5,81.0,8.8,94.4,0.29,Rain,-0.9626519747161487,-0.2707418984477642,26.2,28.9,31.2,26.9,35.5,37.8,25.2,26.5,25.3,94.1,87.5,73.6,12.165,0.102,0.0,8.33,8.33,0.0,rain,rain,noprecip,21.6,25.9,16.6,13.0,24.1,10.6,339.9,18.9,113.3,1010.0,1005.7,1002.5,73.3,39.9,23.0,8.7,8.2,10.6,86.8,154.8,268.5
2021-09-16,27.8,32.1,26.0,90.5,5.328,8.33,rain,25.6,16.6,100.8,1010.2,77.3,9.3,157.4,0.33,Rain,-0.9671667297977312,-0.2541427094613622,26.5,26.2,28.9,28.7,26.9,35.5,25.5,25.2,26.5,94.5,94.1,87.5,30.895,12.165,0.102,8.33,8.33,8.33,rain,rain,rain,24.1,21.6,25.9,11.2,13.0,24.1,348.2,339.9,18.9,1011.5,1010.0,1005.7,81.0,73.3,39.9,8.8,8.7,8.2,94.4,86.8,154.8
2021-09-17,27.7,32.1,25.9,90.8,0.169,8.33,rain,23.0,16.6,103.8,1008.8,71.3,9.1,169.4,0.36,Rain,-0.97139528468375,-0.23746831555846842,27.8,26.5,26.2,32.1,28.7,26.9,26.0,25.5,25.2,90.5,94.5,94.1,5.328,30.895,12.165,8.33,8.33,8.33,rain,rain,rain,25.6,24.1,21.6,16.6,11.2,13.0,100.8,348.2,339.9,1010.2,1011.5,1010.0,77.3,81.0,73.3,9.3,8.8,8.7,157.4,94.4,86.8
2021-09-18,28.9,33.2,24.9,81.1,2.968,4.17,rain,28.4,16.6,130.4,1009.1,60.2,9.4,209.0,0.4,Rain,-0.9753363880767837,-0.2207236509605022,27.7,27.8,26.5,32.1,32.1,28.7,25.9,26.0,25.5,90.8,90.5,94.5,0.169,5.328,30.895,8.33,8.33,8.33,rain,rain,rain,23.0,25.6,24.1,16.6,16.6,11.2,103.8,100.8,348.2,1008.8,1010.2,1011.5,71.3,77.3,81.0,9.1,9.3,8.8,169.4,157.4,94.4
2021-09-19,30.0,35.1,24.8,76.3,0.0,0.0,noprecip,27.4,18.4,125.8,1009.3,36.2,10.1,238.6,0.44,Cloudy,-0.9789888737409319,-0.20391367068311472,28.9,27.7,27.8,33.2,32.1,32.1,24.9,25.9,26.0,81.1,90.8,90.5,2.968,0.169,5.328,4.17,8.33,8.33,rain,rain,rain,28.4,23.0,25.6,16.6,16.6,16.6,130.4,103.8,100.8,1009.1,1008.8,1010.2,60.2,71.3,77.3,9.4,9.1,9.3,209.0,169.4,157.4
2021-09-20,28.6,33.0,25.1,83.0,0.063,4.17,rain,19.4,18.4,344.8,1009.9,49.2,8.9,198.4,0.47,Rain,-0.9823516608469237,-0.18704334906991657,30.0,28.9,27.7,35.1,33.2,32.1,24.8,24.9,25.9,76.3,81.1,90.8,0.0,2.968,0.169,0.0,4.17,8.33,noprecip,rain,rain,27.4,28.4,23.0,18.4,16.6,16.6,125.8,130.4,103.8,1009.3,1009.1,1008.8,36.2,60.2,71.3,10.1,9.4,9.1,238.6,209.0,169.4
2021-09-21,29.1,31.8,23.1,72.8,0.265,8.33,rain,19.4,9.6,81.1,1009.3,48.5,9.7,240.1,0.5,Rain,-0.9854237542919524,-0.17011767832049052,28.6,30.0,28.9,33.0,35.1,33.2,25.1,24.8,24.9,83.0,76.3,81.1,0.063,0.0,2.968,4.17,0.0,4.17,rain,noprecip,rain,19.4,27.4,28.4,18.4,18.4,16.6,344.8,125.8,130.4,1009.9,1009.3,1009.1,49.2,36.2,60.2,8.9,10.1,9.4,198.4,238.6,209.0
2021-09-22,27.8,32.0,25.7,88.6,2.001,8.33,rain,25.6,14.8,83.8,1009.1,56.9,9.3,152.8,0.54,Rain,-0.9882042449941422,-0.15314166701312007,29.1,28.6,30.0,31.8,33.0,35.1,23.1,25.1,24.8,72.8,83.0,76.3,0.265,0.063,0.0,8.33,4.17,0.0,rain,rain,noprecip,19.4,19.4,27.4,9.6,18.4,18.4,81.1,344.8,125.8,1009.3,1009.9,1009.3,48.5,49.2,36.2,9.7,8.9,10.1,240.1,198.4,238.6
2021-09-23,27.9,30.8,25.1,86.0,0.388,8.33,rain,23.8,20.5,338.2,1011.1,62.7,9.7,142.7,0.57,Rain,-0.9906923101615609,-0.13612033862266704,27.8,29.1,28.6,32.0,31.8,33.0,25.7,23.1,25.1,88.6,72.8,83.0,2.001,0.265,0.063,8.33,8.33,4.17,rain,rain,rain,25.6,19.4,19.4,14.8,9.6,18.4,83.8,81.1,344.8,1009.1,1009.3,1009.9,56.9,48.5,49.2,9.3,9.7,8.9,152.8,240.1,198.4
2021-09-24,26.3,28.0,25.5,95.5,17.363,12.5,rain,26.3,9.4,8.2,1011.5,63.5,8.9,75.4,0.6,Rain,-0.9928872135356962,-0.11905873003404988,27.9,27.8,29.1,30.8,32.0,31.8,25.1,25.7,23.1,86.0,88.6,72.8,0.388,2.001,0.265,8.33,8.33,8.33,rain,rain,rain,23.8,25.6,19.4,20.5,14.8,9.6,338.2,83.8,81.1,1011.1,1009.1,1009.3,62.7,56.9,48.5,9.7,9.3,9.7,142.7,152.8,240.1
2021-09-25,26.0,27.8,24.8,93.8,89.029,16.67,rain,46.4,27.7,0.7,1011.3,84.0,8.7,95.9,0.64,Rain,-0.994788305609327,-0.10196189005174576,26.3,27.9,27.8,28.0,30.8,32.0,25.5,25.1,25.7,95.5,86.0,88.6,17.363,0.388,2.001,12.5,8.33,8.33,rain,rain,rain,26.3,23.8,25.6,9.4,20.5,14.8,8.2,338.2,83.8,1011.5,1011.1,1009.1,63.5,62.7,56.9,8.9,9.7,9.3,75.4,142.7,152.8
2021-09-26,26.2,28.3,25.2,94.4,34.873,16.67,rain,35.3,14.8,270.1,1011.7,65.9,9.7,115.1,0.67,Rain,-0.9963950238187231,-0.08483487790576538,26.0,26.3,27.9,27.8,28.0,30.8,24.8,25.5,25.1,93.8,95.5,86.0,89.029,17.363,0.388,16.67,12.5,8.33,rain,rain,rain,46.4,26.3,23.8,27.7,9.4,20.5,0.7,8.2,338.2,1011.3,1011.5,1011.1,84.0,63.5,62.7,8.7,8.9,9.7,95.9,75.4,142.7
2021-09-27,27.4,30.3,24.2,84.6,5.454,12.5,rain,25.2,9.4,289.0,1011.2,58.5,9.7,147.8,0.7,Rain,-0.9977068927101168,-0.06768276175455162,26.2,26.0,26.3,28.3,27.8,28.0,25.2,24.8,25.5,94.4,93.8,95.5,34.873,89.029,17.363,16.67,16.67,12.5,rain,rain,rain,35.3,46.4,26.3,14.8,27.7,9.4,270.1,0.7,8.2,1011.7,1011.3,1011.5,65.9,84.0,63.5,9.7,8.7,8.9,115.1,95.9,75.4
2021-09-28,29.0,31.9,23.6,75.8,0.0,0.0,noprecip,17.6,14.8,186.4,1009.7,22.0,10.1,234.3,0.73,Cloudy,-0.9987235240803972,-0.050510617185222886,27.4,26.2,26.0,30.3,28.3,27.8,24.2,25.2,24.8,84.6,94.4,93.8,5.454,34.873,89.029,12.5,16.67,16.67,rain,rain,rain,25.2,35.3,46.4,9.4,14.8,27.7,289.0,270.1,0.7,1011.2,1011.7,1011.3,58.5,65.9,84.0,9.7,9.7,8.7,147.8,115.1,95.9
2021-09-29,29.3,33.0,24.4,77.4,0.0,0.0,noprecip,15.1,14.8,109.2,1008.3,28.2,8.5,244.3,0.75,Cloudy,-0.9994446170919858,-0.033323525711631344,29.0,27.4,26.2,31.9,30.3,28.3,23.6,24.2,25.2,75.8,84.6,94.4,0.0,5.454,34.873,0.0,12.5,16.67,noprecip,rain,rain,17.6,25.2,35.3,14.8,9.4,14.8,186.4,289.0,270.1,1009.7,1011.2,1011.7,22.0,58.5,65.9,10.1,9.7,9.7,234.3,147.8,115.1
2021-09-30,29.8,34.5,24.6,76.2,0.1,4.17,rain,20.5,14.8,111.4,1008.3,21.1,8.5,238.1,0.8,Rain,-0.9998699583618592,-0.016126573270657762,29.3,29.0,27.4,33.0,31.9,30.3,24.4,23.6,24.2,77.4,75.8,84.6,0.0,0.0,5.454,0.0,0.0,12.5,noprecip,noprecip,rain,15.1,17.6,25.2,14.8,14.8,9.4,109.2,186.4,289.0,1008.3,1009.7,1011.2,28.2,22.0,58.5,8.5,10.1,9.7,244.3,234.3,147.8
2021-10-01,29.7,35.0,25.2,78.5,0.6,8.33,rain,19.4,14.8,113.9,1008.4,34.3,8.9,204.4,0.83,Rain,-0.9999994220246925,0.001075151282798226,29.8,29.3,29.0,34.5,33.0,31.9,24.6,24.4,23.6,76.2,77.4,75.8,0.1,0.0,0.0,4.17,0.0,0.0,rain,noprecip,noprecip,20.5,15.1,17.6,14.8,14.8,14.8,111.4,109.2,186.4,1008.3,1008.3,1009.7,21.1,28.2,22.0,8.5,8.5,10.1,238.1,244.3,234.3
2021-10-02,26.6,28.7,25.5,94.1,7.9,41.67,rain,31.7,14.8,354.5,1009.5,47.1,7.9,125.7,0.86,Rain,-0.999832969770105,0.018276557681691223,29.7,29.8,29.3,35.0,34.5,33.0,25.2,24.6,24.4,78.5,76.2,77.4,0.6,0.1,0.0,8.33,4.17,0.0,rain,rain,noprecip,19.4,20.5,15.1,14.8,14.8,14.8,113.9,111.4,109.2,1008.4,1008.3,1008.3,34.3,21.1,28.2,8.9,8.5,8.5,204.4,238.1,244.3
2021-10-03,28.3,32.2,25.0,84.6,0.1,4.17,rain,23.8,14.8,112.0,1010.1,24.7,7.3,227.6,0.89,Rain,-0.9993706508539969,0.03547255575312556,26.6,29.7,29.8,28.7,35.0,34.5,25.5,25.2,24.6,94.1,78.5,76.2,7.9,0.6,0.1,41.67,8.33,4.17,rain,rain,rain,31.7,19.4,20.5,14.8,14.8,14.8,354.5,113.9,111.4,1009.5,1008.4,1008.3,47.1,34.3,21.1,7.9,8.9,8.5,125.7,204.4,238.1
2021-10-04,27.4,30.0,25.4,89.4,8.013,12.5,rain,22.0,24.1,321.8,1011.1,40.3,9.0,221.2,0.93,Rain,-0.9986126020839734,0.052658056924614005,28.3,26.6,29.7,32.2,28.7,35.0,25.0,25.5,25.2,84.6,94.1,78.5,0.1,7.9,0.6,4.17,41.67,8.33,rain,rain,rain,23.8,31.7,19.4,14.8,14.8,14.8,112.0,354.5,113.9,1010.1,1009.5,1008.4,24.7,47.1,34.3,7.3,7.9,8.9,227.6,125.7,204.4
2021-10-05,28.8,31.8,23.8,77.0,0.246,16.67,rain,28.1,14.8,86.5,1010.8,66.1,10.1,146.9,0.96,Rain,-0.9975590477788613,0.06982797572987089,27.4,28.3,26.6,30.0,32.2,28.7,25.4,25.0,25.5,89.4,84.6,94.1,8.013,0.1,7.9,12.5,4.17,41.67,rain,rain,rain,22.0,23.8,31.7,24.1,14.8,14.8,321.8,112.0,354.5,1011.1,1010.1,1009.5,40.3,24.7,47.1,9.0,7.3,7.9,221.2,227.6,125.7
2021-10-06,29.3,33.2,24.4,77.7,0.105,8.33,rain,26.6,9.7,315.7,1007.8,34.6,8.9,224.6,0.0,Rain,-0.9962102997023297,0.0869772313136861,28.8,27.4,28.3,31.8,30.0,32.2,23.8,25.4,25.0,77.0,89.4,84.6,0.246,8.013,0.1,16.67,12.5,4.17,rain,rain,rain,28.1,22.0,23.8,14.8,24.1,14.8,86.5,321.8,112.0,1010.8,1011.1,1010.1,66.1,40.3,24.7,10.1,9.0,7.3,146.9,221.2,227.6
2021-10-07,29.6,33.3,24.3,76.6,0.2,8.33,rain,29.9,13.0,324.4,1005.2,25.0,9.5,219.6,0.03,Rain,-0.9945667569706337,0.1041007489354256,29.3,28.8,27.4,33.2,31.8,30.0,24.4,23.8,25.4,77.7,77.0,89.4,0.105,0.246,8.013,8.33,16.67,12.5,rain,rain,rain,26.6,28.1,22.0,9.7,14.8,24.1,315.7,86.5,321.8,1007.8,1010.8,1011.1,34.6,66.1,40.3,8.9,10.1,9.0,224.6,146.9,221.2
2021-10-08,30.2,32.6,21.1,60.7,0.0,0.0,noprecip,34.6,20.5,346.8,1004.2,60.0,10.2,192.5,0.06,Cloudy,-0.9926289059345095,0.121193461470736,29.6,29.3,28.8,33.3,33.2,31.8,24.3,24.4,23.8,76.6,77.7,77.0,0.2,0.105,0.246,8.33,8.33,16.67,rain,rain,rain,29.9,26.6,28.1,13.0,9.7,14.8,324.4,315.7,86.5,1005.2,1007.8,1010.8,25.0,34.6,66.1,9.5,8.9,10.1,219.6,224.6,146.9
2021-10-09,26.5,27.3,21.9,78.2,9.158,12.5,rain,34.2,14.8,340.1,1004.2,63.5,9.6,45.5,0.1,Rain,-0.9903973200352558,0.1382503109109819,30.2,29.6,29.3,32.6,33.3,33.2,21.1,24.3,24.4,60.7,76.6,77.7,0.0,0.2,0.105,0.0,8.33,8.33,noprecip,rain,rain,34.6,29.9,26.6,20.5,13.0,9.7,346.8,324.4,315.7,1004.2,1005.2,1007.8,60.0,25.0,34.6,10.2,9.5,8.9,192.5,219.6,224.6
2021-10-10,23.9,23.9,23.7,98.6,86.441,25.0,rain,50.4,20.5,318.6,1002.9,97.5,7.9,21.8,0.13,Rain,-0.9878726596350429,0.15526624985999563,26.5,30.2,29.6,27.3,32.6,33.3,21.9,21.1,24.3,78.2,60.7,76.6,9.158,0.0,0.2,12.5,0.0,8.33,rain,noprecip,rain,34.2,34.6,29.9,14.8,20.5,13.0,340.1,346.8,324.4,1004.2,1004.2,1005.2,63.5,60.0,25.0,9.6,10.2,9.5,45.5,192.5,219.6
2021-10-11,23.5,23.5,22.8,96.1,103.283,16.67,rain,42.5,22.3,15.1,1008.0,93.3,7.9,24.5,0.17,Rain,-0.9850556718215013,0.172236243027682,23.9,26.5,30.2,23.9,27.3,32.6,23.7,21.9,21.1,98.6,78.2,60.7,86.441,9.158,0.0,25.0,12.5,0.0,rain,rain,noprecip,50.4,34.2,34.6,20.5,14.8,20.5,318.6,340.1,346.8,1002.9,1004.2,1004.2,97.5,63.5,60.0,7.9,9.6,10.2,21.8,45.5,192.5
2021-10-12,25.1,25.2,17.9,66.1,0.0,0.0,noprecip,42.8,20.8,1.7,1009.4,45.4,11.6,219.2,0.2,Cloudy,-0.981947190186646,0.18915526872004093,23.5,23.9,26.5,23.5,23.9,27.3,22.8,23.7,21.9,96.1,98.6,78.2,103.283,86.441,9.158,16.67,25.0,12.5,rain,rain,rain,42.5,50.4,34.2,22.3,20.5,14.8,15.1,318.6,340.1,1008.0,1002.9,1004.2,93.3,97.5,63.5,7.9,7.9,9.6,24.5,21.8,45.5
2021-10-13,24.3,24.3,19.2,74.6,5.116,8.33,rain,67.3,18.4,340.7,1005.9,96.9,9.8,94.4,0.25,Rain,-0.9785481345802031,0.20601832032517084,25.1,23.5,23.9,25.2,23.5,23.9,17.9,22.8,23.7,66.1,96.1,98.6,0.0,103.283,86.441,0.0,16.67,25.0,noprecip,rain,rain,42.8,42.5,50.4,20.8,22.3,20.5,1.7,15.1,318.6,1009.4,1008.0,1002.9,45.4,93.3,97.5,11.6,7.9,7.9,219.2,24.5,21.8
2021-10-14,22.8,22.8,21.0,90.1,13.095,25.0,rain,67.3,24.1,6.8,1006.0,92.5,9.8,28.6,0.27,Rain,-0.9748595108374125,0.22282040779479959,24.3,25.1,23.5,24.3,25.2,23.5,19.2,17.9,22.8,74.6,66.1,96.1,5.116,0.0,103.283,8.33,0.0,16.67,rain,noprecip,rain,67.3,42.8,42.5,18.4,20.8,22.3,340.7,1.7,15.1,1005.9,1009.4,1008.0,96.9,45.4,93.3,9.8,11.6,7.9,94.4,219.2,24.5
2021-10-15,21.4,21.4,21.2,98.8,33.254,16.67,rain,36.7,14.8,333.0,1011.1,99.5,8.2,28.7,0.31,Rain,-0.9708824104813836,0.23955655912092708,22.8,24.3,25.1,22.8,24.3,25.2,21.0,19.2,17.9,90.1,74.6,66.1,13.095,5.116,0.0,25.0,8.33,0.0,rain,rain,noprecip,67.3,67.3,42.8,24.1,18.4,20.8,6.8,340.7,1.7,1006.0,1005.9,1009.4,92.5,96.9,45.4,9.8,9.8,11.6,28.6,94.4,219.2
2021-10-16,21.4,21.4,20.1,92.8,51.516,16.67,rain,36.4,20.5,347.0,1016.5,96.9,9.4,30.4,0.34,Rain,-0.9666180104000972,0.2562218218071163,21.4,22.8,24.3,21.4,22.8,24.3,21.2,21.0,19.2,98.8,90.1,74.6,33.254,13.095,5.116,16.67,25.0,8.33,rain,rain,rain,36.7,67.3,67.3,14.8,24.1,18.4,333.0,6.8,340.7,1011.1,1006.0,1005.9,99.5,92.5,96.9,8.2,9.8,9.8,28.7,28.6,94.4
2021-10-17,21.2,21.2,15.8,71.9,3.074,8.33,rain,44.6,22.3,1.5,1019.9,74.2,10.0,131.3,0.38,Rain,-0.9620675724981452,0.27281126433401914,21.4,21.4,22.8,21.4,21.4,22.8,20.1,21.2,21.0,92.8,98.8,90.1,51.516,33.254,13.095,16.67,16.67,25.0,rain,rain,rain,36.4,36.7,67.3,20.5,14.8,24.1,347.0,333.0,6.8,1016.5,1011.1,1006.0,96.9,99.5,92.5,9.4,8.2,9.8,30.4,28.7,28.6
2021-10-18,19.2,19.2,18.4,95.3,14.862,12.5,rain,26.6,11.2,336.9,1018.9,99.2,7.8,27.7,0.41,Rain,-0.957232443323312,0.28931997761869527,21.2,21.4,21.4,21.2,21.4,21.4,15.8,20.1,21.2,71.9,92.8,98.8,3.074,51.516,33.254,8.33,16.67,16.67,rain,rain,rain,44.6,36.4,36.7,22.3,20.5,14.8,1.5,347.0,333.0,1019.9,1016.5,1011.1,74.2,96.9,99.5,10.0,9.4,8.2,131.3,30.4,28.7
2021-10-19,22.0,22.0,21.2,95.7,2.99,8.33,rain,31.0,9.4,51.7,1017.4,97.7,8.9,77.0,0.45,Rain,-0.9521140536681102,0.3057430764672831,19.2,21.2,21.4,19.2,21.2,21.4,18.4,15.8,20.1,95.3,71.9,92.8,14.862,3.074,51.516,12.5,8.33,16.67,rain,rain,rain,26.6,44.6,36.4,11.2,22.3,20.5,336.9,1.5,347.0,1018.9,1019.9,1016.5,99.2,74.2,96.9,7.8,10.0,9.4,27.7,131.3,30.4
2021-10-20,26.2,28.6,23.9,88.1,0.0,0.0,noprecip,29.2,16.6,119.3,1013.8,72.0,8.1,187.6,0.5,Cloudy,-0.9467139181463862,0.3220757010206104,22.0,19.2,21.2,22.0,19.2,21.2,21.2,18.4,15.8,95.7,95.3,71.9,2.99,14.862,3.074,8.33,12.5,8.33,rain,rain,rain,31.0,26.6,44.6,9.4,11.2,22.3,51.7,336.9,1.5,1017.4,1018.9,1019.9,97.7,99.2,74.2,8.9,7.8,10.0,77.0,27.7,131.3
2021-10-21,22.7,22.7,20.5,88.3,12.0,25.0,rain,55.4,33.5,37.2,1015.2,92.6,8.4,88.8,0.52,Rain,-0.9410336347451197,0.3383130181923076,26.2,22.0,19.2,28.6,22.0,19.2,23.9,21.2,18.4,88.1,95.7,95.3,0.0,2.99,14.862,0.0,8.33,12.5,noprecip,rain,rain,29.2,31.0,26.6,16.6,9.4,11.2,119.3,51.7,336.9,1013.8,1017.4,1018.9,72.0,97.7,99.2,8.1,8.9,7.8,187.6,77.0,27.7
2021-10-22,20.1,20.1,14.4,70.8,0.004,4.17,rain,32.4,18.4,22.5,1020.8,93.7,10.4,62.2,0.55,Rain,-0.9350748843515574,0.3544502230989869,22.7,26.2,22.0,22.7,28.6,22.0,20.5,23.9,21.2,88.3,88.1,95.7,12.0,0.0,2.99,25.0,0.0,8.33,rain,noprecip,rain,55.4,29.2,31.0,33.5,16.6,9.4,37.2,119.3,51.7,1015.2,1013.8,1017.4,92.6,72.0,97.7,8.4,8.1,8.9,88.8,187.6,77.0
2021-10-23,21.0,21.0,13.7,65.0,0.0,0.0,noprecip,26.6,14.8,1.0,1021.4,60.9,11.2,145.4,0.58,Cloudy,-0.9288394302558068,0.3704825404820963,20.1,22.7,26.2,20.1,22.7,28.6,14.4,20.5,23.9,70.8,88.3,88.1,0.004,12.0,0.0,4.17,25.0,0.0,rain,rain,noprecip,32.4,55.4,29.2,18.4,33.5,16.6,22.5,37.2,119.3,1020.8,1015.2,1013.8,93.7,92.6,72.0,10.4,8.4,8.1,62.2,88.8,187.6
2021-10-24,21.6,21.6,15.1,68.9,0.0,0.0,noprecip,29.9,13.0,338.3,1020.3,31.3,9.6,193.7,0.62,Cloudy,-0.9223291176290545,0.3864052261209853,21.0,20.1,22.7,21.0,20.1,22.7,13.7,14.4,20.5,65.0,70.8,88.3,0.0,0.004,12.0,0.0,4.17,25.0,noprecip,rain,rain,26.6,32.4,55.4,14.8,18.4,33.5,1.0,22.5,37.2,1021.4,1020.8,1015.2,60.9,93.7,92.6,11.2,10.4,8.4,145.4,62.2,88.8
2021-10-25,22.3,22.3,16.5,74.0,0.0,0.0,noprecip,23.0,16.6,6.3,1017.2,9.3,9.9,222.8,0.65,Clear,-0.9155458729775467,0.40221356823680365,21.6,21.0,20.1,21.6,21.0,20.1,15.1,13.7,14.4,68.9,65.0,70.8,0.0,0.0,0.004,0.0,0.0,4.17,noprecip,noprecip,rain,29.9,26.6,32.4,13.0,14.8,18.4,338.3,1.0,22.5,1020.3,1021.4,1020.8,31.3,60.9,93.7,9.6,11.2,10.4,193.7,145.4,62.2
2021-10-26,23.1,23.2,18.1,77.0,0.0,0.0,noprecip,16.6,11.2,59.0,1015.7,17.4,6.8,163.1,0.68,Clear,-0.9084917035725082,0.41790288888678667,22.3,21.6,21.0,22.3,21.6,21.0,16.5,15.1,13.7,74.0,68.9,65.0,0.0,0.0,0.0,0.0,0.0,0.0,noprecip,noprecip,noprecip,23.0,29.9,26.6,16.6,13.0,14.8,6.3,338.3,1.0,1017.2,1020.3,1021.4,9.3,31.3,60.9,9.9,9.6,11.2,222.8,193.7,145.4
2021-10-27,24.8,24.8,18.3,71.1,0.0,0.0,noprecip,26.3,13.0,10.4,1016.4,24.3,7.4,203.1,0.72,Cloudy,-0.9011686968561569,0.4334685453485363,23.1,22.3,21.6,23.2,22.3,21.6,18.1,16.5,15.1,77.0,74.0,68.9,0.0,0.0,0.0,0.0,0.0,0.0,noprecip,noprecip,noprecip,16.6,23.0,29.9,11.2,16.6,13.0,59.0,6.3,338.3,1015.7,1017.2,1020.3,17.4,9.3,31.3,6.8,9.9,9.6,163.1,222.8,193.7
2021-10-28,22.7,22.7,19.6,84.5,40.62,12.5,rain,23.0,13.0,346.5,1017.3,84.7,6.6,31.0,0.75,Rain,-0.8935790198239952,0.4489059314938798,24.8,23.1,22.3,24.8,23.2,22.3,18.3,18.1,16.5,71.1,77.0,74.0,0.0,0.0,0.0,0.0,0.0,0.0,noprecip,noprecip,noprecip,26.3,16.6,23.0,13.0,11.2,16.6,10.4,59.0,6.3,1016.4,1015.7,1017.2,24.3,17.4,9.3,7.4,6.8,9.9,203.1,163.1,222.8
2021-10-29,21.6,21.6,21.4,98.7,18.031,16.67,rain,29.5,9.4,342.8,1017.7,96.5,7.5,43.9,0.75,Rain,-0.8857249183835637,0.4642104791518923,22.7,24.8,23.1,22.7,24.8,23.2,19.6,18.3,18.1,84.5,71.1,77.0,40.62,0.0,0.0,12.5,0.0,0.0,rain,noprecip,noprecip,23.0,26.3,16.6,13.0,13.0,11.2,346.5,10.4,59.0,1017.3,1016.4,1015.7,84.7,24.3,17.4,6.6,7.4,6.8,31.0,203.1,163.1
2021-10-30,20.1,20.1,19.8,98.0,34.654,12.5,rain,21.2,18.4,359.3,1018.7,100.0,8.6,21.0,0.81,Rain,-0.8776087166898392,0.4793776594606945,21.6,22.7,24.8,21.6,22.7,24.8,21.4,19.6,18.3,98.7,84.5,71.1,18.031,40.62,0.0,16.67,12.5,0.0,rain,rain,noprecip,29.5,23.0,26.3,9.4,13.0,13.0,342.8,346.5,10.4,1017.7,1017.3,1016.4,96.5,84.7,24.3,7.5,6.6,7.4,43.9,31.0,203.1
2021-10-31,20.7,20.7,20.3,97.7,1.0,12.5,rain,20.2,9.4,3.4,1017.6,95.9,9.2,34.6,0.85,Rain,-0.8692328164574792,0.49440298420761813,20.1,21.6,22.7,20.1,21.6,22.7,19.8,21.4,19.6,98.0,98.7,84.5,34.654,18.031,40.62,12.5,16.67,12.5,rain,rain,rain,21.2,29.5,23.0,18.4,9.4,13.0,359.3,342.8,346.5,1018.7,1017.7,1017.3,100.0,96.5,84.7,8.6,7.5,6.6,21.0,43.9,31.0
2021-11-01,21.2,21.2,20.8,97.6,4.968,12.5,rain,20.5,13.0,8.3,1017.5,93.4,8.9,29.8,0.88,Rain,-0.8605996962501181,0.5092820071573356,20.7,20.1,21.6,20.7,20.1,21.6,20.3,19.8,21.4,97.7,98.0,98.7,1.0,34.654,18.031,12.5,12.5,16.67,rain,rain,rain,20.2,21.2,29.5,9.4,18.4,9.4,3.4,359.3,342.8,1017.6,1018.7,1017.7,95.9,100.0,96.5,9.2,8.6,7.5,34.6,21.0,43.9
2021-11-02,21.8,21.8,21.4,97.7,3.958,8.33,rain,27.7,13.0,7.1,1017.3,98.1,8.4,40.8,0.91,Rain,-0.8517119107469189,0.5240103253675756,21.2,20.7,20.1,21.2,20.7,20.1,20.8,20.3,19.8,97.6,97.7,98.0,4.968,1.0,34.654,12.5,12.5,12.5,rain,rain,rain,20.5,20.2,21.2,13.0,9.4,18.4,8.3,3.4,359.3,1017.5,1017.6,1018.7,93.4,95.9,100.0,8.9,9.2,8.6,29.8,34.6,21.0
2021-11-03,23.4,23.8,22.0,92.1,0.099,4.17,rain,15.1,13.0,54.2,1015.4,77.5,9.0,96.9,0.95,Rain,-0.8425720899866032,0.5385835804920232,21.8,21.2,20.7,21.8,21.2,20.7,21.4,20.8,20.3,97.7,97.6,97.7,3.958,4.968,1.0,8.33,12.5,12.5,rain,rain,rain,27.7,20.5,20.2,13.0,13.0,9.4,7.1,8.3,3.4,1017.3,1017.5,1017.6,98.1,93.4,95.9,8.4,8.9,9.2,40.8,29.8,34.6
2021-11-04,26.3,27.6,22.5,81.7,0.0,0.0,noprecip,27.0,18.4,128.3,1012.5,42.6,9.4,138.9,0.98,Cloudy,-0.8331829385891785,0.5529974600700271,23.4,21.8,21.2,23.8,21.8,21.2,22.0,21.4,20.8,92.1,97.7,97.6,0.099,3.958,4.968,4.17,8.33,12.5,rain,rain,rain,15.1,27.7,20.5,13.0,13.0,13.0,54.2,7.1,8.3,1015.4,1017.3,1017.5,77.5,98.1,93.4,9.0,8.4,8.9,96.9,40.8,29.8
2021-11-05,26.5,28.2,23.5,84.7,0.0,0.0,noprecip,28.8,16.6,133.3,1010.2,60.8,10.6,169.9,0.0,Cloudy,-0.8235472349556007,0.5672476988027229,26.3,23.4,21.8,27.6,23.8,21.8,22.5,22.0,21.4,81.7,92.1,97.7,0.0,0.099,3.958,0.0,4.17,8.33,noprecip,rain,rain,27.0,15.1,27.7,18.4,13.0,13.0,128.3,54.2,7.1,1012.5,1015.4,1017.3,42.6,77.5,98.1,9.4,9.0,8.4,138.9,96.9,40.8
2021-11-06,26.4,28.8,24.5,89.5,0.0,0.0,noprecip,23.4,14.8,126.9,1008.0,71.0,8.3,141.3,0.05,Cloudy,-0.8136678304455991,0.5813300798152042,26.5,26.3,23.4,28.2,27.6,23.8,23.5,22.5,22.0,84.7,81.7,92.1,0.0,0.0,0.099,0.0,0.0,4.17,noprecip,noprecip,rain,28.8,27.0,15.1,16.6,18.4,13.0,133.3,128.3,54.2,1010.2,1012.5,1015.4,60.8,42.6,77.5,10.6,9.4,9.0,169.9,138.9,96.9
2021-11-07,26.8,29.4,24.8,89.4,0.032,4.17,rain,47.5,14.8,104.4,1011.0,69.0,8.8,145.7,0.08,Rain,-0.8035476485339116,0.5952404359043674,26.4,26.5,26.3,28.8,28.2,27.6,24.5,23.5,22.5,89.5,84.7,81.7,0.0,0.0,0.0,0.0,0.0,0.0,noprecip,noprecip,noprecip,23.4,28.8,27.0,14.8,16.6,18.4,126.9,133.3,128.3,1008.0,1010.2,1012.5,71.0,60.8,42.6,8.3,10.6,9.4,141.3,169.9,138.9
2021-11-08,20.1,20.1,12.7,62.7,0.618,8.33,rain,38.9,33.5,2.0,1019.9,90.6,10.0,48.4,0.11,Rain,-0.7931896839451843,0.6089746507720486,26.8,26.4,26.5,29.4,28.8,28.2,24.8,24.5,23.5,89.4,89.5,84.7,0.032,0.0,0.0,4.17,0.0,0.0,rain,noprecip,noprecip,47.5,23.4,28.8,14.8,14.8,16.6,104.4,126.9,133.3,1011.0,1008.0,1010.2,69.0,71.0,60.8,8.8,8.3,10.6,145.7,141.3,169.9
2021-11-09,20.1,20.1,8.6,49.2,0.0,0.0,noprecip,25.6,14.8,14.0,1020.3,42.5,10.0,193.2,0.15,Cloudy,-0.7825970017677834,0.6225286602431057,20.1,26.8,26.4,20.1,29.4,28.8,12.7,24.8,24.5,62.7,89.4,89.5,0.618,0.032,0.0,8.33,4.17,0.0,rain,rain,noprecip,38.9,47.5,23.4,33.5,14.8,14.8,2.0,104.4,126.9,1019.9,1011.0,1008.0,90.6,69.0,71.0,10.0,8.8,8.3,48.4,145.7,141.3
2021-11-10,20.7,20.7,8.5,46.8,0.0,0.0,noprecip,25.2,14.1,0.5,1020.1,33.0,10.0,197.0,0.18,Cloudy,-0.7717727365467837,0.6358984534680745,20.1,20.1,26.8,20.1,20.1,29.4,8.6,12.7,24.8,49.2,62.7,89.4,0.0,0.618,0.032,0.0,8.33,4.17,noprecip,rain,rain,25.6,38.9,47.5,14.8,33.5,14.8,14.0,2.0,104.4,1020.3,1019.9,1011.0,42.5,90.6,69.0,10.0,10.0,8.8,193.2,48.4,145.7
2021-11-11,20.8,20.8,12.8,64.0,0.0,0.0,noprecip,17.6,9.6,22.0,1017.3,25.7,9.7,212.6,0.25,Cloudy,-0.7607200913564104,0.6490800741100398,20.7,20.1,20.1,20.7,20.1,20.1,8.5,8.6,12.7,46.8,49.2,62.7,0.0,0.0,0.618,0.0,0.0,8.33,noprecip,noprecip,rain,25.2,25.6,38.9,14.1,14.8,33.5,0.5,14.0,2.0,1020.1,1020.3,1019.9,33.0,42.5,90.6,10.0,10.0,10.0,197.0,193.2,48.4
2021-11-12,21.9,21.9,13.4,59.4,0.0,0.0,noprecip,27.7,18.4,356.1,1019.2,76.2,9.9,120.7,0.25,Cloudy,-0.7494423368521953,0.6620696215153815,20.8,20.7,20.1,20.8,20.7,20.1,12.8,8.5,8.6,64.0,46.8,49.2,0.0,0.0,0.0,0.0,0.0,0.0,noprecip,noprecip,noprecip,17.6,25.2,25.6,9.6,14.1,14.8,22.0,0.5,14.0,1017.3,1020.1,1020.3,25.7,33.0,42.5,9.7,10.0,10.0,212.6,197.0,193.2
2021-11-13,21.2,21.2,12.0,56.6,0.0,0.0,noprecip,27.0,16.6,341.1,1019.5,51.2,10.2,157.4,0.29,Cloudy,-0.7379428103031386,0.6748632518680403,21.9,20.8,20.7,21.9,20.8,20.7,13.4,12.8,8.5,59.4,64.0,46.8,0.0,0.0,0.0,0.0,0.0,0.0,noprecip,noprecip,noprecip,27.7,17.6,25.2,18.4,9.6,14.1,356.1,22.0,0.5,1019.2,1017.3,1020.1,76.2,25.7,33.0,9.9,9.7,10.0,120.7,212.6,197.0
2021-11-14,21.2,21.2,14.2,67.6,0.0,0.0,noprecip,19.8,13.0,350.7,1017.8,19.1,9.2,197.9,0.32,Clear,-0.7262249146041543,0.6874571793269664,21.2,21.9,20.8,21.2,21.9,20.8,12.0,13.4,12.8,56.6,59.4,64.0,0.0,0.0,0.0,0.0,0.0,0.0,noprecip,noprecip,noprecip,27.0,27.7,17.6,16.6,18.4,9.6,341.1,356.1,22.0,1019.5,1019.2,1017.3,51.2,76.2,25.7,10.2,9.9,9.7,157.4,120.7,212.6
2021-11-15,22.1,22.1,16.5,73.0,0.0,0.0,noprecip,16.9,16.6,101.8,1015.7,53.5,7.9,147.8,0.36,Cloudy,-0.7142921172691032,0.699847677146407,21.2,21.2,21.9,21.2,21.2,21.9,14.2,12.0,13.4,67.6,56.6,59.4,0.0,0.0,0.0,0.0,0.0,0.0,noprecip,noprecip,noprecip,19.8,27.0,27.7,13.0,16.6,18.4,350.7,341.1,356.1,1017.8,1019.5,1019.2,19.1,51.2,76.2,9.2,10.2,9.9,197.9,157.4,120.7
2021-11-16,21.3,21.3,18.9,86.0,0.099,4.17,rain,13.3,9.4,353.9,1015.7,95.4,4.7,44.3,0.39,Rain,-0.7021479494046978,0.7120310787787131,22.1,21.2,21.2,22.1,21.2,21.2,16.5,14.2,12.0,73.0,67.6,56.6,0.0,0.0,0.0,0.0,0.0,0.0,noprecip,noprecip,noprecip,16.9,19.8,27.0,16.6,13.0,16.6,101.8,350.7,341.1,1015.7,1017.8,1019.5,53.5,19.1,51.2,7.9,9.2,10.2,147.8,197.9,157.4
2021-11-17,21.0,21.0,18.4,85.2,0.396,4.17,rain,36.0,16.6,6.8,1017.3,95.8,6.5,36.6,0.43,Rain,-0.6897960046655887,0.7240037789593305,21.3,22.1,21.2,21.3,22.1,21.2,18.9,16.5,14.2,86.0,73.0,67.6,0.099,0.0,0.0,4.17,0.0,0.0,rain,noprecip,noprecip,13.3,16.9,19.8,9.4,16.6,13.0,353.9,101.8,350.7,1015.7,1015.7,1017.8,95.4,53.5,19.1,4.7,7.9,9.2,44.3,147.8,197.9
2021-11-18,20.1,20.1,13.2,65.2,0.0,0.0,noprecip,21.6,14.8,3.3,1016.0,59.2,9.3,110.0,0.46,Cloudy,-0.6772399381909491,0.7357622347736527,21.0,21.3,22.1,21.0,21.3,22.1,18.4,18.9,16.5,85.2,86.0,73.0,0.396,0.099,0.0,4.17,4.17,0.0,rain,rain,noprecip,36.0,13.3,16.9,16.6,9.4,16.6,6.8,353.9,101.8,1017.3,1015.7,1015.7,95.8,95.4,53.5,6.5,4.7,7.9,36.6,44.3,147.8
2021-11-19,20.1,20.1,17.2,83.5,0.0,0.0,noprecip,27.0,13.0,73.0,1010.6,84.8,5.4,137.4,0.5,Cloudy,-0.6644834655228552,0.7473029667054297,20.1,21.0,21.3,20.1,21.0,21.3,13.2,18.4,18.9,65.2,85.2,86.0,0.0,0.396,0.099,0.0,4.17,4.17,noprecip,rain,rain,21.6,36.0,13.3,14.8,16.6,9.4,3.3,6.8,353.9,1016.0,1017.3,1015.7,59.2,95.8,95.4,9.3,6.5,4.7,110.0,36.6,44.3
2021-11-20,23.2,23.7,21.0,88.7,0.792,8.33,rain,29.5,11.2,176.4,1009.0,87.4,4.6,88.5,0.53,Rain,-0.6515303615068021,0.75862255966641,20.1,20.1,21.0,20.1,20.1,21.0,17.2,13.2,18.4,83.5,65.2,85.2,0.0,0.0,0.396,0.0,0.0,4.17,noprecip,noprecip,rain,27.0,21.6,36.0,13.0,14.8,16.6,73.0,3.3,6.8,1010.6,1016.0,1017.3,84.8,59.2,95.8,5.4,9.3,6.5,137.4,110.0,36.6
2021-11-21,26.2,27.8,22.8,82.0,0.099,4.17,rain,40.3,14.8,138.9,1011.7,65.7,8.0,137.4,0.56,Rain,-0.6383844591746642,0.769717664006921,23.2,20.1,20.1,23.7,20.1,20.1,21.0,17.2,13.2,88.7,83.5,65.2,0.792,0.0,0.0,8.33,0.0,0.0,rain,noprecip,noprecip,29.5,27.0,21.6,11.2,13.0,14.8,176.4,73.0,3.3,1009.0,1010.6,1016.0,87.4,84.8,59.2,4.6,5.4,9.3,88.5,137.4,110.0
2021-11-22,20.8,20.8,14.4,68.1,1.211,8.33,rain,46.4,27.7,19.9,1018.0,84.3,9.4,52.9,0.59,Rain,-0.6250496486104377,0.7805849965070866,26.2,23.2,20.1,27.8,23.7,20.1,22.8,21.0,17.2,82.0,88.7,83.5,0.099,0.792,0.0,4.17,8.33,0.0,rain,rain,noprecip,40.3,29.5,27.0,14.8,11.2,13.0,138.9,176.4,73.0,1011.7,1009.0,1010.6,65.7,87.4,84.8,8.0,4.6,5.4,137.4,88.5,137.4
2021-11-23,18.2,18.2,9.5,57.2,0.0,0.0,noprecip,28.8,20.5,10.0,1022.1,84.9,10.0,101.8,0.63,Cloudy,-0.6115298757991053,0.7912213413483807,20.8,26.2,23.2,20.8,27.8,23.7,14.4,22.8,21.0,68.1,82.0,88.7,1.211,0.099,0.792,8.33,4.17,8.33,rain,rain,rain,46.4,40.3,29.5,27.7,14.8,11.2,19.9,138.9,176.4,1018.0,1011.7,1009.0,84.3,65.7,87.4,9.4,8.0,4.6,52.9,137.4,88.5
2021-11-24,18.6,18.6,10.6,60.6,0.0,0.0,noprecip,25.6,19.3,347.4,1021.8,81.1,10.0,112.2,0.66,Cloudy,-0.5978291414589552,0.801623551065242,18.2,20.8,26.2,18.2,20.8,27.8,9.5,14.4,22.8,57.2,68.1,82.0,0.0,1.211,0.099,0.0,8.33,4.17,noprecip,rain,rain,28.8,46.4,40.3,20.5,27.7,14.8,10.0,19.9,138.9,1022.1,1018.0,1011.7,84.9,84.3,65.7,10.0,9.4,8.0,101.8,52.9,137.4
2021-11-25,18.1,18.1,13.3,75.4,0.0,0.0,noprecip,23.0,9.7,302.6,1019.8,38.5,9.6,167.5,0.7,Cloudy,-0.5839514998576998,0.8117885474764613,18.6,18.2,20.8,18.6,18.2,20.8,10.6,9.5,14.4,60.6,57.2,68.1,0.0,0.0,1.211,0.0,0.0,8.33,noprecip,noprecip,rain,25.6,28.8,46.4,19.3,20.5,27.7,347.4,10.0,19.9,1021.8,1022.1,1018.0,81.1,84.9,84.3,10.0,10.0,9.4,112.2,101.8,52.9
2021-11-26,19.6,19.6,14.7,74.3,0.3,12.5,rain,22.0,13.0,315.4,1019.3,25.9,8.4,163.0,0.73,Rain,-0.5699010576127624,0.821713322596059,18.1,18.6,18.2,18.1,18.6,18.2,13.3,10.6,9.5,75.4,60.6,57.2,0.0,0.0,0.0,0.0,0.0,0.0,noprecip,noprecip,noprecip,23.0,25.6,28.8,9.7,19.3,20.5,302.6,347.4,10.0,1019.8,1021.8,1022.1,38.5,81.1,84.9,9.6,10.0,10.0,167.5,112.2,101.8
2021-11-27,21.2,21.2,13.5,65.2,0.0,0.0,noprecip,25.2,14.8,7.7,1020.2,23.2,9.5,182.7,0.75,Cloudy,-0.5556819724760489,0.8313949395234058,19.6,18.1,18.6,19.6,18.1,18.6,14.7,13.3,10.6,74.3,75.4,60.6,0.3,0.0,0.0,12.5,0.0,0.0,rain,noprecip,noprecip,22.0,23.0,25.6,13.0,9.7,19.3,315.4,302.6,347.4,1019.3,1019.8,1021.8,25.9,38.5,81.1,8.4,9.6,10.0,163.0,167.5,112.2
2021-11-28,20.4,20.4,14.3,70.7,0.0,0.0,noprecip,20.9,10.0,325.2,1019.7,29.9,9.5,195.2,0.8,Cloudy,-0.5412984521036173,0.8408305333122887,21.2,19.6,18.1,21.2,19.6,18.1,13.5,14.7,13.3,65.2,74.3,75.4,0.0,0.3,0.0,0.0,12.5,0.0,noprecip,rain,noprecip,25.2,22.0,23.0,14.8,13.0,9.7,7.7,315.4,302.6,1020.2,1019.3,1019.8,23.2,25.9,38.5,9.5,8.4,9.6,182.7,163.0,167.5
2021-11-29,21.7,21.7,15.4,70.4,0.0,0.0,noprecip,19.1,9.9,336.6,1018.1,43.3,9.8,181.0,0.83,Cloudy,-0.5267547528105542,0.8500173118187018,20.4,21.2,19.6,20.4,21.2,19.6,14.3,13.5,14.7,70.7,65.2,74.3,0.0,0.0,0.3,0.0,0.0,12.5,noprecip,noprecip,rain,20.9,25.2,22.0,10.0,14.8,13.0,325.2,7.7,315.4,1019.7,1020.2,1019.3,29.9,23.2,25.9,9.5,9.5,8.4,195.2,182.7,163.0
2021-11-30,22.0,22.0,12.9,58.5,0.0,0.0,noprecip,36.4,22.3,358.1,1020.7,45.1,9.6,139.9,0.86,Cloudy,-0.5120551783114646,0.8589525565270845,21.7,20.4,21.2,21.7,20.4,21.2,15.4,14.3,13.5,70.4,70.7,65.2,0.0,0.0,0.0,0.0,0.0,0.0,noprecip,noprecip,noprecip,19.1,20.9,25.2,9.9,10.0,14.8,336.6,325.2,7.7,1018.1,1019.7,1020.2,43.3,29.9,23.2,9.8,9.5,9.5,181.0,195.2,182.7
2021-12-01,19.8,19.8,10.4,56.5,0.0,0.0,noprecip,28.8,14.8,16.6,1021.9,33.0,9.7,202.4,0.9,Cloudy,-0.4972040784469378,0.8676336233547726,22.0,21.7,20.4,22.0,21.7,20.4,12.9,15.4,14.3,58.5,70.4,70.7,0.0,0.0,0.0,0.0,0.0,0.0,noprecip,noprecip,noprecip,36.4,19.1,20.9,22.3,9.9,10.0,358.1,336.6,325.2,1020.7,1018.1,1019.7,45.1,43.3,29.9,9.6,9.8,9.5,139.9,181.0,195.2
2021-12-02,17.3,17.3,8.3,60.8,0.0,0.0,noprecip,24.5,13.0,2.9,1022.6,15.4,10.8,196.1,0.93,Clear,-0.4822058478963526,0.8760579434344281,19.8,22.0,21.7,19.8,22.0,21.7,10.4,12.9,15.4,56.5,58.5,70.4,0.0,0.0,0.0,0.0,0.0,0.0,noprecip,noprecip,noprecip,28.8,36.4,19.1,14.8,22.3,9.9,16.6,358.1,336.6,1021.9,1020.7,1018.1,33.0,45.1,43.3,9.7,9.6,9.8,202.4,139.9,181.0
2021-12-03,17.1,17.1,10.8,70.6,0.0,0.0,noprecip,23.8,13.0,332.9,1022.5,8.1,8.8,201.0,0.96,Clear,-0.46706492487743034,0.8842230238742036,17.3,19.8,22.0,17.3,19.8,22.0,8.3,10.4,12.9,60.8,56.5,58.5,0.0,0.0,0.0,0.0,0.0,0.0,noprecip,noprecip,noprecip,24.5,28.8,36.4,13.0,14.8,22.3,2.9,16.6,358.1,1022.6,1021.9,1020.7,15.4,33.0,45.1,10.8,9.7,9.6,196.1,202.4,139.9
2021-12-04,17.5,17.5,9.4,64.8,0.0,0.0,noprecip,21.2,7.6,341.9,1022.0,3.5,8.6,198.1,0.0,Clear,-0.451785789832884,0.8921264484954345,17.1,17.3,19.8,17.1,17.3,19.8,10.8,8.3,10.4,70.6,60.8,56.5,0.0,0.0,0.0,0.0,0.0,0.0,noprecip,noprecip,noprecip,23.8,24.5,28.8,13.0,13.0,14.8,332.9,2.9,16.6,1022.5,1022.6,1021.9,8.1,15.4,33.0,8.8,10.8,9.7,201.0,196.1,202.4
2021-12-05,17.8,17.8,10.8,67.6,0.0,0.0,noprecip,23.8,12.1,319.2,1021.7,0.2,7.5,192.3,0.03,Clear,-0.4363729641045924,0.8997658785476209,17.5,17.1,17.3,17.5,17.1,17.3,9.4,10.8,8.3,64.8,70.6,60.8,0.0,0.0,0.0,0.0,0.0,0.0,noprecip,noprecip,noprecip,21.2,23.8,24.5,7.6,13.0,13.0,341.9,332.9,2.9,1022.0,1022.5,1022.6,3.5,8.1,15.4,8.6,8.8,10.8,198.1,201.0,196.1
2021-12-06,18.0,18.0,11.3,69.5,0.0,0.0,noprecip,22.7,11.2,355.7,1020.9,0.3,9.1,195.9,0.06,Clear,-0.42083100859565564,0.9071390534005044,17.8,17.5,17.1,17.8,17.5,17.1,10.8,9.4,10.8,67.6,64.8,70.6,0.0,0.0,0.0,0.0,0.0,0.0,noprecip,noprecip,noprecip,23.8,21.2,23.8,12.1,7.6,13.0,319.2,341.9,332.9,1021.7,1022.0,1022.5,0.2,3.5,8.1,7.5,8.6,8.8,192.3,198.1,201.0
2021-12-07,17.7,17.7,10.7,67.4,0.0,0.0,noprecip,16.6,11.2,96.1,1020.8,0.0,8.7,194.8,0.1,Clear,-0.4051645224207563,0.9142437912130223,18.0,17.8,17.5,18.0,17.8,17.5,11.3,10.8,9.4,69.5,67.6,64.8,0.0,0.0,0.0,0.0,0.0,0.0,noprecip,noprecip,noprecip,22.7,23.8,21.2,11.2,12.1,7.6,355.7,319.2,341.9,1020.9,1021.7,1022.0,0.3,0.2,3.5,9.1,7.5,8.6,195.9,192.3,198.1
2021-12-08,18.7,18.7,13.4,73.6,0.1,4.17,rain,16.9,7.6,336.6,1021.4,47.9,8.1,145.5,0.13,Rain,-0.3893781415452015,0.9210779895789526,17.7,18.0,17.8,17.7,18.0,17.8,10.7,11.3,10.8,67.4,69.5,67.6,0.0,0.0,0.0,0.0,0.0,0.0,noprecip,noprecip,noprecip,16.6,22.7,23.8,11.2,11.2,12.1,96.1,355.7,319.2,1020.8,1020.9,1021.7,0.0,0.3,0.2,8.7,9.1,7.5,194.8,195.9,192.3
2021-12-09,19.7,19.7,16.0,79.9,0.7,20.83,rain,22.7,11.2,302.0,1022.4,70.2,6.7,64.9,0.16,Rain,-0.37347653741307074,0.9276396261490467,18.7,17.7,18.0,18.7,17.7,18.0,13.4,10.7,11.3,73.6,67.4,69.5,0.1,0.0,0.0,4.17,0.0,0.0,rain,noprecip,noprecip,16.9,16.6,22.7,7.6,11.2,11.2,336.6,96.1,355.7,1021.4,1020.8,1020.9,47.9,0.0,0.3,8.1,8.7,9.1,145.5,194.8,195.9
2021-12-10,20.8,20.8,17.3,81.5,0.0,0.0,noprecip,23.4,16.6,132.0,1019.7,33.7,7.0,118.1,0.2,Cloudy,-0.3574644155648614,0.9339267592294762,19.7,18.7,17.7,19.7,18.7,17.7,16.0,13.4,10.7,79.9,73.6,67.4,0.7,0.1,0.0,20.83,4.17,0.0,rain,rain,noprecip,22.7,16.9,16.6,11.2,7.6,11.2,302.0,336.6,96.1,1022.4,1021.4,1020.8,70.2,47.9,0.0,6.7,8.1,8.7,64.9,145.5,194.8
2021-12-11,21.4,21.4,17.1,78.1,0.0,0.0,noprecip,18.4,14.8,120.2,1019.8,37.8,6.3,97.9,0.25,Cloudy,-0.34134651424503615,0.9399375283564133,20.8,19.7,18.7,20.8,19.7,18.7,17.3,16.0,13.4,81.5,79.9,73.6,0.0,0.7,0.1,0.0,20.83,4.17,noprecip,rain,rain,23.4,22.7,16.9,16.6,11.2,7.6,132.0,302.0,336.6,1019.7,1022.4,1021.4,33.7,70.2,47.9,7.0,6.7,8.1,118.1,64.9,145.5
2021-12-12,21.0,21.0,16.4,76.9,0.001,4.17,rain,38.2,22.3,12.3,1021.8,43.5,6.3,145.4,0.27,Rain,-0.3251276029999093,0.9456701548465688,21.4,20.8,19.7,21.4,20.8,19.7,17.1,17.3,16.0,78.1,81.5,79.9,0.0,0.0,0.7,0.0,0.0,20.83,noprecip,noprecip,rain,18.4,23.4,22.7,14.8,16.6,11.2,120.2,132.0,302.0,1019.8,1019.7,1022.4,37.8,33.7,70.2,6.3,7.0,6.7,97.9,118.1,64.9
2021-12-13,18.4,18.4,11.1,63.4,0.0,0.0,noprecip,25.2,18.4,6.6,1022.5,53.3,9.9,125.1,0.3,Cloudy,-0.30881248126625377,0.9511229423235357,21.0,21.4,20.8,21.0,21.4,20.8,16.4,17.1,17.3,76.9,78.1,81.5,0.001,0.0,0.0,4.17,0.0,0.0,rain,noprecip,noprecip,38.2,18.4,23.4,22.3,14.8,16.6,12.3,120.2,132.0,1021.8,1019.8,1019.7,43.5,37.8,33.7,6.3,6.3,7.0,145.4,97.9,118.1
2021-12-14,18.2,18.2,13.7,76.7,0.0,0.0,noprecip,22.0,11.2,65.2,1018.1,20.4,7.8,176.2,0.33,Cloudy,-0.29240597695107734,0.9562942772197719,18.4,21.0,21.4,18.4,21.0,21.4,11.1,16.4,17.1,63.4,76.9,78.1,0.0,0.001,0.0,0.0,4.17,0.0,noprecip,rain,noprecip,25.2,38.2,18.4,18.4,22.3,14.8,6.6,12.3,120.2,1022.5,1021.8,1019.8,53.3,43.5,37.8,9.9,6.3,6.3,125.1,145.4,97.9
2021-12-15,18.9,18.9,17.3,91.0,0.0,0.0,noprecip,23.4,9.4,76.3,1014.9,47.9,4.3,122.8,0.37,Cloudy,-0.27591294500296043,0.9611826292540837,18.2,18.4,21.0,18.2,18.4,21.0,13.7,11.1,16.4,76.7,63.4,76.9,0.0,0.0,0.001,0.0,0.0,4.17,noprecip,noprecip,rain,22.0,25.2,38.2,11.2,18.4,22.3,65.2,6.6,12.3,1018.1,1022.5,1021.8,20.4,53.3,43.5,7.8,9.9,6.3,176.2,125.1,145.4
2021-12-16,21.3,21.3,18.3,83.5,0.1,4.17,rain,12.2,7.6,325.6,1015.3,32.5,4.6,73.3,0.4,Rain,-0.2593382659754056,0.9657865518844574,18.9,18.2,18.4,18.9,18.2,18.4,17.3,13.7,11.1,91.0,76.7,63.4,0.0,0.0,0.0,0.0,0.0,0.0,noprecip,noprecip,noprecip,23.4,22.0,25.2,9.4,11.2,18.4,76.3,65.2,6.6,1014.9,1018.1,1022.5,47.9,20.4,53.3,4.3,7.8,9.9,122.8,176.2,125.1
2021-12-17,21.9,21.9,16.3,72.1,0.0,0.0,noprecip,32.0,18.4,10.6,1019.3,43.1,8.0,96.3,0.43,Cloudy,-0.2426868445825954,0.9701046827361175,21.3,18.9,18.2,21.3,18.9,18.2,18.3,17.3,13.7,83.5,91.0,76.7,0.1,0.0,0.0,4.17,0.0,0.0,rain,noprecip,noprecip,12.2,23.4,22.0,7.6,9.4,11.2,325.6,76.3,65.2,1015.3,1014.9,1018.1,32.5,47.9,20.4,4.6,4.3,7.8,73.3,122.8,176.2
2021-12-18,19.3,19.3,9.6,54.1,0.0,0.0,noprecip,29.5,18.4,19.0,1022.5,44.8,10.0,142.9,0.47,Cloudy,-0.22596360824801906,0.974135744004672,21.9,21.3,18.9,21.9,21.3,18.9,16.3,18.3,17.3,72.1,83.5,91.0,0.0,0.1,0.0,0.0,4.17,0.0,noprecip,rain,noprecip,32.0,12.2,23.4,18.4,7.6,9.4,10.6,325.6,76.3,1019.3,1015.3,1014.9,43.1,32.5,47.9,8.0,4.6,4.3,96.3,73.3,122.8
2021-12-19,18.2,18.2,7.7,51.1,0.0,0.0,noprecip,30.2,20.5,357.1,1021.9,48.7,10.0,156.3,0.5,Cloudy,-0.20917350564635637,0.9778785428342386,19.3,21.9,21.3,19.3,21.9,21.3,9.6,16.3,18.3,54.1,72.1,83.5,0.0,0.0,0.1,0.0,0.0,4.17,noprecip,noprecip,rain,29.5,32.0,12.2,18.4,18.4,7.6,19.0,10.6,325.6,1022.5,1019.3,1015.3,44.8,43.1,32.5,10.0,8.0,4.6,142.9,96.3,73.3
2021-12-20,19.3,19.3,11.0,59.6,0.0,0.0,noprecip,20.5,16.6,36.7,1017.8,92.2,10.0,78.4,0.53,Cloudy,-0.19232150523909483,0.9813319716704275,18.2,19.3,21.9,18.2,19.3,21.9,7.7,9.6,16.3,51.1,54.1,72.1,0.0,0.0,0.0,0.0,0.0,0.0,noprecip,noprecip,noprecip,30.2,29.5,32.0,20.5,18.4,18.4,357.1,19.0,10.6,1021.9,1022.5,1019.3,48.7,44.8,43.1,10.0,10.0,8.0,156.3,142.9,96.3
2021-12-21,18.9,18.9,12.6,67.9,0.0,0.0,noprecip,24.8,13.0,339.2,1017.4,42.0,9.3,168.5,0.57,Cloudy,-0.17541259380427843,0.9844950085880858,19.3,18.2,19.3,19.3,18.2,19.3,11.0,7.7,9.6,59.6,51.1,54.1,0.0,0.0,0.0,0.0,0.0,0.0,noprecip,noprecip,noprecip,20.5,30.2,29.5,16.6,20.5,18.4,36.7,357.1,19.0,1017.8,1021.9,1022.5,92.2,48.7,44.8,10.0,10.0,10.0,78.4,156.3,142.9
2021-12-22,19.1,19.1,13.5,72.2,0.0,0.0,noprecip,17.3,16.6,84.2,1016.9,18.4,7.2,174.2,0.6,Clear,-0.15845177496083632,0.9873667175937016,18.9,19.3,18.2,18.9,19.3,18.2,12.6,11.0,7.7,67.9,59.6,51.1,0.0,0.0,0.0,0.0,0.0,0.0,noprecip,noprecip,noprecip,24.8,20.5,30.2,13.0,16.6,20.5,339.2,36.7,357.1,1017.4,1017.8,1021.9,42.0,92.2,48.7,9.3,10.0,10.0,168.5,78.4,156.3
2021-12-23,19.6,19.6,14.2,72.8,0.0,0.0,noprecip,22.3,13.0,121.9,1015.7,5.6,6.6,180.2,0.64,Clear,-0.14144406768794202,0.9899462489023779,19.1,18.9,19.3,19.1,18.9,19.3,13.5,12.6,11.0,72.2,67.9,59.6,0.0,0.0,0.0,0.0,0.0,0.0,noprecip,noprecip,noprecip,17.3,24.8,20.5,16.6,13.0,16.6,84.2,339.2,36.7,1016.9,1017.4,1017.8,18.4,42.0,92.2,7.2,9.3,10.0,174.2,168.5,78.4
2021-12-24,20.1,20.1,16.6,81.2,0.3,12.5,rain,13.7,13.0,51.6,1016.3,47.3,4.8,90.3,0.67,Rain,-0.12439450483979998,0.9922328391893008,19.6,19.1,18.9,19.6,19.1,18.9,14.2,13.5,12.6,72.8,72.2,67.9,0.0,0.0,0.0,0.0,0.0,0.0,noprecip,noprecip,noprecip,22.3,17.3,24.8,13.0,16.6,13.0,121.9,84.2,339.2,1015.7,1016.9,1017.4,5.6,18.4,42.0,6.6,7.2,9.3,180.2,174.2,168.5
2021-12-25,20.9,20.9,17.7,82.3,2.2,33.33,rain,27.0,14.8,70.6,1018.9,39.6,5.3,81.1,0.71,Rain,-0.10730813165636247,0.9942258118156161,20.1,19.6,19.1,20.1,19.6,19.1,16.6,14.2,13.5,81.2,72.8,72.2,0.3,0.0,0.0,12.5,0.0,0.0,rain,noprecip,noprecip,13.7,22.3,17.3,13.0,13.0,16.6,51.6,121.9,84.2,1016.3,1015.7,1016.9,47.3,5.6,18.4,4.8,6.6,7.2,90.3,180.2,174.2
2021-12-26,18.2,18.2,14.1,77.0,1.2,16.67,rain,38.2,22.3,49.0,1022.5,75.6,7.5,36.2,0.74,Rain,-0.09019000427034513,0.9959245770286599,20.9,20.1,19.6,20.9,20.1,19.6,17.7,16.6,14.2,82.3,81.2,72.8,2.2,0.3,0.0,33.33,12.5,0.0,rain,rain,noprecip,27.0,13.7,22.3,14.8,13.0,13.0,70.6,51.6,121.9,1018.9,1016.3,1015.7,39.6,47.3,5.6,5.3,4.8,6.6,81.1,90.3,180.2
2021-12-27,13.3,13.3,7.9,69.7,0.011,4.17,rain,27.0,24.1,30.6,1026.7,97.0,10.0,34.8,0.75,Rain,-0.07304518821104743,0.9973286321364752,18.2,20.9,20.1,18.2,20.9,20.1,14.1,17.7,16.6,77.0,82.3,81.2,1.2,2.2,0.3,16.67,33.33,12.5,rain,rain,rain,38.2,27.0,13.7,22.3,14.8,13.0,49.0,70.6,51.6,1022.5,1018.9,1016.3,75.6,39.6,47.3,7.5,5.3,4.8,36.2,81.1,90.3
2021-12-28,13.9,13.9,9.0,72.4,0.0,0.0,noprecip,18.4,13.0,12.1,1024.8,85.8,9.6,77.7,0.81,Cloudy,-0.05587875690537313,0.9984375616565666,13.3,18.2,20.9,13.3,18.2,20.9,7.9,14.1,17.7,69.7,77.0,82.3,0.011,1.2,2.2,4.17,16.67,33.33,rain,rain,rain,27.0,38.2,27.0,24.1,22.3,14.8,30.6,49.0,70.6,1026.7,1022.5,1018.9,97.0,75.6,39.6,10.0,7.5,5.3,34.8,36.2,81.1
2021-12-29,15.2,15.2,11.3,77.6,0.1,4.17,rain,20.2,14.8,17.1,1024.2,99.0,9.5,49.9,0.84,Rain,-0.03869579017652689,0.9992510374388481,13.9,13.3,18.2,13.9,13.3,18.2,9.0,7.9,14.1,72.4,69.7,77.0,0.0,0.011,1.2,0.0,4.17,16.67,noprecip,rain,rain,18.4,27.0,38.2,13.0,24.1,22.3,12.1,30.6,49.0,1024.8,1026.7,1022.5,85.8,97.0,75.6,9.6,10.0,7.5,77.7,34.8,36.2
2021-12-30,16.0,16.0,10.4,69.6,0.004,8.33,rain,23.0,16.6,6.8,1025.8,98.1,10.0,59.5,0.88,Rain,-0.021501372740813793,0.999768818762748,15.2,13.9,13.3,15.2,13.9,13.3,11.3,9.0,7.9,77.6,72.4,69.7,0.1,0.0,0.011,4.17,0.0,4.17,rain,noprecip,rain,20.2,18.4,27.0,14.8,13.0,24.1,17.1,12.1,30.6,1024.2,1024.8,1026.7,99.0,85.8,97.0,9.5,9.6,10.0,49.9,77.7,34.8
2021-12-31,15.2,15.2,12.7,85.3,0.397,8.33,rain,18.4,14.8,12.3,1025.0,86.6,8.3,55.2,0.91,Rain,-0.004300592702981974,0.9999907524084426,16.0,15.2,13.9,16.0,15.2,13.9,10.4,11.3,9.0,69.6,77.6,72.4,0.004,0.1,0.0,8.33,4.17,0.0,rain,rain,noprecip,23.0,20.2,18.4,16.6,14.8,13.0,6.8,17.1,12.1,1025.8,1024.2,1024.8,98.1,99.0,85.8,10.0,9.5,9.6,59.5,49.9,77.7
2022-01-01,16.2,16.2,12.9,80.8,0.0,0.0,noprecip,22.0,14.8,8.6,1024.3,87.3,9.4,67.6,0.95,Cloudy,0.017201575418260506,0.9998520419557735,15.2,16.0,15.2,15.2,16.0,15.2,12.7,10.4,11.3,85.3,69.6,77.6,0.397,0.004,0.1,8.33,8.33,4.17,rain,rain,rain,18.4,23.0,20.2,14.8,16.6,14.8,12.3,6.8,17.1,1025.0,1025.8,1024.2,86.6,98.1,99.0,8.3,10.0,9.5,55.2,59.5,49.9
2022-01-02,17.4,17.4,12.5,73.7,0.0,0.0,noprecip,18.7,11.2,358.0,1022.8,61.2,8.9,149.0,0.98,Cloudy,0.03439806061360801,0.9994082116062598,16.2,15.2,16.0,16.2,15.2,16.0,12.9,12.7,10.4,80.8,85.3,69.6,0.0,0.397,0.004,0.0,8.33,8.33,noprecip,rain,rain,22.0,18.4,23.0,14.8,14.8,16.6,8.6,12.3,6.8,1024.3,1025.0,1025.8,87.3,86.6,98.1,9.4,8.3,10.0,67.6,55.2,59.5
2022-01-03,16.7,16.7,13.9,84.7,0.0,0.0,noprecip,18.7,7.6,337.3,1020.3,57.7,5.0,117.4,0.0,Cloudy,0.051584366869408364,0.9986686402879997,17.4,16.2,15.2,17.4,16.2,15.2,12.5,12.9,12.7,73.7,80.8,85.3,0.0,0.0,0.397,0.0,0.0,8.33,noprecip,noprecip,rain,18.7,22.0,18.4,11.2,14.8,14.8,358.0,8.6,12.3,1022.8,1024.3,1025.0,61.2,87.3,86.6,8.9,9.4,8.3,149.0,67.6,55.2
2022-01-04,20.2,20.2,15.4,75.4,0.0,0.0,noprecip,20.9,20.5,123.6,1017.7,55.2,6.6,102.5,0.05,Cloudy,0.06875540848113941,0.9976335468520451,16.7,17.4,16.2,16.7,17.4,16.2,13.9,12.5,12.9,84.7,73.7,80.8,0.0,0.0,0.0,0.0,0.0,0.0,noprecip,noprecip,noprecip,18.7,18.7,22.0,7.6,11.2,14.8,337.3,358.0,8.6,1020.3,1022.8,1024.3,57.7,61.2,87.3,5.0,8.9,9.4,117.4,149.0,67.6
2022-01-05,20.4,20.4,17.3,83.2,0.4,12.5,rain,16.9,14.8,105.8,1016.2,45.9,6.0,70.9,0.08,Rain,0.08590610426133272,0.9963032375991965,20.2,16.7,17.4,20.2,16.7,17.4,15.4,13.9,12.5,75.4,84.7,73.7,0.0,0.0,0.0,0.0,0.0,0.0,noprecip,noprecip,noprecip,20.9,18.7,18.7,20.5,7.6,11.2,123.6,337.3,358.0,1017.7,1020.3,1022.8,55.2,57.7,61.2,6.6,5.0,8.9,102.5,117.4,149.0
2022-01-06,21.3,21.3,17.9,81.2,0.9,20.83,rain,23.8,17.2,121.5,1017.1,44.4,7.5,82.6,0.11,Rain,0.10303137904317879,0.9946781061893646,20.4,20.2,16.7,20.4,20.2,16.7,17.3,15.4,13.9,83.2,75.4,84.7,0.4,0.0,0.0,12.5,0.0,0.0,rain,noprecip,noprecip,16.9,20.9,18.7,14.8,20.5,7.6,105.8,123.6,337.3,1016.2,1017.7,1020.3,45.9,55.2,57.7,6.0,6.6,5.0,70.9,102.5,117.4
2022-01-07,21.0,21.0,16.9,77.9,1.6,37.5,rain,35.3,22.3,127.4,1019.1,71.1,8.2,81.6,0.15,Rain,0.1201261651823505,0.9927586335250793,21.3,20.4,20.2,21.3,20.4,20.2,17.9,17.3,15.4,81.2,83.2,75.4,0.9,0.4,0.0,20.83,12.5,0.0,rain,rain,noprecip,23.8,16.9,20.9,17.2,14.8,20.5,121.5,105.8,123.6,1017.1,1016.2,1017.7,44.4,45.9,55.2,7.5,6.0,6.6,82.6,70.9,102.5
2022-01-08,19.9,19.9,16.3,80.0,0.7,20.83,rain,30.2,20.5,100.7,1017.9,85.4,7.2,46.9,0.18,Rain,0.13718540405660057,0.9905453876091833,21.0,21.3,20.4,21.0,21.3,20.4,16.9,17.9,17.3,77.9,81.2,83.2,1.6,0.9,0.4,37.5,20.83,12.5,rain,rain,rain,35.3,23.8,16.9,22.3,17.2,14.8,127.4,121.5,105.8,1019.1,1017.1,1016.2,71.1,44.4,45.9,8.2,7.5,6.0,81.6,82.6,70.9
2022-01-09,14.9,14.9,12.5,85.8,1.882,12.5,rain,24.1,20.5,28.3,1017.7,96.8,8.3,31.5,0.21,Rain,0.1542040475626894,0.988039023376751,19.9,21.0,21.3,19.9,21.0,21.3,16.3,16.9,17.9,80.0,77.9,81.2,0.7,1.6,0.9,20.83,37.5,20.83,rain,rain,rain,30.2,35.3,23.8,20.5,22.3,17.2,100.7,127.4,121.5,1017.9,1019.1,1017.1,85.4,71.1,44.4,7.2,8.2,7.5,46.9,81.6,82.6
2022-01-10,14.6,14.6,13.2,91.9,0.302,8.33,rain,24.1,14.8,17.0,1017.1,99.5,6.1,48.7,0.25,Rain,0.17117705961019986,0.985240282501282,14.9,19.9,21.0,14.9,19.9,21.0,12.5,16.3,16.9,85.8,80.0,77.9,1.882,0.7,1.6,12.5,20.83,37.5,rain,rain,rain,24.1,30.2,35.3,20.5,20.5,22.3,28.3,100.7,127.4,1017.7,1017.9,1019.1,96.8,85.4,71.1,8.3,7.2,8.2,31.5,46.9,81.6
2022-01-11,17.4,17.4,10.2,63.3,1.011,4.17,rain,24.5,18.4,20.2,1020.9,30.8,10.0,114.5,0.28,Rain,0.18809941761179758,0.9821499931752291,14.6,14.9,19.9,14.6,14.9,19.9,13.2,12.5,16.3,91.9,85.8,80.0,0.302,1.882,0.7,8.33,12.5,20.83,rain,rain,rain,24.1,24.1,30.2,14.8,20.5,20.5,17.0,28.3,100.7,1017.1,1017.7,1017.9,99.5,96.8,85.4,6.1,8.3,7.2,48.7,31.5,46.9
2022-01-12,17.0,17.0,12.8,77.0,0.0,0.0,noprecip,21.2,13.0,98.9,1019.3,82.6,8.5,123.2,0.31,Cloudy,0.20496611396949532,0.9787690698649216,17.4,14.6,14.9,17.4,14.6,14.9,10.2,13.2,12.5,63.3,91.9,85.8,1.011,0.302,1.882,4.17,8.33,12.5,rain,rain,rain,24.5,24.1,24.1,18.4,14.8,20.5,20.2,17.0,28.3,1020.9,1017.1,1017.7,30.8,99.5,96.8,10.0,6.1,8.3,114.5,48.7,31.5
2022-01-13,16.0,16.0,12.5,80.0,0.208,4.17,rain,19.4,18.4,25.0,1021.0,89.9,8.4,35.5,0.34,Rain,0.22177215755648186,0.975098513039961,17.0,17.4,14.6,17.0,17.4,14.6,12.8,10.2,13.2,77.0,63.3,91.9,0.0,1.011,0.302,0.0,4.17,8.33,noprecip,rain,rain,21.2,24.5,24.1,13.0,18.4,14.8,98.9,20.2,17.0,1019.3,1020.9,1017.1,82.6,30.8,99.5,8.5,10.0,6.1,123.2,114.5,48.7
2022-01-14,16.5,16.5,13.1,80.3,0.0,0.0,noprecip,17.3,9.4,62.2,1018.7,60.0,5.8,93.1,0.38,Cloudy,0.23851257519407648,0.9711394088771653,16.0,17.0,17.4,16.0,17.0,17.4,12.5,12.8,10.2,80.0,77.0,63.3,0.208,0.0,1.011,4.17,0.0,4.17,rain,noprecip,rain,19.4,21.2,24.5,18.4,13.0,18.4,25.0,98.9,20.2,1021.0,1019.3,1020.9,89.9,82.6,30.8,8.4,8.5,10.0,35.5,123.2,114.5
2022-01-15,18.1,18.1,16.0,87.8,0.1,4.17,rain,20.9,9.9,305.2,1017.2,57.9,4.0,80.6,0.41,Rain,0.2551824131233728,0.9668929289391521,16.5,16.0,17.0,16.5,16.0,17.0,13.1,12.5,12.8,80.3,80.0,77.0,0.0,0.208,0.0,0.0,4.17,0.0,noprecip,rain,noprecip,17.3,19.4,21.2,9.4,18.4,13.0,62.2,25.0,98.9,1018.7,1021.0,1019.3,60.0,89.9,82.6,5.8,8.4,8.5,93.1,35.5,123.2
2022-01-16,19.5,19.5,17.2,87.0,0.199,8.33,rain,43.9,24.1,38.8,1017.7,69.7,5.7,122.5,0.44,Rain,0.2717767384711357,0.9623603298276545,18.1,16.5,16.0,18.1,16.5,16.0,16.0,13.1,12.5,87.8,80.3,80.0,0.1,0.0,0.208,4.17,0.0,4.17,rain,noprecip,rain,20.9,17.3,19.4,9.9,9.4,18.4,305.2,62.2,25.0,1017.2,1018.7,1021.0,57.9,60.0,89.9,4.0,5.8,8.4,80.6,93.1,35.5
2022-01-17,14.7,14.7,12.2,84.9,22.904,16.67,rain,23.4,20.5,9.4,1021.6,77.2,9.7,24.1,0.47,Rain,0.2882906407095177,0.9575429528116719,19.5,18.1,16.5,19.5,18.1,16.5,17.2,16.0,13.1,87.0,87.8,80.3,0.199,0.1,0.0,8.33,4.17,0.0,rain,rain,noprecip,43.9,20.9,17.3,24.1,9.9,9.4,38.8,305.2,62.2,1017.7,1017.2,1018.7,69.7,57.9,60.0,5.7,4.0,5.8,122.5,80.6,93.1
2022-01-18,17.6,17.6,11.1,67.7,0.001,4.17,rain,23.8,14.8,351.7,1021.7,19.5,9.3,122.3,0.5,Rain,0.3047192331091634,0.9524422234305676,14.7,19.5,18.1,14.7,19.5,18.1,12.2,17.2,16.0,84.9,87.0,87.8,22.904,0.199,0.1,16.67,8.33,4.17,rain,rain,rain,23.4,43.9,20.9,20.5,24.1,9.9,9.4,38.8,305.2,1021.6,1017.7,1017.2,77.2,69.7,57.9,9.7,5.7,4.0,24.1,122.5,80.6
2022-01-19,17.3,17.3,11.9,72.9,0.0,0.0,noprecip,16.9,13.0,55.0,1019.4,23.3,8.4,172.1,0.54,Cloudy,0.321057654185271,0.9470596510722283,17.6,14.7,19.5,17.6,14.7,19.5,11.1,12.2,17.2,67.7,84.9,87.0,0.001,22.904,0.199,4.17,16.67,8.33,rain,rain,rain,23.8,23.4,43.9,14.8,20.5,24.1,351.7,9.4,38.8,1021.7,1021.6,1017.7,19.5,77.2,69.7,9.3,9.7,5.7,122.3,24.1,122.5
2022-01-20,16.5,16.5,13.9,84.7,2.625,12.5,rain,29.9,27.7,98.5,1017.0,73.2,8.1,122.3,0.58,Rain,0.3373010691361842,0.9413968285264122,17.3,17.6,14.7,17.3,17.6,14.7,11.9,11.1,12.2,72.9,67.7,84.9,0.0,0.001,22.904,0.0,4.17,16.67,noprecip,rain,rain,16.9,23.8,23.4,13.0,14.8,20.5,55.0,351.7,9.4,1019.4,1021.7,1021.6,23.3,19.5,77.2,8.4,9.3,9.7,172.1,122.3,24.1
2022-01-21,16.3,16.3,15.3,94.2,6.97,12.5,rain,22.3,11.2,31.3,1015.5,95.0,4.5,27.9,0.61,Rain,0.3534446712740877,0.9354554315134164,16.5,17.3,17.6,16.5,17.3,17.6,13.9,11.9,11.1,84.7,72.9,67.7,2.625,0.0,0.001,12.5,0.0,4.17,rain,noprecip,rain,29.9,16.9,23.8,27.7,13.0,14.8,98.5,55.0,351.7,1017.0,1019.4,1021.7,73.2,23.3,19.5,8.1,8.4,9.3,122.3,172.1,122.3
2022-01-22,18.4,18.4,17.3,93.3,5.486,4.17,rain,16.9,11.2,88.4,1011.1,94.9,5.2,67.3,0.65,Rain,0.3694836834473831,0.9292372181882051,16.3,16.5,17.3,16.3,16.5,17.3,15.3,13.9,11.9,94.2,84.7,72.9,6.97,2.625,0.0,12.5,12.5,0.0,rain,rain,noprecip,22.3,29.9,16.9,11.2,27.7,13.0,31.3,98.5,55.0,1015.5,1017.0,1019.4,95.0,73.2,23.3,4.5,8.1,8.4,27.9,122.3,172.1
2022-01-23,20.6,20.6,18.7,89.4,0.199,8.33,rain,16.2,11.2,191.5,1010.6,80.3,4.2,95.1,0.68,Rain,0.38541335945432564,0.9227440286201427,18.4,16.3,16.5,18.4,16.3,16.5,17.3,15.3,13.9,93.3,94.2,84.7,5.486,6.97,2.625,4.17,12.5,12.5,rain,rain,rain,16.9,22.3,29.9,11.2,11.2,27.7,88.4,31.3,98.5,1011.1,1015.5,1017.0,94.9,95.0,73.2,5.2,4.5,8.1,67.3,27.9,122.3
2022-01-24,22.6,22.6,19.7,84.5,0.6,16.67,rain,26.3,18.4,133.1,1011.6,67.2,6.5,144.0,0.72,Rain,0.4012289854475009,0.9159777842484877,20.6,18.4,16.3,20.6,18.4,16.3,18.7,17.3,15.3,89.4,93.3,94.2,0.199,5.486,6.97,8.33,4.17,12.5,rain,rain,rain,16.2,16.9,22.3,11.2,11.2,11.2,191.5,88.4,31.3,1010.6,1011.1,1015.5,80.3,94.9,95.0,4.2,5.2,4.5,95.1,67.3,27.9
2022-01-25,20.7,20.7,18.8,89.0,0.003,4.17,rain,30.6,20.5,127.0,1013.8,92.4,7.7,63.9,0.75,Rain,0.4169258813287287,0.908940487313808,22.6,20.6,18.4,22.6,20.6,18.4,19.7,18.7,17.3,84.5,89.4,93.3,0.6,0.199,5.486,16.67,8.33,4.17,rain,rain,rain,26.3,16.2,16.9,18.4,11.2,11.2,133.1,191.5,88.4,1011.6,1010.6,1011.1,67.2,80.3,94.9,6.5,4.2,5.2,144.0,95.1,67.3
2022-01-26,20.7,20.7,19.3,91.7,0.198,4.17,rain,24.8,18.4,127.0,1014.0,91.0,6.8,68.8,0.79,Rain,0.4324994021339788,0.901634220265486,20.7,22.6,20.6,20.7,22.6,20.6,18.8,19.7,18.7,89.0,84.5,89.4,0.003,0.6,0.199,4.17,16.67,8.33,rain,rain,rain,30.6,26.3,16.2,20.5,18.4,11.2,127.0,133.1,191.5,1013.8,1011.6,1010.6,92.4,67.2,80.3,7.7,6.5,4.2,63.9,144.0,95.1
2022-01-27,22.2,22.2,19.9,87.8,2.4,45.83,rain,33.5,20.5,118.3,1014.1,85.9,7.0,108.0,0.82,Rain,0.44794493940789115,0.8940611451454876,20.7,20.7,22.6,20.7,20.7,22.6,19.3,18.8,19.7,91.7,89.0,84.5,0.198,0.003,0.6,4.17,4.17,16.67,rain,rain,rain,24.8,30.6,26.3,18.4,20.5,18.4,127.0,127.0,133.1,1014.0,1013.8,1011.6,91.0,92.4,67.2,6.8,7.7,6.5,68.8,63.9,144.0
2022-01-28,22.5,22.5,19.3,82.8,0.8,25.0,rain,34.6,22.3,119.1,1013.3,88.4,9.3,104.0,0.86,Rain,0.4632579225674917,0.88622350294858,22.2,20.7,20.7,22.2,20.7,20.7,19.9,19.3,18.8,87.8,91.7,89.0,2.4,0.198,0.003,45.83,4.17,4.17,rain,rain,rain,33.5,24.8,30.6,20.5,18.4,20.5,118.3,127.0,127.0,1014.1,1014.0,1013.8,85.9,91.0,92.4,7.0,6.8,7.7,108.0,68.8,63.9
2022-01-29,16.9,16.9,14.8,87.4,0.997,8.33,rain,51.8,33.5,64.1,1013.0,95.8,8.3,27.4,0.89,Rain,0.4784338202547012,0.8781236129591848,22.5,22.2,20.7,22.5,22.2,20.7,19.3,19.9,19.3,82.8,87.8,91.7,0.8,2.4,0.198,25.0,45.83,4.17,rain,rain,rain,34.6,33.5,24.8,22.3,20.5,18.4,119.1,118.3,127.0,1013.3,1014.1,1014.0,88.4,85.9,91.0,9.3,7.0,6.8,104.0,108.0,68.8
2022-01-30,13.1,13.1,8.2,72.9,0.262,8.33,rain,19.4,20.5,34.8,1017.1,100.0,9.3,35.4,0.93,Rain,0.49346814167723735,0.8697638720650646,16.9,22.5,22.2,16.9,22.5,22.2,14.8,19.3,19.9,87.4,82.8,87.8,0.997,0.8,2.4,8.33,25.0,45.83,rain,rain,rain,51.8,34.6,33.5,33.5,22.3,20.5,64.1,119.1,118.3,1013.0,1013.3,1014.1,95.8,88.4,85.9,8.3,9.3,7.0,27.4,104.0,108.0
2022-01-31,12.5,12.5,8.6,77.8,0.796,4.17,rain,35.3,16.6,18.2,1018.8,99.5,9.6,32.1,0.96,Rain,0.5083564379375122,0.8611467540480452,13.1,16.9,22.5,13.1,16.9,22.5,8.2,14.8,19.3,72.9,87.4,82.8,0.262,0.997,0.8,8.33,8.33,25.0,rain,rain,rain,19.4,51.8,34.6,20.5,33.5,22.3,34.8,64.1,119.1,1017.1,1013.0,1013.3,100.0,95.8,88.4,9.3,8.3,9.3,35.4,27.4,104.0
2022-02-01,13.0,13.0,7.8,71.1,0.5,16.67,rain,21.6,14.8,16.4,1019.2,98.9,10.0,47.9,0.0,Rain,0.5230943033491326,0.8522748088519838,12.5,13.1,16.9,12.5,13.1,16.9,8.6,8.2,14.8,77.8,72.9,87.4,0.796,0.262,0.997,4.17,8.33,8.33,rain,rain,rain,35.3,19.4,51.8,16.6,20.5,33.5,18.2,34.8,64.1,1018.8,1017.1,1013.0,99.5,100.0,95.8,9.6,9.3,8.3,32.1,35.4,27.4
2022-02-02,12.5,12.5,8.7,78.1,0.8,20.83,rain,24.1,14.8,11.9,1020.1,100.0,10.0,35.1,0.03,Rain,0.5376773767406141,0.8431506618282,13.0,12.5,13.1,13.0,12.5,13.1,7.8,8.6,8.2,71.1,77.8,72.9,0.5,0.796,0.262,16.67,4.17,8.33,rain,rain,rain,21.6,35.3,19.4,14.8,16.6,20.5,16.4,18.2,34.8,1019.2,1018.8,1017.1,98.9,99.5,100.0,10.0,9.6,9.3,47.9,32.1,35.4
2022-02-03,14.0,14.0,7.3,64.7,0.1,4.17,rain,23.8,14.8,357.5,1020.6,99.1,10.0,104.1,0.06,Rain,0.5521013427459208,0.8337770129585915,12.5,13.0,12.5,12.5,13.0,12.5,8.7,7.8,8.6,78.1,71.1,77.8,0.8,0.5,0.796,20.83,16.67,4.17,rain,rain,rain,24.1,21.6,35.3,14.8,14.8,16.6,11.9,16.4,18.2,1020.1,1019.2,1018.8,100.0,98.9,99.5,10.0,10.0,9.6,35.1,47.9,32.1
2022-02-04,15.5,15.5,9.1,66.0,0.0,0.0,noprecip,26.3,13.0,349.5,1022.3,80.5,10.0,129.1,0.1,Cloudy,0.5663619330814524,0.8241566360566663,14.0,12.5,13.0,14.0,12.5,13.0,7.3,8.7,7.8,64.7,78.1,71.1,0.1,0.8,0.5,4.17,20.83,16.67,rain,rain,rain,23.8,24.1,21.6,14.8,14.8,14.8,357.5,11.9,16.4,1020.6,1020.1,1019.2,99.1,100.0,98.9,10.0,10.0,10.0,104.1,35.1,47.9
2022-02-05,15.1,15.1,8.7,66.5,0.792,4.17,rain,20.2,16.6,25.2,1022.8,54.0,9.5,96.6,0.13,Rain,0.580454927809098,0.8142923779467267,15.5,14.0,12.5,15.5,14.0,12.5,9.1,7.3,8.7,66.0,64.7,78.1,0.0,0.1,0.8,0.0,4.17,20.83,noprecip,rain,rain,26.3,23.8,24.1,13.0,14.8,14.8,349.5,357.5,11.9,1022.3,1020.6,1020.1,80.5,99.1,100.0,10.0,10.0,10.0,129.1,104.1,35.1
2022-02-06,12.8,12.8,12.0,94.6,15.873,12.5,rain,23.0,11.2,49.8,1019.4,100.0,6.1,25.0,0.16,Rain,0.5943761565849831,0.804187157621448,15.1,15.5,14.0,15.1,15.5,14.0,8.7,9.1,7.3,66.5,66.0,64.7,0.792,0.0,0.1,4.17,0.0,4.17,rain,noprecip,rain,20.2,26.3,23.8,16.6,13.0,14.8,25.2,349.5,357.5,1022.8,1022.3,1020.6,54.0,80.5,99.1,9.5,10.0,10.0,96.6,129.1,104.1
2022-02-07,16.5,16.5,14.4,88.0,0.199,4.17,rain,23.0,8.0,13.4,1014.9,95.5,6.6,128.8,0.19,Rain,0.6081214998935418,0.7938439653781019,12.8,15.1,15.5,12.8,15.1,15.5,12.0,8.7,9.1,94.6,66.5,66.0,15.873,0.792,0.0,12.5,4.17,0.0,rain,rain,noprecip,23.0,20.2,26.3,11.2,16.6,13.0,49.8,25.2,349.5,1019.4,1022.8,1022.3,100.0,54.0,80.5,6.1,9.5,10.0,25.0,96.6,129.1
2022-02-08,16.0,16.0,15.1,94.3,1.197,12.5,rain,24.5,16.6,46.7,1015.8,96.4,6.3,33.6,0.25,Rain,0.6216868902665479,0.7832658619336791,16.5,12.8,15.1,16.5,12.8,15.1,14.4,12.0,8.7,88.0,94.6,66.5,0.199,15.873,0.792,4.17,12.5,4.17,rain,rain,rain,23.0,23.0,20.2,8.0,11.2,16.6,13.4,49.8,25.2,1014.9,1019.4,1022.8,95.5,100.0,54.0,6.6,6.1,9.5,128.8,25.0,96.6
2022-02-09,13.5,13.5,11.5,88.0,0.914,8.33,rain,25.9,18.4,37.2,1018.3,100.0,9.5,38.1,0.26,Rain,0.6350683134867438,0.7724559775191742,16.0,16.5,12.8,16.0,16.5,12.8,15.1,14.4,12.0,94.3,88.0,94.6,1.197,0.199,15.873,12.5,4.17,12.5,rain,rain,rain,24.5,23.0,23.0,16.6,8.0,11.2,46.7,13.4,49.8,1015.8,1014.9,1019.4,96.4,95.5,100.0,6.3,6.6,6.1,33.6,128.8,25.0
2022-02-10,13.4,13.4,11.9,90.6,0.596,12.5,rain,15.1,14.8,51.1,1016.2,98.9,6.9,64.9,0.29,Rain,0.6482618097757122,0.7614175109532997,13.5,16.0,16.5,13.5,16.0,16.5,11.5,15.1,14.4,88.0,94.3,88.0,0.914,1.197,0.199,8.33,12.5,4.17,rain,rain,rain,25.9,24.5,23.0,18.4,16.6,8.0,37.2,46.7,13.4,1018.3,1015.8,1014.9,100.0,96.4,95.5,9.5,6.3,6.6,38.1,33.6,128.8
2022-02-11,15.9,15.9,15.2,95.5,0.695,8.33,rain,15.5,11.2,28.1,1015.2,99.4,4.2,76.4,0.32,Rain,0.6612634749656386,0.7501537286959042,13.4,13.5,16.0,13.4,13.5,16.0,11.9,11.5,15.1,90.6,88.0,94.3,0.596,0.914,1.197,12.5,8.33,12.5,rain,rain,rain,15.1,25.9,24.5,14.8,18.4,16.6,51.1,37.2,46.7,1016.2,1018.3,1015.8,98.9,100.0,96.4,6.9,9.5,6.3,64.9,38.1,33.6
2022-02-12,15.3,15.3,14.6,95.1,2.724,16.67,rain,16.6,17.8,46.7,1014.3,100.0,5.7,29.8,0.35,Rain,0.6740694616546161,0.7386679638813748,15.9,13.4,13.5,15.9,13.4,13.5,15.2,11.9,11.5,95.5,90.6,88.0,0.695,0.596,0.914,8.33,12.5,8.33,rain,rain,rain,15.5,15.1,25.9,11.2,14.8,18.4,28.1,51.1,37.2,1015.2,1016.2,1018.3,99.4,98.9,100.0,4.2,6.9,9.5,76.4,64.9,38.1
2022-02-13,14.1,14.1,11.6,85.3,7.0,12.5,rain,27.7,20.5,25.2,1015.1,91.2,8.6,29.8,0.39,Rain,0.6866759803451553,0.726963615332308,15.3,15.9,13.4,15.3,15.9,13.4,14.6,15.2,11.9,95.1,95.5,90.6,2.724,0.695,0.596,16.67,8.33,12.5,rain,rain,rain,16.6,15.5,15.1,17.8,11.2,14.8,46.7,28.1,51.1,1014.3,1015.2,1016.2,100.0,99.4,98.9,5.7,4.2,6.9,29.8,76.4,64.9
2022-02-14,16.3,16.3,10.0,66.8,0.3,8.33,rain,20.5,18.4,44.4,1017.9,50.3,10.0,98.0,0.42,Rain,0.6990793005655562,0.7150441465537444,14.1,15.3,15.9,14.1,15.3,15.9,11.6,14.6,15.2,85.3,95.1,95.5,7.0,2.724,0.695,12.5,16.67,8.33,rain,rain,rain,27.7,16.6,15.5,20.5,17.8,11.2,25.2,46.7,28.1,1015.1,1014.3,1015.2,91.2,100.0,99.4,8.6,5.7,4.2,29.8,29.8,76.4
2022-02-15,16.6,16.6,13.7,83.5,0.1,4.17,rain,14.8,11.2,44.1,1016.5,99.5,8.1,59.6,0.45,Rain,0.7112757519738152,0.7029130847082615,16.3,14.1,15.3,16.3,14.1,15.3,10.0,11.6,14.6,66.8,85.3,95.1,0.3,7.0,2.724,8.33,12.5,16.67,rain,rain,rain,20.5,27.7,16.6,18.4,20.5,17.8,44.4,25.2,46.7,1017.9,1015.1,1014.3,50.3,91.2,100.0,10.0,8.6,5.7,98.0,29.8,29.8
2022-02-16,16.3,16.3,15.5,95.2,1.209,8.33,rain,12.2,9.4,37.5,1012.7,99.9,4.8,39.2,0.5,Rain,0.7232617254437388,0.6905740195722294,16.6,16.3,14.1,16.6,16.3,14.1,13.7,10.0,11.6,83.5,66.8,85.3,0.1,0.3,7.0,4.17,8.33,12.5,rain,rain,rain,14.8,20.5,27.7,11.2,18.4,20.5,44.1,44.4,25.2,1016.5,1017.9,1015.1,99.5,50.3,91.2,8.1,10.0,8.6,59.6,98.0,29.8
2022-02-17,18.5,18.5,17.5,94.3,0.1,8.33,rain,17.6,7.6,57.6,1009.8,95.8,3.1,104.5,0.52,Rain,0.7350336741329412,0.6780306024735382,16.3,16.6,16.3,16.3,16.6,16.3,15.5,13.7,10.0,95.2,83.5,66.8,1.209,0.1,0.3,8.33,4.17,8.33,rain,rain,rain,12.2,14.8,20.5,9.4,11.2,18.4,37.5,44.1,44.4,1012.7,1016.5,1017.9,99.9,99.5,50.3,4.8,8.1,10.0,39.2,59.6,98.0
2022-02-18,20.7,20.7,20.0,96.1,0.6,12.5,rain,31.0,18.4,101.2,1010.2,94.0,2.9,37.9,0.55,Rain,0.746588114532413,0.6652865452111116,18.5,16.3,16.6,18.5,16.3,16.6,17.5,15.5,13.7,94.3,95.2,83.5,0.1,1.209,0.1,8.33,8.33,4.17,rain,rain,rain,17.6,12.2,14.8,7.6,9.4,11.2,57.6,37.5,44.1,1009.8,1012.7,1016.5,95.8,99.9,99.5,3.1,4.8,8.1,104.5,39.2,59.6
2022-02-19,13.2,13.1,11.5,89.2,31.053,16.67,rain,33.8,27.7,31.4,1016.6,95.8,9.3,22.2,0.59,Rain,0.7579216274973472,0.6523456189565257,20.7,18.5,16.3,20.7,18.5,16.3,20.0,17.5,15.5,96.1,94.3,95.2,0.6,0.1,1.209,12.5,8.33,8.33,rain,rain,rain,31.0,17.6,12.2,18.4,7.6,9.4,101.2,57.6,37.5,1010.2,1009.8,1012.7,94.0,95.8,99.9,2.9,3.1,4.8,37.9,104.5,39.2
2022-02-20,9.0,6.9,7.0,87.2,39.937,16.67,rain,27.4,22.3,12.5,1022.9,96.4,9.5,16.3,0.62,Rain,0.7690308592589181,0.6392116531380588,13.2,20.7,18.5,13.1,20.7,18.5,11.5,20.0,17.5,89.2,96.1,94.3,31.053,0.6,0.1,16.67,12.5,8.33,rain,rain,rain,33.8,31.0,17.6,27.7,18.4,7.6,31.4,101.2,57.6,1016.6,1010.2,1009.8,95.8,94.0,95.8,9.3,2.9,3.1,22.2,37.9,104.5
2022-02-21,11.0,10.2,5.5,69.3,0.36,4.17,rain,31.0,18.4,5.8,1023.9,71.1,10.0,96.4,0.66,Rain,0.7799125224167177,0.6258885343075018,9.0,13.2,20.7,6.9,13.1,20.7,7.0,11.5,20.0,87.2,89.2,96.1,39.937,31.053,0.6,16.67,16.67,12.5,rain,rain,rain,27.4,33.8,31.0,22.3,27.7,18.4,12.5,31.4,101.2,1022.9,1016.6,1010.2,96.4,95.8,94.0,9.5,9.3,2.9,16.3,22.2,37.9
2022-02-22,11.6,11.4,5.9,68.0,0.0,0.0,noprecip,29.9,20.5,5.4,1025.1,92.1,10.0,95.9,0.7,Cloudy,0.7905633969115482,0.612380204990065,11.0,9.0,13.2,10.2,6.9,13.1,5.5,7.0,11.5,69.3,87.2,89.2,0.36,39.937,31.053,4.17,16.67,16.67,rain,rain,rain,31.0,27.4,33.8,18.4,22.3,27.7,5.8,12.5,31.4,1023.9,1022.9,1016.6,71.1,96.4,95.8,10.0,9.5,9.3,96.4,16.3,22.2
2022-02-23,13.6,13.6,4.9,56.2,0.0,0.0,noprecip,30.6,18.4,356.0,1026.9,19.0,10.0,239.8,0.73,Clear,0.8009803309782905,0.5986906625177214,11.6,11.0,9.0,11.4,10.2,6.9,5.9,5.5,7.0,68.0,69.3,87.2,0.0,0.36,39.937,0.0,4.17,16.67,noprecip,rain,rain,29.9,31.0,27.4,20.5,18.4,22.3,5.4,5.8,12.5,1025.1,1023.9,1022.9,92.1,71.1,96.4,10.0,10.0,9.5,95.9,96.4,16.3
2022-02-24,14.5,14.4,6.5,59.8,0.0,0.0,noprecip,26.3,14.8,57.3,1026.5,18.1,9.9,237.4,0.75,Clear,0.8111602420785621,0.5848239578463322,13.6,11.6,11.0,13.6,11.4,10.2,4.9,5.9,5.5,56.2,68.0,69.3,0.0,0.0,0.36,0.0,0.0,4.17,noprecip,noprecip,rain,30.6,29.9,31.0,18.4,20.5,18.4,356.0,5.4,5.8,1026.9,1025.1,1023.9,19.0,92.1,71.1,10.0,10.0,10.0,239.8,95.9,96.4
2022-02-25,15.2,15.2,9.3,70.0,0.0,0.0,noprecip,16.6,14.8,104.7,1023.9,15.1,8.1,218.4,0.8,Clear,0.8211001178128892,0.5707841943569036,14.5,13.6,11.6,14.4,13.6,11.4,6.5,4.9,5.9,59.8,56.2,68.0,0.0,0.0,0.0,0.0,0.0,0.0,noprecip,noprecip,noprecip,26.3,30.6,29.9,14.8,18.4,20.5,57.3,356.0,5.4,1026.5,1026.9,1025.1,18.1,19.0,92.1,9.9,10.0,10.0,237.4,239.8,95.9
2022-02-26,17.0,17.0,11.8,72.8,0.0,0.0,noprecip,19.4,11.2,61.3,1022.1,75.9,6.6,210.9,0.84,Cloudy,0.8307970168121247,0.5565755266413303,15.2,14.5,13.6,15.2,14.4,13.6,9.3,6.5,4.9,70.0,59.8,56.2,0.0,0.0,0.0,0.0,0.0,0.0,noprecip,noprecip,noprecip,16.6,26.3,30.6,14.8,14.8,18.4,104.7,57.3,356.0,1023.9,1026.5,1026.9,15.1,18.1,19.0,8.1,9.9,10.0,218.4,237.4,239.8
2022-02-27,18.8,18.8,13.9,73.9,0.0,0.0,noprecip,19.8,9.4,263.5,1018.9,76.0,5.3,163.1,0.87,Cloudy,0.8402480696078469,0.5422021592729844,17.0,15.2,14.5,17.0,15.2,14.4,11.8,9.3,6.5,72.8,70.0,59.8,0.0,0.0,0.0,0.0,0.0,0.0,noprecip,noprecip,noprecip,19.4,16.6,26.3,11.2,14.8,14.8,61.3,104.7,57.3,1022.1,1023.9,1026.5,75.9,15.1,18.1,6.6,8.1,9.9,210.9,218.4,237.4
2022-02-28,19.9,19.9,15.5,76.7,0.0,0.0,noprecip,28.4,16.6,112.2,1015.9,64.0,5.6,197.0,0.91,Cloudy,0.8494504794814806,0.527668345562516,18.8,17.0,15.2,18.8,17.0,15.2,13.9,11.8,9.3,73.9,72.8,70.0,0.0,0.0,0.0,0.0,0.0,0.0,noprecip,noprecip,noprecip,19.8,19.4,16.6,9.4,11.2,14.8,263.5,61.3,104.7,1018.9,1022.1,1023.9,76.0,75.9,15.1,5.3,6.6,8.1,163.1,210.9,218.4
2022-03-01,20.7,20.7,17.1,79.9,0.5,20.83,rain,14.0,13.0,100.6,1016.4,83.5,5.8,66.6,0.95,Rain,0.8584015232918917,0.512978386299228,19.9,18.8,17.0,19.9,18.8,17.0,15.5,13.9,11.8,76.7,73.9,72.8,0.0,0.0,0.0,0.0,0.0,0.0,noprecip,noprecip,noprecip,28.4,19.8,19.4,16.6,9.4,11.2,112.2,263.5,61.3,1015.9,1018.9,1022.1,64.0,76.0,75.9,5.6,5.3,6.6,197.0,163.1,210.9
2022-03-02,22.2,22.2,18.2,79.5,0.0,0.0,noprecip,25.9,13.0,151.7,1016.6,65.8,5.3,162.7,0.98,Cloudy,0.8670985522812081,0.4981366284784055,20.7,19.9,18.8,20.7,19.9,18.8,17.1,15.5,13.9,79.9,76.7,73.9,0.5,0.0,0.0,20.83,0.0,0.0,rain,noprecip,noprecip,14.0,28.4,19.8,13.0,16.6,9.4,100.6,112.2,263.5,1016.4,1015.9,1018.9,83.5,64.0,76.0,5.8,5.6,5.3,66.6,197.0,163.1
2022-03-03,22.1,22.1,18.5,80.7,0.0,0.0,noprecip,31.0,20.5,118.6,1014.2,67.0,6.4,173.2,0.0,Cloudy,0.8755389928586302,0.4831474640149687,22.2,20.7,19.9,22.2,20.7,19.9,18.2,17.1,15.5,79.5,79.9,76.7,0.0,0.5,0.0,0.0,20.83,0.0,noprecip,rain,noprecip,25.9,14.0,28.4,13.0,13.0,16.6,151.7,100.6,112.2,1016.6,1016.4,1015.9,65.8,83.5,64.0,5.3,5.8,5.6,162.7,66.6,197.0
2022-03-04,21.3,21.3,19.5,89.8,0.3,12.5,rain,28.8,14.8,109.5,1012.8,96.9,5.1,109.5,0.05,Rain,0.8837203473619977,0.4680153284438345,22.1,22.2,20.7,22.1,22.2,20.7,18.5,18.2,17.1,80.7,79.5,79.9,0.0,0.0,0.5,0.0,0.0,20.83,noprecip,noprecip,rain,31.0,25.9,14.0,20.5,13.0,13.0,118.6,151.7,100.6,1014.2,1016.6,1016.4,67.0,65.8,83.5,6.4,5.3,5.8,173.2,162.7,66.6
2022-03-05,21.3,21.3,20.5,95.0,0.2,8.33,rain,27.0,11.6,114.6,1011.7,96.9,4.1,53.4,0.08,Rain,0.8916401947968874,0.45274469960737107,21.3,22.1,22.2,21.3,22.1,22.2,19.5,18.5,18.2,89.8,80.7,79.5,0.3,0.0,0.0,12.5,0.0,0.0,rain,noprecip,noprecip,28.8,31.0,25.9,14.8,20.5,13.0,109.5,118.6,151.7,1012.8,1014.2,1016.6,96.9,67.0,65.8,5.1,6.4,5.3,109.5,173.2,162.7
2022-03-06,22.2,22.2,21.1,93.7,0.206,12.5,rain,30.6,14.8,114.8,1011.5,98.0,4.6,86.4,0.11,Rain,0.8992961915530253,0.4373400963303323,21.3,21.3,22.1,21.3,21.3,22.1,20.5,19.5,18.5,95.0,89.8,80.7,0.2,0.3,0.0,8.33,12.5,0.0,rain,rain,noprecip,27.0,28.8,31.0,11.6,14.8,20.5,114.6,109.5,118.6,1011.7,1012.8,1014.2,96.9,96.9,67.0,4.1,5.1,6.4,53.4,109.5,173.2
2022-03-07,21.5,21.5,17.1,77.7,15.285,12.5,rain,40.3,24.1,7.9,1017.7,46.6,7.8,117.4,0.14,Rain,0.9066860720977985,0.4218060770826634,22.2,21.3,21.3,22.2,21.3,21.3,21.1,20.5,19.5,93.7,95.0,89.8,0.206,0.2,0.3,12.5,8.33,12.5,rain,rain,rain,30.6,27.0,28.8,14.8,11.6,14.8,114.8,114.6,109.5,1011.5,1011.7,1012.8,98.0,96.9,96.9,4.6,4.1,5.1,86.4,53.4,109.5
2022-03-08,20.5,20.5,14.1,69.8,0.0,0.0,noprecip,33.8,22.3,124.6,1016.0,16.3,8.7,259.2,0.18,Clear,0.9138076496466615,0.40614723863057883,21.5,22.2,21.3,21.5,22.2,21.3,17.1,21.1,20.5,77.7,93.7,95.0,15.285,0.206,0.2,12.5,12.5,8.33,rain,rain,rain,40.3,30.6,27.0,24.1,14.8,11.6,7.9,114.8,114.6,1017.7,1011.5,1011.7,46.6,98.0,96.9,7.8,4.6,4.1,117.4,86.4,53.4
2022-03-09,19.6,19.6,15.5,77.7,0.1,4.17,rain,31.3,22.3,105.2,1013.9,77.2,9.3,110.7,0.21,Rain,0.9206588168102428,0.3903682146763026,20.5,21.5,22.2,20.5,21.5,22.2,14.1,17.1,21.1,69.8,77.7,93.7,0.0,15.285,0.206,0.0,12.5,12.5,noprecip,rain,rain,33.8,40.3,30.6,22.3,24.1,14.8,124.6,7.9,114.8,1016.0,1017.7,1011.5,16.3,46.6,98.0,8.7,7.8,4.6,259.2,117.4,86.4
2022-03-10,20.6,20.6,18.0,85.5,0.989,4.17,rain,28.1,16.6,111.2,1013.8,96.8,7.0,93.5,0.25,Rain,0.9272375462179537,0.374473674486883,19.6,20.5,21.5,19.6,20.5,21.5,15.5,14.1,17.1,77.7,69.8,77.7,0.1,0.0,15.285,4.17,0.0,12.5,rain,noprecip,rain,31.3,33.8,40.3,22.3,22.3,24.1,105.2,124.6,7.9,1013.9,1016.0,1017.7,77.2,16.3,46.6,9.3,8.7,7.8,110.7,259.2,117.4
2022-03-11,22.0,22.0,18.5,81.3,0.0,0.0,noprecip,24.1,13.0,116.2,1012.3,96.7,8.9,146.6,0.27,Cloudy,0.9335418911179212,0.35846832151248087,20.6,19.6,20.5,20.6,19.6,20.5,18.0,15.5,14.1,85.5,77.7,69.8,0.989,0.1,0.0,4.17,4.17,0.0,rain,rain,noprecip,28.1,31.3,33.8,16.6,22.3,22.3,111.2,105.2,124.6,1013.8,1013.9,1016.0,96.8,77.2,16.3,7.0,9.3,8.7,93.5,110.7,259.2
2022-03-12,22.7,22.7,19.4,82.0,0.3,12.5,rain,30.2,18.4,124.9,1011.1,79.0,8.9,82.7,0.3,Rain,0.9395699859530622,0.342356891994542,22.0,20.6,19.6,22.0,20.6,19.6,18.5,18.0,15.5,81.3,85.5,77.7,0.0,0.989,0.1,0.0,4.17,4.17,noprecip,rain,rain,24.1,28.1,31.3,13.0,16.6,22.3,116.2,111.2,105.2,1012.3,1013.8,1013.9,96.7,96.8,77.2,8.9,7.0,9.3,146.6,93.5,110.7
2022-03-13,22.8,22.8,20.2,85.5,0.0,0.0,noprecip,32.0,16.6,115.6,1011.0,85.6,8.5,106.2,0.34,Cloudy,0.945320046913132,0.3261441535642696,22.7,22.0,20.6,22.7,22.0,20.6,19.4,18.5,18.0,82.0,81.3,85.5,0.3,0.0,0.989,12.5,0.0,4.17,rain,noprecip,rain,30.2,24.1,28.1,18.4,13.0,16.6,124.9,116.2,111.2,1011.1,1012.3,1013.8,79.0,96.7,96.8,8.9,8.9,7.0,82.7,146.6,93.5
2022-03-14,23.3,23.3,20.3,83.5,0.2,8.33,rain,31.0,14.4,115.0,1011.0,92.9,8.1,94.6,0.37,Rain,0.9507903724625832,0.3098349038318025,22.8,22.7,22.0,22.8,22.7,22.0,20.2,19.4,18.5,85.5,82.0,81.3,0.0,0.3,0.0,0.0,12.5,0.0,noprecip,rain,noprecip,32.0,30.2,24.1,16.6,18.4,13.0,115.6,124.9,116.2,1011.0,1011.1,1012.3,85.6,79.0,96.7,8.5,8.9,8.9,106.2,82.7,146.6
2022-03-15,24.7,25.2,20.7,79.3,0.1,4.17,rain,19.1,13.0,192.5,1010.0,54.7,5.8,114.3,0.4,Rain,0.9559793438440766,0.2934339689665273,23.3,22.8,22.7,23.3,22.8,22.7,20.3,20.2,19.4,83.5,85.5,82.0,0.2,0.0,0.3,8.33,0.0,12.5,rain,noprecip,rain,31.0,32.0,30.2,14.4,16.6,18.4,115.0,115.6,124.9,1011.0,1011.0,1011.1,92.9,85.6,79.0,8.1,8.5,8.9,94.6,106.2,82.7
2022-03-16,23.5,23.5,21.3,87.9,0.223,12.5,rain,38.2,20.5,120.2,1008.6,76.8,6.7,139.2,0.43,Rain,0.9608854255574977,0.27694620226893646,24.7,23.3,22.8,25.2,23.3,22.8,20.7,20.3,20.2,79.3,83.5,85.5,0.1,0.2,0.0,4.17,8.33,0.0,rain,rain,noprecip,19.1,31.0,32.0,13.0,14.4,16.6,192.5,115.0,115.6,1010.0,1011.0,1011.0,54.7,92.9,85.6,5.8,8.1,8.5,114.3,94.6,106.2
2022-03-17,23.6,23.6,21.6,88.7,0.0,0.0,noprecip,21.2,14.8,106.2,1007.9,91.8,6.1,130.2,0.46,Cloudy,0.9655071658143364,0.2603764827344581,23.5,24.7,23.3,23.5,25.2,23.3,21.3,20.7,20.3,87.9,79.3,83.5,0.223,0.1,0.2,12.5,4.17,8.33,rain,rain,rain,38.2,19.1,31.0,20.5,13.0,14.4,120.2,192.5,115.0,1008.6,1010.0,1011.0,76.8,54.7,92.9,6.7,5.8,8.1,139.2,114.3,94.6
2022-03-18,24.9,25.6,22.0,84.3,0.099,4.17,rain,21.6,17.0,115.6,1008.4,71.4,5.7,106.9,0.5,Rain,0.969843196967294,0.24372971360968387,23.6,23.5,24.7,23.6,23.5,25.2,21.6,21.3,20.7,88.7,87.9,79.3,0.0,0.223,0.1,0.0,12.5,4.17,noprecip,rain,rain,21.2,38.2,19.1,14.8,20.5,13.0,106.2,120.2,192.5,1007.9,1008.6,1010.0,91.8,76.8,54.7,6.1,6.7,5.8,130.2,139.2,114.3
2022-03-19,24.1,24.1,22.0,88.0,0.3,12.5,rain,31.7,18.4,117.2,1006.7,90.6,6.8,142.6,0.53,Rain,0.9738922359149924,0.22701082094141847,24.9,23.6,23.5,25.6,23.6,23.5,22.0,21.6,21.3,84.3,88.7,87.9,0.099,0.0,0.223,4.17,0.0,12.5,rain,noprecip,rain,21.6,21.2,38.2,17.0,14.8,20.5,115.6,106.2,120.2,1008.4,1007.9,1008.6,71.4,91.8,76.8,5.7,6.1,6.7,106.9,130.2,139.2
2022-03-20,25.4,26.1,22.9,86.2,0.0,0.0,noprecip,37.1,27.7,114.3,1006.7,91.8,7.5,192.9,0.57,Cloudy,0.9776530844816641,0.2102247521189836,24.1,24.9,23.6,24.1,25.6,23.6,22.0,22.0,21.6,88.0,84.3,88.7,0.3,0.099,0.0,12.5,4.17,0.0,rain,rain,noprecip,31.7,21.6,21.2,18.4,17.0,14.8,117.2,115.6,106.2,1006.7,1008.4,1007.9,90.6,71.4,91.8,6.8,5.7,6.1,142.6,106.9,130.2
2022-03-21,25.6,26.5,23.6,89.3,0.0,0.0,noprecip,32.4,18.4,107.5,1007.7,90.6,6.2,183.0,0.6,Cloudy,0.981124629771712,0.19337647441020586,25.4,24.1,24.9,26.1,24.1,25.6,22.9,22.0,22.0,86.2,88.0,84.3,0.0,0.3,0.099,0.0,12.5,4.17,noprecip,rain,rain,37.1,31.7,21.6,27.7,18.4,17.0,114.3,117.2,115.6,1006.7,1006.7,1008.4,91.8,90.6,71.4,7.5,6.8,5.7,192.9,142.6,106.9
2022-03-22,26.5,28.2,23.8,85.8,10.6,25.0,rain,25.9,20.5,94.7,1009.1,79.0,6.1,183.5,0.64,Rain,0.984305844499033,0.17647097349152166,25.6,25.4,24.1,26.5,26.1,24.1,23.6,22.9,22.0,89.3,86.2,88.0,0.0,0.0,0.3,0.0,0.0,12.5,noprecip,noprecip,rain,32.4,37.1,31.7,18.4,27.7,18.4,107.5,114.3,117.2,1007.7,1006.7,1006.7,90.6,91.8,90.6,6.2,7.5,6.8,183.0,192.9,142.6
2022-03-23,19.9,19.9,16.9,83.1,5.99,8.33,rain,51.8,31.7,40.8,1013.4,99.0,8.7,33.7,0.68,Rain,0.9871957872910085,0.15951325197263655,26.5,25.6,25.4,28.2,26.5,26.1,23.8,23.6,22.9,85.8,89.3,86.2,10.6,0.0,0.0,25.0,0.0,0.0,rain,noprecip,noprecip,25.9,32.4,37.1,20.5,18.4,27.7,94.7,107.5,114.3,1009.1,1007.7,1006.7,79.0,90.6,91.8,6.1,6.2,7.5,183.5,183.0,192.9
2022-03-24,18.7,18.7,16.7,88.3,4.951,4.17,rain,38.9,16.6,101.7,1011.0,99.5,7.2,81.7,0.71,Rain,0.9897936029670716,0.14250832791617088,19.9,26.5,25.6,19.9,28.2,26.5,16.9,23.8,23.6,83.1,85.8,89.3,5.99,10.6,0.0,8.33,25.0,0.0,rain,rain,noprecip,51.8,25.9,32.4,31.7,20.5,18.4,40.8,94.7,107.5,1013.4,1009.1,1007.7,99.0,79.0,90.6,8.7,6.1,6.2,33.7,183.5,183.0
2022-03-25,22.4,22.5,20.2,88.0,0.198,4.17,rain,25.2,13.0,110.7,1007.6,94.5,5.2,189.0,0.75,Rain,0.992098522791769,0.12546123335273648,18.7,19.9,26.5,18.7,19.9,28.2,16.7,16.9,23.8,88.3,83.1,85.8,4.951,5.99,10.6,4.17,8.33,25.0,rain,rain,rain,38.9,51.8,25.9,16.6,31.7,20.5,101.7,40.8,94.7,1011.0,1013.4,1009.1,99.5,99.0,79.0,7.2,8.7,6.1,81.7,33.7,183.5
2022-03-26,26.4,28.6,23.1,83.2,0.0,0.0,noprecip,34.6,16.6,84.6,1007.6,50.6,4.8,261.1,0.78,Cloudy,0.9941098647022418,0.10837701279187609,22.4,18.7,19.9,22.5,18.7,19.9,20.2,16.7,16.9,88.0,88.3,83.1,0.198,4.951,5.99,4.17,4.17,8.33,rain,rain,rain,25.2,38.9,51.8,13.0,16.6,31.7,110.7,101.7,40.8,1007.6,1011.0,1013.4,94.5,99.5,99.0,5.2,7.2,8.7,189.0,81.7,33.7
2022-03-27,23.1,23.1,18.3,75.6,0.89,4.17,rain,51.8,27.7,44.9,1012.8,76.1,8.7,67.2,0.82,Rain,0.9958270335100595,0.09126072172931188,26.4,22.4,18.7,28.6,22.5,18.7,23.1,20.2,16.7,83.2,88.0,88.3,0.0,0.198,4.951,0.0,4.17,4.17,noprecip,rain,rain,34.6,25.2,38.9,16.6,13.0,16.6,84.6,110.7,101.7,1007.6,1007.6,1011.0,50.6,94.5,99.5,4.8,5.2,7.2,261.1,189.0,81.7
2022-03-28,19.9,19.9,14.8,73.1,7.033,8.33,rain,24.1,13.0,64.5,1016.7,36.6,10.0,180.7,0.85,Rain,0.9972495210773451,0.07411742515094437,23.1,26.4,22.4,23.1,28.6,22.5,18.3,23.1,20.2,75.6,83.2,88.0,0.89,0.0,0.198,4.17,0.0,4.17,rain,noprecip,rain,51.8,34.6,25.2,27.7,16.6,13.0,44.9,84.6,110.7,1012.8,1007.6,1007.6,76.1,50.6,94.5,8.7,4.8,5.2,67.2,261.1,189.0
2022-03-29,20.2,20.2,17.1,82.7,0.2,4.17,rain,18.4,13.0,89.1,1014.8,85.7,5.4,111.8,0.89,Rain,0.998376906467142,0.056952196034039754,19.9,23.1,26.4,19.9,23.1,28.6,14.8,18.3,23.1,73.1,75.6,83.2,7.033,0.89,0.0,8.33,4.17,0.0,rain,rain,noprecip,24.1,51.8,34.6,13.0,27.7,16.6,64.5,44.9,84.6,1016.7,1012.8,1007.6,36.6,76.1,50.6,10.0,8.7,4.8,180.7,67.2,261.1
2022-03-30,21.9,21.9,20.2,90.6,0.513,8.33,rain,21.2,18.4,90.5,1013.6,94.9,4.7,78.8,0.93,Rain,0.9992088560679753,0.03977011384605572,20.2,19.9,23.1,20.2,19.9,23.1,17.1,14.8,18.3,82.7,73.1,75.6,0.2,7.033,0.89,4.17,8.33,4.17,rain,rain,rain,18.4,24.1,51.8,13.0,13.0,27.7,89.1,64.5,44.9,1014.8,1016.7,1012.8,85.7,36.6,76.1,5.4,10.0,8.7,111.8,180.7,67.2
2022-03-31,24.4,25.2,21.6,85.2,0.199,4.17,rain,46.4,25.9,60.3,1014.8,85.9,7.0,132.4,0.96,Rain,0.9997451236925734,0.022576263041545485,21.9,20.2,19.9,21.9,20.2,19.9,20.2,17.1,14.8,90.6,82.7,73.1,0.513,0.2,7.033,8.33,4.17,8.33,rain,rain,rain,21.2,18.4,24.1,18.4,13.0,13.0,90.5,89.1,64.5,1013.6,1014.8,1016.7,94.9,85.7,36.6,4.7,5.4,10.0,78.8,111.8,180.7
2022-04-01,18.5,18.5,15.7,84.1,43.745,16.67,rain,31.7,31.7,347.3,1021.5,89.4,9.0,41.2,0.0,Rain,0.9999855506507186,0.005375731557583884,24.4,21.9,20.2,25.2,21.9,20.2,21.6,20.2,17.1,85.2,90.6,82.7,0.199,0.513,0.2,4.17,8.33,4.17,rain,rain,rain,46.4,21.2,18.4,25.9,18.4,13.0,60.3,90.5,89.1,1014.8,1013.6,1014.8,85.9,94.9,85.7,7.0,4.7,5.4,132.4,78.8,111.8
2022-04-02,19.5,19.5,10.7,57.3,0.042,4.17,rain,38.2,22.3,355.5,1025.2,50.4,10.0,96.7,0.03,Rain,0.9999300657962057,-0.011826390691832589,18.5,24.4,21.9,18.5,25.2,21.9,15.7,21.6,20.2,84.1,85.2,90.6,43.745,0.199,0.513,16.67,4.17,8.33,rain,rain,rain,31.7,46.4,21.2,31.7,25.9,18.4,347.3,60.3,90.5,1021.5,1014.8,1013.6,89.4,85.9,94.9,9.0,7.0,4.7,41.2,132.4,78.8
2022-04-03,20.4,20.4,10.2,54.9,0.0,0.0,noprecip,25.2,16.6,24.6,1022.5,7.1,10.0,255.6,0.06,Clear,0.9995786855478958,-0.029025013321975237,19.5,18.5,24.4,19.5,18.5,25.2,10.7,15.7,21.6,57.3,84.1,85.2,0.042,43.745,0.199,4.17,16.67,4.17,rain,rain,rain,38.2,31.7,46.4,22.3,31.7,25.9,355.5,347.3,60.3,1025.2,1021.5,1014.8,50.4,89.4,85.9,10.0,9.0,7.0,96.7,41.2,132.4
2022-04-04,21.4,21.4,11.7,56.3,0.0,0.0,noprecip,24.1,16.6,119.9,1021.2,9.3,10.0,292.4,0.09,Clear,0.9989315138848577,-0.046215046983708354,20.4,19.5,18.5,20.4,19.5,18.5,10.2,10.7,15.7,54.9,57.3,84.1,0.0,0.042,43.745,0.0,4.17,16.67,noprecip,rain,rain,25.2,38.2,31.7,16.6,22.3,31.7,24.6,355.5,347.3,1022.5,1025.2,1021.5,7.1,50.4,89.4,10.0,10.0,9.0,255.6,96.7,41.2
2022-04-05,22.0,22.0,14.2,62.9,0.0,0.0,noprecip,18.0,11.2,254.1,1020.0,5.5,9.5,288.9,0.13,Clear,0.9979887423155984,-0.06339140486951038,21.4,20.4,19.5,21.4,20.4,19.5,11.7,10.2,10.7,56.3,54.9,57.3,0.0,0.0,0.042,0.0,0.0,4.17,noprecip,noprecip,rain,24.1,25.2,38.2,16.6,16.6,22.3,119.9,24.6,355.5,1021.2,1022.5,1025.2,9.3,7.1,50.4,10.0,10.0,10.0,292.4,255.6,96.7
2022-04-06,23.8,23.9,16.9,67.2,0.0,0.0,noprecip,19.4,11.2,311.5,1017.8,17.0,8.7,271.0,0.16,Clear,0.9967506498213929,-0.08054900421874167,22.0,21.4,20.4,22.0,21.4,20.4,14.2,11.7,10.2,62.9,56.3,54.9,0.0,0.0,0.0,0.0,0.0,0.0,noprecip,noprecip,noprecip,18.0,24.1,25.2,11.2,16.6,16.6,254.1,119.9,24.6,1020.0,1021.2,1022.5,5.5,9.3,7.1,9.5,10.0,10.0,288.9,292.4,255.6
2022-04-07,26.1,26.2,17.1,59.5,0.0,0.0,noprecip,26.6,14.8,289.2,1016.5,20.8,8.3,274.2,0.19,Cloudy,0.9952176027737294,-0.09768276782171598,23.8,22.0,21.4,23.9,22.0,21.4,16.9,14.2,11.7,67.2,62.9,56.3,0.0,0.0,0.0,0.0,0.0,0.0,noprecip,noprecip,noprecip,19.4,18.0,24.1,11.2,11.2,16.6,311.5,254.1,119.9,1017.8,1020.0,1021.2,17.0,5.5,9.3,8.7,9.5,10.0,271.0,288.9,292.4
2022-04-08,25.1,25.0,16.3,61.1,0.0,0.0,noprecip,18.0,13.0,125.6,1014.9,3.3,8.5,293.2,0.22,Clear,0.9933900548258936,-0.11478762552212701,26.1,23.8,22.0,26.2,23.9,22.0,17.1,16.9,14.2,59.5,67.2,62.9,0.0,0.0,0.0,0.0,0.0,0.0,noprecip,noprecip,noprecip,26.6,19.4,18.0,14.8,11.2,11.2,289.2,311.5,254.1,1016.5,1017.8,1020.0,20.8,17.0,5.5,8.3,8.7,9.5,274.2,271.0,288.9
2022-04-09,24.3,24.3,17.5,69.4,0.0,0.0,noprecip,29.5,20.5,116.5,1012.1,3.8,7.8,298.0,0.25,Clear,0.9912685467787256,-0.13185851571739118,25.1,26.1,23.8,25.0,26.2,23.9,16.3,17.1,16.9,61.1,59.5,67.2,0.0,0.0,0.0,0.0,0.0,0.0,noprecip,noprecip,noprecip,18.0,26.6,19.4,13.0,14.8,11.2,125.6,289.2,311.5,1014.9,1016.5,1017.8,3.3,20.8,17.0,8.5,8.3,8.7,293.2,274.2,271.0
2022-04-10,24.4,24.7,19.0,73.4,0.0,0.0,noprecip,25.6,18.4,117.0,1010.8,57.5,8.6,264.0,0.29,Cloudy,0.9888537064205885,-0.1488903868564548,24.3,25.1,26.1,24.3,25.0,26.2,17.5,16.3,17.1,69.4,61.1,59.5,0.0,0.0,0.0,0.0,0.0,0.0,noprecip,noprecip,noprecip,29.5,18.0,26.6,20.5,13.0,14.8,116.5,125.6,289.2,1012.1,1014.9,1016.5,3.8,3.3,20.8,7.8,8.5,8.3,298.0,293.2,274.2
2022-04-11,23.2,23.2,21.0,87.7,0.4,16.67,rain,27.0,14.8,111.1,1010.0,71.4,6.7,119.0,0.32,Rain,0.986146248341595,-0.16587819893463143,24.4,24.3,25.1,24.7,24.3,25.0,19.0,17.5,16.3,73.4,69.4,61.1,0.0,0.0,0.0,0.0,0.0,0.0,noprecip,noprecip,noprecip,25.6,29.5,18.0,18.4,20.5,13.0,117.0,116.5,125.6,1010.8,1012.1,1014.9,57.5,3.8,3.3,8.6,7.8,8.5,264.0,298.0,293.2
2022-04-12,25.0,25.7,22.1,84.3,0.0,0.0,noprecip,28.8,18.4,126.5,1006.6,73.9,8.4,155.8,0.35,Cloudy,0.9831469737221499,-0.1828169249850199,23.2,24.4,24.3,23.2,24.7,24.3,21.0,19.0,17.5,87.7,73.4,69.4,0.4,0.0,0.0,16.67,0.0,0.0,rain,noprecip,noprecip,27.0,25.6,29.5,14.8,18.4,20.5,111.1,117.0,116.5,1010.0,1010.8,1012.1,71.4,57.5,3.8,6.7,8.6,7.8,119.0,264.0,298.0
2022-04-13,27.0,28.6,22.2,76.6,0.2,8.33,rain,18.7,11.2,98.7,1006.6,47.2,8.0,175.8,0.38,Rain,0.9798567700958665,-0.1997015525660636,25.0,23.2,24.4,25.7,23.2,24.7,22.1,21.0,19.0,84.3,87.7,73.4,0.0,0.4,0.0,0.0,16.67,0.0,noprecip,rain,noprecip,28.8,27.0,25.6,18.4,14.8,18.4,126.5,111.1,117.0,1006.6,1010.0,1010.8,73.9,71.4,57.5,8.4,6.7,8.6,155.8,119.0,264.0
2022-04-14,26.8,28.3,22.5,78.9,0.1,4.17,rain,33.5,20.5,116.7,1006.8,42.6,7.8,174.6,0.42,Rain,0.9762766110869321,-0.21652708524481437,27.0,25.0,23.2,28.6,25.7,23.2,22.2,22.1,21.0,76.6,84.3,87.7,0.2,0.0,0.4,8.33,0.0,16.67,rain,noprecip,rain,18.7,28.8,27.0,11.2,18.4,14.8,98.7,126.5,111.1,1006.6,1006.6,1010.0,47.2,73.9,71.4,8.0,8.4,6.7,175.8,155.8,119.0
2022-04-15,26.1,27.2,23.3,84.9,1.2,37.5,rain,38.2,18.4,115.8,1007.5,89.9,7.3,101.5,0.45,Rain,0.9724075561219968,-0.23328854407545518,26.8,27.0,25.0,28.3,28.6,25.7,22.5,22.2,22.1,78.9,76.6,84.3,0.1,0.2,0.0,4.17,8.33,0.0,rain,rain,noprecip,33.5,18.7,28.8,20.5,11.2,18.4,116.7,98.7,126.5,1006.8,1006.6,1006.6,42.6,47.2,73.9,7.8,8.0,8.4,174.6,175.8,155.8
2022-04-16,23.9,23.9,21.7,87.3,5.688,16.67,rain,44.3,25.9,80.8,1009.0,97.4,8.9,74.0,0.48,Rain,0.9682507501166718,-0.2499809690726521,26.1,26.8,27.0,27.2,28.3,28.6,23.3,22.5,22.2,84.9,78.9,76.6,1.2,0.1,0.2,37.5,4.17,8.33,rain,rain,rain,38.2,33.5,18.7,18.4,20.5,11.2,115.8,116.7,98.7,1007.5,1006.8,1006.6,89.9,42.6,47.2,7.3,7.8,8.0,101.5,174.6,175.8
2022-04-17,18.2,18.2,16.4,89.2,0.844,8.33,rain,22.3,20.5,24.3,1014.1,99.5,8.7,36.7,0.5,Rain,0.9638074231367307,-0.26659942067929354,23.9,26.1,26.8,23.9,27.2,28.3,21.7,23.3,22.5,87.3,84.9,78.9,5.688,1.2,0.1,16.67,37.5,4.17,rain,rain,rain,44.3,38.2,33.5,25.9,18.4,20.5,80.8,115.8,116.7,1009.0,1007.5,1006.8,97.4,89.9,42.6,8.9,7.3,7.8,74.0,101.5,174.6
2022-04-18,19.2,19.2,15.4,79.6,10.892,12.5,rain,29.5,18.4,17.1,1017.8,70.0,9.2,89.8,0.55,Rain,0.9590788900341131,-0.28313898122818354,18.2,23.9,26.1,18.2,23.9,27.2,16.4,21.7,23.3,89.2,87.3,84.9,0.844,5.688,1.2,8.33,16.67,37.5,rain,rain,rain,22.3,44.3,38.2,20.5,25.9,18.4,24.3,80.8,115.8,1014.1,1009.0,1007.5,99.5,97.4,89.9,8.7,8.9,7.3,36.7,74.0,101.5
2022-04-19,22.2,22.2,15.4,67.4,0.0,0.0,noprecip,21.6,16.6,28.9,1017.6,24.2,10.0,202.0,0.59,Cloudy,0.9540665500578387,-0.2995947563972602,19.2,18.2,23.9,19.2,18.2,23.9,15.4,16.4,21.7,79.6,89.2,87.3,10.892,0.844,5.688,12.5,8.33,16.67,rain,rain,rain,29.5,22.3,44.3,18.4,20.5,25.9,17.1,24.3,80.8,1017.8,1014.1,1009.0,70.0,99.5,97.4,9.2,8.7,8.9,89.8,36.7,74.0
2022-04-20,22.1,22.1,17.5,76.1,0.6,4.17,rain,17.6,13.0,104.3,1014.9,22.5,8.2,207.7,0.62,Rain,0.9487718864399473,-0.31596187665790293,22.2,19.2,18.2,22.2,19.2,18.2,15.4,15.4,16.4,67.4,79.6,89.2,0.0,10.892,0.844,0.0,12.5,8.33,noprecip,rain,rain,21.6,29.5,22.3,16.6,18.4,20.5,28.9,17.1,24.3,1017.6,1017.8,1014.1,24.2,70.0,99.5,10.0,9.2,8.7,202.0,89.8,36.7
2022-04-21,22.0,22.0,19.5,85.9,1.2,16.67,rain,24.8,13.0,83.3,1011.7,83.5,5.7,135.9,0.66,Rain,0.9431964659565866,-0.33223549871590435,22.1,22.2,19.2,22.1,22.2,19.2,17.5,15.4,15.4,76.1,67.4,79.6,0.6,0.0,10.892,4.17,0.0,12.5,rain,noprecip,rain,17.6,21.6,29.5,13.0,16.6,18.4,104.3,28.9,17.1,1014.9,1017.6,1017.8,22.5,24.2,70.0,8.2,10.0,9.2,207.7,202.0,89.8
2022-04-22,25.3,26.3,21.4,80.2,0.0,0.0,noprecip,31.3,20.5,129.3,1009.1,75.3,8.0,166.2,0.69,Cloudy,0.9373419384643772,-0.3484108069446808,22.0,22.1,22.2,22.0,22.1,22.2,19.5,17.5,15.4,85.9,76.1,67.4,1.2,0.6,0.0,16.67,4.17,0.0,rain,rain,noprecip,24.8,17.6,21.6,13.0,13.0,16.6,83.3,104.3,28.9,1011.7,1014.9,1017.6,83.5,22.5,24.2,5.7,8.2,10.0,135.9,207.7,202.0
2022-04-23,27.0,29.1,23.6,82.8,0.4,12.5,rain,26.3,20.5,116.0,1007.5,73.5,8.6,183.2,0.75,Rain,0.9312100364121947,-0.3644830148102912,25.3,22.0,22.1,26.3,22.0,22.1,21.4,19.5,17.5,80.2,85.9,76.1,0.0,1.2,0.6,0.0,16.67,4.17,noprecip,rain,rain,31.3,24.8,17.6,20.5,13.0,13.0,129.3,83.3,104.3,1009.1,1011.7,1014.9,75.3,83.5,22.5,8.0,5.7,8.2,166.2,135.9,207.7
2022-04-24,26.8,28.9,24.4,86.9,0.0,0.0,noprecip,31.7,20.5,115.8,1004.9,94.6,9.0,228.9,0.76,Cloudy,0.9248025743285089,-0.38044736628785164,27.0,25.3,22.0,29.1,26.3,22.0,23.6,21.4,19.5,82.8,80.2,85.9,0.4,0.0,1.2,12.5,0.0,16.67,rain,noprecip,rain,26.3,31.3,24.8,20.5,20.5,13.0,116.0,129.3,83.3,1007.5,1009.1,1011.7,73.5,75.3,83.5,8.6,8.0,5.7,183.2,166.2,135.9
2022-04-25,27.8,31.1,24.7,84.1,0.0,0.0,noprecip,32.0,24.1,97.5,1003.9,88.9,8.5,277.0,0.8,Cloudy,0.9181214482844365,-0.39629913726891813,26.8,27.0,25.3,28.9,29.1,26.3,24.4,23.6,21.4,86.9,82.8,80.2,0.0,0.4,0.0,0.0,12.5,0.0,noprecip,rain,noprecip,31.7,26.3,31.3,20.5,20.5,20.5,115.8,116.0,129.3,1004.9,1007.5,1009.1,94.6,73.5,75.3,9.0,8.6,8.0,228.9,183.2,166.2
2022-04-26,28.1,31.6,24.8,82.5,0.0,0.0,noprecip,27.4,20.5,97.6,1003.8,79.4,9.0,286.6,0.83,Cloudy,0.9111686353326631,-0.41203363695942635,27.8,26.8,27.0,31.1,28.9,29.1,24.7,24.4,23.6,84.1,86.9,82.8,0.0,0.0,0.4,0.0,0.0,12.5,noprecip,noprecip,rain,32.0,31.7,26.3,24.1,20.5,20.5,97.5,115.8,116.0,1003.9,1004.9,1007.5,88.9,94.6,73.5,8.5,9.0,8.6,277.0,228.9,183.2
2022-04-27,28.1,32.1,25.2,84.7,0.099,4.17,rain,30.2,18.4,105.6,1005.6,86.8,8.3,219.8,0.87,Rain,0.9039461929224011,-0.42764620926777464,28.1,27.8,26.8,31.6,31.1,28.9,24.8,24.7,24.4,82.5,84.1,86.9,0.0,0.0,0.0,0.0,0.0,0.0,noprecip,noprecip,noprecip,27.4,32.0,31.7,20.5,24.1,20.5,97.6,97.5,115.8,1003.8,1003.9,1004.9,79.4,88.9,94.6,9.0,8.5,9.0,286.6,277.0,228.9
2022-04-28,27.2,31.0,25.0,88.2,0.001,4.17,rain,40.0,22.3,122.7,1007.6,93.8,8.7,180.2,0.91,Rain,0.8964562582905575,-0.44313223418263453,28.1,28.1,27.8,32.1,31.6,31.1,25.2,24.8,24.7,84.7,82.5,84.1,0.099,0.0,0.0,4.17,0.0,0.0,rain,noprecip,noprecip,30.2,27.4,32.0,18.4,20.5,24.1,105.6,97.6,97.5,1005.6,1003.8,1003.9,86.8,79.4,88.9,8.3,9.0,8.5,219.8,286.6,277.0
2022-04-29,26.8,28.9,24.6,88.2,0.8,20.83,rain,37.8,14.8,116.1,1008.9,91.2,8.4,139.7,0.94,Rain,0.8887010478292915,-0.45848712914008766,27.2,28.1,28.1,31.0,32.1,31.6,25.0,25.2,24.8,88.2,84.7,82.5,0.001,0.099,0.0,4.17,4.17,0.0,rain,rain,noprecip,40.0,30.2,27.4,22.3,18.4,20.5,122.7,105.6,97.6,1007.6,1005.6,1003.8,93.8,86.8,79.4,8.7,8.3,9.0,180.2,219.8,286.6
2022-04-30,28.6,32.2,24.6,79.9,0.989,4.17,rain,34.6,17.5,129.7,1008.8,69.7,9.1,248.0,0.98,Rain,0.8806828564301475,-0.47370635037968,26.8,27.2,28.1,28.9,31.0,32.1,24.6,25.0,25.2,88.2,88.2,84.7,0.8,0.001,0.099,20.83,4.17,4.17,rain,rain,rain,37.8,40.0,30.2,14.8,22.3,18.4,116.1,122.7,105.6,1008.9,1007.6,1005.6,91.2,93.8,86.8,8.4,8.7,8.3,139.7,180.2,219.8
2022-05-01,23.5,23.8,16.5,67.0,12.554,8.33,rain,59.4,35.3,18.1,1012.9,74.1,9.7,99.1,0.0,Rain,0.8724040568049612,-0.48878539428899265,28.6,26.8,27.2,32.2,28.9,31.0,24.6,24.6,25.0,79.9,88.2,88.2,0.989,0.8,0.001,4.17,20.83,4.17,rain,rain,rain,34.6,37.8,40.0,17.5,14.8,22.3,129.7,116.1,122.7,1008.8,1008.9,1007.6,69.7,91.2,93.8,9.1,8.4,8.7,248.0,139.7,180.2
2022-05-02,23.9,23.9,12.5,49.5,0.0,0.0,noprecip,36.0,19.7,359.6,1016.0,62.2,10.0,266.4,0.04,Cloudy,0.8638670987837349,-0.503719798736334,23.5,28.6,26.8,23.8,32.2,28.9,16.5,24.6,24.6,67.0,79.9,88.2,12.554,0.989,0.8,8.33,4.17,20.83,rain,rain,rain,59.4,34.6,37.8,35.3,17.5,14.8,18.1,129.7,116.1,1012.9,1008.8,1008.9,74.1,69.7,91.2,9.7,9.1,8.4,99.1,248.0,139.7
2022-05-03,24.9,24.6,14.2,55.2,0.0,0.0,noprecip,26.6,17.7,17.4,1016.1,29.8,10.7,307.7,0.08,Cloudy,0.8550745085896932,-0.518505144391157,23.9,23.5,28.6,23.9,23.8,32.2,12.5,16.5,24.6,49.5,67.0,79.9,0.0,12.554,0.989,0.0,8.33,4.17,noprecip,rain,rain,36.0,59.4,34.6,19.7,35.3,17.5,359.6,18.1,129.7,1016.0,1012.9,1008.8,62.2,74.1,69.7,10.0,9.7,9.1,266.4,99.1,248.0
2022-05-04,25.0,24.8,14.3,54.3,0.0,0.0,noprecip,17.6,16.6,104.1,1014.2,24.7,10.0,309.3,0.11,Cloudy,0.8460288880917339,-0.533137056031809,24.9,23.9,23.5,24.6,23.9,23.8,14.2,12.5,16.5,55.2,49.5,67.0,0.0,0.0,12.554,0.0,0.0,8.33,noprecip,noprecip,rain,26.6,36.0,59.4,17.7,19.7,35.3,17.4,359.6,18.1,1016.1,1016.0,1012.9,29.8,62.2,74.1,10.7,10.0,9.7,307.7,266.4,99.1
2022-05-05,25.7,26.0,18.2,64.9,0.0,0.0,noprecip,20.9,16.6,101.6,1011.5,19.9,10.4,282.2,0.14,Clear,0.8367329140344921,-0.5476112038402312,25.0,24.9,23.9,24.8,24.6,23.9,14.3,14.2,12.5,54.3,55.2,49.5,0.0,0.0,0.0,0.0,0.0,0.0,noprecip,noprecip,noprecip,17.6,26.6,36.0,16.6,17.7,19.7,104.1,17.4,359.6,1014.2,1016.1,1016.0,24.7,29.8,62.2,10.0,10.7,10.0,309.3,307.7,266.4
2022-05-06,26.1,26.9,21.0,74.6,1.5,20.83,rain,22.7,10.0,53.1,1010.9,54.3,8.6,193.4,0.17,Rain,0.8271893372462497,-0.5619233046832195,25.7,25.0,24.9,26.0,24.8,24.6,18.2,14.3,14.2,64.9,54.3,55.2,0.0,0.0,0.0,0.0,0.0,0.0,noprecip,noprecip,noprecip,20.9,17.6,26.6,16.6,16.6,17.7,101.6,104.1,17.4,1011.5,1014.2,1016.1,19.9,24.7,29.8,10.4,10.0,10.7,282.2,309.3,307.7
2022-05-07,26.8,28.4,23.1,80.9,1.027,8.33,rain,22.0,19.4,131.4,1010.7,79.4,9.0,170.9,0.21,Rain,0.8174009818249189,-0.5760691233798758,26.1,25.7,25.0,26.9,26.0,24.8,21.0,18.2,14.3,74.6,64.9,54.3,1.5,0.0,0.0,20.83,0.0,0.0,rain,noprecip,noprecip,22.7,20.9,17.6,10.0,16.6,16.6,53.1,101.6,104.1,1010.9,1011.5,1014.2,54.3,19.9,24.7,8.6,10.4,10.0,193.4,282.2,309.3
2022-05-08,26.2,27.5,23.6,85.8,2.977,8.33,rain,33.8,25.0,116.8,1010.2,90.1,9.4,217.1,0.24,Rain,0.8073707443023492,-0.5900444739548627,26.8,26.1,25.7,28.4,26.9,26.0,23.1,21.0,18.2,80.9,74.6,64.9,1.027,1.5,0.0,8.33,20.83,0.0,rain,rain,noprecip,22.0,22.7,20.9,19.4,10.0,16.6,131.4,53.1,101.6,1010.7,1010.9,1011.5,79.4,54.3,19.9,9.0,8.6,10.4,170.9,193.4,282.2
2022-05-09,27.1,29.8,24.0,83.5,2.011,8.33,rain,37.1,22.3,133.2,1009.0,78.8,9.3,192.3,0.25,Rain,0.7971015927871943,-0.6038452208771035,26.2,26.8,26.1,27.5,28.4,26.9,23.6,23.1,21.0,85.8,80.9,74.6,2.977,1.027,1.5,8.33,8.33,20.83,rain,rain,rain,33.8,22.0,22.7,25.0,19.4,10.0,116.8,131.4,53.1,1010.2,1010.7,1010.9,90.1,79.4,54.3,9.4,9.0,8.6,217.1,170.9,193.4
2022-05-10,28.6,32.8,25.2,82.5,1.021,8.33,rain,29.5,21.4,122.7,1005.8,72.8,10.8,224.7,0.31,Rain,0.7865965660866021,-0.6174672802835514,27.1,26.2,26.8,29.8,27.5,28.4,24.0,23.6,23.1,83.5,85.8,80.9,2.011,2.977,1.027,8.33,8.33,8.33,rain,rain,rain,37.1,33.8,22.0,22.3,25.0,19.4,133.2,116.8,131.4,1009.0,1010.2,1010.7,78.8,90.1,79.4,9.3,9.4,9.0,192.3,217.1,170.9
2022-05-11,29.0,34.0,25.7,83.1,2.0,37.5,rain,33.8,15.7,98.1,1004.0,63.7,8.7,185.0,0.34,Rain,0.7758587728069828,-0.6309066211876704,28.6,27.1,26.2,32.8,29.8,27.5,25.2,24.0,23.6,82.5,83.5,85.8,1.021,2.011,2.977,8.33,8.33,8.33,rain,rain,rain,29.5,37.1,33.8,21.4,22.3,25.0,122.7,133.2,116.8,1005.8,1009.0,1010.2,72.8,78.8,90.1,10.8,9.3,9.4,224.7,192.3,217.1
2022-05-12,26.9,29.3,24.7,88.3,37.705,8.33,rain,38.9,18.4,71.5,1003.5,80.7,9.4,150.2,0.37,Rain,0.7648913904341226,-0.6441592666722685,29.0,28.6,27.1,34.0,32.8,29.8,25.7,25.2,24.0,83.1,82.5,83.5,2.0,1.021,2.011,37.5,8.33,8.33,rain,rain,rain,33.8,29.5,37.1,15.7,21.4,22.3,98.1,122.7,133.2,1004.0,1005.8,1009.0,63.7,72.8,78.8,8.7,10.8,9.3,185.0,224.7,192.3
2022-05-13,26.9,29.0,24.0,84.7,0.032,8.33,rain,31.3,20.5,59.3,1003.8,87.9,8.7,114.6,0.4,Rain,0.753697664392914,-0.6572212950663319,26.9,29.0,28.6,29.3,34.0,32.8,24.7,25.7,25.2,88.3,83.1,82.5,37.705,2.0,1.021,8.33,37.5,8.33,rain,rain,rain,38.9,33.8,29.5,18.4,15.7,21.4,71.5,98.1,122.7,1003.5,1004.0,1005.8,80.7,63.7,72.8,9.4,8.7,10.8,150.2,185.0,224.7
2022-05-14,24.5,24.5,22.1,87.0,3.276,8.33,rain,15.5,13.9,51.1,1007.1,95.9,8.9,74.8,0.44,Rain,0.742280907086982,-0.6700888411055113,26.9,26.9,29.0,29.0,29.3,34.0,24.0,24.7,25.7,84.7,88.3,83.1,0.032,37.705,2.0,8.33,8.33,37.5,rain,rain,rain,31.3,38.9,33.8,20.5,18.4,15.7,59.3,71.5,98.1,1003.8,1003.5,1004.0,87.9,80.7,63.7,8.7,9.4,8.7,114.6,150.2,185.0
2022-05-15,24.9,24.9,21.8,83.9,5.027,8.33,rain,39.6,17.5,26.0,1008.9,92.9,7.9,84.0,0.47,Rain,0.7306444969184916,-0.6827580970759147,24.5,26.9,26.9,24.5,29.0,29.3,22.1,24.0,24.7,87.0,84.7,88.3,3.276,0.032,37.705,8.33,8.33,8.33,rain,rain,rain,15.5,31.3,38.9,13.9,20.5,18.4,51.1,59.3,71.5,1007.1,1003.8,1003.5,95.9,87.9,80.7,8.9,8.7,9.4,74.8,114.6,150.2
2022-05-16,23.9,23.9,16.2,62.2,0.021,4.17,rain,31.7,15.7,11.4,1013.7,96.8,10.0,75.4,0.5,Rain,0.7187918772884232,-0.6952253139408722,24.9,24.5,26.9,24.9,24.5,29.0,21.8,22.1,24.0,83.9,87.0,84.7,5.027,3.276,0.032,8.33,8.33,8.33,rain,rain,rain,39.6,15.5,31.3,17.5,13.9,20.5,26.0,51.1,59.3,1008.9,1007.1,1003.8,92.9,95.9,87.9,7.9,8.9,8.7,84.0,74.8,114.6
2022-05-17,24.7,24.8,17.2,64.6,0.0,0.0,noprecip,19.4,16.6,100.9,1013.2,86.0,10.0,244.8,0.54,Cloudy,0.7067265555776158,-0.7074868024503348,23.9,24.9,24.5,23.9,24.9,24.5,16.2,21.8,22.1,62.2,83.9,87.0,0.021,5.027,3.276,4.17,8.33,8.33,rain,rain,rain,31.7,39.6,15.5,15.7,17.5,13.9,11.4,26.0,51.1,1013.7,1008.9,1007.1,96.8,92.9,95.9,10.0,7.9,8.9,75.4,84.0,74.8
2022-05-18,25.5,26.0,19.6,70.8,0.0,0.0,noprecip,24.1,20.4,122.9,1012.3,57.8,9.9,206.0,0.57,Cloudy,0.6944521021088763,-0.719538934232584,24.7,23.9,24.9,24.8,23.9,24.9,17.2,16.2,21.8,64.6,62.2,83.9,0.0,0.021,5.027,0.0,4.17,8.33,noprecip,rain,rain,19.4,31.7,39.6,16.6,15.7,17.5,100.9,11.4,26.0,1013.2,1013.7,1008.9,86.0,96.8,92.9,10.0,10.0,7.9,244.8,75.4,84.0
2022-05-19,25.9,26.9,21.9,79.4,0.3,12.5,rain,23.0,15.7,122.1,1011.0,72.7,9.0,154.3,0.61,Rain,0.6819721490904629,-0.7313781428679254,25.5,24.7,23.9,26.0,24.8,23.9,19.6,17.2,16.2,70.8,64.6,62.2,0.0,0.0,0.021,0.0,0.0,4.17,noprecip,noprecip,rain,24.1,19.4,31.7,20.4,16.6,15.7,122.9,100.9,11.4,1012.3,1013.2,1013.7,57.8,86.0,96.8,9.9,10.0,10.0,206.0,244.8,75.4
2022-05-20,26.9,29.1,23.4,81.6,2.6,37.5,rain,25.6,13.9,106.7,1008.6,74.8,9.1,98.7,0.64,Rain,0.6692903895412567,-0.7430009249440493,25.9,25.5,24.7,26.9,26.0,24.8,21.9,19.6,17.2,79.4,70.8,64.6,0.3,0.0,0.0,12.5,0.0,0.0,rain,noprecip,noprecip,23.0,24.1,19.4,15.7,20.4,16.6,122.1,122.9,100.9,1011.0,1012.3,1013.2,72.7,57.8,86.0,9.0,9.9,10.0,154.3,206.0,244.8
2022-05-21,25.6,26.0,21.9,80.0,0.131,8.33,rain,33.5,17.5,38.2,1006.1,77.9,10.0,46.5,0.68,Rain,0.6564105761979381,-0.7544038410927472,26.9,25.9,25.5,29.1,26.9,26.0,23.4,21.9,19.6,81.6,79.4,70.8,2.6,0.3,0.0,37.5,12.5,0.0,rain,rain,noprecip,25.6,23.0,24.1,13.9,15.7,20.4,106.7,122.1,122.9,1008.6,1011.0,1012.3,74.8,72.7,57.8,9.1,9.0,9.9,98.7,154.3,206.0
2022-05-22,24.3,24.3,22.9,92.1,48.567,16.67,rain,108.0,19.4,24.9,1002.0,93.0,7.2,79.0,0.71,Rain,0.6433365204044917,-0.765583517007675,25.6,26.9,25.9,26.0,29.1,26.9,21.9,23.4,21.9,80.0,81.6,79.4,0.131,2.6,0.3,8.33,37.5,12.5,rain,rain,rain,33.5,25.6,23.0,17.5,13.9,15.7,38.2,106.7,122.1,1006.1,1008.6,1011.0,77.9,74.8,72.7,10.0,9.1,9.0,46.5,98.7,154.3
2022-05-23,24.6,24.9,23.8,95.4,142.532,16.67,rain,34.6,19.4,13.4,1002.4,97.0,6.8,47.6,0.75,Rain,0.6300720909843687,-0.7765366444428655,24.3,25.6,26.9,24.3,26.0,29.1,22.9,21.9,23.4,92.1,80.0,81.6,48.567,0.131,2.6,16.67,8.33,37.5,rain,rain,rain,108.0,33.5,25.6,19.4,17.5,13.9,24.9,38.2,106.7,1002.0,1006.1,1008.6,93.0,77.9,74.8,7.2,10.0,9.1,79.0,46.5,98.7
2022-05-24,24.0,24.0,23.5,96.8,47.82,12.5,rain,32.8,15.7,320.5,1006.5,93.5,7.2,81.8,0.78,Rain,0.6166212130956382,-0.7872599821916922,24.6,24.3,25.6,24.9,24.3,26.0,23.8,22.9,21.9,95.4,92.1,80.0,142.532,48.567,0.131,16.67,16.67,8.33,rain,rain,rain,34.6,108.0,33.5,19.4,19.4,17.5,13.4,24.9,38.2,1002.4,1002.0,1006.1,97.0,93.0,77.9,6.8,7.2,10.0,47.6,79.0,46.5
2022-05-25,27.2,30.4,24.7,87.4,0.2,8.33,rain,22.3,15.7,93.6,1005.5,85.3,7.4,171.8,0.82,Rain,0.6029878670694714,-0.7977503570459932,24.0,24.6,24.3,24.0,24.9,24.3,23.5,23.8,22.9,96.8,95.4,92.1,47.82,142.532,48.567,12.5,16.67,16.67,rain,rain,rain,32.8,34.6,108.0,15.7,19.4,19.4,320.5,13.4,24.9,1006.5,1002.4,1002.0,93.5,97.0,93.0,7.2,6.8,7.2,81.8,47.6,79.0
2022-05-26,28.8,33.4,25.4,82.8,0.053,4.17,rain,20.9,16.6,93.4,1001.7,75.9,8.5,213.5,0.85,Rain,0.5891760872322963,-0.8080046647350754,27.2,24.0,24.6,30.4,24.0,24.9,24.7,23.5,23.8,87.4,96.8,95.4,0.2,47.82,142.532,8.33,12.5,16.67,rain,rain,rain,22.3,32.8,34.6,15.7,15.7,19.4,93.6,320.5,13.4,1005.5,1006.5,1002.4,85.3,93.5,97.0,7.4,7.2,6.8,171.8,81.8,47.6
2022-05-27,27.9,32.0,25.3,86.0,6.926,4.17,rain,22.3,23.2,93.1,1000.3,64.4,9.7,115.5,0.89,Rain,0.5751899607119775,-0.8180198708443175,28.8,27.2,24.0,33.4,30.4,24.0,25.4,24.7,23.5,82.8,87.4,96.8,0.053,0.2,47.82,4.17,8.33,12.5,rain,rain,rain,20.9,22.3,32.8,16.6,15.7,15.7,93.4,93.6,320.5,1001.7,1005.5,1006.5,75.9,85.3,93.5,8.5,7.4,7.2,213.5,171.8,81.8
2022-05-28,28.8,34.5,26.2,86.3,32.651,8.33,rain,22.3,22.3,96.6,1000.4,82.6,8.5,142.8,0.92,Rain,0.5610336262283677,-0.8277930117131022,27.9,28.8,27.2,32.0,33.4,30.4,25.3,25.4,24.7,86.0,82.8,87.4,6.926,0.053,0.2,4.17,4.17,8.33,rain,rain,rain,22.3,20.9,22.3,23.2,16.6,15.7,93.1,93.4,93.6,1000.3,1001.7,1005.5,64.4,75.9,85.3,9.7,8.5,7.4,115.5,213.5,171.8
2022-05-29,28.3,33.4,25.9,87.3,19.788,8.33,rain,22.0,23.2,96.4,1001.6,78.8,9.0,155.5,0.96,Rain,0.5467112728685939,-0.8373211953118121,28.8,27.9,28.8,34.5,32.0,33.4,26.2,25.3,25.4,86.3,86.0,82.8,32.651,6.926,0.053,8.33,4.17,4.17,rain,rain,rain,22.3,22.3,20.9,22.3,23.2,16.6,96.6,93.1,93.4,1000.4,1000.3,1001.7,82.6,64.4,75.9,8.5,9.7,8.5,142.8,115.5,213.5
2022-05-30,28.2,33.8,26.0,88.0,0.105,8.33,rain,26.3,17.6,77.7,1003.1,79.6,9.0,137.1,0.0,Rain,0.5322271388474397,-0.8466016020976267,28.3,28.8,27.9,33.4,34.5,32.0,25.9,26.2,25.3,87.3,86.3,86.0,19.788,32.651,6.926,8.33,8.33,4.17,rain,rain,rain,22.0,22.3,22.3,23.2,22.3,23.2,96.4,96.6,93.1,1001.6,1000.4,1000.3,78.8,82.6,64.4,9.0,8.5,9.7,155.5,142.8,115.5
2022-05-31,27.3,30.3,24.4,85.4,58.624,12.5,rain,20.9,16.6,78.0,1004.5,68.3,9.1,116.7,0.02,Rain,0.5175855102531889,-0.8556314858488706,28.2,28.3,28.8,33.8,33.4,34.5,26.0,25.9,26.2,88.0,87.3,86.3,0.105,19.788,32.651,8.33,8.33,8.33,rain,rain,rain,26.3,22.0,22.3,17.6,23.2,22.3,77.7,96.4,96.6,1003.1,1001.6,1000.4,79.6,78.8,82.6,9.0,9.0,8.5,137.1,155.5,142.8
2022-06-01,28.8,32.9,25.4,82.9,24.736,4.17,rain,28.1,26.8,120.0,1003.9,63.7,8.6,252.3,0.06,Rain,0.5027907197793043,-0.8644081744776648,27.3,28.2,28.3,30.3,33.8,33.4,24.4,26.0,25.9,85.4,88.0,87.3,58.624,0.105,19.788,12.5,8.33,8.33,rain,rain,rain,20.9,26.3,22.0,16.6,17.6,23.2,78.0,77.7,96.4,1004.5,1003.1,1001.6,68.3,79.6,78.8,9.1,9.0,9.0,116.7,137.1,155.5
2022-06-02,29.9,36.4,25.9,80.2,3.958,4.17,rain,35.6,15.7,116.1,1002.1,68.8,8.7,141.9,0.09,Rain,0.4878471454423119,-0.8729290708206411,28.8,27.3,28.2,32.9,30.3,33.8,25.4,24.4,26.0,82.9,85.4,88.0,24.736,58.624,0.105,4.17,12.5,8.33,rain,rain,rain,28.1,20.9,26.3,26.8,16.6,17.6,120.0,78.0,77.7,1003.9,1004.5,1003.1,63.7,68.3,79.6,8.6,9.1,9.0,252.3,116.7,137.1
2022-06-03,30.9,36.4,24.9,72.5,0.18,4.17,rain,39.2,16.6,131.4,1000.5,80.0,10.1,174.8,0.12,Rain,0.47275920928627757,-0.881191653407483,29.9,28.8,27.3,36.4,32.9,30.3,25.9,25.4,24.4,80.2,82.9,85.4,3.958,24.736,58.624,4.17,4.17,12.5,rain,rain,rain,35.6,28.1,20.9,15.7,26.8,16.6,116.1,120.0,78.0,1002.1,1003.9,1004.5,68.8,63.7,68.3,8.7,8.6,9.1,141.9,252.3,116.7
2022-06-04,32.3,39.5,25.1,67.9,0.0,0.0,noprecip,35.6,16.6,123.7,1000.0,70.1,10.6,295.2,0.16,Cloudy,0.4575313760742512,-0.8891934772070711,30.9,29.9,28.8,36.4,36.4,32.9,24.9,25.9,25.4,72.5,80.2,82.9,0.18,3.958,24.736,4.17,4.17,4.17,rain,rain,rain,39.2,35.6,28.1,16.6,15.7,26.8,131.4,116.1,120.0,1000.5,1002.1,1003.9,80.0,68.8,63.7,10.1,8.7,8.6,174.8,141.9,252.3
2022-06-05,31.0,39.0,26.2,77.0,0.6,4.17,rain,29.5,15.7,65.3,1000.2,65.2,11.2,227.4,0.19,Rain,0.44216815196707204,-0.8969321743510065,32.3,30.9,29.9,39.5,36.4,36.4,25.1,24.9,25.9,67.9,72.5,80.2,0.0,0.18,3.958,0.0,4.17,4.17,noprecip,rain,rain,35.6,39.2,35.6,16.6,16.6,15.7,123.7,131.4,116.1,1000.0,1000.5,1002.1,70.1,80.0,68.8,10.6,10.1,8.7,295.2,174.8,141.9
2022-06-06,28.2,32.8,25.2,83.9,4.947,4.17,rain,32.0,15.7,2.8,1002.4,62.0,10.6,148.1,0.22,Rain,0.42667408318992467,-0.9044054548343001,31.0,32.3,30.9,39.0,39.5,36.4,26.2,25.1,24.9,77.0,67.9,72.5,0.6,0.0,0.18,4.17,0.0,4.17,rain,noprecip,rain,29.5,35.6,39.2,15.7,16.6,16.6,65.3,123.7,131.4,1000.2,1000.0,1000.5,65.2,70.1,80.0,11.2,10.6,10.1,227.4,295.2,174.8
2022-06-07,28.2,32.3,24.9,82.6,6.343,12.5,rain,17.6,13.9,254.6,1003.6,71.8,9.8,101.4,0.25,Rain,0.4110537546870351,-0.9116111071930239,28.2,31.0,32.3,32.8,39.0,39.5,25.2,26.2,25.1,83.9,77.0,67.9,4.947,0.6,0.0,4.17,4.17,0.0,rain,rain,noprecip,32.0,29.5,35.6,15.7,15.7,16.6,2.8,65.3,123.7,1002.4,1000.2,1000.0,62.0,65.2,70.1,10.6,11.2,10.6,148.1,227.4,295.2
2022-06-08,27.8,31.7,25.2,86.5,6.926,4.17,rain,26.6,11.2,75.6,1003.1,71.7,8.2,201.5,0.29,Rain,0.3953117887649151,-0.9185469991587165,28.2,28.2,31.0,32.3,32.8,39.0,24.9,25.2,26.2,82.6,83.9,77.0,6.343,4.947,0.6,12.5,4.17,4.17,rain,rain,rain,17.6,32.0,29.5,13.9,15.7,15.7,254.6,2.8,65.3,1003.6,1002.4,1000.2,71.8,62.0,65.2,9.8,10.6,11.2,101.4,148.1,227.4
2022-06-09,29.0,34.0,25.4,82.0,0.021,4.17,rain,28.4,12.1,71.8,1002.6,64.0,8.2,215.1,0.32,Rain,0.37945284372454435,-0.925211078289358,27.8,28.2,28.2,31.7,32.3,32.8,25.2,24.9,25.2,86.5,82.6,83.9,6.926,6.343,4.947,4.17,12.5,4.17,rain,rain,rain,26.6,17.6,32.0,11.2,13.9,15.7,75.6,254.6,2.8,1003.1,1003.6,1002.4,71.7,71.8,62.0,8.2,9.8,10.6,201.5,101.4,148.1
2022-06-10,30.0,37.4,26.3,81.5,1.5,20.83,rain,31.7,13.0,71.1,1001.1,48.2,8.6,175.6,0.36,Rain,0.36348161248290634,-0.9316013725767187,29.0,27.8,28.2,34.0,31.7,32.3,25.4,25.2,24.9,82.0,86.5,82.6,0.021,6.926,6.343,4.17,4.17,12.5,rain,rain,rain,28.4,26.6,17.6,12.1,11.2,13.9,71.8,75.6,254.6,1002.6,1003.1,1003.6,64.0,71.7,71.8,8.2,8.2,9.8,215.1,201.5,101.4
2022-06-11,28.2,33.2,25.8,87.1,0.495,8.33,rain,34.9,12.1,42.2,1003.3,54.6,9.0,109.8,0.39,Rain,0.3474028211842774,-0.9377159910299093,30.0,29.0,27.8,37.4,34.0,31.7,26.3,25.4,25.2,81.5,82.0,86.5,1.5,0.021,6.926,20.83,4.17,4.17,rain,rain,rain,31.7,28.4,26.6,13.0,12.1,11.2,71.1,71.8,75.6,1001.1,1002.6,1003.1,48.2,64.0,71.7,8.6,8.2,8.2,175.6,215.1,201.5
2022-06-12,30.9,38.7,26.1,77.2,0.099,4.17,rain,35.6,13.9,139.2,1003.5,82.4,7.7,160.5,0.42,Rain,0.3312212278016865,-0.9435531242349544,28.2,30.0,29.0,33.2,37.4,34.0,25.8,26.3,25.4,87.1,81.5,82.0,0.495,1.5,0.021,8.33,20.83,4.17,rain,rain,rain,34.9,31.7,28.4,12.1,13.0,12.1,42.2,71.1,71.8,1003.3,1001.1,1002.6,54.6,48.2,64.0,9.0,8.6,8.2,109.8,175.6,215.1
2022-06-13,30.9,37.7,25.6,75.0,0.074,4.17,rain,25.6,23.2,35.4,1003.1,60.8,9.3,218.0,0.46,Rain,0.31494162072895193,-0.9491110448902284,30.9,28.2,30.0,38.7,33.2,37.4,26.1,25.8,26.3,77.2,87.1,81.5,0.099,0.495,1.5,4.17,8.33,20.83,rain,rain,rain,35.6,34.9,31.7,13.9,12.1,13.0,139.2,42.2,71.1,1003.5,1003.3,1001.1,82.4,54.6,48.2,7.7,9.0,8.6,160.5,109.8,175.6
2022-06-14,27.5,30.4,24.8,85.7,56.645,12.5,rain,20.9,17.0,306.6,1006.9,71.2,9.9,129.3,0.5,Rain,0.2985688173637202,-0.9543881083175908,30.9,30.9,28.2,37.7,38.7,33.2,25.6,26.1,25.8,75.0,77.2,87.1,0.074,0.099,0.495,4.17,4.17,8.33,rain,rain,rain,25.6,35.6,34.9,23.2,13.9,12.1,35.4,139.2,42.2,1003.1,1003.5,1003.3,60.8,82.4,54.6,9.3,7.7,9.0,218.0,160.5,109.8
2022-06-15,28.3,31.8,24.6,81.3,19.894,8.33,rain,20.2,13.0,199.8,1007.5,85.2,10.0,136.3,0.52,Rain,0.2821076626819194,-0.9593827529490743,27.5,30.9,30.9,30.4,37.7,38.7,24.8,25.6,26.1,85.7,75.0,77.2,56.645,0.074,0.099,12.5,4.17,4.17,rain,rain,rain,20.9,25.6,35.6,17.0,23.2,13.9,306.6,35.4,139.2,1006.9,1003.1,1003.5,71.2,60.8,82.4,9.9,9.3,7.7,129.3,218.0,160.5
2022-06-16,30.0,35.4,25.1,76.4,0.998,4.17,rain,36.0,13.0,136.2,1005.6,70.1,9.7,212.9,0.56,Rain,0.26556302780405594,-0.9640935007889755,28.3,27.5,30.9,31.8,30.4,37.7,24.6,24.8,25.6,81.3,85.7,75.0,19.894,56.645,0.074,8.33,12.5,4.17,rain,rain,rain,20.2,20.9,25.6,13.0,17.0,23.2,199.8,306.6,35.4,1007.5,1006.9,1003.1,85.2,71.2,60.8,10.0,9.9,9.3,136.3,129.3,218.0
2022-06-17,31.4,36.8,24.3,67.4,0.127,4.17,rain,37.1,14.8,176.9,1002.6,82.6,9.9,221.3,0.59,Rain,0.24893980855376657,-0.9685189578512204,30.0,28.3,27.5,35.4,31.8,30.4,25.1,24.6,24.8,76.4,81.3,85.7,0.998,19.894,56.645,4.17,8.33,12.5,rain,rain,rain,36.0,20.2,20.9,13.0,13.0,17.0,136.2,199.8,306.6,1005.6,1007.5,1006.9,70.1,85.2,71.2,9.7,10.0,9.9,212.9,136.3,129.3
2022-06-18,32.4,37.9,23.8,62.7,0.0,0.0,noprecip,29.5,19.4,211.1,1000.2,75.7,11.4,255.6,0.63,Cloudy,0.23224292400907015,-0.9726578145718654,31.4,30.0,28.3,36.8,35.4,31.8,24.3,25.1,24.6,67.4,76.4,81.3,0.127,0.998,19.894,4.17,4.17,8.33,rain,rain,rain,37.1,36.0,20.2,14.8,13.0,13.0,176.9,136.2,199.8,1002.6,1005.6,1007.5,82.6,70.1,85.2,9.9,9.7,10.0,221.3,212.9,136.3
2022-06-19,33.7,40.1,24.0,59.0,0.0,0.0,noprecip,34.9,15.7,218.0,999.2,64.0,11.7,295.6,0.66,Cloudy,0.21547731504673012,-0.976508846196619,32.4,31.4,30.0,37.9,36.8,35.4,23.8,24.3,25.1,62.7,67.4,76.4,0.0,0.127,0.998,0.0,4.17,4.17,noprecip,rain,rain,29.5,37.1,36.0,19.4,14.8,13.0,211.1,176.9,136.2,1000.2,1002.6,1005.6,75.7,82.6,70.1,11.4,9.9,9.7,255.6,221.3,212.9
2022-06-20,33.6,40.6,24.5,60.0,0.0,0.0,noprecip,30.6,15.7,179.7,998.3,75.6,10.8,285.8,0.7,Cloudy,0.19864794288017112,-0.9800709131432666,33.7,32.4,31.4,40.1,37.9,36.8,24.0,23.8,24.3,59.0,62.7,67.4,0.0,0.0,0.127,0.0,0.0,4.17,noprecip,noprecip,rain,34.9,29.5,37.1,15.7,19.4,14.8,218.0,211.1,176.9,999.2,1000.2,1002.6,64.0,75.7,82.6,11.7,11.4,9.9,295.6,255.6,221.3
2022-06-21,33.3,41.2,25.3,65.0,0.1,4.17,rain,28.4,22.3,131.7,998.9,67.3,11.7,285.4,0.75,Rain,0.18175978759137534,-0.9833429613388902,33.6,33.7,32.4,40.6,40.1,37.9,24.5,24.0,23.8,60.0,59.0,62.7,0.0,0.0,0.0,0.0,0.0,0.0,noprecip,noprecip,noprecip,30.6,34.9,29.5,15.7,15.7,19.4,179.7,218.0,211.1,998.3,999.2,1000.2,75.6,64.0,75.7,10.8,11.7,11.4,285.8,295.6,255.6
2022-06-22,31.7,39.9,25.9,72.2,0.2,8.33,rain,31.0,25.9,111.9,1004.0,64.4,11.5,228.9,0.76,Rain,0.16481784665719793,-0.9863240225317866,33.3,33.6,33.7,41.2,40.6,40.1,25.3,24.5,24.0,65.0,60.0,59.0,0.1,0.0,0.0,4.17,0.0,0.0,rain,noprecip,noprecip,28.4,30.6,34.9,22.3,15.7,15.7,131.7,179.7,218.0,998.9,998.3,999.2,67.3,75.6,64.0,11.7,10.8,11.7,285.4,285.8,295.6
2022-06-23,28.0,32.2,25.0,84.2,2.968,4.17,rain,23.0,15.7,96.7,1007.4,71.3,9.9,267.3,0.8,Rain,0.14782713347053048,-0.9890132145779883,31.7,33.3,33.6,39.9,41.2,40.6,25.9,25.3,24.5,72.2,65.0,60.0,0.2,0.1,0.0,8.33,4.17,0.0,rain,rain,noprecip,31.0,28.4,30.6,25.9,22.3,15.7,111.9,131.7,179.7,1004.0,998.9,998.3,64.4,67.3,75.6,11.5,11.7,10.8,228.9,285.4,285.8
2022-06-24,30.3,36.3,25.1,74.9,0.4,16.67,rain,27.7,20.3,129.9,1006.6,44.0,10.7,280.6,0.83,Rain,0.13079267585675922,-0.9914097417023038,28.0,31.7,33.3,32.2,39.9,41.2,25.0,25.9,25.3,84.2,72.2,65.0,2.968,0.2,0.1,4.17,8.33,4.17,rain,rain,rain,23.0,31.0,28.4,15.7,25.9,22.3,96.7,111.9,131.7,1007.4,1004.0,998.9,71.3,64.4,67.3,9.9,11.5,11.7,267.3,228.9,285.4
2022-06-25,30.7,35.9,24.3,70.5,0.1,4.17,rain,28.4,19.4,135.2,1005.2,36.8,11.2,270.7,0.87,Rain,0.11371951458594969,-0.9935128947338007,30.3,28.0,31.7,36.3,32.2,39.9,25.1,25.0,25.9,74.9,84.2,72.2,0.4,2.968,0.2,16.67,4.17,8.33,rain,rain,rain,27.7,23.0,31.0,20.3,15.7,25.9,129.9,96.7,111.9,1006.6,1007.4,1004.0,44.0,71.3,64.4,10.7,9.9,11.5,280.6,267.3,228.9
2022-06-26,30.3,36.8,25.4,76.4,0.989,4.17,rain,28.4,21.4,127.4,1006.0,54.9,11.1,279.9,0.9,Rain,0.0966127018812031,-0.9953220513156602,30.7,30.3,28.0,35.9,36.3,32.2,24.3,25.1,25.0,70.5,74.9,84.2,0.1,0.4,2.968,4.17,16.67,4.17,rain,rain,rain,28.4,27.7,23.0,19.4,20.3,15.7,135.2,129.9,96.7,1005.2,1006.6,1007.4,36.8,44.0,71.3,11.2,10.7,9.9,270.7,280.6,267.3
2022-06-27,32.0,39.5,25.5,71.0,0.0,0.0,noprecip,36.4,21.4,141.0,1004.2,60.8,12.0,302.9,0.93,Cloudy,0.07947729992362097,-0.9968366760893436,30.3,30.7,30.3,36.8,35.9,36.3,25.4,24.3,25.1,76.4,70.5,74.9,0.989,0.1,0.4,4.17,4.17,16.67,rain,rain,rain,28.4,28.4,27.7,21.4,19.4,20.3,127.4,135.2,129.9,1006.0,1005.2,1006.6,54.9,36.8,44.0,11.1,11.2,10.7,279.9,270.7,280.6
2022-06-28,32.3,40.4,25.7,70.0,0.0,0.0,noprecip,23.8,19.4,99.5,1001.5,62.4,11.9,299.1,0.97,Cloudy,0.062318379354325076,-0.998056320853012,32.0,30.3,30.7,39.5,36.8,35.9,25.5,25.4,24.3,71.0,76.4,70.5,0.0,0.989,0.1,0.0,4.17,4.17,noprecip,rain,rain,36.4,28.4,28.4,21.4,21.4,19.4,141.0,127.4,135.2,1004.2,1006.0,1005.2,60.8,54.9,36.8,12.0,11.1,11.2,302.9,279.9,270.7
2022-06-29,30.6,37.9,25.7,75.5,0.307,4.17,rain,28.4,13.9,43.1,1000.4,70.5,10.9,185.7,0.0,Rain,0.04514101777397193,-0.9989806246941579,32.3,32.0,30.3,40.4,39.5,36.8,25.7,25.5,25.4,70.0,71.0,76.4,0.0,0.0,0.989,0.0,0.0,4.17,noprecip,noprecip,rain,23.8,36.4,28.4,19.4,21.4,21.4,99.5,141.0,127.4,1001.5,1004.2,1006.0,62.4,60.8,54.9,11.9,12.0,11.1,299.1,302.9,279.9
2022-06-30,28.3,33.0,25.2,83.7,50.81,8.33,rain,19.1,12.8,341.1,1001.3,65.0,9.4,160.1,0.04,Rain,0.02795029824021032,-0.999609314096404,30.6,32.3,32.0,37.9,40.4,39.5,25.7,25.7,25.5,75.5,70.0,71.0,0.307,0.0,0.0,4.17,0.0,0.0,rain,noprecip,noprecip,28.4,23.8,36.4,13.9,19.4,21.4,43.1,99.5,141.0,1000.4,1001.5,1004.2,70.5,62.4,60.8,10.9,11.9,12.0,185.7,299.1,302.9
2022-07-01,28.9,34.4,25.1,80.2,0.222,12.5,rain,26.6,16.5,316.2,1000.9,67.6,9.6,162.7,0.07,Rain,0.01075130776352193,-0.9999422030204416,28.3,30.6,32.3,33.0,37.9,40.4,25.2,25.7,25.7,83.7,75.5,70.0,50.81,0.307,0.0,8.33,4.17,0.0,rain,rain,noprecip,19.1,28.4,23.8,12.8,13.9,19.4,341.1,43.1,99.5,1001.3,1000.4,1001.5,65.0,70.5,62.4,9.4,10.9,11.9,160.1,185.7,299.1
2022-07-02,30.6,36.2,25.0,74.1,0.4,16.67,rain,53.6,28.0,314.6,997.4,81.2,9.7,260.2,0.11,Rain,-0.00645086419810515,-0.9999791929590823,28.9,28.3,30.6,34.4,33.0,37.9,25.1,25.2,25.7,80.2,83.7,75.5,0.222,50.81,0.307,12.5,8.33,4.17,rain,rain,rain,26.6,19.1,28.4,16.5,12.8,13.9,316.2,341.1,43.1,1000.9,1001.3,1000.4,67.6,65.0,70.5,9.6,9.4,10.9,162.7,160.1,185.7
2022-07-03,31.2,38.1,25.5,73.1,2.772,8.33,rain,21.6,11.2,237.3,997.3,80.8,10.7,239.7,0.14,Rain,-0.023651127245231586,-0.9997202729664083,30.6,28.9,28.3,36.2,34.4,33.0,25.0,25.1,25.2,74.1,80.2,83.7,0.4,0.222,50.81,16.67,12.5,8.33,rain,rain,rain,53.6,26.6,19.1,28.0,16.5,12.8,314.6,316.2,341.1,997.4,1000.9,1001.3,81.2,67.6,65.0,9.7,9.6,9.4,260.2,162.7,160.1
2022-07-04,32.6,42.7,26.8,72.9,0.0,0.0,noprecip,22.0,15.7,67.0,997.7,67.4,10.0,265.3,0.17,Cloudy,-0.04084439154329611,-0.9991655196610109,31.2,30.6,28.9,38.1,36.2,34.4,25.5,25.0,25.1,73.1,74.1,80.2,2.772,0.4,0.222,8.33,16.67,12.5,rain,rain,rain,21.6,53.6,26.6,11.2,28.0,16.5,237.3,314.6,316.2,997.3,997.4,1000.9,80.8,81.2,67.6,10.7,9.7,9.6,239.7,260.2,162.7
2022-07-05,30.4,38.0,26.3,79.7,84.377,4.17,rain,35.3,24.0,79.8,1000.4,68.5,9.6,260.4,0.21,Rain,-0.05802556932878035,-0.9983150972033183,32.6,31.2,30.6,42.7,38.1,36.2,26.8,25.5,25.0,72.9,73.1,74.1,0.0,2.772,0.4,0.0,8.33,16.67,noprecip,rain,rain,22.0,21.6,53.6,15.7,11.2,28.0,67.0,237.3,314.6,997.7,997.3,997.4,67.4,80.8,81.2,10.0,10.7,9.7,265.3,239.7,260.2
2022-07-06,28.1,32.3,25.3,85.4,7.938,8.33,rain,16.6,12.1,98.3,1003.3,67.5,8.5,139.4,0.24,Rain,-0.07518957641475855,-0.9971692572470178,30.4,32.6,31.2,38.0,42.7,38.1,26.3,26.8,25.5,79.7,72.9,73.1,84.377,0.0,2.772,4.17,0.0,8.33,rain,noprecip,rain,35.3,22.0,21.6,24.0,15.7,11.2,79.8,67.0,237.3,1000.4,997.7,997.3,68.5,67.4,80.8,9.6,10.0,10.7,260.4,265.3,239.7
2022-07-07,27.6,31.3,25.1,86.6,23.747,4.17,rain,20.9,13.9,73.3,1003.0,88.6,9.3,123.6,0.25,Rain,-0.09233133369539122,-0.9957283388645872,28.1,30.4,32.6,32.3,38.0,42.7,25.3,26.3,26.8,85.4,79.7,72.9,7.938,84.377,0.0,8.33,4.17,0.0,rain,rain,noprecip,16.6,35.3,22.0,12.1,24.0,15.7,98.3,79.8,67.0,1003.3,1000.4,997.7,67.5,68.5,67.4,8.5,9.6,10.0,139.4,260.4,265.3
2022-07-08,27.5,31.1,25.2,87.7,0.602,4.17,rain,24.5,12.1,65.0,1004.1,68.1,9.7,118.7,0.31,Rain,-0.10944576864891556,-0.993992768446958,27.6,28.1,30.4,31.3,32.3,38.0,25.1,25.3,26.3,86.6,85.4,79.7,23.747,7.938,84.377,4.17,8.33,4.17,rain,rain,rain,20.9,16.6,35.3,13.9,12.1,24.0,73.3,98.3,79.8,1003.0,1003.3,1000.4,88.6,67.5,68.5,9.3,8.5,9.6,123.6,139.4,260.4
2022-07-09,27.5,31.7,25.3,87.9,1.388,8.33,rain,18.7,17.8,74.7,1004.3,61.0,9.5,141.7,0.34,Rain,-0.12652781683868314,-0.9919630595773397,27.5,27.6,28.1,31.1,31.3,32.3,25.2,25.1,25.3,87.7,86.6,85.4,0.602,23.747,7.938,4.17,4.17,8.33,rain,rain,rain,24.5,20.9,16.6,12.1,13.9,12.1,65.0,73.3,98.3,1004.1,1003.0,1003.3,68.1,88.6,67.5,9.7,9.3,8.5,118.7,123.6,139.4
2022-07-10,29.4,34.1,25.2,79.1,0.219,8.33,rain,20.2,10.3,19.8,1004.8,52.2,10.0,219.1,0.38,Rain,-0.1435724234118113,-0.9896398128792412,27.5,27.5,27.6,31.7,31.1,31.3,25.3,25.2,25.1,87.9,87.7,86.6,1.388,0.602,23.747,8.33,4.17,4.17,rain,rain,rain,18.7,24.5,20.9,17.8,12.1,13.9,74.7,65.0,73.3,1004.3,1004.1,1003.0,61.0,68.1,88.6,9.5,9.7,9.3,141.7,118.7,123.6
2022-07-11,29.8,36.3,25.7,79.8,11.338,12.5,rain,29.2,16.6,52.7,1004.7,54.0,11.6,197.0,0.41,Rain,-0.16057454459499376,-0.9870237158387383,29.4,27.5,27.5,34.1,31.7,31.1,25.2,25.3,25.2,79.1,87.9,87.7,0.219,1.388,0.602,8.33,8.33,4.17,rain,rain,rain,20.2,18.7,24.5,10.3,17.8,12.1,19.8,74.7,65.0,1004.8,1004.3,1004.1,52.2,61.0,68.1,10.0,9.5,9.7,219.1,141.7,118.7
2022-07-12,29.6,36.7,26.1,81.7,1.153,12.5,rain,30.6,17.0,96.1,1004.6,60.6,9.9,137.0,0.45,Rain,-0.17752914918703497,-0.984115542601034,29.8,29.4,27.5,36.3,34.1,31.7,25.7,25.2,25.3,79.8,79.1,87.9,11.338,0.219,1.388,12.5,8.33,8.33,rain,rain,rain,29.2,20.2,18.7,16.6,10.3,17.8,52.7,19.8,74.7,1004.7,1004.8,1004.3,54.0,52.2,61.0,11.6,10.0,9.5,197.0,219.1,141.7
2022-07-13,29.0,35.4,26.0,84.1,33.768,12.5,rain,29.2,12.9,69.5,1003.9,61.4,9.5,184.8,0.48,Rain,-0.19443122004766195,-0.9809161537413774,29.6,29.8,29.4,36.7,36.3,34.1,26.1,25.7,25.2,81.7,79.8,79.1,1.153,11.338,0.219,12.5,12.5,8.33,rain,rain,rain,30.6,29.2,20.2,17.0,16.6,10.3,96.1,52.7,19.8,1004.6,1004.7,1004.8,60.6,54.0,52.2,9.9,11.6,10.0,137.0,197.0,219.1
2022-07-14,29.7,36.1,25.6,79.7,7.974,12.5,rain,27.0,16.6,101.1,1004.0,62.4,9.8,166.1,0.5,Rain,-0.2112757555821793,-0.9774264960104055,29.0,29.6,29.8,35.4,36.7,36.3,26.0,26.1,25.7,84.1,81.7,79.8,33.768,1.153,11.338,12.5,12.5,12.5,rain,rain,rain,29.2,30.6,29.2,12.9,17.0,16.6,69.5,96.1,52.7,1003.9,1004.6,1004.7,61.4,60.6,54.0,9.5,9.9,11.6,184.8,137.0,197.0
2022-07-15,29.4,35.6,26.0,82.3,34.022,12.5,rain,38.9,18.6,79.0,1004.6,64.8,10.5,229.8,0.55,Rain,-0.2280577712215198,-0.9736476020539838,29.7,29.0,29.6,36.1,35.4,36.7,25.6,26.0,26.1,79.7,84.1,81.7,7.974,33.768,1.153,12.5,12.5,12.5,rain,rain,rain,27.0,29.2,30.6,16.6,12.9,17.0,101.1,69.5,96.1,1004.0,1003.9,1004.6,62.4,61.4,60.6,9.8,9.5,9.9,166.1,184.8,137.0
2022-07-16,31.2,39.6,26.4,76.3,0.0,0.0,noprecip,25.6,16.6,126.3,1004.0,51.0,12.0,260.8,0.58,Cloudy,-0.24477230089725957,-0.9695805901076308,29.4,29.7,29.0,35.6,36.1,35.4,26.0,25.6,26.0,82.3,79.7,84.1,34.022,7.974,33.768,12.5,12.5,12.5,rain,rain,rain,38.9,27.0,29.2,18.6,16.6,12.9,79.0,101.1,69.5,1004.6,1004.0,1003.9,64.8,62.4,61.4,10.5,9.8,9.5,229.8,166.1,184.8
2022-07-17,32.2,43.4,27.6,77.8,0.0,0.0,noprecip,24.8,19.4,121.8,1002.6,70.8,11.7,251.7,0.61,Cloudy,-0.2614143985111562,-0.965226663665613,31.2,29.4,29.7,39.6,35.6,36.1,26.4,26.0,25.6,76.3,82.3,79.7,0.0,34.022,7.974,0.0,12.5,12.5,noprecip,rain,rain,25.6,38.9,27.0,16.6,18.6,16.6,126.3,79.0,101.1,1004.0,1004.6,1004.0,51.0,64.8,62.4,12.0,10.5,9.8,260.8,229.8,166.1
2022-07-18,32.4,42.8,27.3,76.1,4.947,4.17,rain,24.8,21.4,96.9,1000.3,72.0,11.6,280.2,0.65,Rain,-0.2779791393987801,-0.9605871111248129,32.2,31.2,29.4,43.4,39.6,35.6,27.6,26.4,26.0,77.8,76.3,82.3,0.0,0.0,34.022,0.0,0.0,12.5,noprecip,noprecip,rain,24.8,25.6,38.9,19.4,16.6,18.6,121.8,126.3,79.0,1002.6,1004.0,1004.6,70.8,51.0,64.8,11.7,12.0,10.5,251.7,260.8,229.8
2022-07-19,29.2,35.0,25.8,82.4,48.704,4.17,rain,28.1,16.7,91.2,1001.8,68.5,9.8,224.4,0.68,Rain,-0.2944616217868012,-0.9556633054034704,32.4,32.2,31.2,42.8,43.4,39.6,27.3,27.6,26.4,76.1,77.8,76.3,4.947,0.0,0.0,4.17,0.0,0.0,rain,noprecip,noprecip,24.8,24.8,25.6,21.4,19.4,16.6,96.9,121.8,126.3,1000.3,1002.6,1004.0,72.0,70.8,51.0,11.6,11.7,12.0,280.2,251.7,260.8
2022-07-20,28.8,35.1,25.9,84.7,26.736,8.33,rain,31.0,19.4,106.1,1005.9,67.0,9.6,166.3,0.75,Rain,-0.3108569682435036,-0.9504567035349151,29.2,32.4,32.2,35.0,42.8,43.4,25.8,27.3,27.6,82.4,76.1,77.8,48.704,4.947,0.0,4.17,4.17,0.0,rain,rain,noprecip,28.1,24.8,24.8,16.7,21.4,19.4,91.2,96.9,121.8,1001.8,1000.3,1002.6,68.5,72.0,70.8,9.8,11.6,11.7,224.4,280.2,251.7
2022-07-21,27.9,32.9,25.6,87.8,21.958,12.5,rain,36.0,20.4,75.0,1008.5,71.5,10.1,129.2,0.75,Rain,-0.3271603271220951,-0.9449688462364056,28.8,29.2,32.4,35.1,35.0,42.8,25.9,25.8,27.3,84.7,82.4,76.1,26.736,48.704,4.947,8.33,4.17,4.17,rain,rain,rain,31.0,28.1,24.8,19.4,16.7,21.4,106.1,91.2,96.9,1005.9,1001.8,1000.3,67.0,68.5,72.0,9.6,9.8,11.6,166.3,224.4,280.2
2022-07-22,27.6,30.1,25.1,86.7,16.01,12.5,rain,27.7,22.2,84.7,1010.5,69.0,9.1,157.6,0.78,Rain,-0.34336687399638804,-0.939201357453208,27.9,28.8,29.2,32.9,35.1,35.0,25.6,25.9,25.8,87.8,84.7,82.4,21.958,26.736,48.704,12.5,8.33,4.17,rain,rain,rain,36.0,31.0,28.1,20.4,19.4,16.7,75.0,106.1,91.2,1008.5,1005.9,1001.8,71.5,67.0,68.5,10.1,9.6,9.8,129.2,166.3,224.4
2022-07-23,29.7,34.4,25.2,78.3,0.002,4.17,rain,26.6,13.9,115.8,1009.0,44.6,11.0,264.7,0.82,Rain,-0.3594718130884232,-0.9331559438780432,27.6,27.9,28.8,30.1,32.9,35.1,25.1,25.6,25.9,86.7,87.8,84.7,16.01,21.958,26.736,12.5,12.5,8.33,rain,rain,rain,27.7,36.0,31.0,22.2,20.4,19.4,84.7,75.0,106.1,1010.5,1008.5,1005.9,69.0,71.5,67.0,9.1,10.1,9.6,157.6,129.2,166.3
2022-07-24,30.9,37.6,25.5,74.5,0.2,8.33,rain,24.1,15.7,120.5,1007.2,27.1,12.1,287.2,0.85,Rain,-0.3754703786876202,-0.9268343944460494,29.7,27.6,27.9,34.4,30.1,32.9,25.2,25.1,25.6,78.3,86.7,87.8,0.002,16.01,21.958,4.17,12.5,12.5,rain,rain,rain,26.6,27.7,36.0,13.9,22.2,20.4,115.8,84.7,75.0,1009.0,1010.5,1008.5,44.6,69.0,71.5,11.0,9.1,10.1,264.7,157.6,129.2
2022-07-25,30.9,36.8,25.0,72.7,0.0,0.0,noprecip,24.8,15.7,122.9,1007.5,28.8,11.4,281.6,0.88,Cloudy,-0.3913578365610259,-0.9202385798054075,30.9,29.7,27.6,37.6,34.4,30.1,25.5,25.2,25.1,74.5,78.3,86.7,0.2,0.002,16.01,8.33,4.17,12.5,rain,rain,rain,24.1,26.6,27.7,15.7,13.9,22.2,120.5,115.8,84.7,1007.2,1009.0,1010.5,27.1,44.6,69.0,12.1,11.0,9.1,287.2,264.7,157.6
2022-07-26,30.8,36.9,25.2,73.8,0.0,0.0,noprecip,27.7,17.5,122.9,1006.8,30.1,10.2,295.4,0.92,Cloudy,-0.4071294853542516,-0.9133704517637858,30.9,30.9,29.7,36.8,37.6,34.4,25.0,25.5,25.2,72.7,74.5,78.3,0.0,0.2,0.002,0.0,8.33,4.17,noprecip,rain,rain,24.8,24.1,26.6,15.7,15.7,13.9,122.9,120.5,115.8,1007.5,1007.2,1009.0,28.8,27.1,44.6,11.4,12.1,11.0,281.6,287.2,264.7
2022-07-27,30.7,37.2,25.4,74.8,0.0,0.0,noprecip,24.5,17.5,126.9,1006.1,32.4,10.7,261.1,0.95,Cloudy,-0.4227806579826773,-0.9062320427107697,30.8,30.9,30.9,36.9,36.8,37.6,25.2,25.0,25.5,73.8,72.7,74.5,0.0,0.0,0.2,0.0,0.0,8.33,noprecip,noprecip,rain,27.7,24.8,24.1,17.5,15.7,15.7,122.9,122.9,120.5,1006.8,1007.5,1007.2,30.1,28.8,27.1,10.2,11.4,12.1,295.4,281.6,287.2
2022-07-28,30.7,37.5,25.6,75.2,0.0,0.0,noprecip,23.0,14.8,98.5,1006.2,51.8,11.6,220.4,0.98,Cloudy,-0.4383067230125192,-0.898825465016444,30.7,30.8,30.9,37.2,36.9,36.8,25.4,25.2,25.0,74.8,73.8,72.7,0.0,0.0,0.0,0.0,0.0,0.0,noprecip,noprecip,noprecip,24.5,27.7,24.8,17.5,17.5,15.7,126.9,122.9,122.9,1006.1,1006.8,1007.5,32.4,30.1,28.8,10.7,10.2,11.4,261.1,295.4,281.6
2022-07-29,30.9,38.4,26.0,76.5,0.0,0.0,noprecip,20.5,15.7,105.9,1005.0,61.2,9.3,232.0,0.0,Cloudy,-0.45370308603134424,-0.8911529104063088,30.7,30.7,30.8,37.5,37.2,36.9,25.6,25.4,25.2,75.2,74.8,73.8,0.0,0.0,0.0,0.0,0.0,0.0,noprecip,noprecip,noprecip,23.0,24.5,27.7,14.8,17.5,17.5,98.5,126.9,122.9,1006.2,1006.1,1006.8,51.8,32.4,30.1,11.6,10.7,10.2,220.4,261.1,295.4
2022-07-30,29.6,35.3,25.2,78.2,25.725,4.17,rain,20.2,25.9,135.3,1003.5,75.4,9.1,187.5,0.05,Rain,-0.46896519100763184,-0.8832166493127127,30.9,30.7,30.7,38.4,37.5,37.2,26.0,25.6,25.4,76.5,75.2,74.8,0.0,0.0,0.0,0.0,0.0,0.0,noprecip,noprecip,noprecip,20.5,23.0,24.5,15.7,14.8,17.5,105.9,98.5,126.9,1005.0,1006.2,1006.1,61.2,51.8,32.4,9.3,11.6,10.7,232.0,220.4,261.1
2022-07-31,29.3,34.7,25.2,79.4,2.444,8.33,rain,24.1,19.4,105.2,1003.0,57.4,9.4,162.5,0.09,Rain,-0.48408852163897587,-0.8750190302029955,29.6,30.9,30.7,35.3,38.4,37.5,25.2,26.0,25.6,78.2,76.5,75.2,25.725,0.0,0.0,4.17,0.0,0.0,rain,noprecip,noprecip,20.2,20.5,23.0,25.9,15.7,14.8,135.3,105.9,98.5,1003.5,1005.0,1006.2,75.4,61.2,51.8,9.1,9.3,11.6,187.5,232.0,220.4
2022-08-01,29.1,34.6,25.4,81.1,0.158,8.33,rain,38.9,20.3,104.7,1004.3,46.2,9.9,217.0,0.12,Rain,-0.4990686026885319,-0.8665624788845385,29.3,29.6,30.9,34.7,35.3,38.4,25.2,25.2,26.0,79.4,78.2,76.5,2.444,25.725,0.0,8.33,4.17,0.0,rain,rain,noprecip,24.1,20.2,20.5,19.4,25.9,15.7,105.2,135.3,105.9,1003.0,1003.5,1005.0,57.4,75.4,61.2,9.4,9.1,9.3,162.5,187.5,232.0
2022-08-02,30.4,36.9,25.5,76.3,2.968,4.17,rain,23.8,14.8,92.7,1005.9,47.4,9.9,177.4,0.16,Rain,-0.5139010013093103,-0.8578494977869301,29.1,29.3,29.6,34.6,34.7,35.3,25.4,25.2,25.2,81.1,79.4,78.2,0.158,2.444,25.725,8.33,8.33,4.17,rain,rain,rain,38.9,24.1,20.2,20.3,19.4,25.9,104.7,105.2,135.3,1004.3,1003.0,1003.5,46.2,57.4,75.4,9.9,9.4,9.1,217.0,162.5,187.5
2022-08-03,31.5,38.1,25.1,70.4,0.4,12.5,rain,20.5,14.8,109.9,1005.8,48.6,11.1,280.6,0.19,Rain,-0.5285813283559292,-0.8488826652214553,30.4,29.1,29.3,36.9,34.6,34.7,25.5,25.4,25.2,76.3,81.1,79.4,2.968,0.158,2.444,4.17,8.33,8.33,rain,rain,rain,23.8,38.9,24.1,14.8,20.3,19.4,92.7,104.7,105.2,1005.9,1004.3,1003.0,47.4,46.2,57.4,9.9,9.9,9.4,177.4,217.0,162.5
2022-08-04,30.7,38.2,26.1,77.6,0.667,8.33,rain,20.2,18.4,99.7,1003.6,52.2,10.1,251.8,0.23,Rain,-0.5431052396834317,-0.8396646346181327,31.5,30.4,29.1,38.1,36.9,34.6,25.1,25.5,25.4,70.4,76.3,81.1,0.4,2.968,0.158,12.5,4.17,8.33,rain,rain,rain,20.5,23.8,38.9,14.8,14.8,20.3,109.9,92.7,104.7,1005.8,1005.9,1004.3,48.6,47.4,46.2,11.1,9.9,9.9,280.6,177.4,217.0
2022-08-05,28.3,32.3,24.5,80.4,0.933,8.33,rain,20.2,17.6,111.4,1003.0,60.5,9.9,71.2,0.25,Rain,-0.5574684374327892,-0.8301981337405212,30.7,31.5,30.4,38.2,38.1,36.9,26.1,25.1,25.5,77.6,70.4,76.3,0.667,0.4,2.968,8.33,12.5,4.17,rain,rain,rain,20.2,20.5,23.8,18.4,14.8,14.8,99.7,109.9,92.7,1003.6,1005.8,1005.9,52.2,48.6,47.4,10.1,11.1,9.9,251.8,280.6,177.4
2022-08-06,27.3,30.3,24.8,86.6,14.737,12.5,rain,18.7,15.7,94.3,1003.9,88.6,9.2,40.4,0.3,Rain,-0.5716666713027052,-0.8204859638785327,28.3,30.7,31.5,32.3,38.2,38.1,24.5,26.1,25.1,80.4,77.6,70.4,0.933,0.667,0.4,8.33,8.33,12.5,rain,rain,rain,20.2,20.2,20.5,17.6,18.4,14.8,111.4,99.7,109.9,1003.0,1003.6,1005.8,60.5,52.2,48.6,9.9,10.1,11.1,71.2,251.8,280.6
2022-08-07,27.7,31.3,25.5,88.0,9.697,16.67,rain,23.4,14.8,61.3,1005.2,69.4,9.6,56.2,0.33,Rain,-0.5856957398073508,-0.8105309990194823,27.3,28.3,30.7,30.3,32.3,38.2,24.8,24.5,26.1,86.6,80.4,77.6,14.737,0.933,0.667,12.5,8.33,8.33,rain,rain,rain,18.7,20.2,20.2,15.7,17.6,18.4,94.3,111.4,99.7,1003.9,1003.0,1003.6,88.6,60.5,52.2,9.2,9.9,10.1,40.4,71.2,251.8
2022-08-08,28.5,32.2,25.0,82.3,0.989,4.17,rain,26.6,11.7,327.3,1005.2,53.2,8.7,245.6,0.37,Rain,-0.5995514915196489,-0.8003361849976323,27.7,27.3,28.3,31.3,30.3,32.3,25.5,24.8,24.5,88.0,86.6,80.4,9.697,14.737,0.933,16.67,12.5,8.33,rain,rain,rain,23.4,18.7,20.2,14.8,15.7,17.6,61.3,94.3,111.4,1005.2,1003.9,1003.0,69.4,88.6,60.5,9.6,9.2,9.9,56.2,40.4,71.2
2022-08-09,29.7,34.0,24.6,75.6,0.491,8.33,rain,23.0,9.6,327.5,1003.2,62.0,10.0,253.4,0.4,Rain,-0.6132298262997502,-0.7899045386224707,28.5,27.7,27.3,32.2,31.3,30.3,25.0,25.5,24.8,82.3,88.0,86.6,0.989,9.697,14.737,4.17,16.67,12.5,rain,rain,rain,26.6,23.4,18.7,11.7,14.8,15.7,327.3,61.3,94.3,1005.2,1005.2,1003.9,53.2,69.4,88.6,8.7,9.6,9.2,245.6,56.2,40.4
2022-08-10,28.4,32.5,25.1,82.9,4.958,4.17,rain,35.3,17.7,332.6,1000.9,81.3,9.8,149.8,0.44,Rain,-0.6267266965083301,-0.7792391467859886,29.7,28.5,27.7,34.0,32.2,31.3,24.6,25.0,25.5,75.6,82.3,88.0,0.491,0.989,9.697,8.33,4.17,16.67,rain,rain,rain,23.0,26.6,23.4,9.6,11.7,14.8,327.5,327.3,61.3,1003.2,1005.2,1005.2,62.0,53.2,69.4,10.0,8.7,9.6,253.4,245.6,56.2
2022-08-11,26.0,27.1,24.6,92.6,153.071,20.83,rain,36.4,19.5,251.5,1000.5,94.0,7.1,34.0,0.47,Rain,-0.6400381082043503,-0.7683431655492202,28.4,29.7,28.5,32.5,34.0,32.2,25.1,24.6,25.0,82.9,75.6,82.3,4.958,0.491,0.989,4.17,8.33,4.17,rain,rain,rain,35.3,23.0,26.6,17.7,9.6,11.7,332.6,327.5,327.3,1000.9,1003.2,1005.2,81.3,62.0,53.2,9.8,10.0,8.7,149.8,253.4,245.6
2022-08-12,25.3,25.5,24.0,92.3,91.926,12.5,rain,22.3,20.3,93.9,1006.3,78.9,7.6,46.9,0.5,Rain,-0.65316012232693,-0.7572198192083127,26.0,28.4,29.7,27.1,32.5,34.0,24.6,25.1,24.6,92.6,82.9,75.6,153.071,4.958,0.491,20.83,4.17,8.33,rain,rain,rain,36.4,35.3,23.0,19.5,17.7,9.6,251.5,332.6,327.5,1000.5,1000.9,1003.2,94.0,81.3,62.0,7.1,9.8,10.0,34.0,149.8,253.4
2022-08-13,28.0,31.6,24.6,82.8,6.1,41.67,rain,20.9,12.9,109.8,1006.5,82.3,9.3,188.9,0.54,Rain,-0.666088855860977,-0.7458723993404063,25.3,26.0,28.4,25.5,27.1,32.5,24.0,24.6,25.1,92.3,92.6,82.9,91.926,153.071,4.958,12.5,20.83,4.17,rain,rain,rain,22.3,36.4,35.3,20.3,19.5,17.7,93.9,251.5,332.6,1006.3,1000.5,1000.9,78.9,94.0,81.3,7.6,7.1,9.8,46.9,34.0,149.8
2022-08-14,28.8,33.7,25.4,82.4,0.169,4.17,rain,21.6,13.9,121.3,1005.5,54.3,8.8,213.5,0.57,Rain,-0.6788204829862355,-0.734304263829602,28.0,25.3,26.0,31.6,25.5,27.1,24.6,24.0,24.6,82.8,92.3,92.6,6.1,91.926,153.071,41.67,12.5,20.83,rain,rain,rain,20.9,22.3,36.4,12.9,20.3,19.5,109.8,93.9,251.5,1006.5,1006.3,1000.5,82.3,78.9,94.0,9.3,7.6,7.1,188.9,46.9,34.0
2022-08-15,29.4,34.4,25.3,79.4,0.106,4.17,rain,17.3,16.6,104.9,1004.5,48.6,10.1,224.1,0.6,Rain,-0.6913512362094071,-0.722518835873311,28.8,28.0,25.3,33.7,31.6,25.5,25.4,24.6,24.0,82.4,82.8,92.3,0.169,6.1,91.926,4.17,41.67,12.5,rain,rain,rain,21.6,20.9,22.3,13.9,12.9,20.3,121.3,109.8,93.9,1005.5,1006.5,1006.3,54.3,82.3,78.9,8.8,9.3,7.6,213.5,188.9,46.9
2022-08-16,30.7,37.7,25.8,76.8,0.5,12.5,rain,22.7,15.7,105.1,1004.4,39.9,11.9,241.9,0.64,Rain,-0.7036774074790128,-0.7105196029692745,29.4,28.8,28.0,34.4,33.7,31.6,25.3,25.4,24.6,79.4,82.4,82.8,0.106,0.169,6.1,4.17,4.17,41.67,rain,rain,rain,17.3,21.6,20.9,16.6,13.9,12.9,104.9,121.3,109.8,1004.5,1005.5,1006.5,48.6,54.3,82.3,10.1,8.8,9.3,224.1,213.5,188.9
2022-08-17,30.2,38.0,26.3,80.4,1.9,33.33,rain,22.7,13.9,109.1,1004.3,47.8,9.4,198.9,0.67,Rain,-0.7157953492826642,-0.6983101158835584,30.7,29.4,28.8,37.7,34.4,33.7,25.8,25.3,25.4,76.8,79.4,82.4,0.5,0.106,0.169,12.5,4.17,4.17,rain,rain,rain,22.7,17.3,21.6,15.7,16.6,13.9,105.1,104.9,121.3,1004.4,1004.5,1005.5,39.9,48.6,54.3,11.9,10.1,8.8,241.9,224.1,213.5
2022-08-18,30.6,38.0,26.1,78.4,0.7,20.83,rain,26.6,19.5,105.3,1003.6,59.0,9.3,254.3,0.7,Rain,-0.7277014757264236,-0.6858939875998223,30.2,30.7,29.4,38.0,37.7,34.4,26.3,25.8,25.3,80.4,76.8,79.4,1.9,0.5,0.106,33.33,12.5,4.17,rain,rain,rain,22.7,22.7,17.3,13.9,15.7,16.6,109.1,105.1,104.9,1004.3,1004.4,1004.5,47.8,39.9,48.6,9.4,11.9,10.1,198.9,241.9,224.1
2022-08-19,31.1,39.3,26.4,77.4,1.8,20.83,rain,20.9,25.0,94.6,1002.6,52.3,9.6,234.4,0.75,Rain,-0.7393922635959241,-0.673274892250183,30.6,30.2,30.7,38.0,38.0,37.7,26.1,26.3,25.8,78.4,80.4,76.8,0.7,1.9,0.5,20.83,33.33,12.5,rain,rain,rain,26.6,22.7,22.7,19.5,13.9,15.7,105.3,109.1,105.1,1003.6,1004.3,1004.4,59.0,47.8,39.9,9.3,9.4,11.9,254.3,198.9,241.9
2022-08-20,27.7,31.9,25.7,89.0,17.947,16.67,rain,32.0,20.3,299.9,1002.4,80.4,9.2,151.6,0.77,Rain,-0.7508642533989489,-0.6604565640279754,31.1,30.6,30.2,39.3,38.0,38.0,26.4,26.1,26.3,77.4,78.4,80.4,1.8,0.7,1.9,20.83,20.83,33.33,rain,rain,rain,20.9,26.6,22.7,25.0,19.5,13.9,94.6,105.3,109.1,1002.6,1003.6,1004.3,52.3,59.0,47.8,9.6,9.3,9.4,234.4,254.3,198.9
2022-08-21,27.0,30.0,25.4,90.7,47.022,16.67,rain,28.8,21.3,67.3,1002.8,83.3,9.4,91.5,0.8,Rain,-0.7621140503891487,-0.6474427960827475,27.7,31.1,30.6,31.9,39.3,38.0,25.7,26.4,26.1,89.0,77.4,78.4,17.947,1.8,0.7,16.67,20.83,20.83,rain,rain,rain,32.0,20.9,26.6,20.3,25.0,19.5,299.9,94.6,105.3,1002.4,1002.6,1003.6,80.4,52.3,59.0,9.2,9.6,9.3,151.6,234.4,254.3
2022-08-22,29.6,35.2,25.8,81.4,1.979,4.17,rain,19.4,13.8,111.9,1004.7,54.9,11.1,195.0,0.83,Rain,-0.7731383255706026,-0.6342374393978054,27.0,27.7,31.1,30.0,31.9,39.3,25.4,25.7,26.4,90.7,89.0,77.4,47.022,17.947,1.8,16.67,16.67,20.83,rain,rain,rain,28.8,32.0,20.9,21.3,20.3,25.0,67.3,299.9,94.6,1002.8,1002.4,1002.6,83.3,80.4,52.3,9.4,9.2,9.6,91.5,151.6,234.4
2022-08-23,29.5,37.2,26.8,85.7,0.032,4.17,rain,23.8,13.9,94.7,1005.4,39.8,10.3,233.8,0.86,Rain,-0.7839338166829201,-0.620844401650647,29.6,27.0,27.7,35.2,30.0,31.9,25.8,25.4,25.7,81.4,90.7,89.0,1.979,47.022,17.947,4.17,16.67,16.67,rain,rain,rain,19.4,28.8,32.0,13.8,21.3,20.3,111.9,67.3,299.9,1004.7,1002.8,1002.4,54.9,83.3,80.4,11.1,9.4,9.2,195.0,91.5,151.6
2022-08-24,30.9,39.2,26.5,78.6,4.8,16.67,rain,32.8,10.3,23.3,1003.5,42.4,9.4,203.5,0.9,Rain,-0.7944973291665992,-0.6072676460566135,29.5,29.6,27.0,37.2,35.2,30.0,26.8,25.8,25.4,85.7,81.4,90.7,0.032,1.979,47.022,4.17,4.17,16.67,rain,rain,rain,23.8,19.4,28.8,13.9,13.8,21.3,94.7,111.9,67.3,1005.4,1004.7,1002.8,39.8,54.9,83.3,10.3,11.1,9.4,233.8,195.0,91.5
2022-08-25,28.0,33.1,26.1,89.8,30.979,8.33,rain,27.7,23.2,284.3,999.7,63.7,7.7,180.6,0.93,Rain,-0.8048257371083452,-0.593511190196115,30.9,29.5,29.6,39.2,37.2,35.2,26.5,26.8,25.8,78.6,85.7,81.4,4.8,0.032,1.979,16.67,4.17,4.17,rain,rain,rain,32.8,23.8,19.4,10.3,13.9,13.8,23.3,94.7,111.9,1003.5,1005.4,1004.7,42.4,39.8,54.9,9.4,10.3,11.1,203.5,233.8,195.0
2022-08-26,28.0,32.0,25.1,85.1,43.778,8.33,rain,47.9,22.3,128.4,1002.7,77.5,8.9,126.0,0.96,Rain,-0.8149159841660791,-0.5795791048257612,28.0,30.9,29.5,33.1,39.2,37.2,26.1,26.5,26.8,89.8,78.6,85.7,30.979,4.8,0.032,8.33,16.67,4.17,rain,rain,rain,27.7,32.8,23.8,23.2,10.3,13.9,284.3,23.3,94.7,999.7,1003.5,1005.4,63.7,42.4,39.8,7.7,9.4,10.3,180.6,203.5,233.8
2022-08-27,29.8,35.9,25.4,78.3,0.1,4.17,rain,19.8,20.4,106.2,1007.3,58.6,11.3,229.0,0.0,Rain,-0.8247650844733614,-0.5654755126737576,28.0,28.0,30.9,32.0,33.1,39.2,25.1,26.1,26.5,85.1,89.8,78.6,43.778,30.979,4.8,8.33,8.33,16.67,rain,rain,rain,47.9,27.7,32.8,22.3,23.2,10.3,128.4,284.3,23.3,1002.7,999.7,1003.5,77.5,63.7,42.4,8.9,7.7,9.4,126.0,180.6,203.5
2022-08-28,30.4,37.6,26.0,78.5,0.2,8.33,rain,24.1,19.4,115.9,1007.3,44.6,12.5,252.1,0.03,Rain,-0.8343701235229537,-0.5512045872199277,29.8,28.0,28.0,35.9,32.0,33.1,25.4,25.1,26.1,78.3,85.1,89.8,0.1,43.778,30.979,4.17,8.33,8.33,rain,rain,rain,19.8,47.9,27.7,20.4,22.3,23.2,106.2,128.4,284.3,1007.3,1002.7,999.7,58.6,77.5,63.7,11.3,8.9,7.7,229.0,126.0,180.6
2022-08-29,30.7,37.7,25.8,76.5,0.0,0.0,noprecip,28.1,17.5,128.2,1008.9,45.9,10.9,262.3,0.07,Cloudy,-0.8437282590292712,-0.5367705514607103,30.4,29.8,28.0,37.6,35.9,32.0,26.0,25.4,25.1,78.5,78.3,85.1,0.2,0.1,43.778,8.33,4.17,8.33,rain,rain,rain,24.1,19.8,47.9,19.4,20.4,22.3,115.9,106.2,128.4,1007.3,1007.3,1002.7,44.6,58.6,77.5,12.5,11.3,8.9,252.1,229.0,126.0
2022-08-30,30.8,37.2,25.3,74.3,0.0,0.0,noprecip,19.1,13.9,117.3,1008.4,43.5,11.5,276.2,0.1,Cloudy,-0.8528367217694595,-0.522177676659508,30.7,30.4,29.8,37.7,37.6,35.9,25.8,26.0,25.4,76.5,78.5,78.3,0.0,0.2,0.1,0.0,8.33,4.17,noprecip,rain,rain,28.1,24.1,19.8,17.5,19.4,20.4,128.2,115.9,106.2,1008.9,1007.3,1007.3,45.9,44.6,58.6,10.9,12.5,11.3,262.3,252.1,229.0
2022-08-31,30.5,37.5,25.7,76.6,0.2,8.33,rain,15.1,12.1,76.4,1006.8,44.2,11.5,226.4,0.14,Rain,-0.8616928164028521,-0.5074302810827518,30.8,30.7,30.4,37.2,37.7,37.6,25.3,25.8,26.0,74.3,76.5,78.5,0.0,0.0,0.2,0.0,0.0,8.33,noprecip,noprecip,rain,19.1,28.1,24.1,13.9,17.5,19.4,117.3,128.2,115.9,1008.4,1008.9,1007.3,43.5,45.9,44.6,11.5,10.9,12.5,276.2,262.3,252.1
2022-09-01,28.7,34.2,25.5,83.5,11.032,8.33,rain,50.0,17.5,341.9,1009.0,51.6,9.3,129.9,0.17,Rain,-0.8702939222685674,-0.49253272872205434,30.5,30.8,30.7,37.5,37.2,37.7,25.7,25.3,25.8,76.6,74.3,76.5,0.2,0.0,0.0,8.33,0.0,0.0,rain,noprecip,noprecip,15.1,19.1,28.1,12.1,13.9,17.5,76.4,117.3,128.2,1006.8,1008.4,1008.9,44.2,43.5,45.9,11.5,11.5,10.9,226.4,276.2,262.3
2022-09-02,30.2,35.1,24.4,72.4,0.032,4.17,rain,23.8,10.3,349.0,1008.1,65.4,9.5,236.6,0.21,Rain,-0.8786374941610001,-0.4774894280028391,28.7,30.5,30.8,34.2,37.5,37.2,25.5,25.7,25.3,83.5,76.6,74.3,11.032,0.2,0.0,8.33,8.33,0.0,rain,rain,noprecip,50.0,15.1,19.1,17.5,12.1,13.9,341.9,76.4,117.3,1009.0,1006.8,1008.4,51.6,44.2,43.5,9.3,11.5,11.5,129.9,226.4,276.2
2022-09-03,30.8,37.6,25.4,73.7,0.106,4.17,rain,16.9,15.6,98.8,1005.4,39.5,8.6,254.5,0.24,Rain,-0.886721063082993,-0.46230483047981086,30.2,28.7,30.5,35.1,34.2,37.5,24.4,25.5,25.7,72.4,83.5,76.6,0.032,11.032,0.2,4.17,8.33,8.33,rain,rain,rain,23.8,50.0,15.1,10.3,17.5,12.1,349.0,341.9,76.4,1008.1,1009.0,1006.8,65.4,51.6,44.2,9.5,9.3,11.5,236.6,129.9,226.4
2022-09-04,27.7,30.8,23.9,80.7,2.042,8.33,rain,38.9,20.4,356.7,1007.3,71.8,9.4,170.1,0.25,Rain,-0.8945422369764496,-0.4469834295196741,30.8,30.2,28.7,37.6,35.1,34.2,25.4,24.4,25.5,73.7,72.4,83.5,0.106,0.032,11.032,4.17,4.17,8.33,rain,rain,rain,16.9,23.8,50.0,15.6,10.3,17.5,98.8,349.0,341.9,1005.4,1008.1,1009.0,39.5,65.4,51.6,8.6,9.5,9.3,254.5,236.6,129.9
2022-09-05,29.4,31.5,22.3,67.7,0.0,0.0,noprecip,25.2,11.2,314.1,1007.8,54.9,10.7,232.8,0.31,Cloudy,-0.9020987014301837,-0.43152975897147144,27.7,30.8,30.2,30.8,37.6,35.1,23.9,25.4,24.4,80.7,73.7,72.4,2.042,0.106,0.032,8.33,4.17,4.17,rain,rain,rain,38.9,16.9,23.8,20.4,15.6,10.3,356.7,98.8,349.0,1007.3,1005.4,1008.1,71.8,39.5,65.4,9.4,8.6,9.5,170.1,254.5,236.6
2022-09-06,30.2,32.5,21.9,64.1,0.0,0.0,noprecip,29.5,10.4,327.1,1008.3,33.7,12.2,256.6,0.35,Cloudy,-0.9093882203647925,-0.4159483918249421,29.4,27.7,30.8,31.5,30.8,37.6,22.3,23.9,25.4,67.7,80.7,73.7,0.0,2.042,0.106,0.0,8.33,4.17,noprecip,rain,rain,25.2,38.9,16.9,11.2,20.4,15.6,314.1,356.7,98.8,1007.8,1007.3,1005.4,54.9,71.8,39.5,10.7,9.4,8.6,232.8,170.1,254.5
2022-09-07,28.9,32.0,23.4,74.0,1.979,4.17,rain,48.2,14.8,358.7,1011.0,60.3,9.3,218.6,0.39,Rain,-0.9164086366943458,-0.4002439388573056,30.2,29.4,27.7,32.5,31.5,30.8,21.9,22.3,23.9,64.1,67.7,80.7,0.0,0.0,2.042,0.0,0.0,8.33,noprecip,noprecip,rain,29.5,25.2,38.9,10.4,11.2,20.4,327.1,314.1,356.7,1008.3,1007.8,1007.3,33.7,54.9,71.8,12.2,10.7,9.4,256.6,232.8,170.1
2022-09-08,26.4,27.9,24.5,89.9,100.747,16.67,rain,31.7,26.8,32.4,1012.7,84.4,8.4,38.4,0.42,Rain,-0.9231578729647039,-0.38442104726885545,28.9,30.2,29.4,32.0,32.5,31.5,23.4,21.9,22.3,74.0,64.1,67.7,1.979,0.0,0.0,4.17,0.0,0.0,rain,noprecip,noprecip,48.2,29.5,25.2,14.8,10.4,11.2,358.7,327.1,314.1,1011.0,1008.3,1007.8,60.3,33.7,54.9,9.3,12.2,10.7,218.6,256.6,232.8
2022-09-09,26.9,29.0,24.0,85.0,25.251,16.67,rain,22.3,9.4,342.6,1013.3,58.7,8.9,60.4,0.46,Rain,-0.9296339319682695,-0.3684843993077793,26.4,28.9,30.2,27.9,32.0,32.5,24.5,23.4,21.9,89.9,74.0,64.1,100.747,1.979,0.0,16.67,4.17,0.0,rain,rain,noprecip,31.7,48.2,29.5,26.8,14.8,10.4,32.4,358.7,327.1,1012.7,1011.0,1008.3,84.4,60.3,33.7,8.4,9.3,12.2,38.4,218.6,256.6
2022-09-10,28.0,30.9,24.3,81.4,18.504,12.5,rain,20.5,10.3,208.6,1011.9,66.0,9.2,182.5,0.5,Rain,-0.9358348973349941,-0.35243871088460327,26.9,26.4,28.9,29.0,27.9,32.0,24.0,24.5,23.4,85.0,89.9,74.0,25.251,100.747,1.979,16.67,16.67,4.17,rain,rain,rain,22.3,31.7,48.2,9.4,26.8,14.8,342.6,32.4,358.7,1013.3,1012.7,1011.0,58.7,84.4,60.3,8.9,8.4,9.3,60.4,38.4,218.6
2022-09-11,28.7,32.2,24.2,78.1,1.3,37.5,rain,22.0,12.1,71.8,1010.0,44.6,9.8,216.3,0.53,Rain,-0.9417589340994617,-0.33628873017668287,28.0,26.9,26.4,30.9,29.0,27.9,24.3,24.0,24.5,81.4,85.0,89.9,18.504,25.251,100.747,12.5,16.67,16.67,rain,rain,rain,20.5,22.3,31.7,10.3,9.4,26.8,208.6,342.6,32.4,1011.9,1013.3,1012.7,66.0,58.7,84.4,9.2,8.9,8.4,182.5,60.4,38.4
2022-09-12,29.4,33.5,24.1,74.3,0.3,4.17,rain,25.2,12.1,56.7,1009.0,45.6,9.5,227.0,0.56,Rain,-0.9474042892438845,-0.32003923622313857,28.7,28.0,26.9,32.2,30.9,29.0,24.2,24.3,24.0,78.1,81.4,85.0,1.3,18.504,25.251,37.5,12.5,16.67,rain,rain,rain,22.0,20.5,22.3,12.1,10.3,9.4,71.8,208.6,342.6,1010.0,1011.9,1013.3,44.6,66.0,58.7,9.8,9.2,8.9,216.3,182.5,60.4
2022-09-13,29.3,34.1,24.7,77.1,0.3,8.33,rain,19.1,11.2,331.3,1009.2,40.7,8.0,209.2,0.59,Rain,-0.9527692922168511,-0.30369503751065885,29.4,28.7,28.0,33.5,32.2,30.9,24.1,24.2,24.3,74.3,78.1,81.4,0.3,1.3,18.504,4.17,37.5,12.5,rain,rain,rain,25.2,22.0,20.5,12.1,12.1,10.3,56.7,71.8,208.6,1009.0,1010.0,1011.9,45.6,44.6,66.0,9.5,9.8,9.2,227.0,216.3,182.5
2022-09-14,29.9,34.6,24.2,72.8,0.3,12.5,rain,17.3,11.2,302.8,1008.6,33.6,8.1,244.1,0.62,Rain,-0.9578523554276669,-0.28726097055059635,29.3,29.4,28.7,34.1,33.5,32.2,24.7,24.1,24.2,77.1,74.3,78.1,0.3,0.3,1.3,8.33,4.17,37.5,rain,rain,rain,19.1,25.2,22.0,11.2,12.1,12.1,331.3,56.7,71.8,1009.2,1009.0,1010.0,40.7,45.6,44.6,8.0,9.5,9.8,209.2,227.0,216.3
2022-09-15,30.2,35.9,25.0,74.8,1.187,4.17,rain,21.2,14.8,104.9,1006.0,38.3,8.5,236.8,0.65,Rain,-0.9626519747161487,-0.2707418984477642,29.9,29.3,29.4,34.6,34.1,33.5,24.2,24.7,24.1,72.8,77.1,74.3,0.3,0.3,0.3,12.5,8.33,4.17,rain,rain,rain,17.3,19.1,25.2,11.2,11.2,12.1,302.8,331.3,56.7,1008.6,1009.2,1009.0,33.6,40.7,45.6,8.1,8.0,9.5,244.1,209.2,227.0
2022-09-16,28.5,33.5,25.2,82.6,0.099,4.17,rain,25.9,16.6,95.6,1004.1,62.0,9.4,61.1,0.69,Rain,-0.9671667297977312,-0.2541427094613622,30.2,29.9,29.3,35.9,34.6,34.1,25.0,24.2,24.7,74.8,72.8,77.1,1.187,0.3,0.3,4.17,12.5,8.33,rain,rain,rain,21.2,17.3,19.1,14.8,11.2,11.2,104.9,302.8,331.3,1006.0,1008.6,1009.2,38.3,33.6,40.7,8.5,8.1,8.0,236.8,244.1,209.2
2022-09-17,27.9,31.1,24.7,83.0,0.735,4.17,rain,24.8,14.8,84.0,1006.1,57.7,9.9,109.3,0.72,Rain,-0.97139528468375,-0.23746831555846842,28.5,30.2,29.9,33.5,35.9,34.6,25.2,25.0,24.2,82.6,74.8,72.8,0.099,1.187,0.3,4.17,4.17,12.5,rain,rain,rain,25.9,21.2,17.3,16.6,14.8,11.2,95.6,104.9,302.8,1004.1,1006.0,1008.6,62.0,38.3,33.6,9.4,8.5,8.1,61.1,236.8,244.1
2022-09-18,29.6,33.6,24.6,76.0,0.001,4.17,rain,17.6,11.2,145.9,1006.7,21.7,8.4,233.9,0.75,Rain,-0.9753363880767837,-0.2207236509605022,27.9,28.5,30.2,31.1,33.5,35.9,24.7,25.2,25.0,83.0,82.6,74.8,0.735,0.099,1.187,4.17,4.17,4.17,rain,rain,rain,24.8,25.9,21.2,14.8,16.6,14.8,84.0,95.6,104.9,1006.1,1004.1,1006.0,57.7,62.0,38.3,9.9,9.4,8.5,109.3,61.1,236.8
2022-09-19,30.2,35.8,25.3,76.3,0.0,0.0,noprecip,16.2,11.2,87.1,1006.3,32.6,8.7,242.0,0.78,Cloudy,-0.9789888737409319,-0.20391367068311472,29.6,27.9,28.5,33.6,31.1,33.5,24.6,24.7,25.2,76.0,83.0,82.6,0.001,0.735,0.099,4.17,4.17,4.17,rain,rain,rain,17.6,24.8,25.9,11.2,14.8,16.6,145.9,84.0,95.6,1006.7,1006.1,1004.1,21.7,57.7,62.0,8.4,9.9,9.4,233.9,109.3,61.1
2022-09-20,29.2,34.5,24.8,78.1,25.923,4.17,rain,24.8,16.6,46.7,1006.8,42.3,9.0,251.0,0.82,Rain,-0.9823516608469237,-0.18704334906991657,30.2,29.6,27.9,35.8,33.6,31.1,25.3,24.6,24.7,76.3,76.0,83.0,0.0,0.001,0.735,0.0,4.17,4.17,noprecip,rain,rain,16.2,17.6,24.8,11.2,11.2,14.8,87.1,145.9,84.0,1006.3,1006.7,1006.1,32.6,21.7,57.7,8.7,8.4,9.9,242.0,233.9,109.3
2022-09-21,27.4,29.8,24.0,81.7,1.704,4.17,rain,33.5,12.1,17.1,1008.8,46.0,9.5,156.6,0.85,Rain,-0.9854237542919524,-0.17011767832049052,29.2,30.2,29.6,34.5,35.8,33.6,24.8,25.3,24.6,78.1,76.3,76.0,25.923,0.0,0.001,4.17,0.0,4.17,rain,noprecip,rain,24.8,16.2,17.6,16.6,11.2,11.2,46.7,87.1,145.9,1006.8,1006.3,1006.7,42.3,32.6,21.7,9.0,8.7,8.4,251.0,242.0,233.9
2022-09-22,27.6,30.2,24.3,82.7,25.4,4.17,rain,31.7,17.5,67.6,1009.6,61.5,9.3,116.1,0.88,Rain,-0.9882042449941422,-0.15314166701312007,27.4,29.2,30.2,29.8,34.5,35.8,24.0,24.8,25.3,81.7,78.1,76.3,1.704,25.923,0.0,4.17,4.17,0.0,rain,rain,noprecip,33.5,24.8,16.2,12.1,16.6,11.2,17.1,46.7,87.1,1008.8,1006.8,1006.3,46.0,42.3,32.6,9.5,9.0,8.7,156.6,251.0,242.0
2022-09-23,27.4,28.9,23.3,80.0,18.005,4.17,rain,31.7,24.1,5.0,1010.3,62.0,9.3,218.3,0.91,Rain,-0.9906923101615609,-0.13612033862266704,27.6,27.4,29.2,30.2,29.8,34.5,24.3,24.0,24.8,82.7,81.7,78.1,25.4,1.704,25.923,4.17,4.17,4.17,rain,rain,rain,31.7,33.5,24.8,17.5,12.1,16.6,67.6,17.1,46.7,1009.6,1008.8,1006.8,61.5,46.0,42.3,9.3,9.5,9.0,116.1,156.6,251.0
2022-09-24,26.6,28.1,22.8,80.1,8.882,4.17,rain,33.5,13.9,10.5,1010.5,74.4,9.6,136.1,0.95,Rain,-0.9928872135356962,-0.11905873003404988,27.4,27.6,27.4,28.9,30.2,29.8,23.3,24.3,24.0,80.0,82.7,81.7,18.005,25.4,1.704,4.17,4.17,4.17,rain,rain,rain,31.7,31.7,33.5,24.1,17.5,12.1,5.0,67.6,17.1,1010.3,1009.6,1008.8,62.0,61.5,46.0,9.3,9.3,9.5,218.3,116.1,156.6
2022-09-25,26.0,26.8,22.8,82.5,18.36,4.17,rain,34.6,18.4,13.1,1011.2,67.2,9.2,149.6,0.98,Rain,-0.994788305609327,-0.10196189005174576,26.6,27.4,27.6,28.1,28.9,30.2,22.8,23.3,24.3,80.1,80.0,82.7,8.882,18.005,25.4,4.17,4.17,4.17,rain,rain,rain,33.5,31.7,31.7,13.9,24.1,17.5,10.5,5.0,67.6,1010.5,1010.3,1009.6,74.4,62.0,61.5,9.6,9.3,9.3,136.1,218.3,116.1
2022-09-26,27.9,31.0,23.7,79.2,0.4,16.67,rain,24.5,9.4,318.5,1009.9,27.4,7.7,230.1,0.0,Rain,-0.9963950238187231,-0.08483487790576538,26.0,26.6,27.4,26.8,28.1,28.9,22.8,22.8,23.3,82.5,80.1,80.0,18.36,8.882,18.005,4.17,4.17,4.17,rain,rain,rain,34.6,33.5,31.7,18.4,13.9,24.1,13.1,10.5,5.0,1011.2,1010.5,1010.3,67.2,74.4,62.0,9.2,9.6,9.3,149.6,136.1,218.3
2022-09-27,29.0,32.1,23.7,74.8,0.1,4.17,rain,30.6,11.2,325.7,1007.0,19.3,6.9,236.9,0.05,Rain,-0.9977068927101168,-0.06768276175455162,27.9,26.0,26.6,31.0,26.8,28.1,23.7,22.8,22.8,79.2,82.5,80.1,0.4,18.36,8.882,16.67,4.17,4.17,rain,rain,rain,24.5,34.6,33.5,9.4,18.4,13.9,318.5,13.1,10.5,1009.9,1011.2,1010.5,27.4,67.2,74.4,7.7,9.2,9.6,230.1,149.6,136.1
2022-09-28,26.8,28.3,23.0,80.1,27.2,79.17,rain,40.7,12.1,322.7,1005.8,70.4,8.3,29.0,0.08,Rain,-0.9987235240803972,-0.050510617185222886,29.0,27.9,26.0,32.1,31.0,26.8,23.7,23.7,22.8,74.8,79.2,82.5,0.1,0.4,18.36,4.17,16.67,4.17,rain,rain,rain,30.6,24.5,34.6,11.2,9.4,18.4,325.7,318.5,13.1,1007.0,1009.9,1011.2,19.3,27.4,67.2,6.9,7.7,9.2,236.9,230.1,149.6
2022-09-29,26.1,27.0,23.7,86.9,23.5,87.5,rain,35.6,14.8,1.8,1006.8,88.4,8.2,45.0,0.12,Rain,-0.9994446170919858,-0.033323525711631344,26.8,29.0,27.9,28.3,32.1,31.0,23.0,23.7,23.7,80.1,74.8,79.2,27.2,0.1,0.4,79.17,4.17,16.67,rain,rain,rain,40.7,30.6,24.5,12.1,11.2,9.4,322.7,325.7,318.5,1005.8,1007.0,1009.9,70.4,19.3,27.4,8.3,6.9,7.7,29.0,236.9,230.1
2022-09-30,26.6,27.8,23.6,84.1,20.8,100.0,rain,20.5,23.2,63.5,1008.4,70.1,10.0,59.6,0.15,Rain,-0.9998699583618592,-0.016126573270657762,26.1,26.8,29.0,27.0,28.3,32.1,23.7,23.0,23.7,86.9,80.1,74.8,23.5,27.2,0.1,87.5,79.17,4.17,rain,rain,rain,35.6,40.7,30.6,14.8,12.1,11.2,1.8,322.7,325.7,1006.8,1005.8,1007.0,88.4,70.4,19.3,8.2,8.3,6.9,45.0,29.0,236.9
2022-10-01,26.2,27.3,24.3,89.2,33.5,100.0,rain,22.3,19.4,90.9,1009.6,80.3,8.7,69.4,0.19,Rain,-0.9999994220246925,0.001075151282798226,26.6,26.1,26.8,27.8,27.0,28.3,23.6,23.7,23.0,84.1,86.9,80.1,20.8,23.5,27.2,100.0,87.5,79.17,rain,rain,rain,20.5,35.6,40.7,23.2,14.8,12.1,63.5,1.8,322.7,1008.4,1006.8,1005.8,70.1,88.4,70.4,10.0,8.2,8.3,59.6,45.0,29.0
2022-10-02,26.9,28.9,23.8,83.4,31.3,91.67,rain,23.4,17.5,94.9,1010.8,83.2,9.9,49.6,0.23,Rain,-0.999832969770105,0.018276557681691223,26.2,26.6,26.1,27.3,27.8,27.0,24.3,23.6,23.7,89.2,84.1,86.9,33.5,20.8,23.5,100.0,100.0,87.5,rain,rain,rain,22.3,20.5,35.6,19.4,23.2,14.8,90.9,63.5,1.8,1009.6,1008.4,1006.8,80.3,70.1,88.4,8.7,10.0,8.2,69.4,59.6,45.0
2022-10-03,27.8,30.3,24.0,81.1,2.0,50.0,rain,23.0,17.6,72.8,1012.1,53.7,9.1,169.4,0.25,Rain,-0.9993706508539969,0.03547255575312556,26.9,26.2,26.6,28.9,27.3,27.8,23.8,24.3,23.6,83.4,89.2,84.1,31.3,33.5,20.8,91.67,100.0,100.0,rain,rain,rain,23.4,22.3,20.5,17.5,19.4,23.2,94.9,90.9,63.5,1010.8,1009.6,1008.4,83.2,80.3,70.1,9.9,8.7,10.0,49.6,69.4,59.6
2022-10-04,27.5,29.4,23.8,81.6,0.13,4.17,rain,29.5,8.5,293.3,1013.5,40.4,9.2,186.2,0.3,Rain,-0.9986126020839734,0.052658056924614005,27.8,26.9,26.2,30.3,28.9,27.3,24.0,23.8,24.3,81.1,83.4,89.2,2.0,31.3,33.5,50.0,91.67,100.0,rain,rain,rain,23.0,23.4,22.3,17.6,17.5,19.4,72.8,94.9,90.9,1012.1,1010.8,1009.6,53.7,83.2,80.3,9.1,9.9,8.7,169.4,49.6,69.4
2022-10-05,28.3,31.1,23.6,77.5,0.08,4.17,rain,19.8,16.6,118.6,1013.2,30.8,9.3,216.0,0.33,Rain,-0.9975590477788613,0.06982797572987089,27.5,27.8,26.9,29.4,30.3,28.9,23.8,24.0,23.8,81.6,81.1,83.4,0.13,2.0,31.3,4.17,50.0,91.67,rain,rain,rain,29.5,23.0,23.4,8.5,17.6,17.5,293.3,72.8,94.9,1013.5,1012.1,1010.8,40.4,53.7,83.2,9.2,9.1,9.9,186.2,169.4,49.6
2022-10-06,26.7,27.9,23.7,84.8,4.381,8.33,rain,26.3,26.8,108.3,1013.6,41.5,8.9,178.2,0.37,Rain,-0.9962102997023297,0.0869772313136861,28.3,27.5,27.8,31.1,29.4,30.3,23.6,23.8,24.0,77.5,81.6,81.1,0.08,0.13,2.0,4.17,4.17,50.0,rain,rain,rain,19.8,29.5,23.0,16.6,8.5,17.6,118.6,293.3,72.8,1013.2,1013.5,1012.1,30.8,40.4,53.7,9.3,9.2,9.1,216.0,186.2,169.4
2022-10-07,26.4,28.1,23.7,85.8,1.117,12.5,rain,29.5,13.2,95.9,1014.0,52.4,8.5,155.8,0.4,Rain,-0.9945667569706337,0.1041007489354256,26.7,28.3,27.5,27.9,31.1,29.4,23.7,23.6,23.8,84.8,77.5,81.6,4.381,0.08,0.13,8.33,4.17,4.17,rain,rain,rain,26.3,19.8,29.5,26.8,16.6,8.5,108.3,118.6,293.3,1013.6,1013.2,1013.5,41.5,30.8,40.4,8.9,9.3,9.2,178.2,216.0,186.2
2022-10-08,26.7,28.2,23.2,81.9,0.876,8.33,rain,20.2,16.6,72.9,1014.4,67.3,9.0,90.8,0.44,Rain,-0.9926289059345095,0.121193461470736,26.4,26.7,28.3,28.1,27.9,31.1,23.7,23.7,23.6,85.8,84.8,77.5,1.117,4.381,0.08,12.5,8.33,4.17,rain,rain,rain,29.5,26.3,19.8,13.2,26.8,16.6,95.9,108.3,118.6,1014.0,1013.6,1013.2,52.4,41.5,30.8,8.5,8.9,9.3,155.8,178.2,216.0
2022-10-09,25.3,25.6,20.8,76.8,0.519,12.5,rain,48.2,26.8,20.4,1017.2,88.5,9.4,58.9,0.48,Rain,-0.9903973200352558,0.1382503109109819,26.7,26.4,26.7,28.2,28.1,27.9,23.2,23.7,23.7,81.9,85.8,84.8,0.876,1.117,4.381,8.33,12.5,8.33,rain,rain,rain,20.2,29.5,26.3,16.6,13.2,26.8,72.9,95.9,108.3,1014.4,1014.0,1013.6,67.3,52.4,41.5,9.0,8.5,8.9,90.8,155.8,178.2
2022-10-10,23.8,23.8,14.8,57.8,0.198,4.17,rain,36.0,17.5,4.2,1020.4,63.9,9.7,161.3,0.5,Rain,-0.9878726596350429,0.15526624985999563,25.3,26.7,26.4,25.6,28.2,28.1,20.8,23.2,23.7,76.8,81.9,85.8,0.519,0.876,1.117,12.5,8.33,12.5,rain,rain,rain,48.2,20.2,29.5,26.8,16.6,13.2,20.4,72.9,95.9,1017.2,1014.4,1014.0,88.5,67.3,52.4,9.4,9.0,8.5,58.9,90.8,155.8
2022-10-11,23.9,23.8,14.6,58.9,0.0,0.0,noprecip,27.7,16.6,28.0,1017.5,10.4,11.0,253.0,0.54,Clear,-0.9850556718215013,0.172236243027682,23.8,25.3,26.7,23.8,25.6,28.2,14.8,20.8,23.2,57.8,76.8,81.9,0.198,0.519,0.876,4.17,12.5,8.33,rain,rain,rain,36.0,48.2,20.2,17.5,26.8,16.6,4.2,20.4,72.9,1020.4,1017.2,1014.4,63.9,88.5,67.3,9.7,9.4,9.0,161.3,58.9,90.8
2022-10-12,25.0,24.7,15.0,57.4,0.0,0.0,noprecip,21.2,13.9,59.9,1015.7,10.7,10.8,252.6,0.58,Clear,-0.981947190186646,0.18915526872004093,23.9,23.8,25.3,23.8,23.8,25.6,14.6,14.8,20.8,58.9,57.8,76.8,0.0,0.198,0.519,0.0,4.17,12.5,noprecip,rain,rain,27.7,36.0,48.2,16.6,17.5,26.8,28.0,4.2,20.4,1017.5,1020.4,1017.2,10.4,63.9,88.5,11.0,9.7,9.4,253.0,161.3,58.9
2022-10-13,25.0,24.8,15.3,57.3,0.0,0.0,noprecip,27.7,11.2,0.6,1014.6,31.8,10.5,235.4,0.61,Cloudy,-0.9785481345802031,0.20601832032517084,25.0,23.9,23.8,24.7,23.8,23.8,15.0,14.6,14.8,57.4,58.9,57.8,0.0,0.0,0.198,0.0,0.0,4.17,noprecip,noprecip,rain,21.2,27.7,36.0,13.9,16.6,17.5,59.9,28.0,4.2,1015.7,1017.5,1020.4,10.7,10.4,63.9,10.8,11.0,9.7,252.6,253.0,161.3
2022-10-14,24.8,24.5,15.3,60.1,0.0,0.0,noprecip,36.4,17.5,342.3,1012.9,60.3,10.3,252.7,0.64,Cloudy,-0.9748595108374125,0.22282040779479959,25.0,25.0,23.9,24.8,24.7,23.8,15.3,15.0,14.6,57.3,57.4,58.9,0.0,0.0,0.0,0.0,0.0,0.0,noprecip,noprecip,noprecip,27.7,21.2,27.7,11.2,13.9,16.6,0.6,59.9,28.0,1014.6,1015.7,1017.5,31.8,10.7,10.4,10.5,10.8,11.0,235.4,252.6,253.0
2022-10-15,25.7,25.3,14.8,55.8,0.0,0.0,noprecip,40.7,17.5,337.9,1012.9,54.2,10.5,228.6,0.67,Cloudy,-0.9708824104813836,0.23955655912092708,24.8,25.0,25.0,24.5,24.8,24.7,15.3,15.3,15.0,60.1,57.3,57.4,0.0,0.0,0.0,0.0,0.0,0.0,noprecip,noprecip,noprecip,36.4,27.7,21.2,17.5,11.2,13.9,342.3,0.6,59.9,1012.9,1014.6,1015.7,60.3,31.8,10.7,10.3,10.5,10.8,252.7,235.4,252.6
2022-10-16,25.8,25.8,16.4,59.2,0.0,0.0,noprecip,33.8,16.6,330.4,1014.2,9.6,9.6,251.5,0.7,Clear,-0.9666180104000972,0.2562218218071163,25.7,24.8,25.0,25.3,24.5,24.8,14.8,15.3,15.3,55.8,60.1,57.3,0.0,0.0,0.0,0.0,0.0,0.0,noprecip,noprecip,noprecip,40.7,36.4,27.7,17.5,17.5,11.2,337.9,342.3,0.6,1012.9,1012.9,1014.6,54.2,60.3,31.8,10.5,10.3,10.5,228.6,252.7,235.4
2022-10-17,27.2,26.9,14.1,46.1,0.0,0.0,noprecip,42.8,20.5,341.1,1014.5,35.3,11.2,249.7,0.74,Cloudy,-0.9620675724981452,0.27281126433401914,25.8,25.7,24.8,25.8,25.3,24.5,16.4,14.8,15.3,59.2,55.8,60.1,0.0,0.0,0.0,0.0,0.0,0.0,noprecip,noprecip,noprecip,33.8,40.7,36.4,16.6,17.5,17.5,330.4,337.9,342.3,1014.2,1012.9,1012.9,9.6,54.2,60.3,9.6,10.5,10.3,251.5,228.6,252.7
2022-10-18,26.1,25.7,12.5,44.2,0.0,0.0,noprecip,42.5,19.7,345.3,1014.9,41.7,10.2,249.8,0.75,Cloudy,-0.957232443323312,0.28931997761869527,27.2,25.8,25.7,26.9,25.8,25.3,14.1,16.4,14.8,46.1,59.2,55.8,0.0,0.0,0.0,0.0,0.0,0.0,noprecip,noprecip,noprecip,42.8,33.8,40.7,20.5,16.6,17.5,341.1,330.4,337.9,1014.5,1014.2,1012.9,35.3,9.6,54.2,11.2,9.6,10.5,249.7,251.5,228.6
2022-10-19,21.8,21.8,12.3,58.4,0.101,8.33,rain,33.5,16.5,15.9,1016.7,70.7,9.0,114.0,0.8,Rain,-0.9521140536681102,0.3057430764672831,26.1,27.2,25.8,25.7,26.9,25.8,12.5,14.1,16.4,44.2,46.1,59.2,0.0,0.0,0.0,0.0,0.0,0.0,noprecip,noprecip,noprecip,42.5,42.8,33.8,19.7,20.5,16.6,345.3,341.1,330.4,1014.9,1014.5,1014.2,41.7,35.3,9.6,10.2,11.2,9.6,249.8,249.7,251.5
2022-10-20,17.3,17.3,16.0,92.3,18.421,16.67,rain,29.9,13.9,342.5,1018.5,99.9,7.1,17.1,0.83,Rain,-0.9467139181463862,0.3220757010206104,21.8,26.1,27.2,21.8,25.7,26.9,12.3,12.5,14.1,58.4,44.2,46.1,0.101,0.0,0.0,8.33,0.0,0.0,rain,noprecip,noprecip,33.5,42.5,42.8,16.5,19.7,20.5,15.9,345.3,341.1,1016.7,1014.9,1014.5,70.7,41.7,35.3,9.0,10.2,11.2,114.0,249.8,249.7
2022-10-21,19.9,19.9,18.8,93.2,5.445,8.33,rain,22.7,12.1,314.8,1018.7,77.1,7.7,38.6,0.86,Rain,-0.9410336347451197,0.3383130181923076,17.3,21.8,26.1,17.3,21.8,25.7,16.0,12.3,12.5,92.3,58.4,44.2,18.421,0.101,0.0,16.67,8.33,0.0,rain,rain,noprecip,29.9,33.5,42.5,13.9,16.5,19.7,342.5,15.9,345.3,1018.5,1016.7,1014.9,99.9,70.7,41.7,7.1,9.0,10.2,17.1,114.0,249.8
2022-10-22,25.3,26.2,20.5,77.2,0.0,0.0,noprecip,26.3,10.8,321.1,1016.8,21.3,9.8,226.3,0.9,Cloudy,-0.9350748843515574,0.3544502230989869,19.9,17.3,21.8,19.9,17.3,21.8,18.8,16.0,12.3,93.2,92.3,58.4,5.445,18.421,0.101,8.33,16.67,8.33,rain,rain,rain,22.7,29.9,33.5,12.1,13.9,16.5,314.8,342.5,15.9,1018.7,1018.5,1016.7,77.1,99.9,70.7,7.7,7.1,9.0,38.6,17.1,114.0
2022-10-23,27.7,29.2,21.5,71.3,0.0,0.0,noprecip,23.4,7.4,356.8,1015.0,19.4,10.4,215.3,0.93,Clear,-0.9288394302558068,0.3704825404820963,25.3,19.9,17.3,26.2,19.9,17.3,20.5,18.8,16.0,77.2,93.2,92.3,0.0,5.445,18.421,0.0,8.33,16.67,noprecip,rain,rain,26.3,22.7,29.9,10.8,12.1,13.9,321.1,314.8,342.5,1016.8,1018.7,1018.5,21.3,77.1,99.9,9.8,7.7,7.1,226.3,38.6,17.1
2022-10-24,27.6,28.7,21.0,69.5,0.1,4.17,rain,21.6,15.7,97.5,1014.1,20.1,8.0,210.1,0.96,Rain,-0.9223291176290545,0.3864052261209853,27.7,25.3,19.9,29.2,26.2,19.9,21.5,20.5,18.8,71.3,77.2,93.2,0.0,0.0,5.445,0.0,0.0,8.33,noprecip,noprecip,rain,23.4,26.3,22.7,7.4,10.8,12.1,356.8,321.1,314.8,1015.0,1016.8,1018.7,19.4,21.3,77.1,10.4,9.8,7.7,215.3,226.3,38.6
2022-10-25,24.9,25.2,21.8,83.7,0.131,8.33,rain,19.8,13.9,244.0,1016.2,66.5,7.0,111.1,0.0,Rain,-0.9155458729775467,0.40221356823680365,27.6,27.7,25.3,28.7,29.2,26.2,21.0,21.5,20.5,69.5,71.3,77.2,0.1,0.0,0.0,4.17,0.0,0.0,rain,noprecip,noprecip,21.6,23.4,26.3,15.7,7.4,10.8,97.5,356.8,321.1,1014.1,1015.0,1016.8,20.1,19.4,21.3,8.0,10.4,9.8,210.1,215.3,226.3
2022-10-26,25.2,25.7,22.1,83.5,0.002,4.17,rain,17.6,9.4,283.1,1015.3,81.8,5.8,123.5,0.03,Rain,-0.9084917035725082,0.41790288888678667,24.9,27.6,27.7,25.2,28.7,29.2,21.8,21.0,21.5,83.7,69.5,71.3,0.131,0.1,0.0,8.33,4.17,0.0,rain,rain,noprecip,19.8,21.6,23.4,13.9,15.7,7.4,244.0,97.5,356.8,1016.2,1014.1,1015.0,66.5,20.1,19.4,7.0,8.0,10.4,111.1,210.1,215.3
2022-10-27,26.5,27.5,21.7,75.9,0.001,4.17,rain,23.0,11.2,127.6,1014.6,78.4,9.4,159.3,0.06,Rain,-0.9011686968561569,0.4334685453485363,25.2,24.9,27.6,25.7,25.2,28.7,22.1,21.8,21.0,83.5,83.7,69.5,0.002,0.131,0.1,4.17,8.33,4.17,rain,rain,rain,17.6,19.8,21.6,9.4,13.9,15.7,283.1,244.0,97.5,1015.3,1016.2,1014.1,81.8,66.5,20.1,5.8,7.0,8.0,123.5,111.1,210.1
2022-10-28,26.8,27.5,20.3,69.5,0.0,0.0,noprecip,17.6,11.2,122.9,1014.9,43.2,9.7,170.4,0.1,Cloudy,-0.8935790198239952,0.4489059314938798,26.5,25.2,24.9,27.5,25.7,25.2,21.7,22.1,21.8,75.9,83.5,83.7,0.001,0.002,0.131,4.17,4.17,8.33,rain,rain,rain,23.0,17.6,19.8,11.2,9.4,13.9,127.6,283.1,244.0,1014.6,1015.3,1016.2,78.4,81.8,66.5,9.4,5.8,7.0,159.3,123.5,111.1
2022-10-29,26.1,26.5,20.7,73.5,0.495,4.17,rain,29.5,12.1,346.5,1015.0,37.4,7.8,197.3,0.13,Rain,-0.8857249183835637,0.4642104791518923,26.8,26.5,25.2,27.5,27.5,25.7,20.3,21.7,22.1,69.5,75.9,83.5,0.0,0.001,0.002,0.0,4.17,4.17,noprecip,rain,rain,17.6,23.0,17.6,11.2,11.2,9.4,122.9,127.6,283.1,1014.9,1014.6,1015.3,43.2,78.4,81.8,9.7,9.4,5.8,170.4,159.3,123.5
2022-10-30,25.7,26.4,20.4,73.9,0.0,0.0,noprecip,35.3,14.1,339.5,1013.8,17.0,7.8,200.0,0.17,Clear,-0.8776087166898392,0.4793776594606945,26.1,26.8,26.5,26.5,27.5,27.5,20.7,20.3,21.7,73.5,69.5,75.9,0.495,0.0,0.001,4.17,0.0,4.17,rain,noprecip,rain,29.5,17.6,23.0,12.1,11.2,11.2,346.5,122.9,127.6,1015.0,1014.9,1014.6,37.4,43.2,78.4,7.8,9.7,9.4,197.3,170.4,159.3
2022-10-31,25.7,25.8,16.0,56.4,0.0,0.0,noprecip,41.4,19.5,356.7,1014.8,44.9,10.0,179.6,0.21,Cloudy,-0.8692328164574792,0.49440298420761813,25.7,26.1,26.8,26.4,26.5,27.5,20.4,20.7,20.3,73.9,73.5,69.5,0.0,0.495,0.0,0.0,4.17,0.0,noprecip,rain,noprecip,35.3,29.5,17.6,14.1,12.1,11.2,339.5,346.5,122.9,1013.8,1015.0,1014.9,17.0,37.4,43.2,7.8,7.8,9.7,200.0,197.3,170.4
2022-11-01,24.5,24.3,13.5,52.5,0.0,0.0,noprecip,38.9,20.5,326.4,1014.2,59.4,11.3,231.7,0.25,Cloudy,-0.8605996962501181,0.5092820071573356,25.7,25.7,26.1,25.8,26.4,26.5,16.0,20.4,20.7,56.4,73.9,73.5,0.0,0.0,0.495,0.0,0.0,4.17,noprecip,noprecip,rain,41.4,35.3,29.5,19.5,14.1,12.1,356.7,339.5,346.5,1014.8,1013.8,1015.0,44.9,17.0,37.4,10.0,7.8,7.8,179.6,200.0,197.3
2022-11-02,23.0,22.8,14.2,62.0,0.0,0.0,noprecip,22.3,14.8,324.5,1011.9,17.1,9.3,234.6,0.28,Clear,-0.8517119107469189,0.5240103253675756,24.5,25.7,25.7,24.3,25.8,26.4,13.5,16.0,20.4,52.5,56.4,73.9,0.0,0.0,0.0,0.0,0.0,0.0,noprecip,noprecip,noprecip,38.9,41.4,35.3,20.5,19.5,14.1,326.4,356.7,339.5,1014.2,1014.8,1013.8,59.4,44.9,17.0,11.3,10.0,7.8,231.7,179.6,200.0
2022-11-03,23.4,23.3,15.1,62.8,0.0,0.0,noprecip,21.2,10.6,309.3,1013.2,31.0,9.2,228.1,0.31,Cloudy,-0.8425720899866032,0.5385835804920232,23.0,24.5,25.7,22.8,24.3,25.8,14.2,13.5,16.0,62.0,52.5,56.4,0.0,0.0,0.0,0.0,0.0,0.0,noprecip,noprecip,noprecip,22.3,38.9,41.4,14.8,20.5,19.5,324.5,326.4,356.7,1011.9,1014.2,1014.8,17.1,59.4,44.9,9.3,11.3,10.0,234.6,231.7,179.6
2022-11-04,24.2,24.2,16.8,65.7,0.0,0.0,noprecip,25.9,11.1,341.4,1016.2,26.0,9.7,205.4,0.35,Cloudy,-0.8331829385891785,0.5529974600700271,23.4,23.0,24.5,23.3,22.8,24.3,15.1,14.2,13.5,62.8,62.0,52.5,0.0,0.0,0.0,0.0,0.0,0.0,noprecip,noprecip,noprecip,21.2,22.3,38.9,10.6,14.8,20.5,309.3,324.5,326.4,1013.2,1011.9,1014.2,31.0,17.1,59.4,9.2,9.3,11.3,228.1,234.6,231.7
2022-11-05,24.4,24.4,17.4,67.9,0.0,0.0,noprecip,30.2,19.5,63.8,1018.1,8.3,10.3,215.5,0.38,Clear,-0.8235472349556007,0.5672476988027229,24.2,23.4,23.0,24.2,23.3,22.8,16.8,15.1,14.2,65.7,62.8,62.0,0.0,0.0,0.0,0.0,0.0,0.0,noprecip,noprecip,noprecip,25.9,21.2,22.3,11.1,10.6,14.8,341.4,309.3,324.5,1016.2,1013.2,1011.9,26.0,31.0,17.1,9.7,9.2,9.3,205.4,228.1,234.6
2022-11-06,23.5,23.6,17.9,72.4,0.0,0.0,noprecip,16.6,10.3,78.3,1017.6,15.3,7.1,209.4,0.42,Clear,-0.8136678304455991,0.5813300798152042,24.4,24.2,23.4,24.4,24.2,23.3,17.4,16.8,15.1,67.9,65.7,62.8,0.0,0.0,0.0,0.0,0.0,0.0,noprecip,noprecip,noprecip,30.2,25.9,21.2,19.5,11.1,10.6,63.8,341.4,309.3,1018.1,1016.2,1013.2,8.3,26.0,31.0,10.3,9.7,9.2,215.5,205.4,228.1
2022-11-07,23.6,23.8,18.7,75.8,0.0,0.0,noprecip,15.8,11.2,95.2,1016.5,29.5,6.7,154.7,0.46,Cloudy,-0.8035476485339116,0.5952404359043674,23.5,24.4,24.2,23.6,24.4,24.2,17.9,17.4,16.8,72.4,67.9,65.7,0.0,0.0,0.0,0.0,0.0,0.0,noprecip,noprecip,noprecip,16.6,30.2,25.9,10.3,19.5,11.1,78.3,63.8,341.4,1017.6,1018.1,1016.2,15.3,8.3,26.0,7.1,10.3,9.7,209.4,215.5,205.4
2022-11-08,24.1,24.4,19.0,74.6,0.0,0.0,noprecip,15.1,14.8,73.0,1016.5,22.0,6.0,200.3,0.5,Cloudy,-0.7931896839451843,0.6089746507720486,23.6,23.5,24.4,23.8,23.6,24.4,18.7,17.9,17.4,75.8,72.4,67.9,0.0,0.0,0.0,0.0,0.0,0.0,noprecip,noprecip,noprecip,15.8,16.6,30.2,11.2,10.3,19.5,95.2,78.3,63.8,1016.5,1017.6,1018.1,29.5,15.3,8.3,6.7,7.1,10.3,154.7,209.4,215.5
2022-11-09,24.4,24.7,19.4,75.4,0.0,0.0,noprecip,16.2,13.0,97.8,1016.3,19.5,7.2,191.7,0.52,Clear,-0.7825970017677834,0.6225286602431057,24.1,23.6,23.5,24.4,23.8,23.6,19.0,18.7,17.9,74.6,75.8,72.4,0.0,0.0,0.0,0.0,0.0,0.0,noprecip,noprecip,noprecip,15.1,15.8,16.6,14.8,11.2,10.3,73.0,95.2,78.3,1016.5,1016.5,1017.6,22.0,29.5,15.3,6.0,6.7,7.1,200.3,154.7,209.4
2022-11-10,24.6,24.7,21.2,81.7,0.3,12.5,rain,14.8,9.3,131.4,1015.8,65.5,7.4,106.1,0.56,Rain,-0.7717727365467837,0.6358984534680745,24.4,24.1,23.6,24.7,24.4,23.8,19.4,19.0,18.7,75.4,74.6,75.8,0.0,0.0,0.0,0.0,0.0,0.0,noprecip,noprecip,noprecip,16.2,15.1,15.8,13.0,14.8,11.2,97.8,73.0,95.2,1016.3,1016.5,1016.5,19.5,22.0,29.5,7.2,6.0,6.7,191.7,200.3,154.7
2022-11-11,25.7,26.5,22.0,80.9,0.8,29.17,rain,20.9,14.7,122.9,1015.0,52.2,8.1,138.8,0.59,Rain,-0.7607200913564104,0.6490800741100398,24.6,24.4,24.1,24.7,24.7,24.4,21.2,19.4,19.0,81.7,75.4,74.6,0.3,0.0,0.0,12.5,0.0,0.0,rain,noprecip,noprecip,14.8,16.2,15.1,9.3,13.0,14.8,131.4,97.8,73.0,1015.8,1016.3,1016.5,65.5,19.5,22.0,7.4,7.2,6.0,106.1,191.7,200.3
2022-11-12,26.1,27.1,21.8,78.1,0.4,16.67,rain,23.8,15.7,109.4,1013.8,62.2,8.6,124.2,0.62,Rain,-0.7494423368521953,0.6620696215153815,25.7,24.6,24.4,26.5,24.7,24.7,22.0,21.2,19.4,80.9,81.7,75.4,0.8,0.3,0.0,29.17,12.5,0.0,rain,rain,noprecip,20.9,14.8,16.2,14.7,9.3,13.0,122.9,131.4,97.8,1015.0,1015.8,1016.3,52.2,65.5,19.5,8.1,7.4,7.2,138.8,106.1,191.7
2022-11-13,25.4,26.2,21.6,79.9,0.152,8.33,rain,18.0,11.2,105.6,1014.6,55.6,8.1,132.2,0.65,Rain,-0.7379428103031386,0.6748632518680403,26.1,25.7,24.6,27.1,26.5,24.7,21.8,22.0,21.2,78.1,80.9,81.7,0.4,0.8,0.3,16.67,29.17,12.5,rain,rain,rain,23.8,20.9,14.8,15.7,14.7,9.3,109.4,122.9,131.4,1013.8,1015.0,1015.8,62.2,52.2,65.5,8.6,8.1,7.4,124.2,138.8,106.1
2022-11-14,25.5,26.3,22.0,82.1,0.001,4.17,rain,18.0,9.4,132.5,1014.9,41.6,6.2,127.1,0.69,Rain,-0.7262249146041543,0.6874571793269664,25.4,26.1,25.7,26.2,27.1,26.5,21.6,21.8,22.0,79.9,78.1,80.9,0.152,0.4,0.8,8.33,16.67,29.17,rain,rain,rain,18.0,23.8,20.9,11.2,15.7,14.7,105.6,109.4,122.9,1014.6,1013.8,1015.0,55.6,62.2,52.2,8.1,8.6,8.1,132.2,124.2,138.8
2022-11-15,25.9,26.9,22.4,81.7,0.021,4.17,rain,23.0,15.7,125.1,1013.5,58.1,8.4,132.8,0.72,Rain,-0.7142921172691032,0.699847677146407,25.5,25.4,26.1,26.3,26.2,27.1,22.0,21.6,21.8,82.1,79.9,78.1,0.001,0.152,0.4,4.17,8.33,16.67,rain,rain,rain,18.0,18.0,23.8,9.4,11.2,15.7,132.5,105.6,109.4,1014.9,1014.6,1013.8,41.6,55.6,62.2,6.2,8.1,8.6,127.1,132.2,124.2
2022-11-16,27.0,28.5,22.8,79.0,0.099,4.17,rain,21.2,16.6,129.3,1011.7,59.9,8.2,133.1,0.75,Rain,-0.7021479494046978,0.7120310787787131,25.9,25.5,25.4,26.9,26.3,26.2,22.4,22.0,21.6,81.7,82.1,79.9,0.021,0.001,0.152,4.17,4.17,8.33,rain,rain,rain,23.0,18.0,18.0,15.7,9.4,11.2,125.1,132.5,105.6,1013.5,1014.9,1014.6,58.1,41.6,55.6,8.4,6.2,8.1,132.8,127.1,132.2
2022-11-17,26.9,28.2,23.1,80.8,1.4,33.33,rain,33.5,22.3,122.5,1011.5,56.2,10.6,167.2,0.78,Rain,-0.6897960046655887,0.7240037789593305,27.0,25.9,25.5,28.5,26.9,26.3,22.8,22.4,22.0,79.0,81.7,82.1,0.099,0.021,0.001,4.17,4.17,4.17,rain,rain,rain,21.2,23.0,18.0,16.6,15.7,9.4,129.3,125.1,132.5,1011.7,1013.5,1014.9,59.9,58.1,41.6,8.2,8.4,6.2,133.1,132.8,127.1
2022-11-18,27.0,28.8,23.7,83.0,1.5,29.17,rain,24.8,17.5,117.9,1012.6,61.0,8.2,148.9,0.81,Rain,-0.6772399381909491,0.7357622347736527,26.9,27.0,25.9,28.2,28.5,26.9,23.1,22.8,22.4,80.8,79.0,81.7,1.4,0.099,0.021,33.33,4.17,4.17,rain,rain,rain,33.5,21.2,23.0,22.3,16.6,15.7,122.5,129.3,125.1,1011.5,1011.7,1013.5,56.2,59.9,58.1,10.6,8.2,8.4,167.2,133.1,132.8
2022-11-19,26.7,27.8,22.7,79.5,1.484,4.17,rain,24.5,13.9,118.9,1013.7,78.1,9.5,115.6,0.85,Rain,-0.6644834655228552,0.7473029667054297,27.0,26.9,27.0,28.8,28.2,28.5,23.7,23.1,22.8,83.0,80.8,79.0,1.5,1.4,0.099,29.17,33.33,4.17,rain,rain,rain,24.8,33.5,21.2,17.5,22.3,16.6,117.9,122.5,129.3,1012.6,1011.5,1011.7,61.0,56.2,59.9,8.2,10.6,8.2,148.9,167.2,133.1
2022-11-20,25.1,25.5,20.9,77.9,0.0,0.0,noprecip,18.4,13.9,48.3,1013.0,55.7,9.8,155.8,0.88,Cloudy,-0.6515303615068021,0.75862255966641,26.7,27.0,26.9,27.8,28.8,28.2,22.7,23.7,23.1,79.5,83.0,80.8,1.484,1.5,1.4,4.17,29.17,33.33,rain,rain,rain,24.5,24.8,33.5,13.9,17.5,22.3,118.9,117.9,122.5,1013.7,1012.6,1011.5,78.1,61.0,56.2,9.5,8.2,10.6,115.6,148.9,167.2
2022-11-21,25.4,25.9,20.3,74.9,0.0,0.0,rain,20.2,10.7,81.9,1011.6,38.4,8.5,137.0,0.91,Cloudy,-0.6383844591746642,0.769717664006921,25.1,26.7,27.0,25.5,27.8,28.8,20.9,22.7,23.7,77.9,79.5,83.0,0.0,1.484,1.5,0.0,4.17,29.17,noprecip,rain,rain,18.4,24.5,24.8,13.9,13.9,17.5,48.3,118.9,117.9,1013.0,1013.7,1012.6,55.7,78.1,61.0,9.8,9.5,8.2,155.8,115.6,148.9
2022-11-22,25.3,26.0,20.8,76.6,0.021,4.17,rain,25.9,10.0,20.5,1011.4,57.8,7.9,111.7,0.94,Rain,-0.6250496486104377,0.7805849965070866,25.4,25.1,26.7,25.9,25.5,27.8,20.3,20.9,22.7,74.9,77.9,79.5,0.0,0.0,1.484,0.0,0.0,4.17,rain,noprecip,rain,20.2,18.4,24.5,10.7,13.9,13.9,81.9,48.3,118.9,1011.6,1013.0,1013.7,38.4,55.7,78.1,8.5,9.8,9.5,137.0,155.8,115.6
2022-11-23,26.3,27.1,21.7,76.2,0.001,4.17,rain,23.4,10.6,13.3,1012.0,74.6,9.6,65.0,0.98,Rain,-0.6115298757991053,0.7912213413483807,25.3,25.4,25.1,26.0,25.9,25.5,20.8,20.3,20.9,76.6,74.9,77.9,0.021,0.0,0.0,4.17,0.0,0.0,rain,rain,noprecip,25.9,20.2,18.4,10.0,10.7,13.9,20.5,81.9,48.3,1011.4,1011.6,1013.0,57.8,38.4,55.7,7.9,8.5,9.8,111.7,137.0,155.8
2022-11-24,22.9,22.9,20.9,88.5,5.646,8.33,rain,16.9,16.4,22.5,1013.6,97.9,8.3,22.6,0.0,Rain,-0.5978291414589552,0.801623551065242,26.3,25.3,25.4,27.1,26.0,25.9,21.7,20.8,20.3,76.2,76.6,74.9,0.001,0.021,0.0,4.17,4.17,0.0,rain,rain,rain,23.4,25.9,20.2,10.6,10.0,10.7,13.3,20.5,81.9,1012.0,1011.4,1011.6,74.6,57.8,38.4,9.6,7.9,8.5,65.0,111.7,137.0
2022-11-25,23.4,23.4,21.5,89.3,1.403,16.67,rain,14.8,8.5,41.7,1014.2,93.8,7.7,35.2,0.04,Rain,-0.5839514998576998,0.8117885474764613,22.9,26.3,25.3,22.9,27.1,26.0,20.9,21.7,20.8,88.5,76.2,76.6,5.646,0.001,0.021,8.33,4.17,4.17,rain,rain,rain,16.9,23.4,25.9,16.4,10.6,10.0,22.5,13.3,20.5,1013.6,1012.0,1011.4,97.9,74.6,57.8,8.3,9.6,7.9,22.6,65.0,111.7
2022-11-26,23.2,23.2,22.0,93.0,1.965,16.67,rain,19.4,15.7,72.2,1012.5,97.0,7.4,45.3,0.08,Rain,-0.5699010576127624,0.821713322596059,23.4,22.9,26.3,23.4,22.9,27.1,21.5,20.9,21.7,89.3,88.5,76.2,1.403,5.646,0.001,16.67,8.33,4.17,rain,rain,rain,14.8,16.9,23.4,8.5,16.4,10.6,41.7,22.5,13.3,1014.2,1013.6,1012.0,93.8,97.9,74.6,7.7,8.3,9.6,35.2,22.6,65.0
2022-11-27,26.9,28.7,23.3,81.5,0.0,0.0,noprecip,37.8,21.4,140.2,1008.6,60.1,8.5,138.4,0.11,Cloudy,-0.5556819724760489,0.8313949395234058,23.2,23.4,22.9,23.2,23.4,22.9,22.0,21.5,20.9,93.0,89.3,88.5,1.965,1.403,5.646,16.67,16.67,8.33,rain,rain,rain,19.4,14.8,16.9,15.7,8.5,16.4,72.2,41.7,22.5,1012.5,1014.2,1013.6,97.0,93.8,97.9,7.4,7.7,8.3,45.3,35.2,22.6
2022-11-28,27.7,30.4,24.2,82.2,0.0,0.0,noprecip,30.6,20.5,126.4,1008.2,60.2,11.2,167.9,0.15,Cloudy,-0.5412984521036173,0.8408305333122887,26.9,23.2,23.4,28.7,23.2,23.4,23.3,22.0,21.5,81.5,93.0,89.3,0.0,1.965,1.403,0.0,16.67,16.67,noprecip,rain,rain,37.8,19.4,14.8,21.4,15.7,8.5,140.2,72.2,41.7,1008.6,1012.5,1014.2,60.1,97.0,93.8,8.5,7.4,7.7,138.4,45.3,35.2
2022-11-29,27.7,30.2,24.1,81.7,0.1,4.17,rain,23.0,18.5,128.3,1009.7,60.4,10.5,140.7,0.18,Rain,-0.5267547528105542,0.8500173118187018,27.7,26.9,23.2,30.4,28.7,23.2,24.2,23.3,22.0,82.2,81.5,93.0,0.0,0.0,1.965,0.0,0.0,16.67,noprecip,noprecip,rain,30.6,37.8,19.4,20.5,21.4,15.7,126.4,140.2,72.2,1008.2,1008.6,1012.5,60.2,60.1,97.0,11.2,8.5,7.4,167.9,138.4,45.3
2022-11-30,25.9,27.4,22.5,82.5,0.099,4.17,rain,42.1,29.7,110.8,1013.4,74.4,9.8,44.5,0.25,Rain,-0.5120551783114646,0.8589525565270845,27.7,27.7,26.9,30.2,30.4,28.7,24.1,24.2,23.3,81.7,82.2,81.5,0.1,0.0,0.0,4.17,0.0,0.0,rain,noprecip,noprecip,23.0,30.6,37.8,18.5,20.5,21.4,128.3,126.4,140.2,1009.7,1008.2,1008.6,60.4,60.2,60.1,10.5,11.2,8.5,140.7,167.9,138.4
2022-12-01,15.4,15.4,12.0,80.2,2.274,16.67,rain,37.1,23.2,42.1,1019.8,100.0,9.8,27.1,0.26,Rain,-0.4972040784469378,0.8676336233547726,25.9,27.7,27.7,27.4,30.2,30.4,22.5,24.1,24.2,82.5,81.7,82.2,0.099,0.1,0.0,4.17,4.17,0.0,rain,rain,noprecip,42.1,23.0,30.6,29.7,18.5,20.5,110.8,128.3,126.4,1013.4,1009.7,1008.2,74.4,60.4,60.2,9.8,10.5,11.2,44.5,140.7,167.9
2022-12-02,15.3,15.3,9.2,67.5,0.0,0.0,rain,24.5,20.5,11.9,1020.6,80.2,10.0,51.1,0.29,Cloudy,-0.4822058478963526,0.8760579434344281,15.4,25.9,27.7,15.4,27.4,30.2,12.0,22.5,24.1,80.2,82.5,81.7,2.274,0.099,0.1,16.67,4.17,4.17,rain,rain,rain,37.1,42.1,23.0,23.2,29.7,18.5,42.1,110.8,128.3,1019.8,1013.4,1009.7,100.0,74.4,60.4,9.8,9.8,10.5,27.1,44.5,140.7
2022-12-03,17.5,17.5,11.8,69.0,0.0,0.0,noprecip,29.5,11.2,26.6,1017.3,96.3,10.0,106.1,0.33,Cloudy,-0.46706492487743034,0.8842230238742036,15.3,15.4,25.9,15.3,15.4,27.4,9.2,12.0,22.5,67.5,80.2,82.5,0.0,2.274,0.099,0.0,16.67,4.17,rain,rain,rain,24.5,37.1,42.1,20.5,23.2,29.7,11.9,42.1,110.8,1020.6,1019.8,1013.4,80.2,100.0,74.4,10.0,9.8,9.8,51.1,27.1,44.5
2022-12-04,17.4,17.4,13.5,78.4,0.7,29.17,rain,23.8,17.5,23.6,1019.0,99.9,9.5,45.5,0.36,Rain,-0.451785789832884,0.8921264484954345,17.5,15.3,15.4,17.5,15.3,15.4,11.8,9.2,12.0,69.0,67.5,80.2,0.0,0.0,2.274,0.0,0.0,16.67,noprecip,rain,rain,29.5,24.5,37.1,11.2,20.5,23.2,26.6,11.9,42.1,1017.3,1020.6,1019.8,96.3,80.2,100.0,10.0,10.0,9.8,106.1,51.1,27.1
2022-12-05,16.8,16.8,11.3,71.1,0.1,8.33,rain,26.6,20.3,18.5,1021.5,80.2,9.6,67.5,0.4,Rain,-0.4363729641045924,0.8997658785476209,17.4,17.5,15.3,17.4,17.5,15.3,13.5,11.8,9.2,78.4,69.0,67.5,0.7,0.0,0.0,29.17,0.0,0.0,rain,noprecip,rain,23.8,29.5,24.5,17.5,11.2,20.5,23.6,26.6,11.9,1019.0,1017.3,1020.6,99.9,96.3,80.2,9.5,10.0,10.0,45.5,106.1,51.1
2022-12-06,17.0,17.0,9.3,61.2,0.0,0.0,noprecip,31.7,13.9,39.2,1019.3,66.9,9.8,177.0,0.43,Cloudy,-0.42083100859565564,0.9071390534005044,16.8,17.4,17.5,16.8,17.4,17.5,11.3,13.5,11.8,71.1,78.4,69.0,0.1,0.7,0.0,8.33,29.17,0.0,rain,rain,noprecip,26.6,23.8,29.5,20.3,17.5,11.2,18.5,23.6,26.6,1021.5,1019.0,1017.3,80.2,99.9,96.3,9.6,9.5,10.0,67.5,45.5,106.1
2022-12-07,16.9,16.9,11.6,70.9,0.0,0.0,noprecip,22.3,16.6,17.3,1018.8,95.0,8.8,59.8,0.47,Cloudy,-0.4051645224207563,0.9142437912130223,17.0,16.8,17.4,17.0,16.8,17.4,9.3,11.3,13.5,61.2,71.1,78.4,0.0,0.1,0.7,0.0,8.33,29.17,noprecip,rain,rain,31.7,26.6,23.8,13.9,20.3,17.5,39.2,18.5,23.6,1019.3,1021.5,1019.0,66.9,80.2,99.9,9.8,9.6,9.5,177.0,67.5,45.5
2022-12-08,16.6,16.6,13.3,80.8,0.0,0.0,rain,33.5,13.9,14.2,1018.5,99.4,9.7,55.2,0.5,Cloudy,-0.3893781415452015,0.9210779895789526,16.9,17.0,16.8,16.9,17.0,16.8,11.6,9.3,11.3,70.9,61.2,71.1,0.0,0.0,0.1,0.0,0.0,8.33,noprecip,noprecip,rain,22.3,31.7,26.6,16.6,13.9,20.3,17.3,39.2,18.5,1018.8,1019.3,1021.5,95.0,66.9,80.2,8.8,9.8,9.6,59.8,177.0,67.5
2022-12-09,16.6,16.6,13.5,81.9,0.1,4.17,rain,18.7,14.8,13.8,1017.0,100.0,9.2,51.4,0.53,Rain,-0.37347653741307074,0.9276396261490467,16.6,16.9,17.0,16.6,16.9,17.0,13.3,11.6,9.3,80.8,70.9,61.2,0.0,0.0,0.0,0.0,0.0,0.0,rain,noprecip,noprecip,33.5,22.3,31.7,13.9,16.6,13.9,14.2,17.3,39.2,1018.5,1018.8,1019.3,99.4,95.0,66.9,9.7,8.8,9.8,55.2,59.8,177.0
2022-12-10,16.2,16.2,14.1,87.7,1.187,4.17,rain,18.0,13.0,17.2,1016.6,99.7,7.0,26.9,0.57,Rain,-0.3574644155648614,0.9339267592294762,16.6,16.6,16.9,16.6,16.6,16.9,13.5,13.3,11.6,81.9,80.8,70.9,0.1,0.0,0.0,4.17,0.0,0.0,rain,rain,noprecip,18.7,33.5,22.3,14.8,13.9,16.6,13.8,14.2,17.3,1017.0,1018.5,1018.8,100.0,99.4,95.0,9.2,9.7,8.8,51.4,55.2,59.8
2022-12-11,18.5,18.5,11.4,64.8,0.101,8.33,rain,20.5,11.1,13.9,1017.9,93.0,9.6,57.4,0.6,Rain,-0.34134651424503615,0.9399375283564133,16.2,16.6,16.6,16.2,16.6,16.6,14.1,13.5,13.3,87.7,81.9,80.8,1.187,0.1,0.0,4.17,4.17,0.0,rain,rain,rain,18.0,18.7,33.5,13.0,14.8,13.9,17.2,13.8,14.2,1016.6,1017.0,1018.5,99.7,100.0,99.4,7.0,9.2,9.7,26.9,51.4,55.2
2022-12-12,18.5,18.5,9.9,58.9,0.0,0.0,rain,37.1,20.3,351.7,1020.0,49.7,9.3,144.1,0.63,Cloudy,-0.3251276029999093,0.9456701548465688,18.5,16.2,16.6,18.5,16.2,16.6,11.4,14.1,13.5,64.8,87.7,81.9,0.101,1.187,0.1,8.33,4.17,4.17,rain,rain,rain,20.5,18.0,18.7,11.1,13.0,14.8,13.9,17.2,13.8,1017.9,1016.6,1017.0,93.0,99.7,100.0,9.6,7.0,9.2,57.4,26.9,51.4
2022-12-13,18.0,18.0,7.0,52.8,0.0,0.0,noprecip,20.2,11.2,76.4,1019.7,18.1,9.0,186.7,0.67,Clear,-0.30881248126625377,0.9511229423235357,18.5,18.5,16.2,18.5,18.5,16.2,9.9,11.4,14.1,58.9,64.8,87.7,0.0,0.101,1.187,0.0,8.33,4.17,rain,rain,rain,37.1,20.5,18.0,20.3,11.1,13.0,351.7,13.9,17.2,1020.0,1017.9,1016.6,49.7,93.0,99.7,9.3,9.6,7.0,144.1,57.4,26.9
2022-12-14,18.4,18.4,6.8,48.4,0.0,0.0,noprecip,30.6,16.6,16.3,1021.3,17.1,9.9,187.2,0.7,Clear,-0.29240597695107734,0.9562942772197719,18.0,18.5,18.5,18.0,18.5,18.5,7.0,9.9,11.4,52.8,58.9,64.8,0.0,0.0,0.101,0.0,0.0,8.33,noprecip,rain,rain,20.2,37.1,20.5,11.2,20.3,11.1,76.4,351.7,13.9,1019.7,1020.0,1017.9,18.1,49.7,93.0,9.0,9.3,9.6,186.7,144.1,57.4
2022-12-15,17.1,17.1,9.0,61.9,0.0,0.0,noprecip,17.3,13.0,109.5,1016.9,7.2,7.9,193.3,0.73,Clear,-0.27591294500296043,0.9611826292540837,18.4,18.0,18.5,18.4,18.0,18.5,6.8,7.0,9.9,48.4,52.8,58.9,0.0,0.0,0.0,0.0,0.0,0.0,noprecip,noprecip,rain,30.6,20.2,37.1,16.6,11.2,20.3,16.3,76.4,351.7,1021.3,1019.7,1020.0,17.1,18.1,49.7,9.9,9.0,9.3,187.2,186.7,144.1
2022-12-16,18.2,18.2,11.5,67.5,0.0,0.0,noprecip,27.4,10.3,11.9,1017.1,18.2,6.7,183.0,0.75,Clear,-0.2593382659754056,0.9657865518844574,17.1,18.4,18.0,17.1,18.4,18.0,9.0,6.8,7.0,61.9,48.4,52.8,0.0,0.0,0.0,0.0,0.0,0.0,noprecip,noprecip,noprecip,17.3,30.6,20.2,13.0,16.6,11.2,109.5,16.3,76.4,1016.9,1021.3,1019.7,7.2,17.1,18.1,7.9,9.9,9.0,193.3,187.2,186.7
2022-12-17,19.0,19.0,4.6,39.1,0.0,0.0,noprecip,48.2,26.8,16.3,1025.9,83.4,10.0,93.1,0.8,Cloudy,-0.2426868445825954,0.9701046827361175,18.2,17.1,18.4,18.2,17.1,18.4,11.5,9.0,6.8,67.5,61.9,48.4,0.0,0.0,0.0,0.0,0.0,0.0,noprecip,noprecip,noprecip,27.4,17.3,30.6,10.3,13.0,16.6,11.9,109.5,16.3,1017.1,1016.9,1021.3,18.2,7.2,17.1,6.7,7.9,9.9,183.0,193.3,187.2
2022-12-18,16.6,16.6,-1.2,31.0,0.0,0.0,noprecip,34.2,22.2,14.0,1026.8,56.3,11.3,174.0,0.83,Cloudy,-0.22596360824801906,0.974135744004672,19.0,18.2,17.1,19.0,18.2,17.1,4.6,11.5,9.0,39.1,67.5,61.9,0.0,0.0,0.0,0.0,0.0,0.0,noprecip,noprecip,noprecip,48.2,27.4,17.3,26.8,10.3,13.0,16.3,11.9,109.5,1025.9,1017.1,1016.9,83.4,18.2,7.2,10.0,6.7,7.9,93.1,183.0,193.3
2022-12-19,14.5,14.5,2.1,47.0,0.0,0.0,noprecip,18.0,11.2,69.2,1020.7,10.8,10.8,195.2,0.86,Clear,-0.20917350564635637,0.9778785428342386,16.6,19.0,18.2,16.6,19.0,18.2,-1.2,4.6,11.5,31.0,39.1,67.5,0.0,0.0,0.0,0.0,0.0,0.0,noprecip,noprecip,noprecip,34.2,48.2,27.4,22.2,26.8,10.3,14.0,16.3,11.9,1026.8,1025.9,1017.1,56.3,83.4,18.2,11.3,10.0,6.7,174.0,93.1,183.0
2022-12-20,16.2,16.2,6.8,56.2,0.0,0.0,noprecip,15.5,8.5,81.6,1017.1,21.0,8.2,189.4,0.89,Cloudy,-0.19232150523909483,0.9813319716704275,14.5,16.6,19.0,14.5,16.6,19.0,2.1,-1.2,4.6,47.0,31.0,39.1,0.0,0.0,0.0,0.0,0.0,0.0,noprecip,noprecip,noprecip,18.0,34.2,48.2,11.2,22.2,26.8,69.2,14.0,16.3,1020.7,1026.8,1025.9,10.8,56.3,83.4,10.8,11.3,10.0,195.2,174.0,93.1
2022-12-21,19.1,19.1,6.5,45.4,0.0,0.0,noprecip,29.9,15.7,349.8,1018.2,43.4,9.3,173.8,0.93,Cloudy,-0.17541259380427843,0.9844950085880858,16.2,14.5,16.6,16.2,14.5,16.6,6.8,2.1,-1.2,56.2,47.0,31.0,0.0,0.0,0.0,0.0,0.0,0.0,noprecip,noprecip,noprecip,15.5,18.0,34.2,8.5,11.2,22.2,81.6,69.2,14.0,1017.1,1020.7,1026.8,21.0,10.8,56.3,8.2,10.8,11.3,189.4,195.2,174.0
2022-12-22,18.0,18.0,8.6,58.3,0.0,0.0,noprecip,27.7,13.9,82.3,1016.6,39.3,8.0,172.6,0.96,Cloudy,-0.15845177496083632,0.9873667175937016,19.1,16.2,14.5,19.1,16.2,14.5,6.5,6.8,2.1,45.4,56.2,47.0,0.0,0.0,0.0,0.0,0.0,0.0,noprecip,noprecip,noprecip,29.9,15.5,18.0,15.7,8.5,11.2,349.8,81.6,69.2,1018.2,1017.1,1020.7,43.4,21.0,10.8,9.3,8.2,10.8,173.8,189.4,195.2
2022-12-23,19.7,19.7,8.8,51.2,0.0,0.0,noprecip,22.3,17.6,106.1,1017.6,49.5,9.4,137.2,0.0,Cloudy,-0.14144406768794202,0.9899462489023779,18.0,19.1,16.2,18.0,19.1,16.2,8.6,6.5,6.8,58.3,45.4,56.2,0.0,0.0,0.0,0.0,0.0,0.0,noprecip,noprecip,noprecip,27.7,29.9,15.5,13.9,15.7,8.5,82.3,349.8,81.6,1016.6,1018.2,1017.1,39.3,43.4,21.0,8.0,9.3,8.2,172.6,173.8,189.4
2022-12-24,19.4,19.4,8.0,49.9,0.0,0.0,noprecip,19.4,12.1,63.7,1020.1,42.7,11.5,159.9,0.03,Cloudy,-0.12439450483979998,0.9922328391893008,19.7,18.0,19.1,19.7,18.0,19.1,8.8,8.6,6.5,51.2,58.3,45.4,0.0,0.0,0.0,0.0,0.0,0.0,noprecip,noprecip,noprecip,22.3,27.7,29.9,17.6,13.9,15.7,106.1,82.3,349.8,1017.6,1016.6,1018.2,49.5,39.3,43.4,9.4,8.0,9.3,137.2,172.6,173.8
2022-12-25,18.5,18.5,11.4,65.6,0.0,0.0,noprecip,25.6,17.6,131.0,1020.0,10.4,8.4,186.4,0.06,Clear,-0.10730813165636247,0.9942258118156161,19.4,19.7,18.0,19.4,19.7,18.0,8.0,8.8,8.6,49.9,51.2,58.3,0.0,0.0,0.0,0.0,0.0,0.0,noprecip,noprecip,noprecip,19.4,22.3,27.7,12.1,17.6,13.9,63.7,106.1,82.3,1020.1,1017.6,1016.6,42.7,49.5,39.3,11.5,9.4,8.0,159.9,137.2,172.6
2022-12-26,17.2,17.2,13.5,79.1,0.1,4.17,rain,20.5,10.3,61.7,1020.6,57.1,6.5,78.2,0.1,Rain,-0.09019000427034513,0.9959245770286599,18.5,19.4,19.7,18.5,19.4,19.7,11.4,8.0,8.8,65.6,49.9,51.2,0.0,0.0,0.0,0.0,0.0,0.0,noprecip,noprecip,noprecip,25.6,19.4,22.3,17.6,12.1,17.6,131.0,63.7,106.1,1020.0,1020.1,1017.6,10.4,42.7,49.5,8.4,11.5,9.4,186.4,159.9,137.2
2022-12-27,19.1,19.1,15.1,77.8,0.3,8.33,rain,29.5,15.7,134.0,1019.8,92.9,8.4,85.1,0.13,Rain,-0.07304518821104743,0.9973286321364752,17.2,18.5,19.4,17.2,18.5,19.4,13.5,11.4,8.0,79.1,65.6,49.9,0.1,0.0,0.0,4.17,0.0,0.0,rain,noprecip,noprecip,20.5,25.6,19.4,10.3,17.6,12.1,61.7,131.0,63.7,1020.6,1020.0,1020.1,57.1,10.4,42.7,6.5,8.4,11.5,78.2,186.4,159.9
2022-12-28,15.1,15.1,11.7,80.5,9.7,8.33,rain,40.7,22.3,39.7,1022.3,85.9,8.7,21.9,0.16,Rain,-0.05587875690537313,0.9984375616565666,19.1,17.2,18.5,19.1,17.2,18.5,15.1,13.5,11.4,77.8,79.1,65.6,0.3,0.1,0.0,8.33,4.17,0.0,rain,rain,noprecip,29.5,20.5,25.6,15.7,10.3,17.6,134.0,61.7,131.0,1019.8,1020.6,1020.0,92.9,57.1,10.4,8.4,6.5,8.4,85.1,78.2,186.4
2022-12-29,13.6,13.6,7.2,65.2,0.1,4.17,rain,31.7,14.8,8.1,1026.3,97.5,10.0,50.5,0.2,Rain,-0.03869579017652689,0.9992510374388481,15.1,19.1,17.2,15.1,19.1,17.2,11.7,15.1,13.5,80.5,77.8,79.1,9.7,0.3,0.1,8.33,8.33,4.17,rain,rain,rain,40.7,29.5,20.5,22.3,15.7,10.3,39.7,134.0,61.7,1022.3,1019.8,1020.6,85.9,92.9,57.1,8.7,8.4,6.5,21.9,85.1,78.2
2022-12-30,14.2,14.2,8.0,66.0,0.0,0.0,noprecip,29.5,16.6,357.8,1026.7,85.8,9.5,86.6,0.25,Cloudy,-0.021501372740813793,0.999768818762748,13.6,15.1,19.1,13.6,15.1,19.1,7.2,11.7,15.1,65.2,80.5,77.8,0.1,9.7,0.3,4.17,8.33,8.33,rain,rain,rain,31.7,40.7,29.5,14.8,22.3,15.7,8.1,39.7,134.0,1026.3,1022.3,1019.8,97.5,85.9,92.9,10.0,8.7,8.4,50.5,21.9,85.1
2022-12-31,15.2,15.2,8.3,63.6,0.0,0.0,noprecip,20.9,11.2,12.5,1025.5,78.4,10.0,130.5,0.27,Cloudy,-0.004300592702981974,0.9999907524084426,14.2,13.6,15.1,14.2,13.6,15.1,8.0,7.2,11.7,66.0,65.2,80.5,0.0,0.1,9.7,0.0,4.17,8.33,noprecip,rain,rain,29.5,31.7,40.7,16.6,14.8,22.3,357.8,8.1,39.7,1026.7,1026.3,1022.3,85.8,97.5,85.9,9.5,10.0,8.7,86.6,50.5,21.9
2023-01-01,16.9,16.9,10.4,67.4,0.0,0.0,noprecip,20.9,13.0,332.8,1023.7,28.4,9.2,188.8,0.3,Cloudy,0.017201575418260506,0.9998520419557735,15.2,14.2,13.6,15.2,14.2,13.6,8.3,8.0,7.2,63.6,66.0,65.2,0.0,0.0,0.1,0.0,0.0,4.17,noprecip,noprecip,rain,20.9,29.5,31.7,11.2,16.6,14.8,12.5,357.8,8.1,1025.5,1026.7,1026.3,78.4,85.8,97.5,10.0,9.5,10.0,130.5,86.6,50.5
2023-01-02,18.1,18.1,12.3,70.0,0.0,0.0,noprecip,20.9,14.8,35.5,1024.1,68.8,8.9,36.3,0.34,Cloudy,0.03439806061360801,0.9994082116062598,16.9,15.2,14.2,16.9,15.2,14.2,10.4,8.3,8.0,67.4,63.6,66.0,0.0,0.0,0.0,0.0,0.0,0.0,noprecip,noprecip,noprecip,20.9,20.9,29.5,13.0,11.2,16.6,332.8,12.5,357.8,1023.7,1025.5,1026.7,28.4,78.4,85.8,9.2,10.0,9.5,188.8,130.5,86.6
2023-01-03,18.1,18.1,11.8,67.6,0.012,8.33,rain,31.7,16.6,38.4,1024.6,70.0,9.3,55.7,0.37,Rain,0.051584366869408364,0.9986686402879997,18.1,16.9,15.2,18.1,16.9,15.2,12.3,10.4,8.3,70.0,67.4,63.6,0.0,0.0,0.0,0.0,0.0,0.0,noprecip,noprecip,noprecip,20.9,20.9,20.9,14.8,13.0,11.2,35.5,332.8,12.5,1024.1,1023.7,1025.5,68.8,28.4,78.4,8.9,9.2,10.0,36.3,188.8,130.5
2023-01-04,18.8,18.8,13.3,71.3,0.0,0.0,noprecip,19.4,14.8,118.9,1022.5,53.5,7.0,101.3,0.41,Cloudy,0.06875540848113941,0.9976335468520451,18.1,18.1,16.9,18.1,18.1,16.9,11.8,12.3,10.4,67.6,70.0,67.4,0.012,0.0,0.0,8.33,0.0,0.0,rain,noprecip,noprecip,31.7,20.9,20.9,16.6,14.8,13.0,38.4,35.5,332.8,1024.6,1024.1,1023.7,70.0,68.8,28.4,9.3,8.9,9.2,55.7,36.3,188.8
2023-01-05,19.2,19.2,14.8,76.1,0.0,0.0,noprecip,20.2,14.8,65.2,1023.1,79.6,7.8,68.9,0.44,Cloudy,0.08590610426133272,0.9963032375991965,18.8,18.1,18.1,18.8,18.1,18.1,13.3,11.8,12.3,71.3,67.6,70.0,0.0,0.012,0.0,0.0,8.33,0.0,noprecip,rain,noprecip,19.4,31.7,20.9,14.8,16.6,14.8,118.9,38.4,35.5,1022.5,1024.6,1024.1,53.5,70.0,68.8,7.0,9.3,8.9,101.3,55.7,36.3
2023-01-06,20.3,20.3,11.2,57.5,0.0,0.0,noprecip,46.4,25.9,10.6,1024.8,49.7,11.3,171.9,0.47,Cloudy,0.10303137904317879,0.9946781061893646,19.2,18.8,18.1,19.2,18.8,18.1,14.8,13.3,11.8,76.1,71.3,67.6,0.0,0.0,0.012,0.0,0.0,8.33,noprecip,noprecip,rain,20.2,19.4,31.7,14.8,14.8,16.6,65.2,118.9,38.4,1023.1,1022.5,1024.6,79.6,53.5,70.0,7.8,7.0,9.3,68.9,101.3,55.7
2023-01-07,17.8,17.8,9.3,59.5,0.0,0.0,noprecip,22.3,9.4,317.7,1021.1,30.3,8.9,149.5,0.5,Cloudy,0.1201261651823505,0.9927586335250793,20.3,19.2,18.8,20.3,19.2,18.8,11.2,14.8,13.3,57.5,76.1,71.3,0.0,0.0,0.0,0.0,0.0,0.0,noprecip,noprecip,noprecip,46.4,20.2,19.4,25.9,14.8,14.8,10.6,65.2,118.9,1024.8,1023.1,1022.5,49.7,79.6,53.5,11.3,7.8,7.0,171.9,68.9,101.3
2023-01-08,19.2,19.2,11.9,64.4,0.2,4.17,rain,17.6,14.8,218.1,1019.0,23.5,7.4,157.2,0.54,Rain,0.13718540405660057,0.9905453876091833,17.8,20.3,19.2,17.8,20.3,19.2,9.3,11.2,14.8,59.5,57.5,76.1,0.0,0.0,0.0,0.0,0.0,0.0,noprecip,noprecip,noprecip,22.3,46.4,20.2,9.4,25.9,14.8,317.7,10.6,65.2,1021.1,1024.8,1023.1,30.3,49.7,79.6,8.9,11.3,7.8,149.5,171.9,68.9
2023-01-09,20.3,20.3,15.4,74.3,0.001,4.17,rain,20.5,13.0,71.1,1018.9,51.3,5.8,132.6,0.58,Rain,0.1542040475626894,0.988039023376751,19.2,17.8,20.3,19.2,17.8,20.3,11.9,9.3,11.2,64.4,59.5,57.5,0.2,0.0,0.0,4.17,0.0,0.0,rain,noprecip,noprecip,17.6,22.3,46.4,14.8,9.4,25.9,218.1,317.7,10.6,1019.0,1021.1,1024.8,23.5,30.3,49.7,7.4,8.9,11.3,157.2,149.5,171.9
2023-01-10,20.1,20.1,17.0,83.5,1.067,4.17,rain,20.9,14.8,38.6,1017.9,78.4,5.6,52.8,0.61,Rain,0.17117705961019986,0.985240282501282,20.3,19.2,17.8,20.3,19.2,17.8,15.4,11.9,9.3,74.3,64.4,59.5,0.001,0.2,0.0,4.17,4.17,0.0,rain,rain,noprecip,20.5,17.6,22.3,13.0,14.8,9.4,71.1,218.1,317.7,1018.9,1019.0,1021.1,51.3,23.5,30.3,5.8,7.4,8.9,132.6,157.2,149.5
2023-01-11,19.4,19.4,17.7,89.9,4.61,12.5,rain,13.0,11.2,51.9,1015.3,88.5,5.6,25.2,0.64,Rain,0.18809941761179758,0.9821499931752291,20.1,20.3,19.2,20.1,20.3,19.2,17.0,15.4,11.9,83.5,74.3,64.4,1.067,0.001,0.2,4.17,4.17,4.17,rain,rain,rain,20.9,20.5,17.6,14.8,13.0,14.8,38.6,71.1,218.1,1017.9,1018.9,1019.0,78.4,51.3,23.5,5.6,5.8,7.4,52.8,132.6,157.2
2023-01-12,20.8,20.8,18.0,84.0,0.053,8.33,rain,22.0,18.4,125.0,1011.8,89.6,7.3,84.9,0.68,Rain,0.20496611396949532,0.9787690698649216,19.4,20.1,20.3,19.4,20.1,20.3,17.7,17.0,15.4,89.9,83.5,74.3,4.61,1.067,0.001,12.5,4.17,4.17,rain,rain,rain,13.0,20.9,20.5,11.2,14.8,13.0,51.9,38.6,71.1,1015.3,1017.9,1018.9,88.5,78.4,51.3,5.6,5.6,5.8,25.2,52.8,132.6
2023-01-13,22.8,23.1,19.1,80.7,0.0,0.0,noprecip,16.6,16.6,118.7,1008.5,55.3,8.3,160.2,0.71,Cloudy,0.22177215755648186,0.975098513039961,20.8,19.4,20.1,20.8,19.4,20.1,18.0,17.7,17.0,84.0,89.9,83.5,0.053,4.61,1.067,8.33,12.5,4.17,rain,rain,rain,22.0,13.0,20.9,18.4,11.2,14.8,125.0,51.9,38.6,1011.8,1015.3,1017.9,89.6,88.5,78.4,7.3,5.6,5.6,84.9,25.2,52.8
2023-01-14,24.3,24.3,17.9,71.2,0.0,0.0,noprecip,28.8,14.8,56.4,1006.1,35.4,9.6,200.1,0.74,Cloudy,0.23851257519407648,0.9711394088771653,22.8,20.8,19.4,23.1,20.8,19.4,19.1,18.0,17.7,80.7,84.0,89.9,0.0,0.053,4.61,0.0,8.33,12.5,noprecip,rain,rain,16.6,22.0,13.0,16.6,18.4,11.2,118.7,125.0,51.9,1008.5,1011.8,1015.3,55.3,89.6,88.5,8.3,7.3,5.6,160.2,84.9,25.2
2023-01-15,19.7,19.7,14.7,74.0,0.006,4.17,rain,38.9,29.5,56.6,1012.8,82.0,8.1,45.4,0.75,Rain,0.2551824131233728,0.9668929289391521,24.3,22.8,20.8,24.3,23.1,20.8,17.9,19.1,18.0,71.2,80.7,84.0,0.0,0.0,0.053,0.0,0.0,8.33,noprecip,noprecip,rain,28.8,16.6,22.0,14.8,16.6,18.4,56.4,118.7,125.0,1006.1,1008.5,1011.8,35.4,55.3,89.6,9.6,8.3,7.3,200.1,160.2,84.9
2023-01-16,13.8,13.8,3.6,50.4,0.0,0.0,noprecip,31.7,20.5,38.1,1021.8,99.0,10.0,55.2,0.81,Cloudy,0.2717767384711357,0.9623603298276545,19.7,24.3,22.8,19.7,24.3,23.1,14.7,17.9,19.1,74.0,71.2,80.7,0.006,0.0,0.0,4.17,0.0,0.0,rain,noprecip,noprecip,38.9,28.8,16.6,29.5,14.8,16.6,56.6,56.4,118.7,1012.8,1006.1,1008.5,82.0,35.4,55.3,8.1,9.6,8.3,45.4,200.1,160.2
2023-01-17,12.8,12.8,5.4,61.1,0.0,0.0,noprecip,25.9,18.4,20.8,1024.1,100.0,10.0,85.6,0.84,Cloudy,0.2882906407095177,0.9575429528116719,13.8,19.7,24.3,13.8,19.7,24.3,3.6,14.7,17.9,50.4,74.0,71.2,0.0,0.006,0.0,0.0,4.17,0.0,noprecip,rain,noprecip,31.7,38.9,28.8,20.5,29.5,14.8,38.1,56.6,56.4,1021.8,1012.8,1006.1,99.0,82.0,35.4,10.0,8.1,9.6,55.2,45.4,200.1
2023-01-18,14.7,14.7,5.8,56.0,0.0,0.0,noprecip,27.7,14.8,6.4,1025.1,94.6,9.6,116.6,0.88,Cloudy,0.3047192331091634,0.9524422234305676,12.8,13.8,19.7,12.8,13.8,19.7,5.4,3.6,14.7,61.1,50.4,74.0,0.0,0.0,0.006,0.0,0.0,4.17,noprecip,noprecip,rain,25.9,31.7,38.9,18.4,20.5,29.5,20.8,38.1,56.6,1024.1,1021.8,1012.8,100.0,99.0,82.0,10.0,10.0,8.1,85.6,55.2,45.4
2023-01-19,15.1,15.1,7.5,61.2,0.0,0.0,noprecip,18.7,14.8,37.4,1023.2,100.0,9.5,127.1,0.91,Cloudy,0.321057654185271,0.9470596510722283,14.7,12.8,13.8,14.7,12.8,13.8,5.8,5.4,3.6,56.0,61.1,50.4,0.0,0.0,0.0,0.0,0.0,0.0,noprecip,noprecip,noprecip,27.7,25.9,31.7,14.8,18.4,20.5,6.4,20.8,38.1,1025.1,1024.1,1021.8,94.6,100.0,99.0,9.6,10.0,10.0,116.6,85.6,55.2
2023-01-20,15.7,15.7,9.2,66.4,0.0,0.0,noprecip,18.0,9.4,323.1,1021.9,98.2,7.9,121.3,0.94,Cloudy,0.3373010691361842,0.9413968285264122,15.1,14.7,12.8,15.1,14.7,12.8,7.5,5.8,5.4,61.2,56.0,61.1,0.0,0.0,0.0,0.0,0.0,0.0,noprecip,noprecip,noprecip,18.7,27.7,25.9,14.8,14.8,18.4,37.4,6.4,20.8,1023.2,1025.1,1024.1,100.0,94.6,100.0,9.5,9.6,10.0,127.1,116.6,85.6
2023-01-21,17.5,17.5,11.3,68.7,0.0,0.0,noprecip,25.2,14.8,133.1,1017.7,66.9,7.0,177.8,0.98,Cloudy,0.3534446712740877,0.9354554315134164,15.7,15.1,14.7,15.7,15.1,14.7,9.2,7.5,5.8,66.4,61.2,56.0,0.0,0.0,0.0,0.0,0.0,0.0,noprecip,noprecip,noprecip,18.0,18.7,27.7,9.4,14.8,14.8,323.1,37.4,6.4,1021.9,1023.2,1025.1,98.2,100.0,94.6,7.9,9.5,9.6,121.3,127.1,116.6
2023-01-22,17.7,17.7,14.4,81.6,0.0,0.0,noprecip,15.1,9.4,75.9,1015.0,85.6,4.5,105.0,0.0,Cloudy,0.3694836834473831,0.9292372181882051,17.5,15.7,15.1,17.5,15.7,15.1,11.3,9.2,7.5,68.7,66.4,61.2,0.0,0.0,0.0,0.0,0.0,0.0,noprecip,noprecip,noprecip,25.2,18.0,18.7,14.8,9.4,14.8,133.1,323.1,37.4,1017.7,1021.9,1023.2,66.9,98.2,100.0,7.0,7.9,9.5,177.8,121.3,127.1
2023-01-23,19.9,19.9,15.7,76.9,1.0,33.33,rain,34.2,25.9,75.2,1015.3,90.3,7.2,88.5,0.04,Rain,0.38541335945432564,0.9227440286201427,17.7,17.5,15.7,17.7,17.5,15.7,14.4,11.3,9.2,81.6,68.7,66.4,0.0,0.0,0.0,0.0,0.0,0.0,noprecip,noprecip,noprecip,15.1,25.2,18.0,9.4,14.8,9.4,75.9,133.1,323.1,1015.0,1017.7,1021.9,85.6,66.9,98.2,4.5,7.0,7.9,105.0,177.8,121.3
2023-01-24,17.0,17.0,5.1,46.1,0.8,12.5,rain,45.0,29.5,16.4,1025.4,67.1,10.3,126.7,0.08,Rain,0.4012289854475009,0.9159777842484877,19.9,17.7,17.5,19.9,17.7,17.5,15.7,14.4,11.3,76.9,81.6,68.7,1.0,0.0,0.0,33.33,0.0,0.0,rain,noprecip,noprecip,34.2,15.1,25.2,25.9,9.4,14.8,75.2,75.9,133.1,1015.3,1015.0,1017.7,90.3,85.6,66.9,7.2,4.5,7.0,88.5,105.0,177.8
2023-01-25,14.0,13.8,4.2,54.7,0.0,0.0,noprecip,24.8,16.6,112.6,1021.3,8.0,9.8,222.6,0.11,Clear,0.4169258813287287,0.908940487313808,17.0,19.9,17.7,17.0,19.9,17.7,5.1,15.7,14.4,46.1,76.9,81.6,0.8,1.0,0.0,12.5,33.33,0.0,rain,rain,noprecip,45.0,34.2,15.1,29.5,25.9,9.4,16.4,75.2,75.9,1025.4,1015.3,1015.0,67.1,90.3,85.6,10.3,7.2,4.5,126.7,88.5,105.0
2023-01-26,15.1,15.1,11.0,77.3,0.3,8.33,rain,23.4,13.0,50.4,1016.9,90.9,7.1,124.6,0.15,Rain,0.4324994021339788,0.901634220265486,14.0,17.0,19.9,13.8,17.0,19.9,4.2,5.1,15.7,54.7,46.1,76.9,0.0,0.8,1.0,0.0,12.5,33.33,noprecip,rain,rain,24.8,45.0,34.2,16.6,29.5,25.9,112.6,16.4,75.2,1021.3,1025.4,1015.3,8.0,67.1,90.3,9.8,10.3,7.2,222.6,126.7,88.5
2023-01-27,15.4,15.4,7.1,60.3,3.682,8.33,rain,37.1,25.9,10.6,1024.1,80.7,8.9,48.4,0.18,Rain,0.44794493940789115,0.8940611451454876,15.1,14.0,17.0,15.1,13.8,17.0,11.0,4.2,5.1,77.3,54.7,46.1,0.3,0.0,0.8,8.33,0.0,12.5,rain,noprecip,rain,23.4,24.8,45.0,13.0,16.6,29.5,50.4,112.6,16.4,1016.9,1021.3,1025.4,90.9,8.0,67.1,7.1,9.8,10.3,124.6,222.6,126.7
2023-01-28,15.3,15.3,0.9,39.8,0.0,0.0,noprecip,31.0,16.6,50.2,1024.4,21.0,11.2,219.9,0.25,Cloudy,0.4632579225674917,0.88622350294858,15.4,15.1,14.0,15.4,15.1,13.8,7.1,11.0,4.2,60.3,77.3,54.7,3.682,0.3,0.0,8.33,8.33,0.0,rain,rain,noprecip,37.1,23.4,24.8,25.9,13.0,16.6,10.6,50.4,112.6,1024.1,1016.9,1021.3,80.7,90.9,8.0,8.9,7.1,9.8,48.4,124.6,222.6
2023-01-29,14.4,14.4,2.5,51.0,0.0,0.0,noprecip,25.6,9.4,10.8,1024.4,7.8,11.0,225.5,0.25,Clear,0.4784338202547012,0.8781236129591848,15.3,15.4,15.1,15.3,15.4,15.1,0.9,7.1,11.0,39.8,60.3,77.3,0.0,3.682,0.3,0.0,8.33,8.33,noprecip,rain,rain,31.0,37.1,23.4,16.6,25.9,13.0,50.2,10.6,50.4,1024.4,1024.1,1016.9,21.0,80.7,90.9,11.2,8.9,7.1,219.9,48.4,124.6
2023-01-30,15.2,15.2,5.5,56.5,0.0,0.0,noprecip,23.4,14.8,113.7,1021.4,3.4,7.6,226.6,0.28,Clear,0.49346814167723735,0.8697638720650646,14.4,15.3,15.4,14.4,15.3,15.4,2.5,0.9,7.1,51.0,39.8,60.3,0.0,0.0,3.682,0.0,0.0,8.33,noprecip,noprecip,rain,25.6,31.0,37.1,9.4,16.6,25.9,10.8,50.2,10.6,1024.4,1024.4,1024.1,7.8,21.0,80.7,11.0,11.2,8.9,225.5,219.9,48.4
2023-01-31,16.3,16.3,8.6,62.7,0.0,0.0,noprecip,29.2,18.4,113.4,1015.2,1.4,8.4,225.6,0.31,Clear,0.5083564379375122,0.8611467540480452,15.2,14.4,15.3,15.2,14.4,15.3,5.5,2.5,0.9,56.5,51.0,39.8,0.0,0.0,0.0,0.0,0.0,0.0,noprecip,noprecip,noprecip,23.4,25.6,31.0,14.8,9.4,16.6,113.7,10.8,50.2,1021.4,1024.4,1024.4,3.4,7.8,21.0,7.6,11.0,11.2,226.6,225.5,219.9
2023-02-01,18.4,18.4,14.5,79.1,0.0,0.0,noprecip,23.0,16.6,121.9,1012.9,75.7,6.3,159.4,0.35,Cloudy,0.5230943033491326,0.8522748088519838,16.3,15.2,14.4,16.3,15.2,14.4,8.6,5.5,2.5,62.7,56.5,51.0,0.0,0.0,0.0,0.0,0.0,0.0,noprecip,noprecip,noprecip,29.2,23.4,25.6,18.4,14.8,9.4,113.4,113.7,10.8,1015.2,1021.4,1024.4,1.4,3.4,7.8,8.4,7.6,11.0,225.6,226.6,225.5
2023-02-02,20.8,20.8,18.1,84.8,3.0,54.17,rain,13.0,9.4,154.3,1015.5,96.1,6.6,45.6,0.38,Rain,0.5376773767406141,0.8431506618282,18.4,16.3,15.2,18.4,16.3,15.2,14.5,8.6,5.5,79.1,62.7,56.5,0.0,0.0,0.0,0.0,0.0,0.0,noprecip,noprecip,noprecip,23.0,29.2,23.4,16.6,18.4,14.8,121.9,113.4,113.7,1012.9,1015.2,1021.4,75.7,1.4,3.4,6.3,8.4,7.6,159.4,225.6,226.6
2023-02-03,20.4,20.4,19.6,95.1,5.099,16.67,rain,15.5,13.0,146.4,1015.5,94.5,3.4,19.1,0.41,Rain,0.5521013427459208,0.8337770129585915,20.8,18.4,16.3,20.8,18.4,16.3,18.1,14.5,8.6,84.8,79.1,62.7,3.0,0.0,0.0,54.17,0.0,0.0,rain,noprecip,noprecip,13.0,23.0,29.2,9.4,16.6,18.4,154.3,121.9,113.4,1015.5,1012.9,1015.2,96.1,75.7,1.4,6.6,6.3,8.4,45.6,159.4,225.6
2023-02-04,20.4,20.4,19.4,94.2,1.592,12.5,rain,20.5,16.6,135.7,1013.1,99.2,4.8,38.0,0.45,Rain,0.5663619330814524,0.8241566360566663,20.4,20.8,18.4,20.4,20.8,18.4,19.6,18.1,14.5,95.1,84.8,79.1,5.099,3.0,0.0,16.67,54.17,0.0,rain,rain,noprecip,15.5,13.0,23.0,13.0,9.4,16.6,146.4,154.3,121.9,1015.5,1015.5,1012.9,94.5,96.1,75.7,3.4,6.6,6.3,19.1,45.6,159.4
2023-02-05,20.8,20.8,19.9,94.6,5.177,8.33,rain,27.7,18.4,123.4,1011.8,95.6,5.6,34.2,0.48,Rain,0.580454927809098,0.8142923779467267,20.4,20.4,20.8,20.4,20.4,20.8,19.4,19.6,18.1,94.2,95.1,84.8,1.592,5.099,3.0,12.5,16.67,54.17,rain,rain,rain,20.5,15.5,13.0,16.6,13.0,9.4,135.7,146.4,154.3,1013.1,1015.5,1015.5,99.2,94.5,96.1,4.8,3.4,6.6,38.0,19.1,45.6
2023-02-06,20.4,20.4,19.5,94.7,0.596,4.17,rain,26.6,24.1,129.7,1011.1,100.0,4.8,42.7,0.5,Rain,0.5943761565849831,0.804187157621448,20.8,20.4,20.4,20.8,20.4,20.4,19.9,19.4,19.6,94.6,94.2,95.1,5.177,1.592,5.099,8.33,12.5,16.67,rain,rain,rain,27.7,20.5,15.5,18.4,16.6,13.0,123.4,135.7,146.4,1011.8,1013.1,1015.5,95.6,99.2,94.5,5.6,4.8,3.4,34.2,38.0,19.1
2023-02-07,20.7,20.7,20.2,97.2,1.392,8.33,rain,29.9,13.0,121.7,1011.8,98.9,3.0,46.6,0.55,Rain,0.6081214998935418,0.7938439653781019,20.4,20.8,20.4,20.4,20.8,20.4,19.5,19.9,19.4,94.7,94.6,94.2,0.596,5.177,1.592,4.17,8.33,12.5,rain,rain,rain,26.6,27.7,20.5,24.1,18.4,16.6,129.7,123.4,135.7,1011.1,1011.8,1013.1,100.0,95.6,99.2,4.8,5.6,4.8,42.7,34.2,38.0
2023-02-08,21.2,21.2,20.4,95.4,2.203,12.5,rain,32.4,18.4,132.9,1011.8,99.0,3.8,46.3,0.58,Rain,0.6216868902665479,0.7832658619336791,20.7,20.4,20.8,20.7,20.4,20.8,20.2,19.5,19.9,97.2,94.7,94.6,1.392,0.596,5.177,8.33,4.17,8.33,rain,rain,rain,29.9,26.6,27.7,13.0,24.1,18.4,121.7,129.7,123.4,1011.8,1011.1,1011.8,98.9,100.0,95.6,3.0,4.8,5.6,46.6,42.7,34.2
2023-02-09,22.3,22.3,21.3,94.1,0.964,8.33,rain,29.5,16.6,131.8,1012.3,99.5,4.9,66.1,0.62,Rain,0.6350683134867438,0.7724559775191742,21.2,20.7,20.4,21.2,20.7,20.4,20.4,20.2,19.5,95.4,97.2,94.7,2.203,1.392,0.596,12.5,8.33,4.17,rain,rain,rain,32.4,29.9,26.6,18.4,13.0,24.1,132.9,121.7,129.7,1011.8,1011.8,1011.1,99.0,98.9,100.0,3.8,3.0,4.8,46.3,46.6,42.7
2023-02-10,22.5,22.5,21.0,91.4,0.396,4.17,rain,38.2,20.5,125.0,1011.6,98.6,6.2,58.5,0.65,Rain,0.6482618097757122,0.7614175109532997,22.3,21.2,20.7,22.3,21.2,20.7,21.3,20.4,20.2,94.1,95.4,97.2,0.964,2.203,1.392,8.33,12.5,8.33,rain,rain,rain,29.5,32.4,29.9,16.6,18.4,13.0,131.8,132.9,121.7,1012.3,1011.8,1011.8,99.5,99.0,98.9,4.9,3.8,3.0,66.1,46.3,46.6
2023-02-11,23.1,23.1,21.5,91.0,0.104,12.5,rain,41.8,20.5,131.6,1008.9,98.5,6.2,131.0,0.69,Rain,0.6612634749656386,0.7501537286959042,22.5,22.3,21.2,22.5,22.3,21.2,21.0,21.3,20.4,91.4,94.1,95.4,0.396,0.964,2.203,4.17,8.33,12.5,rain,rain,rain,38.2,29.5,32.4,20.5,16.6,18.4,125.0,131.8,132.9,1011.6,1012.3,1011.8,98.6,99.5,99.0,6.2,4.9,3.8,58.5,66.1,46.3
2023-02-12,24.3,24.6,21.7,85.8,0.0,0.0,noprecip,33.5,22.3,120.6,1008.2,88.4,7.8,203.4,0.72,Cloudy,0.6740694616546161,0.7386679638813748,23.1,22.5,22.3,23.1,22.5,22.3,21.5,21.0,21.3,91.0,91.4,94.1,0.104,0.396,0.964,12.5,4.17,8.33,rain,rain,rain,41.8,38.2,29.5,20.5,20.5,16.6,131.6,125.0,131.8,1008.9,1011.6,1012.3,98.5,98.6,99.5,6.2,6.2,4.9,131.0,58.5,66.1
2023-02-13,24.9,25.5,21.8,83.9,0.099,4.17,rain,34.9,16.6,116.9,1010.2,74.4,6.6,182.5,0.75,Rain,0.6866759803451553,0.726963615332308,24.3,23.1,22.5,24.6,23.1,22.5,21.7,21.5,21.0,85.8,91.0,91.4,0.0,0.104,0.396,0.0,12.5,4.17,noprecip,rain,rain,33.5,41.8,38.2,22.3,20.5,20.5,120.6,131.6,125.0,1008.2,1008.9,1011.6,88.4,98.5,98.6,7.8,6.2,6.2,203.4,131.0,58.5
2023-02-14,19.2,19.2,13.0,68.1,1.098,8.33,rain,33.1,27.7,46.4,1017.7,99.9,9.9,45.1,0.79,Rain,0.6990793005655562,0.7150441465537444,24.9,24.3,23.1,25.5,24.6,23.1,21.8,21.7,21.5,83.9,85.8,91.0,0.099,0.0,0.104,4.17,0.0,12.5,rain,noprecip,rain,34.9,33.5,41.8,16.6,22.3,20.5,116.9,120.6,131.6,1010.2,1008.2,1008.9,74.4,88.4,98.5,6.6,7.8,6.2,182.5,203.4,131.0
2023-02-15,17.0,17.0,9.0,59.4,0.0,0.0,noprecip,26.6,18.4,36.5,1022.7,100.0,10.0,73.5,0.82,Cloudy,0.7112757519738152,0.7029130847082615,19.2,24.9,24.3,19.2,25.5,24.6,13.0,21.8,21.7,68.1,83.9,85.8,1.098,0.099,0.0,8.33,4.17,0.0,rain,rain,noprecip,33.1,34.9,33.5,27.7,16.6,22.3,46.4,116.9,120.6,1017.7,1010.2,1008.2,99.9,74.4,88.4,9.9,6.6,7.8,45.1,182.5,203.4
2023-02-16,16.9,16.9,10.8,68.0,0.0,0.0,noprecip,18.4,11.2,18.1,1023.5,100.0,9.5,75.1,0.86,Cloudy,0.7232617254437388,0.6905740195722294,17.0,19.2,24.9,17.0,19.2,25.5,9.0,13.0,21.8,59.4,68.1,83.9,0.0,1.098,0.099,0.0,8.33,4.17,noprecip,rain,rain,26.6,33.1,34.9,18.4,27.7,16.6,36.5,46.4,116.9,1022.7,1017.7,1010.2,100.0,99.9,74.4,10.0,9.9,6.6,73.5,45.1,182.5
2023-02-17,17.9,17.9,13.8,77.0,0.0,0.0,noprecip,20.2,10.6,80.2,1019.9,96.4,6.3,147.1,0.89,Cloudy,0.7350336741329412,0.6780306024735382,16.9,17.0,19.2,16.9,17.0,19.2,10.8,9.0,13.0,68.0,59.4,68.1,0.0,0.0,1.098,0.0,0.0,8.33,noprecip,noprecip,rain,18.4,26.6,33.1,11.2,18.4,27.7,18.1,36.5,46.4,1023.5,1022.7,1017.7,100.0,100.0,99.9,9.5,10.0,9.9,75.1,73.5,45.1
2023-02-18,20.3,20.3,16.4,79.0,0.0,0.0,noprecip,18.4,13.0,128.4,1016.7,90.5,7.0,97.3,0.93,Cloudy,0.746588114532413,0.6652865452111116,17.9,16.9,17.0,17.9,16.9,17.0,13.8,10.8,9.0,77.0,68.0,59.4,0.0,0.0,0.0,0.0,0.0,0.0,noprecip,noprecip,noprecip,20.2,18.4,26.6,10.6,11.2,18.4,80.2,18.1,36.5,1019.9,1023.5,1022.7,96.4,100.0,100.0,6.3,9.5,10.0,147.1,75.1,73.5
2023-02-19,20.4,20.4,17.4,83.3,1.088,4.17,rain,38.2,16.6,347.3,1019.0,82.1,6.2,78.8,0.96,Rain,0.7579216274973472,0.6523456189565257,20.3,17.9,16.9,20.3,17.9,16.9,16.4,13.8,10.8,79.0,77.0,68.0,0.0,0.0,0.0,0.0,0.0,0.0,noprecip,noprecip,noprecip,18.4,20.2,18.4,13.0,10.6,11.2,128.4,80.2,18.1,1016.7,1019.9,1023.5,90.5,96.4,100.0,7.0,6.3,9.5,97.3,147.1,75.1
2023-02-20,21.0,21.0,13.3,61.8,0.0,0.0,noprecip,19.8,16.6,29.6,1018.7,78.4,9.7,160.6,0.0,Cloudy,0.7690308592589181,0.6392116531380588,20.4,20.3,17.9,20.4,20.3,17.9,17.4,16.4,13.8,83.3,79.0,77.0,1.088,0.0,0.0,4.17,0.0,0.0,rain,noprecip,noprecip,38.2,18.4,20.2,16.6,13.0,10.6,347.3,128.4,80.2,1019.0,1016.7,1019.9,82.1,90.5,96.4,6.2,7.0,6.3,78.8,97.3,147.1
2023-02-21,20.9,20.9,15.5,71.9,0.3,12.5,rain,30.2,14.8,143.0,1019.6,57.2,7.4,139.3,0.03,Rain,0.7799125224167177,0.6258885343075018,21.0,20.4,20.3,21.0,20.4,20.3,13.3,17.4,16.4,61.8,83.3,79.0,0.0,1.088,0.0,0.0,4.17,0.0,noprecip,rain,noprecip,19.8,38.2,18.4,16.6,16.6,13.0,29.6,347.3,128.4,1018.7,1019.0,1016.7,78.4,82.1,90.5,9.7,6.2,7.0,160.6,78.8,97.3
2023-02-22,20.6,20.6,15.0,70.8,0.0,0.0,noprecip,33.8,16.6,143.3,1019.6,80.6,9.2,131.0,0.06,Cloudy,0.7905633969115482,0.612380204990065,20.9,21.0,20.4,20.9,21.0,20.4,15.5,13.3,17.4,71.9,61.8,83.3,0.3,0.0,1.088,12.5,0.0,4.17,rain,noprecip,rain,30.2,19.8,38.2,14.8,16.6,16.6,143.0,29.6,347.3,1019.6,1018.7,1019.0,57.2,78.4,82.1,7.4,9.7,6.2,139.3,160.6,78.8
2023-02-23,20.4,20.4,16.1,76.7,0.0,0.0,rain,25.2,16.6,131.4,1016.8,76.7,8.5,117.1,0.1,Cloudy,0.8009803309782905,0.5986906625177214,20.6,20.9,21.0,20.6,20.9,21.0,15.0,15.5,13.3,70.8,71.9,61.8,0.0,0.3,0.0,0.0,12.5,0.0,noprecip,rain,noprecip,33.8,30.2,19.8,16.6,14.8,16.6,143.3,143.0,29.6,1019.6,1019.6,1018.7,80.6,57.2,78.4,9.2,7.4,9.7,131.0,139.3,160.6
2023-02-24,19.2,19.2,15.1,77.9,0.499,4.17,rain,32.0,20.5,52.8,1020.1,97.5,8.1,43.8,0.13,Rain,0.8111602420785621,0.5848239578463322,20.4,20.6,20.9,20.4,20.6,20.9,16.1,15.0,15.5,76.7,70.8,71.9,0.0,0.0,0.3,0.0,0.0,12.5,rain,noprecip,rain,25.2,33.8,30.2,16.6,16.6,14.8,131.4,143.3,143.0,1016.8,1019.6,1019.6,76.7,80.6,57.2,8.5,9.2,7.4,117.1,131.0,139.3
2023-02-25,19.8,19.8,8.5,49.9,0.0,0.0,noprecip,33.8,18.4,20.8,1026.1,36.1,11.3,196.5,0.16,Cloudy,0.8211001178128892,0.5707841943569036,19.2,20.4,20.6,19.2,20.4,20.6,15.1,16.1,15.0,77.9,76.7,70.8,0.499,0.0,0.0,4.17,0.0,0.0,rain,rain,noprecip,32.0,25.2,33.8,20.5,16.6,16.6,52.8,131.4,143.3,1020.1,1016.8,1019.6,97.5,76.7,80.6,8.1,8.5,9.2,43.8,117.1,131.0
2023-02-26,17.8,17.8,8.5,58.6,0.0,0.0,noprecip,31.0,14.8,72.4,1028.2,0.7,9.4,254.7,0.19,Clear,0.8307970168121247,0.5565755266413303,19.8,19.2,20.4,19.8,19.2,20.4,8.5,15.1,16.1,49.9,77.9,76.7,0.0,0.499,0.0,0.0,4.17,0.0,noprecip,rain,rain,33.8,32.0,25.2,18.4,20.5,16.6,20.8,52.8,131.4,1026.1,1020.1,1016.8,36.1,97.5,76.7,11.3,8.1,8.5,196.5,43.8,117.1
2023-02-27,18.1,18.1,10.3,63.4,0.0,0.0,noprecip,23.8,13.0,123.6,1025.6,9.7,8.3,253.7,0.25,Clear,0.8402480696078469,0.5422021592729844,17.8,19.8,19.2,17.8,19.8,19.2,8.5,8.5,15.1,58.6,49.9,77.9,0.0,0.0,0.499,0.0,0.0,4.17,noprecip,noprecip,rain,31.0,33.8,32.0,14.8,18.4,20.5,72.4,20.8,52.8,1028.2,1026.1,1020.1,0.7,36.1,97.5,9.4,11.3,8.1,254.7,196.5,43.8
2023-02-28,19.1,19.1,13.5,71.7,0.0,0.0,noprecip,27.0,16.6,129.8,1021.9,37.2,7.6,167.7,0.26,Cloudy,0.8494504794814806,0.527668345562516,18.1,17.8,19.8,18.1,17.8,19.8,10.3,8.5,8.5,63.4,58.6,49.9,0.0,0.0,0.0,0.0,0.0,0.0,noprecip,noprecip,noprecip,23.8,31.0,33.8,13.0,14.8,18.4,123.6,72.4,20.8,1025.6,1028.2,1026.1,9.7,0.7,36.1,8.3,9.4,11.3,253.7,254.7,196.5
2023-03-01,19.0,19.0,16.1,84.0,0.1,4.17,rain,16.9,9.4,96.8,1021.6,81.4,5.4,89.7,0.29,Rain,0.8584015232918917,0.512978386299228,19.1,18.1,17.8,19.1,18.1,17.8,13.5,10.3,8.5,71.7,63.4,58.6,0.0,0.0,0.0,0.0,0.0,0.0,noprecip,noprecip,noprecip,27.0,23.8,31.0,16.6,13.0,14.8,129.8,123.6,72.4,1021.9,1025.6,1028.2,37.2,9.7,0.7,7.6,8.3,9.4,167.7,253.7,254.7
2023-03-02,22.2,22.3,16.0,69.6,0.0,0.0,noprecip,24.5,14.8,141.1,1022.5,55.2,6.7,178.9,0.33,Cloudy,0.8670985522812081,0.4981366284784055,19.0,19.1,18.1,19.0,19.1,18.1,16.1,13.5,10.3,84.0,71.7,63.4,0.1,0.0,0.0,4.17,0.0,0.0,rain,noprecip,noprecip,16.9,27.0,23.8,9.4,16.6,13.0,96.8,129.8,123.6,1021.6,1021.9,1025.6,81.4,37.2,9.7,5.4,7.6,8.3,89.7,167.7,253.7
2023-03-03,21.2,21.2,15.9,72.4,0.001,4.17,rain,20.9,11.2,111.2,1022.9,76.1,6.3,136.7,0.36,Rain,0.8755389928586302,0.4831474640149687,22.2,19.0,19.1,22.3,19.0,19.1,16.0,16.1,13.5,69.6,84.0,71.7,0.0,0.1,0.0,0.0,4.17,0.0,noprecip,rain,noprecip,24.5,16.9,27.0,14.8,9.4,16.6,141.1,96.8,129.8,1022.5,1021.6,1021.9,55.2,81.4,37.2,6.7,5.4,7.6,178.9,89.7,167.7
2023-03-04,20.4,20.4,14.5,69.5,0.0,0.0,noprecip,16.6,14.8,22.6,1024.2,81.4,9.4,162.1,0.39,Cloudy,0.8837203473619977,0.4680153284438345,21.2,22.2,19.0,21.2,22.3,19.0,15.9,16.0,16.1,72.4,69.6,84.0,0.001,0.0,0.1,4.17,0.0,4.17,rain,noprecip,rain,20.9,24.5,16.9,11.2,14.8,9.4,111.2,141.1,96.8,1022.9,1022.5,1021.6,76.1,55.2,81.4,6.3,6.7,5.4,136.7,178.9,89.7
2023-03-05,20.8,20.8,14.9,71.4,0.1,4.17,rain,26.6,18.4,143.7,1022.0,53.4,6.8,170.0,0.42,Rain,0.8916401947968874,0.45274469960737107,20.4,21.2,22.2,20.4,21.2,22.3,14.5,15.9,16.0,69.5,72.4,69.6,0.0,0.001,0.0,0.0,4.17,0.0,noprecip,rain,noprecip,16.6,20.9,24.5,14.8,11.2,14.8,22.6,111.2,141.1,1024.2,1022.9,1022.5,81.4,76.1,55.2,9.4,6.3,6.7,162.1,136.7,178.9
2023-03-06,21.5,21.5,16.2,72.3,0.0,0.0,noprecip,35.3,24.1,122.1,1019.3,50.5,7.2,172.1,0.46,Cloudy,0.8992961915530253,0.4373400963303323,20.8,20.4,21.2,20.8,20.4,21.2,14.9,14.5,15.9,71.4,69.5,72.4,0.1,0.0,0.001,4.17,0.0,4.17,rain,noprecip,rain,26.6,16.6,20.9,18.4,14.8,11.2,143.7,22.6,111.2,1022.0,1024.2,1022.9,53.4,81.4,76.1,6.8,9.4,6.3,170.0,162.1,136.7
2023-03-07,22.0,22.0,16.1,69.7,0.2,8.33,rain,29.9,22.3,135.9,1018.2,88.7,9.4,104.3,0.5,Rain,0.9066860720977985,0.4218060770826634,21.5,20.8,20.4,21.5,20.8,20.4,16.2,14.9,14.5,72.3,71.4,69.5,0.0,0.1,0.0,0.0,4.17,0.0,noprecip,rain,noprecip,35.3,26.6,16.6,24.1,18.4,14.8,122.1,143.7,22.6,1019.3,1022.0,1024.2,50.5,53.4,81.4,7.2,6.8,9.4,172.1,170.0,162.1
2023-03-08,21.6,21.6,18.4,82.1,0.1,4.17,rain,28.4,18.4,119.9,1018.4,93.7,7.8,124.5,0.52,Rain,0.9138076496466615,0.40614723863057883,22.0,21.5,20.8,22.0,21.5,20.8,16.1,16.2,14.9,69.7,72.3,71.4,0.2,0.0,0.1,8.33,0.0,4.17,rain,noprecip,rain,29.9,35.3,26.6,22.3,24.1,18.4,135.9,122.1,143.7,1018.2,1019.3,1022.0,88.7,50.5,53.4,9.4,7.2,6.8,104.3,172.1,170.0
2023-03-09,23.5,23.7,18.6,76.1,0.1,4.17,rain,22.0,18.4,110.2,1018.0,48.0,6.2,182.6,0.56,Rain,0.9206588168102428,0.3903682146763026,21.6,22.0,21.5,21.6,22.0,21.5,18.4,16.1,16.2,82.1,69.7,72.3,0.1,0.2,0.0,4.17,8.33,0.0,rain,rain,noprecip,28.4,29.9,35.3,18.4,22.3,24.1,119.9,135.9,122.1,1018.4,1018.2,1019.3,93.7,88.7,50.5,7.8,9.4,7.2,124.5,104.3,172.1
2023-03-10,23.3,23.5,18.3,75.1,0.0,0.0,noprecip,37.8,22.3,123.0,1014.8,41.8,6.2,207.9,0.59,Cloudy,0.9272375462179537,0.374473674486883,23.5,21.6,22.0,23.7,21.6,22.0,18.6,18.4,16.1,76.1,82.1,69.7,0.1,0.1,0.2,4.17,4.17,8.33,rain,rain,rain,22.0,28.4,29.9,18.4,18.4,22.3,110.2,119.9,135.9,1018.0,1018.4,1018.2,48.0,93.7,88.7,6.2,7.8,9.4,182.6,124.5,104.3
2023-03-11,21.7,21.7,19.3,86.4,0.7,20.83,rain,30.6,16.6,117.0,1016.1,90.1,5.3,81.8,0.63,Rain,0.9335418911179212,0.35846832151248087,23.3,23.5,21.6,23.5,23.7,21.6,18.3,18.6,18.4,75.1,76.1,82.1,0.0,0.1,0.1,0.0,4.17,4.17,noprecip,rain,rain,37.8,22.0,28.4,22.3,18.4,18.4,123.0,110.2,119.9,1014.8,1018.0,1018.4,41.8,48.0,93.7,6.2,6.2,7.8,207.9,182.6,124.5
2023-03-12,23.3,23.4,18.8,77.0,0.099,4.17,rain,45.7,25.9,53.1,1018.7,67.3,6.5,142.8,0.66,Rain,0.9395699859530622,0.342356891994542,21.7,23.3,23.5,21.7,23.5,23.7,19.3,18.3,18.6,86.4,75.1,76.1,0.7,0.0,0.1,20.83,0.0,4.17,rain,noprecip,rain,30.6,37.8,22.0,16.6,22.3,18.4,117.0,123.0,110.2,1016.1,1014.8,1018.0,90.1,41.8,48.0,5.3,6.2,6.2,81.8,207.9,182.6
2023-03-13,19.6,19.6,11.6,60.9,0.01,4.17,rain,31.0,22.3,17.6,1021.4,79.6,10.0,79.2,0.7,Rain,0.945320046913132,0.3261441535642696,23.3,21.7,23.3,23.4,21.7,23.5,18.8,19.3,18.3,77.0,86.4,75.1,0.099,0.7,0.0,4.17,20.83,0.0,rain,rain,noprecip,45.7,30.6,37.8,25.9,16.6,22.3,53.1,117.0,123.0,1018.7,1016.1,1014.8,67.3,90.1,41.8,6.5,5.3,6.2,142.8,81.8,207.9
2023-03-14,20.7,20.7,14.3,68.7,0.0,0.0,noprecip,37.1,16.6,132.3,1014.2,36.6,8.1,239.7,0.74,Cloudy,0.9507903724625832,0.3098349038318025,19.6,23.3,21.7,19.6,23.4,21.7,11.6,18.8,19.3,60.9,77.0,86.4,0.01,0.099,0.7,4.17,4.17,20.83,rain,rain,rain,31.0,45.7,30.6,22.3,25.9,16.6,17.6,53.1,117.0,1021.4,1018.7,1016.1,79.6,67.3,90.1,10.0,6.5,5.3,79.2,142.8,81.8
2023-03-15,21.6,21.6,18.9,85.2,0.099,4.17,rain,30.6,18.4,122.5,1014.2,84.3,9.8,111.6,0.75,Rain,0.9559793438440766,0.2934339689665273,20.7,19.6,23.3,20.7,19.6,23.4,14.3,11.6,18.8,68.7,60.9,77.0,0.0,0.01,0.099,0.0,4.17,4.17,noprecip,rain,rain,37.1,31.0,45.7,16.6,22.3,25.9,132.3,17.6,53.1,1014.2,1021.4,1018.7,36.6,79.6,67.3,8.1,10.0,6.5,239.7,79.2,142.8
2023-03-16,23.8,24.1,19.8,79.2,0.516,8.33,rain,36.7,18.4,142.7,1015.4,81.6,10.7,107.4,0.81,Rain,0.9608854255574977,0.27694620226893646,21.6,20.7,19.6,21.6,20.7,19.6,18.9,14.3,11.6,85.2,68.7,60.9,0.099,0.0,0.01,4.17,0.0,4.17,rain,noprecip,rain,30.6,37.1,31.0,18.4,16.6,22.3,122.5,132.3,17.6,1014.2,1014.2,1021.4,84.3,36.6,79.6,9.8,8.1,10.0,111.6,239.7,79.2
2023-03-17,23.5,23.5,20.4,83.1,0.0,0.0,rain,33.8,20.5,126.7,1014.1,90.0,8.5,150.1,0.84,Cloudy,0.9655071658143364,0.2603764827344581,23.8,21.6,20.7,24.1,21.6,20.7,19.8,18.9,14.3,79.2,85.2,68.7,0.516,0.099,0.0,8.33,4.17,0.0,rain,rain,noprecip,36.7,30.6,37.1,18.4,18.4,16.6,142.7,122.5,132.3,1015.4,1014.2,1014.2,81.6,84.3,36.6,10.7,9.8,8.1,107.4,111.6,239.7
2023-03-18,23.3,23.3,20.2,82.8,0.4,16.67,rain,33.8,18.4,134.2,1012.9,98.2,8.9,90.3,0.88,Rain,0.969843196967294,0.24372971360968387,23.5,23.8,21.6,23.5,24.1,21.6,20.4,19.8,18.9,83.1,79.2,85.2,0.0,0.516,0.099,0.0,8.33,4.17,rain,rain,rain,33.8,36.7,30.6,20.5,18.4,18.4,126.7,142.7,122.5,1014.1,1015.4,1014.2,90.0,81.6,84.3,8.5,10.7,9.8,150.1,107.4,111.6
2023-03-19,24.1,24.2,20.2,79.7,0.1,4.17,rain,36.7,18.4,133.6,1011.0,94.7,8.8,125.9,0.91,Rain,0.9738922359149924,0.22701082094141847,23.3,23.5,23.8,23.3,23.5,24.1,20.2,20.4,19.8,82.8,83.1,79.2,0.4,0.0,0.516,16.67,0.0,8.33,rain,rain,rain,33.8,33.8,36.7,18.4,20.5,18.4,134.2,126.7,142.7,1012.9,1014.1,1015.4,98.2,90.0,81.6,8.9,8.5,10.7,90.3,150.1,107.4
2023-03-20,24.9,25.5,21.9,83.6,0.1,4.17,rain,32.0,22.3,129.2,1007.9,96.9,8.4,131.3,0.95,Rain,0.9776530844816641,0.2102247521189836,24.1,23.3,23.5,24.2,23.3,23.5,20.2,20.2,20.4,79.7,82.8,83.1,0.1,0.4,0.0,4.17,16.67,0.0,rain,rain,rain,36.7,33.8,33.8,18.4,18.4,20.5,133.6,134.2,126.7,1011.0,1012.9,1014.1,94.7,98.2,90.0,8.8,8.9,8.5,125.9,90.3,150.1
2023-03-21,25.7,26.8,23.1,86.1,0.102,8.33,rain,23.8,20.5,113.4,1005.5,91.8,6.0,202.0,0.98,Rain,0.981124629771712,0.19337647441020586,24.9,24.1,23.3,25.5,24.2,23.3,21.9,20.2,20.2,83.6,79.7,82.8,0.1,0.1,0.4,4.17,4.17,16.67,rain,rain,rain,32.0,36.7,33.8,22.3,18.4,18.4,129.2,133.6,134.2,1007.9,1011.0,1012.9,96.9,94.7,98.2,8.4,8.8,8.9,131.3,125.9,90.3
2023-03-22,27.5,29.8,23.4,80.1,0.0,0.0,noprecip,26.3,20.5,101.4,1003.2,55.4,6.1,260.2,0.0,Cloudy,0.984305844499033,0.17647097349152166,25.7,24.9,24.1,26.8,25.5,24.2,23.1,21.9,20.2,86.1,83.6,79.7,0.102,0.1,0.1,8.33,4.17,4.17,rain,rain,rain,23.8,32.0,36.7,20.5,22.3,18.4,113.4,129.2,133.6,1005.5,1007.9,1011.0,91.8,96.9,94.7,6.0,8.4,8.8,202.0,131.3,125.9
2023-03-23,27.2,29.4,23.6,81.0,0.1,4.17,rain,22.3,20.5,99.5,1003.3,80.5,6.9,268.8,0.05,Rain,0.9871957872910085,0.15951325197263655,27.5,25.7,24.9,29.8,26.8,25.5,23.4,23.1,21.9,80.1,86.1,83.6,0.0,0.102,0.1,0.0,8.33,4.17,noprecip,rain,rain,26.3,23.8,32.0,20.5,20.5,22.3,101.4,113.4,129.2,1003.2,1005.5,1007.9,55.4,91.8,96.9,6.1,6.0,8.4,260.2,202.0,131.3
2023-03-24,26.8,28.3,23.2,81.1,0.0,0.0,noprecip,29.5,22.3,102.8,1005.8,92.5,6.9,265.0,0.08,Cloudy,0.9897936029670716,0.14250832791617088,27.2,27.5,25.7,29.4,29.8,26.8,23.6,23.4,23.1,81.0,80.1,86.1,0.1,0.0,0.102,4.17,0.0,8.33,rain,noprecip,rain,22.3,26.3,23.8,20.5,20.5,20.5,99.5,101.4,113.4,1003.3,1003.2,1005.5,80.5,55.4,91.8,6.9,6.1,6.0,268.8,260.2,202.0
2023-03-25,25.0,25.0,22.9,88.1,1.682,4.17,rain,25.2,20.5,117.6,1009.2,95.4,7.2,73.3,0.11,Rain,0.992098522791769,0.12546123335273648,26.8,27.2,27.5,28.3,29.4,29.8,23.2,23.6,23.4,81.1,81.0,80.1,0.0,0.1,0.0,0.0,4.17,0.0,noprecip,rain,noprecip,29.5,22.3,26.3,22.3,20.5,20.5,102.8,99.5,101.4,1005.8,1003.3,1003.2,92.5,80.5,55.4,6.9,6.9,6.1,265.0,268.8,260.2
2023-03-26,19.6,19.6,16.9,84.6,2.102,12.5,rain,31.7,20.5,48.5,1011.7,99.9,9.2,57.2,0.14,Rain,0.9941098647022418,0.10837701279187609,25.0,26.8,27.2,25.0,28.3,29.4,22.9,23.2,23.6,88.1,81.1,81.0,1.682,0.0,0.1,4.17,0.0,4.17,rain,noprecip,rain,25.2,29.5,22.3,20.5,22.3,20.5,117.6,102.8,99.5,1009.2,1005.8,1003.3,95.4,92.5,80.5,7.2,6.9,6.9,73.3,265.0,268.8
2023-03-27,18.8,18.8,15.0,79.3,1.137,16.67,rain,26.6,14.8,34.8,1014.8,99.7,9.5,52.7,0.18,Rain,0.9958270335100595,0.09126072172931188,19.6,25.0,26.8,19.6,25.0,28.3,16.9,22.9,23.2,84.6,88.1,81.1,2.102,1.682,0.0,12.5,4.17,0.0,rain,rain,noprecip,31.7,25.2,29.5,20.5,20.5,22.3,48.5,117.6,102.8,1011.7,1009.2,1005.8,99.9,95.4,92.5,9.2,7.2,6.9,57.2,73.3,265.0
2023-03-28,18.7,18.7,14.1,74.8,0.004,4.17,rain,16.2,16.6,43.5,1016.4,99.1,9.8,53.8,0.21,Rain,0.9972495210773451,0.07411742515094437,18.8,19.6,25.0,18.8,19.6,25.0,15.0,16.9,22.9,79.3,84.6,88.1,1.137,2.102,1.682,16.67,12.5,4.17,rain,rain,rain,26.6,31.7,25.2,14.8,20.5,20.5,34.8,48.5,117.6,1014.8,1011.7,1009.2,99.7,99.9,95.4,9.5,9.2,7.2,52.7,57.2,73.3
2023-03-29,19.1,19.1,15.8,81.8,1.387,8.33,rain,16.9,13.0,45.9,1014.7,95.6,9.7,113.2,0.25,Rain,0.998376906467142,0.056952196034039754,18.7,18.8,19.6,18.7,18.8,19.6,14.1,15.0,16.9,74.8,79.3,84.6,0.004,1.137,2.102,4.17,16.67,12.5,rain,rain,rain,16.2,26.6,31.7,16.6,14.8,20.5,43.5,34.8,48.5,1016.4,1014.8,1011.7,99.1,99.7,99.9,9.8,9.5,9.2,53.8,52.7,57.2
2023-03-30,19.4,19.4,16.0,81.1,0.735,16.67,rain,16.9,14.8,65.8,1012.4,100.0,9.2,102.3,0.27,Rain,0.9992088560679753,0.03977011384605572,19.1,18.7,18.8,19.1,18.7,18.8,15.8,14.1,15.0,81.8,74.8,79.3,1.387,0.004,1.137,8.33,4.17,16.67,rain,rain,rain,16.9,16.2,26.6,13.0,16.6,14.8,45.9,43.5,34.8,1014.7,1016.4,1014.8,95.6,99.1,99.7,9.7,9.8,9.5,113.2,53.8,52.7
2023-03-31,20.3,20.3,18.6,90.3,1.298,12.5,rain,19.1,7.6,98.1,1011.4,95.6,3.9,82.5,0.31,Rain,0.9997451236925734,0.022576263041545485,19.4,19.1,18.7,19.4,19.1,18.7,16.0,15.8,14.1,81.1,81.8,74.8,0.735,1.387,0.004,16.67,8.33,4.17,rain,rain,rain,16.9,16.9,16.2,14.8,13.0,16.6,65.8,45.9,43.5,1012.4,1014.7,1016.4,100.0,95.6,99.1,9.2,9.7,9.8,102.3,113.2,53.8
2023-04-01,21.1,21.1,20.3,95.3,1.29,12.5,rain,18.0,7.2,101.8,1009.7,95.9,3.4,85.9,0.34,Rain,0.9999855506507186,0.005375731557583884,20.3,19.4,19.1,20.3,19.4,19.1,18.6,16.0,15.8,90.3,81.1,81.8,1.298,0.735,1.387,12.5,16.67,8.33,rain,rain,rain,19.1,16.9,16.9,7.6,14.8,13.0,98.1,65.8,45.9,1011.4,1012.4,1014.7,95.6,100.0,95.6,3.9,9.2,9.7,82.5,102.3,113.2
2023-04-02,23.8,23.8,22.5,92.6,0.401,12.5,rain,31.0,16.6,120.8,1006.9,96.3,5.1,137.1,0.37,Rain,0.9999300657962057,-0.011826390691832589,21.1,20.3,19.4,21.1,20.3,19.4,20.3,18.6,16.0,95.3,90.3,81.1,1.29,1.298,0.735,12.5,12.5,16.67,rain,rain,rain,18.0,19.1,16.9,7.2,7.6,14.8,101.8,98.1,65.8,1009.7,1011.4,1012.4,95.9,95.6,100.0,3.4,3.9,9.2,85.9,82.5,102.3
2023-04-03,25.9,27.2,23.4,86.7,0.099,4.17,rain,29.5,20.5,114.6,1005.3,94.8,6.7,226.7,0.4,Rain,0.9995786855478958,-0.029025013321975237,23.8,21.1,20.3,23.8,21.1,20.3,22.5,20.3,18.6,92.6,95.3,90.3,0.401,1.29,1.298,12.5,12.5,12.5,rain,rain,rain,31.0,18.0,19.1,16.6,7.2,7.6,120.8,101.8,98.1,1006.9,1009.7,1011.4,96.3,95.9,95.6,5.1,3.4,3.9,137.1,85.9,82.5
2023-04-04,26.6,28.3,23.5,83.8,0.001,4.17,rain,28.8,16.6,106.1,1004.0,95.0,6.7,248.6,0.44,Rain,0.9989315138848577,-0.046215046983708354,25.9,23.8,21.1,27.2,23.8,21.1,23.4,22.5,20.3,86.7,92.6,95.3,0.099,0.401,1.29,4.17,12.5,12.5,rain,rain,rain,29.5,31.0,18.0,20.5,16.6,7.2,114.6,120.8,101.8,1005.3,1006.9,1009.7,94.8,96.3,95.9,6.7,5.1,3.4,226.7,137.1,85.9
2023-04-05,27.5,29.5,23.5,80.1,0.0,0.0,noprecip,25.9,20.5,108.2,1004.8,91.8,7.1,282.2,0.47,Cloudy,0.9979887423155984,-0.06339140486951038,26.6,25.9,23.8,28.3,27.2,23.8,23.5,23.4,22.5,83.8,86.7,92.6,0.001,0.099,0.401,4.17,4.17,12.5,rain,rain,rain,28.8,29.5,31.0,16.6,20.5,16.6,106.1,114.6,120.8,1004.0,1005.3,1006.9,95.0,94.8,96.3,6.7,6.7,5.1,248.6,226.7,137.1
2023-04-06,27.9,30.4,23.6,78.7,0.5,12.5,rain,44.6,20.5,110.6,1008.3,93.5,7.3,164.6,0.5,Rain,0.9967506498213929,-0.08054900421874167,27.5,26.6,25.9,29.5,28.3,27.2,23.5,23.5,23.4,80.1,83.8,86.7,0.0,0.001,0.099,0.0,4.17,4.17,noprecip,rain,rain,25.9,28.8,29.5,20.5,16.6,20.5,108.2,106.1,114.6,1004.8,1004.0,1005.3,91.8,95.0,94.8,7.1,6.7,6.7,282.2,248.6,226.7
2023-04-07,23.8,23.8,16.0,62.0,0.0,0.0,rain,22.0,18.4,63.7,1013.8,89.3,9.8,84.8,0.54,Cloudy,0.9952176027737294,-0.09768276782171598,27.9,27.5,26.6,30.4,29.5,28.3,23.6,23.5,23.5,78.7,80.1,83.8,0.5,0.0,0.001,12.5,0.0,4.17,rain,noprecip,rain,44.6,25.9,28.8,20.5,20.5,16.6,110.6,108.2,106.1,1008.3,1004.8,1004.0,93.5,91.8,95.0,7.3,7.1,6.7,164.6,282.2,248.6
2023-04-08,20.9,20.9,15.7,72.7,0.014,8.33,rain,28.8,22.3,33.0,1018.9,100.0,9.7,46.1,0.57,Rain,0.9933900548258936,-0.11478762552212701,23.8,27.9,27.5,23.8,30.4,29.5,16.0,23.6,23.5,62.0,78.7,80.1,0.0,0.5,0.0,0.0,12.5,0.0,rain,rain,noprecip,22.0,44.6,25.9,18.4,20.5,20.5,63.7,110.6,108.2,1013.8,1008.3,1004.8,89.3,93.5,91.8,9.8,7.3,7.1,84.8,164.6,282.2
2023-04-09,19.0,19.0,16.5,85.4,0.007,4.17,rain,13.3,11.2,65.5,1017.1,99.9,7.2,68.4,0.61,Rain,0.9912685467787256,-0.13185851571739118,20.9,23.8,27.9,20.9,23.8,30.4,15.7,16.0,23.6,72.7,62.0,78.7,0.014,0.0,0.5,8.33,0.0,12.5,rain,rain,rain,28.8,22.0,44.6,22.3,18.4,20.5,33.0,63.7,110.6,1018.9,1013.8,1008.3,100.0,89.3,93.5,9.7,9.8,7.3,46.1,84.8,164.6
2023-04-10,20.4,20.4,18.9,91.3,0.597,8.33,rain,14.8,9.4,58.9,1011.8,99.5,4.3,98.2,0.64,Rain,0.9888537064205885,-0.1488903868564548,19.0,20.9,23.8,19.0,20.9,23.8,16.5,15.7,16.0,85.4,72.7,62.0,0.007,0.014,0.0,4.17,8.33,0.0,rain,rain,rain,13.3,28.8,22.0,11.2,22.3,18.4,65.5,33.0,63.7,1017.1,1018.9,1013.8,99.9,100.0,89.3,7.2,9.7,9.8,68.4,46.1,84.8
2023-04-11,22.8,22.8,21.5,92.6,0.501,8.33,rain,22.3,9.4,50.7,1009.3,98.5,3.5,111.3,0.68,Rain,0.986146248341595,-0.16587819893463143,20.4,19.0,20.9,20.4,19.0,20.9,18.9,16.5,15.7,91.3,85.4,72.7,0.597,0.007,0.014,8.33,4.17,8.33,rain,rain,rain,14.8,13.3,28.8,9.4,11.2,22.3,58.9,65.5,33.0,1011.8,1017.1,1018.9,99.5,99.9,100.0,4.3,7.2,9.7,98.2,68.4,46.1
2023-04-12,24.3,24.3,23.3,94.4,4.308,8.33,rain,30.2,14.8,125.1,1009.7,96.6,3.7,76.9,0.72,Rain,0.9831469737221499,-0.1828169249850199,22.8,20.4,19.0,22.8,20.4,19.0,21.5,18.9,16.5,92.6,91.3,85.4,0.501,0.597,0.007,8.33,8.33,4.17,rain,rain,rain,22.3,14.8,13.3,9.4,9.4,11.2,50.7,58.9,65.5,1009.3,1011.8,1017.1,98.5,99.5,99.9,3.5,4.3,7.2,111.3,98.2,68.4
2023-04-13,24.0,24.0,23.4,96.2,3.032,12.5,rain,43.2,18.4,124.0,1008.7,98.9,3.2,103.3,0.75,Rain,0.9798567700958665,-0.1997015525660636,24.3,22.8,20.4,24.3,22.8,20.4,23.3,21.5,18.9,94.4,92.6,91.3,4.308,0.501,0.597,8.33,8.33,8.33,rain,rain,rain,30.2,22.3,14.8,14.8,9.4,9.4,125.1,50.7,58.9,1009.7,1009.3,1011.8,96.6,98.5,99.5,3.7,3.5,4.3,76.9,111.3,98.2
2023-04-14,24.4,24.4,23.8,96.0,1.996,12.5,rain,29.2,14.8,104.5,1008.2,97.4,2.9,78.9,0.79,Rain,0.9762766110869321,-0.21652708524481437,24.0,24.3,22.8,24.0,24.3,22.8,23.4,23.3,21.5,96.2,94.4,92.6,3.032,4.308,0.501,12.5,8.33,8.33,rain,rain,rain,43.2,30.2,22.3,18.4,14.8,9.4,124.0,125.1,50.7,1008.7,1009.7,1009.3,98.9,96.6,98.5,3.2,3.7,3.5,103.3,76.9,111.3
2023-04-15,25.7,26.5,23.3,87.3,9.169,16.67,rain,28.8,14.8,56.0,1010.6,79.4,7.0,65.1,0.82,Rain,0.9724075561219968,-0.23328854407545518,24.4,24.0,24.3,24.4,24.0,24.3,23.8,23.4,23.3,96.0,96.2,94.4,1.996,3.032,4.308,12.5,12.5,8.33,rain,rain,rain,29.2,43.2,30.2,14.8,18.4,14.8,104.5,124.0,125.1,1008.2,1008.7,1009.7,97.4,98.9,96.6,2.9,3.2,3.7,78.9,103.3,76.9
2023-04-16,25.9,27.0,21.8,79.2,0.001,4.17,rain,24.5,14.8,145.5,1009.1,50.1,7.6,199.2,0.86,Rain,0.9682507501166718,-0.2499809690726521,25.7,24.4,24.0,26.5,24.4,24.0,23.3,23.8,23.4,87.3,96.0,96.2,9.169,1.996,3.032,16.67,12.5,12.5,rain,rain,rain,28.8,29.2,43.2,14.8,14.8,18.4,56.0,104.5,124.0,1010.6,1008.2,1008.7,79.4,97.4,98.9,7.0,2.9,3.2,65.1,78.9,103.3
2023-04-17,25.5,26.9,23.1,86.6,0.0,0.0,rain,31.0,20.5,118.5,1006.9,83.6,6.2,181.5,0.89,Cloudy,0.9638074231367307,-0.26659942067929354,25.9,25.7,24.4,27.0,26.5,24.4,21.8,23.3,23.8,79.2,87.3,96.0,0.001,9.169,1.996,4.17,16.67,12.5,rain,rain,rain,24.5,28.8,29.2,14.8,14.8,14.8,145.5,56.0,104.5,1009.1,1010.6,1008.2,50.1,79.4,97.4,7.6,7.0,2.9,199.2,65.1,78.9
2023-04-18,27.2,29.9,25.0,88.3,0.0,0.0,rain,31.0,18.4,113.2,1004.8,95.8,6.3,243.9,0.93,Cloudy,0.9590788900341131,-0.28313898122818354,25.5,25.9,25.7,26.9,27.0,26.5,23.1,21.8,23.3,86.6,79.2,87.3,0.0,0.001,9.169,0.0,4.17,16.67,rain,rain,rain,31.0,24.5,28.8,20.5,14.8,14.8,118.5,145.5,56.0,1006.9,1009.1,1010.6,83.6,50.1,79.4,6.2,7.6,7.0,181.5,199.2,65.1
2023-04-19,28.2,31.7,24.8,82.3,0.0,0.0,rain,24.1,16.6,111.5,1001.9,86.4,6.5,272.5,0.97,Cloudy,0.9540665500578387,-0.2995947563972602,27.2,25.5,25.9,29.9,26.9,27.0,25.0,23.1,21.8,88.3,86.6,79.2,0.0,0.0,0.001,0.0,0.0,4.17,rain,rain,rain,31.0,31.0,24.5,18.4,20.5,14.8,113.2,118.5,145.5,1004.8,1006.9,1009.1,95.8,83.6,50.1,6.3,6.2,7.6,243.9,181.5,199.2
2023-04-20,27.7,31.0,24.4,82.3,0.0,0.0,rain,25.2,18.4,121.8,1001.0,91.4,6.6,193.7,0.0,Cloudy,0.9487718864399473,-0.31596187665790293,28.2,27.2,25.5,31.7,29.9,26.9,24.8,25.0,23.1,82.3,88.3,86.6,0.0,0.0,0.0,0.0,0.0,0.0,rain,rain,rain,24.1,31.0,31.0,16.6,18.4,20.5,111.5,113.2,118.5,1001.9,1004.8,1006.9,86.4,95.8,83.6,6.5,6.3,6.2,272.5,243.9,181.5
2023-04-21,28.3,32.3,24.8,81.9,0.0,0.0,rain,31.3,20.5,117.8,1001.4,87.5,6.3,234.0,0.03,Cloudy,0.9431964659565866,-0.33223549871590435,27.7,28.2,27.2,31.0,31.7,29.9,24.4,24.8,25.0,82.3,82.3,88.3,0.0,0.0,0.0,0.0,0.0,0.0,rain,rain,rain,25.2,24.1,31.0,18.4,16.6,18.4,121.8,111.5,113.2,1001.0,1001.9,1004.8,91.4,86.4,95.8,6.6,6.5,6.3,193.7,272.5,243.9
2023-04-22,28.2,32.4,25.0,83.4,0.0,0.0,rain,30.2,20.5,112.0,1003.7,85.0,7.5,271.4,0.07,Cloudy,0.9373419384643772,-0.3484108069446808,28.3,27.7,28.2,32.3,31.0,31.7,24.8,24.4,24.8,81.9,82.3,82.3,0.0,0.0,0.0,0.0,0.0,0.0,rain,rain,rain,31.3,25.2,24.1,20.5,18.4,16.6,117.8,121.8,111.5,1001.4,1001.0,1001.9,87.5,91.4,86.4,6.3,6.6,6.5,234.0,193.7,272.5
2023-04-23,28.4,33.1,24.9,82.0,0.0,0.0,rain,32.4,20.5,121.0,1007.8,79.3,8.4,218.8,0.1,Cloudy,0.9312100364121947,-0.3644830148102912,28.2,28.3,27.7,32.4,32.3,31.0,25.0,24.8,24.4,83.4,81.9,82.3,0.0,0.0,0.0,0.0,0.0,0.0,rain,rain,rain,30.2,31.3,25.2,20.5,20.5,18.4,112.0,117.8,121.8,1003.7,1001.4,1001.0,85.0,87.5,91.4,7.5,6.3,6.6,271.4,234.0,193.7
2023-04-24,28.4,32.0,24.8,82.1,12.5,37.5,rain,33.1,24.1,123.8,1010.2,73.7,8.7,140.9,0.13,Rain,0.9248025743285089,-0.38044736628785164,28.4,28.2,28.3,33.1,32.4,32.3,24.9,25.0,24.8,82.0,83.4,81.9,0.0,0.0,0.0,0.0,0.0,0.0,rain,rain,rain,32.4,30.2,31.3,20.5,20.5,20.5,121.0,112.0,117.8,1007.8,1003.7,1001.4,79.3,85.0,87.5,8.4,7.5,6.3,218.8,271.4,234.0
2023-04-25,21.8,22.0,19.5,86.8,3.979,4.17,rain,33.1,25.9,57.7,1013.9,92.7,9.5,47.2,0.16,Rain,0.9181214482844365,-0.39629913726891813,28.4,28.4,28.2,32.0,33.1,32.4,24.8,24.9,25.0,82.1,82.0,83.4,12.5,0.0,0.0,37.5,0.0,0.0,rain,rain,rain,33.1,32.4,30.2,24.1,20.5,20.5,123.8,121.0,112.0,1010.2,1007.8,1003.7,73.7,79.3,85.0,8.7,8.4,7.5,140.9,218.8,271.4
2023-04-26,22.8,22.8,16.9,71.5,0.6,12.5,rain,19.1,9.4,318.7,1014.2,56.7,9.1,197.4,0.19,Rain,0.9111686353326631,-0.41203363695942635,21.8,28.4,28.4,22.0,32.0,33.1,19.5,24.8,24.9,86.8,82.1,82.0,3.979,12.5,0.0,4.17,37.5,0.0,rain,rain,rain,33.1,33.1,32.4,25.9,24.1,20.5,57.7,123.8,121.0,1013.9,1010.2,1007.8,92.7,73.7,79.3,9.5,8.7,8.4,47.2,140.9,218.8
2023-04-27,25.2,26.2,20.4,76.1,0.0,0.0,noprecip,36.4,24.1,114.6,1011.1,37.6,10.0,208.7,0.23,Cloudy,0.9039461929224011,-0.42764620926777464,22.8,21.8,28.4,22.8,22.0,32.0,16.9,19.5,24.8,71.5,86.8,82.1,0.6,3.979,12.5,12.5,4.17,37.5,rain,rain,rain,19.1,33.1,33.1,9.4,25.9,24.1,318.7,57.7,123.8,1014.2,1013.9,1010.2,56.7,92.7,73.7,9.1,9.5,8.7,197.4,47.2,140.9
2023-04-28,26.6,29.0,23.8,84.9,0.021,4.17,rain,37.8,22.3,126.2,1009.8,89.8,8.6,174.3,0.25,Rain,0.8964562582905575,-0.44313223418263453,25.2,22.8,21.8,26.2,22.8,22.0,20.4,16.9,19.5,76.1,71.5,86.8,0.0,0.6,3.979,0.0,12.5,4.17,noprecip,rain,rain,36.4,19.1,33.1,24.1,9.4,25.9,114.6,318.7,57.7,1011.1,1014.2,1013.9,37.6,56.7,92.7,10.0,9.1,9.5,208.7,197.4,47.2
2023-04-29,25.4,26.0,22.2,83.0,53.559,8.33,rain,34.2,18.4,90.0,1011.2,90.1,9.0,109.0,0.29,Rain,0.8887010478292915,-0.45848712914008766,26.6,25.2,22.8,29.0,26.2,22.8,23.8,20.4,16.9,84.9,76.1,71.5,0.021,0.0,0.6,4.17,0.0,12.5,rain,noprecip,rain,37.8,36.4,19.1,22.3,24.1,9.4,126.2,114.6,318.7,1009.8,1011.1,1014.2,89.8,37.6,56.7,8.6,10.0,9.1,174.3,208.7,197.4
2023-04-30,23.5,23.5,18.0,72.2,0.506,8.33,rain,19.4,13.0,40.2,1013.2,80.4,10.0,217.2,0.32,Rain,0.8806828564301475,-0.47370635037968,25.4,26.6,25.2,26.0,29.0,26.2,22.2,23.8,20.4,83.0,84.9,76.1,53.559,0.021,0.0,8.33,4.17,0.0,rain,rain,noprecip,34.2,37.8,36.4,18.4,22.3,24.1,90.0,126.2,114.6,1011.2,1009.8,1011.1,90.1,89.8,37.6,9.0,8.6,10.0,109.0,174.3,208.7
2023-05-01,25.5,26.2,19.7,71.3,0.0,0.0,noprecip,28.1,18.4,110.2,1011.7,50.4,9.6,221.3,0.35,Cloudy,0.8724040568049612,-0.48878539428899265,23.5,25.4,26.6,23.5,26.0,29.0,18.0,22.2,23.8,72.2,83.0,84.9,0.506,53.559,0.021,8.33,8.33,4.17,rain,rain,rain,19.4,34.2,37.8,13.0,18.4,22.3,40.2,90.0,126.2,1013.2,1011.2,1009.8,80.4,90.1,89.8,10.0,9.0,8.6,217.2,109.0,174.3
2023-05-02,26.0,27.3,22.0,79.7,0.0,0.0,rain,37.1,18.4,135.7,1011.3,69.7,9.3,186.8,0.39,Cloudy,0.8638670987837349,-0.503719798736334,25.5,23.5,25.4,26.2,23.5,26.0,19.7,18.0,22.2,71.3,72.2,83.0,0.0,0.506,53.559,0.0,8.33,8.33,noprecip,rain,rain,28.1,19.4,34.2,18.4,13.0,18.4,110.2,40.2,90.0,1011.7,1013.2,1011.2,50.4,80.4,90.1,9.6,10.0,9.0,221.3,217.2,109.0
2023-05-03,28.0,31.2,24.1,80.3,0.1,4.17,rain,42.8,25.9,137.1,1009.4,73.2,8.9,196.8,0.42,Rain,0.8550745085896932,-0.518505144391157,26.0,25.5,23.5,27.3,26.2,23.5,22.0,19.7,18.0,79.7,71.3,72.2,0.0,0.0,0.506,0.0,0.0,8.33,rain,noprecip,rain,37.1,28.1,19.4,18.4,18.4,13.0,135.7,110.2,40.2,1011.3,1011.7,1013.2,69.7,50.4,80.4,9.3,9.6,10.0,186.8,221.3,217.2
2023-05-04,29.0,34.5,25.5,82.2,0.0,0.0,noprecip,42.5,25.9,121.0,1004.2,74.5,10.0,252.4,0.45,Cloudy,0.8460288880917339,-0.533137056031809,28.0,26.0,25.5,31.2,27.3,26.2,24.1,22.0,19.7,80.3,79.7,71.3,0.1,0.0,0.0,4.17,0.0,0.0,rain,rain,noprecip,42.8,37.1,28.1,25.9,18.4,18.4,137.1,135.7,110.2,1009.4,1011.3,1011.7,73.2,69.7,50.4,8.9,9.3,9.6,196.8,186.8,221.3
2023-05-05,30.1,37.3,26.1,80.4,0.0,0.0,noprecip,22.7,18.4,101.4,999.7,47.5,10.2,309.0,0.48,Cloudy,0.8367329140344921,-0.5476112038402312,29.0,28.0,26.0,34.5,31.2,27.3,25.5,24.1,22.0,82.2,80.3,79.7,0.0,0.1,0.0,0.0,4.17,0.0,noprecip,rain,rain,42.5,42.8,37.1,25.9,25.9,18.4,121.0,137.1,135.7,1004.2,1009.4,1011.3,74.5,73.2,69.7,10.0,8.9,9.3,252.4,196.8,186.8
2023-05-06,31.6,40.2,26.5,76.5,0.0,0.0,noprecip,24.5,22.3,110.7,998.4,28.3,11.4,312.7,0.5,Cloudy,0.8271893372462497,-0.5619233046832195,30.1,29.0,28.0,37.3,34.5,31.2,26.1,25.5,24.1,80.4,82.2,80.3,0.0,0.0,0.1,0.0,0.0,4.17,noprecip,noprecip,rain,22.7,42.5,42.8,18.4,25.9,25.9,101.4,121.0,137.1,999.7,1004.2,1009.4,47.5,74.5,73.2,10.2,10.0,8.9,309.0,252.4,196.8
2023-05-07,30.7,38.7,26.3,78.6,2.7,16.67,rain,36.7,27.7,111.1,1001.3,70.9,9.6,282.9,0.55,Rain,0.8174009818249189,-0.5760691233798758,31.6,30.1,29.0,40.2,37.3,34.5,26.5,26.1,25.5,76.5,80.4,82.2,0.0,0.0,0.0,0.0,0.0,0.0,noprecip,noprecip,noprecip,24.5,22.7,42.5,22.3,18.4,25.9,110.7,101.4,121.0,998.4,999.7,1004.2,28.3,47.5,74.5,11.4,10.2,10.0,312.7,309.0,252.4
2023-05-08,25.2,25.8,22.9,87.1,26.294,16.67,rain,32.4,18.4,59.9,1008.0,91.3,9.8,67.1,0.59,Rain,0.8073707443023492,-0.5900444739548627,30.7,31.6,30.1,38.7,40.2,37.3,26.3,26.5,26.1,78.6,76.5,80.4,2.7,0.0,0.0,16.67,0.0,0.0,rain,noprecip,noprecip,36.7,24.5,22.7,27.7,22.3,18.4,111.1,110.7,101.4,1001.3,998.4,999.7,70.9,28.3,47.5,9.6,11.4,10.2,282.9,312.7,309.0
2023-05-09,23.4,23.4,21.7,90.3,11.675,4.17,rain,21.2,14.8,69.5,1010.5,98.2,7.9,115.8,0.62,Rain,0.7971015927871943,-0.6038452208771035,25.2,30.7,31.6,25.8,38.7,40.2,22.9,26.3,26.5,87.1,78.6,76.5,26.294,2.7,0.0,16.67,16.67,0.0,rain,rain,noprecip,32.4,36.7,24.5,18.4,27.7,22.3,59.9,111.1,110.7,1008.0,1001.3,998.4,91.3,70.9,28.3,9.8,9.6,11.4,67.1,282.9,312.7
2023-05-10,26.8,29.9,24.7,88.8,0.297,4.17,rain,28.8,14.8,102.9,1009.3,92.8,7.6,187.4,0.66,Rain,0.7865965660866021,-0.6174672802835514,23.4,25.2,30.7,23.4,25.8,38.7,21.7,22.9,26.3,90.3,87.1,78.6,11.675,26.294,2.7,4.17,16.67,16.67,rain,rain,rain,21.2,32.4,36.7,14.8,18.4,27.7,69.5,59.9,111.1,1010.5,1008.0,1001.3,98.2,91.3,70.9,7.9,9.8,9.6,115.8,67.1,282.9
2023-05-11,27.4,29.2,23.6,81.0,0.064,12.5,rain,42.8,25.9,78.3,1011.2,86.4,9.2,128.6,0.7,Rain,0.7758587728069828,-0.6309066211876704,26.8,23.4,25.2,29.9,23.4,25.8,24.7,21.7,22.9,88.8,90.3,87.1,0.297,11.675,26.294,4.17,4.17,16.67,rain,rain,rain,28.8,21.2,32.4,14.8,14.8,18.4,102.9,69.5,59.9,1009.3,1010.5,1008.0,92.8,98.2,91.3,7.6,7.9,9.8,187.4,115.8,67.1
2023-05-12,26.1,26.4,18.8,64.8,0.032,8.33,rain,27.4,22.3,42.5,1014.1,96.6,10.0,121.6,0.75,Rain,0.7648913904341226,-0.6441592666722685,27.4,26.8,23.4,29.2,29.9,23.4,23.6,24.7,21.7,81.0,88.8,90.3,0.064,0.297,11.675,12.5,4.17,4.17,rain,rain,rain,42.8,28.8,21.2,25.9,14.8,14.8,78.3,102.9,69.5,1011.2,1009.3,1010.5,86.4,92.8,98.2,9.2,7.6,7.9,128.6,187.4,115.8
2023-05-13,23.6,23.6,18.6,73.8,0.119,12.5,rain,28.1,16.6,47.5,1014.2,99.0,10.0,102.8,0.77,Rain,0.753697664392914,-0.6572212950663319,26.1,27.4,26.8,26.4,29.2,29.9,18.8,23.6,24.7,64.8,81.0,88.8,0.032,0.064,0.297,8.33,12.5,4.17,rain,rain,rain,27.4,42.8,28.8,22.3,25.9,14.8,42.5,78.3,102.9,1014.1,1011.2,1009.3,96.6,86.4,92.8,10.0,9.2,7.6,121.6,128.6,187.4
2023-05-14,23.3,23.3,20.3,83.3,0.198,4.17,rain,25.9,13.0,332.7,1012.7,94.4,9.0,189.2,0.8,Rain,0.742280907086982,-0.6700888411055113,23.6,26.1,27.4,23.6,26.4,29.2,18.6,18.8,23.6,73.8,64.8,81.0,0.119,0.032,0.064,12.5,8.33,12.5,rain,rain,rain,28.1,27.4,42.8,16.6,22.3,25.9,47.5,42.5,78.3,1014.2,1014.1,1011.2,99.0,96.6,86.4,10.0,10.0,9.2,102.8,121.6,128.6
2023-05-15,26.7,28.4,22.2,77.7,1.1,4.17,rain,27.0,24.1,122.6,1009.0,52.4,9.3,228.2,0.84,Rain,0.7306444969184916,-0.6827580970759147,23.3,23.6,26.1,23.3,23.6,26.4,20.3,18.6,18.8,83.3,73.8,64.8,0.198,0.119,0.032,4.17,12.5,8.33,rain,rain,rain,25.9,28.1,27.4,13.0,16.6,22.3,332.7,47.5,42.5,1012.7,1014.2,1014.1,94.4,99.0,96.6,9.0,10.0,10.0,189.2,102.8,121.6
2023-05-16,29.7,34.4,24.7,76.5,0.198,4.17,rain,25.6,20.5,124.7,1005.1,65.7,9.0,284.8,0.88,Rain,0.7187918772884232,-0.6952253139408722,26.7,23.3,23.6,28.4,23.3,23.6,22.2,20.3,18.6,77.7,83.3,73.8,1.1,0.198,0.119,4.17,4.17,12.5,rain,rain,rain,27.0,25.9,28.1,24.1,13.0,16.6,122.6,332.7,47.5,1009.0,1012.7,1014.2,52.4,94.4,99.0,9.3,9.0,10.0,228.2,189.2,102.8
2023-05-17,32.3,36.1,23.2,64.3,0.0,0.0,noprecip,24.5,18.4,103.4,1002.9,7.5,9.9,317.3,0.91,Clear,0.7067265555776158,-0.7074868024503348,29.7,26.7,23.3,34.4,28.4,23.3,24.7,22.2,20.3,76.5,77.7,83.3,0.198,1.1,0.198,4.17,4.17,4.17,rain,rain,rain,25.6,27.0,25.9,20.5,24.1,13.0,124.7,122.6,332.7,1005.1,1009.0,1012.7,65.7,52.4,94.4,9.0,9.3,9.0,284.8,228.2,189.2
2023-05-18,32.8,38.4,23.8,62.3,0.0,0.0,noprecip,18.0,14.8,80.6,1002.8,6.9,12.0,309.9,0.95,Clear,0.6944521021088763,-0.719538934232584,32.3,29.7,26.7,36.1,34.4,28.4,23.2,24.7,22.2,64.3,76.5,77.7,0.0,0.198,1.1,0.0,4.17,4.17,noprecip,rain,rain,24.5,25.6,27.0,18.4,20.5,24.1,103.4,124.7,122.6,1002.9,1005.1,1009.0,7.5,65.7,52.4,9.9,9.0,9.3,317.3,284.8,228.2
2023-05-19,31.0,38.8,25.9,75.1,0.0,0.0,rain,20.5,20.5,104.3,1003.5,34.9,9.7,282.0,0.0,Cloudy,0.6819721490904629,-0.7313781428679254,32.8,32.3,29.7,38.4,36.1,34.4,23.8,23.2,24.7,62.3,64.3,76.5,0.0,0.0,0.198,0.0,0.0,4.17,noprecip,noprecip,rain,18.0,24.5,25.6,14.8,18.4,20.5,80.6,103.4,124.7,1002.8,1002.9,1005.1,6.9,7.5,65.7,12.0,9.9,9.0,309.9,317.3,284.8
2023-05-20,30.6,38.7,26.5,79.6,0.099,4.17,rain,26.3,22.3,113.2,1003.9,61.7,8.6,270.7,0.02,Rain,0.6692903895412567,-0.7430009249440493,31.0,32.8,32.3,38.8,38.4,36.1,25.9,23.8,23.2,75.1,62.3,64.3,0.0,0.0,0.0,0.0,0.0,0.0,rain,noprecip,noprecip,20.5,18.0,24.5,20.5,14.8,18.4,104.3,80.6,103.4,1003.5,1002.8,1002.9,34.9,6.9,7.5,9.7,12.0,9.9,282.0,309.9,317.3
2023-05-21,31.5,41.8,27.4,79.9,0.0,0.0,noprecip,32.8,24.1,110.7,1004.5,58.9,9.5,299.2,0.05,Cloudy,0.6564105761979381,-0.7544038410927472,30.6,31.0,32.8,38.7,38.8,38.4,26.5,25.9,23.8,79.6,75.1,62.3,0.099,0.0,0.0,4.17,0.0,0.0,rain,rain,noprecip,26.3,20.5,18.0,22.3,20.5,14.8,113.2,104.3,80.6,1003.9,1003.5,1002.8,61.7,34.9,6.9,8.6,9.7,12.0,270.7,282.0,309.9
2023-05-22,32.3,42.4,27.1,75.9,0.0,0.0,noprecip,33.1,22.3,104.4,1003.9,24.7,11.6,309.0,0.08,Cloudy,0.6433365204044917,-0.765583517007675,31.5,30.6,31.0,41.8,38.7,38.8,27.4,26.5,25.9,79.9,79.6,75.1,0.0,0.099,0.0,0.0,4.17,0.0,noprecip,rain,rain,32.8,26.3,20.5,24.1,22.3,20.5,110.7,113.2,104.3,1004.5,1003.9,1003.5,58.9,61.7,34.9,9.5,8.6,9.7,299.2,270.7,282.0
2023-05-23,30.7,39.3,26.5,79.0,0.099,4.17,rain,41.8,22.3,100.7,1004.9,59.6,10.2,158.3,0.11,Rain,0.6300720909843687,-0.7765366444428655,32.3,31.5,30.6,42.4,41.8,38.7,27.1,27.4,26.5,75.9,79.9,79.6,0.0,0.0,0.099,0.0,0.0,4.17,noprecip,noprecip,rain,33.1,32.8,26.3,22.3,24.1,22.3,104.4,110.7,113.2,1003.9,1004.5,1003.9,24.7,58.9,61.7,11.6,9.5,8.6,309.0,299.2,270.7
2023-05-24,28.4,32.9,25.3,84.0,3.76,4.17,rain,25.6,22.3,114.8,1006.6,86.1,9.0,114.6,0.15,Rain,0.6166212130956382,-0.7872599821916922,30.7,32.3,31.5,39.3,42.4,41.8,26.5,27.1,27.4,79.0,75.9,79.9,0.099,0.0,0.0,4.17,0.0,0.0,rain,noprecip,noprecip,41.8,33.1,32.8,22.3,22.3,24.1,100.7,104.4,110.7,1004.9,1003.9,1004.5,59.6,24.7,58.9,10.2,11.6,9.5,158.3,309.0,299.2
2023-05-25,27.7,31.4,24.8,84.9,7.653,12.5,rain,27.4,16.6,114.6,1007.5,63.7,8.9,216.3,0.18,Rain,0.6029878670694714,-0.7977503570459932,28.4,30.7,32.3,32.9,39.3,42.4,25.3,26.5,27.1,84.0,79.0,75.9,3.76,0.099,0.0,4.17,4.17,0.0,rain,rain,noprecip,25.6,41.8,33.1,22.3,22.3,22.3,114.8,100.7,104.4,1006.6,1004.9,1003.9,86.1,59.6,24.7,9.0,10.2,11.6,114.6,158.3,309.0
2023-05-26,28.3,33.0,25.3,84.3,4.76,8.33,rain,27.7,22.3,112.0,1007.9,59.6,9.6,188.6,0.21,Rain,0.5891760872322963,-0.8080046647350754,27.7,28.4,30.7,31.4,32.9,39.3,24.8,25.3,26.5,84.9,84.0,79.0,7.653,3.76,0.099,12.5,4.17,4.17,rain,rain,rain,27.4,25.6,41.8,16.6,22.3,22.3,114.6,114.8,100.7,1007.5,1006.6,1004.9,63.7,86.1,59.6,8.9,9.0,10.2,216.3,114.6,158.3
2023-05-27,29.5,36.1,26.0,82.1,0.006,8.33,rain,33.8,24.1,110.8,1006.7,50.3,9.4,216.8,0.25,Rain,0.5751899607119775,-0.8180198708443175,28.3,27.7,28.4,33.0,31.4,32.9,25.3,24.8,25.3,84.3,84.9,84.0,4.76,7.653,3.76,8.33,12.5,4.17,rain,rain,rain,27.7,27.4,25.6,22.3,16.6,22.3,112.0,114.6,114.8,1007.9,1007.5,1006.6,59.6,63.7,86.1,9.6,8.9,9.0,188.6,216.3,114.6
2023-05-28,29.9,36.6,25.8,79.9,0.11,8.33,rain,30.2,18.4,114.6,1007.4,55.3,9.4,266.7,0.28,Rain,0.5610336262283677,-0.8277930117131022,29.5,28.3,27.7,36.1,33.0,31.4,26.0,25.3,24.8,82.1,84.3,84.9,0.006,4.76,7.653,8.33,8.33,12.5,rain,rain,rain,33.8,27.7,27.4,24.1,22.3,16.6,110.8,112.0,114.6,1006.7,1007.9,1007.5,50.3,59.6,63.7,9.4,9.6,8.9,216.8,188.6,216.3
2023-05-29,30.9,37.6,25.5,74.8,0.005,4.17,rain,19.4,16.6,116.6,1007.7,30.3,10.9,294.6,0.31,Rain,0.5467112728685939,-0.8373211953118121,29.9,29.5,28.3,36.6,36.1,33.0,25.8,26.0,25.3,79.9,82.1,84.3,0.11,0.006,4.76,8.33,8.33,8.33,rain,rain,rain,30.2,33.8,27.7,18.4,24.1,22.3,114.6,110.8,112.0,1007.4,1006.7,1007.9,55.3,50.3,59.6,9.4,9.4,9.6,266.7,216.8,188.6
2023-05-30,31.6,38.0,25.0,71.1,0.0,0.0,noprecip,19.1,16.6,113.3,1005.7,16.0,11.7,304.8,0.34,Clear,0.5322271388474397,-0.8466016020976267,30.9,29.9,29.5,37.6,36.6,36.1,25.5,25.8,26.0,74.8,79.9,82.1,0.005,0.11,0.006,4.17,8.33,8.33,rain,rain,rain,19.4,30.2,33.8,16.6,18.4,24.1,116.6,114.6,110.8,1007.7,1007.4,1006.7,30.3,55.3,50.3,10.9,9.4,9.4,294.6,266.7,216.8
2023-05-31,31.8,38.9,25.4,70.6,0.0,0.0,noprecip,23.4,22.3,114.8,1002.7,15.6,10.5,310.7,0.37,Clear,0.5175855102531889,-0.8556314858488706,31.6,30.9,29.9,38.0,37.6,36.6,25.0,25.5,25.8,71.1,74.8,79.9,0.0,0.005,0.11,0.0,4.17,8.33,noprecip,rain,rain,19.1,19.4,30.2,16.6,16.6,18.4,113.3,116.6,114.6,1005.7,1007.7,1007.4,16.0,30.3,55.3,11.7,10.9,9.4,304.8,294.6,266.7
2023-06-01,31.9,41.4,26.8,75.9,0.0,0.0,noprecip,22.7,25.9,105.5,1001.0,33.5,9.1,265.1,0.4,Cloudy,0.5027907197793043,-0.8644081744776648,31.8,31.6,30.9,38.9,38.0,37.6,25.4,25.0,25.5,70.6,71.1,74.8,0.0,0.0,0.005,0.0,0.0,4.17,noprecip,noprecip,rain,23.4,19.1,19.4,22.3,16.6,16.6,114.8,113.3,116.6,1002.7,1005.7,1007.7,15.6,16.0,30.3,10.5,11.7,10.9,310.7,304.8,294.6
2023-06-02,32.5,42.1,26.6,73.1,0.2,4.17,rain,26.6,22.3,111.8,1001.8,52.2,10.9,267.5,0.44,Rain,0.4878471454423119,-0.8729290708206411,31.9,31.8,31.6,41.4,38.9,38.0,26.8,25.4,25.0,75.9,70.6,71.1,0.0,0.0,0.0,0.0,0.0,0.0,noprecip,noprecip,noprecip,22.7,23.4,19.1,25.9,22.3,16.6,105.5,114.8,113.3,1001.0,1002.7,1005.7,33.5,15.6,16.0,9.1,10.5,11.7,265.1,310.7,304.8
2023-06-03,30.6,35.5,24.2,70.2,1.979,4.17,rain,23.0,25.9,110.8,1004.9,49.0,10.5,286.3,0.47,Rain,0.47275920928627757,-0.881191653407483,32.5,31.9,31.8,42.1,41.4,38.9,26.6,26.8,25.4,73.1,75.9,70.6,0.2,0.0,0.0,4.17,0.0,0.0,rain,noprecip,noprecip,26.6,22.7,23.4,22.3,25.9,22.3,111.8,105.5,114.8,1001.8,1001.0,1002.7,52.2,33.5,15.6,10.9,9.1,10.5,267.5,265.1,310.7
2023-06-04,30.4,36.0,24.6,72.6,2.968,4.17,rain,35.3,22.3,120.4,1005.0,69.2,10.8,161.3,0.5,Rain,0.4575313760742512,-0.8891934772070711,30.6,32.5,31.9,35.5,42.1,41.4,24.2,26.6,26.8,70.2,73.1,75.9,1.979,0.2,0.0,4.17,4.17,0.0,rain,rain,noprecip,23.0,26.6,22.7,25.9,22.3,25.9,110.8,111.8,105.5,1004.9,1001.8,1001.0,49.0,52.2,33.5,10.5,10.9,9.1,286.3,267.5,265.1
2023-06-05,29.7,35.4,25.2,77.8,8.2,62.5,rain,22.3,14.8,102.8,1004.9,71.4,9.6,193.0,0.54,Rain,0.44216815196707204,-0.8969321743510065,30.4,30.6,32.5,36.0,35.5,42.1,24.6,24.2,26.6,72.6,70.2,73.1,2.968,1.979,0.2,4.17,4.17,4.17,rain,rain,rain,35.3,23.0,26.6,22.3,25.9,22.3,120.4,110.8,111.8,1005.0,1004.9,1001.8,69.2,49.0,52.2,10.8,10.5,10.9,161.3,286.3,267.5
2023-06-06,28.9,34.8,25.6,83.0,16.99,8.33,rain,22.7,18.4,345.9,1005.6,60.0,8.9,162.7,0.57,Rain,0.42667408318992467,-0.9044054548343001,29.7,30.4,30.6,35.4,36.0,35.5,25.2,24.6,24.2,77.8,72.6,70.2,8.2,2.968,1.979,62.5,4.17,4.17,rain,rain,rain,22.3,35.3,23.0,14.8,22.3,25.9,102.8,120.4,110.8,1004.9,1005.0,1004.9,71.4,69.2,49.0,9.6,10.8,10.5,193.0,161.3,286.3
2023-06-07,31.0,36.8,24.7,71.2,0.3,12.5,rain,27.4,22.3,57.4,1005.0,67.5,9.7,229.6,0.61,Rain,0.4110537546870351,-0.9116111071930239,28.9,29.7,30.4,34.8,35.4,36.0,25.6,25.2,24.6,83.0,77.8,72.6,16.99,8.2,2.968,8.33,62.5,4.17,rain,rain,rain,22.7,22.3,35.3,18.4,14.8,22.3,345.9,102.8,120.4,1005.6,1004.9,1005.0,60.0,71.4,69.2,8.9,9.6,10.8,162.7,193.0,161.3
2023-06-08,30.3,37.9,26.3,80.4,5.8,29.17,rain,59.4,27.7,65.9,1003.9,66.8,7.6,229.1,0.64,Rain,0.3953117887649151,-0.9185469991587165,31.0,28.9,29.7,36.8,34.8,35.4,24.7,25.6,25.2,71.2,83.0,77.8,0.3,16.99,8.2,12.5,8.33,62.5,rain,rain,rain,27.4,22.7,22.3,22.3,18.4,14.8,57.4,345.9,102.8,1005.0,1005.6,1004.9,67.5,60.0,71.4,9.7,8.9,9.6,229.6,162.7,193.0
2023-06-09,28.9,33.2,25.0,80.8,51.831,16.67,rain,31.3,18.4,287.4,1003.2,73.7,10.4,116.4,0.68,Rain,0.37945284372454435,-0.925211078289358,30.3,31.0,28.9,37.9,36.8,34.8,26.3,24.7,25.6,80.4,71.2,83.0,5.8,0.3,16.99,29.17,12.5,8.33,rain,rain,rain,59.4,27.4,22.7,27.7,22.3,18.4,65.9,57.4,345.9,1003.9,1005.0,1005.6,66.8,67.5,60.0,7.6,9.7,8.9,229.1,229.6,162.7
2023-06-10,31.7,38.7,25.2,70.4,0.1,4.17,rain,22.7,16.6,304.4,1001.3,47.2,9.6,284.8,0.72,Rain,0.36348161248290634,-0.9316013725767187,28.9,30.3,31.0,33.2,37.9,36.8,25.0,26.3,24.7,80.8,80.4,71.2,51.831,5.8,0.3,16.67,29.17,12.5,rain,rain,rain,31.3,59.4,27.4,18.4,27.7,22.3,287.4,65.9,57.4,1003.2,1003.9,1005.0,73.7,66.8,67.5,10.4,7.6,9.7,116.4,229.1,229.6
2023-06-11,32.0,40.7,26.3,73.4,0.6,8.33,rain,20.9,20.5,106.4,1000.9,43.9,8.9,291.2,0.75,Rain,0.3474028211842774,-0.9377159910299093,31.7,28.9,30.3,38.7,33.2,37.9,25.2,25.0,26.3,70.4,80.8,80.4,0.1,51.831,5.8,4.17,16.67,29.17,rain,rain,rain,22.7,31.3,59.4,16.6,18.4,27.7,304.4,287.4,65.9,1001.3,1003.2,1003.9,47.2,73.7,66.8,9.6,10.4,7.6,284.8,116.4,229.1
2023-06-12,30.4,38.6,26.5,80.1,0.697,4.17,rain,25.2,18.4,116.8,1001.5,64.0,9.4,234.7,0.79,Rain,0.3312212278016865,-0.9435531242349544,32.0,31.7,28.9,40.7,38.7,33.2,26.3,25.2,25.0,73.4,70.4,80.8,0.6,0.1,51.831,8.33,4.17,16.67,rain,rain,rain,20.9,22.7,31.3,20.5,16.6,18.4,106.4,304.4,287.4,1000.9,1001.3,1003.2,43.9,47.2,73.7,8.9,9.6,10.4,291.2,284.8,116.4
2023-06-13,29.4,34.7,25.5,81.2,0.251,4.17,rain,28.1,18.4,309.4,1001.9,66.5,9.5,157.1,0.82,Rain,0.31494162072895193,-0.9491110448902284,30.4,32.0,31.7,38.6,40.7,38.7,26.5,26.3,25.2,80.1,73.4,70.4,0.697,0.6,0.1,4.17,8.33,4.17,rain,rain,rain,25.2,20.9,22.7,18.4,20.5,16.6,116.8,106.4,304.4,1001.5,1000.9,1001.3,64.0,43.9,47.2,9.4,8.9,9.6,234.7,291.2,284.8
2023-06-14,27.3,30.1,24.9,87.3,27.007,8.33,rain,23.0,13.0,5.8,1004.5,87.1,9.4,163.0,0.86,Rain,0.2985688173637202,-0.9543881083175908,29.4,30.4,32.0,34.7,38.6,40.7,25.5,26.5,26.3,81.2,80.1,73.4,0.251,0.697,0.6,4.17,4.17,8.33,rain,rain,rain,28.1,25.2,20.9,18.4,18.4,20.5,309.4,116.8,106.4,1001.9,1001.5,1000.9,66.5,64.0,43.9,9.5,9.4,8.9,157.1,234.7,291.2
2023-06-15,29.5,35.0,25.6,80.3,0.296,4.17,rain,30.2,13.9,133.2,1003.4,65.7,8.7,191.0,0.89,Rain,0.2821076626819194,-0.9593827529490743,27.3,29.4,30.4,30.1,34.7,38.6,24.9,25.5,26.5,87.3,81.2,80.1,27.007,0.251,0.697,8.33,4.17,4.17,rain,rain,rain,23.0,28.1,25.2,13.0,18.4,18.4,5.8,309.4,116.8,1004.5,1001.9,1001.5,87.1,66.5,64.0,9.4,9.5,9.4,163.0,157.1,234.7
2023-06-16,31.2,39.4,26.2,75.8,4.2,16.67,rain,29.9,20.5,113.4,1001.8,70.6,9.1,203.3,0.93,Rain,0.26556302780405594,-0.9640935007889755,29.5,27.3,29.4,35.0,30.1,34.7,25.6,24.9,25.5,80.3,87.3,81.2,0.296,27.007,0.251,4.17,8.33,4.17,rain,rain,rain,30.2,23.0,28.1,13.9,13.0,18.4,133.2,5.8,309.4,1003.4,1004.5,1001.9,65.7,87.1,66.5,8.7,9.4,9.5,191.0,163.0,157.1
2023-06-17,31.0,39.2,26.4,77.9,0.9,12.5,rain,25.6,24.1,118.8,1002.9,70.9,10.3,231.9,0.96,Rain,0.24893980855376657,-0.9685189578512204,31.2,29.5,27.3,39.4,35.0,30.1,26.2,25.6,24.9,75.8,80.3,87.3,4.2,0.296,27.007,16.67,4.17,8.33,rain,rain,rain,29.9,30.2,23.0,20.5,13.9,13.0,113.4,133.2,5.8,1001.8,1003.4,1004.5,70.6,65.7,87.1,9.1,8.7,9.4,203.3,191.0,163.0
2023-06-18,28.4,33.2,25.4,84.3,15.937,8.33,rain,24.8,18.5,113.6,1004.0,83.3,9.7,191.8,0.0,Rain,0.23224292400907015,-0.9726578145718654,31.0,31.2,29.5,39.2,39.4,35.0,26.4,26.2,25.6,77.9,75.8,80.3,0.9,4.2,0.296,12.5,16.67,4.17,rain,rain,rain,25.6,29.9,30.2,24.1,20.5,13.9,118.8,113.4,133.2,1002.9,1001.8,1003.4,70.9,70.6,65.7,10.3,9.1,8.7,231.9,203.3,191.0
2023-06-19,28.8,35.8,26.4,87.0,0.2,8.33,rain,25.6,13.0,80.5,1003.4,70.4,9.3,172.2,0.03,Rain,0.21547731504673012,-0.976508846196619,28.4,31.0,31.2,33.2,39.2,39.4,25.4,26.4,26.2,84.3,77.9,75.8,15.937,0.9,4.2,8.33,12.5,16.67,rain,rain,rain,24.8,25.6,29.9,18.5,24.1,20.5,113.6,118.8,113.4,1004.0,1002.9,1001.8,83.3,70.9,70.6,9.7,10.3,9.1,191.8,231.9,203.3
2023-06-20,30.4,37.6,26.0,79.2,6.629,4.17,rain,51.8,22.3,94.1,1003.2,59.0,9.2,221.4,0.07,Rain,0.19864794288017112,-0.9800709131432666,28.8,28.4,31.0,35.8,33.2,39.2,26.4,25.4,26.4,87.0,84.3,77.9,0.2,15.937,0.9,8.33,8.33,12.5,rain,rain,rain,25.6,24.8,25.6,13.0,18.5,24.1,80.5,113.6,118.8,1003.4,1004.0,1002.9,70.4,83.3,70.9,9.3,9.7,10.3,172.2,191.8,231.9
2023-06-21,28.7,33.8,25.4,83.1,18.898,4.17,rain,20.5,37.1,86.3,1004.3,80.1,9.4,225.5,0.1,Rain,0.18175978759137534,-0.9833429613388902,30.4,28.8,28.4,37.6,35.8,33.2,26.0,26.4,25.4,79.2,87.0,84.3,6.629,0.2,15.937,4.17,8.33,8.33,rain,rain,rain,51.8,25.6,24.8,22.3,13.0,18.5,94.1,80.5,113.6,1003.2,1003.4,1004.0,59.0,70.4,83.3,9.2,9.3,9.7,221.4,172.2,191.8
2023-06-22,30.0,37.3,26.3,81.2,17.81,4.17,rain,23.4,9.4,67.0,1003.4,68.5,9.5,190.3,0.13,Rain,0.16481784665719793,-0.9863240225317866,28.7,30.4,28.8,33.8,37.6,35.8,25.4,26.0,26.4,83.1,79.2,87.0,18.898,6.629,0.2,4.17,4.17,8.33,rain,rain,rain,20.5,51.8,25.6,37.1,22.3,13.0,86.3,94.1,80.5,1004.3,1003.2,1003.4,80.1,59.0,70.4,9.4,9.2,9.3,225.5,221.4,172.2
2023-06-23,27.7,31.5,24.7,84.0,1.172,8.33,rain,29.2,20.5,63.5,1003.9,74.3,10.0,128.4,0.16,Rain,0.14782713347053048,-0.9890132145779883,30.0,28.7,30.4,37.3,33.8,37.6,26.3,25.4,26.0,81.2,83.1,79.2,17.81,18.898,6.629,4.17,4.17,4.17,rain,rain,rain,23.4,20.5,51.8,9.4,37.1,22.3,67.0,86.3,94.1,1003.4,1004.3,1003.2,68.5,80.1,59.0,9.5,9.4,9.2,190.3,225.5,221.4
2023-06-24,26.5,28.5,25.2,93.1,40.345,12.5,rain,22.7,11.2,85.3,1003.7,90.8,7.9,42.5,0.2,Rain,0.13079267585675922,-0.9914097417023038,27.7,30.0,28.7,31.5,37.3,33.8,24.7,26.3,25.4,84.0,81.2,83.1,1.172,17.81,18.898,8.33,4.17,4.17,rain,rain,rain,29.2,23.4,20.5,20.5,9.4,37.1,63.5,67.0,86.3,1003.9,1003.4,1004.3,74.3,68.5,80.1,10.0,9.5,9.4,128.4,190.3,225.5
2023-06-25,26.1,27.5,24.8,92.3,29.81,12.5,rain,18.7,11.2,339.8,1005.3,90.1,9.1,40.6,0.23,Rain,0.11371951458594969,-0.9935128947338007,26.5,27.7,30.0,28.5,31.5,37.3,25.2,24.7,26.3,93.1,84.0,81.2,40.345,1.172,17.81,12.5,8.33,4.17,rain,rain,rain,22.7,29.2,23.4,11.2,20.5,9.4,85.3,63.5,67.0,1003.7,1003.9,1003.4,90.8,74.3,68.5,7.9,10.0,9.5,42.5,128.4,190.3
2023-06-26,27.4,30.4,25.0,87.2,13.939,12.5,rain,19.8,18.4,104.8,1006.3,77.0,9.4,69.2,0.25,Rain,0.0966127018812031,-0.9953220513156602,26.1,26.5,27.7,27.5,28.5,31.5,24.8,25.2,24.7,92.3,93.1,84.0,29.81,40.345,1.172,12.5,12.5,8.33,rain,rain,rain,18.7,22.7,29.2,11.2,11.2,20.5,339.8,85.3,63.5,1005.3,1003.7,1003.9,90.1,90.8,74.3,9.1,7.9,10.0,40.6,42.5,128.4
2023-06-27,27.8,31.9,25.4,87.1,0.1,8.33,rain,24.8,22.3,109.3,1007.2,85.1,9.3,106.8,0.29,Rain,0.07947729992362097,-0.9968366760893436,27.4,26.1,26.5,30.4,27.5,28.5,25.0,24.8,25.2,87.2,92.3,93.1,13.939,29.81,40.345,12.5,12.5,12.5,rain,rain,rain,19.8,18.7,22.7,18.4,11.2,11.2,104.8,339.8,85.3,1006.3,1005.3,1003.7,77.0,90.1,90.8,9.4,9.1,7.9,69.2,40.6,42.5
2023-06-28,29.6,35.7,25.9,81.1,6.424,12.5,rain,33.1,20.5,131.9,1007.4,67.9,9.8,249.3,0.33,Rain,0.062318379354325076,-0.998056320853012,27.8,27.4,26.1,31.9,30.4,27.5,25.4,25.0,24.8,87.1,87.2,92.3,0.1,13.939,29.81,8.33,12.5,12.5,rain,rain,rain,24.8,19.8,18.7,22.3,18.4,11.2,109.3,104.8,339.8,1007.2,1006.3,1005.3,85.1,77.0,90.1,9.3,9.4,9.1,106.8,69.2,40.6
2023-06-29,31.2,39.8,26.6,77.8,0.2,8.33,rain,31.3,24.1,135.0,1004.3,60.6,11.0,277.3,0.36,Rain,0.04514101777397193,-0.9989806246941579,29.6,27.8,27.4,35.7,31.9,30.4,25.9,25.4,25.0,81.1,87.1,87.2,6.424,0.1,13.939,12.5,8.33,12.5,rain,rain,rain,33.1,24.8,19.8,20.5,22.3,18.4,131.9,109.3,104.8,1007.4,1007.2,1006.3,67.9,85.1,77.0,9.8,9.3,9.4,249.3,106.8,69.2
2023-06-30,31.9,43.0,27.6,79.1,0.0,0.0,noprecip,26.6,20.5,113.7,1001.8,81.7,10.7,274.8,0.39,Cloudy,0.02795029824021032,-0.999609314096404,31.2,29.6,27.8,39.8,35.7,31.9,26.6,25.9,25.4,77.8,81.1,87.1,0.2,6.424,0.1,8.33,12.5,8.33,rain,rain,rain,31.3,33.1,24.8,24.1,20.5,22.3,135.0,131.9,109.3,1004.3,1007.4,1007.2,60.6,67.9,85.1,11.0,9.8,9.3,277.3,249.3,106.8
2023-07-01,32.0,42.6,27.4,77.8,0.396,4.17,rain,30.6,18.4,108.3,1001.9,75.3,9.9,249.2,0.43,Rain,0.01075130776352193,-0.9999422030204416,31.9,31.2,29.6,43.0,39.8,35.7,27.6,26.6,25.9,79.1,77.8,81.1,0.0,0.2,6.424,0.0,8.33,12.5,noprecip,rain,rain,26.6,31.3,33.1,20.5,24.1,20.5,113.7,135.0,131.9,1001.8,1004.3,1007.4,81.7,60.6,67.9,10.7,11.0,9.8,274.8,277.3,249.3
2023-07-02,30.9,39.6,26.4,77.6,0.099,4.17,rain,27.0,18.4,103.2,1003.0,66.7,10.9,266.7,0.46,Rain,-0.00645086419810515,-0.9999791929590823,32.0,31.9,31.2,42.6,43.0,39.8,27.4,27.6,26.6,77.8,79.1,77.8,0.396,0.0,0.2,4.17,0.0,8.33,rain,noprecip,rain,30.6,26.6,31.3,18.4,20.5,24.1,108.3,113.7,135.0,1001.9,1001.8,1004.3,75.3,81.7,60.6,9.9,10.7,11.0,249.2,274.8,277.3
2023-07-03,30.7,39.9,26.9,81.0,1.979,4.17,rain,24.8,22.3,103.3,1003.6,81.2,10.0,172.5,0.5,Rain,-0.023651127245231586,-0.9997202729664083,30.9,32.0,31.9,39.6,42.6,43.0,26.4,27.4,27.6,77.6,77.8,79.1,0.099,0.396,0.0,4.17,4.17,0.0,rain,rain,noprecip,27.0,30.6,26.6,18.4,18.4,20.5,103.2,108.3,113.7,1003.0,1001.9,1001.8,66.7,75.3,81.7,10.9,9.9,10.7,266.7,249.2,274.8
2023-07-04,30.5,38.0,26.0,77.7,2.7,37.5,rain,25.9,22.3,90.4,1004.1,65.8,10.6,258.7,0.53,Rain,-0.04084439154329611,-0.9991655196610109,30.7,30.9,32.0,39.9,39.6,42.6,26.9,26.4,27.4,81.0,77.6,77.8,1.979,0.099,0.396,4.17,4.17,4.17,rain,rain,rain,24.8,27.0,30.6,22.3,18.4,18.4,103.3,103.2,108.3,1003.6,1003.0,1001.9,81.2,66.7,75.3,10.0,10.9,9.9,172.5,266.7,249.2
2023-07-05,29.7,36.5,26.2,82.8,2.474,4.17,rain,25.2,22.3,111.6,1004.5,63.0,9.9,257.9,0.56,Rain,-0.05802556932878035,-0.9983150972033183,30.5,30.7,30.9,38.0,39.9,39.6,26.0,26.9,26.4,77.7,81.0,77.6,2.7,1.979,0.099,37.5,4.17,4.17,rain,rain,rain,25.9,24.8,27.0,22.3,22.3,18.4,90.4,103.3,103.2,1004.1,1003.6,1003.0,65.8,81.2,66.7,10.6,10.0,10.9,258.7,172.5,266.7
2023-07-06,31.7,39.7,26.1,74.1,0.198,4.17,rain,35.3,24.1,133.8,1004.7,31.4,10.6,295.9,0.6,Rain,-0.07518957641475855,-0.9971692572470178,29.7,30.5,30.7,36.5,38.0,39.9,26.2,26.0,26.9,82.8,77.7,81.0,2.474,2.7,1.979,4.17,37.5,4.17,rain,rain,rain,25.2,25.9,24.8,22.3,22.3,22.3,111.6,90.4,103.3,1004.5,1004.1,1003.6,63.0,65.8,81.2,9.9,10.6,10.0,257.9,258.7,172.5
2023-07-07,32.3,40.9,26.1,71.3,0.0,0.0,noprecip,30.6,25.9,135.9,1004.8,29.9,11.3,299.3,0.63,Cloudy,-0.09233133369539122,-0.9957283388645872,31.7,29.7,30.5,39.7,36.5,38.0,26.1,26.2,26.0,74.1,82.8,77.7,0.198,2.474,2.7,4.17,4.17,37.5,rain,rain,rain,35.3,25.2,25.9,24.1,22.3,22.3,133.8,111.6,90.4,1004.7,1004.5,1004.1,31.4,63.0,65.8,10.6,9.9,10.6,295.9,257.9,258.7
2023-07-08,30.1,37.5,26.2,79.9,0.099,4.17,rain,31.7,22.3,129.9,1006.5,62.4,9.9,280.2,0.67,Rain,-0.10944576864891556,-0.993992768446958,32.3,31.7,29.7,40.9,39.7,36.5,26.1,26.1,26.2,71.3,74.1,82.8,0.0,0.198,2.474,0.0,4.17,4.17,noprecip,rain,rain,30.6,35.3,25.2,25.9,24.1,22.3,135.9,133.8,111.6,1004.8,1004.7,1004.5,29.9,31.4,63.0,11.3,10.6,9.9,299.3,295.9,257.9
2023-07-09,30.0,35.5,25.0,75.7,0.099,4.17,rain,25.6,18.4,126.1,1007.1,66.1,10.0,233.6,0.7,Rain,-0.12652781683868314,-0.9919630595773397,30.1,32.3,31.7,37.5,40.9,39.7,26.2,26.1,26.1,79.9,71.3,74.1,0.099,0.0,0.198,4.17,0.0,4.17,rain,noprecip,rain,31.7,30.6,35.3,22.3,25.9,24.1,129.9,135.9,133.8,1006.5,1004.8,1004.7,62.4,29.9,31.4,9.9,11.3,10.6,280.2,299.3,295.9
2023-07-10,31.0,37.9,25.3,72.7,15.636,8.33,rain,46.4,25.9,125.7,1006.1,60.5,11.2,270.1,0.75,Rain,-0.1435724234118113,-0.9896398128792412,30.0,30.1,32.3,35.5,37.5,40.9,25.0,26.2,26.1,75.7,79.9,71.3,0.099,0.099,0.0,4.17,4.17,0.0,rain,rain,noprecip,25.6,31.7,30.6,18.4,22.3,25.9,126.1,129.9,135.9,1007.1,1006.5,1004.8,66.1,62.4,29.9,10.0,9.9,11.3,233.6,280.2,299.3
2023-07-11,31.5,39.2,25.8,73.0,5.64,4.17,rain,29.9,27.7,133.7,1005.0,43.5,11.5,288.5,0.77,Rain,-0.16057454459499376,-0.9870237158387383,31.0,30.0,30.1,37.9,35.5,37.5,25.3,25.0,26.2,72.7,75.7,79.9,15.636,0.099,0.099,8.33,4.17,4.17,rain,rain,rain,46.4,25.6,31.7,25.9,18.4,22.3,125.7,126.1,129.9,1006.1,1007.1,1006.5,60.5,66.1,62.4,11.2,10.0,9.9,270.1,233.6,280.2
2023-07-12,32.1,39.1,25.2,69.5,0.0,0.0,noprecip,34.6,31.7,143.7,1004.4,33.6,11.3,295.3,0.81,Cloudy,-0.17752914918703497,-0.984115542601034,31.5,31.0,30.0,39.2,37.9,35.5,25.8,25.3,25.0,73.0,72.7,75.7,5.64,15.636,0.099,4.17,8.33,4.17,rain,rain,rain,29.9,46.4,25.6,27.7,25.9,18.4,133.7,125.7,126.1,1005.0,1006.1,1007.1,43.5,60.5,66.1,11.5,11.2,10.0,288.5,270.1,233.6
2023-07-13,30.8,36.3,24.9,72.8,1.286,4.17,rain,27.7,20.5,104.1,1003.5,46.2,10.9,299.9,0.84,Rain,-0.19443122004766195,-0.9809161537413774,32.1,31.5,31.0,39.1,39.2,37.9,25.2,25.8,25.3,69.5,73.0,72.7,0.0,5.64,15.636,0.0,4.17,8.33,noprecip,rain,rain,34.6,29.9,46.4,31.7,27.7,25.9,143.7,133.7,125.7,1004.4,1005.0,1006.1,33.6,43.5,60.5,11.3,11.5,11.2,295.3,288.5,270.1
2023-07-14,30.7,38.8,26.2,77.6,0.106,4.17,rain,22.7,25.9,89.5,1003.0,66.6,11.3,256.4,0.88,Rain,-0.2112757555821793,-0.9774264960104055,30.8,32.1,31.5,36.3,39.1,39.2,24.9,25.2,25.8,72.8,69.5,73.0,1.286,0.0,5.64,4.17,0.0,4.17,rain,noprecip,rain,27.7,34.6,29.9,20.5,31.7,27.7,104.1,143.7,133.7,1003.5,1004.4,1005.0,46.2,33.6,43.5,10.9,11.3,11.5,299.9,295.3,288.5
2023-07-15,30.6,38.0,25.9,77.0,0.106,4.17,rain,29.2,18.4,315.5,1002.2,55.6,10.7,225.0,0.91,Rain,-0.2280577712215198,-0.9736476020539838,30.7,30.8,32.1,38.8,36.3,39.1,26.2,24.9,25.2,77.6,72.8,69.5,0.106,1.286,0.0,4.17,4.17,0.0,rain,rain,noprecip,22.7,27.7,34.6,25.9,20.5,31.7,89.5,104.1,143.7,1003.0,1003.5,1004.4,66.6,46.2,33.6,11.3,10.9,11.3,256.4,299.9,295.3
2023-07-16,31.9,39.8,25.7,70.8,0.001,4.17,rain,36.0,13.0,298.9,1000.1,77.8,9.9,272.4,0.95,Rain,-0.24477230089725957,-0.9695805901076308,30.6,30.7,30.8,38.0,38.8,36.3,25.9,26.2,24.9,77.0,77.6,72.8,0.106,0.106,1.286,4.17,4.17,4.17,rain,rain,rain,29.2,22.7,27.7,18.4,25.9,20.5,315.5,89.5,104.1,1002.2,1003.0,1003.5,55.6,66.6,46.2,10.7,11.3,10.9,225.0,256.4,299.9
2023-07-17,33.2,39.3,23.7,60.3,0.1,4.17,rain,39.6,16.6,319.6,997.8,72.5,9.7,241.8,0.98,Rain,-0.2614143985111562,-0.965226663665613,31.9,30.6,30.7,39.8,38.0,38.8,25.7,25.9,26.2,70.8,77.0,77.6,0.001,0.106,0.106,4.17,4.17,4.17,rain,rain,rain,36.0,29.2,22.7,13.0,18.4,25.9,298.9,315.5,89.5,1000.1,1002.2,1003.0,77.8,55.6,66.6,9.9,10.7,11.3,272.4,225.0,256.4
2023-07-18,28.4,31.1,23.0,73.7,2.671,4.17,rain,39.2,24.1,304.5,998.2,92.6,10.0,77.5,0.0,Rain,-0.2779791393987801,-0.9605871111248129,33.2,31.9,30.6,39.3,39.8,38.0,23.7,25.7,25.9,60.3,70.8,77.0,0.1,0.001,0.106,4.17,4.17,4.17,rain,rain,rain,39.6,36.0,29.2,16.6,13.0,18.4,319.6,298.9,315.5,997.8,1000.1,1002.2,72.5,77.8,55.6,9.7,9.9,10.7,241.8,272.4,225.0
2023-07-19,26.4,28.4,24.4,89.0,14.595,16.67,rain,22.0,13.0,81.5,1003.6,91.5,8.8,113.8,0.05,Rain,-0.2944616217868012,-0.9556633054034704,28.4,33.2,31.9,31.1,39.3,39.8,23.0,23.7,25.7,73.7,60.3,70.8,2.671,0.1,0.001,4.17,4.17,4.17,rain,rain,rain,39.2,39.6,36.0,24.1,16.6,13.0,304.5,319.6,298.9,998.2,997.8,1000.1,92.6,72.5,77.8,10.0,9.7,9.9,77.5,241.8,272.4
2023-07-20,27.5,31.8,25.5,88.9,7.106,12.5,rain,22.7,9.4,45.6,1006.3,56.4,8.9,87.7,0.08,Rain,-0.3108569682435036,-0.9504567035349151,26.4,28.4,33.2,28.4,31.1,39.3,24.4,23.0,23.7,89.0,73.7,60.3,14.595,2.671,0.1,16.67,4.17,4.17,rain,rain,rain,22.0,39.2,39.6,13.0,24.1,16.6,81.5,304.5,319.6,1003.6,998.2,997.8,91.5,92.6,72.5,8.8,10.0,9.7,113.8,77.5,241.8
2023-07-21,29.2,34.7,25.6,81.6,4.8,33.33,rain,19.8,9.4,34.1,1008.6,63.6,9.5,146.7,0.11,Rain,-0.3271603271220951,-0.9449688462364056,27.5,26.4,28.4,31.8,28.4,31.1,25.5,24.4,23.0,88.9,89.0,73.7,7.106,14.595,2.671,12.5,16.67,4.17,rain,rain,rain,22.7,22.0,39.2,9.4,13.0,24.1,45.6,81.5,304.5,1006.3,1003.6,998.2,56.4,91.5,92.6,8.9,8.8,10.0,87.7,113.8,77.5
2023-07-22,30.9,37.5,25.3,73.7,0.004,4.17,rain,23.0,16.6,131.2,1009.3,56.3,10.7,267.7,0.15,Rain,-0.34336687399638804,-0.939201357453208,29.2,27.5,26.4,34.7,31.8,28.4,25.6,25.5,24.4,81.6,88.9,89.0,4.8,7.106,14.595,33.33,12.5,16.67,rain,rain,rain,19.8,22.7,22.0,9.4,9.4,13.0,34.1,45.6,81.5,1008.6,1006.3,1003.6,63.6,56.4,91.5,9.5,8.9,8.8,146.7,87.7,113.8
2023-07-23,31.7,38.4,25.0,69.6,0.0,0.0,noprecip,25.2,16.6,137.6,1007.8,24.2,12.3,282.3,0.18,Cloudy,-0.3594718130884232,-0.9331559438780432,30.9,29.2,27.5,37.5,34.7,31.8,25.3,25.6,25.5,73.7,81.6,88.9,0.004,4.8,7.106,4.17,33.33,12.5,rain,rain,rain,23.0,19.8,22.7,16.6,9.4,9.4,131.2,34.1,45.6,1009.3,1008.6,1006.3,56.3,63.6,56.4,10.7,9.5,8.9,267.7,146.7,87.7
2023-07-24,31.7,38.5,25.1,69.7,0.0,0.0,noprecip,23.4,14.8,139.3,1006.1,38.3,11.8,289.0,0.21,Cloudy,-0.3754703786876202,-0.9268343944460494,31.7,30.9,29.2,38.4,37.5,34.7,25.0,25.3,25.6,69.6,73.7,81.6,0.0,0.004,4.8,0.0,4.17,33.33,noprecip,rain,rain,25.2,23.0,19.8,16.6,16.6,9.4,137.6,131.2,34.1,1007.8,1009.3,1008.6,24.2,56.3,63.6,12.3,10.7,9.5,282.3,267.7,146.7
2023-07-25,32.0,38.5,24.8,67.8,0.0,0.0,noprecip,23.4,14.8,124.2,1005.4,51.4,10.8,266.3,0.25,Cloudy,-0.3913578365610259,-0.9202385798054075,31.7,31.7,30.9,38.5,38.4,37.5,25.1,25.0,25.3,69.7,69.6,73.7,0.0,0.0,0.004,0.0,0.0,4.17,noprecip,noprecip,rain,23.4,25.2,23.0,14.8,16.6,16.6,139.3,137.6,131.2,1006.1,1007.8,1009.3,38.3,24.2,56.3,11.8,12.3,10.7,289.0,282.3,267.7
2023-07-26,32.1,39.3,25.3,68.7,0.0,0.0,noprecip,22.0,22.3,115.0,1003.6,49.2,12.0,304.0,0.25,Cloudy,-0.4071294853542516,-0.9133704517637858,32.0,31.7,31.7,38.5,38.5,38.4,24.8,25.1,25.0,67.8,69.7,69.6,0.0,0.0,0.0,0.0,0.0,0.0,noprecip,noprecip,noprecip,23.4,23.4,25.2,14.8,14.8,16.6,124.2,139.3,137.6,1005.4,1006.1,1007.8,51.4,38.3,24.2,10.8,11.8,12.3,266.3,289.0,282.3
2023-07-27,32.3,40.9,26.1,71.1,2.4,8.33,rain,20.5,11.2,81.8,1000.2,46.7,11.8,285.2,0.31,Rain,-0.4227806579826773,-0.9062320427107697,32.1,32.0,31.7,39.3,38.5,38.5,25.3,24.8,25.1,68.7,67.8,69.7,0.0,0.0,0.0,0.0,0.0,0.0,noprecip,noprecip,noprecip,22.0,23.4,23.4,22.3,14.8,14.8,115.0,124.2,139.3,1003.6,1005.4,1006.1,49.2,51.4,38.3,12.0,10.8,11.8,304.0,266.3,289.0
2023-07-28,29.3,35.6,25.5,80.0,0.099,4.17,rain,24.5,18.4,313.6,998.7,74.4,9.7,238.5,0.35,Rain,-0.4383067230125192,-0.898825465016444,32.3,32.1,32.0,40.9,39.3,38.5,26.1,25.3,24.8,71.1,68.7,67.8,2.4,0.0,0.0,8.33,0.0,0.0,rain,noprecip,noprecip,20.5,22.0,23.4,11.2,22.3,14.8,81.8,115.0,124.2,1000.2,1003.6,1005.4,46.7,49.2,51.4,11.8,12.0,10.8,285.2,304.0,266.3
2023-07-29,30.5,38.3,26.4,79.9,2.77,4.17,rain,23.0,11.2,328.6,1000.0,53.8,9.0,207.5,0.38,Rain,-0.45370308603134424,-0.8911529104063088,29.3,32.3,32.1,35.6,40.9,39.3,25.5,26.1,25.3,80.0,71.1,68.7,0.099,2.4,0.0,4.17,8.33,0.0,rain,rain,noprecip,24.5,20.5,22.0,18.4,11.2,22.3,313.6,81.8,115.0,998.7,1000.2,1003.6,74.4,46.7,49.2,9.7,11.8,12.0,238.5,285.2,304.0
2023-07-30,30.2,38.7,26.8,83.0,12.071,4.17,rain,23.0,16.6,95.2,1001.4,59.5,8.8,138.0,0.41,Rain,-0.46896519100763184,-0.8832166493127127,30.5,29.3,32.3,38.3,35.6,40.9,26.4,25.5,26.1,79.9,80.0,71.1,2.77,0.099,2.4,4.17,4.17,8.33,rain,rain,rain,23.0,24.5,20.5,11.2,18.4,11.2,328.6,313.6,81.8,1000.0,998.7,1000.2,53.8,74.4,46.7,9.0,9.7,11.8,207.5,238.5,285.2
2023-07-31,28.5,33.3,26.0,87.0,71.539,8.33,rain,23.0,35.3,102.2,1003.0,70.1,9.3,95.6,0.45,Rain,-0.48408852163897587,-0.8750190302029955,30.2,30.5,29.3,38.7,38.3,35.6,26.8,26.4,25.5,83.0,79.9,80.0,12.071,2.77,0.099,4.17,4.17,4.17,rain,rain,rain,23.0,23.0,24.5,16.6,11.2,18.4,95.2,328.6,313.6,1001.4,1000.0,998.7,59.5,53.8,74.4,8.8,9.0,9.7,138.0,207.5,238.5
2023-08-01,28.0,32.0,25.6,87.5,3.54,12.5,rain,30.2,14.8,86.5,1002.9,83.2,7.6,85.3,0.48,Rain,-0.4990686026885319,-0.8665624788845385,28.5,30.2,30.5,33.3,38.7,38.3,26.0,26.8,26.4,87.0,83.0,79.9,71.539,12.071,2.77,8.33,4.17,4.17,rain,rain,rain,23.0,23.0,23.0,35.3,16.6,11.2,102.2,95.2,328.6,1003.0,1001.4,1000.0,70.1,59.5,53.8,9.3,8.8,9.0,95.6,138.0,207.5
2023-08-02,28.8,34.6,25.8,84.7,4.781,8.33,rain,21.6,20.5,64.8,1001.9,73.1,9.0,141.7,0.5,Rain,-0.5139010013093103,-0.8578494977869301,28.0,28.5,30.2,32.0,33.3,38.7,25.6,26.0,26.8,87.5,87.0,83.0,3.54,71.539,12.071,12.5,8.33,4.17,rain,rain,rain,30.2,23.0,23.0,14.8,35.3,16.6,86.5,102.2,95.2,1002.9,1003.0,1001.4,83.2,70.1,59.5,7.6,9.3,8.8,85.3,95.6,138.0
2023-08-03,28.5,34.0,25.9,86.5,13.003,12.5,rain,22.3,20.5,342.2,1001.2,60.0,8.9,118.5,0.55,Rain,-0.5285813283559292,-0.8488826652214553,28.8,28.0,28.5,34.6,32.0,33.3,25.8,25.6,26.0,84.7,87.5,87.0,4.781,3.54,71.539,8.33,12.5,8.33,rain,rain,rain,21.6,30.2,23.0,20.5,14.8,35.3,64.8,86.5,102.2,1001.9,1002.9,1003.0,73.1,83.2,70.1,9.0,7.6,9.3,141.7,85.3,95.6
2023-08-04,26.7,29.4,25.7,94.6,25.29,12.5,rain,17.3,20.5,277.3,1002.0,89.3,8.0,48.9,0.58,Rain,-0.5431052396834317,-0.8396646346181327,28.5,28.8,28.0,34.0,34.6,32.0,25.9,25.8,25.6,86.5,84.7,87.5,13.003,4.781,3.54,12.5,8.33,12.5,rain,rain,rain,22.3,21.6,30.2,20.5,20.5,14.8,342.2,64.8,86.5,1001.2,1001.9,1002.9,60.0,73.1,83.2,8.9,9.0,7.6,118.5,141.7,85.3
2023-08-05,27.4,31.0,25.7,90.2,55.571,12.5,rain,30.2,11.2,229.2,1001.3,86.3,9.5,125.0,0.62,Rain,-0.5574684374327892,-0.8301981337405212,26.7,28.5,28.8,29.4,34.0,34.6,25.7,25.9,25.8,94.6,86.5,84.7,25.29,13.003,4.781,12.5,12.5,8.33,rain,rain,rain,17.3,22.3,21.6,20.5,20.5,20.5,277.3,342.2,64.8,1002.0,1001.2,1001.9,89.3,60.0,73.1,8.0,8.9,9.0,48.9,118.5,141.7
2023-08-06,28.2,32.6,25.6,86.5,4.5,33.33,rain,31.3,9.4,92.3,998.7,73.8,8.7,113.4,0.65,Rain,-0.5716666713027052,-0.8204859638785327,27.4,26.7,28.5,31.0,29.4,34.0,25.7,25.7,25.9,90.2,94.6,86.5,55.571,25.29,13.003,12.5,12.5,12.5,rain,rain,rain,30.2,17.3,22.3,11.2,20.5,20.5,229.2,277.3,342.2,1001.3,1002.0,1001.2,86.3,89.3,60.0,9.5,8.0,8.9,125.0,48.9,118.5
2023-08-07,28.6,33.7,25.5,83.8,4.2,29.17,rain,23.4,10.1,92.8,998.3,69.8,9.2,133.4,0.69,Rain,-0.5856957398073508,-0.8105309990194823,28.2,27.4,26.7,32.6,31.0,29.4,25.6,25.7,25.7,86.5,90.2,94.6,4.5,55.571,25.29,33.33,12.5,12.5,rain,rain,rain,31.3,30.2,17.3,9.4,11.2,20.5,92.3,229.2,277.3,998.7,1001.3,1002.0,73.8,86.3,89.3,8.7,9.5,8.0,113.4,125.0,48.9
2023-08-08,29.1,34.9,25.6,82.7,1.3,16.67,rain,28.1,22.3,66.9,1000.2,62.9,10.4,237.5,0.75,Rain,-0.5995514915196489,-0.8003361849976323,28.6,28.2,27.4,33.7,32.6,31.0,25.5,25.6,25.7,83.8,86.5,90.2,4.2,4.5,55.571,29.17,33.33,12.5,rain,rain,rain,23.4,31.3,30.2,10.1,9.4,11.2,92.8,92.3,229.2,998.3,998.7,1001.3,69.8,73.8,86.3,9.2,8.7,9.5,133.4,113.4,125.0
2023-08-09,30.4,37.7,26.0,78.5,4.8,16.67,rain,27.7,11.2,71.6,1002.2,57.6,11.0,233.7,0.75,Rain,-0.6132298262997502,-0.7899045386224707,29.1,28.6,28.2,34.9,33.7,32.6,25.6,25.5,25.6,82.7,83.8,86.5,1.3,4.2,4.5,16.67,29.17,33.33,rain,rain,rain,28.1,23.4,31.3,22.3,10.1,9.4,66.9,92.8,92.3,1000.2,998.3,998.7,62.9,69.8,73.8,10.4,9.2,8.7,237.5,133.4,113.4
2023-08-10,29.0,36.6,26.9,88.5,5.0,4.17,rain,18.7,16.6,33.1,1003.4,66.4,8.6,157.5,0.79,Rain,-0.6267266965083301,-0.7792391467859886,30.4,29.1,28.6,37.7,34.9,33.7,26.0,25.6,25.5,78.5,82.7,83.8,4.8,1.3,4.2,16.67,16.67,29.17,rain,rain,rain,27.7,28.1,23.4,11.2,22.3,10.1,71.6,66.9,92.8,1002.2,1000.2,998.3,57.6,62.9,69.8,11.0,10.4,9.2,233.7,237.5,133.4
2023-08-11,27.7,32.6,26.4,93.0,79.349,8.33,rain,22.3,11.5,81.5,1002.2,71.7,6.8,119.9,0.82,Rain,-0.6400381082043503,-0.7683431655492202,29.0,30.4,29.1,36.6,37.7,34.9,26.9,26.0,25.6,88.5,78.5,82.7,5.0,4.8,1.3,4.17,16.67,16.67,rain,rain,rain,18.7,27.7,28.1,16.6,11.2,22.3,33.1,71.6,66.9,1003.4,1002.2,1000.2,66.4,57.6,62.9,8.6,11.0,10.4,157.5,233.7,237.5
2023-08-12,28.3,32.1,25.3,84.6,6.233,4.17,rain,24.1,25.9,298.4,1001.8,69.5,9.0,211.6,0.86,Rain,-0.65316012232693,-0.7572198192083127,27.7,29.0,30.4,32.6,36.6,37.7,26.4,26.9,26.0,93.0,88.5,78.5,79.349,5.0,4.8,8.33,4.17,16.67,rain,rain,rain,22.3,18.7,27.7,11.5,16.6,11.2,81.5,33.1,71.6,1002.2,1003.4,1002.2,71.7,66.4,57.6,6.8,8.6,11.0,119.9,157.5,233.7
2023-08-13,29.8,35.3,25.5,78.8,3.0,25.0,rain,18.7,16.6,102.3,1002.1,53.6,8.8,239.9,0.89,Rain,-0.666088855860977,-0.7458723993404063,28.3,27.7,29.0,32.1,32.6,36.6,25.3,26.4,26.9,84.6,93.0,88.5,6.233,79.349,5.0,4.17,8.33,4.17,rain,rain,rain,24.1,22.3,18.7,25.9,11.5,16.6,298.4,81.5,33.1,1001.8,1002.2,1003.4,69.5,71.7,66.4,9.0,6.8,8.6,211.6,119.9,157.5
2023-08-14,29.3,34.9,25.3,80.6,1.067,4.17,rain,17.6,16.6,103.1,1002.6,59.1,9.2,192.5,0.93,Rain,-0.6788204829862355,-0.734304263829602,29.8,28.3,27.7,35.3,32.1,32.6,25.5,25.3,26.4,78.8,84.6,93.0,3.0,6.233,79.349,25.0,4.17,8.33,rain,rain,rain,18.7,24.1,22.3,16.6,25.9,11.5,102.3,298.4,81.5,1002.1,1001.8,1002.2,53.6,69.5,71.7,8.8,9.0,6.8,239.9,211.6,119.9
2023-08-15,28.4,33.1,25.3,83.8,10.989,8.33,rain,16.2,14.8,340.9,1004.4,56.5,8.9,101.9,0.96,Rain,-0.6913512362094071,-0.722518835873311,29.3,29.8,28.3,34.9,35.3,32.1,25.3,25.5,25.3,80.6,78.8,84.6,1.067,3.0,6.233,4.17,25.0,4.17,rain,rain,rain,17.6,18.7,24.1,16.6,16.6,25.9,103.1,102.3,298.4,1002.6,1002.1,1001.8,59.1,53.6,69.5,9.2,8.8,9.0,192.5,239.9,211.6
2023-08-16,29.4,36.8,26.7,85.9,0.396,4.17,rain,25.6,14.8,82.3,1005.2,69.2,8.1,181.6,0.0,Rain,-0.7036774074790128,-0.7105196029692745,28.4,29.3,29.8,33.1,34.9,35.3,25.3,25.3,25.5,83.8,80.6,78.8,10.989,1.067,3.0,8.33,4.17,25.0,rain,rain,rain,16.2,17.6,18.7,14.8,16.6,16.6,340.9,103.1,102.3,1004.4,1002.6,1002.1,56.5,59.1,53.6,8.9,9.2,8.8,101.9,192.5,239.9
2023-08-17,31.7,40.9,26.9,77.6,0.2,8.33,rain,23.0,13.9,95.3,1004.5,53.6,9.6,240.8,0.03,Rain,-0.7157953492826642,-0.6983101158835584,29.4,28.4,29.3,36.8,33.1,34.9,26.7,25.3,25.3,85.9,83.8,80.6,0.396,10.989,1.067,4.17,8.33,4.17,rain,rain,rain,25.6,16.2,17.6,14.8,14.8,16.6,82.3,340.9,103.1,1005.2,1004.4,1002.6,69.2,56.5,59.1,8.1,8.9,9.2,181.6,101.9,192.5
2023-08-18,30.7,39.1,26.5,79.1,7.0,4.17,rain,20.5,11.2,32.5,1003.5,56.0,10.3,227.1,0.06,Rain,-0.7277014757264236,-0.6858939875998223,31.7,29.4,28.4,40.9,36.8,33.1,26.9,26.7,25.3,77.6,85.9,83.8,0.2,0.396,10.989,8.33,4.17,8.33,rain,rain,rain,23.0,25.6,16.2,13.9,14.8,14.8,95.3,82.3,340.9,1004.5,1005.2,1004.4,53.6,69.2,56.5,9.6,8.1,8.9,240.8,181.6,101.9
2023-08-19,29.3,37.6,27.3,88.9,0.904,12.5,rain,18.0,11.2,31.4,1004.4,56.3,8.6,146.2,0.1,Rain,-0.7393922635959241,-0.673274892250183,30.7,31.7,29.4,39.1,40.9,36.8,26.5,26.9,26.7,79.1,77.6,85.9,7.0,0.2,0.396,4.17,8.33,4.17,rain,rain,rain,20.5,23.0,25.6,11.2,13.9,14.8,32.5,95.3,82.3,1003.5,1004.5,1005.2,56.0,53.6,69.2,10.3,9.6,8.1,227.1,240.8,181.6
2023-08-20,26.8,29.5,25.6,93.5,46.078,8.33,rain,19.1,25.9,66.1,1005.6,75.3,7.4,102.0,0.13,Rain,-0.7508642533989489,-0.6604565640279754,29.3,30.7,31.7,37.6,39.1,40.9,27.3,26.5,26.9,88.9,79.1,77.6,0.904,7.0,0.2,12.5,4.17,8.33,rain,rain,rain,18.0,20.5,23.0,11.2,11.2,13.9,31.4,32.5,95.3,1004.4,1003.5,1004.5,56.3,56.0,53.6,8.6,10.3,9.6,146.2,227.1,240.8
2023-08-21,28.9,34.2,25.7,84.0,2.5,25.0,rain,23.4,13.0,106.2,1006.2,70.5,8.5,219.9,0.16,Rain,-0.7621140503891487,-0.6474427960827475,26.8,29.3,30.7,29.5,37.6,39.1,25.6,27.3,26.5,93.5,88.9,79.1,46.078,0.904,7.0,8.33,12.5,4.17,rain,rain,rain,19.1,18.0,20.5,25.9,11.2,11.2,66.1,31.4,32.5,1005.6,1004.4,1003.5,75.3,56.3,56.0,7.4,8.6,10.3,102.0,146.2,227.1
2023-08-22,30.4,38.9,26.8,82.1,0.6,16.67,rain,22.0,11.2,108.1,1004.5,51.0,10.0,233.5,0.2,Rain,-0.7731383255706026,-0.6342374393978054,28.9,26.8,29.3,34.2,29.5,37.6,25.7,25.6,27.3,84.0,93.5,88.9,2.5,46.078,0.904,25.0,8.33,12.5,rain,rain,rain,23.4,19.1,18.0,13.0,25.9,11.2,106.2,66.1,31.4,1006.2,1005.6,1004.4,70.5,75.3,56.3,8.5,7.4,8.6,219.9,102.0,146.2
2023-08-23,30.8,38.9,26.4,78.8,5.2,25.0,rain,27.0,27.7,70.6,1002.8,61.4,9.7,184.6,0.23,Rain,-0.7839338166829201,-0.620844401650647,30.4,28.9,26.8,38.9,34.2,29.5,26.8,25.7,25.6,82.1,84.0,93.5,0.6,2.5,46.078,16.67,25.0,8.33,rain,rain,rain,22.0,23.4,19.1,11.2,13.0,25.9,108.1,106.2,66.1,1004.5,1006.2,1005.6,51.0,70.5,75.3,10.0,8.5,7.4,233.5,219.9,102.0
2023-08-24,28.1,32.1,25.1,84.2,16.3,70.83,rain,21.2,18.4,75.9,1004.4,70.3,9.7,144.0,0.25,Rain,-0.7944973291665992,-0.6072676460566135,30.8,30.4,28.9,38.9,38.9,34.2,26.4,26.8,25.7,78.8,82.1,84.0,5.2,0.6,2.5,25.0,16.67,25.0,rain,rain,rain,27.0,22.0,23.4,27.7,11.2,13.0,70.6,108.1,106.2,1002.8,1004.5,1006.2,61.4,51.0,70.5,9.7,10.0,8.5,184.6,233.5,219.9
2023-08-25,29.1,34.9,26.1,84.5,0.481,12.5,rain,22.3,20.5,116.7,1004.8,72.1,10.0,178.5,0.3,Rain,-0.8048257371083452,-0.593511190196115,28.1,30.8,30.4,32.1,38.9,38.9,25.1,26.4,26.8,84.2,78.8,82.1,16.3,5.2,0.6,70.83,25.0,16.67,rain,rain,rain,21.2,27.0,22.0,18.4,27.7,11.2,75.9,70.6,108.1,1004.4,1002.8,1004.5,70.3,61.4,51.0,9.7,9.7,10.0,144.0,184.6,233.5
2023-08-26,28.8,34.6,26.0,85.7,2.078,4.17,rain,27.4,16.6,97.4,1002.7,77.1,10.3,194.9,0.33,Rain,-0.8149159841660791,-0.5795791048257612,29.1,28.1,30.8,34.9,32.1,38.9,26.1,25.1,26.4,84.5,84.2,78.8,0.481,16.3,5.2,12.5,70.83,25.0,rain,rain,rain,22.3,21.2,27.0,20.5,18.4,27.7,116.7,75.9,70.6,1004.8,1004.4,1002.8,72.1,70.3,61.4,10.0,9.7,9.7,178.5,144.0,184.6
2023-08-27,30.7,38.8,26.4,79.1,17.81,4.17,rain,24.5,13.0,80.2,1000.1,60.2,11.3,237.1,0.37,Rain,-0.8247650844733614,-0.5654755126737576,28.8,29.1,28.1,34.6,34.9,32.1,26.0,26.1,25.1,85.7,84.5,84.2,2.078,0.481,16.3,4.17,12.5,70.83,rain,rain,rain,27.4,22.3,21.2,16.6,20.5,18.4,97.4,116.7,75.9,1002.7,1004.8,1004.4,77.1,72.1,70.3,10.3,10.0,9.7,194.9,178.5,144.0
2023-08-28,28.1,32.5,25.2,85.3,12.891,12.5,rain,28.4,33.5,323.0,1002.3,88.3,10.4,129.7,0.4,Rain,-0.8343701235229537,-0.5512045872199277,30.7,28.8,29.1,38.8,34.6,34.9,26.4,26.0,26.1,79.1,85.7,84.5,17.81,2.078,0.481,4.17,4.17,12.5,rain,rain,rain,24.5,27.4,22.3,13.0,16.6,20.5,80.2,97.4,116.7,1000.1,1002.7,1004.8,60.2,77.1,72.1,11.3,10.3,10.0,237.1,194.9,178.5
2023-08-29,28.9,32.9,23.6,74.1,0.0,0.0,noprecip,31.3,18.4,32.9,1004.5,73.0,10.6,239.5,0.44,Cloudy,-0.8437282590292712,-0.5367705514607103,28.1,30.7,28.8,32.5,38.8,34.6,25.2,26.4,26.0,85.3,79.1,85.7,12.891,17.81,2.078,12.5,4.17,4.17,rain,rain,rain,28.4,24.5,27.4,33.5,13.0,16.6,323.0,80.2,97.4,1002.3,1000.1,1002.7,88.3,60.2,77.1,10.4,11.3,10.3,129.7,237.1,194.9
2023-08-30,29.8,32.2,21.3,61.9,0.0,0.0,noprecip,32.8,14.8,20.2,1006.8,47.2,10.1,252.9,0.47,Cloudy,-0.8528367217694595,-0.522177676659508,28.9,28.1,30.7,32.9,32.5,38.8,23.6,25.2,26.4,74.1,85.3,79.1,0.0,12.891,17.81,0.0,12.5,4.17,noprecip,rain,rain,31.3,28.4,24.5,18.4,33.5,13.0,32.9,323.0,80.2,1004.5,1002.3,1000.1,73.0,88.3,60.2,10.6,10.4,11.3,239.5,129.7,237.1
2023-08-31,29.7,31.3,20.9,62.1,0.0,0.0,noprecip,25.9,20.5,1.2,1006.3,12.7,11.4,258.0,0.5,Clear,-0.8616928164028521,-0.5074302810827518,29.8,28.9,28.1,32.2,32.9,32.5,21.3,23.6,25.2,61.9,74.1,85.3,0.0,0.0,12.891,0.0,0.0,12.5,noprecip,noprecip,rain,32.8,31.3,28.4,14.8,18.4,33.5,20.2,32.9,323.0,1006.8,1004.5,1002.3,47.2,73.0,88.3,10.1,10.6,10.4,252.9,239.5,129.7
2023-09-01,30.3,33.4,22.5,65.3,0.0,0.0,noprecip,28.4,16.6,317.2,1005.3,23.4,11.3,236.7,0.54,Cloudy,-0.8702939222685674,-0.49253272872205434,29.7,29.8,28.9,31.3,32.2,32.9,20.9,21.3,23.6,62.1,61.9,74.1,0.0,0.0,0.0,0.0,0.0,0.0,noprecip,noprecip,noprecip,25.9,32.8,31.3,20.5,14.8,18.4,1.2,20.2,32.9,1006.3,1006.8,1004.5,12.7,47.2,73.0,11.4,10.1,10.6,258.0,252.9,239.5
2023-09-02,31.5,36.3,23.3,63.8,0.0,0.0,noprecip,37.1,14.8,323.2,1003.0,43.2,9.7,252.2,0.57,Cloudy,-0.8786374941610001,-0.4774894280028391,30.3,29.7,29.8,33.4,31.3,32.2,22.5,20.9,21.3,65.3,62.1,61.9,0.0,0.0,0.0,0.0,0.0,0.0,noprecip,noprecip,noprecip,28.4,25.9,32.8,16.6,20.5,14.8,317.2,1.2,20.2,1005.3,1006.3,1006.8,23.4,12.7,47.2,11.3,11.4,10.1,236.7,258.0,252.9
2023-09-03,28.5,31.3,23.2,74.2,0.099,4.17,rain,34.9,18.4,41.0,1002.8,86.8,9.9,56.7,0.6,Rain,-0.886721063082993,-0.46230483047981086,31.5,30.3,29.7,36.3,33.4,31.3,23.3,22.5,20.9,63.8,65.3,62.1,0.0,0.0,0.0,0.0,0.0,0.0,noprecip,noprecip,noprecip,37.1,28.4,25.9,14.8,16.6,20.5,323.2,317.2,1.2,1003.0,1005.3,1006.3,43.2,23.4,12.7,9.7,11.3,11.4,252.2,236.7,258.0
2023-09-04,25.6,26.7,23.4,87.8,13.728,12.5,rain,33.8,16.6,326.0,1005.5,98.4,9.1,63.4,0.64,Rain,-0.8945422369764496,-0.4469834295196741,28.5,31.5,30.3,31.3,36.3,33.4,23.2,23.3,22.5,74.2,63.8,65.3,0.099,0.0,0.0,4.17,0.0,0.0,rain,noprecip,noprecip,34.9,37.1,28.4,18.4,14.8,16.6,41.0,323.2,317.2,1002.8,1003.0,1005.3,86.8,43.2,23.4,9.9,9.7,11.3,56.7,252.2,236.7
2023-09-05,29.3,33.1,24.5,77.1,0.007,4.17,rain,27.0,13.0,321.0,1006.1,54.1,9.5,181.3,0.67,Rain,-0.9020987014301837,-0.43152975897147144,25.6,28.5,31.5,26.7,31.3,36.3,23.4,23.2,23.3,87.8,74.2,63.8,13.728,0.099,0.0,12.5,4.17,0.0,rain,rain,noprecip,33.8,34.9,37.1,16.6,18.4,14.8,326.0,41.0,323.2,1005.5,1002.8,1003.0,98.4,86.8,43.2,9.1,9.9,9.7,63.4,56.7,252.2
2023-09-06,30.8,36.5,24.8,72.2,0.2,8.33,rain,26.6,14.8,346.8,1006.6,37.1,10.0,236.7,0.7,Rain,-0.9093882203647925,-0.4159483918249421,29.3,25.6,28.5,33.1,26.7,31.3,24.5,23.4,23.2,77.1,87.8,74.2,0.007,13.728,0.099,4.17,12.5,4.17,rain,rain,rain,27.0,33.8,34.9,13.0,16.6,18.4,321.0,326.0,41.0,1006.1,1005.5,1002.8,54.1,98.4,86.8,9.5,9.1,9.9,181.3,63.4,56.7
2023-09-07,31.0,37.6,25.2,72.5,0.008,4.17,rain,25.6,20.5,340.8,1006.4,53.0,10.9,247.1,0.75,Rain,-0.9164086366943458,-0.4002439388573056,30.8,29.3,25.6,36.5,33.1,26.7,24.8,24.5,23.4,72.2,77.1,87.8,0.2,0.007,13.728,8.33,4.17,12.5,rain,rain,rain,26.6,27.0,33.8,14.8,13.0,16.6,346.8,321.0,326.0,1006.6,1006.1,1005.5,37.1,54.1,98.4,10.0,9.5,9.1,236.7,181.3,63.4
2023-09-08,28.9,33.2,25.1,81.3,36.079,4.17,rain,28.4,25.9,341.3,1006.4,71.2,9.5,204.1,0.77,Rain,-0.9231578729647039,-0.38442104726885545,31.0,30.8,29.3,37.6,36.5,33.1,25.2,24.8,24.5,72.5,72.2,77.1,0.008,0.2,0.007,4.17,8.33,4.17,rain,rain,rain,25.6,26.6,27.0,20.5,14.8,13.0,340.8,346.8,321.0,1006.4,1006.6,1006.1,53.0,37.1,54.1,10.9,10.0,9.5,247.1,236.7,181.3
2023-09-09,29.1,35.3,25.8,83.1,0.688,4.17,rain,26.6,14.8,279.8,1005.0,74.3,9.1,176.1,0.8,Rain,-0.9296339319682695,-0.3684843993077793,28.9,31.0,30.8,33.2,37.6,36.5,25.1,25.2,24.8,81.3,72.5,72.2,36.079,0.008,0.2,4.17,4.17,8.33,rain,rain,rain,28.4,25.6,26.6,25.9,20.5,14.8,341.3,340.8,346.8,1006.4,1006.4,1006.6,71.2,53.0,37.1,9.5,10.9,10.0,204.1,247.1,236.7
2023-09-10,29.3,35.4,25.8,82.3,14.842,8.33,rain,23.8,11.2,13.7,1004.1,60.5,8.7,182.8,0.84,Rain,-0.9358348973349941,-0.35243871088460327,29.1,28.9,31.0,35.3,33.2,37.6,25.8,25.1,25.2,83.1,81.3,72.5,0.688,36.079,0.008,4.17,4.17,4.17,rain,rain,rain,26.6,28.4,25.6,14.8,25.9,20.5,279.8,341.3,340.8,1005.0,1006.4,1006.4,74.3,71.2,53.0,9.1,9.5,10.9,176.1,204.1,247.1
2023-09-11,28.7,34.4,26.0,86.5,0.01,4.17,rain,21.6,11.2,72.6,1003.0,58.7,8.3,132.6,0.87,Rain,-0.9417589340994617,-0.33628873017668287,29.3,29.1,28.9,35.4,35.3,33.2,25.8,25.8,25.1,82.3,83.1,81.3,14.842,0.688,36.079,8.33,4.17,4.17,rain,rain,rain,23.8,26.6,28.4,11.2,14.8,25.9,13.7,279.8,341.3,1004.1,1005.0,1006.4,60.5,74.3,71.2,8.7,9.1,9.5,182.8,176.1,204.1
2023-09-12,28.4,34.3,26.1,88.0,0.003,4.17,rain,19.8,11.2,57.4,1003.5,64.1,6.8,50.6,0.9,Rain,-0.9474042892438845,-0.32003923622313857,28.7,29.3,29.1,34.4,35.4,35.3,26.0,25.8,25.8,86.5,82.3,83.1,0.01,14.842,0.688,4.17,8.33,4.17,rain,rain,rain,21.6,23.8,26.6,11.2,11.2,14.8,72.6,13.7,279.8,1003.0,1004.1,1005.0,58.7,60.5,74.3,8.3,8.7,9.1,132.6,182.8,176.1
2023-09-13,25.9,27.4,24.3,90.9,11.036,12.5,rain,35.3,20.5,312.3,1005.6,89.1,8.9,47.1,0.94,Rain,-0.9527692922168511,-0.30369503751065885,28.4,28.7,29.3,34.3,34.4,35.4,26.1,26.0,25.8,88.0,86.5,82.3,0.003,0.01,14.842,4.17,4.17,8.33,rain,rain,rain,19.8,21.6,23.8,11.2,11.2,11.2,57.4,72.6,13.7,1003.5,1003.0,1004.1,64.1,58.7,60.5,6.8,8.3,8.7,50.6,132.6,182.8
2023-09-14,24.3,24.3,23.3,94.4,65.546,16.67,rain,31.0,14.8,318.2,1007.4,93.7,7.4,25.8,0.97,Rain,-0.9578523554276669,-0.28726097055059635,25.9,28.4,28.7,27.4,34.3,34.4,24.3,26.1,26.0,90.9,88.0,86.5,11.036,0.003,0.01,12.5,4.17,4.17,rain,rain,rain,35.3,19.8,21.6,20.5,11.2,11.2,312.3,57.4,72.6,1005.6,1003.5,1003.0,89.1,64.1,58.7,8.9,6.8,8.3,47.1,50.6,132.6
2023-09-15,25.9,27.1,23.4,86.5,2.723,12.5,rain,24.1,14.8,324.5,1008.7,79.8,9.3,62.4,0.0,Rain,-0.9626519747161487,-0.2707418984477642,24.3,25.9,28.4,24.3,27.4,34.3,23.3,24.3,26.1,94.4,90.9,88.0,65.546,11.036,0.003,16.67,12.5,4.17,rain,rain,rain,31.0,35.3,19.8,14.8,20.5,11.2,318.2,312.3,57.4,1007.4,1005.6,1003.5,93.7,89.1,64.1,7.4,8.9,6.8,25.8,47.1,50.6
2023-09-16,27.2,29.4,24.3,84.9,0.159,8.33,rain,21.6,22.3,330.8,1009.4,69.2,9.3,70.4,0.04,Rain,-0.9671667297977312,-0.2541427094613622,25.9,24.3,25.9,27.1,24.3,27.4,23.4,23.3,24.3,86.5,94.4,90.9,2.723,65.546,11.036,12.5,16.67,12.5,rain,rain,rain,24.1,31.0,35.3,14.8,14.8,20.5,324.5,318.2,312.3,1008.7,1007.4,1005.6,79.8,93.7,89.1,9.3,7.4,8.9,62.4,25.8,47.1
2023-09-17,27.8,30.8,25.0,85.7,10.011,12.5,rain,23.0,18.4,20.3,1008.9,71.1,8.9,130.2,0.07,Rain,-0.97139528468375,-0.23746831555846842,27.2,25.9,24.3,29.4,27.1,24.3,24.3,23.4,23.3,84.9,86.5,94.4,0.159,2.723,65.546,8.33,12.5,16.67,rain,rain,rain,21.6,24.1,31.0,22.3,14.8,14.8,330.8,324.5,318.2,1009.4,1008.7,1007.4,69.2,79.8,93.7,9.3,9.3,7.4,70.4,62.4,25.8
2023-09-18,28.1,32.1,25.4,86.1,2.997,12.5,rain,22.0,11.2,98.5,1009.3,57.0,8.4,145.9,0.11,Rain,-0.9753363880767837,-0.2207236509605022,27.8,27.2,25.9,30.8,29.4,27.1,25.0,24.3,23.4,85.7,84.9,86.5,10.011,0.159,2.723,12.5,8.33,12.5,rain,rain,rain,23.0,21.6,24.1,18.4,22.3,14.8,20.3,330.8,324.5,1008.9,1009.4,1008.7,71.1,69.2,79.8,8.9,9.3,9.3,130.2,70.4,62.4
2023-09-19,29.3,35.1,25.9,82.6,0.9,29.17,rain,22.7,20.5,120.4,1009.6,63.0,8.8,205.5,0.14,Rain,-0.9789888737409319,-0.20391367068311472,28.1,27.8,27.2,32.1,30.8,29.4,25.4,25.0,24.3,86.1,85.7,84.9,2.997,10.011,0.159,12.5,12.5,8.33,rain,rain,rain,22.0,23.0,21.6,11.2,18.4,22.3,98.5,20.3,330.8,1009.3,1008.9,1009.4,57.0,71.1,69.2,8.4,8.9,9.3,145.9,130.2,70.4
2023-09-20,30.1,37.0,25.9,79.2,0.116,4.17,rain,25.2,18.4,123.2,1009.3,56.7,9.6,228.7,0.18,Rain,-0.9823516608469237,-0.18704334906991657,29.3,28.1,27.8,35.1,32.1,30.8,25.9,25.4,25.0,82.6,86.1,85.7,0.9,2.997,10.011,29.17,12.5,12.5,rain,rain,rain,22.7,22.0,23.0,20.5,11.2,18.4,120.4,98.5,20.3,1009.6,1009.3,1008.9,63.0,57.0,71.1,8.8,8.4,8.9,205.5,145.9,130.2
2023-09-21,30.4,36.9,25.5,76.3,1.3,25.0,rain,25.2,14.8,128.4,1009.7,39.8,11.2,211.5,0.21,Rain,-0.9854237542919524,-0.17011767832049052,30.1,29.3,28.1,37.0,35.1,32.1,25.9,25.9,25.4,79.2,82.6,86.1,0.116,0.9,2.997,4.17,29.17,12.5,rain,rain,rain,25.2,22.7,22.0,18.4,20.5,11.2,123.2,120.4,98.5,1009.3,1009.6,1009.3,56.7,63.0,57.0,9.6,8.8,8.4,228.7,205.5,145.9
2023-09-22,30.7,37.3,25.5,75.8,0.2,8.33,rain,21.6,16.6,117.1,1009.1,33.5,11.9,208.0,0.25,Rain,-0.9882042449941422,-0.15314166701312007,30.4,30.1,29.3,36.9,37.0,35.1,25.5,25.9,25.9,76.3,79.2,82.6,1.3,0.116,0.9,25.0,4.17,29.17,rain,rain,rain,25.2,25.2,22.7,14.8,18.4,20.5,128.4,123.2,120.4,1009.7,1009.3,1009.6,39.8,56.7,63.0,11.2,9.6,8.8,211.5,228.7,205.5
2023-09-23,30.3,36.3,25.0,74.8,0.2,4.17,rain,23.4,20.5,115.8,1009.3,27.8,12.4,234.4,0.25,Rain,-0.9906923101615609,-0.13612033862266704,30.7,30.4,30.1,37.3,36.9,37.0,25.5,25.5,25.9,75.8,76.3,79.2,0.2,1.3,0.116,8.33,25.0,4.17,rain,rain,rain,21.6,25.2,25.2,16.6,14.8,18.4,117.1,128.4,123.2,1009.1,1009.7,1009.3,33.5,39.8,56.7,11.9,11.2,9.6,208.0,211.5,228.7
2023-09-24,29.5,34.2,24.5,75.7,0.9,25.0,rain,24.5,18.4,113.1,1008.8,57.1,9.9,224.4,0.32,Rain,-0.9928872135356962,-0.11905873003404988,30.3,30.7,30.4,36.3,37.3,36.9,25.0,25.5,25.5,74.8,75.8,76.3,0.2,0.2,1.3,4.17,8.33,25.0,rain,rain,rain,23.4,21.6,25.2,20.5,16.6,14.8,115.8,117.1,128.4,1009.3,1009.1,1009.7,27.8,33.5,39.8,12.4,11.9,11.2,234.4,208.0,211.5
2023-09-25,28.6,32.4,24.8,81.8,20.778,4.17,rain,33.5,11.2,5.7,1008.5,61.9,9.8,150.0,0.35,Rain,-0.994788305609327,-0.10196189005174576,29.5,30.3,30.7,34.2,36.3,37.3,24.5,25.0,25.5,75.7,74.8,75.8,0.9,0.2,0.2,25.0,4.17,8.33,rain,rain,rain,24.5,23.4,21.6,18.4,20.5,16.6,113.1,115.8,117.1,1008.8,1009.3,1009.1,57.1,27.8,33.5,9.9,12.4,11.9,224.4,234.4,208.0
2023-09-26,27.4,30.1,24.7,85.4,10.585,12.5,rain,45.7,19.5,16.2,1008.4,80.1,9.8,24.4,0.39,Rain,-0.9963950238187231,-0.08483487790576538,28.6,29.5,30.3,32.4,34.2,36.3,24.8,24.5,25.0,81.8,75.7,74.8,20.778,0.9,0.2,4.17,25.0,4.17,rain,rain,rain,33.5,24.5,23.4,11.2,18.4,20.5,5.7,113.1,115.8,1008.5,1008.8,1009.3,61.9,57.1,27.8,9.8,9.9,12.4,150.0,224.4,234.4
2023-09-27,26.9,29.0,24.6,87.5,14.75,16.67,rain,27.4,19.4,57.2,1009.0,87.2,9.8,50.2,0.42,Rain,-0.9977068927101168,-0.06768276175455162,27.4,28.6,29.5,30.1,32.4,34.2,24.7,24.8,24.5,85.4,81.8,75.7,10.585,20.778,0.9,12.5,4.17,25.0,rain,rain,rain,45.7,33.5,24.5,19.5,11.2,18.4,16.2,5.7,113.1,1008.4,1008.5,1008.8,80.1,61.9,57.1,9.8,9.8,9.9,24.4,150.0,224.4
2023-09-28,24.9,24.9,24.3,96.0,173.159,12.5,rain,23.4,13.9,354.5,1011.4,79.4,7.3,45.1,0.46,Rain,-0.9987235240803972,-0.050510617185222886,26.9,27.4,28.6,29.0,30.1,32.4,24.6,24.7,24.8,87.5,85.4,81.8,14.75,10.585,20.778,16.67,12.5,4.17,rain,rain,rain,27.4,45.7,33.5,19.4,19.5,11.2,57.2,16.2,5.7,1009.0,1008.4,1008.5,87.2,80.1,61.9,9.8,9.8,9.8,50.2,24.4,150.0
2023-09-29,26.8,29.1,24.7,89.1,0.595,12.5,rain,22.0,12.9,313.6,1012.2,70.6,9.5,98.3,0.5,Rain,-0.9994446170919858,-0.033323525711631344,24.9,26.9,27.4,24.9,29.0,30.1,24.3,24.6,24.7,96.0,87.5,85.4,173.159,14.75,10.585,12.5,16.67,12.5,rain,rain,rain,23.4,27.4,45.7,13.9,19.4,19.5,354.5,57.2,16.2,1011.4,1009.0,1008.4,79.4,87.2,80.1,7.3,9.8,9.8,45.1,50.2,24.4
2023-09-30,28.7,32.8,25.1,82.2,0.127,4.17,rain,19.4,11.2,118.2,1010.8,53.8,8.7,192.8,0.53,Rain,-0.9998699583618592,-0.016126573270657762,26.8,24.9,26.9,29.1,24.9,29.0,24.7,24.3,24.6,89.1,96.0,87.5,0.595,173.159,14.75,12.5,12.5,16.67,rain,rain,rain,22.0,23.4,27.4,12.9,13.9,19.4,313.6,354.5,57.2,1012.2,1011.4,1009.0,70.6,79.4,87.2,9.5,7.3,9.8,98.3,45.1,50.2
2023-10-01,29.6,33.6,24.6,76.6,0.0,0.0,noprecip,20.2,13.0,106.8,1009.2,28.0,9.6,219.5,0.56,Cloudy,-0.9999994220246925,0.001075151282798226,28.7,26.8,24.9,32.8,29.1,24.9,25.1,24.7,24.3,82.2,89.1,96.0,0.127,0.595,173.159,4.17,12.5,12.5,rain,rain,rain,19.4,22.0,23.4,11.2,12.9,13.9,118.2,313.6,354.5,1010.8,1012.2,1011.4,53.8,70.6,79.4,8.7,9.5,7.3,192.8,98.3,45.1
2023-10-02,29.5,33.6,24.4,76.1,0.0,0.0,noprecip,17.6,10.3,100.1,1010.1,28.2,8.9,215.6,0.59,Cloudy,-0.999832969770105,0.018276557681691223,29.6,28.7,26.8,33.6,32.8,29.1,24.6,25.1,24.7,76.6,82.2,89.1,0.0,0.127,0.595,0.0,4.17,12.5,noprecip,rain,rain,20.2,19.4,22.0,13.0,11.2,12.9,106.8,118.2,313.6,1009.2,1010.8,1012.2,28.0,53.8,70.6,9.6,8.7,9.5,219.5,192.8,98.3
2023-10-03,29.7,33.5,24.0,73.1,0.0,0.0,noprecip,14.0,11.2,100.3,1010.3,26.8,8.6,244.5,0.62,Cloudy,-0.9993706508539969,0.03547255575312556,29.5,29.6,28.7,33.6,33.6,32.8,24.4,24.6,25.1,76.1,76.6,82.2,0.0,0.0,0.127,0.0,0.0,4.17,noprecip,noprecip,rain,17.6,20.2,19.4,10.3,13.0,11.2,100.1,106.8,118.2,1010.1,1009.2,1010.8,28.2,28.0,53.8,8.9,9.6,8.7,215.6,219.5,192.8
2023-10-04,30.0,34.6,24.8,75.4,0.011,4.17,rain,19.4,15.7,110.2,1009.7,19.9,9.5,250.3,0.66,Rain,-0.9986126020839734,0.052658056924614005,29.7,29.5,29.6,33.5,33.6,33.6,24.0,24.4,24.6,73.1,76.1,76.6,0.0,0.0,0.0,0.0,0.0,0.0,noprecip,noprecip,noprecip,14.0,17.6,20.2,11.2,10.3,13.0,100.3,100.1,106.8,1010.3,1010.1,1009.2,26.8,28.2,28.0,8.6,8.9,9.6,244.5,215.6,219.5
2023-10-05,30.6,37.0,25.4,75.4,0.1,4.17,rain,19.4,12.1,110.9,1008.1,31.2,10.7,237.3,0.69,Rain,-0.9975590477788613,0.06982797572987089,30.0,29.7,29.5,34.6,33.5,33.6,24.8,24.0,24.4,75.4,73.1,76.1,0.011,0.0,0.0,4.17,0.0,0.0,rain,noprecip,noprecip,19.4,14.0,17.6,15.7,11.2,10.3,110.2,100.3,100.1,1009.7,1010.3,1010.1,19.9,26.8,28.2,9.5,8.6,8.9,250.3,244.5,215.6
2023-10-06,30.4,37.0,25.6,77.2,6.3,33.33,rain,23.4,19.4,118.2,1008.0,34.1,8.7,188.9,0.75,Rain,-0.9962102997023297,0.0869772313136861,30.6,30.0,29.7,37.0,34.6,33.5,25.4,24.8,24.0,75.4,75.4,73.1,0.1,0.011,0.0,4.17,4.17,0.0,rain,rain,noprecip,19.4,19.4,14.0,12.1,15.7,11.2,110.9,110.2,100.3,1008.1,1009.7,1010.3,31.2,19.9,26.8,10.7,9.5,8.6,237.3,250.3,244.5
2023-10-07,26.9,29.4,23.4,81.6,0.989,4.17,rain,37.8,24.1,25.3,1011.0,86.5,8.9,63.7,0.75,Rain,-0.9945667569706337,0.1041007489354256,30.4,30.6,30.0,37.0,37.0,34.6,25.6,25.4,24.8,77.2,75.4,75.4,6.3,0.1,0.011,33.33,4.17,4.17,rain,rain,rain,23.4,19.4,19.4,19.4,12.1,15.7,118.2,110.9,110.2,1008.0,1008.1,1009.7,34.1,31.2,19.9,8.7,10.7,9.5,188.9,237.3,250.3
2023-10-08,27.3,28.0,19.8,65.0,0.4,4.17,rain,26.3,19.4,9.0,1013.5,59.7,10.1,156.8,0.79,Rain,-0.9926289059345095,0.121193461470736,26.9,30.4,30.6,29.4,37.0,37.0,23.4,25.6,25.4,81.6,77.2,75.4,0.989,6.3,0.1,4.17,33.33,4.17,rain,rain,rain,37.8,23.4,19.4,24.1,19.4,12.1,25.3,118.2,110.9,1011.0,1008.0,1008.1,86.5,34.1,31.2,8.9,8.7,10.7,63.7,188.9,237.3
2023-10-09,27.5,28.3,18.6,58.7,0.0,0.0,noprecip,28.4,16.6,22.3,1015.0,60.5,11.0,229.2,0.82,Cloudy,-0.9903973200352558,0.1382503109109819,27.3,26.9,30.4,28.0,29.4,37.0,19.8,23.4,25.6,65.0,81.6,77.2,0.4,0.989,6.3,4.17,4.17,33.33,rain,rain,rain,26.3,37.8,23.4,19.4,24.1,19.4,9.0,25.3,118.2,1013.5,1011.0,1008.0,59.7,86.5,34.1,10.1,8.9,8.7,156.8,63.7,188.9
2023-10-10,26.9,27.4,18.6,61.1,0.099,4.17,rain,44.6,19.4,36.4,1016.1,90.7,9.8,80.4,0.85,Rain,-0.9878726596350429,0.15526624985999563,27.5,27.3,26.9,28.3,28.0,29.4,18.6,19.8,23.4,58.7,65.0,81.6,0.0,0.4,0.989,0.0,4.17,4.17,noprecip,rain,rain,28.4,26.3,37.8,16.6,19.4,24.1,22.3,9.0,25.3,1015.0,1013.5,1011.0,60.5,59.7,86.5,11.0,10.1,8.9,229.2,156.8,63.7
2023-10-11,26.2,26.7,18.5,63.1,0.0,0.0,noprecip,26.3,20.3,42.6,1017.1,84.1,10.4,115.0,0.88,Cloudy,-0.9850556718215013,0.172236243027682,26.9,27.5,27.3,27.4,28.3,28.0,18.6,18.6,19.8,61.1,58.7,65.0,0.099,0.0,0.4,4.17,0.0,4.17,rain,noprecip,rain,44.6,28.4,26.3,19.4,16.6,19.4,36.4,22.3,9.0,1016.1,1015.0,1013.5,90.7,60.5,59.7,9.8,11.0,10.1,80.4,229.2,156.8
2023-10-12,23.9,23.9,20.2,80.3,0.099,4.17,rain,20.2,15.7,43.5,1017.9,98.4,9.8,105.3,0.92,Rain,-0.981947190186646,0.18915526872004093,26.2,26.9,27.5,26.7,27.4,28.3,18.5,18.6,18.6,63.1,61.1,58.7,0.0,0.099,0.0,0.0,4.17,0.0,noprecip,rain,noprecip,26.3,44.6,28.4,20.3,19.4,16.6,42.6,36.4,22.3,1017.1,1016.1,1015.0,84.1,90.7,60.5,10.4,9.8,11.0,115.0,80.4,229.2
2023-10-13,25.5,26.3,21.4,78.4,0.1,4.17,rain,19.4,12.9,353.2,1016.0,58.4,10.0,188.7,0.95,Rain,-0.9785481345802031,0.20601832032517084,23.9,26.2,26.9,23.9,26.7,27.4,20.2,18.5,18.6,80.3,63.1,61.1,0.099,0.0,0.099,4.17,0.0,4.17,rain,noprecip,rain,20.2,26.3,44.6,15.7,20.3,19.4,43.5,42.6,36.4,1017.9,1017.1,1016.1,98.4,84.1,90.7,9.8,10.4,9.8,105.3,115.0,80.4
2023-10-14,25.6,26.3,20.9,76.0,0.1,4.17,rain,27.7,25.0,20.7,1014.0,79.7,9.8,158.9,0.98,Rain,-0.9748595108374125,0.22282040779479959,25.5,23.9,26.2,26.3,23.9,26.7,21.4,20.2,18.5,78.4,80.3,63.1,0.1,0.099,0.0,4.17,4.17,0.0,rain,rain,noprecip,19.4,20.2,26.3,12.9,15.7,20.3,353.2,43.5,42.6,1016.0,1017.9,1017.1,58.4,98.4,84.1,10.0,9.8,10.4,188.7,105.3,115.0
2023-10-15,25.8,26.1,19.2,69.0,0.003,4.17,rain,25.2,16.6,346.3,1014.1,67.1,10.0,156.7,0.0,Rain,-0.9708824104813836,0.23955655912092708,25.6,25.5,23.9,26.3,26.3,23.9,20.9,21.4,20.2,76.0,78.4,80.3,0.1,0.1,0.099,4.17,4.17,4.17,rain,rain,rain,27.7,19.4,20.2,25.0,12.9,15.7,20.7,353.2,43.5,1014.0,1016.0,1017.9,79.7,58.4,98.4,9.8,10.0,9.8,158.9,188.7,105.3
2023-10-16,26.6,27.1,19.7,67.8,0.0,0.0,noprecip,23.0,13.0,1.9,1014.2,75.1,9.8,191.4,0.05,Cloudy,-0.9666180104000972,0.2562218218071163,25.8,25.6,25.5,26.1,26.3,26.3,19.2,20.9,21.4,69.0,76.0,78.4,0.003,0.1,0.1,4.17,4.17,4.17,rain,rain,rain,25.2,27.7,19.4,16.6,25.0,12.9,346.3,20.7,353.2,1014.1,1014.0,1016.0,67.1,79.7,58.4,10.0,9.8,10.0,156.7,158.9,188.7
2023-10-17,27.2,27.7,19.8,66.6,0.0,0.0,noprecip,19.4,10.1,8.8,1013.8,34.5,9.5,210.1,0.09,Cloudy,-0.9620675724981452,0.27281126433401914,26.6,25.8,25.6,27.1,26.1,26.3,19.7,19.2,20.9,67.8,69.0,76.0,0.0,0.003,0.1,0.0,4.17,4.17,noprecip,rain,rain,23.0,25.2,27.7,13.0,16.6,25.0,1.9,346.3,20.7,1014.2,1014.1,1014.0,75.1,67.1,79.7,9.8,10.0,9.8,191.4,156.7,158.9
2023-10-18,27.6,28.9,20.8,68.4,0.0,0.0,noprecip,22.7,10.3,352.7,1012.6,49.1,8.7,213.4,0.12,Cloudy,-0.957232443323312,0.28931997761869527,27.2,26.6,25.8,27.7,27.1,26.1,19.8,19.7,19.2,66.6,67.8,69.0,0.0,0.0,0.003,0.0,0.0,4.17,noprecip,noprecip,rain,19.4,23.0,25.2,10.1,13.0,16.6,8.8,1.9,346.3,1013.8,1014.2,1014.1,34.5,75.1,67.1,9.5,9.8,10.0,210.1,191.4,156.7
2023-10-19,28.2,30.3,22.3,71.6,0.0,0.0,noprecip,32.4,14.8,16.4,1011.2,40.7,9.1,213.8,0.16,Cloudy,-0.9521140536681102,0.3057430764672831,27.6,27.2,26.6,28.9,27.7,27.1,20.8,19.8,19.7,68.4,66.6,67.8,0.0,0.0,0.0,0.0,0.0,0.0,noprecip,noprecip,noprecip,22.7,19.4,23.0,10.3,10.1,13.0,352.7,8.8,1.9,1012.6,1013.8,1014.2,49.1,34.5,75.1,8.7,9.5,9.8,213.4,210.1,191.4
2023-10-20,27.8,28.8,19.8,63.6,0.0,0.0,noprecip,47.5,22.2,11.5,1014.7,57.3,10.5,170.2,0.19,Cloudy,-0.9467139181463862,0.3220757010206104,28.2,27.6,27.2,30.3,28.9,27.7,22.3,20.8,19.8,71.6,68.4,66.6,0.0,0.0,0.0,0.0,0.0,0.0,noprecip,noprecip,noprecip,32.4,22.7,19.4,14.8,10.3,10.1,16.4,352.7,8.8,1011.2,1012.6,1013.8,40.7,49.1,34.5,9.1,8.7,9.5,213.8,213.4,210.1
2023-10-21,26.0,26.0,14.2,48.5,0.0,0.0,noprecip,29.9,18.4,19.2,1018.2,60.9,10.0,115.1,0.23,Cloudy,-0.9410336347451197,0.3383130181923076,27.8,28.2,27.6,28.8,30.3,28.9,19.8,22.3,20.8,63.6,71.6,68.4,0.0,0.0,0.0,0.0,0.0,0.0,noprecip,noprecip,noprecip,47.5,32.4,22.7,22.2,14.8,10.3,11.5,16.4,352.7,1014.7,1011.2,1012.6,57.3,40.7,49.1,10.5,9.1,8.7,170.2,213.8,213.4
2023-10-22,25.4,25.5,17.4,61.5,0.0,0.0,noprecip,22.0,13.0,46.1,1018.3,92.7,10.0,96.0,0.25,Cloudy,-0.9350748843515574,0.3544502230989869,26.0,27.8,28.2,26.0,28.8,30.3,14.2,19.8,22.3,48.5,63.6,71.6,0.0,0.0,0.0,0.0,0.0,0.0,noprecip,noprecip,noprecip,29.9,47.5,32.4,18.4,22.2,14.8,19.2,11.5,16.4,1018.2,1014.7,1011.2,60.9,57.3,40.7,10.0,10.5,9.1,115.1,170.2,213.8
2023-10-23,25.4,25.8,20.6,74.9,0.0,0.0,noprecip,22.3,12.1,33.8,1017.2,94.2,9.6,133.6,0.3,Cloudy,-0.9288394302558068,0.3704825404820963,25.4,26.0,27.8,25.5,26.0,28.8,17.4,14.2,19.8,61.5,48.5,63.6,0.0,0.0,0.0,0.0,0.0,0.0,noprecip,noprecip,noprecip,22.0,29.9,47.5,13.0,18.4,22.2,46.1,19.2,11.5,1018.3,1018.2,1014.7,92.7,60.9,57.3,10.0,10.0,10.5,96.0,115.1,170.2
2023-10-24,26.8,28.1,22.0,76.3,0.099,4.17,rain,16.9,11.2,20.4,1015.8,66.1,8.9,168.9,0.34,Rain,-0.9223291176290545,0.3864052261209853,25.4,25.4,26.0,25.8,25.5,26.0,20.6,17.4,14.2,74.9,61.5,48.5,0.0,0.0,0.0,0.0,0.0,0.0,noprecip,noprecip,noprecip,22.3,22.0,29.9,12.1,13.0,18.4,33.8,46.1,19.2,1017.2,1018.3,1018.2,94.2,92.7,60.9,9.6,10.0,10.0,133.6,96.0,115.1
2023-10-25,27.8,29.8,22.7,75.4,0.693,4.17,rain,22.0,13.0,291.3,1014.7,50.9,8.4,166.1,0.37,Rain,-0.9155458729775467,0.40221356823680365,26.8,25.4,25.4,28.1,25.8,25.5,22.0,20.6,17.4,76.3,74.9,61.5,0.099,0.0,0.0,4.17,0.0,0.0,rain,noprecip,noprecip,16.9,22.3,22.0,11.2,12.1,13.0,20.4,33.8,46.1,1015.8,1017.2,1018.3,66.1,94.2,92.7,8.9,9.6,10.0,168.9,133.6,96.0
2023-10-26,28.6,30.1,21.5,66.8,0.4,12.5,rain,20.5,14.8,124.7,1013.7,62.7,9.8,215.8,0.41,Rain,-0.9084917035725082,0.41790288888678667,27.8,26.8,25.4,29.8,28.1,25.8,22.7,22.0,20.6,75.4,76.3,74.9,0.693,0.099,0.0,4.17,4.17,0.0,rain,rain,noprecip,22.0,16.9,22.3,13.0,11.2,12.1,291.3,20.4,33.8,1014.7,1015.8,1017.2,50.9,66.1,94.2,8.4,8.9,9.6,166.1,168.9,133.6
2023-10-27,27.9,29.9,22.1,72.2,0.0,0.0,noprecip,16.9,11.2,74.4,1012.9,36.0,8.7,206.1,0.44,Cloudy,-0.9011686968561569,0.4334685453485363,28.6,27.8,26.8,30.1,29.8,28.1,21.5,22.7,22.0,66.8,75.4,76.3,0.4,0.693,0.099,12.5,4.17,4.17,rain,rain,rain,20.5,22.0,16.9,14.8,13.0,11.2,124.7,291.3,20.4,1013.7,1014.7,1015.8,62.7,50.9,66.1,9.8,8.4,8.9,215.8,166.1,168.9
2023-10-28,25.8,26.5,22.6,83.0,2.594,8.33,rain,24.1,19.4,32.0,1014.0,81.5,8.9,136.8,0.48,Rain,-0.8935790198239952,0.4489059314938798,27.9,28.6,27.8,29.9,30.1,29.8,22.1,21.5,22.7,72.2,66.8,75.4,0.0,0.4,0.693,0.0,12.5,4.17,noprecip,rain,rain,16.9,20.5,22.0,11.2,14.8,13.0,74.4,124.7,291.3,1012.9,1013.7,1014.7,36.0,62.7,50.9,8.7,9.8,8.4,206.1,215.8,166.1
2023-10-29,24.1,24.1,22.2,89.4,4.177,12.5,rain,26.6,15.7,13.2,1015.4,97.6,9.6,39.3,0.5,Rain,-0.8857249183835637,0.4642104791518923,25.8,27.9,28.6,26.5,29.9,30.1,22.6,22.1,21.5,83.0,72.2,66.8,2.594,0.0,0.4,8.33,0.0,12.5,rain,noprecip,rain,24.1,16.9,20.5,19.4,11.2,14.8,32.0,74.4,124.7,1014.0,1012.9,1013.7,81.5,36.0,62.7,8.9,8.7,9.8,136.8,206.1,215.8
2023-10-30,25.6,26.0,19.8,71.5,13.854,8.33,rain,22.0,13.0,1.0,1017.7,90.8,10.0,106.0,0.54,Rain,-0.8776087166898392,0.4793776594606945,24.1,25.8,27.9,24.1,26.5,29.9,22.2,22.6,22.1,89.4,83.0,72.2,4.177,2.594,0.0,12.5,8.33,0.0,rain,rain,noprecip,26.6,24.1,16.9,15.7,19.4,11.2,13.2,32.0,74.4,1015.4,1014.0,1012.9,97.6,81.5,36.0,9.6,8.9,8.7,39.3,136.8,206.1
2023-10-31,25.6,26.0,19.1,69.6,0.1,4.17,rain,23.0,13.0,9.5,1018.3,44.0,11.1,194.7,0.58,Rain,-0.8692328164574792,0.49440298420761813,25.6,24.1,25.8,26.0,24.1,26.5,19.8,22.2,22.6,71.5,89.4,83.0,13.854,4.177,2.594,8.33,12.5,8.33,rain,rain,rain,22.0,26.6,24.1,13.0,15.7,19.4,1.0,13.2,32.0,1017.7,1015.4,1014.0,90.8,97.6,81.5,10.0,9.6,8.9,106.0,39.3,136.8
2023-11-01,25.7,26.1,20.1,72.5,0.1,4.17,rain,17.6,12.1,107.6,1017.2,36.4,9.1,198.7,0.61,Rain,-0.8605996962501181,0.5092820071573356,25.6,25.6,24.1,26.0,26.0,24.1,19.1,19.8,22.2,69.6,71.5,89.4,0.1,13.854,4.177,4.17,8.33,12.5,rain,rain,rain,23.0,22.0,26.6,13.0,13.0,15.7,9.5,1.0,13.2,1018.3,1017.7,1015.4,44.0,90.8,97.6,11.1,10.0,9.6,194.7,106.0,39.3
2023-11-02,26.0,26.6,20.5,74.0,0.0,0.0,noprecip,21.6,13.0,112.6,1014.2,26.6,7.6,184.5,0.64,Cloudy,-0.8517119107469189,0.5240103253675756,25.7,25.6,25.6,26.1,26.0,26.0,20.1,19.1,19.8,72.5,69.6,71.5,0.1,0.1,13.854,4.17,4.17,8.33,rain,rain,rain,17.6,23.0,22.0,12.1,13.0,13.0,107.6,9.5,1.0,1017.2,1018.3,1017.7,36.4,44.0,90.8,9.1,11.1,10.0,198.7,194.7,106.0
2023-11-03,27.1,28.7,22.5,77.7,0.0,0.0,rain,23.8,19.4,127.6,1011.3,54.2,7.8,164.4,0.67,Cloudy,-0.8425720899866032,0.5385835804920232,26.0,25.7,25.6,26.6,26.1,26.0,20.5,20.1,19.1,74.0,72.5,69.6,0.0,0.1,0.1,0.0,4.17,4.17,noprecip,rain,rain,21.6,17.6,23.0,13.0,12.1,13.0,112.6,107.6,9.5,1014.2,1017.2,1018.3,26.6,36.4,44.0,7.6,9.1,11.1,184.5,198.7,194.7
2023-11-04,28.1,30.8,23.9,79.0,1.3,20.83,rain,29.9,16.5,135.7,1011.4,67.9,9.1,141.5,0.7,Rain,-0.8331829385891785,0.5529974600700271,27.1,26.0,25.7,28.7,26.6,26.1,22.5,20.5,20.1,77.7,74.0,72.5,0.0,0.0,0.1,0.0,0.0,4.17,rain,noprecip,rain,23.8,21.6,17.6,19.4,13.0,12.1,127.6,112.6,107.6,1011.3,1014.2,1017.2,54.2,26.6,36.4,7.8,7.6,9.1,164.4,184.5,198.7
2023-11-05,27.9,30.5,24.1,80.8,0.1,4.17,rain,28.8,17.5,125.6,1012.3,72.0,9.3,154.4,0.75,Rain,-0.8235472349556007,0.5672476988027229,28.1,27.1,26.0,30.8,28.7,26.6,23.9,22.5,20.5,79.0,77.7,74.0,1.3,0.0,0.0,20.83,0.0,0.0,rain,rain,noprecip,29.9,23.8,21.6,16.5,19.4,13.0,135.7,127.6,112.6,1011.4,1011.3,1014.2,67.9,54.2,26.6,9.1,7.8,7.6,141.5,164.4,184.5
2023-11-06,25.8,26.8,23.2,86.3,7.619,8.33,rain,24.5,18.4,66.6,1014.9,88.0,7.8,97.1,0.77,Rain,-0.8136678304455991,0.5813300798152042,27.9,28.1,27.1,30.5,30.8,28.7,24.1,23.9,22.5,80.8,79.0,77.7,0.1,1.3,0.0,4.17,20.83,0.0,rain,rain,rain,28.8,29.9,23.8,17.5,16.5,19.4,125.6,135.7,127.6,1012.3,1011.4,1011.3,72.0,67.9,54.2,9.3,9.1,7.8,154.4,141.5,164.4
2023-11-07,23.0,23.0,20.8,87.8,22.767,4.17,rain,22.0,18.4,0.9,1015.9,89.4,9.8,61.8,0.8,Rain,-0.8035476485339116,0.5952404359043674,25.8,27.9,28.1,26.8,30.5,30.8,23.2,24.1,23.9,86.3,80.8,79.0,7.619,0.1,1.3,8.33,4.17,20.83,rain,rain,rain,24.5,28.8,29.9,18.4,17.5,16.5,66.6,125.6,135.7,1014.9,1012.3,1011.4,88.0,72.0,67.9,7.8,9.3,9.1,97.1,154.4,141.5
2023-11-08,26.0,27.0,22.2,80.8,0.0,0.0,rain,17.3,13.0,67.2,1013.2,52.9,8.6,133.1,0.83,Cloudy,-0.7931896839451843,0.6089746507720486,23.0,25.8,27.9,23.0,26.8,30.5,20.8,23.2,24.1,87.8,86.3,80.8,22.767,7.619,0.1,4.17,8.33,4.17,rain,rain,rain,22.0,24.5,28.8,18.4,18.4,17.5,0.9,66.6,125.6,1015.9,1014.9,1012.3,89.4,88.0,72.0,9.8,7.8,9.3,61.8,97.1,154.4
2023-11-09,27.8,30.3,23.8,79.7,0.0,0.0,noprecip,20.9,13.0,116.8,1012.6,54.4,8.0,146.1,0.87,Cloudy,-0.7825970017677834,0.6225286602431057,26.0,23.0,25.8,27.0,23.0,26.8,22.2,20.8,23.2,80.8,87.8,86.3,0.0,22.767,7.619,0.0,4.17,8.33,rain,rain,rain,17.3,22.0,24.5,13.0,18.4,18.4,67.2,0.9,66.6,1013.2,1015.9,1014.9,52.9,89.4,88.0,8.6,9.8,7.8,133.1,61.8,97.1
2023-11-10,28.3,30.9,24.0,79.5,0.0,0.0,noprecip,24.5,17.5,123.4,1014.0,50.2,8.6,176.0,0.9,Cloudy,-0.7717727365467837,0.6358984534680745,27.8,26.0,23.0,30.3,27.0,23.0,23.8,22.2,20.8,79.7,80.8,87.8,0.0,0.0,22.767,0.0,0.0,4.17,noprecip,rain,rain,20.9,17.3,22.0,13.0,13.0,18.4,116.8,67.2,0.9,1012.6,1013.2,1015.9,54.4,52.9,89.4,8.0,8.6,9.8,146.1,133.1,61.8
2023-11-11,28.2,31.0,24.1,80.1,0.0,0.0,noprecip,24.5,16.6,125.7,1014.9,52.6,8.5,166.3,0.93,Cloudy,-0.7607200913564104,0.6490800741100398,28.3,27.8,26.0,30.9,30.3,27.0,24.0,23.8,22.2,79.5,79.7,80.8,0.0,0.0,0.0,0.0,0.0,0.0,noprecip,noprecip,rain,24.5,20.9,17.3,17.5,13.0,13.0,123.4,116.8,67.2,1014.0,1012.6,1013.2,50.2,54.4,52.9,8.6,8.0,8.6,176.0,146.1,133.1
2023-11-12,26.9,28.3,23.8,84.3,29.685,4.17,rain,35.6,18.5,99.6,1017.1,67.4,8.2,81.6,0.96,Rain,-0.7494423368521953,0.6620696215153815,28.2,28.3,27.8,31.0,30.9,30.3,24.1,24.0,23.8,80.1,79.5,79.7,0.0,0.0,0.0,0.0,0.0,0.0,noprecip,noprecip,noprecip,24.5,24.5,20.9,16.6,17.5,13.0,125.7,123.4,116.8,1014.9,1014.0,1012.6,52.6,50.2,54.4,8.5,8.6,8.0,166.3,176.0,146.1
2023-11-13,18.3,18.3,15.0,80.9,9.031,16.67,rain,29.5,25.9,26.9,1023.0,99.4,9.7,20.4,0.0,Rain,-0.7379428103031386,0.6748632518680403,26.9,28.2,28.3,28.3,31.0,30.9,23.8,24.1,24.0,84.3,80.1,79.5,29.685,0.0,0.0,4.17,0.0,0.0,rain,noprecip,noprecip,35.6,24.5,24.5,18.5,16.6,17.5,99.6,125.7,123.4,1017.1,1014.9,1014.0,67.4,52.6,50.2,8.2,8.5,8.6,81.6,166.3,176.0
2023-11-14,18.6,18.6,12.5,67.8,0.001,4.17,rain,19.4,16.5,14.6,1023.2,85.6,10.0,61.4,0.03,Rain,-0.7262249146041543,0.6874571793269664,18.3,26.9,28.2,18.3,28.3,31.0,15.0,23.8,24.1,80.9,84.3,80.1,9.031,29.685,0.0,16.67,4.17,0.0,rain,rain,noprecip,29.5,35.6,24.5,25.9,18.5,16.6,26.9,99.6,125.7,1023.0,1017.1,1014.9,99.4,67.4,52.6,9.7,8.2,8.5,20.4,81.6,166.3
2023-11-15,20.1,20.1,16.1,78.1,0.0,0.0,noprecip,15.1,11.2,26.3,1021.0,94.1,9.2,103.5,0.06,Cloudy,-0.7142921172691032,0.699847677146407,18.6,18.3,26.9,18.6,18.3,28.3,12.5,15.0,23.8,67.8,80.9,84.3,0.001,9.031,29.685,4.17,16.67,4.17,rain,rain,rain,19.4,29.5,35.6,16.5,25.9,18.5,14.6,26.9,99.6,1023.2,1023.0,1017.1,85.6,99.4,67.4,10.0,9.7,8.2,61.4,20.4,81.6
2023-11-16,20.4,20.4,12.6,63.2,0.329,8.33,rain,46.4,25.9,1.5,1027.1,92.9,9.6,38.0,0.1,Rain,-0.7021479494046978,0.7120310787787131,20.1,18.6,18.3,20.1,18.6,18.3,16.1,12.5,15.0,78.1,67.8,80.9,0.0,0.001,9.031,0.0,4.17,16.67,noprecip,rain,rain,15.1,19.4,29.5,11.2,16.5,25.9,26.3,14.6,26.9,1021.0,1023.2,1023.0,94.1,85.6,99.4,9.2,10.0,9.7,103.5,61.4,20.4
2023-11-17,20.4,20.4,9.5,52.3,0.0,0.0,noprecip,31.0,15.7,347.6,1026.0,32.7,9.8,208.8,0.14,Cloudy,-0.6897960046655887,0.7240037789593305,20.4,20.1,18.6,20.4,20.1,18.6,12.6,16.1,12.5,63.2,78.1,67.8,0.329,0.0,0.001,8.33,0.0,4.17,rain,noprecip,rain,46.4,15.1,19.4,25.9,11.2,16.5,1.5,26.3,14.6,1027.1,1021.0,1023.2,92.9,94.1,85.6,9.6,9.2,10.0,38.0,103.5,61.4
2023-11-18,19.5,19.5,9.6,59.3,0.0,0.0,noprecip,19.8,9.4,355.2,1023.1,11.8,9.4,209.7,0.17,Clear,-0.6772399381909491,0.7357622347736527,20.4,20.4,20.1,20.4,20.4,20.1,9.5,12.6,16.1,52.3,63.2,78.1,0.0,0.329,0.0,0.0,8.33,0.0,noprecip,rain,noprecip,31.0,46.4,15.1,15.7,25.9,11.2,347.6,1.5,26.3,1026.0,1027.1,1021.0,32.7,92.9,94.1,9.8,9.6,9.2,208.8,38.0,103.5
2023-11-19,20.0,20.0,12.0,63.6,0.0,0.0,noprecip,20.9,10.3,291.6,1021.0,12.7,10.5,190.3,0.21,Clear,-0.6644834655228552,0.7473029667054297,19.5,20.4,20.4,19.5,20.4,20.4,9.6,9.5,12.6,59.3,52.3,63.2,0.0,0.0,0.329,0.0,0.0,8.33,noprecip,noprecip,rain,19.8,31.0,46.4,9.4,15.7,25.9,355.2,347.6,1.5,1023.1,1026.0,1027.1,11.8,32.7,92.9,9.4,9.8,9.6,209.7,208.8,38.0
2023-11-20,21.0,21.0,13.8,66.0,0.0,0.0,noprecip,15.8,15.7,201.9,1018.8,6.0,11.2,206.7,0.25,Clear,-0.6515303615068021,0.75862255966641,20.0,19.5,20.4,20.0,19.5,20.4,12.0,9.6,9.5,63.6,59.3,52.3,0.0,0.0,0.0,0.0,0.0,0.0,noprecip,noprecip,noprecip,20.9,19.8,31.0,10.3,9.4,15.7,291.6,355.2,347.6,1021.0,1023.1,1026.0,12.7,11.8,32.7,10.5,9.4,9.8,190.3,209.7,208.8
2023-11-21,21.2,21.2,15.1,71.0,0.0,0.0,noprecip,22.0,12.1,137.8,1016.1,12.8,7.4,199.3,0.28,Clear,-0.6383844591746642,0.769717664006921,21.0,20.0,19.5,21.0,20.0,19.5,13.8,12.0,9.6,66.0,63.6,59.3,0.0,0.0,0.0,0.0,0.0,0.0,noprecip,noprecip,noprecip,15.8,20.9,19.8,15.7,10.3,9.4,201.9,291.6,355.2,1018.8,1021.0,1023.1,6.0,12.7,11.8,11.2,10.5,9.4,206.7,190.3,209.7
2023-11-22,20.8,20.8,17.7,82.7,0.0,0.0,noprecip,14.4,10.3,28.3,1015.1,66.3,6.8,165.2,0.31,Cloudy,-0.6250496486104377,0.7805849965070866,21.2,21.0,20.0,21.2,21.0,20.0,15.1,13.8,12.0,71.0,66.0,63.6,0.0,0.0,0.0,0.0,0.0,0.0,noprecip,noprecip,noprecip,22.0,15.8,20.9,12.1,15.7,10.3,137.8,201.9,291.6,1016.1,1018.8,1021.0,12.8,6.0,12.7,7.4,11.2,10.5,199.3,206.7,190.3
2023-11-23,23.6,23.8,18.6,75.3,0.0,0.0,noprecip,19.8,9.3,300.6,1016.2,41.6,7.6,141.0,0.35,Cloudy,-0.6115298757991053,0.7912213413483807,20.8,21.2,21.0,20.8,21.2,21.0,17.7,15.1,13.8,82.7,71.0,66.0,0.0,0.0,0.0,0.0,0.0,0.0,noprecip,noprecip,noprecip,14.4,22.0,15.8,10.3,12.1,15.7,28.3,137.8,201.9,1015.1,1016.1,1018.8,66.3,12.8,6.0,6.8,7.4,11.2,165.2,199.3,206.7
2023-11-24,23.5,23.5,19.3,78.6,0.1,4.17,rain,19.8,11.2,323.2,1018.1,67.9,7.3,155.8,0.39,Rain,-0.5978291414589552,0.801623551065242,23.6,20.8,21.2,23.8,20.8,21.2,18.6,17.7,15.1,75.3,82.7,71.0,0.0,0.0,0.0,0.0,0.0,0.0,noprecip,noprecip,noprecip,19.8,14.4,22.0,9.3,10.3,12.1,300.6,28.3,137.8,1016.2,1015.1,1016.1,41.6,66.3,12.8,7.6,6.8,7.4,141.0,165.2,199.3
2023-11-25,24.0,24.2,18.4,72.6,0.2,8.33,rain,20.2,11.2,131.7,1018.7,32.1,7.9,150.3,0.42,Rain,-0.5839514998576998,0.8117885474764613,23.5,23.6,20.8,23.5,23.8,20.8,19.3,18.6,17.7,78.6,75.3,82.7,0.1,0.0,0.0,4.17,0.0,0.0,rain,noprecip,noprecip,19.8,19.8,14.4,11.2,9.3,10.3,323.2,300.6,28.3,1018.1,1016.2,1015.1,67.9,41.6,66.3,7.3,7.6,6.8,155.8,141.0,165.2
2023-11-26,23.7,23.9,18.4,74.0,0.0,0.0,noprecip,20.9,10.3,318.0,1019.6,27.7,7.6,150.4,0.46,Cloudy,-0.5699010576127624,0.821713322596059,24.0,23.5,23.6,24.2,23.5,23.8,18.4,19.3,18.6,72.6,78.6,75.3,0.2,0.1,0.0,8.33,4.17,0.0,rain,rain,noprecip,20.2,19.8,19.8,11.2,11.2,9.3,131.7,323.2,300.6,1018.7,1018.1,1016.2,32.1,67.9,41.6,7.9,7.3,7.6,150.3,155.8,141.0
2023-11-27,23.7,23.8,18.5,74.5,0.3,4.17,rain,20.5,8.5,32.9,1018.7,37.9,7.5,157.2,0.5,Rain,-0.5556819724760489,0.8313949395234058,23.7,24.0,23.5,23.9,24.2,23.5,18.4,18.4,19.3,74.0,72.6,78.6,0.0,0.2,0.1,0.0,8.33,4.17,noprecip,rain,rain,20.9,20.2,19.8,10.3,11.2,11.2,318.0,131.7,323.2,1019.6,1018.7,1018.1,27.7,32.1,67.9,7.6,7.9,7.3,150.4,150.3,155.8
2023-11-28,23.1,23.1,16.7,70.4,0.0,0.0,noprecip,29.5,12.1,98.9,1018.0,20.3,7.2,184.8,0.53,Cloudy,-0.5412984521036173,0.8408305333122887,23.7,23.7,24.0,23.8,23.9,24.2,18.5,18.4,18.4,74.5,74.0,72.6,0.3,0.0,0.2,4.17,0.0,8.33,rain,noprecip,rain,20.5,20.9,20.2,8.5,10.3,11.2,32.9,318.0,131.7,1018.7,1019.6,1018.7,37.9,27.7,32.1,7.5,7.6,7.9,157.2,150.4,150.3
2023-11-29,22.6,22.7,18.3,78.3,0.1,4.17,rain,18.4,13.0,84.8,1016.9,34.8,5.3,124.3,0.56,Rain,-0.5267547528105542,0.8500173118187018,23.1,23.7,23.7,23.1,23.8,23.9,16.7,18.5,18.4,70.4,74.5,74.0,0.0,0.3,0.0,0.0,4.17,0.0,noprecip,rain,noprecip,29.5,20.5,20.9,12.1,8.5,10.3,98.9,32.9,318.0,1018.0,1018.7,1019.6,20.3,37.9,27.7,7.2,7.5,7.6,184.8,157.2,150.4
2023-11-30,23.5,23.5,19.7,80.0,0.006,4.17,rain,22.3,13.0,19.0,1018.9,81.4,6.4,88.1,0.59,Rain,-0.5120551783114646,0.8589525565270845,22.6,23.1,23.7,22.7,23.1,23.8,18.3,16.7,18.5,78.3,70.4,74.5,0.1,0.0,0.3,4.17,0.0,4.17,rain,noprecip,rain,18.4,29.5,20.5,13.0,12.1,8.5,84.8,98.9,32.9,1016.9,1018.0,1018.7,34.8,20.3,37.9,5.3,7.2,7.5,124.3,184.8,157.2
2023-12-01,18.7,18.7,17.6,93.6,19.22,8.33,rain,24.5,19.4,24.9,1020.9,100.0,6.9,26.8,0.62,Rain,-0.4972040784469378,0.8676336233547726,23.5,22.6,23.1,23.5,22.7,23.1,19.7,18.3,16.7,80.0,78.3,70.4,0.006,0.1,0.0,4.17,4.17,0.0,rain,rain,noprecip,22.3,18.4,29.5,13.0,13.0,12.1,19.0,84.8,98.9,1018.9,1016.9,1018.0,81.4,34.8,20.3,6.4,5.3,7.2,88.1,124.3,184.8
2023-12-02,17.5,17.5,14.8,84.7,0.0,0.0,rain,16.6,15.7,21.3,1021.3,100.0,8.6,24.7,0.65,Cloudy,-0.4822058478963526,0.8760579434344281,18.7,23.5,22.6,18.7,23.5,22.7,17.6,19.7,18.3,93.6,80.0,78.3,19.22,0.006,0.1,8.33,4.17,4.17,rain,rain,rain,24.5,22.3,18.4,19.4,13.0,13.0,24.9,19.0,84.8,1020.9,1018.9,1016.9,100.0,81.4,34.8,6.9,6.4,5.3,26.8,88.1,124.3
2023-12-03,18.1,18.1,15.6,85.7,0.0,0.0,noprecip,19.1,14.8,22.2,1020.3,99.7,8.7,47.3,0.69,Cloudy,-0.46706492487743034,0.8842230238742036,17.5,18.7,23.5,17.5,18.7,23.5,14.8,17.6,19.7,84.7,93.6,80.0,0.0,19.22,0.006,0.0,8.33,4.17,rain,rain,rain,16.6,24.5,22.3,15.7,19.4,13.0,21.3,24.9,19.0,1021.3,1020.9,1018.9,100.0,100.0,81.4,8.6,6.9,6.4,24.7,26.8,88.1
2023-12-04,18.9,18.9,15.9,83.0,0.0,0.0,rain,18.7,14.8,27.3,1018.2,99.0,10.0,50.3,0.72,Cloudy,-0.451785789832884,0.8921264484954345,18.1,17.5,18.7,18.1,17.5,18.7,15.6,14.8,17.6,85.7,84.7,93.6,0.0,0.0,19.22,0.0,0.0,8.33,noprecip,rain,rain,19.1,16.6,24.5,14.8,15.7,19.4,22.2,21.3,24.9,1020.3,1021.3,1020.9,99.7,100.0,100.0,8.7,8.6,6.9,47.3,24.7,26.8
2023-12-05,18.9,18.9,16.0,83.8,0.0,0.0,noprecip,15.5,11.2,39.2,1015.8,99.3,8.6,65.5,0.75,Cloudy,-0.4363729641045924,0.8997658785476209,18.9,18.1,17.5,18.9,18.1,17.5,15.9,15.6,14.8,83.0,85.7,84.7,0.0,0.0,0.0,0.0,0.0,0.0,rain,noprecip,rain,18.7,19.1,16.6,14.8,14.8,15.7,27.3,22.2,21.3,1018.2,1020.3,1021.3,99.0,99.7,100.0,10.0,8.7,8.6,50.3,47.3,24.7
2023-12-06,20.8,20.8,17.0,79.9,1.7,8.33,rain,28.4,14.8,2.7,1018.8,84.1,8.8,42.4,0.78,Rain,-0.42083100859565564,0.9071390534005044,18.9,18.9,18.1,18.9,18.9,18.1,16.0,15.9,15.6,83.8,83.0,85.7,0.0,0.0,0.0,0.0,0.0,0.0,noprecip,rain,noprecip,15.5,18.7,19.1,11.2,14.8,14.8,39.2,27.3,22.2,1015.8,1018.2,1020.3,99.3,99.0,99.7,8.6,10.0,8.7,65.5,50.3,47.3
2023-12-07,20.3,20.3,14.6,72.8,0.0,0.0,noprecip,18.0,10.3,230.8,1018.7,46.2,7.8,186.7,0.81,Cloudy,-0.4051645224207563,0.9142437912130223,20.8,18.9,18.9,20.8,18.9,18.9,17.0,16.0,15.9,79.9,83.8,83.0,1.7,0.0,0.0,8.33,0.0,0.0,rain,noprecip,rain,28.4,15.5,18.7,14.8,11.2,14.8,2.7,39.2,27.3,1018.8,1015.8,1018.2,84.1,99.3,99.0,8.8,8.6,10.0,42.4,65.5,50.3
2023-12-08,21.7,21.7,15.2,68.6,0.0,0.0,noprecip,27.0,16.5,125.2,1014.5,16.9,9.7,187.1,0.85,Clear,-0.3893781415452015,0.9210779895789526,20.3,20.8,18.9,20.3,20.8,18.9,14.6,17.0,16.0,72.8,79.9,83.8,0.0,1.7,0.0,0.0,8.33,0.0,noprecip,rain,noprecip,18.0,28.4,15.5,10.3,14.8,11.2,230.8,2.7,39.2,1018.7,1018.8,1015.8,46.2,84.1,99.3,7.8,8.8,8.6,186.7,42.4,65.5
2023-12-09,22.5,22.6,19.5,83.7,0.0,0.0,noprecip,28.8,15.7,96.0,1012.1,64.4,6.9,158.5,0.88,Cloudy,-0.37347653741307074,0.9276396261490467,21.7,20.3,20.8,21.7,20.3,20.8,15.2,14.6,17.0,68.6,72.8,79.9,0.0,0.0,1.7,0.0,0.0,8.33,noprecip,noprecip,rain,27.0,18.0,28.4,16.5,10.3,14.8,125.2,230.8,2.7,1014.5,1018.7,1018.8,16.9,46.2,84.1,9.7,7.8,8.8,187.1,186.7,42.4
2023-12-10,24.4,24.7,22.5,89.3,0.0,0.0,rain,30.6,15.7,134.1,1010.6,88.1,6.5,89.0,0.91,Cloudy,-0.3574644155648614,0.9339267592294762,22.5,21.7,20.3,22.6,21.7,20.3,19.5,15.2,14.6,83.7,68.6,72.8,0.0,0.0,0.0,0.0,0.0,0.0,noprecip,noprecip,noprecip,28.8,27.0,18.0,15.7,16.5,10.3,96.0,125.2,230.8,1012.1,1014.5,1018.7,64.4,16.9,46.2,6.9,9.7,7.8,158.5,187.1,186.7
2023-12-11,25.0,25.6,22.8,88.0,0.5,12.5,rain,26.3,13.9,107.1,1013.0,92.5,7.3,79.8,0.94,Rain,-0.34134651424503615,0.9399375283564133,24.4,22.5,21.7,24.7,22.6,21.7,22.5,19.5,15.2,89.3,83.7,68.6,0.0,0.0,0.0,0.0,0.0,0.0,rain,noprecip,noprecip,30.6,28.8,27.0,15.7,15.7,16.5,134.1,96.0,125.2,1010.6,1012.1,1014.5,88.1,64.4,16.9,6.5,6.9,9.7,89.0,158.5,187.1
2023-12-12,24.5,24.7,22.5,88.7,0.5,16.67,rain,32.8,17.5,109.2,1014.9,79.7,7.2,114.8,0.98,Rain,-0.3251276029999093,0.9456701548465688,25.0,24.4,22.5,25.6,24.7,22.6,22.8,22.5,19.5,88.0,89.3,83.7,0.5,0.0,0.0,12.5,0.0,0.0,rain,rain,noprecip,26.3,30.6,28.8,13.9,15.7,15.7,107.1,134.1,96.0,1013.0,1010.6,1012.1,92.5,88.1,64.4,7.3,6.5,6.9,79.8,89.0,158.5
2023-12-13,24.7,25.1,21.5,83.2,0.7,25.0,rain,31.3,16.6,137.0,1016.4,70.3,7.3,95.2,0.0,Rain,-0.30881248126625377,0.9511229423235357,24.5,25.0,24.4,24.7,25.6,24.7,22.5,22.8,22.5,88.7,88.0,89.3,0.5,0.5,0.0,16.67,12.5,0.0,rain,rain,rain,32.8,26.3,30.6,17.5,13.9,15.7,109.2,107.1,134.1,1014.9,1013.0,1010.6,79.7,92.5,88.1,7.2,7.3,6.5,114.8,79.8,89.0
2023-12-14,25.0,25.7,21.4,81.8,0.0,0.0,noprecip,32.8,17.5,128.8,1015.6,52.2,7.1,113.2,0.04,Cloudy,-0.29240597695107734,0.9562942772197719,24.7,24.5,25.0,25.1,24.7,25.6,21.5,22.5,22.8,83.2,88.7,88.0,0.7,0.5,0.5,25.0,16.67,12.5,rain,rain,rain,31.3,32.8,26.3,16.6,17.5,13.9,137.0,109.2,107.1,1016.4,1014.9,1013.0,70.3,79.7,92.5,7.3,7.2,7.3,95.2,114.8,79.8
2023-12-15,25.1,25.7,22.1,84.6,0.0,0.0,noprecip,24.5,14.8,120.1,1014.0,66.8,7.6,140.5,0.08,Cloudy,-0.27591294500296043,0.9611826292540837,25.0,24.7,24.5,25.7,25.1,24.7,21.4,21.5,22.5,81.8,83.2,88.7,0.0,0.7,0.5,0.0,25.0,16.67,noprecip,rain,rain,32.8,31.3,32.8,17.5,16.6,17.5,128.8,137.0,109.2,1015.6,1016.4,1014.9,52.2,70.3,79.7,7.1,7.3,7.2,113.2,95.2,114.8
2023-12-16,20.0,20.0,15.8,77.3,0.032,8.33,rain,69.1,33.5,50.8,1018.8,91.8,8.8,93.3,0.11,Rain,-0.2593382659754056,0.9657865518844574,25.1,25.0,24.7,25.7,25.7,25.1,22.1,21.4,21.5,84.6,81.8,83.2,0.0,0.0,0.7,0.0,0.0,25.0,noprecip,noprecip,rain,24.5,32.8,31.3,14.8,17.5,16.6,120.1,128.8,137.0,1014.0,1015.6,1016.4,66.8,52.2,70.3,7.6,7.1,7.3,140.5,113.2,95.2
2023-12-17,13.9,13.9,7.7,66.3,0.001,4.17,rain,28.4,17.5,37.4,1024.5,98.9,10.0,40.3,0.15,Rain,-0.2426868445825954,0.9701046827361175,20.0,25.1,25.0,20.0,25.7,25.7,15.8,22.1,21.4,77.3,84.6,81.8,0.032,0.0,0.0,8.33,0.0,0.0,rain,noprecip,noprecip,69.1,24.5,32.8,33.5,14.8,17.5,50.8,120.1,128.8,1018.8,1014.0,1015.6,91.8,66.8,52.2,8.8,7.6,7.1,93.3,140.5,113.2
2023-12-18,15.0,15.0,10.3,73.5,0.0,0.0,noprecip,17.6,12.1,25.9,1021.9,99.0,9.6,81.1,0.19,Cloudy,-0.22596360824801906,0.974135744004672,13.9,20.0,25.1,13.9,20.0,25.7,7.7,15.8,22.1,66.3,77.3,84.6,0.001,0.032,0.0,4.17,8.33,0.0,rain,rain,noprecip,28.4,69.1,24.5,17.5,33.5,14.8,37.4,50.8,120.1,1024.5,1018.8,1014.0,98.9,91.8,66.8,10.0,8.8,7.6,40.3,93.3,140.5
2023-12-19,13.7,13.7,9.5,77.0,0.002,4.17,rain,25.6,21.4,22.7,1023.1,98.7,9.0,45.0,0.22,Rain,-0.20917350564635637,0.9778785428342386,15.0,13.9,20.0,15.0,13.9,20.0,10.3,7.7,15.8,73.5,66.3,77.3,0.0,0.001,0.032,0.0,4.17,8.33,noprecip,rain,rain,17.6,28.4,69.1,12.1,17.5,33.5,25.9,37.4,50.8,1021.9,1024.5,1018.8,99.0,98.9,91.8,9.6,10.0,8.8,81.1,40.3,93.3
2023-12-20,15.0,15.0,7.4,60.8,0.0,0.0,rain,29.9,19.4,6.0,1025.2,87.8,10.0,68.0,0.25,Cloudy,-0.19232150523909483,0.9813319716704275,13.7,15.0,13.9,13.7,15.0,13.9,9.5,10.3,7.7,77.0,73.5,66.3,0.002,0.0,0.001,4.17,0.0,4.17,rain,noprecip,rain,25.6,17.6,28.4,21.4,12.1,17.5,22.7,25.9,37.4,1023.1,1021.9,1024.5,98.7,99.0,98.9,9.0,9.6,10.0,45.0,81.1,40.3
2023-12-21,15.2,15.2,3.9,48.2,0.0,0.0,noprecip,33.8,19.4,1.6,1027.0,59.9,9.6,176.7,0.29,Cloudy,-0.17541259380427843,0.9844950085880858,15.0,13.7,15.0,15.0,13.7,15.0,7.4,9.5,10.3,60.8,77.0,73.5,0.0,0.002,0.0,0.0,4.17,0.0,rain,rain,noprecip,29.9,25.6,17.6,19.4,21.4,12.1,6.0,22.7,25.9,1025.2,1023.1,1021.9,87.8,98.7,99.0,10.0,9.0,9.6,68.0,45.0,81.1
2023-12-22,13.2,13.2,0.7,43.3,0.0,0.0,noprecip,33.1,17.5,40.1,1030.7,26.4,10.0,192.4,0.33,Cloudy,-0.15845177496083632,0.9873667175937016,15.2,15.0,13.7,15.2,15.0,13.7,3.9,7.4,9.5,48.2,60.8,77.0,0.0,0.0,0.002,0.0,0.0,4.17,noprecip,rain,rain,33.8,29.9,25.6,19.4,19.4,21.4,1.6,6.0,22.7,1027.0,1025.2,1023.1,59.9,87.8,98.7,9.6,10.0,9.0,176.7,68.0,45.0
2023-12-23,13.6,13.6,2.2,48.0,0.0,0.0,noprecip,35.3,14.8,4.3,1030.2,27.3,9.8,188.1,0.36,Cloudy,-0.14144406768794202,0.9899462489023779,13.2,15.2,15.0,13.2,15.2,15.0,0.7,3.9,7.4,43.3,48.2,60.8,0.0,0.0,0.0,0.0,0.0,0.0,noprecip,noprecip,rain,33.1,33.8,29.9,17.5,19.4,19.4,40.1,1.6,6.0,1030.7,1027.0,1025.2,26.4,59.9,87.8,10.0,9.6,10.0,192.4,176.7,68.0
2023-12-24,16.3,16.3,2.3,39.8,0.0,0.0,noprecip,30.2,19.4,355.9,1030.1,80.2,9.8,88.4,0.4,Cloudy,-0.12439450483979998,0.9922328391893008,13.6,13.2,15.2,13.6,13.2,15.2,2.2,0.7,3.9,48.0,43.3,48.2,0.0,0.0,0.0,0.0,0.0,0.0,noprecip,noprecip,noprecip,35.3,33.1,33.8,14.8,17.5,19.4,4.3,40.1,1.6,1030.2,1030.7,1027.0,27.3,26.4,59.9,9.8,10.0,9.6,188.1,192.4,176.7
2023-12-25,16.8,16.8,2.2,40.4,0.0,0.0,noprecip,23.4,14.8,65.3,1026.3,46.4,11.5,187.1,0.44,Cloudy,-0.10730813165636247,0.9942258118156161,16.3,13.6,13.2,16.3,13.6,13.2,2.3,2.2,0.7,39.8,48.0,43.3,0.0,0.0,0.0,0.0,0.0,0.0,noprecip,noprecip,noprecip,30.2,35.3,33.1,19.4,14.8,17.5,355.9,4.3,40.1,1030.1,1030.2,1030.7,80.2,27.3,26.4,9.8,9.8,10.0,88.4,188.1,192.4
2023-12-26,15.6,15.6,6.2,57.5,0.0,0.0,noprecip,17.3,9.3,48.9,1024.1,21.3,8.0,179.8,0.47,Cloudy,-0.09019000427034513,0.9959245770286599,16.8,16.3,13.6,16.8,16.3,13.6,2.2,2.3,2.2,40.4,39.8,48.0,0.0,0.0,0.0,0.0,0.0,0.0,noprecip,noprecip,noprecip,23.4,30.2,35.3,14.8,19.4,14.8,65.3,355.9,4.3,1026.3,1030.1,1030.2,46.4,80.2,27.3,11.5,9.8,9.8,187.1,88.4,188.1
2023-12-27,17.3,17.3,11.7,71.5,0.0,0.0,noprecip,17.6,11.2,116.2,1023.4,27.0,6.6,174.4,0.5,Cloudy,-0.07304518821104743,0.9973286321364752,15.6,16.8,16.3,15.6,16.8,16.3,6.2,2.2,2.3,57.5,40.4,39.8,0.0,0.0,0.0,0.0,0.0,0.0,noprecip,noprecip,noprecip,17.3,23.4,30.2,9.3,14.8,19.4,48.9,65.3,355.9,1024.1,1026.3,1030.1,21.3,46.4,80.2,8.0,11.5,9.8,179.8,187.1,88.4
2023-12-28,19.0,19.0,13.4,72.9,0.0,0.0,noprecip,16.9,8.5,131.4,1021.4,14.2,6.8,177.3,0.54,Clear,-0.05587875690537313,0.9984375616565666,17.3,15.6,16.8,17.3,15.6,16.8,11.7,6.2,2.2,71.5,57.5,40.4,0.0,0.0,0.0,0.0,0.0,0.0,noprecip,noprecip,noprecip,17.6,17.3,23.4,11.2,9.3,14.8,116.2,48.9,65.3,1023.4,1024.1,1026.3,27.0,21.3,46.4,6.6,8.0,11.5,174.4,179.8,187.1
2023-12-29,20.5,20.5,16.0,76.6,0.004,8.33,rain,18.7,7.6,257.5,1019.6,77.5,5.5,109.2,0.57,Rain,-0.03869579017652689,0.9992510374388481,19.0,17.3,15.6,19.0,17.3,15.6,13.4,11.7,6.2,72.9,71.5,57.5,0.0,0.0,0.0,0.0,0.0,0.0,noprecip,noprecip,noprecip,16.9,17.6,17.3,8.5,11.2,9.3,131.4,116.2,48.9,1021.4,1023.4,1024.1,14.2,27.0,21.3,6.8,6.6,8.0,177.3,174.4,179.8
2023-12-30,21.4,21.4,18.4,83.6,0.727,16.67,rain,11.2,10.3,257.7,1018.0,88.1,4.7,44.2,0.6,Rain,-0.021501372740813793,0.999768818762748,20.5,19.0,17.3,20.5,19.0,17.3,16.0,13.4,11.7,76.6,72.9,71.5,0.004,0.0,0.0,8.33,0.0,0.0,rain,noprecip,noprecip,18.7,16.9,17.6,7.6,8.5,11.2,257.5,131.4,116.2,1019.6,1021.4,1023.4,77.5,14.2,27.0,5.5,6.8,6.6,109.2,177.3,174.4
2023-12-31,22.3,22.3,18.6,80.5,0.1,8.33,rain,14.0,12.1,139.6,1017.3,65.5,6.2,74.9,0.64,Rain,-0.004300592702981974,0.9999907524084426,21.4,20.5,19.0,21.4,20.5,19.0,18.4,16.0,13.4,83.6,76.6,72.9,0.727,0.004,0.0,16.67,8.33,0.0,rain,rain,noprecip,11.2,18.7,16.9,10.3,7.6,8.5,257.7,257.5,131.4,1018.0,1019.6,1021.4,88.1,77.5,14.2,4.7,5.5,6.8,44.2,109.2,177.3
2024-01-01,22.8,22.9,17.8,74.4,0.0,0.0,noprecip,27.4,20.5,126.6,1016.9,66.7,7.7,127.8,0.67,Cloudy,0.017201575418260506,0.9998520419557735,22.3,21.4,20.5,22.3,21.4,20.5,18.6,18.4,16.0,80.5,83.6,76.6,0.1,0.727,0.004,8.33,16.67,8.33,rain,rain,rain,14.0,11.2,18.7,12.1,10.3,7.6,139.6,257.7,257.5,1017.3,1018.0,1019.6,65.5,88.1,77.5,6.2,4.7,5.5,74.9,44.2,109.2
2024-01-02,23.3,23.5,19.6,80.7,0.6,25.0,rain,25.9,16.6,128.0,1016.0,81.9,8.2,120.6,0.7,Rain,0.03439806061360801,0.9994082116062598,22.8,22.3,21.4,22.9,22.3,21.4,17.8,18.6,18.4,74.4,80.5,83.6,0.0,0.1,0.727,0.0,8.33,16.67,noprecip,rain,rain,27.4,14.0,11.2,20.5,12.1,10.3,126.6,139.6,257.7,1016.9,1017.3,1018.0,66.7,65.5,88.1,7.7,6.2,4.7,127.8,74.9,44.2
2024-01-03,19.4,19.4,15.0,76.5,4.057,4.17,rain,36.7,24.1,36.4,1019.9,90.8,9.3,30.3,0.73,Rain,0.051584366869408364,0.9986686402879997,23.3,22.8,22.3,23.5,22.9,22.3,19.6,17.8,18.6,80.7,74.4,80.5,0.6,0.0,0.1,25.0,0.0,8.33,rain,noprecip,rain,25.9,27.4,14.0,16.6,20.5,12.1,128.0,126.6,139.6,1016.0,1016.9,1017.3,81.9,66.7,65.5,8.2,7.7,6.2,120.6,127.8,74.9
2024-01-04,19.2,19.2,13.8,71.2,0.0,0.0,noprecip,22.0,14.8,101.2,1019.1,99.3,9.4,59.4,0.75,Cloudy,0.06875540848113941,0.9976335468520451,19.4,23.3,22.8,19.4,23.5,22.9,15.0,19.6,17.8,76.5,80.7,74.4,4.057,0.6,0.0,4.17,25.0,0.0,rain,rain,noprecip,36.7,25.9,27.4,24.1,16.6,20.5,36.4,128.0,126.6,1019.9,1016.0,1016.9,90.8,81.9,66.7,9.3,8.2,7.7,30.3,120.6,127.8
2024-01-05,20.5,20.5,17.7,84.2,0.4,16.67,rain,19.8,11.2,108.6,1017.6,94.2,5.3,68.9,0.8,Rain,0.08590610426133272,0.9963032375991965,19.2,19.4,23.3,19.2,19.4,23.5,13.8,15.0,19.6,71.2,76.5,80.7,0.0,4.057,0.6,0.0,4.17,25.0,noprecip,rain,rain,22.0,36.7,25.9,14.8,24.1,16.6,101.2,36.4,128.0,1019.1,1019.9,1016.0,99.3,90.8,81.9,9.4,9.3,8.2,59.4,30.3,120.6
2024-01-06,22.1,22.1,18.7,81.8,0.9,25.0,rain,23.4,11.2,152.4,1018.4,82.5,6.6,71.1,0.83,Rain,0.10303137904317879,0.9946781061893646,20.5,19.2,19.4,20.5,19.2,19.4,17.7,13.8,15.0,84.2,71.2,76.5,0.4,0.0,4.057,16.67,0.0,4.17,rain,noprecip,rain,19.8,22.0,36.7,11.2,14.8,24.1,108.6,101.2,36.4,1017.6,1019.1,1019.9,94.2,99.3,90.8,5.3,9.4,9.3,68.9,59.4,30.3
2024-01-07,22.0,22.0,18.3,80.6,0.9,25.0,rain,28.4,16.6,133.3,1018.2,70.0,8.2,116.0,0.86,Rain,0.1201261651823505,0.9927586335250793,22.1,20.5,19.2,22.1,20.5,19.2,18.7,17.7,13.8,81.8,84.2,71.2,0.9,0.4,0.0,25.0,16.67,0.0,rain,rain,noprecip,23.4,19.8,22.0,11.2,11.2,14.8,152.4,108.6,101.2,1018.4,1017.6,1019.1,82.5,94.2,99.3,6.6,5.3,9.4,71.1,68.9,59.4
2024-01-08,22.6,22.6,19.2,81.6,0.3,12.5,rain,29.2,20.5,131.8,1016.1,85.7,8.4,105.3,0.89,Rain,0.13718540405660057,0.9905453876091833,22.0,22.1,20.5,22.0,22.1,20.5,18.3,18.7,17.7,80.6,81.8,84.2,0.9,0.9,0.4,25.0,25.0,16.67,rain,rain,rain,28.4,23.4,19.8,16.6,11.2,11.2,133.3,152.4,108.6,1018.2,1018.4,1017.6,70.0,82.5,94.2,8.2,6.6,5.3,116.0,71.1,68.9
2024-01-09,23.1,23.1,20.0,83.3,0.7,29.17,rain,25.2,18.4,130.7,1014.9,70.3,8.2,98.3,0.93,Rain,0.1542040475626894,0.988039023376751,22.6,22.0,22.1,22.6,22.0,22.1,19.2,18.3,18.7,81.6,80.6,81.8,0.3,0.9,0.9,12.5,25.0,25.0,rain,rain,rain,29.2,28.4,23.4,20.5,16.6,11.2,131.8,133.3,152.4,1016.1,1018.2,1018.4,85.7,70.0,82.5,8.4,8.2,6.6,105.3,116.0,71.1
2024-01-10,19.9,19.9,18.8,93.6,3.813,8.33,rain,27.4,18.4,65.7,1016.4,96.9,7.8,22.0,0.96,Rain,0.17117705961019986,0.985240282501282,23.1,22.6,22.0,23.1,22.6,22.0,20.0,19.2,18.3,83.3,81.6,80.6,0.7,0.3,0.9,29.17,12.5,25.0,rain,rain,rain,25.2,29.2,28.4,18.4,20.5,16.6,130.7,131.8,133.3,1014.9,1016.1,1018.2,70.3,85.7,70.0,8.2,8.4,8.2,98.3,105.3,116.0
2024-01-11,17.5,17.5,16.5,93.7,7.975,16.67,rain,30.6,14.8,21.5,1017.6,100.0,7.8,24.2,0.0,Rain,0.18809941761179758,0.9821499931752291,19.9,23.1,22.6,19.9,23.1,22.6,18.8,20.0,19.2,93.6,83.3,81.6,3.813,0.7,0.3,8.33,29.17,12.5,rain,rain,rain,27.4,25.2,29.2,18.4,18.4,20.5,65.7,130.7,131.8,1016.4,1014.9,1016.1,96.9,70.3,85.7,7.8,8.2,8.4,22.0,98.3,105.3
2024-01-12,17.7,17.7,17.0,95.8,7.792,12.5,rain,18.0,9.4,10.7,1017.1,100.0,5.5,19.5,0.02,Rain,0.20496611396949532,0.9787690698649216,17.5,19.9,23.1,17.5,19.9,23.1,16.5,18.8,20.0,93.7,93.6,83.3,7.975,3.813,0.7,16.67,8.33,29.17,rain,rain,rain,30.6,27.4,25.2,14.8,18.4,18.4,21.5,65.7,130.7,1017.6,1016.4,1014.9,100.0,96.9,70.3,7.8,7.8,8.2,24.2,22.0,98.3
2024-01-13,18.4,18.4,17.5,94.9,3.574,12.5,rain,19.8,11.2,32.6,1018.1,99.5,6.6,23.2,0.06,Rain,0.22177215755648186,0.975098513039961,17.7,17.5,19.9,17.7,17.5,19.9,17.0,16.5,18.8,95.8,93.7,93.6,7.792,7.975,3.813,12.5,16.67,8.33,rain,rain,rain,18.0,30.6,27.4,9.4,14.8,18.4,10.7,21.5,65.7,1017.1,1017.6,1016.4,100.0,100.0,96.9,5.5,7.8,7.8,19.5,24.2,22.0
2024-01-14,19.3,19.3,18.1,92.7,1.558,12.5,rain,12.6,9.4,35.1,1019.6,98.9,6.7,37.7,0.1,Rain,0.23851257519407648,0.9711394088771653,18.4,17.7,17.5,18.4,17.7,17.5,17.5,17.0,16.5,94.9,95.8,93.7,3.574,7.792,7.975,12.5,12.5,16.67,rain,rain,rain,19.8,18.0,30.6,11.2,9.4,14.8,32.6,10.7,21.5,1018.1,1017.1,1017.6,99.5,100.0,100.0,6.6,5.5,7.8,23.2,19.5,24.2
2024-01-15,21.3,21.3,18.7,85.8,0.099,4.17,rain,28.4,11.2,116.6,1019.6,75.1,7.2,116.1,0.13,Rain,0.2551824131233728,0.9668929289391521,19.3,18.4,17.7,19.3,18.4,17.7,18.1,17.5,17.0,92.7,94.9,95.8,1.558,3.574,7.792,12.5,12.5,12.5,rain,rain,rain,12.6,19.8,18.0,9.4,11.2,9.4,35.1,32.6,10.7,1019.6,1018.1,1017.1,98.9,99.5,100.0,6.7,6.6,5.5,37.7,23.2,19.5
2024-01-16,20.5,20.5,17.9,85.9,2.187,4.17,rain,22.3,13.0,109.9,1018.8,84.3,8.5,39.0,0.17,Rain,0.2717767384711357,0.9623603298276545,21.3,19.3,18.4,21.3,19.3,18.4,18.7,18.1,17.5,85.8,92.7,94.9,0.099,1.558,3.574,4.17,12.5,12.5,rain,rain,rain,28.4,12.6,19.8,11.2,9.4,11.2,116.6,35.1,32.6,1019.6,1019.6,1018.1,75.1,98.9,99.5,7.2,6.7,6.6,116.1,37.7,23.2
2024-01-17,20.4,20.4,19.4,93.9,8.909,8.33,rain,29.9,16.6,118.6,1017.2,96.0,6.3,79.8,0.2,Rain,0.2882906407095177,0.9575429528116719,20.5,21.3,19.3,20.5,21.3,19.3,17.9,18.7,18.1,85.9,85.8,92.7,2.187,0.099,1.558,4.17,4.17,12.5,rain,rain,rain,22.3,28.4,12.6,13.0,11.2,9.4,109.9,116.6,35.1,1018.8,1019.6,1019.6,84.3,75.1,98.9,8.5,7.2,6.7,39.0,116.1,37.7
2024-01-18,22.5,22.5,19.5,84.3,0.693,4.17,rain,31.3,20.5,138.0,1015.2,72.8,8.5,122.7,0.25,Rain,0.3047192331091634,0.9524422234305676,20.4,20.5,21.3,20.4,20.5,21.3,19.4,17.9,18.7,93.9,85.9,85.8,8.909,2.187,0.099,8.33,4.17,4.17,rain,rain,rain,29.9,22.3,28.4,16.6,13.0,11.2,118.6,109.9,116.6,1017.2,1018.8,1019.6,96.0,84.3,75.1,6.3,8.5,7.2,79.8,39.0,116.1
2024-01-19,22.7,22.8,19.9,85.2,0.032,4.17,rain,32.0,22.3,125.1,1014.0,79.1,8.3,137.5,0.27,Rain,0.321057654185271,0.9470596510722283,22.5,20.4,20.5,22.5,20.4,20.5,19.5,19.4,17.9,84.3,93.9,85.9,0.693,8.909,2.187,4.17,8.33,4.17,rain,rain,rain,31.3,29.9,22.3,20.5,16.6,13.0,138.0,118.6,109.9,1015.2,1017.2,1018.8,72.8,96.0,84.3,8.5,6.3,8.5,122.7,79.8,39.0
2024-01-20,23.1,23.1,19.7,82.4,1.7,29.17,rain,40.3,20.5,124.3,1014.7,87.3,8.9,118.1,0.31,Rain,0.3373010691361842,0.9413968285264122,22.7,22.5,20.4,22.8,22.5,20.4,19.9,19.5,19.4,85.2,84.3,93.9,0.032,0.693,8.909,4.17,4.17,8.33,rain,rain,rain,32.0,31.3,29.9,22.3,20.5,16.6,125.1,138.0,118.6,1014.0,1015.2,1017.2,79.1,72.8,96.0,8.3,8.5,6.3,137.5,122.7,79.8
2024-01-21,16.2,16.2,14.9,92.0,0.99,8.33,rain,21.2,20.5,57.5,1018.3,100.0,7.8,26.8,0.34,Rain,0.3534446712740877,0.9354554315134164,23.1,22.7,22.5,23.1,22.8,22.5,19.7,19.9,19.5,82.4,85.2,84.3,1.7,0.032,0.693,29.17,4.17,4.17,rain,rain,rain,40.3,32.0,31.3,20.5,22.3,20.5,124.3,125.1,138.0,1014.7,1014.0,1015.2,87.3,79.1,72.8,8.9,8.3,8.5,118.1,137.5,122.7
2024-01-22,12.3,12.3,9.2,81.9,3.792,12.5,rain,36.4,22.3,34.3,1023.4,100.0,8.4,19.6,0.38,Rain,0.3694836834473831,0.9292372181882051,16.2,23.1,22.7,16.2,23.1,22.8,14.9,19.7,19.9,92.0,82.4,85.2,0.99,1.7,0.032,8.33,29.17,4.17,rain,rain,rain,21.2,40.3,32.0,20.5,20.5,22.3,57.5,124.3,125.1,1018.3,1014.7,1014.0,100.0,87.3,79.1,7.8,8.9,8.3,26.8,118.1,137.5
2024-01-23,10.3,9.3,4.2,66.5,0.198,4.17,rain,27.4,16.6,28.9,1029.0,89.1,10.0,33.1,0.41,Rain,0.38541335945432564,0.9227440286201427,12.3,16.2,23.1,12.3,16.2,23.1,9.2,14.9,19.7,81.9,92.0,82.4,3.792,0.99,1.7,12.5,8.33,29.17,rain,rain,rain,36.4,21.2,40.3,22.3,20.5,20.5,34.3,57.5,124.3,1023.4,1018.3,1014.7,100.0,100.0,87.3,8.4,7.8,8.9,19.6,26.8,118.1
2024-01-24,10.2,9.1,3.9,65.2,0.0,0.0,noprecip,23.4,18.4,20.2,1029.3,99.1,10.0,73.9,0.45,Cloudy,0.4012289854475009,0.9159777842484877,10.3,12.3,16.2,9.3,12.3,16.2,4.2,9.2,14.9,66.5,81.9,92.0,0.198,3.792,0.99,4.17,12.5,8.33,rain,rain,rain,27.4,36.4,21.2,16.6,22.3,20.5,28.9,34.3,57.5,1029.0,1023.4,1018.3,89.1,100.0,100.0,10.0,8.4,7.8,33.1,19.6,26.8
2024-01-25,11.3,10.9,4.4,62.6,0.0,0.0,noprecip,20.9,13.0,19.3,1029.1,96.1,9.9,82.8,0.48,Cloudy,0.4169258813287287,0.908940487313808,10.2,10.3,12.3,9.1,9.3,12.3,3.9,4.2,9.2,65.2,66.5,81.9,0.0,0.198,3.792,0.0,4.17,12.5,noprecip,rain,rain,23.4,27.4,36.4,18.4,16.6,22.3,20.2,28.9,34.3,1029.3,1029.0,1023.4,99.1,89.1,100.0,10.0,10.0,8.4,73.9,33.1,19.6
2024-01-26,12.1,12.1,5.6,65.1,0.001,4.17,rain,20.5,18.4,17.1,1027.9,99.0,10.0,61.4,0.5,Rain,0.4324994021339788,0.901634220265486,11.3,10.2,10.3,10.9,9.1,9.3,4.4,3.9,4.2,62.6,65.2,66.5,0.0,0.0,0.198,0.0,0.0,4.17,noprecip,noprecip,rain,20.9,23.4,27.4,13.0,18.4,16.6,19.3,20.2,28.9,1029.1,1029.3,1029.0,96.1,99.1,89.1,9.9,10.0,10.0,82.8,73.9,33.1
2024-01-27,10.8,10.4,7.4,80.2,2.386,12.5,rain,19.8,16.6,22.2,1026.9,99.1,8.6,37.5,0.55,Rain,0.44794493940789115,0.8940611451454876,12.1,11.3,10.2,12.1,10.9,9.1,5.6,4.4,3.9,65.1,62.6,65.2,0.001,0.0,0.0,4.17,0.0,0.0,rain,noprecip,noprecip,20.5,20.9,23.4,18.4,13.0,18.4,17.1,19.3,20.2,1027.9,1029.1,1029.3,99.0,96.1,99.1,10.0,9.9,10.0,61.4,82.8,73.9
2024-01-28,12.4,12.4,7.2,70.8,0.9,12.5,rain,21.6,16.6,20.4,1026.7,99.8,10.0,38.0,0.58,Rain,0.4632579225674917,0.88622350294858,10.8,12.1,11.3,10.4,12.1,10.9,7.4,5.6,4.4,80.2,65.1,62.6,2.386,0.001,0.0,12.5,4.17,0.0,rain,rain,noprecip,19.8,20.5,20.9,16.6,18.4,13.0,22.2,17.1,19.3,1026.9,1027.9,1029.1,99.1,99.0,96.1,8.6,10.0,9.9,37.5,61.4,82.8
2024-01-29,13.0,13.0,10.1,83.0,4.057,4.17,rain,19.1,11.2,6.4,1023.1,99.2,9.0,94.6,0.61,Rain,0.4784338202547012,0.8781236129591848,12.4,10.8,12.1,12.4,10.4,12.1,7.2,7.4,5.6,70.8,80.2,65.1,0.9,2.386,0.001,12.5,12.5,4.17,rain,rain,rain,21.6,19.8,20.5,16.6,16.6,18.4,20.4,22.2,17.1,1026.7,1026.9,1027.9,99.8,99.1,99.0,10.0,8.6,10.0,38.0,37.5,61.4
2024-01-30,14.9,14.9,13.1,89.2,0.1,8.33,rain,15.8,7.6,3.7,1019.5,97.0,5.3,103.1,0.65,Rain,0.49346814167723735,0.8697638720650646,13.0,12.4,10.8,13.0,12.4,10.4,10.1,7.2,7.4,83.0,70.8,80.2,4.057,0.9,2.386,4.17,12.5,12.5,rain,rain,rain,19.1,21.6,19.8,11.2,16.6,16.6,6.4,20.4,22.2,1023.1,1026.7,1026.9,99.2,99.8,99.1,9.0,10.0,8.6,94.6,38.0,37.5
2024-01-31,16.8,16.8,15.6,92.8,0.303,12.5,rain,18.7,11.2,296.4,1017.1,94.1,4.3,79.3,0.68,Rain,0.5083564379375122,0.8611467540480452,14.9,13.0,12.4,14.9,13.0,12.4,13.1,10.1,7.2,89.2,83.0,70.8,0.1,4.057,0.9,8.33,4.17,12.5,rain,rain,rain,15.8,19.1,21.6,7.6,11.2,16.6,3.7,6.4,20.4,1019.5,1023.1,1026.7,97.0,99.2,99.8,5.3,9.0,10.0,103.1,94.6,38.0
2024-02-01,19.0,19.0,17.7,92.5,0.497,8.33,rain,20.2,11.2,271.3,1016.1,93.1,3.7,91.7,0.71,Rain,0.5230943033491326,0.8522748088519838,16.8,14.9,13.0,16.8,14.9,13.0,15.6,13.1,10.1,92.8,89.2,83.0,0.303,0.1,4.057,12.5,8.33,4.17,rain,rain,rain,18.7,15.8,19.1,11.2,7.6,11.2,296.4,3.7,6.4,1017.1,1019.5,1023.1,94.1,97.0,99.2,4.3,5.3,9.0,79.3,103.1,94.6
2024-02-02,21.9,22.0,20.0,89.7,0.5,16.67,rain,34.6,22.3,128.8,1014.4,83.9,4.3,107.8,0.75,Rain,0.5376773767406141,0.8431506618282,19.0,16.8,14.9,19.0,16.8,14.9,17.7,15.6,13.1,92.5,92.8,89.2,0.497,0.303,0.1,8.33,12.5,8.33,rain,rain,rain,20.2,18.7,15.8,11.2,11.2,7.6,271.3,296.4,3.7,1016.1,1017.1,1019.5,93.1,94.1,97.0,3.7,4.3,5.3,91.7,79.3,103.1
2024-02-03,22.2,22.2,20.6,91.2,0.605,12.5,rain,40.7,22.3,124.5,1014.8,96.9,7.8,79.0,0.75,Rain,0.5521013427459208,0.8337770129585915,21.9,19.0,16.8,22.0,19.0,16.8,20.0,17.7,15.6,89.7,92.5,92.8,0.5,0.497,0.303,16.67,8.33,12.5,rain,rain,rain,34.6,20.2,18.7,22.3,11.2,11.2,128.8,271.3,296.4,1014.4,1016.1,1017.1,83.9,93.1,94.1,4.3,3.7,4.3,107.8,91.7,79.3
2024-02-04,23.7,24.1,21.1,86.3,0.407,8.33,rain,28.1,20.5,132.4,1013.7,73.6,7.5,153.1,0.81,Rain,0.5663619330814524,0.8241566360566663,22.2,21.9,19.0,22.2,22.0,19.0,20.6,20.0,17.7,91.2,89.7,92.5,0.605,0.5,0.497,12.5,16.67,8.33,rain,rain,rain,40.7,34.6,20.2,22.3,22.3,11.2,124.5,128.8,271.3,1014.8,1014.4,1016.1,96.9,83.9,93.1,7.8,4.3,3.7,79.0,107.8,91.7
2024-02-05,23.6,23.7,21.5,88.5,2.5,50.0,rain,34.2,22.3,135.6,1014.4,90.9,7.5,70.1,0.84,Rain,0.580454927809098,0.8142923779467267,23.7,22.2,21.9,24.1,22.2,22.0,21.1,20.6,20.0,86.3,91.2,89.7,0.407,0.605,0.5,8.33,12.5,16.67,rain,rain,rain,28.1,40.7,34.6,20.5,22.3,22.3,132.4,124.5,128.8,1013.7,1014.8,1014.4,73.6,96.9,83.9,7.5,7.8,4.3,153.1,79.0,107.8
2024-02-06,21.2,21.2,19.9,92.4,0.103,8.33,rain,29.5,20.5,116.2,1015.5,99.2,5.4,54.8,0.88,Rain,0.5943761565849831,0.804187157621448,23.6,23.7,22.2,23.7,24.1,22.2,21.5,21.1,20.6,88.5,86.3,91.2,2.5,0.407,0.605,50.0,8.33,12.5,rain,rain,rain,34.2,28.1,40.7,22.3,20.5,22.3,135.6,132.4,124.5,1014.4,1013.7,1014.8,90.9,73.6,96.9,7.5,7.5,7.8,70.1,153.1,79.0
2024-02-07,15.9,15.9,14.4,91.1,0.396,4.17,rain,26.3,22.3,57.4,1015.6,100.0,7.2,36.9,0.91,Rain,0.6081214998935418,0.7938439653781019,21.2,23.6,23.7,21.2,23.7,24.1,19.9,21.5,21.1,92.4,88.5,86.3,0.103,2.5,0.407,8.33,50.0,8.33,rain,rain,rain,29.5,34.2,28.1,20.5,22.3,20.5,116.2,135.6,132.4,1015.5,1014.4,1013.7,99.2,90.9,73.6,5.4,7.5,7.5,54.8,70.1,153.1
2024-02-08,13.4,13.4,9.2,76.2,0.105,12.5,rain,24.1,22.3,49.4,1018.5,100.0,9.9,51.1,0.94,Rain,0.6216868902665479,0.7832658619336791,15.9,21.2,23.6,15.9,21.2,23.7,14.4,19.9,21.5,91.1,92.4,88.5,0.396,0.103,2.5,4.17,8.33,50.0,rain,rain,rain,26.3,29.5,34.2,22.3,20.5,22.3,57.4,116.2,135.6,1015.6,1015.5,1014.4,100.0,99.2,90.9,7.2,5.4,7.5,36.9,54.8,70.1
2024-02-09,14.7,14.7,8.7,67.8,0.002,4.17,rain,27.4,18.4,3.5,1024.7,95.0,10.0,79.4,0.98,Rain,0.6350683134867438,0.7724559775191742,13.4,15.9,21.2,13.4,15.9,21.2,9.2,14.4,19.9,76.2,91.1,92.4,0.105,0.396,0.103,12.5,4.17,8.33,rain,rain,rain,24.1,26.3,29.5,22.3,22.3,20.5,49.4,57.4,116.2,1018.5,1015.6,1015.5,100.0,100.0,99.2,9.9,7.2,5.4,51.1,36.9,54.8
2024-02-10,17.5,17.5,9.7,62.7,0.0,0.0,noprecip,23.8,11.2,350.9,1027.3,52.9,8.9,113.3,0.0,Cloudy,0.6482618097757122,0.7614175109532997,14.7,13.4,15.9,14.7,13.4,15.9,8.7,9.2,14.4,67.8,76.2,91.1,0.002,0.105,0.396,4.17,12.5,4.17,rain,rain,rain,27.4,24.1,26.3,18.4,22.3,22.3,3.5,49.4,57.4,1024.7,1018.5,1015.6,95.0,100.0,100.0,10.0,9.9,7.2,79.4,51.1,36.9
2024-02-11,19.1,19.1,9.2,55.5,0.0,0.0,noprecip,19.1,14.8,59.4,1026.8,55.5,10.4,163.2,0.04,Cloudy,0.6612634749656386,0.7501537286959042,17.5,14.7,13.4,17.5,14.7,13.4,9.7,8.7,9.2,62.7,67.8,76.2,0.0,0.002,0.105,0.0,4.17,12.5,noprecip,rain,rain,23.8,27.4,24.1,11.2,18.4,22.3,350.9,3.5,49.4,1027.3,1024.7,1018.5,52.9,95.0,100.0,8.9,10.0,9.9,113.3,79.4,51.1
2024-02-12,18.5,18.5,12.3,70.0,0.0,0.0,noprecip,28.8,18.4,123.9,1023.4,9.6,9.4,222.0,0.08,Clear,0.6740694616546161,0.7386679638813748,19.1,17.5,14.7,19.1,17.5,14.7,9.2,9.7,8.7,55.5,62.7,67.8,0.0,0.0,0.002,0.0,0.0,4.17,noprecip,noprecip,rain,19.1,23.8,27.4,14.8,11.2,18.4,59.4,350.9,3.5,1026.8,1027.3,1024.7,55.5,52.9,95.0,10.4,8.9,10.0,163.2,113.3,79.4
2024-02-13,20.7,20.7,16.7,79.5,0.0,0.0,noprecip,31.7,18.4,136.8,1019.9,69.2,8.6,126.1,0.11,Cloudy,0.6866759803451553,0.726963615332308,18.5,19.1,17.5,18.5,19.1,17.5,12.3,9.2,9.7,70.0,55.5,62.7,0.0,0.0,0.0,0.0,0.0,0.0,noprecip,noprecip,noprecip,28.8,19.1,23.8,18.4,14.8,11.2,123.9,59.4,350.9,1023.4,1026.8,1027.3,9.6,55.5,52.9,9.4,10.4,8.9,222.0,163.2,113.3
2024-02-14,21.8,21.8,18.3,80.8,0.4,12.5,rain,36.7,18.4,134.2,1017.5,92.3,10.0,91.9,0.15,Rain,0.6990793005655562,0.7150441465537444,20.7,18.5,19.1,20.7,18.5,19.1,16.7,12.3,9.2,79.5,70.0,55.5,0.0,0.0,0.0,0.0,0.0,0.0,noprecip,noprecip,noprecip,31.7,28.8,19.1,18.4,18.4,14.8,136.8,123.9,59.4,1019.9,1023.4,1026.8,69.2,9.6,55.5,8.6,9.4,10.4,126.1,222.0,163.2
2024-02-15,21.3,21.3,19.1,87.8,1.6,29.17,rain,17.6,14.8,115.2,1018.5,79.7,8.3,57.3,0.18,Rain,0.7112757519738152,0.7029130847082615,21.8,20.7,18.5,21.8,20.7,18.5,18.3,16.7,12.3,80.8,79.5,70.0,0.4,0.0,0.0,12.5,0.0,0.0,rain,noprecip,noprecip,36.7,31.7,28.8,18.4,18.4,18.4,134.2,136.8,123.9,1017.5,1019.9,1023.4,92.3,69.2,9.6,10.0,8.6,9.4,91.9,126.1,222.0
2024-02-16,21.3,21.3,18.2,83.5,1.0,16.67,rain,27.0,14.8,119.2,1018.7,55.5,6.8,89.7,0.25,Rain,0.7232617254437388,0.6905740195722294,21.3,21.8,20.7,21.3,21.8,20.7,19.1,18.3,16.7,87.8,80.8,79.5,1.6,0.4,0.0,29.17,12.5,0.0,rain,rain,noprecip,17.6,36.7,31.7,14.8,18.4,18.4,115.2,134.2,136.8,1018.5,1017.5,1019.9,79.7,92.3,69.2,8.3,10.0,8.6,57.3,91.9,126.1
2024-02-17,21.3,21.3,18.2,83.5,0.0,0.0,noprecip,36.4,22.3,119.2,1013.3,85.0,7.8,111.5,0.25,Cloudy,0.7350336741329412,0.6780306024735382,21.3,21.3,21.8,21.3,21.3,21.8,18.2,19.1,18.3,83.5,87.8,80.8,1.0,1.6,0.4,16.67,29.17,12.5,rain,rain,rain,27.0,17.6,36.7,14.8,14.8,18.4,119.2,115.2,134.2,1018.7,1018.5,1017.5,55.5,79.7,92.3,6.8,8.3,10.0,89.7,57.3,91.9
2024-02-18,23.5,23.6,20.9,86.3,0.0,0.0,noprecip,28.1,18.4,121.2,1011.3,91.8,7.6,176.5,0.28,Cloudy,0.746588114532413,0.6652865452111116,21.3,21.3,21.3,21.3,21.3,21.3,18.2,18.2,19.1,83.5,83.5,87.8,0.0,1.0,1.6,0.0,16.67,29.17,noprecip,rain,rain,36.4,27.0,17.6,22.3,14.8,14.8,119.2,119.2,115.2,1013.3,1018.7,1018.5,85.0,55.5,79.7,7.8,6.8,8.3,111.5,89.7,57.3
2024-02-19,24.3,24.4,22.4,89.3,0.0,0.0,noprecip,34.9,22.3,121.6,1010.8,90.7,8.0,182.9,0.32,Cloudy,0.7579216274973472,0.6523456189565257,23.5,21.3,21.3,23.6,21.3,21.3,20.9,18.2,18.2,86.3,83.5,83.5,0.0,0.0,1.0,0.0,0.0,16.67,noprecip,noprecip,rain,28.1,36.4,27.0,18.4,22.3,14.8,121.2,119.2,119.2,1011.3,1013.3,1018.7,91.8,85.0,55.5,7.6,7.8,6.8,176.5,111.5,89.7
2024-02-20,24.1,24.1,22.7,92.1,0.002,4.17,rain,37.4,22.3,119.1,1009.1,93.6,5.2,195.2,0.35,Rain,0.7690308592589181,0.6392116531380588,24.3,23.5,21.3,24.4,23.6,21.3,22.4,20.9,18.2,89.3,86.3,83.5,0.0,0.0,0.0,0.0,0.0,0.0,noprecip,noprecip,noprecip,34.9,28.1,36.4,22.3,18.4,22.3,121.6,121.2,119.2,1010.8,1011.3,1013.3,90.7,91.8,85.0,8.0,7.6,7.8,182.9,176.5,111.5
2024-02-21,25.2,25.7,22.9,87.3,0.3,4.17,rain,31.0,20.5,116.2,1009.4,95.1,7.9,213.4,0.39,Rain,0.7799125224167177,0.6258885343075018,24.1,24.3,23.5,24.1,24.4,23.6,22.7,22.4,20.9,92.1,89.3,86.3,0.002,0.0,0.0,4.17,0.0,0.0,rain,noprecip,noprecip,37.4,34.9,28.1,22.3,22.3,18.4,119.1,121.6,121.2,1009.1,1010.8,1011.3,93.6,90.7,91.8,5.2,8.0,7.6,195.2,182.9,176.5
2024-02-22,23.9,23.9,23.0,94.6,0.793,12.5,rain,35.6,18.4,113.9,1012.6,96.8,4.8,114.8,0.42,Rain,0.7905633969115482,0.612380204990065,25.2,24.1,24.3,25.7,24.1,24.4,22.9,22.7,22.4,87.3,92.1,89.3,0.3,0.002,0.0,4.17,4.17,0.0,rain,rain,noprecip,31.0,37.4,34.9,20.5,22.3,22.3,116.2,119.1,121.6,1009.4,1009.1,1010.8,95.1,93.6,90.7,7.9,5.2,8.0,213.4,195.2,182.9
2024-02-23,18.8,18.8,18.0,95.4,6.932,8.33,rain,26.3,22.3,68.7,1016.4,97.9,4.2,40.5,0.45,Rain,0.8009803309782905,0.5986906625177214,23.9,25.2,24.1,23.9,25.7,24.1,23.0,22.9,22.7,94.6,87.3,92.1,0.793,0.3,0.002,12.5,4.17,4.17,rain,rain,rain,35.6,31.0,37.4,18.4,20.5,22.3,113.9,116.2,119.1,1012.6,1009.4,1009.1,96.8,95.1,93.6,4.8,7.9,5.2,114.8,213.4,195.2
2024-02-24,13.0,13.0,12.2,94.8,1.653,12.5,rain,22.7,22.3,43.1,1020.4,99.4,6.4,33.9,0.5,Rain,0.8111602420785621,0.5848239578463322,18.8,23.9,25.2,18.8,23.9,25.7,18.0,23.0,22.9,95.4,94.6,87.3,6.932,0.793,0.3,8.33,12.5,4.17,rain,rain,rain,26.3,35.6,31.0,22.3,18.4,20.5,68.7,113.9,116.2,1016.4,1012.6,1009.4,97.9,96.8,95.1,4.2,4.8,7.9,40.5,114.8,213.4
2024-02-25,13.0,13.0,11.1,88.4,0.714,4.17,rain,18.7,13.0,42.1,1021.0,99.5,9.3,43.4,0.52,Rain,0.8211001178128892,0.5707841943569036,13.0,18.8,23.9,13.0,18.8,23.9,12.2,18.0,23.0,94.8,95.4,94.6,1.653,6.932,0.793,12.5,8.33,12.5,rain,rain,rain,22.7,26.3,35.6,22.3,22.3,18.4,43.1,68.7,113.9,1020.4,1016.4,1012.6,99.4,97.9,96.8,6.4,4.2,4.8,33.9,40.5,114.8
2024-02-26,13.6,13.6,11.8,89.2,0.204,8.33,rain,19.4,16.6,43.6,1020.7,100.0,7.6,68.7,0.56,Rain,0.8307970168121247,0.5565755266413303,13.0,13.0,18.8,13.0,13.0,18.8,11.1,12.2,18.0,88.4,94.8,95.4,0.714,1.653,6.932,4.17,12.5,8.33,rain,rain,rain,18.7,22.7,26.3,13.0,22.3,22.3,42.1,43.1,68.7,1021.0,1020.4,1016.4,99.5,99.4,97.9,9.3,6.4,4.2,43.4,33.9,40.5
2024-02-27,13.1,13.1,10.4,83.8,0.603,12.5,rain,21.2,18.4,42.6,1021.0,99.5,9.8,47.8,0.59,Rain,0.8402480696078469,0.5422021592729844,13.6,13.0,13.0,13.6,13.0,13.0,11.8,11.1,12.2,89.2,88.4,94.8,0.204,0.714,1.653,8.33,4.17,12.5,rain,rain,rain,19.4,18.7,22.7,16.6,13.0,22.3,43.6,42.1,43.1,1020.7,1021.0,1020.4,100.0,99.5,99.4,7.6,9.3,6.4,68.7,43.4,33.9
2024-02-28,13.6,13.6,12.2,91.2,0.103,8.33,rain,14.4,13.0,54.3,1017.1,100.0,7.6,68.2,0.62,Rain,0.8494504794814806,0.527668345562516,13.1,13.6,13.0,13.1,13.6,13.0,10.4,11.8,11.1,83.8,89.2,88.4,0.603,0.204,0.714,12.5,8.33,4.17,rain,rain,rain,21.2,19.4,18.7,18.4,16.6,13.0,42.6,43.6,42.1,1021.0,1020.7,1021.0,99.5,100.0,99.5,9.8,7.6,9.3,47.8,68.7,43.4
2024-02-29,14.6,14.6,11.9,84.5,0.8,12.5,rain,27.4,18.4,29.9,1018.5,100.0,8.2,53.0,0.66,Rain,0.8584015232918917,0.512978386299228,13.6,13.1,13.6,13.6,13.1,13.6,12.2,10.4,11.8,91.2,83.8,89.2,0.103,0.603,0.204,8.33,12.5,8.33,rain,rain,rain,14.4,21.2,19.4,13.0,18.4,16.6,54.3,42.6,43.6,1017.1,1021.0,1020.7,100.0,99.5,100.0,7.6,9.8,7.6,68.2,47.8,68.7
2024-03-01,14.4,14.4,8.9,69.5,0.002,4.17,rain,25.2,18.4,37.4,1022.2,100.0,10.0,56.3,0.69,Rain,0.8670985522812081,0.4981366284784055,14.6,13.6,13.1,14.6,13.6,13.1,11.9,12.2,10.4,84.5,91.2,83.8,0.8,0.103,0.603,12.5,8.33,12.5,rain,rain,rain,27.4,14.4,21.2,18.4,13.0,18.4,29.9,54.3,42.6,1018.5,1017.1,1021.0,100.0,100.0,99.5,8.2,7.6,9.8,53.0,68.2,47.8
2024-03-02,14.7,14.7,7.7,63.2,0.0,0.0,noprecip,25.6,18.4,62.9,1022.0,97.4,9.9,97.7,0.73,Cloudy,0.8755389928586302,0.4831474640149687,14.4,14.6,13.6,14.4,14.6,13.6,8.9,11.9,12.2,69.5,84.5,91.2,0.002,0.8,0.103,4.17,12.5,8.33,rain,rain,rain,25.2,27.4,14.4,18.4,18.4,13.0,37.4,29.9,54.3,1022.2,1018.5,1017.1,100.0,100.0,100.0,10.0,8.2,7.6,56.3,53.0,68.2
2024-03-03,16.8,16.8,12.6,76.7,0.0,0.0,noprecip,32.0,18.4,143.0,1014.8,97.4,7.8,178.0,0.75,Cloudy,0.8837203473619977,0.4680153284438345,14.7,14.4,14.6,14.7,14.4,14.6,7.7,8.9,11.9,63.2,69.5,84.5,0.0,0.002,0.8,0.0,4.17,12.5,noprecip,rain,rain,25.6,25.2,27.4,18.4,18.4,18.4,62.9,37.4,29.9,1022.0,1022.2,1018.5,97.4,100.0,100.0,9.9,10.0,8.2,97.7,56.3,53.0
2024-03-04,18.1,18.1,16.9,92.9,0.5,12.5,rain,25.9,13.0,138.3,1007.5,95.9,3.8,242.1,0.79,Rain,0.8916401947968874,0.45274469960737107,16.8,14.7,14.4,16.8,14.7,14.4,12.6,7.7,8.9,76.7,63.2,69.5,0.0,0.0,0.002,0.0,0.0,4.17,noprecip,noprecip,rain,32.0,25.6,25.2,18.4,18.4,18.4,143.0,62.9,37.4,1014.8,1022.0,1022.2,97.4,97.4,100.0,7.8,9.9,10.0,178.0,97.7,56.3
2024-03-05,23.0,23.5,19.7,83.1,0.0,0.0,noprecip,18.0,9.4,354.0,1004.6,46.6,5.1,258.4,0.83,Cloudy,0.8992961915530253,0.4373400963303323,18.1,16.8,14.7,18.1,16.8,14.7,16.9,12.6,7.7,92.9,76.7,63.2,0.5,0.0,0.0,12.5,0.0,0.0,rain,noprecip,noprecip,25.9,32.0,25.6,13.0,18.4,18.4,138.3,143.0,62.9,1007.5,1014.8,1022.0,95.9,97.4,97.4,3.8,7.8,9.9,242.1,178.0,97.7
2024-03-06,24.3,24.7,19.3,75.7,0.0,0.0,noprecip,39.6,16.6,70.2,1008.0,37.6,6.5,249.9,0.86,Cloudy,0.9066860720977985,0.4218060770826634,23.0,18.1,16.8,23.5,18.1,16.8,19.7,16.9,12.6,83.1,92.9,76.7,0.0,0.5,0.0,0.0,12.5,0.0,noprecip,rain,noprecip,18.0,25.9,32.0,9.4,13.0,18.4,354.0,138.3,143.0,1004.6,1007.5,1014.8,46.6,95.9,97.4,5.1,3.8,7.8,258.4,242.1,178.0
2024-03-07,21.9,21.9,14.9,65.3,0.0,0.0,rain,23.4,16.6,91.8,1014.3,87.1,9.1,87.4,0.89,Cloudy,0.9138076496466615,0.40614723863057883,24.3,23.0,18.1,24.7,23.5,18.1,19.3,19.7,16.9,75.7,83.1,92.9,0.0,0.0,0.5,0.0,0.0,12.5,noprecip,noprecip,rain,39.6,18.0,25.9,16.6,9.4,13.0,70.2,354.0,138.3,1008.0,1004.6,1007.5,37.6,46.6,95.9,6.5,5.1,3.8,249.9,258.4,242.1
2024-03-08,19.6,19.6,15.0,75.1,0.0,0.0,noprecip,20.2,13.0,86.3,1017.0,81.5,7.5,50.0,0.93,Cloudy,0.9206588168102428,0.3903682146763026,21.9,24.3,23.0,21.9,24.7,23.5,14.9,19.3,19.7,65.3,75.7,83.1,0.0,0.0,0.0,0.0,0.0,0.0,rain,noprecip,noprecip,23.4,39.6,18.0,16.6,16.6,9.4,91.8,70.2,354.0,1014.3,1008.0,1004.6,87.1,37.6,46.6,9.1,6.5,5.1,87.4,249.9,258.4
2024-03-09,17.3,17.3,15.1,87.1,0.003,8.33,rain,20.5,14.8,36.3,1016.9,95.3,7.1,51.2,0.96,Rain,0.9272375462179537,0.374473674486883,19.6,21.9,24.3,19.6,21.9,24.7,15.0,14.9,19.3,75.1,65.3,75.7,0.0,0.0,0.0,0.0,0.0,0.0,noprecip,rain,noprecip,20.2,23.4,39.6,13.0,16.6,16.6,86.3,91.8,70.2,1017.0,1014.3,1008.0,81.5,87.1,37.6,7.5,9.1,6.5,50.0,87.4,249.9
2024-03-10,16.8,16.8,15.2,90.1,0.398,4.17,rain,19.4,13.0,35.5,1018.5,99.0,8.7,48.9,0.0,Rain,0.9335418911179212,0.35846832151248087,17.3,19.6,21.9,17.3,19.6,21.9,15.1,15.0,14.9,87.1,75.1,65.3,0.003,0.0,0.0,8.33,0.0,0.0,rain,noprecip,rain,20.5,20.2,23.4,14.8,13.0,16.6,36.3,86.3,91.8,1016.9,1017.0,1014.3,95.3,81.5,87.1,7.1,7.5,9.1,51.2,50.0,87.4
2024-03-11,19.8,19.8,15.1,75.8,0.111,8.33,rain,29.9,18.4,309.8,1020.0,63.0,10.3,130.4,0.03,Rain,0.9395699859530622,0.342356891994542,16.8,17.3,19.6,16.8,17.3,19.6,15.2,15.1,15.0,90.1,87.1,75.1,0.398,0.003,0.0,4.17,8.33,0.0,rain,rain,noprecip,19.4,20.5,20.2,13.0,14.8,13.0,35.5,36.3,86.3,1018.5,1016.9,1017.0,99.0,95.3,81.5,8.7,7.1,7.5,48.9,51.2,50.0
2024-03-12,20.8,20.8,16.3,76.9,0.0,0.0,rain,27.7,20.5,110.5,1016.8,26.1,7.7,176.4,0.06,Cloudy,0.945320046913132,0.3261441535642696,19.8,16.8,17.3,19.8,16.8,17.3,15.1,15.2,15.1,75.8,90.1,87.1,0.111,0.398,0.003,8.33,4.17,8.33,rain,rain,rain,29.9,19.4,20.5,18.4,13.0,14.8,309.8,35.5,36.3,1020.0,1018.5,1016.9,63.0,99.0,95.3,10.3,8.7,7.1,130.4,48.9,51.2
2024-03-13,20.6,20.6,18.4,88.0,0.2,8.33,rain,22.0,14.8,103.8,1014.3,80.3,5.7,95.2,0.09,Rain,0.9507903724625832,0.3098349038318025,20.8,19.8,16.8,20.8,19.8,16.8,16.3,15.1,15.2,76.9,75.8,90.1,0.0,0.111,0.398,0.0,8.33,4.17,rain,rain,rain,27.7,29.9,19.4,20.5,18.4,13.0,110.5,309.8,35.5,1016.8,1020.0,1018.5,26.1,63.0,99.0,7.7,10.3,8.7,176.4,130.4,48.9
2024-03-14,20.4,20.4,20.0,97.8,1.198,8.33,rain,20.9,13.0,52.0,1013.7,98.9,4.3,56.1,0.13,Rain,0.9559793438440766,0.2934339689665273,20.6,20.8,19.8,20.6,20.8,19.8,18.4,16.3,15.1,88.0,76.9,75.8,0.2,0.0,0.111,8.33,0.0,8.33,rain,rain,rain,22.0,27.7,29.9,14.8,20.5,18.4,103.8,110.5,309.8,1014.3,1016.8,1020.0,80.3,26.1,63.0,5.7,7.7,10.3,95.2,176.4,130.4
2024-03-15,21.2,21.2,20.4,95.5,2.095,8.33,rain,22.0,13.0,81.8,1013.2,95.4,4.6,52.9,0.16,Rain,0.9608854255574977,0.27694620226893646,20.4,20.6,20.8,20.4,20.6,20.8,20.0,18.4,16.3,97.8,88.0,76.9,1.198,0.2,0.0,8.33,8.33,0.0,rain,rain,rain,20.9,22.0,27.7,13.0,14.8,20.5,52.0,103.8,110.5,1013.7,1014.3,1016.8,98.9,80.3,26.1,4.3,5.7,7.7,56.1,95.2,176.4
2024-03-16,23.2,23.2,22.2,94.6,0.1,8.33,rain,34.9,16.6,137.8,1014.2,92.9,4.7,106.1,0.2,Rain,0.9655071658143364,0.2603764827344581,21.2,20.4,20.6,21.2,20.4,20.6,20.4,20.0,18.4,95.5,97.8,88.0,2.095,1.198,0.2,8.33,8.33,8.33,rain,rain,rain,22.0,20.9,22.0,13.0,13.0,14.8,81.8,52.0,103.8,1013.2,1013.7,1014.3,95.4,98.9,80.3,4.6,4.3,5.7,52.9,56.1,95.2
2024-03-17,23.4,23.4,22.3,93.7,0.5,20.83,rain,31.7,13.0,125.9,1013.7,89.1,5.0,78.3,0.25,Rain,0.969843196967294,0.24372971360968387,23.2,21.2,20.4,23.2,21.2,20.4,22.2,20.4,20.0,94.6,95.5,97.8,0.1,2.095,1.198,8.33,8.33,8.33,rain,rain,rain,34.9,22.0,20.9,16.6,13.0,13.0,137.8,81.8,52.0,1014.2,1013.2,1013.7,92.9,95.4,98.9,4.7,4.6,4.3,106.1,52.9,56.1
2024-03-18,23.9,23.9,22.8,93.4,0.402,12.5,rain,27.4,16.6,125.9,1013.1,92.4,6.2,75.9,0.26,Rain,0.9738922359149924,0.22701082094141847,23.4,23.2,21.2,23.4,23.2,21.2,22.3,22.2,20.4,93.7,94.6,95.5,0.5,0.1,2.095,20.83,8.33,8.33,rain,rain,rain,31.7,34.9,22.0,13.0,16.6,13.0,125.9,137.8,81.8,1013.7,1014.2,1013.2,89.1,92.9,95.4,5.0,4.7,4.6,78.3,106.1,52.9
2024-03-19,19.6,19.6,18.3,92.3,28.203,16.67,rain,47.2,33.5,48.7,1019.6,97.1,7.6,31.5,0.3,Rain,0.9776530844816641,0.2102247521189836,23.9,23.4,23.2,23.9,23.4,23.2,22.8,22.3,22.2,93.4,93.7,94.6,0.402,0.5,0.1,12.5,20.83,8.33,rain,rain,rain,27.4,31.7,34.9,16.6,13.0,16.6,125.9,125.9,137.8,1013.1,1013.7,1014.2,92.4,89.1,92.9,6.2,5.0,4.7,75.9,78.3,106.1
2024-03-20,20.0,20.0,14.5,72.2,0.101,8.33,rain,17.3,9.4,16.2,1022.4,99.2,9.8,47.6,0.33,Rain,0.981124629771712,0.19337647441020586,19.6,23.9,23.4,19.6,23.9,23.4,18.3,22.8,22.3,92.3,93.4,93.7,28.203,0.402,0.5,16.67,12.5,20.83,rain,rain,rain,47.2,27.4,31.7,33.5,16.6,13.0,48.7,125.9,125.9,1019.6,1013.1,1013.7,97.1,92.4,89.1,7.6,6.2,5.0,31.5,75.9,78.3
2024-03-21,21.5,21.5,16.3,73.9,0.0,0.0,noprecip,33.1,22.3,117.7,1015.4,37.4,10.0,260.8,0.36,Cloudy,0.984305844499033,0.17647097349152166,20.0,19.6,23.9,20.0,19.6,23.9,14.5,18.3,22.8,72.2,92.3,93.4,0.101,28.203,0.402,8.33,16.67,12.5,rain,rain,rain,17.3,47.2,27.4,9.4,33.5,16.6,16.2,48.7,125.9,1022.4,1019.6,1013.1,99.2,97.1,92.4,9.8,7.6,6.2,47.6,31.5,75.9
2024-03-22,20.9,20.9,19.5,91.6,0.001,4.17,rain,32.0,16.6,108.8,1009.3,83.6,5.5,161.8,0.4,Rain,0.9871957872910085,0.15951325197263655,21.5,20.0,19.6,21.5,20.0,19.6,16.3,14.5,18.3,73.9,72.2,92.3,0.0,0.101,28.203,0.0,8.33,16.67,noprecip,rain,rain,33.1,17.3,47.2,22.3,9.4,33.5,117.7,16.2,48.7,1015.4,1022.4,1019.6,37.4,99.2,97.1,10.0,9.8,7.6,260.8,47.6,31.5
2024-03-23,25.1,26.2,22.3,85.4,0.021,4.17,rain,33.5,24.1,114.6,1007.8,82.3,7.6,208.4,0.43,Rain,0.9897936029670716,0.14250832791617088,20.9,21.5,20.0,20.9,21.5,20.0,19.5,16.3,14.5,91.6,73.9,72.2,0.001,0.0,0.101,4.17,0.0,8.33,rain,noprecip,rain,32.0,33.1,17.3,16.6,22.3,9.4,108.8,117.7,16.2,1009.3,1015.4,1022.4,83.6,37.4,99.2,5.5,10.0,9.8,161.8,260.8,47.6
2024-03-24,24.7,24.7,23.5,92.7,0.198,8.33,rain,33.8,18.4,108.5,1010.4,90.6,5.3,186.8,0.46,Rain,0.992098522791769,0.12546123335273648,25.1,20.9,21.5,26.2,20.9,21.5,22.3,19.5,16.3,85.4,91.6,73.9,0.021,0.001,0.0,4.17,4.17,0.0,rain,rain,noprecip,33.5,32.0,33.1,24.1,16.6,22.3,114.6,108.8,117.7,1007.8,1009.3,1015.4,82.3,83.6,37.4,7.6,5.5,10.0,208.4,161.8,260.8
2024-03-25,26.3,27.8,23.6,85.9,0.101,8.33,rain,25.2,22.3,122.5,1012.0,73.7,7.4,130.7,0.5,Rain,0.9941098647022418,0.10837701279187609,24.7,25.1,20.9,24.7,26.2,20.9,23.5,22.3,19.5,92.7,85.4,91.6,0.198,0.021,0.001,8.33,4.17,4.17,rain,rain,rain,33.8,33.5,32.0,18.4,24.1,16.6,108.5,114.6,108.8,1010.4,1007.8,1009.3,90.6,82.3,83.6,5.3,7.6,5.5,186.8,208.4,161.8
2024-03-26,26.5,27.8,22.5,80.1,0.3,12.5,rain,36.4,24.1,136.6,1015.4,62.5,8.1,162.5,0.53,Rain,0.9958270335100595,0.09126072172931188,26.3,24.7,25.1,27.8,24.7,26.2,23.6,23.5,22.3,85.9,92.7,85.4,0.101,0.198,0.021,8.33,8.33,4.17,rain,rain,rain,25.2,33.8,33.5,22.3,18.4,24.1,122.5,108.5,114.6,1012.0,1010.4,1007.8,73.7,90.6,82.3,7.4,5.3,7.6,130.7,186.8,208.4
2024-03-27,26.0,27.2,22.8,82.9,0.2,4.17,rain,37.1,24.1,131.9,1014.4,73.8,7.7,167.3,0.57,Rain,0.9972495210773451,0.07411742515094437,26.5,26.3,24.7,27.8,27.8,24.7,22.5,23.6,23.5,80.1,85.9,92.7,0.3,0.101,0.198,12.5,8.33,8.33,rain,rain,rain,36.4,25.2,33.8,24.1,22.3,18.4,136.6,122.5,108.5,1015.4,1012.0,1010.4,62.5,73.7,90.6,8.1,7.4,5.3,162.5,130.7,186.8
2024-03-28,24.4,24.4,22.9,91.6,8.3,75.0,rain,25.9,18.4,90.0,1012.6,80.3,5.5,137.5,0.6,Rain,0.998376906467142,0.056952196034039754,26.0,26.5,26.3,27.2,27.8,27.8,22.8,22.5,23.6,82.9,80.1,85.9,0.2,0.3,0.101,4.17,12.5,8.33,rain,rain,rain,37.1,36.4,25.2,24.1,24.1,22.3,131.9,136.6,122.5,1014.4,1015.4,1012.0,73.8,62.5,73.7,7.7,8.1,7.4,167.3,162.5,130.7
2024-03-29,23.2,23.3,21.5,90.4,4.6,45.83,rain,48.2,25.9,33.9,1013.2,69.0,7.1,100.6,0.64,Rain,0.9992088560679753,0.03977011384605572,24.4,26.0,26.5,24.4,27.2,27.8,22.9,22.8,22.5,91.6,82.9,80.1,8.3,0.2,0.3,75.0,4.17,12.5,rain,rain,rain,25.9,37.1,36.4,18.4,24.1,24.1,90.0,131.9,136.6,1012.6,1014.4,1015.4,80.3,73.8,62.5,5.5,7.7,8.1,137.5,167.3,162.5
2024-03-30,25.4,27.0,22.9,86.9,0.0,0.0,noprecip,25.2,20.5,115.5,1010.6,75.3,6.5,163.7,0.67,Cloudy,0.9997451236925734,0.022576263041545485,23.2,24.4,26.0,23.3,24.4,27.2,21.5,22.9,22.8,90.4,91.6,82.9,4.6,8.3,0.2,45.83,75.0,4.17,rain,rain,rain,48.2,25.9,37.1,25.9,18.4,24.1,33.9,90.0,131.9,1013.2,1012.6,1014.4,69.0,80.3,73.8,7.1,5.5,7.7,100.6,137.5,167.3
2024-03-31,27.4,30.2,24.4,84.5,0.0,0.0,noprecip,25.6,18.4,96.3,1007.5,63.3,5.2,237.4,0.7,Cloudy,0.9999855506507186,0.005375731557583884,25.4,23.2,24.4,27.0,23.3,24.4,22.9,21.5,22.9,86.9,90.4,91.6,0.0,4.6,8.3,0.0,45.83,75.0,noprecip,rain,rain,25.2,48.2,25.9,20.5,25.9,18.4,115.5,33.9,90.0,1010.6,1013.2,1012.6,75.3,69.0,80.3,6.5,7.1,5.5,163.7,100.6,137.5
2024-04-01,27.8,31.1,24.7,84.1,0.0,0.0,noprecip,33.1,18.4,95.2,1004.0,55.3,6.7,284.5,0.74,Cloudy,0.9999300657962057,-0.011826390691832589,27.4,25.4,23.2,30.2,27.0,23.3,24.4,22.9,21.5,84.5,86.9,90.4,0.0,0.0,4.6,0.0,0.0,45.83,noprecip,noprecip,rain,25.6,25.2,48.2,18.4,20.5,25.9,96.3,115.5,33.9,1007.5,1010.6,1013.2,63.3,75.3,69.0,5.2,6.5,7.1,237.4,163.7,100.6
2024-04-02,27.7,30.7,24.6,84.2,0.0,0.0,noprecip,37.4,20.5,100.2,1002.8,53.9,7.9,289.4,0.75,Cloudy,0.9995786855478958,-0.029025013321975237,27.8,27.4,25.4,31.1,30.2,27.0,24.7,24.4,22.9,84.1,84.5,86.9,0.0,0.0,0.0,0.0,0.0,0.0,noprecip,noprecip,noprecip,33.1,25.6,25.2,18.4,18.4,20.5,95.2,96.3,115.5,1004.0,1007.5,1010.6,55.3,63.3,75.3,6.7,5.2,6.5,284.5,237.4,163.7
2024-04-03,28.1,32.0,25.1,84.1,0.0,0.0,noprecip,29.9,20.5,96.8,1004.3,84.0,7.7,283.9,0.81,Cloudy,0.9989315138848577,-0.046215046983708354,27.7,27.8,27.4,30.7,31.1,30.2,24.6,24.7,24.4,84.2,84.1,84.5,0.0,0.0,0.0,0.0,0.0,0.0,noprecip,noprecip,noprecip,37.4,33.1,25.6,20.5,18.4,18.4,100.2,95.2,96.3,1002.8,1004.0,1007.5,53.9,55.3,63.3,7.9,6.7,5.2,289.4,284.5,237.4
2024-04-04,27.8,31.5,25.3,86.8,0.0,0.0,noprecip,28.4,20.5,108.6,1005.1,95.5,7.9,289.3,0.84,Cloudy,0.9979887423155984,-0.06339140486951038,28.1,27.7,27.8,32.0,30.7,31.1,25.1,24.6,24.7,84.1,84.2,84.1,0.0,0.0,0.0,0.0,0.0,0.0,noprecip,noprecip,noprecip,29.9,37.4,33.1,20.5,20.5,18.4,96.8,100.2,95.2,1004.3,1002.8,1004.0,84.0,53.9,55.3,7.7,7.9,6.7,283.9,289.4,284.5
2024-04-05,26.7,28.9,24.9,89.6,0.198,8.33,rain,32.4,24.1,135.7,1007.3,97.8,8.1,87.4,0.88,Rain,0.9967506498213929,-0.08054900421874167,27.8,28.1,27.7,31.5,32.0,30.7,25.3,25.1,24.6,86.8,84.1,84.2,0.0,0.0,0.0,0.0,0.0,0.0,noprecip,noprecip,noprecip,28.4,29.9,37.4,20.5,20.5,20.5,108.6,96.8,100.2,1005.1,1004.3,1002.8,95.5,84.0,53.9,7.9,7.7,7.9,289.3,283.9,289.4
2024-04-06,25.7,26.8,24.0,90.4,0.997,8.33,rain,33.1,22.3,136.7,1008.6,97.4,7.4,97.6,0.91,Rain,0.9952176027737294,-0.09768276782171598,26.7,27.8,28.1,28.9,31.5,32.0,24.9,25.3,25.1,89.6,86.8,84.1,0.198,0.0,0.0,8.33,0.0,0.0,rain,noprecip,noprecip,32.4,28.4,29.9,24.1,20.5,20.5,135.7,108.6,96.8,1007.3,1005.1,1004.3,97.8,95.5,84.0,8.1,7.9,7.7,87.4,289.3,283.9
2024-04-07,24.3,24.3,23.7,96.7,0.204,8.33,rain,29.2,16.6,93.7,1007.7,95.0,3.8,61.2,0.95,Rain,0.9933900548258936,-0.11478762552212701,25.7,26.7,27.8,26.8,28.9,31.5,24.0,24.9,25.3,90.4,89.6,86.8,0.997,0.198,0.0,8.33,8.33,0.0,rain,rain,noprecip,33.1,32.4,28.4,22.3,24.1,20.5,136.7,135.7,108.6,1008.6,1007.3,1005.1,97.4,97.8,95.5,7.4,8.1,7.9,97.6,87.4,289.3
2024-04-08,22.9,22.9,20.1,84.8,0.834,8.33,rain,28.8,24.1,49.3,1011.9,99.5,8.6,68.6,0.98,Rain,0.9912685467787256,-0.13185851571739118,24.3,25.7,26.7,24.3,26.8,28.9,23.7,24.0,24.9,96.7,90.4,89.6,0.204,0.997,0.198,8.33,8.33,8.33,rain,rain,rain,29.2,33.1,32.4,16.6,22.3,24.1,93.7,136.7,135.7,1007.7,1008.6,1007.3,95.0,97.4,97.8,3.8,7.4,8.1,61.2,97.6,87.4
2024-04-09,23.0,23.0,20.5,86.3,1.002,12.5,rain,14.4,16.6,38.6,1014.6,97.9,9.2,62.2,0.0,Rain,0.9888537064205885,-0.1488903868564548,22.9,24.3,25.7,22.9,24.3,26.8,20.1,23.7,24.0,84.8,96.7,90.4,0.834,0.204,0.997,8.33,8.33,8.33,rain,rain,rain,28.8,29.2,33.1,24.1,16.6,22.3,49.3,93.7,136.7,1011.9,1007.7,1008.6,99.5,95.0,97.4,8.6,3.8,7.4,68.6,61.2,97.6
2024-04-10,23.3,23.3,21.9,91.9,0.204,12.5,rain,23.8,9.4,99.8,1014.5,89.7,5.2,128.7,0.05,Rain,0.986146248341595,-0.16587819893463143,23.0,22.9,24.3,23.0,22.9,24.3,20.5,20.1,23.7,86.3,84.8,96.7,1.002,0.834,0.204,12.5,8.33,8.33,rain,rain,rain,14.4,28.8,29.2,16.6,24.1,16.6,38.6,49.3,93.7,1014.6,1011.9,1007.7,97.9,99.5,95.0,9.2,8.6,3.8,62.2,68.6,61.2
2024-04-11,25.5,26.8,23.6,89.3,0.4,12.5,rain,31.3,18.4,120.0,1013.2,76.3,5.7,167.1,0.08,Rain,0.9831469737221499,-0.1828169249850199,23.3,23.0,22.9,23.3,23.0,22.9,21.9,20.5,20.1,91.9,86.3,84.8,0.204,1.002,0.834,12.5,12.5,8.33,rain,rain,rain,23.8,14.4,28.8,9.4,16.6,24.1,99.8,38.6,49.3,1014.5,1014.6,1011.9,89.7,97.9,99.5,5.2,9.2,8.6,128.7,62.2,68.6
2024-04-12,27.1,29.4,24.0,83.8,0.0,0.0,rain,35.3,18.4,134.0,1011.4,83.1,8.1,160.0,0.11,Cloudy,0.9798567700958665,-0.1997015525660636,25.5,23.3,23.0,26.8,23.3,23.0,23.6,21.9,20.5,89.3,91.9,86.3,0.4,0.204,1.002,12.5,12.5,12.5,rain,rain,rain,31.3,23.8,14.4,18.4,9.4,16.6,120.0,99.8,38.6,1013.2,1014.5,1014.6,76.3,89.7,97.9,5.7,5.2,9.2,167.1,128.7,62.2
2024-04-13,27.6,30.6,24.5,83.4,0.0,0.0,rain,36.0,22.3,136.9,1008.5,87.9,9.2,187.5,0.15,Cloudy,0.9762766110869321,-0.21652708524481437,27.1,25.5,23.3,29.4,26.8,23.3,24.0,23.6,21.9,83.8,89.3,91.9,0.0,0.4,0.204,0.0,12.5,12.5,rain,rain,rain,35.3,31.3,23.8,18.4,18.4,9.4,134.0,120.0,99.8,1011.4,1013.2,1014.5,83.1,76.3,89.7,8.1,5.7,5.2,160.0,167.1,128.7
2024-04-14,27.4,30.7,25.1,87.4,0.0,0.0,noprecip,28.8,22.3,113.8,1008.6,95.5,7.7,195.0,0.18,Cloudy,0.9724075561219968,-0.23328854407545518,27.6,27.1,25.5,30.6,29.4,26.8,24.5,24.0,23.6,83.4,83.8,89.3,0.0,0.0,0.4,0.0,0.0,12.5,rain,rain,rain,36.0,35.3,31.3,22.3,18.4,18.4,136.9,134.0,120.0,1008.5,1011.4,1013.2,87.9,83.1,76.3,9.2,8.1,5.7,187.5,160.0,167.1
2024-04-15,27.1,29.6,24.9,88.0,0.2,8.33,rain,36.7,20.5,120.4,1009.7,93.0,7.9,163.8,0.21,Rain,0.9682507501166718,-0.2499809690726521,27.4,27.6,27.1,30.7,30.6,29.4,25.1,24.5,24.0,87.4,83.4,83.8,0.0,0.0,0.0,0.0,0.0,0.0,noprecip,rain,rain,28.8,36.0,35.3,22.3,22.3,18.4,113.8,136.9,134.0,1008.6,1008.5,1011.4,95.5,87.9,83.1,7.7,9.2,8.1,195.0,187.5,160.0
2024-04-16,28.3,30.6,23.6,77.9,2.977,4.17,rain,38.9,25.9,136.1,1007.9,45.5,10.4,185.9,0.25,Rain,0.9638074231367307,-0.26659942067929354,27.1,27.4,27.6,29.6,30.7,30.6,24.9,25.1,24.5,88.0,87.4,83.4,0.2,0.0,0.0,8.33,0.0,0.0,rain,noprecip,rain,36.7,28.8,36.0,20.5,22.3,22.3,120.4,113.8,136.9,1009.7,1008.6,1008.5,93.0,95.5,87.9,7.9,7.7,9.2,163.8,195.0,187.5
2024-04-17,27.3,30.4,25.1,88.1,0.0,0.0,rain,29.2,20.5,122.3,1006.7,89.1,8.2,219.8,0.28,Cloudy,0.9590788900341131,-0.28313898122818354,28.3,27.1,27.4,30.6,29.6,30.7,23.6,24.9,25.1,77.9,88.0,87.4,2.977,0.2,0.0,4.17,8.33,0.0,rain,rain,noprecip,38.9,36.7,28.8,25.9,20.5,22.3,136.1,120.4,113.8,1007.9,1009.7,1008.6,45.5,93.0,95.5,10.4,7.9,7.7,185.9,163.8,195.0
2024-04-18,27.3,29.9,24.5,86.0,13.915,8.33,rain,33.1,24.1,123.0,1004.9,61.4,8.1,177.0,0.31,Rain,0.9540665500578387,-0.2995947563972602,27.3,28.3,27.1,30.4,30.6,29.6,25.1,23.6,24.9,88.1,77.9,88.0,0.0,2.977,0.2,0.0,4.17,8.33,rain,rain,rain,29.2,38.9,36.7,20.5,25.9,20.5,122.3,136.1,120.4,1006.7,1007.9,1009.7,89.1,45.5,93.0,8.2,10.4,7.9,219.8,185.9,163.8
2024-04-19,28.4,33.6,25.6,85.2,0.0,0.0,noprecip,29.9,24.1,120.6,1002.3,77.2,8.4,273.6,0.34,Cloudy,0.9487718864399473,-0.31596187665790293,27.3,27.3,28.3,29.9,30.4,30.6,24.5,25.1,23.6,86.0,88.1,77.9,13.915,0.0,2.977,8.33,0.0,4.17,rain,rain,rain,33.1,29.2,38.9,24.1,20.5,25.9,123.0,122.3,136.1,1004.9,1006.7,1007.9,61.4,89.1,45.5,8.1,8.2,10.4,177.0,219.8,185.9
2024-04-20,28.9,34.6,25.6,83.1,8.905,4.17,rain,57.6,38.9,96.6,1002.2,75.8,8.3,272.4,0.38,Rain,0.9431964659565866,-0.33223549871590435,28.4,27.3,27.3,33.6,29.9,30.4,25.6,24.5,25.1,85.2,86.0,88.1,0.0,13.915,0.0,0.0,8.33,0.0,noprecip,rain,rain,29.9,33.1,29.2,24.1,24.1,20.5,120.6,123.0,122.3,1002.3,1004.9,1006.7,77.2,61.4,89.1,8.4,8.1,8.2,273.6,177.0,219.8
2024-04-21,27.4,31.0,24.8,86.5,40.567,4.17,rain,33.5,22.3,93.2,1004.2,90.4,8.7,244.6,0.41,Rain,0.9373419384643772,-0.3484108069446808,28.9,28.4,27.3,34.6,33.6,29.9,25.6,25.6,24.5,83.1,85.2,86.0,8.905,0.0,13.915,4.17,0.0,8.33,rain,noprecip,rain,57.6,29.9,33.1,38.9,24.1,24.1,96.6,120.6,123.0,1002.2,1002.3,1004.9,75.8,77.2,61.4,8.3,8.4,8.1,272.4,273.6,177.0
2024-04-22,26.7,29.1,24.3,86.7,0.022,8.33,rain,24.8,14.8,91.8,1006.0,95.8,9.0,97.0,0.44,Rain,0.9312100364121947,-0.3644830148102912,27.4,28.9,28.4,31.0,34.6,33.6,24.8,25.6,25.6,86.5,83.1,85.2,40.567,8.905,0.0,4.17,4.17,0.0,rain,rain,noprecip,33.5,57.6,29.9,22.3,38.9,24.1,93.2,96.6,120.6,1004.2,1002.2,1002.3,90.4,75.8,77.2,8.7,8.3,8.4,244.6,272.4,273.6
2024-04-23,28.2,32.2,25.0,83.4,2.5,33.33,rain,32.8,18.4,86.7,1006.1,90.9,8.3,134.6,0.47,Rain,0.9248025743285089,-0.38044736628785164,26.7,27.4,28.9,29.1,31.0,34.6,24.3,24.8,25.6,86.7,86.5,83.1,0.022,40.567,8.905,8.33,4.17,4.17,rain,rain,rain,24.8,33.5,57.6,14.8,22.3,38.9,91.8,93.2,96.6,1006.0,1004.2,1002.2,95.8,90.4,75.8,9.0,8.7,8.3,97.0,244.6,272.4
2024-04-24,25.8,26.4,23.9,89.4,2.97,12.5,rain,22.0,13.0,65.2,1006.9,82.8,8.3,90.2,0.5,Rain,0.9181214482844365,-0.39629913726891813,28.2,26.7,27.4,32.2,29.1,31.0,25.0,24.3,24.8,83.4,86.7,86.5,2.5,0.022,40.567,33.33,8.33,4.17,rain,rain,rain,32.8,24.8,33.5,18.4,14.8,22.3,86.7,91.8,93.2,1006.1,1006.0,1004.2,90.9,95.8,90.4,8.3,9.0,8.7,134.6,97.0,244.6
2024-04-25,28.9,34.3,25.7,83.9,5.94,8.33,rain,26.3,20.5,116.7,1004.1,65.7,7.7,208.5,0.54,Rain,0.9111686353326631,-0.41203363695942635,25.8,28.2,26.7,26.4,32.2,29.1,23.9,25.0,24.3,89.4,83.4,86.7,2.97,2.5,0.022,12.5,33.33,8.33,rain,rain,rain,22.0,32.8,24.8,13.0,18.4,14.8,65.2,86.7,91.8,1006.9,1006.1,1006.0,82.8,90.9,95.8,8.3,8.3,9.0,90.2,134.6,97.0
2024-04-26,31.1,39.7,26.7,79.2,0.0,0.0,noprecip,27.7,18.4,112.7,1001.0,50.9,7.1,289.3,0.58,Cloudy,0.9039461929224011,-0.42764620926777464,28.9,25.8,28.2,34.3,26.4,32.2,25.7,23.9,25.0,83.9,89.4,83.4,5.94,2.97,2.5,8.33,12.5,33.33,rain,rain,rain,26.3,22.0,32.8,20.5,13.0,18.4,116.7,65.2,86.7,1004.1,1006.9,1006.1,65.7,82.8,90.9,7.7,8.3,8.3,208.5,90.2,134.6
2024-04-27,32.2,38.6,24.6,69.4,0.0,0.0,noprecip,27.0,16.6,97.9,999.6,9.0,7.8,316.6,0.61,Clear,0.8964562582905575,-0.44313223418263453,31.1,28.9,25.8,39.7,34.3,26.4,26.7,25.7,23.9,79.2,83.9,89.4,0.0,5.94,2.97,0.0,8.33,12.5,noprecip,rain,rain,27.7,26.3,22.0,18.4,20.5,13.0,112.7,116.7,65.2,1001.0,1004.1,1006.9,50.9,65.7,82.8,7.1,7.7,8.3,289.3,208.5,90.2
2024-04-28,30.7,39.6,26.9,80.9,0.0,0.0,noprecip,25.9,20.5,98.6,1002.0,45.3,10.4,304.7,0.65,Cloudy,0.8887010478292915,-0.45848712914008766,32.2,31.1,28.9,38.6,39.7,34.3,24.6,26.7,25.7,69.4,79.2,83.9,0.0,0.0,5.94,0.0,0.0,8.33,noprecip,noprecip,rain,27.0,27.7,26.3,16.6,18.4,20.5,97.9,112.7,116.7,999.6,1001.0,1004.1,9.0,50.9,65.7,7.8,7.1,7.7,316.6,289.3,208.5
2024-04-29,30.2,39.4,27.2,84.5,0.2,8.33,rain,32.0,20.5,108.3,1002.1,66.7,9.7,291.5,0.68,Rain,0.8806828564301475,-0.47370635037968,30.7,32.2,31.1,39.6,38.6,39.7,26.9,24.6,26.7,80.9,69.4,79.2,0.0,0.0,0.0,0.0,0.0,0.0,noprecip,noprecip,noprecip,25.9,27.0,27.7,20.5,16.6,18.4,98.6,97.9,112.7,1002.0,999.6,1001.0,45.3,9.0,50.9,10.4,7.8,7.1,304.7,316.6,289.3
2024-04-30,31.1,40.1,26.7,78.6,0.8,4.17,rain,33.5,18.4,84.8,999.1,43.0,9.5,306.5,0.72,Rain,0.8724040568049612,-0.48878539428899265,30.2,30.7,32.2,39.4,39.6,38.6,27.2,26.9,24.6,84.5,80.9,69.4,0.2,0.0,0.0,8.33,0.0,0.0,rain,noprecip,noprecip,32.0,25.9,27.0,20.5,20.5,16.6,108.3,98.6,97.9,1002.1,1002.0,999.6,66.7,45.3,9.0,9.7,10.4,7.8,291.5,304.7,316.6
2024-05-01,26.0,27.1,22.8,82.9,2.2,41.67,rain,31.0,18.4,41.9,1004.9,93.0,9.5,74.7,0.75,Rain,0.8638670987837349,-0.503719798736334,31.1,30.2,30.7,40.1,39.4,39.6,26.7,27.2,26.9,78.6,84.5,80.9,0.8,0.2,0.0,4.17,8.33,0.0,rain,rain,noprecip,33.5,32.0,25.9,18.4,20.5,20.5,84.8,108.3,98.6,999.1,1002.1,1002.0,43.0,66.7,45.3,9.5,9.7,10.4,306.5,291.5,304.7
2024-05-02,24.1,24.1,22.5,91.1,32.473,8.33,rain,15.8,16.6,61.6,1008.1,89.2,8.5,73.7,0.79,Rain,0.8550745085896932,-0.518505144391157,26.0,31.1,30.2,27.1,40.1,39.4,22.8,26.7,27.2,82.9,78.6,84.5,2.2,0.8,0.2,41.67,4.17,8.33,rain,rain,rain,31.0,33.5,32.0,18.4,18.4,20.5,41.9,84.8,108.3,1004.9,999.1,1002.1,93.0,43.0,66.7,9.5,9.5,9.7,74.7,306.5,291.5
2024-05-03,25.1,25.6,23.6,91.6,34.2,12.5,rain,32.0,22.3,103.6,1007.9,93.3,8.0,92.6,0.83,Rain,0.8460288880917339,-0.533137056031809,24.1,26.0,31.1,24.1,27.1,40.1,22.5,22.8,26.7,91.1,82.9,78.6,32.473,2.2,0.8,8.33,41.67,4.17,rain,rain,rain,15.8,31.0,33.5,16.6,18.4,18.4,61.6,41.9,84.8,1008.1,1004.9,999.1,89.2,93.0,43.0,8.5,9.5,9.5,73.7,74.7,306.5
2024-05-04,28.2,32.1,25.1,84.1,0.1,4.17,rain,27.0,22.3,118.5,1004.6,72.5,8.8,255.8,0.86,Rain,0.8367329140344921,-0.5476112038402312,25.1,24.1,26.0,25.6,24.1,27.1,23.6,22.5,22.8,91.6,91.1,82.9,34.2,32.473,2.2,12.5,8.33,41.67,rain,rain,rain,32.0,15.8,31.0,22.3,16.6,18.4,103.6,61.6,41.9,1007.9,1008.1,1004.9,93.3,89.2,93.0,8.0,8.5,9.5,92.6,73.7,74.7
2024-05-05,26.5,27.9,22.2,77.4,1.1,33.33,rain,28.1,16.6,52.3,1008.3,85.0,9.9,86.0,0.9,Rain,0.8271893372462497,-0.5619233046832195,28.2,25.1,24.1,32.1,25.6,24.1,25.1,23.6,22.5,84.1,91.6,91.1,0.1,34.2,32.473,4.17,12.5,8.33,rain,rain,rain,27.0,32.0,15.8,22.3,22.3,16.6,118.5,103.6,61.6,1004.6,1007.9,1008.1,72.5,93.3,89.2,8.8,8.0,8.5,255.8,92.6,73.7
2024-05-06,26.1,27.0,23.5,86.4,2.106,4.17,rain,32.4,16.6,51.9,1011.0,79.7,9.3,87.7,0.93,Rain,0.8174009818249189,-0.5760691233798758,26.5,28.2,25.1,27.9,32.1,25.6,22.2,25.1,23.6,77.4,84.1,91.6,1.1,0.1,34.2,33.33,4.17,12.5,rain,rain,rain,28.1,27.0,32.0,16.6,22.3,22.3,52.3,118.5,103.6,1008.3,1004.6,1007.9,85.0,72.5,93.3,9.9,8.8,8.0,86.0,255.8,92.6
2024-05-07,27.3,30.3,24.7,85.9,4.947,4.17,rain,22.7,13.0,72.2,1012.7,82.0,9.2,136.6,0.97,Rain,0.8073707443023492,-0.5900444739548627,26.1,26.5,28.2,27.0,27.9,32.1,23.5,22.2,25.1,86.4,77.4,84.1,2.106,1.1,0.1,4.17,33.33,4.17,rain,rain,rain,32.4,28.1,27.0,16.6,16.6,22.3,51.9,52.3,118.5,1011.0,1008.3,1004.6,79.7,85.0,72.5,9.3,9.9,8.8,87.7,86.0,255.8
2024-05-08,27.3,30.5,25.4,89.7,5.095,4.17,rain,26.6,14.8,99.5,1011.7,82.3,7.8,171.2,0.0,Rain,0.7971015927871943,-0.6038452208771035,27.3,26.1,26.5,30.3,27.0,27.9,24.7,23.5,22.2,85.9,86.4,77.4,4.947,2.106,1.1,4.17,4.17,33.33,rain,rain,rain,22.7,32.4,28.1,13.0,16.6,16.6,72.2,51.9,52.3,1012.7,1011.0,1008.3,82.0,79.7,85.0,9.2,9.3,9.9,136.6,87.7,86.0
2024-05-09,26.1,27.6,23.7,87.0,2.997,8.33,rain,23.8,20.5,73.8,1012.7,89.2,9.6,132.7,0.03,Rain,0.7865965660866021,-0.6174672802835514,27.3,27.3,26.1,30.5,30.3,27.0,25.4,24.7,23.5,89.7,85.9,86.4,5.095,4.947,2.106,4.17,4.17,4.17,rain,rain,rain,26.6,22.7,32.4,14.8,13.0,16.6,99.5,72.2,51.9,1011.7,1012.7,1011.0,82.3,82.0,79.7,7.8,9.2,9.3,171.2,136.6,87.7
2024-05-10,27.9,31.2,24.5,82.8,0.131,8.33,rain,34.2,24.1,121.6,1011.5,66.7,9.1,248.4,0.07,Rain,0.7758587728069828,-0.6309066211876704,26.1,27.3,27.3,27.6,30.5,30.3,23.7,25.4,24.7,87.0,89.7,85.9,2.997,5.095,4.947,8.33,4.17,4.17,rain,rain,rain,23.8,26.6,22.7,20.5,14.8,13.0,73.8,99.5,72.2,1012.7,1011.7,1012.7,89.2,82.3,82.0,9.6,7.8,9.2,132.7,171.2,136.6
2024-05-11,29.2,34.7,25.6,82.3,0.3,12.5,rain,27.4,20.5,144.6,1010.7,60.4,9.3,228.6,0.1,Rain,0.7648913904341226,-0.6441592666722685,27.9,26.1,27.3,31.2,27.6,30.5,24.5,23.7,25.4,82.8,87.0,89.7,0.131,2.997,5.095,8.33,8.33,4.17,rain,rain,rain,34.2,23.8,26.6,24.1,20.5,14.8,121.6,73.8,99.5,1011.5,1012.7,1011.7,66.7,89.2,82.3,9.1,9.6,7.8,248.4,132.7,171.2
2024-05-12,28.5,33.1,25.5,84.7,17.074,4.17,rain,25.9,24.1,102.5,1010.3,70.8,8.7,178.3,0.13,Rain,0.753697664392914,-0.6572212950663319,29.2,27.9,26.1,34.7,31.2,27.6,25.6,24.5,23.7,82.3,82.8,87.0,0.3,0.131,2.997,12.5,8.33,8.33,rain,rain,rain,27.4,34.2,23.8,20.5,24.1,20.5,144.6,121.6,73.8,1010.7,1011.5,1012.7,60.4,66.7,89.2,9.3,9.1,9.6,228.6,248.4,132.7
2024-05-13,26.7,28.5,22.9,80.8,144.501,16.67,rain,20.9,16.6,326.8,1012.0,63.0,9.5,69.7,0.16,Rain,0.742280907086982,-0.6700888411055113,28.5,29.2,27.9,33.1,34.7,31.2,25.5,25.6,24.5,84.7,82.3,82.8,17.074,0.3,0.131,4.17,12.5,8.33,rain,rain,rain,25.9,27.4,34.2,24.1,20.5,24.1,102.5,144.6,121.6,1010.3,1010.7,1011.5,70.8,60.4,66.7,8.7,9.3,9.1,178.3,228.6,248.4
2024-05-14,28.1,31.1,23.8,78.6,0.1,4.17,rain,27.0,14.8,137.8,1011.2,46.3,9.9,246.9,0.2,Rain,0.7306444969184916,-0.6827580970759147,26.7,28.5,29.2,28.5,33.1,34.7,22.9,25.5,25.6,80.8,84.7,82.3,144.501,17.074,0.3,16.67,4.17,12.5,rain,rain,rain,20.9,25.9,27.4,16.6,24.1,20.5,326.8,102.5,144.6,1012.0,1010.3,1010.7,63.0,70.8,60.4,9.5,8.7,9.3,69.7,178.3,228.6
2024-05-15,27.5,30.8,25.1,87.2,0.792,4.17,rain,27.7,22.3,93.5,1012.3,76.7,8.3,202.0,0.25,Rain,0.7187918772884232,-0.6952253139408722,28.1,26.7,28.5,31.1,28.5,33.1,23.8,22.9,25.5,78.6,80.8,84.7,0.1,144.501,17.074,4.17,16.67,4.17,rain,rain,rain,27.0,20.9,25.9,14.8,16.6,24.1,137.8,326.8,102.5,1011.2,1012.0,1010.3,46.3,63.0,70.8,9.9,9.5,8.7,246.9,69.7,178.3
2024-05-16,27.5,29.2,23.2,78.5,0.198,4.17,rain,33.8,16.6,25.2,1012.8,85.2,9.9,90.2,0.26,Rain,0.7067265555776158,-0.7074868024503348,27.5,28.1,26.7,30.8,31.1,28.5,25.1,23.8,22.9,87.2,78.6,80.8,0.792,0.1,144.501,4.17,4.17,16.67,rain,rain,rain,27.7,27.0,20.9,22.3,14.8,16.6,93.5,137.8,326.8,1012.3,1011.2,1012.0,76.7,46.3,63.0,8.3,9.9,9.5,202.0,246.9,69.7
2024-05-17,27.9,30.1,22.8,74.6,0.7,20.83,rain,27.0,20.5,140.8,1009.9,71.0,9.3,220.9,0.29,Rain,0.6944521021088763,-0.719538934232584,27.5,27.5,28.1,29.2,30.8,31.1,23.2,25.1,23.8,78.5,87.2,78.6,0.198,0.792,0.1,4.17,4.17,4.17,rain,rain,rain,33.8,27.7,27.0,16.6,22.3,14.8,25.2,93.5,137.8,1012.8,1012.3,1011.2,85.2,76.7,46.3,9.9,8.3,9.9,90.2,202.0,246.9
2024-05-18,29.1,35.7,26.0,84.0,9.4,41.67,rain,34.9,22.3,133.7,1004.8,89.4,9.9,193.3,0.33,Rain,0.6819721490904629,-0.7313781428679254,27.9,27.5,27.5,30.1,29.2,30.8,22.8,23.2,25.1,74.6,78.5,87.2,0.7,0.198,0.792,20.83,4.17,4.17,rain,rain,rain,27.0,33.8,27.7,20.5,16.6,22.3,140.8,25.2,93.5,1009.9,1012.8,1012.3,71.0,85.2,76.7,9.3,9.9,8.3,220.9,90.2,202.0
2024-05-19,28.4,34.3,26.2,88.1,43.841,8.33,rain,31.3,25.9,84.4,1002.4,84.7,9.8,136.8,0.36,Rain,0.6692903895412567,-0.7430009249440493,29.1,27.9,27.5,35.7,30.1,29.2,26.0,22.8,23.2,84.0,74.6,78.5,9.4,0.7,0.198,41.67,20.83,4.17,rain,rain,rain,34.9,27.0,33.8,22.3,20.5,16.6,133.7,140.8,25.2,1004.8,1009.9,1012.8,89.4,71.0,85.2,9.9,9.3,9.9,193.3,220.9,90.2
2024-05-20,27.7,30.9,24.7,84.7,7.927,8.33,rain,30.2,16.6,301.3,1005.8,51.7,8.6,207.2,0.39,Rain,0.6564105761979381,-0.7544038410927472,28.4,29.1,27.9,34.3,35.7,30.1,26.2,26.0,22.8,88.1,84.0,74.6,43.841,9.4,0.7,8.33,41.67,20.83,rain,rain,rain,31.3,34.9,27.0,25.9,22.3,20.5,84.4,133.7,140.8,1002.4,1004.8,1009.9,84.7,89.4,71.0,9.8,9.9,9.3,136.8,193.3,220.9
2024-05-21,28.4,32.4,24.7,81.2,1.0,12.5,rain,28.1,9.4,72.5,1007.7,72.5,8.4,198.2,0.42,Rain,0.6433365204044917,-0.765583517007675,27.7,28.4,29.1,30.9,34.3,35.7,24.7,26.2,26.0,84.7,88.1,84.0,7.927,43.841,9.4,8.33,8.33,41.67,rain,rain,rain,30.2,31.3,34.9,16.6,25.9,22.3,301.3,84.4,133.7,1005.8,1002.4,1004.8,51.7,84.7,89.4,8.6,9.8,9.9,207.2,136.8,193.3
2024-05-22,28.7,31.8,23.8,76.3,0.021,4.17,rain,21.2,16.6,15.1,1008.7,53.6,8.8,224.7,0.46,Rain,0.6300720909843687,-0.7765366444428655,28.4,27.7,28.4,32.4,30.9,34.3,24.7,24.7,26.2,81.2,84.7,88.1,1.0,7.927,43.841,12.5,8.33,8.33,rain,rain,rain,28.1,30.2,31.3,9.4,16.6,25.9,72.5,301.3,84.4,1007.7,1005.8,1002.4,72.5,51.7,84.7,8.4,8.6,9.8,198.2,207.2,136.8
2024-05-23,27.9,31.5,24.6,82.6,5.939,8.33,rain,20.5,14.8,272.6,1008.1,61.7,8.7,198.9,0.5,Rain,0.6166212130956382,-0.7872599821916922,28.7,28.4,27.7,31.8,32.4,30.9,23.8,24.7,24.7,76.3,81.2,84.7,0.021,1.0,7.927,4.17,12.5,8.33,rain,rain,rain,21.2,28.1,30.2,16.6,9.4,16.6,15.1,72.5,301.3,1008.7,1007.7,1005.8,53.6,72.5,51.7,8.8,8.4,8.6,224.7,198.2,207.2
2024-05-24,29.3,33.6,24.8,78.8,0.9,16.67,rain,42.5,22.3,130.8,1007.6,57.5,7.8,247.5,0.52,Rain,0.6029878670694714,-0.7977503570459932,27.9,28.7,28.4,31.5,31.8,32.4,24.6,23.8,24.7,82.6,76.3,81.2,5.939,0.021,1.0,8.33,4.17,12.5,rain,rain,rain,20.5,21.2,28.1,14.8,16.6,9.4,272.6,15.1,72.5,1008.1,1008.7,1007.7,61.7,53.6,72.5,8.7,8.8,8.4,198.9,224.7,198.2
2024-05-25,28.2,33.8,26.2,89.4,13.968,8.33,rain,31.7,20.5,134.6,1007.5,71.7,8.8,129.9,0.56,Rain,0.5891760872322963,-0.8080046647350754,29.3,27.9,28.7,33.6,31.5,31.8,24.8,24.6,23.8,78.8,82.6,76.3,0.9,5.939,0.021,16.67,8.33,4.17,rain,rain,rain,42.5,20.5,21.2,22.3,14.8,16.6,130.8,272.6,15.1,1007.6,1008.1,1008.7,57.5,61.7,53.6,7.8,8.7,8.8,247.5,198.9,224.7
2024-05-26,30.7,38.9,26.9,81.5,10.472,8.33,rain,31.7,13.0,159.2,1004.9,64.4,9.7,215.9,0.59,Rain,0.5751899607119775,-0.8180198708443175,28.2,29.3,27.9,33.8,33.6,31.5,26.2,24.8,24.6,89.4,78.8,82.6,13.968,0.9,5.939,8.33,16.67,8.33,rain,rain,rain,31.7,42.5,20.5,20.5,22.3,14.8,134.6,130.8,272.6,1007.5,1007.6,1008.1,71.7,57.5,61.7,8.8,7.8,8.7,129.9,247.5,198.9
2024-05-27,32.1,40.8,26.2,73.1,0.198,4.17,rain,25.2,14.8,231.0,1001.2,70.8,9.5,210.2,0.63,Rain,0.5610336262283677,-0.8277930117131022,30.7,28.2,29.3,38.9,33.8,33.6,26.9,26.2,24.8,81.5,89.4,78.8,10.472,13.968,0.9,8.33,8.33,16.67,rain,rain,rain,31.7,31.7,42.5,13.0,20.5,22.3,159.2,134.6,130.8,1004.9,1007.5,1007.6,64.4,71.7,57.5,9.7,8.8,7.8,215.9,129.9,247.5
2024-05-28,31.8,41.6,26.9,76.0,0.2,8.33,rain,28.8,14.8,52.3,1000.9,57.9,9.9,178.6,0.67,Rain,0.5467112728685939,-0.8373211953118121,32.1,30.7,28.2,40.8,38.9,33.8,26.2,26.9,26.2,73.1,81.5,89.4,0.198,10.472,13.968,4.17,8.33,8.33,rain,rain,rain,25.2,31.7,31.7,14.8,13.0,20.5,231.0,159.2,134.6,1001.2,1004.9,1007.5,70.8,64.4,71.7,9.5,9.7,8.8,210.2,215.9,129.9
2024-05-29,32.0,42.9,27.6,78.4,0.0,0.0,rain,28.8,24.1,120.2,1000.7,76.6,11.0,244.5,0.7,Cloudy,0.5322271388474397,-0.8466016020976267,31.8,32.1,30.7,41.6,40.8,38.9,26.9,26.2,26.9,76.0,73.1,81.5,0.2,0.198,10.472,8.33,4.17,8.33,rain,rain,rain,28.8,25.2,31.7,14.8,14.8,13.0,52.3,231.0,159.2,1000.9,1001.2,1004.9,57.9,70.8,64.4,9.9,9.5,9.7,178.6,210.2,215.9
2024-05-30,30.2,38.0,26.4,80.7,57.387,4.17,rain,32.0,29.5,92.7,1002.0,80.0,9.2,177.9,0.74,Rain,0.5175855102531889,-0.8556314858488706,32.0,31.8,32.1,42.9,41.6,40.8,27.6,26.9,26.2,78.4,76.0,73.1,0.0,0.2,0.198,0.0,8.33,4.17,rain,rain,rain,28.8,28.8,25.2,24.1,14.8,14.8,120.2,52.3,231.0,1000.7,1000.9,1001.2,76.6,57.9,70.8,11.0,9.9,9.5,244.5,178.6,210.2
2024-05-31,26.6,28.6,23.7,84.7,31.694,12.5,rain,24.5,13.0,294.6,1006.2,90.2,9.8,96.1,0.75,Rain,0.5027907197793043,-0.8644081744776648,30.2,32.0,31.8,38.0,42.9,41.6,26.4,27.6,26.9,80.7,78.4,76.0,57.387,0.0,0.2,4.17,0.0,8.33,rain,rain,rain,32.0,28.8,28.8,29.5,24.1,14.8,92.7,120.2,52.3,1002.0,1000.7,1000.9,80.0,76.6,57.9,9.2,11.0,9.9,177.9,244.5,178.6
2024-06-01,30.0,34.4,24.3,73.5,0.1,4.17,rain,16.9,11.2,100.3,1007.3,50.2,9.7,247.0,0.81,Rain,0.4878471454423119,-0.8729290708206411,26.6,30.2,32.0,28.6,38.0,42.9,23.7,26.4,27.6,84.7,80.7,78.4,31.694,57.387,0.0,12.5,4.17,0.0,rain,rain,rain,24.5,32.0,28.8,13.0,29.5,24.1,294.6,92.7,120.2,1006.2,1002.0,1000.7,90.2,80.0,76.6,9.8,9.2,11.0,96.1,177.9,244.5
2024-06-02,31.0,39.6,26.6,78.3,0.6,25.0,rain,40.7,22.3,130.1,1005.9,53.9,9.8,225.1,0.85,Rain,0.47275920928627757,-0.881191653407483,30.0,26.6,30.2,34.4,28.6,38.0,24.3,23.7,26.4,73.5,84.7,80.7,0.1,31.694,57.387,4.17,12.5,4.17,rain,rain,rain,16.9,24.5,32.0,11.2,13.0,29.5,100.3,294.6,92.7,1007.3,1006.2,1002.0,50.2,90.2,80.0,9.7,9.8,9.2,247.0,96.1,177.9
2024-06-03,30.9,38.8,26.3,78.3,0.011,4.17,rain,25.2,29.5,103.0,1003.0,60.0,9.0,202.0,0.88,Rain,0.4575313760742512,-0.8891934772070711,31.0,30.0,26.6,39.6,34.4,28.6,26.6,24.3,23.7,78.3,73.5,84.7,0.6,0.1,31.694,25.0,4.17,12.5,rain,rain,rain,40.7,16.9,24.5,22.3,11.2,13.0,130.1,100.3,294.6,1005.9,1007.3,1006.2,53.9,50.2,90.2,9.8,9.7,9.8,225.1,247.0,96.1
2024-06-04,29.1,35.6,26.1,84.5,12.594,8.33,rain,29.9,14.8,62.9,1004.0,67.0,9.9,118.2,0.92,Rain,0.44216815196707204,-0.8969321743510065,30.9,31.0,30.0,38.8,39.6,34.4,26.3,26.6,24.3,78.3,78.3,73.5,0.011,0.6,0.1,4.17,25.0,4.17,rain,rain,rain,25.2,40.7,16.9,29.5,22.3,11.2,103.0,130.1,100.3,1003.0,1005.9,1007.3,60.0,53.9,50.2,9.0,9.8,9.7,202.0,225.1,247.0
2024-06-05,27.2,30.6,25.1,88.6,69.268,12.5,rain,23.0,20.5,23.5,1007.0,91.8,9.8,41.1,0.95,Rain,0.42667408318992467,-0.9044054548343001,29.1,30.9,31.0,35.6,38.8,39.6,26.1,26.3,26.6,84.5,78.3,78.3,12.594,0.011,0.6,8.33,4.17,25.0,rain,rain,rain,29.9,25.2,40.7,14.8,29.5,22.3,62.9,103.0,130.1,1004.0,1003.0,1005.9,67.0,60.0,53.9,9.9,9.0,9.8,118.2,202.0,225.1
2024-06-06,26.3,28.1,24.3,88.6,5.676,12.5,rain,23.0,16.6,339.4,1008.6,94.4,9.8,113.2,0.0,Rain,0.4110537546870351,-0.9116111071930239,27.2,29.1,30.9,30.6,35.6,38.8,25.1,26.1,26.3,88.6,84.5,78.3,69.268,12.594,0.011,12.5,8.33,4.17,rain,rain,rain,23.0,29.9,25.2,20.5,14.8,29.5,23.5,62.9,103.0,1007.0,1004.0,1003.0,91.8,67.0,60.0,9.8,9.9,9.0,41.1,118.2,202.0
2024-06-07,28.5,33.3,25.8,85.7,9.2,41.67,rain,21.2,22.3,108.5,1005.0,79.6,7.7,169.6,0.02,Rain,0.3953117887649151,-0.9185469991587165,26.3,27.2,29.1,28.1,30.6,35.6,24.3,25.1,26.1,88.6,88.6,84.5,5.676,69.268,12.594,12.5,12.5,8.33,rain,rain,rain,23.0,23.0,29.9,16.6,20.5,14.8,339.4,23.5,62.9,1008.6,1007.0,1004.0,94.4,91.8,67.0,9.8,9.8,9.9,113.2,41.1,118.2
2024-06-08,29.0,34.9,26.0,84.6,39.631,8.33,rain,22.3,14.8,130.7,1002.8,77.7,8.9,80.8,0.05,Rain,0.37945284372454435,-0.925211078289358,28.5,26.3,27.2,33.3,28.1,30.6,25.8,24.3,25.1,85.7,88.6,88.6,9.2,5.676,69.268,41.67,12.5,12.5,rain,rain,rain,21.2,23.0,23.0,22.3,16.6,20.5,108.5,339.4,23.5,1005.0,1008.6,1007.0,79.6,94.4,91.8,7.7,9.8,9.8,169.6,113.2,41.1
2024-06-09,26.3,27.1,25.4,95.2,31.782,12.5,rain,21.6,13.0,70.8,1003.9,89.1,8.6,85.6,0.09,Rain,0.36348161248290634,-0.9316013725767187,29.0,28.5,26.3,34.9,33.3,28.1,26.0,25.8,24.3,84.6,85.7,88.6,39.631,9.2,5.676,8.33,41.67,12.5,rain,rain,rain,22.3,21.2,23.0,14.8,22.3,16.6,130.7,108.5,339.4,1002.8,1005.0,1008.6,77.7,79.6,94.4,8.9,7.7,9.8,80.8,169.6,113.2
2024-06-10,28.1,33.1,26.3,89.8,15.959,16.67,rain,29.9,16.6,103.0,1005.3,85.1,8.3,177.4,0.12,Rain,0.3474028211842774,-0.9377159910299093,26.3,29.0,28.5,27.1,34.9,33.3,25.4,26.0,25.8,95.2,84.6,85.7,31.782,39.631,9.2,12.5,8.33,41.67,rain,rain,rain,21.6,22.3,21.2,13.0,14.8,22.3,70.8,130.7,108.5,1003.9,1002.8,1005.0,89.1,77.7,79.6,8.6,8.9,7.7,85.6,80.8,169.6
2024-06-11,30.3,39.1,27.2,84.3,10.884,8.33,rain,27.0,18.4,115.2,1004.9,69.0,8.5,204.5,0.15,Rain,0.3312212278016865,-0.9435531242349544,28.1,26.3,29.0,33.1,27.1,34.9,26.3,25.4,26.0,89.8,95.2,84.6,15.959,31.782,39.631,16.67,12.5,8.33,rain,rain,rain,29.9,21.6,22.3,16.6,13.0,14.8,103.0,70.8,130.7,1005.3,1003.9,1002.8,85.1,89.1,77.7,8.3,8.6,8.9,177.4,85.6,80.8
2024-06-12,31.7,40.4,26.6,76.1,0.198,4.17,rain,25.9,11.2,100.9,1003.8,65.3,9.1,251.7,0.18,Rain,0.31494162072895193,-0.9491110448902284,30.3,28.1,26.3,39.1,33.1,27.1,27.2,26.3,25.4,84.3,89.8,95.2,10.884,15.959,31.782,8.33,16.67,12.5,rain,rain,rain,27.0,29.9,21.6,18.4,16.6,13.0,115.2,103.0,70.8,1004.9,1005.3,1003.9,69.0,85.1,89.1,8.5,8.3,8.6,204.5,177.4,85.6
2024-06-13,32.9,41.0,25.5,67.2,0.0,0.0,noprecip,28.8,13.0,242.8,1000.9,52.2,9.7,249.6,0.22,Cloudy,0.2985688173637202,-0.9543881083175908,31.7,30.3,28.1,40.4,39.1,33.1,26.6,27.2,26.3,76.1,84.3,89.8,0.198,10.884,15.959,4.17,8.33,16.67,rain,rain,rain,25.9,27.0,29.9,11.2,18.4,16.6,100.9,115.2,103.0,1003.8,1004.9,1005.3,65.3,69.0,85.1,9.1,8.5,8.3,251.7,204.5,177.4
2024-06-14,33.3,41.5,25.2,63.6,0.0,0.0,noprecip,24.8,11.2,219.0,999.4,67.9,10.4,216.6,0.25,Cloudy,0.2821076626819194,-0.9593827529490743,32.9,31.7,30.3,41.0,40.4,39.1,25.5,26.6,27.2,67.2,76.1,84.3,0.0,0.198,10.884,0.0,4.17,8.33,noprecip,rain,rain,28.8,25.9,27.0,13.0,11.2,18.4,242.8,100.9,115.2,1000.9,1003.8,1004.9,52.2,65.3,69.0,9.7,9.1,8.5,249.6,251.7,204.5
2024-06-15,31.6,43.0,27.9,81.1,0.2,8.33,rain,21.2,13.0,28.8,1001.1,51.0,7.4,161.0,0.28,Rain,0.26556302780405594,-0.9640935007889755,33.3,32.9,31.7,41.5,41.0,40.4,25.2,25.5,26.6,63.6,67.2,76.1,0.0,0.0,0.198,0.0,0.0,4.17,noprecip,noprecip,rain,24.8,28.8,25.9,11.2,13.0,11.2,219.0,242.8,100.9,999.4,1000.9,1003.8,67.9,52.2,65.3,10.4,9.7,9.1,216.6,249.6,251.7
2024-06-16,31.4,41.8,27.3,80.1,0.099,4.17,rain,16.6,16.6,78.4,1002.1,52.6,8.5,219.9,0.31,Rain,0.24893980855376657,-0.9685189578512204,31.6,33.3,32.9,43.0,41.5,41.0,27.9,25.2,25.5,81.1,63.6,67.2,0.2,0.0,0.0,8.33,0.0,0.0,rain,noprecip,noprecip,21.2,24.8,28.8,13.0,11.2,13.0,28.8,219.0,242.8,1001.1,999.4,1000.9,51.0,67.9,52.2,7.4,10.4,9.7,161.0,216.6,249.6
2024-06-17,30.7,38.1,26.5,80.3,1.979,4.17,rain,23.0,37.1,90.0,1001.6,60.7,9.2,232.0,0.34,Rain,0.23224292400907015,-0.9726578145718654,31.4,31.6,33.3,41.8,43.0,41.5,27.3,27.9,25.2,80.1,81.1,63.6,0.099,0.2,0.0,4.17,8.33,0.0,rain,rain,noprecip,16.6,21.2,24.8,16.6,13.0,11.2,78.4,28.8,219.0,1002.1,1001.1,999.4,52.6,51.0,67.9,8.5,7.4,10.4,219.9,161.0,216.6
2024-06-18,30.1,37.8,26.6,82.8,7.916,4.17,rain,28.4,14.8,66.4,1000.9,67.8,10.9,146.8,0.38,Rain,0.21547731504673012,-0.976508846196619,30.7,31.4,31.6,38.1,41.8,43.0,26.5,27.3,27.9,80.3,80.1,81.1,1.979,0.099,0.2,4.17,4.17,8.33,rain,rain,rain,23.0,16.6,21.2,37.1,16.6,13.0,90.0,78.4,28.8,1001.6,1002.1,1001.1,60.7,52.6,51.0,9.2,8.5,7.4,232.0,219.9,161.0
2024-06-19,31.6,40.8,26.8,77.6,0.1,4.17,rain,37.1,24.1,97.2,1000.3,68.9,10.4,252.9,0.41,Rain,0.19864794288017112,-0.9800709131432666,30.1,30.7,31.4,37.8,38.1,41.8,26.6,26.5,27.3,82.8,80.3,80.1,7.916,1.979,0.099,4.17,4.17,4.17,rain,rain,rain,28.4,23.0,16.6,14.8,37.1,16.6,66.4,90.0,78.4,1000.9,1001.6,1002.1,67.8,60.7,52.6,10.9,9.2,8.5,146.8,232.0,219.9
2024-06-20,31.0,40.3,27.1,80.9,0.798,4.17,rain,28.8,16.6,100.8,1000.5,75.1,9.9,238.3,0.44,Rain,0.18175978759137534,-0.9833429613388902,31.6,30.1,30.7,40.8,37.8,38.1,26.8,26.6,26.5,77.6,82.8,80.3,0.1,7.916,1.979,4.17,4.17,4.17,rain,rain,rain,37.1,28.4,23.0,24.1,14.8,37.1,97.2,66.4,90.0,1000.3,1000.9,1001.6,68.9,67.8,60.7,10.4,10.9,9.2,252.9,146.8,232.0
2024-06-21,31.0,42.6,28.2,85.7,3.958,8.33,rain,28.4,18.4,108.3,1001.3,76.8,9.6,238.1,0.47,Rain,0.16481784665719793,-0.9863240225317866,31.0,31.6,30.1,40.3,40.8,37.8,27.1,26.8,26.6,80.9,77.6,82.8,0.798,0.1,7.916,4.17,4.17,4.17,rain,rain,rain,28.8,37.1,28.4,16.6,24.1,14.8,100.8,97.2,66.4,1000.5,1000.3,1000.9,75.1,68.9,67.8,9.9,10.4,10.9,238.3,252.9,146.8
2024-06-22,31.6,42.1,27.4,79.4,1.2,37.5,rain,29.2,18.4,125.7,1002.8,78.3,11.1,232.5,0.5,Rain,0.14782713347053048,-0.9890132145779883,31.0,31.0,31.6,42.6,40.3,40.8,28.2,27.1,26.8,85.7,80.9,77.6,3.958,0.798,0.1,8.33,4.17,4.17,rain,rain,rain,28.4,28.8,37.1,18.4,16.6,24.1,108.3,100.8,97.2,1001.3,1000.5,1000.3,76.8,75.1,68.9,9.6,9.9,10.4,238.1,238.3,252.9
2024-06-23,30.7,39.5,26.9,80.9,51.514,8.33,rain,27.0,22.3,114.9,1003.0,64.5,10.3,245.9,0.54,Rain,0.13079267585675922,-0.9914097417023038,31.6,31.0,31.0,42.1,42.6,40.3,27.4,28.2,27.1,79.4,85.7,80.9,1.2,3.958,0.798,37.5,8.33,4.17,rain,rain,rain,29.2,28.4,28.8,18.4,18.4,16.6,125.7,108.3,100.8,1002.8,1001.3,1000.5,78.3,76.8,75.1,11.1,9.6,9.9,232.5,238.1,238.3
2024-06-24,28.8,35.2,26.2,85.9,12.126,12.5,rain,18.4,14.8,101.4,1002.9,80.1,9.4,56.2,0.58,Rain,0.11371951458594969,-0.9935128947338007,30.7,31.6,31.0,39.5,42.1,42.6,26.9,27.4,28.2,80.9,79.4,85.7,51.514,1.2,3.958,8.33,37.5,8.33,rain,rain,rain,27.0,29.2,28.4,22.3,18.4,18.4,114.9,125.7,108.3,1003.0,1002.8,1001.3,64.5,78.3,76.8,10.3,11.1,9.6,245.9,232.5,238.1
2024-06-25,27.9,33.3,26.2,90.4,11.951,12.5,rain,26.6,16.6,82.2,1004.6,70.4,9.5,122.6,0.61,Rain,0.0966127018812031,-0.9953220513156602,28.8,30.7,31.6,35.2,39.5,42.1,26.2,26.9,27.4,85.9,80.9,79.4,12.126,51.514,1.2,12.5,8.33,37.5,rain,rain,rain,18.4,27.0,29.2,14.8,22.3,18.4,101.4,114.9,125.7,1002.9,1003.0,1002.8,80.1,64.5,78.3,9.4,10.3,11.1,56.2,245.9,232.5
2024-06-26,28.0,32.8,25.7,88.0,6.264,8.33,rain,29.5,16.6,85.6,1007.7,79.7,10.0,104.7,0.65,Rain,0.07947729992362097,-0.9968366760893436,27.9,28.8,30.7,33.3,35.2,39.5,26.2,26.2,26.9,90.4,85.9,80.9,11.951,12.126,51.514,12.5,12.5,8.33,rain,rain,rain,26.6,18.4,27.0,16.6,14.8,22.3,82.2,101.4,114.9,1004.6,1002.9,1003.0,70.4,80.1,64.5,9.5,9.4,10.3,122.6,56.2,245.9
2024-06-27,28.7,34.1,25.9,85.8,6.0,12.5,rain,29.5,18.4,104.8,1008.4,66.8,9.5,141.5,0.69,Rain,0.062318379354325076,-0.998056320853012,28.0,27.9,28.8,32.8,33.3,35.2,25.7,26.2,26.2,88.0,90.4,85.9,6.264,11.951,12.126,8.33,12.5,12.5,rain,rain,rain,29.5,26.6,18.4,16.6,16.6,14.8,85.6,82.2,101.4,1007.7,1004.6,1002.9,79.7,70.4,80.1,10.0,9.5,9.4,104.7,122.6,56.2
2024-06-28,30.0,37.9,26.6,82.3,0.297,4.17,rain,34.2,24.1,131.6,1005.8,67.9,10.0,197.3,0.72,Rain,0.04514101777397193,-0.9989806246941579,28.7,28.0,27.9,34.1,32.8,33.3,25.9,25.7,26.2,85.8,88.0,90.4,6.0,6.264,11.951,12.5,8.33,12.5,rain,rain,rain,29.5,29.5,26.6,18.4,16.6,16.6,104.8,85.6,82.2,1008.4,1007.7,1004.6,66.8,79.7,70.4,9.5,10.0,9.5,141.5,104.7,122.6
2024-06-29,31.4,40.6,26.8,77.7,9.894,4.17,rain,28.4,16.6,143.5,1003.3,65.6,11.0,267.6,0.75,Rain,0.02795029824021032,-0.999609314096404,30.0,28.7,28.0,37.9,34.1,32.8,26.6,25.9,25.7,82.3,85.8,88.0,0.297,6.0,6.264,4.17,12.5,8.33,rain,rain,rain,34.2,29.5,29.5,24.1,18.4,16.6,131.6,104.8,85.6,1005.8,1008.4,1007.7,67.9,66.8,79.7,10.0,9.5,10.0,197.3,141.5,104.7
2024-06-30,32.0,40.9,26.4,73.5,3.068,4.17,rain,36.4,13.0,164.6,1002.0,97.3,10.0,255.8,0.79,Rain,0.01075130776352193,-0.9999422030204416,31.4,30.0,28.7,40.6,37.9,34.1,26.8,26.6,25.9,77.7,82.3,85.8,9.894,0.297,6.0,4.17,4.17,12.5,rain,rain,rain,28.4,34.2,29.5,16.6,24.1,18.4,143.5,131.6,104.8,1003.3,1005.8,1008.4,65.6,67.9,66.8,11.0,10.0,9.5,267.6,197.3,141.5
2024-07-01,32.4,39.9,25.1,66.0,0.0,0.0,noprecip,26.6,13.0,176.4,1000.2,90.3,10.0,154.1,0.83,Cloudy,-0.00645086419810515,-0.9999791929590823,32.0,31.4,30.0,40.9,40.6,37.9,26.4,26.8,26.6,73.5,77.7,82.3,3.068,9.894,0.297,4.17,4.17,4.17,rain,rain,rain,36.4,28.4,34.2,13.0,16.6,24.1,164.6,143.5,131.6,1002.0,1003.3,1005.8,97.3,65.6,67.9,10.0,11.0,10.0,255.8,267.6,197.3
2024-07-02,29.6,37.3,26.5,83.4,4.4,20.83,rain,22.0,16.6,72.4,1001.8,82.8,9.8,156.1,0.87,Rain,-0.023651127245231586,-0.9997202729664083,32.4,32.0,31.4,39.9,40.9,40.6,25.1,26.4,26.8,66.0,73.5,77.7,0.0,3.068,9.894,0.0,4.17,4.17,noprecip,rain,rain,26.6,36.4,28.4,13.0,13.0,16.6,176.4,164.6,143.5,1000.2,1002.0,1003.3,90.3,97.3,65.6,10.0,10.0,11.0,154.1,255.8,267.6
2024-07-03,27.4,31.8,26.1,92.8,7.818,8.33,rain,40.7,22.3,76.0,1006.7,80.6,8.1,109.9,0.9,Rain,-0.04084439154329611,-0.9991655196610109,29.6,32.4,32.0,37.3,39.9,40.9,26.5,25.1,26.4,83.4,66.0,73.5,4.4,0.0,3.068,20.83,0.0,4.17,rain,noprecip,rain,22.0,26.6,36.4,16.6,13.0,13.0,72.4,176.4,164.6,1001.8,1000.2,1002.0,82.8,90.3,97.3,9.8,10.0,10.0,156.1,154.1,255.8
2024-07-04,30.1,36.6,25.8,79.3,2.922,8.33,rain,30.6,25.9,137.0,1008.5,54.5,9.3,213.1,0.94,Rain,-0.05802556932878035,-0.9983150972033183,27.4,29.6,32.4,31.8,37.3,39.9,26.1,26.5,25.1,92.8,83.4,66.0,7.818,4.4,0.0,8.33,20.83,0.0,rain,rain,noprecip,40.7,22.0,26.6,22.3,16.6,13.0,76.0,72.4,176.4,1006.7,1001.8,1000.2,80.6,82.8,90.3,8.1,9.8,10.0,109.9,156.1,154.1
2024-07-05,29.9,35.7,25.4,77.9,0.1,12.5,rain,31.3,25.9,125.8,1006.0,47.6,11.1,256.2,0.97,Rain,-0.07518957641475855,-0.9971692572470178,30.1,27.4,29.6,36.6,31.8,37.3,25.8,26.1,26.5,79.3,92.8,83.4,2.922,7.818,4.4,8.33,8.33,20.83,rain,rain,rain,30.6,40.7,22.0,25.9,22.3,16.6,137.0,76.0,72.4,1008.5,1006.7,1001.8,54.5,80.6,82.8,9.3,8.1,9.8,213.1,109.9,156.1
2024-07-06,30.6,38.5,26.3,78.6,0.158,12.5,rain,27.0,20.5,122.6,1005.4,53.0,12.5,236.0,0.0,Rain,-0.09233133369539122,-0.9957283388645872,29.9,30.1,27.4,35.7,36.6,31.8,25.4,25.8,26.1,77.9,79.3,92.8,0.1,2.922,7.818,12.5,8.33,8.33,rain,rain,rain,31.3,30.6,40.7,25.9,25.9,22.3,125.8,137.0,76.0,1006.0,1008.5,1006.7,47.6,54.5,80.6,11.1,9.3,8.1,256.2,213.1,109.9
2024-07-07,31.3,39.3,26.0,74.9,0.0,0.0,rain,36.4,25.9,138.8,1005.9,45.5,10.6,282.7,0.04,Cloudy,-0.10944576864891556,-0.993992768446958,30.6,29.9,30.1,38.5,35.7,36.6,26.3,25.4,25.8,78.6,77.9,79.3,0.158,0.1,2.922,12.5,12.5,8.33,rain,rain,rain,27.0,31.3,30.6,20.5,25.9,25.9,122.6,125.8,137.0,1005.4,1006.0,1008.5,53.0,47.6,54.5,12.5,11.1,9.3,236.0,256.2,213.1
2024-07-08,31.2,39.6,26.4,76.5,0.396,4.17,rain,30.6,22.3,135.7,1005.1,56.3,11.0,278.6,0.07,Rain,-0.12652781683868314,-0.9919630595773397,31.3,30.6,29.9,39.3,38.5,35.7,26.0,26.3,25.4,74.9,78.6,77.9,0.0,0.158,0.1,0.0,12.5,12.5,rain,rain,rain,36.4,27.0,31.3,25.9,20.5,25.9,138.8,122.6,125.8,1005.9,1005.4,1006.0,45.5,53.0,47.6,10.6,12.5,11.1,282.7,236.0,256.2
2024-07-09,31.0,40.4,27.0,80.2,10.983,4.17,rain,24.8,22.3,121.4,1004.7,66.4,9.8,272.1,0.11,Rain,-0.1435724234118113,-0.9896398128792412,31.2,31.3,30.6,39.6,39.3,38.5,26.4,26.0,26.3,76.5,74.9,78.6,0.396,0.0,0.158,4.17,0.0,12.5,rain,rain,rain,30.6,36.4,27.0,22.3,25.9,20.5,135.7,138.8,122.6,1005.1,1005.9,1005.4,56.3,45.5,53.0,11.0,10.6,12.5,278.6,282.7,236.0
2024-07-10,29.7,38.3,27.0,85.8,0.747,4.17,rain,24.5,14.8,112.9,1004.8,60.9,11.1,260.1,0.14,Rain,-0.16057454459499376,-0.9870237158387383,31.0,31.2,31.3,40.4,39.6,39.3,27.0,26.4,26.0,80.2,76.5,74.9,10.983,0.396,0.0,4.17,4.17,0.0,rain,rain,rain,24.8,30.6,36.4,22.3,22.3,25.9,121.4,135.7,138.8,1004.7,1005.1,1005.9,66.4,56.3,45.5,9.8,11.0,10.6,272.1,278.6,282.7
2024-07-11,30.6,38.3,26.2,78.3,9.598,4.17,rain,27.0,18.4,108.2,1003.1,50.1,10.4,270.5,0.17,Rain,-0.17752914918703497,-0.984115542601034,29.7,31.0,31.2,38.3,40.4,39.6,27.0,27.0,26.4,85.8,80.2,76.5,0.747,10.983,0.396,4.17,4.17,4.17,rain,rain,rain,24.5,24.8,30.6,14.8,22.3,22.3,112.9,121.4,135.7,1004.8,1004.7,1005.1,60.9,66.4,56.3,11.1,9.8,11.0,260.1,272.1,278.6
2024-07-12,31.5,40.3,26.5,75.8,1.413,8.33,rain,22.7,20.5,136.2,1001.2,76.4,11.2,238.7,0.2,Rain,-0.19443122004766195,-0.9809161537413774,30.6,29.7,31.0,38.3,38.3,40.4,26.2,27.0,27.0,78.3,85.8,80.2,9.598,0.747,10.983,4.17,4.17,4.17,rain,rain,rain,27.0,24.5,24.8,18.4,14.8,22.3,108.2,112.9,121.4,1003.1,1004.8,1004.7,50.1,60.9,66.4,10.4,11.1,9.8,270.5,260.1,272.1
2024-07-13,31.6,40.9,26.8,76.4,15.337,8.33,rain,23.4,25.9,116.3,1000.9,65.1,10.2,217.9,0.23,Rain,-0.2112757555821793,-0.9774264960104055,31.5,30.6,29.7,40.3,38.3,38.3,26.5,26.2,27.0,75.8,78.3,85.8,1.413,9.598,0.747,8.33,4.17,4.17,rain,rain,rain,22.7,27.0,24.5,20.5,18.4,14.8,136.2,108.2,112.9,1001.2,1003.1,1004.8,76.4,50.1,60.9,11.2,10.4,11.1,238.7,270.5,260.1
2024-07-14,29.8,36.9,26.2,81.8,1.927,8.33,rain,34.9,20.5,108.0,1004.0,60.1,9.7,168.9,0.25,Rain,-0.2280577712215198,-0.9736476020539838,31.6,31.5,30.6,40.9,40.3,38.3,26.8,26.5,26.2,76.4,75.8,78.3,15.337,1.413,9.598,8.33,8.33,4.17,rain,rain,rain,23.4,22.7,27.0,25.9,20.5,18.4,116.3,136.2,108.2,1000.9,1001.2,1003.1,65.1,76.4,50.1,10.2,11.2,10.4,217.9,238.7,270.5
2024-07-15,29.3,35.5,26.1,83.7,25.717,12.5,rain,33.1,18.4,353.0,1005.5,76.9,10.0,177.3,0.3,Rain,-0.24477230089725957,-0.9695805901076308,29.8,31.6,31.5,36.9,40.9,40.3,26.2,26.8,26.5,81.8,76.4,75.8,1.927,15.337,1.413,8.33,8.33,8.33,rain,rain,rain,34.9,23.4,22.7,20.5,25.9,20.5,108.0,116.3,136.2,1004.0,1000.9,1001.2,60.1,65.1,76.4,9.7,10.2,11.2,168.9,217.9,238.7
2024-07-16,29.6,36.2,26.1,82.5,7.97,12.5,rain,32.0,18.4,45.1,1005.6,75.9,9.6,152.1,0.33,Rain,-0.2614143985111562,-0.965226663665613,29.3,29.8,31.6,35.5,36.9,40.9,26.1,26.2,26.8,83.7,81.8,76.4,25.717,1.927,15.337,12.5,8.33,8.33,rain,rain,rain,33.1,34.9,23.4,18.4,20.5,25.9,353.0,108.0,116.3,1005.5,1004.0,1000.9,76.9,60.1,65.1,10.0,9.7,10.2,177.3,168.9,217.9
2024-07-17,28.9,35.1,26.1,85.7,2.222,16.67,rain,29.2,16.6,51.3,1004.8,80.6,10.0,94.1,0.36,Rain,-0.2779791393987801,-0.9605871111248129,29.6,29.3,29.8,36.2,35.5,36.9,26.1,26.1,26.2,82.5,83.7,81.8,7.97,25.717,1.927,12.5,12.5,8.33,rain,rain,rain,32.0,33.1,34.9,18.4,18.4,20.5,45.1,353.0,108.0,1005.6,1005.5,1004.0,75.9,76.9,60.1,9.6,10.0,9.7,152.1,177.3,168.9
2024-07-18,27.7,32.3,25.8,89.9,24.287,16.67,rain,23.0,22.3,67.1,1003.9,88.0,9.2,103.0,0.4,Rain,-0.2944616217868012,-0.9556633054034704,28.9,29.6,29.3,35.1,36.2,35.5,26.1,26.1,26.1,85.7,82.5,83.7,2.222,7.97,25.717,16.67,12.5,12.5,rain,rain,rain,29.2,32.0,33.1,16.6,18.4,18.4,51.3,45.1,353.0,1004.8,1005.6,1005.5,80.6,75.9,76.9,10.0,9.6,10.0,94.1,152.1,177.3
2024-07-19,28.2,33.5,26.2,88.9,11.491,12.5,rain,26.3,16.6,77.3,1004.0,75.0,9.9,105.8,0.43,Rain,-0.3108569682435036,-0.9504567035349151,27.7,28.9,29.6,32.3,35.1,36.2,25.8,26.1,26.1,89.9,85.7,82.5,24.287,2.222,7.97,16.67,16.67,12.5,rain,rain,rain,23.0,29.2,32.0,22.3,16.6,18.4,67.1,51.3,45.1,1003.9,1004.8,1005.6,88.0,80.6,75.9,9.2,10.0,9.6,103.0,94.1,152.1
2024-07-20,28.6,35.2,26.5,88.5,11.894,12.5,rain,22.3,25.9,70.7,1004.8,63.6,10.2,148.0,0.46,Rain,-0.3271603271220951,-0.9449688462364056,28.2,27.7,28.9,33.5,32.3,35.1,26.2,25.8,26.1,88.9,89.9,85.7,11.491,24.287,2.222,12.5,16.67,16.67,rain,rain,rain,26.3,23.0,29.2,16.6,22.3,16.6,77.3,67.1,51.3,1004.0,1003.9,1004.8,75.0,88.0,80.6,9.9,9.2,10.0,105.8,103.0,94.1
2024-07-21,30.6,38.3,26.3,79.3,2.474,4.17,rain,23.8,14.8,69.6,1004.8,55.3,11.6,208.6,0.5,Rain,-0.34336687399638804,-0.939201357453208,28.6,28.2,27.7,35.2,33.5,32.3,26.5,26.2,25.8,88.5,88.9,89.9,11.894,11.491,24.287,12.5,12.5,16.67,rain,rain,rain,22.3,26.3,23.0,25.9,16.6,22.3,70.7,77.3,67.1,1004.8,1004.0,1003.9,63.6,75.0,88.0,10.2,9.9,9.2,148.0,105.8,103.0
2024-07-22,29.6,36.9,26.4,83.8,3.986,8.33,rain,28.8,13.0,309.6,1002.4,72.0,9.8,175.3,0.53,Rain,-0.3594718130884232,-0.9331559438780432,30.6,28.6,28.2,38.3,35.2,33.5,26.3,26.5,26.2,79.3,88.5,88.9,2.474,11.894,11.491,4.17,12.5,12.5,rain,rain,rain,23.8,22.3,26.3,14.8,25.9,16.6,69.6,70.7,77.3,1004.8,1004.8,1004.0,55.3,63.6,75.0,11.6,10.2,9.9,208.6,148.0,105.8
2024-07-23,26.6,28.5,25.6,94.2,188.332,16.67,rain,28.4,22.3,280.6,997.8,90.6,5.7,27.0,0.56,Rain,-0.3754703786876202,-0.9268343944460494,29.6,30.6,28.6,36.9,38.3,35.2,26.4,26.3,26.5,83.8,79.3,88.5,3.986,2.474,11.894,8.33,4.17,12.5,rain,rain,rain,28.8,23.8,22.3,13.0,14.8,25.9,309.6,69.6,70.7,1002.4,1004.8,1004.8,72.0,55.3,63.6,9.8,11.6,10.2,175.3,208.6,148.0
2024-07-24,27.9,32.2,26.0,90.0,100.843,16.67,rain,26.3,14.8,287.3,995.6,91.3,8.3,76.1,0.6,Rain,-0.3913578365610259,-0.9202385798054075,26.6,29.6,30.6,28.5,36.9,38.3,25.6,26.4,26.3,94.2,83.8,79.3,188.332,3.986,2.474,16.67,8.33,4.17,rain,rain,rain,28.4,28.8,23.8,22.3,13.0,14.8,280.6,309.6,69.6,997.8,1002.4,1004.8,90.6,72.0,55.3,5.7,9.8,11.6,27.0,175.3,208.6
2024-07-25,29.7,37.5,26.7,84.7,23.566,12.5,rain,29.9,13.0,288.1,995.0,78.4,9.7,185.8,0.63,Rain,-0.4071294853542516,-0.9133704517637858,27.9,26.6,29.6,32.2,28.5,36.9,26.0,25.6,26.4,90.0,94.2,83.8,100.843,188.332,3.986,16.67,16.67,8.33,rain,rain,rain,26.3,28.4,28.8,14.8,22.3,13.0,287.3,280.6,309.6,995.6,997.8,1002.4,91.3,90.6,72.0,8.3,5.7,9.8,76.1,27.0,175.3
2024-07-26,32.5,42.5,27.1,75.2,0.0,0.0,noprecip,23.8,16.6,263.4,995.5,60.1,10.5,305.9,0.67,Cloudy,-0.4227806579826773,-0.9062320427107697,29.7,27.9,26.6,37.5,32.2,28.5,26.7,26.0,25.6,84.7,90.0,94.2,23.566,100.843,188.332,12.5,16.67,16.67,rain,rain,rain,29.9,26.3,28.4,13.0,14.8,22.3,288.1,287.3,280.6,995.0,995.6,997.8,78.4,91.3,90.6,9.7,8.3,5.7,185.8,76.1,27.0
2024-07-27,32.9,46.2,28.5,78.7,0.0,0.0,noprecip,21.6,27.7,46.8,998.7,67.9,9.5,278.4,0.71,Cloudy,-0.4383067230125192,-0.898825465016444,32.5,29.7,27.9,42.5,37.5,32.2,27.1,26.7,26.0,75.2,84.7,90.0,0.0,23.566,100.843,0.0,12.5,16.67,noprecip,rain,rain,23.8,29.9,26.3,16.6,13.0,14.8,263.4,288.1,287.3,995.5,995.0,995.6,60.1,78.4,91.3,10.5,9.7,8.3,305.9,185.8,76.1
2024-07-28,28.4,34.2,26.1,87.8,34.531,4.17,rain,30.2,22.3,55.3,1001.9,82.6,9.0,114.7,0.75,Rain,-0.45370308603134424,-0.8911529104063088,32.9,32.5,29.7,46.2,42.5,37.5,28.5,27.1,26.7,78.7,75.2,84.7,0.0,0.0,23.566,0.0,0.0,12.5,noprecip,noprecip,rain,21.6,23.8,29.9,27.7,16.6,13.0,46.8,263.4,288.1,998.7,995.5,995.0,67.9,60.1,78.4,9.5,10.5,9.7,278.4,305.9,185.8
2024-07-29,27.8,33.1,26.3,92.0,27.129,12.5,rain,24.1,16.6,113.6,1001.3,82.9,9.4,86.0,0.78,Rain,-0.46896519100763184,-0.8832166493127127,28.4,32.9,32.5,34.2,46.2,42.5,26.1,28.5,27.1,87.8,78.7,75.2,34.531,0.0,0.0,4.17,0.0,0.0,rain,noprecip,noprecip,30.2,21.6,23.8,22.3,27.7,16.6,55.3,46.8,263.4,1001.9,998.7,995.5,82.6,67.9,60.1,9.0,9.5,10.5,114.7,278.4,305.9
2024-07-30,27.6,32.0,26.1,91.7,1.987,12.5,rain,32.8,22.3,131.1,1001.3,91.3,8.7,67.6,0.81,Rain,-0.48408852163897587,-0.8750190302029955,27.8,28.4,32.9,33.1,34.2,46.2,26.3,26.1,28.5,92.0,87.8,78.7,27.129,34.531,0.0,12.5,4.17,0.0,rain,rain,noprecip,24.1,30.2,21.6,16.6,22.3,27.7,113.6,55.3,46.8,1001.3,1001.9,998.7,82.9,82.6,67.9,9.4,9.0,9.5,86.0,114.7,278.4
2024-07-31,28.7,34.4,25.9,85.3,0.408,12.5,rain,28.8,13.0,145.3,1002.4,86.7,10.0,109.9,0.85,Rain,-0.4990686026885319,-0.8665624788845385,27.6,27.8,28.4,32.0,33.1,34.2,26.1,26.3,26.1,91.7,92.0,87.8,1.987,27.129,34.531,12.5,12.5,4.17,rain,rain,rain,32.8,24.1,30.2,22.3,16.6,22.3,131.1,113.6,55.3,1001.3,1001.3,1001.9,91.3,82.9,82.6,8.7,9.4,9.0,67.6,86.0,114.7
2024-08-01,29.2,35.2,25.5,80.9,0.396,4.17,rain,42.8,14.8,165.2,1003.3,87.0,10.0,82.3,0.88,Rain,-0.5139010013093103,-0.8578494977869301,28.7,27.6,27.8,34.4,32.0,33.1,25.9,26.1,26.3,85.3,91.7,92.0,0.408,1.987,27.129,12.5,12.5,12.5,rain,rain,rain,28.8,32.8,24.1,13.0,22.3,16.6,145.3,131.1,113.6,1002.4,1001.3,1001.3,86.7,91.3,82.9,10.0,8.7,9.4,109.9,67.6,86.0
2024-08-02,27.3,30.8,24.9,86.6,13.3,12.5,rain,41.8,16.6,166.9,1003.4,89.1,9.7,88.8,0.92,Rain,-0.5285813283559292,-0.8488826652214553,29.2,28.7,27.6,35.2,34.4,32.0,25.5,25.9,26.1,80.9,85.3,91.7,0.396,0.408,1.987,4.17,12.5,12.5,rain,rain,rain,42.8,28.8,32.8,14.8,13.0,22.3,165.2,145.3,131.1,1003.3,1002.4,1001.3,87.0,86.7,91.3,10.0,10.0,8.7,82.3,109.9,67.6
2024-08-03,28.7,33.4,25.4,83.1,0.001,4.17,rain,30.6,14.8,75.8,1005.0,64.2,11.0,185.3,0.96,Rain,-0.5431052396834317,-0.8396646346181327,27.3,29.2,28.7,30.8,35.2,34.4,24.9,25.5,25.9,86.6,80.9,85.3,13.3,0.396,0.408,12.5,4.17,12.5,rain,rain,rain,41.8,42.8,28.8,16.6,14.8,13.0,166.9,165.2,145.3,1003.4,1003.3,1002.4,89.1,87.0,86.7,9.7,10.0,10.0,88.8,82.3,109.9
2024-08-04,30.6,37.5,25.7,76.6,0.6,16.67,rain,22.3,24.1,114.7,1006.3,64.9,10.8,265.8,0.0,Rain,-0.5574684374327892,-0.8301981337405212,28.7,27.3,29.2,33.4,30.8,35.2,25.4,24.9,25.5,83.1,86.6,80.9,0.001,13.3,0.396,4.17,12.5,4.17,rain,rain,rain,30.6,41.8,42.8,14.8,16.6,14.8,75.8,166.9,165.2,1005.0,1003.4,1003.3,64.2,89.1,87.0,11.0,9.7,10.0,185.3,88.8,82.3
2024-08-05,30.8,39.5,26.7,79.4,4.7,12.5,rain,19.4,16.6,95.9,1005.7,59.7,10.5,230.6,0.02,Rain,-0.5716666713027052,-0.8204859638785327,30.6,28.7,27.3,37.5,33.4,30.8,25.7,25.4,24.9,76.6,83.1,86.6,0.6,0.001,13.3,16.67,4.17,12.5,rain,rain,rain,22.3,30.6,41.8,24.1,14.8,16.6,114.7,75.8,166.9,1006.3,1005.0,1003.4,64.9,64.2,89.1,10.8,11.0,9.7,265.8,185.3,88.8
2024-08-06,31.1,40.1,26.9,79.3,0.9,29.17,rain,24.5,25.9,106.1,1004.9,45.6,10.2,253.6,0.06,Rain,-0.5856957398073508,-0.8105309990194823,30.8,30.6,28.7,39.5,37.5,33.4,26.7,25.7,25.4,79.4,76.6,83.1,4.7,0.6,0.001,12.5,16.67,4.17,rain,rain,rain,19.4,22.3,30.6,16.6,24.1,14.8,95.9,114.7,75.8,1005.7,1006.3,1005.0,59.7,64.9,64.2,10.5,10.8,11.0,230.6,265.8,185.3
2024-08-07,30.6,38.9,26.6,79.9,1.7,20.83,rain,22.0,24.1,115.0,1005.3,45.4,9.9,270.7,0.09,Rain,-0.5995514915196489,-0.8003361849976323,31.1,30.8,30.6,40.1,39.5,37.5,26.9,26.7,25.7,79.3,79.4,76.6,0.9,4.7,0.6,29.17,12.5,16.67,rain,rain,rain,24.5,19.4,22.3,25.9,16.6,24.1,106.1,95.9,114.7,1004.9,1005.7,1006.3,45.6,59.7,64.9,10.2,10.5,10.8,253.6,230.6,265.8
2024-08-08,31.4,39.8,26.5,77.1,0.1,4.17,rain,40.7,16.6,142.9,1005.0,40.9,10.9,280.4,0.12,Rain,-0.6132298262997502,-0.7899045386224707,30.6,31.1,30.8,38.9,40.1,39.5,26.6,26.9,26.7,79.9,79.3,79.4,1.7,0.9,4.7,20.83,29.17,12.5,rain,rain,rain,22.0,24.5,19.4,24.1,25.9,16.6,115.0,106.1,95.9,1005.3,1004.9,1005.7,45.4,45.6,59.7,9.9,10.2,10.5,270.7,253.6,230.6
2024-08-09,32.7,41.5,26.3,71.6,0.0,0.0,noprecip,27.4,18.4,137.4,1002.2,44.4,12.0,294.0,0.15,Cloudy,-0.6267266965083301,-0.7792391467859886,31.4,30.6,31.1,39.8,38.9,40.1,26.5,26.6,26.9,77.1,79.9,79.3,0.1,1.7,0.9,4.17,20.83,29.17,rain,rain,rain,40.7,22.0,24.5,16.6,24.1,25.9,142.9,115.0,106.1,1005.0,1005.3,1004.9,40.9,45.4,45.6,10.9,9.9,10.2,280.4,270.7,253.6
2024-08-10,32.9,43.2,27.1,73.6,4.5,16.67,rain,22.0,31.7,85.3,1000.3,57.0,11.0,288.4,0.19,Rain,-0.6400381082043503,-0.7683431655492202,32.7,31.4,30.6,41.5,39.8,38.9,26.3,26.5,26.6,71.6,77.1,79.9,0.0,0.1,1.7,0.0,4.17,20.83,noprecip,rain,rain,27.4,40.7,22.0,18.4,16.6,24.1,137.4,142.9,115.0,1002.2,1005.0,1005.3,44.4,40.9,45.4,12.0,10.9,9.9,294.0,280.4,270.7
2024-08-11,28.2,32.9,25.3,84.9,0.6,12.5,rain,32.4,31.7,313.5,1001.5,64.7,9.8,179.3,0.22,Rain,-0.65316012232693,-0.7572198192083127,32.9,32.7,31.4,43.2,41.5,39.8,27.1,26.3,26.5,73.6,71.6,77.1,4.5,0.0,0.1,16.67,0.0,4.17,rain,noprecip,rain,22.0,27.4,40.7,31.7,18.4,16.6,85.3,137.4,142.9,1000.3,1002.2,1005.0,57.0,44.4,40.9,11.0,12.0,10.9,288.4,294.0,280.4
2024-08-12,29.7,37.2,26.5,83.5,0.388,4.17,rain,21.6,16.6,71.7,1001.7,72.9,9.8,144.1,0.25,Rain,-0.666088855860977,-0.7458723993404063,28.2,32.9,32.7,32.9,43.2,41.5,25.3,27.1,26.3,84.9,73.6,71.6,0.6,4.5,0.0,12.5,16.67,0.0,rain,rain,noprecip,32.4,22.0,27.4,31.7,31.7,18.4,313.5,85.3,137.4,1001.5,1000.3,1002.2,64.7,57.0,44.4,9.8,11.0,12.0,179.3,288.4,294.0
2024-08-13,28.8,35.7,26.6,88.3,19.566,4.17,rain,17.6,16.6,340.4,1004.4,79.6,9.7,148.7,0.29,Rain,-0.6788204829862355,-0.734304263829602,29.7,28.2,32.9,37.2,32.9,43.2,26.5,25.3,27.1,83.5,84.9,73.6,0.388,0.6,4.5,4.17,12.5,16.67,rain,rain,rain,21.6,32.4,22.0,16.6,31.7,31.7,71.7,313.5,85.3,1001.7,1001.5,1000.3,72.9,64.7,57.0,9.8,9.8,11.0,144.1,179.3,288.4
2024-08-14,27.8,32.9,26.0,90.4,13.082,8.33,rain,22.0,13.0,312.4,1005.7,89.9,9.1,130.0,0.32,Rain,-0.6913512362094071,-0.722518835873311,28.8,29.7,28.2,35.7,37.2,32.9,26.6,26.5,25.3,88.3,83.5,84.9,19.566,0.388,0.6,4.17,4.17,12.5,rain,rain,rain,17.6,21.6,32.4,16.6,16.6,31.7,340.4,71.7,313.5,1004.4,1001.7,1001.5,79.6,72.9,64.7,9.7,9.8,9.8,148.7,144.1,179.3
2024-08-15,29.0,34.6,26.0,85.2,0.548,12.5,rain,22.7,14.8,327.3,1004.6,80.7,9.5,208.1,0.35,Rain,-0.7036774074790128,-0.7105196029692745,27.8,28.8,29.7,32.9,35.7,37.2,26.0,26.6,26.5,90.4,88.3,83.5,13.082,19.566,0.388,8.33,4.17,4.17,rain,rain,rain,22.0,17.6,21.6,13.0,16.6,16.6,312.4,340.4,71.7,1005.7,1004.4,1001.7,89.9,79.6,72.9,9.1,9.7,9.8,130.0,148.7,144.1
2024-08-16,30.2,36.4,25.4,76.8,2.0,25.0,rain,22.7,11.2,14.0,1004.2,73.6,10.0,233.8,0.38,Rain,-0.7157953492826642,-0.6983101158835584,29.0,27.8,28.8,34.6,32.9,35.7,26.0,26.0,26.6,85.2,90.4,88.3,0.548,13.082,19.566,12.5,8.33,4.17,rain,rain,rain,22.7,22.0,17.6,14.8,13.0,16.6,327.3,312.4,340.4,1004.6,1005.7,1004.4,80.7,89.9,79.6,9.5,9.1,9.7,208.1,130.0,148.7
2024-08-17,29.6,36.9,26.2,82.4,33.839,4.17,rain,17.6,14.8,60.8,1005.5,75.1,8.8,224.6,0.42,Rain,-0.7277014757264236,-0.6858939875998223,30.2,29.0,27.8,36.4,34.6,32.9,25.4,26.0,26.0,76.8,85.2,90.4,2.0,0.548,13.082,25.0,12.5,8.33,rain,rain,rain,22.7,22.7,22.0,11.2,14.8,13.0,14.0,327.3,312.4,1004.2,1004.6,1005.7,73.6,80.7,89.9,10.0,9.5,9.1,233.8,208.1,130.0
2024-08-18,30.3,38.7,26.8,82.6,5.2,41.67,rain,19.4,13.0,38.1,1005.5,75.2,8.5,181.6,0.45,Rain,-0.7393922635959241,-0.673274892250183,29.6,30.2,29.0,36.9,36.4,34.6,26.2,25.4,26.0,82.4,76.8,85.2,33.839,2.0,0.548,4.17,25.0,12.5,rain,rain,rain,17.6,22.7,22.7,14.8,11.2,14.8,60.8,14.0,327.3,1005.5,1004.2,1004.6,75.1,73.6,80.7,8.8,10.0,9.5,224.6,233.8,208.1
2024-08-19,29.6,37.2,26.6,84.6,0.444,4.17,rain,27.0,11.2,321.1,1003.8,58.8,8.5,191.3,0.48,Rain,-0.7508642533989489,-0.6604565640279754,30.3,29.6,30.2,38.7,36.9,36.4,26.8,26.2,25.4,82.6,82.4,76.8,5.2,33.839,2.0,41.67,4.17,25.0,rain,rain,rain,19.4,17.6,22.7,13.0,14.8,11.2,38.1,60.8,14.0,1005.5,1005.5,1004.2,75.2,75.1,73.6,8.5,8.8,10.0,181.6,224.6,233.8
2024-08-20,29.5,36.3,26.2,83.5,4.314,8.33,rain,23.0,14.8,118.1,1004.3,66.8,10.3,220.7,0.5,Rain,-0.7621140503891487,-0.6474427960827475,29.6,30.3,29.6,37.2,38.7,36.9,26.6,26.8,26.2,84.6,82.6,82.4,0.444,5.2,33.839,4.17,41.67,4.17,rain,rain,rain,27.0,19.4,17.6,11.2,13.0,14.8,321.1,38.1,60.8,1003.8,1005.5,1005.5,58.8,75.2,75.1,8.5,8.5,8.8,191.3,181.6,224.6
2024-08-21,28.9,35.3,26.3,86.7,37.5,4.17,rain,27.7,13.0,325.7,1005.9,79.0,9.1,128.3,0.55,Rain,-0.7731383255706026,-0.6342374393978054,29.5,29.6,30.3,36.3,37.2,38.7,26.2,26.6,26.8,83.5,84.6,82.6,4.314,0.444,5.2,8.33,4.17,41.67,rain,rain,rain,23.0,27.0,19.4,14.8,11.2,13.0,118.1,321.1,38.1,1004.3,1003.8,1005.5,66.8,58.8,75.2,10.3,8.5,8.5,220.7,191.3,181.6
2024-08-22,29.9,37.3,26.4,82.9,3.9,33.33,rain,61.2,20.5,91.7,1006.9,65.7,8.4,182.2,0.59,Rain,-0.7839338166829201,-0.620844401650647,28.9,29.5,29.6,35.3,36.3,37.2,26.3,26.2,26.6,86.7,83.5,84.6,37.5,4.314,0.444,4.17,8.33,4.17,rain,rain,rain,27.7,23.0,27.0,13.0,14.8,11.2,325.7,118.1,321.1,1005.9,1004.3,1003.8,79.0,66.8,58.8,9.1,10.3,8.5,128.3,220.7,191.3
2024-08-23,25.4,25.9,24.4,94.3,102.336,12.5,rain,23.8,14.8,84.2,1009.6,84.8,8.8,67.4,0.62,Rain,-0.7944973291665992,-0.6072676460566135,29.9,28.9,29.5,37.3,35.3,36.3,26.4,26.3,26.2,82.9,86.7,83.5,3.9,37.5,4.314,33.33,4.17,8.33,rain,rain,rain,61.2,27.7,23.0,20.5,13.0,14.8,91.7,325.7,118.1,1006.9,1005.9,1004.3,65.7,79.0,66.8,8.4,9.1,10.3,182.2,128.3,220.7
2024-08-24,26.8,29.6,24.8,89.3,31.845,12.5,rain,19.8,13.0,107.8,1008.4,64.8,9.4,91.9,0.66,Rain,-0.8048257371083452,-0.593511190196115,25.4,29.9,28.9,25.9,37.3,35.3,24.4,26.4,26.3,94.3,82.9,86.7,102.336,3.9,37.5,12.5,33.33,4.17,rain,rain,rain,23.8,61.2,27.7,14.8,20.5,13.0,84.2,91.7,325.7,1009.6,1006.9,1005.9,84.8,65.7,79.0,8.8,8.4,9.1,67.4,182.2,128.3
2024-08-25,27.9,31.9,25.1,85.2,8.127,8.33,rain,25.6,16.6,114.6,1006.8,73.1,9.9,154.0,0.69,Rain,-0.8149159841660791,-0.5795791048257612,26.8,25.4,29.9,29.6,25.9,37.3,24.8,24.4,26.4,89.3,94.3,82.9,31.845,102.336,3.9,12.5,12.5,33.33,rain,rain,rain,19.8,23.8,61.2,13.0,14.8,20.5,107.8,84.2,91.7,1008.4,1009.6,1006.9,64.8,84.8,65.7,9.4,8.8,8.4,91.9,67.4,182.2
2024-08-26,29.8,35.9,25.5,79.0,40.567,4.17,rain,20.5,14.8,112.7,1006.1,60.8,9.7,185.6,0.75,Rain,-0.8247650844733614,-0.5654755126737576,27.9,26.8,25.4,31.9,29.6,25.9,25.1,24.8,24.4,85.2,89.3,94.3,8.127,31.845,102.336,8.33,12.5,12.5,rain,rain,rain,25.6,19.8,23.8,16.6,13.0,14.8,114.6,107.8,84.2,1006.8,1008.4,1009.6,73.1,64.8,84.8,9.9,9.4,8.8,154.0,91.9,67.4
2024-08-27,30.6,37.9,26.2,78.9,8.905,4.17,rain,22.3,14.8,109.6,1005.6,48.0,10.0,200.4,0.76,Rain,-0.8343701235229537,-0.5512045872199277,29.8,27.9,26.8,35.9,31.9,29.6,25.5,25.1,24.8,79.0,85.2,89.3,40.567,8.127,31.845,4.17,8.33,12.5,rain,rain,rain,20.5,25.6,19.8,14.8,16.6,13.0,112.7,114.6,107.8,1006.1,1006.8,1008.4,60.8,73.1,64.8,9.7,9.9,9.4,185.6,154.0,91.9
2024-08-28,31.8,41.2,26.8,76.2,0.0,0.0,noprecip,19.8,14.8,97.5,1004.1,37.1,9.0,263.1,0.79,Cloudy,-0.8437282590292712,-0.5367705514607103,30.6,29.8,27.9,37.9,35.9,31.9,26.2,25.5,25.1,78.9,79.0,85.2,8.905,40.567,8.127,4.17,4.17,8.33,rain,rain,rain,22.3,20.5,25.6,14.8,14.8,16.6,109.6,112.7,114.6,1005.6,1006.1,1006.8,48.0,60.8,73.1,10.0,9.7,9.9,200.4,185.6,154.0
2024-08-29,31.4,42.3,27.7,81.2,0.0,0.0,rain,18.4,11.2,83.5,1004.0,53.4,8.9,222.5,0.83,Cloudy,-0.8528367217694595,-0.522177676659508,31.8,30.6,29.8,41.2,37.9,35.9,26.8,26.2,25.5,76.2,78.9,79.0,0.0,8.905,40.567,0.0,4.17,4.17,noprecip,rain,rain,19.8,22.3,20.5,14.8,14.8,14.8,97.5,109.6,112.7,1004.1,1005.6,1006.1,37.1,48.0,60.8,9.0,10.0,9.7,263.1,200.4,185.6
2024-08-30,29.0,34.8,25.6,82.4,38.799,8.33,rain,22.7,18.4,220.9,1005.5,71.7,9.0,147.5,0.86,Rain,-0.8616928164028521,-0.5074302810827518,31.4,31.8,30.6,42.3,41.2,37.9,27.7,26.8,26.2,81.2,76.2,78.9,0.0,0.0,8.905,0.0,0.0,4.17,rain,noprecip,rain,18.4,19.8,22.3,11.2,14.8,14.8,83.5,97.5,109.6,1004.0,1004.1,1005.6,53.4,37.1,48.0,8.9,9.0,10.0,222.5,263.1,200.4
2024-08-31,30.1,36.2,25.4,77.8,0.89,4.17,rain,20.2,13.0,80.6,1006.6,46.1,9.3,158.9,0.9,Rain,-0.8702939222685674,-0.49253272872205434,29.0,31.4,31.8,34.8,42.3,41.2,25.6,27.7,26.8,82.4,81.2,76.2,38.799,0.0,0.0,8.33,0.0,0.0,rain,rain,noprecip,22.7,18.4,19.8,18.4,11.2,14.8,220.9,83.5,97.5,1005.5,1004.0,1004.1,71.7,53.4,37.1,9.0,8.9,9.0,147.5,222.5,263.1
2024-09-01,29.4,35.5,25.6,80.8,5.096,12.5,rain,20.9,14.8,60.7,1007.3,76.1,9.9,158.2,0.93,Rain,-0.8786374941610001,-0.4774894280028391,30.1,29.0,31.4,36.2,34.8,42.3,25.4,25.6,27.7,77.8,82.4,81.2,0.89,38.799,0.0,4.17,8.33,0.0,rain,rain,rain,20.2,22.7,18.4,13.0,18.4,11.2,80.6,220.9,83.5,1006.6,1005.5,1004.0,46.1,71.7,53.4,9.3,9.0,8.9,158.9,147.5,222.5
2024-09-02,31.0,38.7,26.1,76.3,1.982,12.5,rain,16.9,11.2,81.5,1007.6,58.3,10.6,208.1,0.97,Rain,-0.886721063082993,-0.46230483047981086,29.4,30.1,29.0,35.5,36.2,34.8,25.6,25.4,25.6,80.8,77.8,82.4,5.096,0.89,38.799,12.5,4.17,8.33,rain,rain,rain,20.9,20.2,22.7,14.8,13.0,18.4,60.7,80.6,220.9,1007.3,1006.6,1005.5,76.1,46.1,71.7,9.9,9.3,9.0,158.2,158.9,147.5
2024-09-03,29.1,34.7,25.6,82.5,39.776,8.33,rain,22.0,22.3,299.0,1007.3,59.1,9.7,246.2,0.0,Rain,-0.8945422369764496,-0.4469834295196741,31.0,29.4,30.1,38.7,35.5,36.2,26.1,25.6,25.4,76.3,80.8,77.8,1.982,5.096,0.89,12.5,12.5,4.17,rain,rain,rain,16.9,20.9,20.2,11.2,14.8,13.0,81.5,60.7,80.6,1007.6,1007.3,1006.6,58.3,76.1,46.1,10.6,9.9,9.3,208.1,158.2,158.9
2024-09-04,30.7,37.2,25.7,76.4,0.0,0.0,noprecip,16.6,13.0,338.8,1003.4,43.3,10.5,269.3,0.04,Cloudy,-0.9020987014301837,-0.43152975897147144,29.1,31.0,29.4,34.7,38.7,35.5,25.6,26.1,25.6,82.5,76.3,80.8,39.776,1.982,5.096,8.33,12.5,12.5,rain,rain,rain,22.0,16.9,20.9,22.3,11.2,14.8,299.0,81.5,60.7,1007.3,1007.6,1007.3,59.1,58.3,76.1,9.7,10.6,9.9,246.2,208.1,158.2
2024-09-05,31.5,40.0,26.3,75.3,0.2,4.17,rain,29.9,14.8,306.8,1001.1,48.2,10.8,274.9,0.07,Rain,-0.9093882203647925,-0.4159483918249421,30.7,29.1,31.0,37.2,34.7,38.7,25.7,25.6,26.1,76.4,82.5,76.3,0.0,39.776,1.982,0.0,8.33,12.5,noprecip,rain,rain,16.6,22.0,16.9,13.0,22.3,11.2,338.8,299.0,81.5,1003.4,1007.3,1007.6,43.3,59.1,58.3,10.5,9.7,10.6,269.3,246.2,208.1
2024-09-06,29.7,35.7,25.7,81.1,18.14,20.83,rain,46.4,25.9,315.8,999.8,71.5,9.5,223.9,0.1,Rain,-0.9164086366943458,-0.4002439388573056,31.5,30.7,29.1,40.0,37.2,34.7,26.3,25.7,25.6,75.3,76.4,82.5,0.2,0.0,39.776,4.17,0.0,8.33,rain,noprecip,rain,29.9,16.6,22.0,14.8,13.0,22.3,306.8,338.8,299.0,1001.1,1003.4,1007.3,48.2,43.3,59.1,10.8,10.5,9.7,274.9,269.3,246.2
2024-09-07,26.4,28.2,25.1,92.7,255.269,29.17,rain,88.9,53.6,322.2,992.8,98.1,7.9,18.7,0.14,Rain,-0.9231578729647039,-0.38442104726885545,29.7,31.5,30.7,35.7,40.0,37.2,25.7,26.3,25.7,81.1,75.3,76.4,18.14,0.2,0.0,20.83,4.17,0.0,rain,rain,noprecip,46.4,29.9,16.6,25.9,14.8,13.0,315.8,306.8,338.8,999.8,1001.1,1003.4,71.5,48.2,43.3,9.5,10.8,10.5,223.9,274.9,269.3
2024-09-08,27.3,31.5,26.0,92.9,20.063,16.67,rain,57.6,38.9,127.6,998.8,95.6,9.4,38.3,0.17,Rain,-0.9296339319682695,-0.3684843993077793,26.4,29.7,31.5,28.2,35.7,40.0,25.1,25.7,26.3,92.7,81.1,75.3,255.269,18.14,0.2,29.17,20.83,4.17,rain,rain,rain,88.9,46.4,29.9,53.6,25.9,14.8,322.2,315.8,306.8,992.8,999.8,1001.1,98.1,71.5,48.2,7.9,9.5,10.8,18.7,223.9,274.9
2024-09-09,27.8,32.8,26.4,92.6,27.704,4.17,rain,32.0,32.7,94.2,1003.4,75.4,9.5,76.9,0.2,Rain,-0.9358348973349941,-0.35243871088460327,27.3,26.4,29.7,31.5,28.2,35.7,26.0,25.1,25.7,92.9,92.7,81.1,20.063,255.269,18.14,16.67,29.17,20.83,rain,rain,rain,57.6,88.9,46.4,38.9,53.6,25.9,127.6,322.2,315.8,998.8,992.8,999.8,95.6,98.1,71.5,9.4,7.9,9.5,38.3,18.7,223.9
2024-09-10,25.5,26.2,24.5,94.3,116.932,16.67,rain,19.8,14.8,71.2,1006.1,90.3,8.8,36.7,0.24,Rain,-0.9417589340994617,-0.33628873017668287,27.8,27.3,26.4,32.8,31.5,28.2,26.4,26.0,25.1,92.6,92.9,92.7,27.704,20.063,255.269,4.17,16.67,29.17,rain,rain,rain,32.0,57.6,88.9,32.7,38.9,53.6,94.2,127.6,322.2,1003.4,998.8,992.8,75.4,95.6,98.1,9.5,9.4,7.9,76.9,38.3,18.7
2024-09-11,25.1,25.1,24.3,95.3,64.042,16.67,rain,30.6,14.8,36.3,1007.8,94.2,8.1,23.1,0.25,Rain,-0.9474042892438845,-0.32003923622313857,25.5,27.8,27.3,26.2,32.8,31.5,24.5,26.4,26.0,94.3,92.6,92.9,116.932,27.704,20.063,16.67,4.17,16.67,rain,rain,rain,19.8,32.0,57.6,14.8,32.7,38.9,71.2,94.2,127.6,1006.1,1003.4,998.8,90.3,75.4,95.6,8.8,9.5,9.4,36.7,76.9,38.3
2024-09-12,27.6,31.1,25.1,86.9,0.246,16.67,rain,27.7,13.0,312.3,1007.5,60.7,9.9,90.7,0.3,Rain,-0.9527692922168511,-0.30369503751065885,25.1,25.5,27.8,25.1,26.2,32.8,24.3,24.5,26.4,95.3,94.3,92.6,64.042,116.932,27.704,16.67,16.67,4.17,rain,rain,rain,30.6,19.8,32.0,14.8,14.8,32.7,36.3,71.2,94.2,1007.8,1006.1,1003.4,94.2,90.3,75.4,8.1,8.8,9.5,23.1,36.7,76.9
2024-09-13,28.4,32.8,25.2,83.3,45.546,4.17,rain,25.9,20.5,328.6,1005.2,63.6,9.9,183.6,0.34,Rain,-0.9578523554276669,-0.28726097055059635,27.6,25.1,25.5,31.1,25.1,26.2,25.1,24.3,24.5,86.9,95.3,94.3,0.246,64.042,116.932,16.67,16.67,16.67,rain,rain,rain,27.7,30.6,19.8,13.0,14.8,14.8,312.3,36.3,71.2,1007.5,1007.8,1006.1,60.7,94.2,90.3,9.9,8.1,8.8,90.7,23.1,36.7
2024-09-14,29.6,35.2,25.5,79.7,2.201,4.17,rain,20.9,18.4,24.2,1003.0,61.5,9.7,204.8,0.37,Rain,-0.9626519747161487,-0.2707418984477642,28.4,27.6,25.1,32.8,31.1,25.1,25.2,25.1,24.3,83.3,86.9,95.3,45.546,0.246,64.042,4.17,16.67,16.67,rain,rain,rain,25.9,27.7,30.6,20.5,13.0,14.8,328.6,312.3,36.3,1005.2,1007.5,1007.8,63.6,60.7,94.2,9.9,9.9,8.1,183.6,90.7,23.1
2024-09-15,30.2,37.6,26.2,79.9,5.9,25.0,rain,16.9,13.0,72.5,1002.4,36.6,8.2,241.9,0.4,Rain,-0.9671667297977312,-0.2541427094613622,29.6,28.4,27.6,35.2,32.8,31.1,25.5,25.2,25.1,79.7,83.3,86.9,2.201,45.546,0.246,4.17,4.17,16.67,rain,rain,rain,20.9,25.9,27.7,18.4,20.5,13.0,24.2,328.6,312.3,1003.0,1005.2,1007.5,61.5,63.6,60.7,9.7,9.9,9.9,204.8,183.6,90.7
2024-09-16,28.4,33.2,25.4,85.1,96.771,8.33,rain,30.6,20.5,293.0,1004.6,68.6,8.7,184.0,0.44,Rain,-0.97139528468375,-0.23746831555846842,30.2,29.6,28.4,37.6,35.2,32.8,26.2,25.5,25.2,79.9,79.7,83.3,5.9,2.201,45.546,25.0,4.17,4.17,rain,rain,rain,16.9,20.9,25.9,13.0,18.4,20.5,72.5,24.2,328.6,1002.4,1003.0,1005.2,36.6,61.5,63.6,8.2,9.7,9.9,241.9,204.8,183.6
2024-09-17,28.8,34.1,25.5,83.3,4.496,16.67,rain,34.2,18.4,341.9,1005.4,82.2,9.7,103.8,0.47,Rain,-0.9753363880767837,-0.2207236509605022,28.4,30.2,29.6,33.2,37.6,35.2,25.4,26.2,25.5,85.1,79.9,79.7,96.771,5.9,2.201,8.33,25.0,4.17,rain,rain,rain,30.6,16.9,20.9,20.5,13.0,18.4,293.0,72.5,24.2,1004.6,1002.4,1003.0,68.6,36.6,61.5,8.7,8.2,9.7,184.0,241.9,204.8
2024-09-18,29.9,36.2,25.7,79.2,2.31,12.5,rain,33.8,13.0,339.9,1003.9,68.2,10.1,166.7,0.5,Rain,-0.9789888737409319,-0.20391367068311472,28.8,28.4,30.2,34.1,33.2,37.6,25.5,25.4,26.2,83.3,85.1,79.9,4.496,96.771,5.9,16.67,8.33,25.0,rain,rain,rain,34.2,30.6,16.9,18.4,20.5,13.0,341.9,293.0,72.5,1005.4,1004.6,1002.4,82.2,68.6,36.6,9.7,8.7,8.2,103.8,184.0,241.9
2024-09-19,30.6,36.8,25.0,73.0,0.236,8.33,rain,46.8,18.4,18.5,1002.9,61.4,9.7,183.4,0.54,Rain,-0.9823516608469237,-0.18704334906991657,29.9,28.8,28.4,36.2,34.1,33.2,25.7,25.5,25.4,79.2,83.3,85.1,2.31,4.496,96.771,12.5,16.67,8.33,rain,rain,rain,33.8,34.2,30.6,13.0,18.4,20.5,339.9,341.9,293.0,1003.9,1005.4,1004.6,68.2,82.2,68.6,10.1,9.7,8.7,166.7,103.8,184.0
2024-09-20,29.0,34.4,25.7,83.6,56.451,8.33,rain,39.2,24.1,324.1,1003.2,65.8,9.6,185.1,0.57,Rain,-0.9854237542919524,-0.17011767832049052,30.6,29.9,28.8,36.8,36.2,34.1,25.0,25.7,25.5,73.0,79.2,83.3,0.236,2.31,4.496,8.33,12.5,16.67,rain,rain,rain,46.8,33.8,34.2,18.4,13.0,18.4,18.5,339.9,341.9,1002.9,1003.9,1005.4,61.4,68.2,82.2,9.7,10.1,9.7,183.4,166.7,103.8
2024-09-21,28.1,32.3,26.1,90.0,75.026,8.33,rain,41.0,37.1,304.2,1004.7,77.2,8.9,151.1,0.61,Rain,-0.9882042449941422,-0.15314166701312007,29.0,30.6,29.9,34.4,36.8,36.2,25.7,25.0,25.7,83.6,73.0,79.2,56.451,0.236,2.31,8.33,8.33,12.5,rain,rain,rain,39.2,46.8,33.8,24.1,18.4,13.0,324.1,18.5,339.9,1003.2,1002.9,1003.9,65.8,61.4,68.2,9.6,9.7,10.1,185.1,183.4,166.7
2024-09-22,26.7,28.6,24.8,89.3,34.395,16.67,rain,41.4,18.4,0.0,1006.1,96.2,9.5,30.8,0.64,Rain,-0.9906923101615609,-0.13612033862266704,28.1,29.0,30.6,32.3,34.4,36.8,26.1,25.7,25.0,90.0,83.6,73.0,75.026,56.451,0.236,8.33,8.33,8.33,rain,rain,rain,41.0,39.2,46.8,37.1,24.1,18.4,304.2,324.1,18.5,1004.7,1003.2,1002.9,77.2,65.8,61.4,8.9,9.6,9.7,151.1,185.1,183.4
2024-09-23,26.2,27.2,22.1,78.9,15.919,16.67,rain,35.3,13.0,32.2,1009.5,85.1,9.8,59.9,0.67,Rain,-0.9928872135356962,-0.11905873003404988,26.7,28.1,29.0,28.6,32.3,34.4,24.8,26.1,25.7,89.3,90.0,83.6,34.395,75.026,56.451,16.67,8.33,8.33,rain,rain,rain,41.4,41.0,39.2,18.4,37.1,24.1,0.0,304.2,324.1,1006.1,1004.7,1003.2,96.2,77.2,65.8,9.5,8.9,9.6,30.8,151.1,185.1
2024-09-24,27.6,28.5,21.2,71.5,0.0,0.0,rain,20.5,18.4,101.5,1010.0,32.7,9.2,241.5,0.71,Cloudy,-0.994788305609327,-0.10196189005174576,26.2,26.7,28.1,27.2,28.6,32.3,22.1,24.8,26.1,78.9,89.3,90.0,15.919,34.395,75.026,16.67,16.67,8.33,rain,rain,rain,35.3,41.4,41.0,13.0,18.4,37.1,32.2,0.0,304.2,1009.5,1006.1,1004.7,85.1,96.2,77.2,9.8,9.5,8.9,59.9,30.8,151.1
2024-09-25,27.1,29.1,23.4,80.7,0.1,4.17,rain,11.5,9.4,99.7,1011.1,45.7,7.7,60.0,0.75,Rain,-0.9963950238187231,-0.08483487790576538,27.6,26.2,26.7,28.5,27.2,28.6,21.2,22.1,24.8,71.5,78.9,89.3,0.0,15.919,34.395,0.0,16.67,16.67,rain,rain,rain,20.5,35.3,41.4,18.4,13.0,18.4,101.5,32.2,0.0,1010.0,1009.5,1006.1,32.7,85.1,96.2,9.2,9.8,9.5,241.5,59.9,30.8
2024-09-26,28.5,31.5,23.9,77.7,0.0,0.0,rain,15.8,16.6,110.5,1011.1,25.8,7.8,245.0,0.78,Cloudy,-0.9977068927101168,-0.06768276175455162,27.1,27.6,26.2,29.1,28.5,27.2,23.4,21.2,22.1,80.7,71.5,78.9,0.1,0.0,15.919,4.17,0.0,16.67,rain,rain,rain,11.5,20.5,35.3,9.4,18.4,13.0,99.7,101.5,32.2,1011.1,1010.0,1009.5,45.7,32.7,85.1,7.7,9.2,9.8,60.0,241.5,59.9
2024-09-27,29.1,33.3,24.8,78.7,0.0,0.0,noprecip,24.5,18.4,119.2,1010.1,37.2,8.8,212.8,0.81,Cloudy,-0.9987235240803972,-0.050510617185222886,28.5,27.1,27.6,31.5,29.1,28.5,23.9,23.4,21.2,77.7,80.7,71.5,0.0,0.1,0.0,0.0,4.17,0.0,rain,rain,rain,15.8,11.5,20.5,16.6,9.4,18.4,110.5,99.7,101.5,1011.1,1011.1,1010.0,25.8,45.7,32.7,7.8,7.7,9.2,245.0,60.0,241.5
2024-09-28,29.8,36.9,26.2,81.7,0.0,0.0,noprecip,25.6,16.6,129.3,1007.9,64.0,9.9,206.8,0.84,Cloudy,-0.9994446170919858,-0.033323525711631344,29.1,28.5,27.1,33.3,31.5,29.1,24.8,23.9,23.4,78.7,77.7,80.7,0.0,0.0,0.1,0.0,0.0,4.17,noprecip,rain,rain,24.5,15.8,11.5,18.4,16.6,9.4,119.2,110.5,99.7,1010.1,1011.1,1011.1,37.2,25.8,45.7,8.8,7.8,7.7,212.8,245.0,60.0
2024-09-29,29.5,36.5,26.3,83.5,30.475,4.17,rain,26.6,25.9,135.7,1006.5,85.9,9.7,130.4,0.88,Rain,-0.9998699583618592,-0.016126573270657762,29.8,29.1,28.5,36.9,33.3,31.5,26.2,24.8,23.9,81.7,78.7,77.7,0.0,0.0,0.0,0.0,0.0,0.0,noprecip,noprecip,rain,25.6,24.5,15.8,16.6,18.4,16.6,129.3,119.2,110.5,1007.9,1010.1,1011.1,64.0,37.2,25.8,9.9,8.8,7.8,206.8,212.8,245.0
2024-09-30,27.7,33.0,26.2,91.5,3.989,12.5,rain,23.0,16.6,104.4,1005.8,87.1,9.2,123.3,0.91,Rain,-0.9999994220246925,0.001075151282798226,29.5,29.8,29.1,36.5,36.9,33.3,26.3,26.2,24.8,83.5,81.7,78.7,30.475,0.0,0.0,4.17,0.0,0.0,rain,noprecip,noprecip,26.6,25.6,24.5,25.9,16.6,18.4,135.7,129.3,119.2,1006.5,1007.9,1010.1,85.9,64.0,37.2,9.7,9.9,8.8,130.4,206.8,212.8
2024-10-01,27.7,30.9,23.4,78.6,5.876,12.5,rain,42.5,27.7,19.5,1009.3,79.8,9.7,130.0,0.95,Rain,-0.999832969770105,0.018276557681691223,27.7,29.5,29.8,33.0,36.5,36.9,26.2,26.3,26.2,91.5,83.5,81.7,3.989,30.475,0.0,12.5,4.17,0.0,rain,rain,noprecip,23.0,26.6,25.6,16.6,25.9,16.6,104.4,135.7,129.3,1005.8,1006.5,1007.9,87.1,85.9,64.0,9.2,9.7,9.9,123.3,130.4,206.8
2024-10-02,25.9,26.1,17.9,62.1,0.099,4.17,rain,36.4,20.5,2.2,1015.1,47.2,10.4,235.3,0.98,Rain,-0.9993706508539969,0.03547255575312556,27.7,27.7,29.5,30.9,33.0,36.5,23.4,26.2,26.3,78.6,91.5,83.5,5.876,3.989,30.475,12.5,12.5,4.17,rain,rain,rain,42.5,23.0,26.6,27.7,16.6,25.9,19.5,104.4,135.7,1009.3,1005.8,1006.5,79.8,87.1,85.9,9.7,9.2,9.7,130.0,123.3,130.4
2024-10-03,25.6,25.5,15.2,54.1,0.0,0.0,noprecip,28.1,18.4,25.9,1015.7,40.9,9.9,264.3,0.0,Cloudy,-0.9986126020839734,0.052658056924614005,25.9,27.7,27.7,26.1,30.9,33.0,17.9,23.4,26.2,62.1,78.6,91.5,0.099,5.876,3.989,4.17,12.5,12.5,rain,rain,rain,36.4,42.5,23.0,20.5,27.7,16.6,2.2,19.5,104.4,1015.1,1009.3,1005.8,47.2,79.8,87.1,10.4,9.7,9.2,235.3,130.0,123.3
2024-10-04,25.6,25.4,16.3,60.0,0.0,0.0,noprecip,20.5,16.6,67.5,1015.4,41.0,11.5,262.0,0.05,Cloudy,-0.9975590477788613,0.06982797572987089,25.6,25.9,27.7,25.5,26.1,30.9,15.2,17.9,23.4,54.1,62.1,78.6,0.0,0.099,5.876,0.0,4.17,12.5,noprecip,rain,rain,28.1,36.4,42.5,18.4,20.5,27.7,25.9,2.2,19.5,1015.7,1015.1,1009.3,40.9,47.2,79.8,9.9,10.4,9.7,264.3,235.3,130.0
2024-10-05,25.9,25.9,17.5,63.2,0.0,0.0,noprecip,12.6,11.2,16.5,1014.3,0.3,10.2,271.5,0.08,Clear,-0.9962102997023297,0.0869772313136861,25.6,25.6,25.9,25.4,25.5,26.1,16.3,15.2,17.9,60.0,54.1,62.1,0.0,0.0,0.099,0.0,0.0,4.17,noprecip,noprecip,rain,20.5,28.1,36.4,16.6,18.4,20.5,67.5,25.9,2.2,1015.4,1015.7,1015.1,41.0,40.9,47.2,11.5,9.9,10.4,262.0,264.3,235.3
2024-10-06,26.8,27.3,19.2,65.8,0.0,0.0,noprecip,22.7,11.2,348.2,1014.7,10.6,9.4,247.4,0.12,Clear,-0.9945667569706337,0.1041007489354256,25.9,25.6,25.6,25.9,25.4,25.5,17.5,16.3,15.2,63.2,60.0,54.1,0.0,0.0,0.0,0.0,0.0,0.0,noprecip,noprecip,noprecip,12.6,20.5,28.1,11.2,16.6,18.4,16.5,67.5,25.9,1014.3,1015.4,1015.7,0.3,41.0,40.9,10.2,11.5,9.9,271.5,262.0,264.3
2024-10-07,28.0,29.1,20.3,65.1,0.0,0.0,noprecip,28.8,14.8,356.5,1015.6,16.9,9.7,236.5,0.15,Clear,-0.9926289059345095,0.121193461470736,26.8,25.9,25.6,27.3,25.9,25.4,19.2,17.5,16.3,65.8,63.2,60.0,0.0,0.0,0.0,0.0,0.0,0.0,noprecip,noprecip,noprecip,22.7,12.6,20.5,11.2,11.2,16.6,348.2,16.5,67.5,1014.7,1014.3,1015.4,10.6,0.3,41.0,9.4,10.2,11.5,247.4,271.5,262.0
2024-10-08,28.0,28.6,19.2,60.0,0.0,0.0,noprecip,28.8,18.4,21.5,1014.9,8.1,12.1,249.3,0.18,Clear,-0.9903973200352558,0.1382503109109819,28.0,26.8,25.9,29.1,27.3,25.9,20.3,19.2,17.5,65.1,65.8,63.2,0.0,0.0,0.0,0.0,0.0,0.0,noprecip,noprecip,noprecip,28.8,22.7,12.6,14.8,11.2,11.2,356.5,348.2,16.5,1015.6,1014.7,1014.3,16.9,10.6,0.3,9.7,9.4,10.2,236.5,247.4,271.5
2024-10-09,26.9,27.7,20.4,68.6,0.0,0.0,noprecip,24.5,14.8,32.6,1014.1,21.2,9.8,230.9,0.22,Cloudy,-0.9878726596350429,0.15526624985999563,28.0,28.0,26.8,28.6,29.1,27.3,19.2,20.3,19.2,60.0,65.1,65.8,0.0,0.0,0.0,0.0,0.0,0.0,noprecip,noprecip,noprecip,28.8,28.8,22.7,18.4,14.8,11.2,21.5,356.5,348.2,1014.9,1015.6,1014.7,8.1,16.9,10.6,12.1,9.7,9.4,249.3,236.5,247.4
2024-10-10,26.6,27.5,21.1,73.9,0.0,0.0,noprecip,17.6,13.0,15.1,1013.2,21.6,7.5,229.2,0.25,Cloudy,-0.9850556718215013,0.172236243027682,26.9,28.0,28.0,27.7,28.6,29.1,20.4,19.2,20.3,68.6,60.0,65.1,0.0,0.0,0.0,0.0,0.0,0.0,noprecip,noprecip,noprecip,24.5,28.8,28.8,14.8,18.4,14.8,32.6,21.5,356.5,1014.1,1014.9,1015.6,21.2,8.1,16.9,9.8,12.1,9.7,230.9,249.3,236.5
2024-10-11,27.3,28.4,20.8,69.2,0.0,0.0,noprecip,16.9,13.0,101.9,1012.8,18.0,7.2,235.1,0.25,Clear,-0.981947190186646,0.18915526872004093,26.6,26.9,28.0,27.5,27.7,28.6,21.1,20.4,19.2,73.9,68.6,60.0,0.0,0.0,0.0,0.0,0.0,0.0,noprecip,noprecip,noprecip,17.6,24.5,28.8,13.0,14.8,18.4,15.1,32.6,21.5,1013.2,1014.1,1014.9,21.6,21.2,8.1,7.5,9.8,12.1,229.2,230.9,249.3
2024-10-12,27.6,29.1,21.6,71.5,0.9,16.67,rain,21.2,16.6,130.9,1013.7,24.6,7.6,177.2,0.32,Rain,-0.9785481345802031,0.20601832032517084,27.3,26.6,26.9,28.4,27.5,27.7,20.8,21.1,20.4,69.2,73.9,68.6,0.0,0.0,0.0,0.0,0.0,0.0,noprecip,noprecip,noprecip,16.9,17.6,24.5,13.0,13.0,14.8,101.9,15.1,32.6,1012.8,1013.2,1014.1,18.0,21.6,21.2,7.2,7.5,9.8,235.1,229.2,230.9
2024-10-13,28.0,30.0,22.5,73.7,0.2,8.33,rain,27.0,18.4,133.0,1013.3,43.7,8.8,159.8,0.35,Rain,-0.9748595108374125,0.22282040779479959,27.6,27.3,26.6,29.1,28.4,27.5,21.6,20.8,21.1,71.5,69.2,73.9,0.9,0.0,0.0,16.67,0.0,0.0,rain,noprecip,noprecip,21.2,16.9,17.6,16.6,13.0,13.0,130.9,101.9,15.1,1013.7,1012.8,1013.2,24.6,18.0,21.6,7.6,7.2,7.5,177.2,235.1,229.2
2024-10-14,28.4,31.1,23.0,73.9,0.0,0.0,rain,22.0,13.0,122.0,1012.1,49.2,9.8,204.6,0.39,Cloudy,-0.9708824104813836,0.23955655912092708,28.0,27.6,27.3,30.0,29.1,28.4,22.5,21.6,20.8,73.7,71.5,69.2,0.2,0.9,0.0,8.33,16.67,0.0,rain,rain,noprecip,27.0,21.2,16.9,18.4,16.6,13.0,133.0,130.9,101.9,1013.3,1013.7,1012.8,43.7,24.6,18.0,8.8,7.6,7.2,159.8,177.2,235.1
2024-10-15,27.2,29.4,24.5,85.9,29.585,8.33,rain,23.4,20.5,79.0,1012.6,65.2,8.9,152.7,0.42,Rain,-0.9666180104000972,0.2562218218071163,28.4,28.0,27.6,31.1,30.0,29.1,23.0,22.5,21.6,73.9,73.7,71.5,0.0,0.2,0.9,0.0,8.33,16.67,rain,rain,rain,22.0,27.0,21.2,13.0,18.4,16.6,122.0,133.0,130.9,1012.1,1013.3,1013.7,49.2,43.7,24.6,9.8,8.8,7.6,204.6,159.8,177.2
2024-10-16,27.2,29.2,23.2,79.5,1.922,4.17,rain,22.7,13.0,31.9,1013.4,75.0,9.9,156.6,0.46,Rain,-0.9620675724981452,0.27281126433401914,27.2,28.4,28.0,29.4,31.1,30.0,24.5,23.0,22.5,85.9,73.9,73.7,29.585,0.0,0.2,8.33,0.0,8.33,rain,rain,rain,23.4,22.0,27.0,20.5,13.0,18.4,79.0,122.0,133.0,1012.6,1012.1,1013.3,65.2,49.2,43.7,8.9,9.8,8.8,152.7,204.6,159.8
2024-10-17,28.7,32.0,24.2,77.8,1.0,33.33,rain,20.5,18.4,111.2,1011.4,59.3,9.3,172.5,0.5,Rain,-0.957232443323312,0.28931997761869527,27.2,27.2,28.4,29.2,29.4,31.1,23.2,24.5,23.0,79.5,85.9,73.9,1.922,29.585,0.0,4.17,8.33,0.0,rain,rain,rain,22.7,23.4,22.0,13.0,20.5,13.0,31.9,79.0,122.0,1013.4,1012.6,1012.1,75.0,65.2,49.2,9.9,8.9,9.8,156.6,152.7,204.6
2024-10-18,29.2,33.2,24.8,78.5,0.6,16.67,rain,20.9,18.4,121.2,1011.0,43.0,9.4,156.1,0.52,Rain,-0.9521140536681102,0.3057430764672831,28.7,27.2,27.2,32.0,29.2,29.4,24.2,23.2,24.5,77.8,79.5,85.9,1.0,1.922,29.585,33.33,4.17,8.33,rain,rain,rain,20.5,22.7,23.4,18.4,13.0,20.5,111.2,31.9,79.0,1011.4,1013.4,1012.6,59.3,75.0,65.2,9.3,9.9,8.9,172.5,156.6,152.7
2024-10-19,28.8,32.6,24.5,79.3,0.331,8.33,rain,27.7,18.4,122.9,1013.2,40.9,10.3,139.8,0.56,Rain,-0.9467139181463862,0.3220757010206104,29.2,28.7,27.2,33.2,32.0,29.2,24.8,24.2,23.2,78.5,77.8,79.5,0.6,1.0,1.922,16.67,33.33,4.17,rain,rain,rain,20.9,20.5,22.7,18.4,18.4,13.0,121.2,111.2,31.9,1011.0,1011.4,1013.4,43.0,59.3,75.0,9.4,9.3,9.9,156.1,172.5,156.6
2024-10-20,29.1,31.9,23.3,72.8,1.1,37.5,rain,23.0,14.8,108.0,1015.2,49.8,9.8,185.5,0.59,Rain,-0.9410336347451197,0.3383130181923076,28.8,29.2,28.7,32.6,33.2,32.0,24.5,24.8,24.2,79.3,78.5,77.8,0.331,0.6,1.0,8.33,16.67,33.33,rain,rain,rain,27.7,20.9,20.5,18.4,18.4,18.4,122.9,121.2,111.2,1013.2,1011.0,1011.4,40.9,43.0,59.3,10.3,9.4,9.3,139.8,156.1,172.5
2024-10-21,26.3,27.7,24.5,90.0,33.146,4.17,rain,16.6,10.0,53.7,1014.5,68.6,8.7,72.5,0.62,Rain,-0.9350748843515574,0.3544502230989869,29.1,28.8,29.2,31.9,32.6,33.2,23.3,24.5,24.8,72.8,79.3,78.5,1.1,0.331,0.6,37.5,8.33,16.67,rain,rain,rain,23.0,27.7,20.9,14.8,18.4,18.4,108.0,122.9,121.2,1015.2,1013.2,1011.0,49.8,40.9,43.0,9.8,10.3,9.4,185.5,139.8,156.1
2024-10-22,28.0,30.6,23.5,78.7,1.8,20.83,rain,25.6,11.2,342.2,1014.6,39.5,8.1,178.7,0.66,Rain,-0.9288394302558068,0.3704825404820963,26.3,29.1,28.8,27.7,31.9,32.6,24.5,23.3,24.5,90.0,72.8,79.3,33.146,1.1,0.331,4.17,37.5,8.33,rain,rain,rain,16.6,23.0,27.7,10.0,14.8,18.4,53.7,108.0,122.9,1014.5,1015.2,1013.2,68.6,49.8,40.9,8.7,9.8,10.3,72.5,185.5,139.8
2024-10-23,27.2,27.7,19.0,61.5,0.001,4.17,rain,34.2,27.2,24.8,1015.2,47.2,11.7,202.4,0.69,Rain,-0.9223291176290545,0.3864052261209853,28.0,26.3,29.1,30.6,27.7,31.9,23.5,24.5,23.3,78.7,90.0,72.8,1.8,33.146,1.1,20.83,4.17,37.5,rain,rain,rain,25.6,16.6,23.0,11.2,10.0,14.8,342.2,53.7,108.0,1014.6,1014.5,1015.2,39.5,68.6,49.8,8.1,8.7,9.8,178.7,72.5,185.5
2024-10-24,25.5,25.2,13.9,52.5,0.0,0.0,noprecip,20.5,18.4,10.2,1012.7,58.7,11.4,241.2,0.75,Cloudy,-0.9155458729775467,0.40221356823680365,27.2,28.0,26.3,27.7,30.6,27.7,19.0,23.5,24.5,61.5,78.7,90.0,0.001,1.8,33.146,4.17,20.83,4.17,rain,rain,rain,34.2,25.6,16.6,27.2,11.2,10.0,24.8,342.2,53.7,1015.2,1014.6,1014.5,47.2,39.5,68.6,11.7,8.1,8.7,202.4,178.7,72.5
2024-10-25,24.5,24.2,15.3,61.4,0.0,0.0,noprecip,22.3,11.2,344.7,1010.1,53.0,10.0,238.4,0.76,Cloudy,-0.9084917035725082,0.41790288888678667,25.5,27.2,28.0,25.2,27.7,30.6,13.9,19.0,23.5,52.5,61.5,78.7,0.0,0.001,1.8,0.0,4.17,20.83,noprecip,rain,rain,20.5,34.2,25.6,18.4,27.2,11.2,10.2,24.8,342.2,1012.7,1015.2,1014.6,58.7,47.2,39.5,11.4,11.7,8.1,241.2,202.4,178.7
2024-10-26,26.2,26.1,16.0,57.1,0.0,0.0,rain,36.4,20.5,336.0,1008.4,66.5,10.0,238.0,0.79,Cloudy,-0.9011686968561569,0.4334685453485363,24.5,25.5,27.2,24.2,25.2,27.7,15.3,13.9,19.0,61.4,52.5,61.5,0.0,0.0,0.001,0.0,0.0,4.17,noprecip,noprecip,rain,22.3,20.5,34.2,11.2,18.4,27.2,344.7,10.2,24.8,1010.1,1012.7,1015.2,53.0,58.7,47.2,10.0,11.4,11.7,238.4,241.2,202.4
2024-10-27,23.9,23.9,16.6,66.1,1.956,4.17,rain,47.9,25.9,340.8,1010.3,94.4,10.0,48.3,0.82,Rain,-0.8935790198239952,0.4489059314938798,26.2,24.5,25.5,26.1,24.2,25.2,16.0,15.3,13.9,57.1,61.4,52.5,0.0,0.0,0.0,0.0,0.0,0.0,rain,noprecip,noprecip,36.4,22.3,20.5,20.5,11.2,18.4,336.0,344.7,10.2,1008.4,1010.1,1012.7,66.5,53.0,58.7,10.0,10.0,11.4,238.0,238.4,241.2
2024-10-28,22.5,22.5,17.5,73.8,2.178,8.33,rain,34.2,20.5,358.8,1011.9,91.1,10.0,44.0,0.86,Rain,-0.8857249183835637,0.4642104791518923,23.9,26.2,24.5,23.9,26.1,24.2,16.6,16.0,15.3,66.1,57.1,61.4,1.956,0.0,0.0,4.17,0.0,0.0,rain,rain,noprecip,47.9,36.4,22.3,25.9,20.5,11.2,340.8,336.0,344.7,1010.3,1008.4,1010.1,94.4,66.5,53.0,10.0,10.0,10.0,48.3,238.0,238.4
2024-10-29,24.2,24.4,18.1,69.2,0.231,4.17,rain,31.3,18.4,355.9,1011.6,72.7,9.9,80.9,0.89,Rain,-0.8776087166898392,0.4793776594606945,22.5,23.9,26.2,22.5,23.9,26.1,17.5,16.6,16.0,73.8,66.1,57.1,2.178,1.956,0.0,8.33,4.17,0.0,rain,rain,rain,34.2,47.9,36.4,20.5,25.9,20.5,358.8,340.8,336.0,1011.9,1010.3,1008.4,91.1,94.4,66.5,10.0,10.0,10.0,44.0,48.3,238.0
2024-10-30,26.1,26.6,19.2,67.7,0.011,4.17,rain,23.4,14.8,356.2,1011.7,46.0,10.2,186.1,0.92,Rain,-0.8692328164574792,0.49440298420761813,24.2,22.5,23.9,24.4,22.5,23.9,18.1,17.5,16.6,69.2,73.8,66.1,0.231,2.178,1.956,4.17,8.33,4.17,rain,rain,rain,31.3,34.2,47.9,18.4,20.5,25.9,355.9,358.8,340.8,1011.6,1011.9,1010.3,72.7,91.1,94.4,9.9,10.0,10.0,80.9,44.0,48.3
2024-10-31,26.5,27.7,21.6,76.2,0.0,0.0,noprecip,18.0,9.4,339.3,1010.1,10.0,8.6,217.0,0.96,Clear,-0.8605996962501181,0.5092820071573356,26.1,24.2,22.5,26.6,24.4,22.5,19.2,18.1,17.5,67.7,69.2,73.8,0.011,0.231,2.178,4.17,4.17,8.33,rain,rain,rain,23.4,31.3,34.2,14.8,18.4,20.5,356.2,355.9,358.8,1011.7,1011.6,1011.9,46.0,72.7,91.1,10.2,9.9,10.0,186.1,80.9,44.0
2024-11-01,27.4,27.5,19.0,64.7,0.0,0.0,noprecip,27.0,16.6,19.5,1012.3,1.8,9.4,227.5,0.0,Clear,-0.8517119107469189,0.5240103253675756,26.5,26.1,24.2,27.7,26.6,24.4,21.6,19.2,18.1,76.2,67.7,69.2,0.0,0.011,0.231,0.0,4.17,4.17,noprecip,rain,rain,18.0,23.4,31.3,9.4,14.8,18.4,339.3,356.2,355.9,1010.1,1011.7,1011.6,10.0,46.0,72.7,8.6,10.2,9.9,217.0,186.1,80.9
2024-11-02,25.5,25.2,15.5,58.1,0.0,0.0,noprecip,29.2,20.5,51.4,1016.9,6.0,9.6,228.9,0.02,Clear,-0.8425720899866032,0.5385835804920232,27.4,26.5,26.1,27.5,27.7,26.6,19.0,21.6,19.2,64.7,76.2,67.7,0.0,0.0,0.011,0.0,0.0,4.17,noprecip,noprecip,rain,27.0,18.0,23.4,16.6,9.4,14.8,19.5,339.3,356.2,1012.3,1010.1,1011.7,1.8,10.0,46.0,9.4,8.6,10.2,227.5,217.0,186.1
2024-11-03,24.4,24.5,17.0,65.2,0.0,0.0,noprecip,21.6,16.6,2.7,1017.5,51.5,9.5,150.3,0.06,Cloudy,-0.8331829385891785,0.5529974600700271,25.5,27.4,26.5,25.2,27.5,27.7,15.5,19.0,21.6,58.1,64.7,76.2,0.0,0.0,0.0,0.0,0.0,0.0,noprecip,noprecip,noprecip,29.2,27.0,18.0,20.5,16.6,9.4,51.4,19.5,339.3,1016.9,1012.3,1010.1,6.0,1.8,10.0,9.6,9.4,8.6,228.9,227.5,217.0
2024-11-04,25.0,25.2,18.9,69.6,0.003,4.17,rain,26.6,14.8,358.5,1017.5,74.0,9.3,57.8,0.09,Rain,-0.8235472349556007,0.5672476988027229,24.4,25.5,27.4,24.5,25.2,27.5,17.0,15.5,19.0,65.2,58.1,64.7,0.0,0.0,0.0,0.0,0.0,0.0,noprecip,noprecip,noprecip,21.6,29.2,27.0,16.6,20.5,16.6,2.7,51.4,19.5,1017.5,1016.9,1012.3,51.5,6.0,1.8,9.5,9.6,9.4,150.3,228.9,227.5
2024-11-05,24.0,24.1,19.0,74.7,1.204,12.5,rain,18.7,16.6,1.1,1019.1,63.5,8.6,44.0,0.13,Rain,-0.8136678304455991,0.5813300798152042,25.0,24.4,25.5,25.2,24.5,25.2,18.9,17.0,15.5,69.6,65.2,58.1,0.003,0.0,0.0,4.17,0.0,0.0,rain,noprecip,noprecip,26.6,21.6,29.2,14.8,16.6,20.5,358.5,2.7,51.4,1017.5,1017.5,1016.9,74.0,51.5,6.0,9.3,9.5,9.6,57.8,150.3,228.9
2024-11-06,25.1,25.2,17.5,64.1,0.0,0.0,noprecip,21.6,16.6,356.6,1019.4,61.3,9.1,73.6,0.16,Cloudy,-0.8035476485339116,0.5952404359043674,24.0,25.0,24.4,24.1,25.2,24.5,19.0,18.9,17.0,74.7,69.6,65.2,1.204,0.003,0.0,12.5,4.17,0.0,rain,rain,noprecip,18.7,26.6,21.6,16.6,14.8,16.6,1.1,358.5,2.7,1019.1,1017.5,1017.5,63.5,74.0,51.5,8.6,9.3,9.5,44.0,57.8,150.3
2024-11-07,25.5,25.6,17.3,61.6,0.0,0.0,noprecip,23.0,16.6,50.8,1019.1,20.2,8.9,191.9,0.2,Cloudy,-0.7931896839451843,0.6089746507720486,25.1,24.0,25.0,25.2,24.1,25.2,17.5,19.0,18.9,64.1,74.7,69.6,0.0,1.204,0.003,0.0,12.5,4.17,noprecip,rain,rain,21.6,18.7,26.6,16.6,16.6,14.8,356.6,1.1,358.5,1019.4,1019.1,1017.5,61.3,63.5,74.0,9.1,8.6,9.3,73.6,44.0,57.8
2024-11-08,24.3,24.2,16.7,65.6,0.0,0.0,noprecip,19.8,11.2,347.7,1017.7,5.0,8.4,212.4,0.23,Clear,-0.7825970017677834,0.6225286602431057,25.5,25.1,24.0,25.6,25.2,24.1,17.3,17.5,19.0,61.6,64.1,74.7,0.0,0.0,1.204,0.0,0.0,12.5,noprecip,noprecip,rain,23.0,21.6,18.7,16.6,16.6,16.6,50.8,356.6,1.1,1019.1,1019.4,1019.1,20.2,61.3,63.5,8.9,9.1,8.6,191.9,73.6,44.0
2024-11-09,24.3,24.5,17.5,68.0,0.0,0.0,noprecip,18.4,11.2,334.8,1015.3,2.6,7.7,216.0,0.25,Clear,-0.7717727365467837,0.6358984534680745,24.3,25.5,25.1,24.2,25.6,25.2,16.7,17.3,17.5,65.6,61.6,64.1,0.0,0.0,0.0,0.0,0.0,0.0,noprecip,noprecip,noprecip,19.8,23.0,21.6,11.2,16.6,16.6,347.7,50.8,356.6,1017.7,1019.1,1019.4,5.0,20.2,61.3,8.4,8.9,9.1,212.4,191.9,73.6
2024-11-10,25.0,25.0,16.7,62.8,0.0,0.0,noprecip,22.3,13.0,320.1,1015.2,1.3,7.6,214.9,0.3,Clear,-0.7607200913564104,0.6490800741100398,24.3,24.3,25.5,24.5,24.2,25.6,17.5,16.7,17.3,68.0,65.6,61.6,0.0,0.0,0.0,0.0,0.0,0.0,noprecip,noprecip,noprecip,18.4,19.8,23.0,11.2,11.2,16.6,334.8,347.7,50.8,1015.3,1017.7,1019.1,2.6,5.0,20.2,7.7,8.4,8.9,216.0,212.4,191.9
2024-11-11,26.0,26.5,18.5,65.3,0.0,0.0,noprecip,16.9,9.4,334.7,1014.1,4.3,8.8,207.3,0.34,Clear,-0.7494423368521953,0.6620696215153815,25.0,24.3,24.3,25.0,24.5,24.2,16.7,17.5,16.7,62.8,68.0,65.6,0.0,0.0,0.0,0.0,0.0,0.0,noprecip,noprecip,noprecip,22.3,18.4,19.8,13.0,11.2,11.2,320.1,334.8,347.7,1015.2,1015.3,1017.7,1.3,2.6,5.0,7.6,7.7,8.4,214.9,216.0,212.4
2024-11-12,26.6,27.9,21.0,72.5,0.0,0.0,noprecip,18.4,11.2,146.4,1012.6,13.1,7.5,193.7,0.37,Clear,-0.7379428103031386,0.6748632518680403,26.0,25.0,24.3,26.5,25.0,24.5,18.5,16.7,17.5,65.3,62.8,68.0,0.0,0.0,0.0,0.0,0.0,0.0,noprecip,noprecip,noprecip,16.9,22.3,18.4,9.4,13.0,11.2,334.7,320.1,334.8,1014.1,1015.2,1015.3,4.3,1.3,2.6,8.8,7.6,7.7,207.3,214.9,216.0
2024-11-13,26.7,27.9,21.6,75.4,0.0,0.0,noprecip,24.1,14.8,120.3,1011.0,9.8,6.9,202.2,0.41,Clear,-0.7262249146041543,0.6874571793269664,26.6,26.0,25.0,27.9,26.5,25.0,21.0,18.5,16.7,72.5,65.3,62.8,0.0,0.0,0.0,0.0,0.0,0.0,noprecip,noprecip,noprecip,18.4,16.9,22.3,11.2,9.4,13.0,146.4,334.7,320.1,1012.6,1014.1,1015.2,13.1,4.3,1.3,7.5,8.8,7.6,193.7,207.3,214.9
2024-11-14,27.0,28.7,22.5,77.9,0.0,0.0,noprecip,17.3,14.8,124.4,1010.5,44.6,5.9,151.3,0.44,Cloudy,-0.7142921172691032,0.699847677146407,26.7,26.6,26.0,27.9,27.9,26.5,21.6,21.0,18.5,75.4,72.5,65.3,0.0,0.0,0.0,0.0,0.0,0.0,noprecip,noprecip,noprecip,24.1,18.4,16.9,14.8,11.2,9.4,120.3,146.4,334.7,1011.0,1012.6,1014.1,9.8,13.1,4.3,6.9,7.5,8.8,202.2,193.7,207.3
2024-11-15,27.4,29.3,23.1,78.7,0.0,0.0,noprecip,19.8,14.8,113.3,1009.6,37.4,7.0,149.7,0.48,Cloudy,-0.7021479494046978,0.7120310787787131,27.0,26.7,26.6,28.7,27.9,27.9,22.5,21.6,21.0,77.9,75.4,72.5,0.0,0.0,0.0,0.0,0.0,0.0,noprecip,noprecip,noprecip,17.3,24.1,18.4,14.8,14.8,11.2,124.4,120.3,146.4,1010.5,1011.0,1012.6,44.6,9.8,13.1,5.9,6.9,7.5,151.3,202.2,193.7
2024-11-16,27.5,29.2,23.0,78.1,0.3,12.5,rain,22.7,18.4,114.4,1010.9,38.2,8.8,139.9,0.5,Rain,-0.6897960046655887,0.7240037789593305,27.4,27.0,26.7,29.3,28.7,27.9,23.1,22.5,21.6,78.7,77.9,75.4,0.0,0.0,0.0,0.0,0.0,0.0,noprecip,noprecip,noprecip,19.8,17.3,24.1,14.8,14.8,14.8,113.3,124.4,120.3,1009.6,1010.5,1011.0,37.4,44.6,9.8,7.0,5.9,6.9,149.7,151.3,202.2
2024-11-17,27.2,28.3,21.5,73.5,0.0,0.0,noprecip,24.1,11.2,82.0,1013.5,21.3,7.6,217.4,0.54,Cloudy,-0.6772399381909491,0.7357622347736527,27.5,27.4,27.0,29.2,29.3,28.7,23.0,23.1,22.5,78.1,78.7,77.9,0.3,0.0,0.0,12.5,0.0,0.0,rain,noprecip,noprecip,22.7,19.8,17.3,18.4,14.8,14.8,114.4,113.3,124.4,1010.9,1009.6,1010.5,38.2,37.4,44.6,8.8,7.0,5.9,139.9,149.7,151.3
2024-11-18,25.6,26.4,21.0,76.3,4.4,50.0,rain,29.9,25.9,64.8,1015.9,39.7,8.2,97.2,0.58,Rain,-0.6644834655228552,0.7473029667054297,27.2,27.5,27.4,28.3,29.2,29.3,21.5,23.0,23.1,73.5,78.1,78.7,0.0,0.3,0.0,0.0,12.5,0.0,noprecip,rain,noprecip,24.1,22.7,19.8,11.2,18.4,14.8,82.0,114.4,113.3,1013.5,1010.9,1009.6,21.3,38.2,37.4,7.6,8.8,7.0,217.4,139.9,149.7
2024-11-19,26.0,26.2,18.4,64.0,0.0,0.0,noprecip,24.1,18.4,44.4,1017.2,29.8,9.8,171.4,0.61,Cloudy,-0.6515303615068021,0.75862255966641,25.6,27.2,27.5,26.4,28.3,29.2,21.0,21.5,23.0,76.3,73.5,78.1,4.4,0.0,0.3,50.0,0.0,12.5,rain,noprecip,rain,29.9,24.1,22.7,25.9,11.2,18.4,64.8,82.0,114.4,1015.9,1013.5,1010.9,39.7,21.3,38.2,8.2,7.6,8.8,97.2,217.4,139.9
2024-11-20,24.3,24.3,16.7,64.2,0.0,0.0,noprecip,28.1,18.4,69.5,1018.0,34.7,9.7,164.6,0.64,Cloudy,-0.6383844591746642,0.769717664006921,26.0,25.6,27.2,26.2,26.4,28.3,18.4,21.0,21.5,64.0,76.3,73.5,0.0,4.4,0.0,0.0,50.0,0.0,noprecip,rain,noprecip,24.1,29.9,24.1,18.4,25.9,11.2,44.4,64.8,82.0,1017.2,1015.9,1013.5,29.8,39.7,21.3,9.8,8.2,7.6,171.4,97.2,217.4
2024-11-21,22.5,22.5,15.1,63.6,0.0,0.0,noprecip,24.8,18.4,35.1,1018.2,11.4,10.0,187.6,0.67,Clear,-0.6250496486104377,0.7805849965070866,24.3,26.0,25.6,24.3,26.2,26.4,16.7,18.4,21.0,64.2,64.0,76.3,0.0,0.0,4.4,0.0,0.0,50.0,noprecip,noprecip,rain,28.1,24.1,29.9,18.4,18.4,25.9,69.5,44.4,64.8,1018.0,1017.2,1015.9,34.7,29.8,39.7,9.7,9.8,8.2,164.6,171.4,97.2
2024-11-22,23.1,23.1,14.5,59.4,0.0,0.0,noprecip,26.6,14.8,27.5,1018.4,55.1,9.7,198.9,0.71,Cloudy,-0.6115298757991053,0.7912213413483807,22.5,24.3,26.0,22.5,24.3,26.2,15.1,16.7,18.4,63.6,64.2,64.0,0.0,0.0,0.0,0.0,0.0,0.0,noprecip,noprecip,noprecip,24.8,28.1,24.1,18.4,18.4,18.4,35.1,69.5,44.4,1018.2,1018.0,1017.2,11.4,34.7,29.8,10.0,9.7,9.8,187.6,164.6,171.4
2024-11-23,23.3,23.3,15.3,61.7,0.0,0.0,noprecip,21.6,16.6,58.2,1018.7,48.5,9.6,133.3,0.75,Cloudy,-0.5978291414589552,0.801623551065242,23.1,22.5,24.3,23.1,22.5,24.3,14.5,15.1,16.7,59.4,63.6,64.2,0.0,0.0,0.0,0.0,0.0,0.0,noprecip,noprecip,noprecip,26.6,24.8,28.1,14.8,18.4,18.4,27.5,35.1,69.5,1018.4,1018.2,1018.0,55.1,11.4,34.7,9.7,10.0,9.7,198.9,187.6,164.6
2024-11-24,22.5,22.5,17.6,74.5,0.002,4.17,rain,21.2,11.2,61.0,1017.9,68.3,8.3,110.5,0.77,Rain,-0.5839514998576998,0.8117885474764613,23.3,23.1,22.5,23.3,23.1,22.5,15.3,14.5,15.1,61.7,59.4,63.6,0.0,0.0,0.0,0.0,0.0,0.0,noprecip,noprecip,noprecip,21.6,26.6,24.8,16.6,14.8,18.4,58.2,27.5,35.1,1018.7,1018.4,1018.2,48.5,55.1,11.4,9.6,9.7,10.0,133.3,198.9,187.6
2024-11-25,24.2,24.5,19.6,76.2,1.3,12.5,rain,15.8,9.4,69.7,1017.1,74.2,7.2,108.0,0.8,Rain,-0.5699010576127624,0.821713322596059,22.5,23.3,23.1,22.5,23.3,23.1,17.6,15.3,14.5,74.5,61.7,59.4,0.002,0.0,0.0,4.17,0.0,0.0,rain,noprecip,noprecip,21.2,21.6,26.6,11.2,16.6,14.8,61.0,58.2,27.5,1017.9,1018.7,1018.4,68.3,48.5,55.1,8.3,9.6,9.7,110.5,133.3,198.9
2024-11-26,21.0,21.0,16.2,74.5,1.3,12.5,rain,41.0,22.3,3.8,1019.1,92.7,9.4,21.8,0.84,Rain,-0.5556819724760489,0.8313949395234058,24.2,22.5,23.3,24.5,22.5,23.3,19.6,17.6,15.3,76.2,74.5,61.7,1.3,0.002,0.0,12.5,4.17,0.0,rain,rain,noprecip,15.8,21.2,21.6,9.4,11.2,16.6,69.7,61.0,58.2,1017.1,1017.9,1018.7,74.2,68.3,48.5,7.2,8.3,9.6,108.0,110.5,133.3
2024-11-27,20.5,20.5,12.6,61.3,0.0,0.0,noprecip,28.4,16.6,7.2,1021.2,83.2,10.0,61.1,0.87,Cloudy,-0.5412984521036173,0.8408305333122887,21.0,24.2,22.5,21.0,24.5,22.5,16.2,19.6,17.6,74.5,76.2,74.5,1.3,1.3,0.002,12.5,12.5,4.17,rain,rain,rain,41.0,15.8,21.2,22.3,9.4,11.2,3.8,69.7,61.0,1019.1,1017.1,1017.9,92.7,74.2,68.3,9.4,7.2,8.3,21.8,108.0,110.5
2024-11-28,19.9,19.9,9.3,50.6,0.0,0.0,noprecip,30.6,20.5,351.6,1024.1,60.4,10.1,167.3,0.9,Cloudy,-0.5267547528105542,0.8500173118187018,20.5,21.0,24.2,20.5,21.0,24.5,12.6,16.2,19.6,61.3,74.5,76.2,0.0,1.3,1.3,0.0,12.5,12.5,noprecip,rain,rain,28.4,41.0,15.8,16.6,22.3,9.4,7.2,3.8,69.7,1021.2,1019.1,1017.1,83.2,92.7,74.2,10.0,9.4,7.2,61.1,21.8,108.0
2024-11-29,21.0,21.0,10.0,52.3,0.0,0.0,noprecip,23.0,13.0,349.0,1021.4,21.1,9.9,191.6,0.93,Cloudy,-0.5120551783114646,0.8589525565270845,19.9,20.5,21.0,19.9,20.5,21.0,9.3,12.6,16.2,50.6,61.3,74.5,0.0,0.0,1.3,0.0,0.0,12.5,noprecip,noprecip,rain,30.6,28.4,41.0,20.5,16.6,22.3,351.6,7.2,3.8,1024.1,1021.2,1019.1,60.4,83.2,92.7,10.1,10.0,9.4,167.3,61.1,21.8
2024-11-30,20.4,20.4,12.0,60.3,0.0,0.0,noprecip,18.4,13.0,113.3,1016.7,30.5,9.2,194.3,0.97,Cloudy,-0.4972040784469378,0.8676336233547726,21.0,19.9,20.5,21.0,19.9,20.5,10.0,9.3,12.6,52.3,50.6,61.3,0.0,0.0,0.0,0.0,0.0,0.0,noprecip,noprecip,noprecip,23.0,30.6,28.4,13.0,20.5,16.6,349.0,351.6,7.2,1021.4,1024.1,1021.2,21.1,60.4,83.2,9.9,10.1,10.0,191.6,167.3,61.1
2024-12-01,20.7,20.7,15.5,73.6,0.0,0.0,noprecip,25.2,16.6,126.1,1013.1,36.2,7.7,173.4,0.0,Cloudy,-0.4822058478963526,0.8760579434344281,20.4,21.0,19.9,20.4,21.0,19.9,12.0,10.0,9.3,60.3,52.3,50.6,0.0,0.0,0.0,0.0,0.0,0.0,noprecip,noprecip,noprecip,18.4,23.0,30.6,13.0,13.0,20.5,113.3,349.0,351.6,1016.7,1021.4,1024.1,30.5,21.1,60.4,9.2,9.9,10.1,194.3,191.6,167.3
2024-12-02,22.6,22.6,17.5,73.5,0.3,8.33,rain,18.0,13.0,98.7,1013.4,78.9,8.9,97.6,0.03,Rain,-0.46706492487743034,0.8842230238742036,20.7,20.4,21.0,20.7,20.4,21.0,15.5,12.0,10.0,73.6,60.3,52.3,0.0,0.0,0.0,0.0,0.0,0.0,noprecip,noprecip,noprecip,25.2,18.4,23.0,16.6,13.0,13.0,126.1,113.3,349.0,1013.1,1016.7,1021.4,36.2,30.5,21.1,7.7,9.2,9.9,173.4,194.3,191.6
2024-12-03,23.8,23.9,19.7,78.3,0.6,20.83,rain,22.7,18.4,116.1,1013.8,80.2,9.0,109.1,0.07,Rain,-0.451785789832884,0.8921264484954345,22.6,20.7,20.4,22.6,20.7,20.4,17.5,15.5,12.0,73.5,73.6,60.3,0.3,0.0,0.0,8.33,0.0,0.0,rain,noprecip,noprecip,18.0,25.2,18.4,13.0,16.6,13.0,98.7,126.1,113.3,1013.4,1013.1,1016.7,78.9,36.2,30.5,8.9,7.7,9.2,97.6,173.4,194.3
2024-12-04,23.5,23.7,19.1,77.5,0.5,20.83,rain,28.4,16.6,123.9,1014.4,73.9,9.3,65.1,0.1,Rain,-0.4363729641045924,0.8997658785476209,23.8,22.6,20.7,23.9,22.6,20.7,19.7,17.5,15.5,78.3,73.5,73.6,0.6,0.3,0.0,20.83,8.33,0.0,rain,rain,noprecip,22.7,18.0,25.2,18.4,13.0,16.6,116.1,98.7,126.1,1013.8,1013.4,1013.1,80.2,78.9,36.2,9.0,8.9,7.7,109.1,97.6,173.4
2024-12-05,23.3,23.3,18.7,76.5,0.0,0.0,noprecip,31.7,24.6,125.9,1014.5,51.5,8.5,79.7,0.14,Cloudy,-0.42083100859565564,0.9071390534005044,23.5,23.8,22.6,23.7,23.9,22.6,19.1,19.7,17.5,77.5,78.3,73.5,0.5,0.6,0.3,20.83,20.83,8.33,rain,rain,rain,28.4,22.7,18.0,16.6,18.4,13.0,123.9,116.1,98.7,1014.4,1013.8,1013.4,73.9,80.2,78.9,9.3,9.0,8.9,65.1,109.1,97.6
2024-12-06,21.5,21.5,18.9,85.6,0.004,4.17,rain,29.2,18.4,68.0,1014.3,81.6,6.9,55.3,0.18,Rain,-0.4051645224207563,0.9142437912130223,23.3,23.5,23.8,23.3,23.7,23.9,18.7,19.1,19.7,76.5,77.5,78.3,0.0,0.5,0.6,0.0,20.83,20.83,noprecip,rain,rain,31.7,28.4,22.7,24.6,16.6,18.4,125.9,123.9,116.1,1014.5,1014.4,1013.8,51.5,73.9,80.2,8.5,9.3,9.0,79.7,65.1,109.1
2024-12-07,18.9,18.9,14.4,75.2,0.2,4.17,rain,29.2,22.3,27.1,1017.8,98.1,9.0,32.3,0.21,Rain,-0.3893781415452015,0.9210779895789526,21.5,23.3,23.5,21.5,23.3,23.7,18.9,18.7,19.1,85.6,76.5,77.5,0.004,0.0,0.5,4.17,0.0,20.83,rain,noprecip,rain,29.2,31.7,28.4,18.4,24.6,16.6,68.0,125.9,123.9,1014.3,1014.5,1014.4,81.6,51.5,73.9,6.9,8.5,9.3,55.3,79.7,65.1
2024-12-08,17.0,17.0,10.4,65.2,0.4,16.67,rain,24.5,20.5,17.1,1021.7,98.4,10.0,42.6,0.25,Rain,-0.37347653741307074,0.9276396261490467,18.9,21.5,23.3,18.9,21.5,23.3,14.4,18.9,18.7,75.2,85.6,76.5,0.2,0.004,0.0,4.17,4.17,0.0,rain,rain,noprecip,29.2,29.2,31.7,22.3,18.4,24.6,27.1,68.0,125.9,1017.8,1014.3,1014.5,98.1,81.6,51.5,9.0,6.9,8.5,32.3,55.3,79.7
2024-12-09,18.2,18.2,12.0,67.5,0.0,0.0,noprecip,13.3,9.4,20.5,1018.2,96.1,11.2,83.1,0.28,Cloudy,-0.3574644155648614,0.9339267592294762,17.0,18.9,21.5,17.0,18.9,21.5,10.4,14.4,18.9,65.2,75.2,85.6,0.4,0.2,0.004,16.67,4.17,4.17,rain,rain,rain,24.5,29.2,29.2,20.5,22.3,18.4,17.1,27.1,68.0,1021.7,1017.8,1014.3,98.4,98.1,81.6,10.0,9.0,6.9,42.6,32.3,55.3
2024-12-10,20.5,20.5,16.4,77.8,0.3,12.5,rain,17.3,11.2,62.3,1013.7,89.9,5.8,73.6,0.32,Rain,-0.34134651424503615,0.9399375283564133,18.2,17.0,18.9,18.2,17.0,18.9,12.0,10.4,14.4,67.5,65.2,75.2,0.0,0.4,0.2,0.0,16.67,4.17,noprecip,rain,rain,13.3,24.5,29.2,9.4,20.5,22.3,20.5,17.1,27.1,1018.2,1021.7,1017.8,96.1,98.4,98.1,11.2,10.0,9.0,83.1,42.6,32.3
2024-12-11,19.0,19.0,15.4,80.4,2.976,8.33,rain,45.7,24.1,8.4,1016.3,96.0,7.2,79.7,0.35,Rain,-0.3251276029999093,0.9456701548465688,20.5,18.2,17.0,20.5,18.2,17.0,16.4,12.0,10.4,77.8,67.5,65.2,0.3,0.0,0.4,12.5,0.0,16.67,rain,noprecip,rain,17.3,13.3,24.5,11.2,9.4,20.5,62.3,20.5,17.1,1013.7,1018.2,1021.7,89.9,96.1,98.4,5.8,11.2,10.0,73.6,83.1,42.6
2024-12-12,16.7,16.7,11.0,69.3,0.4,16.67,rain,20.5,18.4,7.3,1018.5,100.0,10.0,32.9,0.39,Rain,-0.30881248126625377,0.9511229423235357,19.0,20.5,18.2,19.0,20.5,18.2,15.4,16.4,12.0,80.4,77.8,67.5,2.976,0.3,0.0,8.33,12.5,0.0,rain,rain,noprecip,45.7,17.3,13.3,24.1,11.2,9.4,8.4,62.3,20.5,1016.3,1013.7,1018.2,96.0,89.9,96.1,7.2,5.8,11.2,79.7,73.6,83.1
2024-12-13,16.5,16.5,10.2,66.6,0.1,4.17,rain,29.9,22.3,10.7,1021.6,98.6,9.9,42.6,0.42,Rain,-0.29240597695107734,0.9562942772197719,16.7,19.0,20.5,16.7,19.0,20.5,11.0,15.4,16.4,69.3,80.4,77.8,0.4,2.976,0.3,16.67,8.33,12.5,rain,rain,rain,20.5,45.7,17.3,18.4,24.1,11.2,7.3,8.4,62.3,1018.5,1016.3,1013.7,100.0,96.0,89.9,10.0,7.2,5.8,32.9,79.7,73.6
2024-12-14,16.2,16.2,7.7,57.5,0.0,0.0,noprecip,32.0,22.3,16.7,1025.9,95.3,9.8,22.2,0.46,Cloudy,-0.27591294500296043,0.9611826292540837,16.5,16.7,19.0,16.5,16.7,19.0,10.2,11.0,15.4,66.6,69.3,80.4,0.1,0.4,2.976,4.17,16.67,8.33,rain,rain,rain,29.9,20.5,45.7,22.3,18.4,24.1,10.7,7.3,8.4,1021.6,1018.5,1016.3,98.6,100.0,96.0,9.9,10.0,7.2,42.6,32.9,79.7
2024-12-15,16.0,16.0,6.9,55.9,0.004,8.33,rain,24.5,14.8,356.8,1026.5,78.2,9.6,24.6,0.5,Rain,-0.2593382659754056,0.9657865518844574,16.2,16.5,16.7,16.2,16.5,16.7,7.7,10.2,11.0,57.5,66.6,69.3,0.0,0.1,0.4,0.0,4.17,16.67,noprecip,rain,rain,32.0,29.9,20.5,22.3,22.3,18.4,16.7,10.7,7.3,1025.9,1021.6,1018.5,95.3,98.6,100.0,9.8,9.9,10.0,22.2,42.6,32.9
2024-12-16,16.8,16.8,7.9,58.2,0.002,4.17,rain,22.0,11.2,331.3,1023.5,44.9,10.9,143.5,0.53,Rain,-0.2426868445825954,0.9701046827361175,16.0,16.2,16.5,16.0,16.2,16.5,6.9,7.7,10.2,55.9,57.5,66.6,0.004,0.0,0.1,8.33,0.0,4.17,rain,noprecip,rain,24.5,32.0,29.9,14.8,22.3,22.3,356.8,16.7,10.7,1026.5,1025.9,1021.6,78.2,95.3,98.6,9.6,9.8,9.9,24.6,22.2,42.6
2024-12-17,18.5,18.5,8.9,55.2,0.0,0.0,noprecip,16.6,14.8,41.8,1020.3,28.3,8.3,183.8,0.56,Cloudy,-0.22596360824801906,0.974135744004672,16.8,16.0,16.2,16.8,16.0,16.2,7.9,6.9,7.7,58.2,55.9,57.5,0.002,0.004,0.0,4.17,8.33,0.0,rain,rain,noprecip,22.0,24.5,32.0,11.2,14.8,22.3,331.3,356.8,16.7,1023.5,1026.5,1025.9,44.9,78.2,95.3,10.9,9.6,9.8,143.5,24.6,22.2
2024-12-18,19.6,19.6,8.3,49.4,0.0,0.0,noprecip,27.7,20.5,14.5,1021.2,35.7,9.4,159.9,0.59,Cloudy,-0.20917350564635637,0.9778785428342386,18.5,16.8,16.0,18.5,16.8,16.0,8.9,7.9,6.9,55.2,58.2,55.9,0.0,0.002,0.004,0.0,4.17,8.33,noprecip,rain,rain,16.6,22.0,24.5,14.8,11.2,14.8,41.8,331.3,356.8,1020.3,1023.5,1026.5,28.3,44.9,78.2,8.3,10.9,9.6,183.8,143.5,24.6
2024-12-19,17.5,17.5,7.8,56.3,0.0,0.0,noprecip,25.9,16.6,55.9,1021.3,17.0,9.3,151.2,0.62,Clear,-0.19232150523909483,0.9813319716704275,19.6,18.5,16.8,19.6,18.5,16.8,8.3,8.9,7.9,49.4,55.2,58.2,0.0,0.0,0.002,0.0,0.0,4.17,noprecip,noprecip,rain,27.7,16.6,22.0,20.5,14.8,11.2,14.5,41.8,331.3,1021.2,1020.3,1023.5,35.7,28.3,44.9,9.4,8.3,10.9,159.9,183.8,143.5
2024-12-20,17.6,17.6,9.2,59.9,0.0,0.0,noprecip,24.5,18.4,113.8,1019.4,24.7,8.7,181.0,0.66,Cloudy,-0.17541259380427843,0.9844950085880858,17.5,19.6,18.5,17.5,19.6,18.5,7.8,8.3,8.9,56.3,49.4,55.2,0.0,0.0,0.0,0.0,0.0,0.0,noprecip,noprecip,noprecip,25.9,27.7,16.6,16.6,20.5,14.8,55.9,14.5,41.8,1021.3,1021.2,1020.3,17.0,35.7,28.3,9.3,9.4,8.3,151.2,159.9,183.8
2024-12-21,17.8,17.8,10.1,61.7,0.0,0.0,noprecip,17.6,13.0,20.5,1020.0,53.6,7.8,135.7,0.69,Cloudy,-0.15845177496083632,0.9873667175937016,17.6,17.5,19.6,17.6,17.5,19.6,9.2,7.8,8.3,59.9,56.3,49.4,0.0,0.0,0.0,0.0,0.0,0.0,noprecip,noprecip,noprecip,24.5,25.9,27.7,18.4,16.6,20.5,113.8,55.9,14.5,1019.4,1021.3,1021.2,24.7,17.0,35.7,8.7,9.3,9.4,181.0,151.2,159.9
2024-12-22,17.1,17.1,9.3,63.7,0.0,0.0,noprecip,22.3,13.0,96.9,1020.3,26.1,6.9,192.7,0.72,Cloudy,-0.14144406768794202,0.9899462489023779,17.8,17.6,17.5,17.8,17.6,17.5,10.1,9.2,7.8,61.7,59.9,56.3,0.0,0.0,0.0,0.0,0.0,0.0,noprecip,noprecip,noprecip,17.6,24.5,25.9,13.0,18.4,16.6,20.5,113.8,55.9,1020.0,1019.4,1021.3,53.6,24.7,17.0,7.8,8.7,9.3,135.7,181.0,151.2
2024-12-23,16.5,16.5,9.2,64.9,0.0,0.0,noprecip,21.6,11.2,22.8,1019.8,3.2,6.7,194.6,0.75,Clear,-0.12439450483979998,0.9922328391893008,17.1,17.8,17.6,17.1,17.8,17.6,9.3,10.1,9.2,63.7,61.7,59.9,0.0,0.0,0.0,0.0,0.0,0.0,noprecip,noprecip,noprecip,22.3,17.6,24.5,13.0,13.0,18.4,96.9,20.5,113.8,1020.3,1020.0,1019.4,26.1,53.6,24.7,6.9,7.8,8.7,192.7,135.7,181.0
2024-12-24,18.5,18.5,8.5,53.2,0.0,0.0,noprecip,24.1,16.6,0.6,1021.1,42.5,8.5,177.4,0.78,Cloudy,-0.10730813165636247,0.9942258118156161,16.5,17.1,17.8,16.5,17.1,17.8,9.2,9.3,10.1,64.9,63.7,61.7,0.0,0.0,0.0,0.0,0.0,0.0,noprecip,noprecip,noprecip,21.6,22.3,17.6,11.2,13.0,13.0,22.8,96.9,20.5,1019.8,1020.3,1020.0,3.2,26.1,53.6,6.7,6.9,7.8,194.6,192.7,135.7
2024-12-25,20.1,20.1,11.5,58.9,0.0,0.0,noprecip,16.6,13.0,108.6,1020.1,29.4,6.7,184.4,0.82,Cloudy,-0.09019000427034513,0.9959245770286599,18.5,16.5,17.1,18.5,16.5,17.1,8.5,9.2,9.3,53.2,64.9,63.7,0.0,0.0,0.0,0.0,0.0,0.0,noprecip,noprecip,noprecip,24.1,21.6,22.3,16.6,11.2,13.0,0.6,22.8,96.9,1021.1,1019.8,1020.3,42.5,3.2,26.1,8.5,6.7,6.9,177.4,194.6,192.7
2024-12-26,20.8,20.8,12.9,61.0,0.0,0.0,noprecip,24.1,13.0,14.5,1021.9,89.5,8.1,112.3,0.85,Cloudy,-0.07304518821104743,0.9973286321364752,20.1,18.5,16.5,20.1,18.5,16.5,11.5,8.5,9.2,58.9,53.2,64.9,0.0,0.0,0.0,0.0,0.0,0.0,noprecip,noprecip,noprecip,16.6,24.1,21.6,13.0,16.6,11.2,108.6,0.6,22.8,1020.1,1021.1,1019.8,29.4,42.5,3.2,6.7,8.5,6.7,184.4,177.4,194.6
2024-12-27,18.5,18.5,12.6,68.9,0.002,4.17,rain,28.1,20.5,27.0,1024.3,98.5,9.6,41.5,0.88,Rain,-0.05587875690537313,0.9984375616565666,20.8,20.1,18.5,20.8,20.1,18.5,12.9,11.5,8.5,61.0,58.9,53.2,0.0,0.0,0.0,0.0,0.0,0.0,noprecip,noprecip,noprecip,24.1,16.6,24.1,13.0,13.0,16.6,14.5,108.6,0.6,1021.9,1020.1,1021.1,89.5,29.4,42.5,8.1,6.7,8.5,112.3,184.4,177.4
2024-12-28,18.7,18.7,9.4,57.2,0.011,4.17,rain,29.2,18.4,358.8,1025.9,57.1,10.9,129.1,0.91,Rain,-0.03869579017652689,0.9992510374388481,18.5,20.8,20.1,18.5,20.8,20.1,12.6,12.9,11.5,68.9,61.0,58.9,0.002,0.0,0.0,4.17,0.0,0.0,rain,noprecip,noprecip,28.1,24.1,16.6,20.5,13.0,13.0,27.0,14.5,108.6,1024.3,1021.9,1020.1,98.5,89.5,29.4,9.6,8.1,6.7,41.5,112.3,184.4
2024-12-29,18.0,18.0,9.9,60.6,0.0,0.0,noprecip,31.7,16.6,120.6,1021.5,21.7,8.4,191.3,0.94,Cloudy,-0.021501372740813793,0.999768818762748,18.7,18.5,20.8,18.7,18.5,20.8,9.4,12.6,12.9,57.2,68.9,61.0,0.011,0.002,0.0,4.17,4.17,0.0,rain,rain,noprecip,29.2,28.1,24.1,18.4,20.5,13.0,358.8,27.0,14.5,1025.9,1024.3,1021.9,57.1,98.5,89.5,10.9,9.6,8.1,129.1,41.5,112.3
2024-12-30,17.6,17.6,12.6,73.5,0.0,0.0,rain,20.2,11.2,3.8,1020.6,66.9,6.2,84.9,0.98,Cloudy,-0.004300592702981974,0.9999907524084426,18.0,18.7,18.5,18.0,18.7,18.5,9.9,9.4,12.6,60.6,57.2,68.9,0.0,0.011,0.002,0.0,4.17,4.17,noprecip,rain,rain,31.7,29.2,28.1,16.6,18.4,20.5,120.6,358.8,27.0,1021.5,1025.9,1024.3,21.7,57.1,98.5,8.4,10.9,9.6,191.3,129.1,41.5
2024-12-31,18.1,18.1,12.3,69.9,0.0,0.0,noprecip,24.8,18.4,349.7,1021.1,52.8,6.1,81.7,0.0,Cloudy,0.012901459949419653,0.9999167727021953,17.6,18.0,18.7,17.6,18.0,18.7,12.6,9.9,9.4,73.5,60.6,57.2,0.0,0.0,0.011,0.0,0.0,4.17,rain,noprecip,rain,20.2,31.7,29.2,11.2,16.6,18.4,3.8,120.6,358.8,1020.6,1021.5,1025.9,66.9,21.7,57.1,6.2,8.4,10.9,84.9,191.3,129.1
2025-01-01,17.9,17.9,12.5,73.7,0.0,0.0,noprecip,17.6,13.0,132.5,1017.3,12.2,5.1,193.0,0.05,Clear,0.017201575418260506,0.9998520419557735,18.1,17.6,18.0,18.1,17.6,18.0,12.3,12.6,9.9,69.9,73.5,60.6,0.0,0.0,0.0,0.0,0.0,0.0,noprecip,rain,noprecip,24.8,20.2,31.7,18.4,11.2,16.6,349.7,3.8,120.6,1021.1,1020.6,1021.5,52.8,66.9,21.7,6.1,6.2,8.4,81.7,84.9,191.3
2025-01-02,19.4,19.4,13.6,71.3,0.0,0.0,noprecip,16.2,9.4,27.1,1018.4,23.8,5.0,189.6,0.08,Cloudy,0.03439806061360801,0.9994082116062598,17.9,18.1,17.6,17.9,18.1,17.6,12.5,12.3,12.6,73.7,69.9,73.5,0.0,0.0,0.0,0.0,0.0,0.0,noprecip,noprecip,rain,17.6,24.8,20.2,13.0,18.4,11.2,132.5,349.7,3.8,1017.3,1021.1,1020.6,12.2,52.8,66.9,5.1,6.1,6.2,193.0,81.7,84.9
2025-01-03,20.2,20.2,12.4,64.3,0.0,0.0,noprecip,26.6,13.0,34.8,1019.8,9.6,7.0,190.7,0.12,Clear,0.051584366869408364,0.9986686402879997,19.4,17.9,18.1,19.4,17.9,18.1,13.6,12.5,12.3,71.3,73.7,69.9,0.0,0.0,0.0,0.0,0.0,0.0,noprecip,noprecip,noprecip,16.2,17.6,24.8,9.4,13.0,18.4,27.1,132.5,349.7,1018.4,1017.3,1021.1,23.8,12.2,52.8,5.0,5.1,6.1,189.6,193.0,81.7
2025-01-04,18.8,18.8,11.9,66.1,0.0,0.0,noprecip,24.5,14.8,130.9,1018.9,10.6,6.8,168.0,0.15,Clear,0.06875540848113941,0.9976335468520451,20.2,19.4,17.9,20.2,19.4,17.9,12.4,13.6,12.5,64.3,71.3,73.7,0.0,0.0,0.0,0.0,0.0,0.0,noprecip,noprecip,noprecip,26.6,16.2,17.6,13.0,9.4,13.0,34.8,27.1,132.5,1019.8,1018.4,1017.3,9.6,23.8,12.2,7.0,5.0,5.1,190.7,189.6,193.0
2025-01-05,19.0,19.0,11.1,63.8,0.0,0.0,noprecip,25.9,11.2,278.9,1020.4,15.0,6.8,195.8,0.19,Clear,0.08590610426133272,0.9963032375991965,18.8,20.2,19.4,18.8,20.2,19.4,11.9,12.4,13.6,66.1,64.3,71.3,0.0,0.0,0.0,0.0,0.0,0.0,noprecip,noprecip,noprecip,24.5,26.6,16.2,14.8,13.0,9.4,130.9,34.8,27.1,1018.9,1019.8,1018.4,10.6,9.6,23.8,6.8,7.0,5.0,168.0,190.7,189.6
2025-01-06,18.6,18.6,10.8,63.5,0.0,0.0,noprecip,22.0,16.6,99.0,1017.8,9.4,6.3,199.7,0.22,Clear,0.10303137904317879,0.9946781061893646,19.0,18.8,20.2,19.0,18.8,20.2,11.1,11.9,12.4,63.8,66.1,64.3,0.0,0.0,0.0,0.0,0.0,0.0,noprecip,noprecip,noprecip,25.9,24.5,26.6,11.2,14.8,13.0,278.9,130.9,34.8,1020.4,1018.9,1019.8,15.0,10.6,9.6,6.8,6.8,7.0,195.8,168.0,190.7
2025-01-07,18.3,18.3,13.4,74.6,0.0,0.0,rain,22.3,11.2,113.8,1017.3,36.8,5.5,127.7,0.25,Cloudy,0.1201261651823505,0.9927586335250793,18.6,19.0,18.8,18.6,19.0,18.8,10.8,11.1,11.9,63.5,63.8,66.1,0.0,0.0,0.0,0.0,0.0,0.0,noprecip,noprecip,noprecip,22.0,25.9,24.5,16.6,11.2,14.8,99.0,278.9,130.9,1017.8,1020.4,1018.9,9.4,15.0,10.6,6.3,6.8,6.8,199.7,195.8,168.0
2025-01-08,20.1,20.1,15.4,75.4,0.6,20.83,rain,22.7,16.6,111.8,1018.0,71.1,7.2,102.1,0.3,Rain,0.13718540405660057,0.9905453876091833,18.3,18.6,19.0,18.3,18.6,19.0,13.4,10.8,11.1,74.6,63.5,63.8,0.0,0.0,0.0,0.0,0.0,0.0,rain,noprecip,noprecip,22.3,22.0,25.9,11.2,16.6,11.2,113.8,99.0,278.9,1017.3,1017.8,1020.4,36.8,9.4,15.0,5.5,6.3,6.8,127.7,199.7,195.8
2025-01-09,19.5,19.5,11.3,60.4,0.0,0.0,noprecip,38.2,20.5,47.6,1021.3,56.5,8.3,74.2,0.33,Cloudy,0.1542040475626894,0.988039023376751,20.1,18.3,18.6,20.1,18.3,18.6,15.4,13.4,10.8,75.4,74.6,63.5,0.6,0.0,0.0,20.83,0.0,0.0,rain,rain,noprecip,22.7,22.3,22.0,16.6,11.2,16.6,111.8,113.8,99.0,1018.0,1017.3,1017.8,71.1,36.8,9.4,7.2,5.5,6.3,102.1,127.7,199.7
2025-01-10,16.5,16.5,6.5,51.8,0.0,0.0,noprecip,31.7,20.5,24.0,1027.9,35.2,10.0,103.6,0.37,Cloudy,0.17117705961019986,0.985240282501282,19.5,20.1,18.3,19.5,20.1,18.3,11.3,15.4,13.4,60.4,75.4,74.6,0.0,0.6,0.0,0.0,20.83,0.0,noprecip,rain,rain,38.2,22.7,22.3,20.5,16.6,11.2,47.6,111.8,113.8,1021.3,1018.0,1017.3,56.5,71.1,36.8,8.3,7.2,5.5,74.2,102.1,127.7
2025-01-11,15.6,15.6,5.3,51.0,0.0,0.0,noprecip,33.5,22.3,13.6,1030.5,23.7,9.9,94.6,0.4,Cloudy,0.18809941761179758,0.9821499931752291,16.5,19.5,20.1,16.5,19.5,20.1,6.5,11.3,15.4,51.8,60.4,75.4,0.0,0.0,0.6,0.0,0.0,20.83,noprecip,noprecip,rain,31.7,38.2,22.7,20.5,20.5,16.6,24.0,47.6,111.8,1027.9,1021.3,1018.0,35.2,56.5,71.1,10.0,8.3,7.2,103.6,74.2,102.1
2025-01-12,14.5,14.5,3.4,53.2,0.0,0.0,noprecip,26.6,16.6,343.3,1026.9,3.7,10.5,211.0,0.44,Clear,0.20496611396949532,0.9787690698649216,15.6,16.5,19.5,15.6,16.5,19.5,5.3,6.5,11.3,51.0,51.8,60.4,0.0,0.0,0.0,0.0,0.0,0.0,noprecip,noprecip,noprecip,33.5,31.7,38.2,22.3,20.5,20.5,13.6,24.0,47.6,1030.5,1027.9,1021.3,23.7,35.2,56.5,9.9,10.0,8.3,94.6,103.6,74.2
2025-01-13,14.9,14.9,6.6,60.6,0.0,0.0,noprecip,24.1,9.4,135.0,1022.0,2.8,8.8,211.5,0.47,Clear,0.22177215755648186,0.975098513039961,14.5,15.6,16.5,14.5,15.6,16.5,3.4,5.3,6.5,53.2,51.0,51.8,0.0,0.0,0.0,0.0,0.0,0.0,noprecip,noprecip,noprecip,26.6,33.5,31.7,16.6,22.3,20.5,343.3,13.6,24.0,1026.9,1030.5,1027.9,3.7,23.7,35.2,10.5,9.9,10.0,211.0,94.6,103.6
2025-01-14,16.3,16.3,10.9,72.3,0.0,0.0,noprecip,17.6,11.2,2.3,1021.1,14.7,7.4,200.4,0.5,Clear,0.23851257519407648,0.9711394088771653,14.9,14.5,15.6,14.9,14.5,15.6,6.6,3.4,5.3,60.6,53.2,51.0,0.0,0.0,0.0,0.0,0.0,0.0,noprecip,noprecip,noprecip,24.1,26.6,33.5,9.4,16.6,22.3,135.0,343.3,13.6,1022.0,1026.9,1030.5,2.8,3.7,23.7,8.8,10.5,9.9,211.5,211.0,94.6
2025-01-15,19.5,19.5,10.7,60.3,0.1,4.17,rain,30.6,16.6,57.5,1024.2,30.7,7.9,75.6,0.54,Rain,0.2551824131233728,0.9668929289391521,16.3,14.9,14.5,16.3,14.9,14.5,10.9,6.6,3.4,72.3,60.6,53.2,0.0,0.0,0.0,0.0,0.0,0.0,noprecip,noprecip,noprecip,17.6,24.1,26.6,11.2,9.4,16.6,2.3,135.0,343.3,1021.1,1022.0,1026.9,14.7,2.8,3.7,7.4,8.8,10.5,200.4,211.5,211.0
2025-01-16,18.6,18.6,7.6,51.3,0.0,0.0,noprecip,26.6,20.5,30.9,1024.7,13.3,8.9,168.1,0.57,Clear,0.2717767384711357,0.9623603298276545,19.5,16.3,14.9,19.5,16.3,14.9,10.7,10.9,6.6,60.3,72.3,60.6,0.1,0.0,0.0,4.17,0.0,0.0,rain,noprecip,noprecip,30.6,17.6,24.1,16.6,11.2,9.4,57.5,2.3,135.0,1024.2,1021.1,1022.0,30.7,14.7,2.8,7.9,7.4,8.8,75.6,200.4,211.5
2025-01-17,17.4,17.4,10.4,66.8,0.0,0.0,noprecip,30.6,18.4,122.1,1021.0,5.9,7.2,210.9,0.6,Clear,0.2882906407095177,0.9575429528116719,18.6,19.5,16.3,18.6,19.5,16.3,7.6,10.7,10.9,51.3,60.3,72.3,0.0,0.1,0.0,0.0,4.17,0.0,noprecip,rain,noprecip,26.6,30.6,17.6,20.5,16.6,11.2,30.9,57.5,2.3,1024.7,1024.2,1021.1,13.3,30.7,14.7,8.9,7.9,7.4,168.1,75.6,200.4
2025-01-18,16.0,16.0,11.0,72.9,0.0,0.0,noprecip,21.2,14.8,346.9,1019.1,64.8,6.5,112.8,0.64,Cloudy,0.3047192331091634,0.9524422234305676,17.4,18.6,19.5,17.4,18.6,19.5,10.4,7.6,10.7,66.8,51.3,60.3,0.0,0.0,0.1,0.0,0.0,4.17,noprecip,noprecip,rain,30.6,26.6,30.6,18.4,20.5,16.6,122.1,30.9,57.5,1021.0,1024.7,1024.2,5.9,13.3,30.7,7.2,8.9,7.9,210.9,168.1,75.6
2025-01-19,18.3,18.3,11.6,66.6,0.0,0.0,noprecip,19.1,13.0,265.5,1017.1,39.3,6.4,183.6,0.67,Cloudy,0.321057654185271,0.9470596510722283,16.0,17.4,18.6,16.0,17.4,18.6,11.0,10.4,7.6,72.9,66.8,51.3,0.0,0.0,0.0,0.0,0.0,0.0,noprecip,noprecip,noprecip,21.2,30.6,26.6,14.8,18.4,20.5,346.9,122.1,30.9,1019.1,1021.0,1024.7,64.8,5.9,13.3,6.5,7.2,8.9,112.8,210.9,168.1
2025-01-20,19.1,19.1,11.6,63.4,0.0,0.0,noprecip,19.4,11.2,88.8,1015.5,19.1,6.1,203.7,0.7,Clear,0.3373010691361842,0.9413968285264122,18.3,16.0,17.4,18.3,16.0,17.4,11.6,11.0,10.4,66.6,72.9,66.8,0.0,0.0,0.0,0.0,0.0,0.0,noprecip,noprecip,noprecip,19.1,21.2,30.6,13.0,14.8,18.4,265.5,346.9,122.1,1017.1,1019.1,1021.0,39.3,64.8,5.9,6.4,6.5,7.2,183.6,112.8,210.9
2025-01-21,19.3,19.3,12.1,66.5,0.0,0.0,noprecip,29.2,18.4,122.6,1014.9,7.8,7.4,208.8,0.73,Clear,0.3534446712740877,0.9354554315134164,19.1,18.3,16.0,19.1,18.3,16.0,11.6,11.6,11.0,63.4,66.6,72.9,0.0,0.0,0.0,0.0,0.0,0.0,noprecip,noprecip,noprecip,19.4,19.1,21.2,11.2,13.0,14.8,88.8,265.5,346.9,1015.5,1017.1,1019.1,19.1,39.3,64.8,6.1,6.4,6.5,203.7,183.6,112.8
2025-01-22,19.0,19.0,15.5,81.3,0.3,12.5,rain,18.4,14.8,97.3,1015.3,78.5,5.2,66.2,0.75,Rain,0.3694836834473831,0.9292372181882051,19.3,19.1,18.3,19.3,19.1,18.3,12.1,11.6,11.6,66.5,63.4,66.6,0.0,0.0,0.0,0.0,0.0,0.0,noprecip,noprecip,noprecip,29.2,19.4,19.1,18.4,11.2,13.0,122.6,88.8,265.5,1014.9,1015.5,1017.1,7.8,19.1,39.3,7.4,6.1,6.4,208.8,203.7,183.6
2025-01-23,19.9,19.9,16.9,83.2,0.0,0.0,rain,25.2,20.5,119.5,1014.4,86.2,6.5,71.7,0.8,Cloudy,0.38541335945432564,0.9227440286201427,19.0,19.3,19.1,19.0,19.3,19.1,15.5,12.1,11.6,81.3,66.5,63.4,0.3,0.0,0.0,12.5,0.0,0.0,rain,noprecip,noprecip,18.4,29.2,19.4,14.8,18.4,11.2,97.3,122.6,88.8,1015.3,1014.9,1015.5,78.5,7.8,19.1,5.2,7.4,6.1,66.2,208.8,203.7
2025-01-24,20.5,20.5,18.3,87.4,0.1,4.17,rain,29.2,20.5,114.1,1011.2,89.6,5.6,100.6,0.83,Rain,0.4012289854475009,0.9159777842484877,19.9,19.0,19.3,19.9,19.0,19.3,16.9,15.5,12.1,83.2,81.3,66.5,0.0,0.3,0.0,0.0,12.5,0.0,rain,rain,noprecip,25.2,18.4,29.2,20.5,14.8,18.4,119.5,97.3,122.6,1014.4,1015.3,1014.9,86.2,78.5,7.8,6.5,5.2,7.4,71.7,66.2,208.8
2025-01-25,21.8,21.8,19.3,86.1,1.4,4.17,rain,29.5,20.5,121.8,1012.7,94.3,7.7,60.7,0.86,Rain,0.4169258813287287,0.908940487313808,20.5,19.9,19.0,20.5,19.9,19.0,18.3,16.9,15.5,87.4,83.2,81.3,0.1,0.0,0.3,4.17,0.0,12.5,rain,rain,rain,29.2,25.2,18.4,20.5,20.5,14.8,114.1,119.5,97.3,1011.2,1014.4,1015.3,89.6,86.2,78.5,5.6,6.5,5.2,100.6,71.7,66.2
2025-01-26,16.1,16.1,9.7,66.9,1.9,4.17,rain,49.0,38.9,17.2,1023.3,63.8,9.4,25.0,0.89,Rain,0.4324994021339788,0.901634220265486,21.8,20.5,19.9,21.8,20.5,19.9,19.3,18.3,16.9,86.1,87.4,83.2,1.4,0.1,0.0,4.17,4.17,0.0,rain,rain,rain,29.5,29.2,25.2,20.5,20.5,20.5,121.8,114.1,119.5,1012.7,1011.2,1014.4,94.3,89.6,86.2,7.7,5.6,6.5,60.7,100.6,71.7
2025-01-27,15.6,15.6,3.0,44.1,0.0,0.0,noprecip,23.8,22.3,13.5,1023.7,18.4,10.0,89.9,0.93,Clear,0.44794493940789115,0.8940611451454876,16.1,21.8,20.5,16.1,21.8,20.5,9.7,19.3,18.3,66.9,86.1,87.4,1.9,1.4,0.1,4.17,4.17,4.17,rain,rain,rain,49.0,29.5,29.2,38.9,20.5,20.5,17.2,121.8,114.1,1023.3,1012.7,1011.2,63.8,94.3,89.6,9.4,7.7,5.6,25.0,60.7,100.6
2025-01-28,14.6,14.6,3.3,47.8,0.0,0.0,noprecip,26.6,20.5,24.4,1025.0,25.1,9.9,151.1,0.96,Cloudy,0.4632579225674917,0.88622350294858,15.6,16.1,21.8,15.6,16.1,21.8,3.0,9.7,19.3,44.1,66.9,86.1,0.0,1.9,1.4,0.0,4.17,4.17,noprecip,rain,rain,23.8,49.0,29.5,22.3,38.9,20.5,13.5,17.2,121.8,1023.7,1023.3,1012.7,18.4,63.8,94.3,10.0,9.4,7.7,89.9,25.0,60.7
2025-01-29,14.3,14.3,6.1,59.5,0.0,0.0,noprecip,22.7,11.2,337.9,1023.4,21.6,9.2,185.5,0.0,Cloudy,0.4784338202547012,0.8781236129591848,14.6,15.6,16.1,14.6,15.6,16.1,3.3,3.0,9.7,47.8,44.1,66.9,0.0,0.0,1.9,0.0,0.0,4.17,noprecip,noprecip,rain,26.6,23.8,49.0,20.5,22.3,38.9,24.4,13.5,17.2,1025.0,1023.7,1023.3,25.1,18.4,63.8,9.9,10.0,9.4,151.1,89.9,25.0
2025-01-30,17.0,17.0,10.3,66.4,0.0,0.0,noprecip,35.3,18.4,127.6,1016.3,30.9,10.5,145.4,0.02,Cloudy,0.49346814167723735,0.8697638720650646,14.3,14.6,15.6,14.3,14.6,15.6,6.1,3.3,3.0,59.5,47.8,44.1,0.0,0.0,0.0,0.0,0.0,0.0,noprecip,noprecip,noprecip,22.7,26.6,23.8,11.2,20.5,22.3,337.9,24.4,13.5,1023.4,1025.0,1023.7,21.6,25.1,18.4,9.2,9.9,10.0,185.5,151.1,89.9
2025-01-31,20.6,20.6,16.8,80.3,0.1,4.17,rain,33.5,20.5,123.5,1012.5,75.0,8.8,106.7,0.06,Rain,0.5083564379375122,0.8611467540480452,17.0,14.3,14.6,17.0,14.3,14.6,10.3,6.1,3.3,66.4,59.5,47.8,0.0,0.0,0.0,0.0,0.0,0.0,noprecip,noprecip,noprecip,35.3,22.7,26.6,18.4,11.2,20.5,127.6,337.9,24.4,1016.3,1023.4,1025.0,30.9,21.6,25.1,10.5,9.2,9.9,145.4,185.5,151.1
2025-02-01,20.5,20.5,18.2,86.9,2.6,8.33,rain,31.3,18.4,123.1,1010.8,95.1,7.6,94.7,0.1,Rain,0.5230943033491326,0.8522748088519838,20.6,17.0,14.3,20.6,17.0,14.3,16.8,10.3,6.1,80.3,66.4,59.5,0.1,0.0,0.0,4.17,0.0,0.0,rain,noprecip,noprecip,33.5,35.3,22.7,20.5,18.4,11.2,123.5,127.6,337.9,1012.5,1016.3,1023.4,75.0,30.9,21.6,8.8,10.5,9.2,106.7,145.4,185.5
2025-02-02,21.4,21.4,17.9,80.5,0.9,25.0,rain,31.0,18.4,130.9,1012.0,96.0,9.9,63.2,0.13,Rain,0.5376773767406141,0.8431506618282,20.5,20.6,17.0,20.5,20.6,17.0,18.2,16.8,10.3,86.9,80.3,66.4,2.6,0.1,0.0,8.33,4.17,0.0,rain,rain,noprecip,31.3,33.5,35.3,18.4,20.5,18.4,123.1,123.5,127.6,1010.8,1012.5,1016.3,95.1,75.0,30.9,7.6,8.8,10.5,94.7,106.7,145.4
2025-02-03,17.0,17.0,10.4,65.8,3.6,33.33,rain,31.7,27.7,35.0,1020.0,80.6,10.0,30.2,0.17,Rain,0.5521013427459208,0.8337770129585915,21.4,20.5,20.6,21.4,20.5,20.6,17.9,18.2,16.8,80.5,86.9,80.3,0.9,2.6,0.1,25.0,8.33,4.17,rain,rain,rain,31.0,31.3,33.5,18.4,18.4,20.5,130.9,123.1,123.5,1012.0,1010.8,1012.5,96.0,95.1,75.0,9.9,7.6,8.8,63.2,94.7,106.7
2025-02-04,17.0,17.0,6.2,49.7,0.0,0.0,noprecip,25.9,18.4,78.3,1021.8,22.0,10.7,112.6,0.2,Cloudy,0.5663619330814524,0.8241566360566663,17.0,21.4,20.5,17.0,21.4,20.5,10.4,17.9,18.2,65.8,80.5,86.9,3.6,0.9,2.6,33.33,25.0,8.33,rain,rain,rain,31.7,31.0,31.3,27.7,18.4,18.4,35.0,130.9,123.1,1020.0,1012.0,1010.8,80.6,96.0,95.1,10.0,9.9,7.6,30.2,63.2,94.7
2025-02-05,16.7,16.7,11.4,70.9,0.0,0.0,noprecip,19.8,18.4,107.4,1017.0,76.8,9.1,84.0,0.25,Cloudy,0.580454927809098,0.8142923779467267,17.0,17.0,21.4,17.0,17.0,21.4,6.2,10.4,17.9,49.7,65.8,80.5,0.0,3.6,0.9,0.0,33.33,25.0,noprecip,rain,rain,25.9,31.7,31.0,18.4,27.7,18.4,78.3,35.0,130.9,1021.8,1020.0,1012.0,22.0,80.6,96.0,10.7,10.0,9.9,112.6,30.2,63.2
2025-02-06,15.4,15.4,14.4,93.8,1.8,4.17,rain,19.4,13.5,53.6,1015.6,100.0,4.7,40.8,0.27,Rain,0.5943761565849831,0.804187157621448,16.7,17.0,17.0,16.7,17.0,17.0,11.4,6.2,10.4,70.9,49.7,65.8,0.0,0.0,3.6,0.0,0.0,33.33,noprecip,noprecip,rain,19.8,25.9,31.7,18.4,18.4,27.7,107.4,78.3,35.0,1017.0,1021.8,1020.0,76.8,22.0,80.6,9.1,10.7,10.0,84.0,112.6,30.2
2025-02-07,14.5,14.5,10.2,76.7,2.6,4.17,rain,27.0,18.4,27.6,1021.7,100.0,9.0,36.9,0.31,Rain,0.6081214998935418,0.7938439653781019,15.4,16.7,17.0,15.4,16.7,17.0,14.4,11.4,6.2,93.8,70.9,49.7,1.8,0.0,0.0,4.17,0.0,0.0,rain,noprecip,noprecip,19.4,19.8,25.9,13.5,18.4,18.4,53.6,107.4,78.3,1015.6,1017.0,1021.8,100.0,76.8,22.0,4.7,9.1,10.7,40.8,84.0,112.6
2025-02-08,14.3,14.3,7.5,63.9,0.4,12.5,rain,27.0,20.5,36.8,1025.0,78.5,10.0,42.4,0.34,Rain,0.6216868902665479,0.7832658619336791,14.5,15.4,16.7,14.5,15.4,16.7,10.2,14.4,11.4,76.7,93.8,70.9,2.6,1.8,0.0,4.17,4.17,0.0,rain,rain,noprecip,27.0,19.4,19.8,18.4,13.5,18.4,27.6,53.6,107.4,1021.7,1015.6,1017.0,100.0,100.0,76.8,9.0,4.7,9.1,36.9,40.8,84.0
2025-02-09,14.7,14.7,5.8,55.8,0.0,0.0,noprecip,21.2,16.6,56.3,1023.6,80.5,10.0,95.2,0.38,Cloudy,0.6350683134867438,0.7724559775191742,14.3,14.5,15.4,14.3,14.5,15.4,7.5,10.2,14.4,63.9,76.7,93.8,0.4,2.6,1.8,12.5,4.17,4.17,rain,rain,rain,27.0,27.0,19.4,20.5,18.4,13.5,36.8,27.6,53.6,1025.0,1021.7,1015.6,78.5,100.0,100.0,10.0,9.0,4.7,42.4,36.9,40.8
2025-02-10,15.4,15.4,8.5,64.4,0.0,0.0,noprecip,15.8,11.2,50.1,1020.4,89.0,8.7,142.5,0.42,Cloudy,0.6482618097757122,0.7614175109532997,14.7,14.3,14.5,14.7,14.3,14.5,5.8,7.5,10.2,55.8,63.9,76.7,0.0,0.4,2.6,0.0,12.5,4.17,noprecip,rain,rain,21.2,27.0,27.0,16.6,20.5,18.4,56.3,36.8,27.6,1023.6,1025.0,1021.7,80.5,78.5,100.0,10.0,10.0,9.0,95.2,42.4,36.9
2025-02-11,18.4,18.4,13.2,72.2,0.0,0.0,rain,26.3,16.6,144.1,1017.0,89.8,7.0,109.4,0.45,Cloudy,0.6612634749656386,0.7501537286959042,15.4,14.7,14.3,15.4,14.7,14.3,8.5,5.8,7.5,64.4,55.8,63.9,0.0,0.0,0.4,0.0,0.0,12.5,noprecip,noprecip,rain,15.8,21.2,27.0,11.2,16.6,20.5,50.1,56.3,36.8,1020.4,1023.6,1025.0,89.0,80.5,78.5,8.7,10.0,10.0,142.5,95.2,42.4
2025-02-12,19.1,19.1,16.1,83.0,0.1,4.17,rain,15.1,13.0,296.6,1016.8,85.1,5.3,91.1,0.5,Rain,0.6740694616546161,0.7386679638813748,18.4,15.4,14.7,18.4,15.4,14.7,13.2,8.5,5.8,72.2,64.4,55.8,0.0,0.0,0.0,0.0,0.0,0.0,rain,noprecip,noprecip,26.3,15.8,21.2,16.6,11.2,16.6,144.1,50.1,56.3,1017.0,1020.4,1023.6,89.8,89.0,80.5,7.0,8.7,10.0,109.4,142.5,95.2
2025-02-13,19.4,19.4,15.7,79.8,1.3,16.67,rain,29.5,18.4,32.3,1017.5,64.6,7.7,82.9,0.52,Rain,0.6866759803451553,0.726963615332308,19.1,18.4,15.4,19.1,18.4,15.4,16.1,13.2,8.5,83.0,72.2,64.4,0.1,0.0,0.0,4.17,0.0,0.0,rain,rain,noprecip,15.1,26.3,15.8,13.0,16.6,11.2,296.6,144.1,50.1,1016.8,1017.0,1020.4,85.1,89.8,89.0,5.3,7.0,8.7,91.1,109.4,142.5
2025-02-14,19.9,19.9,16.8,82.6,0.0,0.0,rain,22.7,16.6,115.2,1015.4,93.5,7.2,65.9,0.55,Cloudy,0.6990793005655562,0.7150441465537444,19.4,19.1,18.4,19.4,19.1,18.4,15.7,16.1,13.2,79.8,83.0,72.2,1.3,0.1,0.0,16.67,4.17,0.0,rain,rain,rain,29.5,15.1,26.3,18.4,13.0,16.6,32.3,296.6,144.1,1017.5,1016.8,1017.0,64.6,85.1,89.8,7.7,5.3,7.0,82.9,91.1,109.4
2025-02-15,20.6,20.6,18.9,90.2,0.1,4.17,rain,26.3,20.5,122.5,1013.2,95.5,4.4,59.7,0.59,Rain,0.7112757519738152,0.7029130847082615,19.9,19.4,19.1,19.9,19.4,19.1,16.8,15.7,16.1,82.6,79.8,83.0,0.0,1.3,0.1,0.0,16.67,4.17,rain,rain,rain,22.7,29.5,15.1,16.6,18.4,13.0,115.2,32.3,296.6,1015.4,1017.5,1016.8,93.5,64.6,85.1,7.2,7.7,5.3,65.9,82.9,91.1
2025-02-16,16.8,16.8,15.3,90.9,5.2,4.17,rain,23.0,22.3,43.3,1016.9,98.5,8.0,32.1,0.62,Rain,0.7232617254437388,0.6905740195722294,20.6,19.9,19.4,20.6,19.9,19.4,18.9,16.8,15.7,90.2,82.6,79.8,0.1,0.0,1.3,4.17,0.0,16.67,rain,rain,rain,26.3,22.7,29.5,20.5,16.6,18.4,122.5,115.2,32.3,1013.2,1015.4,1017.5,95.5,93.5,64.6,4.4,7.2,7.7,59.7,65.9,82.9
2025-02-17,16.0,16.0,14.5,90.9,1.9,4.17,rain,15.1,14.8,22.4,1019.3,99.3,6.6,80.3,0.65,Rain,0.7350336741329412,0.6780306024735382,16.8,20.6,19.9,16.8,20.6,19.9,15.3,18.9,16.8,90.9,90.2,82.6,5.2,0.1,0.0,4.17,4.17,0.0,rain,rain,rain,23.0,26.3,22.7,22.3,20.5,16.6,43.3,122.5,115.2,1016.9,1013.2,1015.4,98.5,95.5,93.5,8.0,4.4,7.2,32.1,59.7,65.9
2025-02-18,15.4,15.4,14.3,93.3,5.0,4.17,rain,19.1,14.8,31.2,1020.3,98.3,6.9,39.3,0.68,Rain,0.746588114532413,0.6652865452111116,16.0,16.8,20.6,16.0,16.8,20.6,14.5,15.3,18.9,90.9,90.9,90.2,1.9,5.2,0.1,4.17,4.17,4.17,rain,rain,rain,15.1,23.0,26.3,14.8,22.3,20.5,22.4,43.3,122.5,1019.3,1016.9,1013.2,99.3,98.5,95.5,6.6,8.0,4.4,80.3,32.1,59.7
2025-02-19,15.7,15.7,15.0,95.4,0.6,4.17,rain,14.0,9.4,35.9,1019.0,98.5,4.0,41.8,0.71,Rain,0.7579216274973472,0.6523456189565257,15.4,16.0,16.8,15.4,16.0,16.8,14.3,14.5,15.3,93.3,90.9,90.9,5.0,1.9,5.2,4.17,4.17,4.17,rain,rain,rain,19.1,15.1,23.0,14.8,14.8,22.3,31.2,22.4,43.3,1020.3,1019.3,1016.9,98.3,99.3,98.5,6.9,6.6,8.0,39.3,80.3,32.1
2025-02-20,18.4,18.4,17.4,93.9,0.6,4.17,rain,23.4,11.2,112.1,1018.7,95.5,3.2,81.1,0.75,Rain,0.7690308592589181,0.6392116531380588,15.7,15.4,16.0,15.7,15.4,16.0,15.0,14.3,14.5,95.4,93.3,90.9,0.6,5.0,1.9,4.17,4.17,4.17,rain,rain,rain,14.0,19.1,15.1,9.4,14.8,14.8,35.9,31.2,22.4,1019.0,1020.3,1019.3,98.5,98.3,99.3,4.0,6.9,6.6,41.8,39.3,80.3
2025-02-21,18.9,18.9,17.5,91.6,1.6,4.17,rain,21.2,16.6,62.0,1019.6,93.6,5.4,41.9,0.75,Rain,0.7799125224167177,0.6258885343075018,18.4,15.7,15.4,18.4,15.7,15.4,17.4,15.0,14.3,93.9,95.4,93.3,0.6,0.6,5.0,4.17,4.17,4.17,rain,rain,rain,23.4,14.0,19.1,11.2,9.4,14.8,112.1,35.9,31.2,1018.7,1019.0,1020.3,95.5,98.5,98.3,3.2,4.0,6.9,81.1,41.8,39.3
2025-02-22,18.0,18.0,16.8,92.6,4.3,4.17,rain,18.4,16.6,68.0,1020.3,95.3,5.1,48.1,0.81,Rain,0.7905633969115482,0.612380204990065,18.9,18.4,15.7,18.9,18.4,15.7,17.5,17.4,15.0,91.6,93.9,95.4,1.6,0.6,0.6,4.17,4.17,4.17,rain,rain,rain,21.2,23.4,14.0,16.6,11.2,9.4,62.0,112.1,35.9,1019.6,1018.7,1019.0,93.6,95.5,98.5,5.4,3.2,4.0,41.9,81.1,41.8
2025-02-23,16.3,16.3,14.1,87.2,5.1,4.17,rain,27.7,24.1,37.2,1024.6,99.5,7.7,40.9,0.84,Rain,0.8009803309782905,0.5986906625177214,18.0,18.9,18.4,18.0,18.9,18.4,16.8,17.5,17.4,92.6,91.6,93.9,4.3,1.6,0.6,4.17,4.17,4.17,rain,rain,rain,18.4,21.2,23.4,16.6,16.6,11.2,68.0,62.0,112.1,1020.3,1019.6,1018.7,95.3,93.6,95.5,5.1,5.4,3.2,48.1,41.9,81.1
2025-02-24,13.6,13.6,10.9,84.1,1.2,4.17,rain,21.6,16.6,22.1,1027.7,100.0,9.1,41.8,0.88,Rain,0.8111602420785621,0.5848239578463322,16.3,18.0,18.9,16.3,18.0,18.9,14.1,16.8,17.5,87.2,92.6,91.6,5.1,4.3,1.6,4.17,4.17,4.17,rain,rain,rain,27.7,18.4,21.2,24.1,16.6,16.6,37.2,68.0,62.0,1024.6,1020.3,1019.6,99.5,95.3,93.6,7.7,5.1,5.4,40.9,48.1,41.9
2025-02-25,13.9,13.9,12.6,92.3,11.4,4.17,rain,15.1,9.4,20.9,1025.8,98.0,7.4,34.0,0.91,Rain,0.8211001178128892,0.5707841943569036,13.6,16.3,18.0,13.6,16.3,18.0,10.9,14.1,16.8,84.1,87.2,92.6,1.2,5.1,4.3,4.17,4.17,4.17,rain,rain,rain,21.6,27.7,18.4,16.6,24.1,16.6,22.1,37.2,68.0,1027.7,1024.6,1020.3,100.0,99.5,95.3,9.1,7.7,5.1,41.8,40.9,48.1
2025-02-26,14.9,14.9,13.0,88.8,1.2,4.17,rain,15.8,13.0,42.9,1022.8,97.9,8.2,53.5,0.94,Rain,0.8307970168121247,0.5565755266413303,13.9,13.6,16.3,13.9,13.6,16.3,12.6,10.9,14.1,92.3,84.1,87.2,11.4,1.2,5.1,4.17,4.17,4.17,rain,rain,rain,15.1,21.6,27.7,9.4,16.6,24.1,20.9,22.1,37.2,1025.8,1027.7,1024.6,98.0,100.0,99.5,7.4,9.1,7.7,34.0,41.8,40.9
2025-02-27,18.1,18.1,15.7,86.5,0.0,0.0,noprecip,24.8,16.6,118.7,1017.3,95.6,5.2,125.2,0.97,Cloudy,0.8402480696078469,0.5422021592729844,14.9,13.9,13.6,14.9,13.9,13.6,13.0,12.6,10.9,88.8,92.3,84.1,1.2,11.4,1.2,4.17,4.17,4.17,rain,rain,rain,15.8,15.1,21.6,13.0,9.4,16.6,42.9,20.9,22.1,1022.8,1025.8,1027.7,97.9,98.0,100.0,8.2,7.4,9.1,53.5,34.0,41.8
2025-02-28,20.4,20.4,17.9,86.2,0.0,0.0,rain,31.0,16.6,131.9,1015.0,98.9,5.4,123.1,0.0,Cloudy,0.8494504794814806,0.527668345562516,18.1,14.9,13.9,18.1,14.9,13.9,15.7,13.0,12.6,86.5,88.8,92.3,0.0,1.2,11.4,0.0,4.17,4.17,noprecip,rain,rain,24.8,15.8,15.1,16.6,13.0,9.4,118.7,42.9,20.9,1017.3,1022.8,1025.8,95.6,97.9,98.0,5.2,8.2,7.4,125.2,53.5,34.0
2025-03-01,21.5,21.5,19.9,90.9,0.6,4.17,rain,35.3,16.6,129.4,1011.5,94.7,6.5,139.0,0.04,Rain,0.8584015232918917,0.512978386299228,20.4,18.1,14.9,20.4,18.1,14.9,17.9,15.7,13.0,86.2,86.5,88.8,0.0,0.0,1.2,0.0,0.0,4.17,rain,noprecip,rain,31.0,24.8,15.8,16.6,16.6,13.0,131.9,118.7,42.9,1015.0,1017.3,1022.8,98.9,95.6,97.9,5.4,5.2,8.2,123.1,125.2,53.5
2025-03-02,22.1,22.1,21.0,93.4,1.2,4.17,rain,31.3,16.6,113.5,1009.6,98.1,5.2,146.4,0.08,Rain,0.8670985522812081,0.4981366284784055,21.5,20.4,18.1,21.5,20.4,18.1,19.9,17.9,15.7,90.9,86.2,86.5,0.6,0.0,0.0,4.17,0.0,0.0,rain,rain,noprecip,35.3,31.0,24.8,16.6,16.6,16.6,129.4,131.9,118.7,1011.5,1015.0,1017.3,94.7,98.9,95.6,6.5,5.4,5.2,139.0,123.1,125.2
2025-03-03,23.8,23.9,21.9,89.7,0.2,4.17,rain,22.0,16.6,116.6,1008.6,97.0,6.8,163.0,0.11,Rain,0.8755389928586302,0.4831474640149687,22.1,21.5,20.4,22.1,21.5,20.4,21.0,19.9,17.9,93.4,90.9,86.2,1.2,0.6,0.0,4.17,4.17,0.0,rain,rain,rain,31.3,35.3,31.0,16.6,16.6,16.6,113.5,129.4,131.9,1009.6,1011.5,1015.0,98.1,94.7,98.9,5.2,6.5,5.4,146.4,139.0,123.1
2025-03-04,24.9,25.5,22.2,85.8,0.1,4.17,rain,29.2,18.4,128.5,1007.2,91.6,7.3,171.8,0.15,Rain,0.8837203473619977,0.4680153284438345,23.8,22.1,21.5,23.9,22.1,21.5,21.9,21.0,19.9,89.7,93.4,90.9,0.2,1.2,0.6,4.17,4.17,4.17,rain,rain,rain,22.0,31.3,35.3,16.6,16.6,16.6,116.6,113.5,129.4,1008.6,1009.6,1011.5,97.0,98.1,94.7,6.8,5.2,6.5,163.0,146.4,139.0
2025-03-05,23.9,24.1,21.4,86.3,0.1,4.17,rain,30.6,22.3,119.9,1008.9,98.4,6.4,72.2,0.18,Rain,0.8916401947968874,0.45274469960737107,24.9,23.8,22.1,25.5,23.9,22.1,22.2,21.9,21.0,85.8,89.7,93.4,0.1,0.2,1.2,4.17,4.17,4.17,rain,rain,rain,29.2,22.0,31.3,18.4,16.6,16.6,128.5,116.6,113.5,1007.2,1008.6,1009.6,91.6,97.0,98.1,7.3,6.8,5.2,171.8,163.0,146.4
2025-03-06,17.3,17.3,10.5,64.8,0.604,8.33,rain,32.0,27.7,58.7,1019.0,87.0,9.9,45.8,0.25,Rain,0.8992961915530253,0.4373400963303323,23.9,24.9,23.8,24.1,25.5,23.9,21.4,22.2,21.9,86.3,85.8,89.7,0.1,0.1,0.2,4.17,4.17,4.17,rain,rain,rain,30.6,29.2,22.0,22.3,18.4,16.6,119.9,128.5,116.6,1008.9,1007.2,1008.6,98.4,91.6,97.0,6.4,7.3,6.8,72.2,171.8,163.0
2025-03-07,16.8,16.8,7.6,54.9,0.4,16.67,rain,24.1,14.8,52.7,1021.3,43.4,10.0,59.9,0.25,Rain,0.9066860720977985,0.4218060770826634,17.3,23.9,24.9,17.3,24.1,25.5,10.5,21.4,22.2,64.8,86.3,85.8,0.604,0.1,0.1,8.33,4.17,4.17,rain,rain,rain,32.0,30.6,29.2,27.7,22.3,18.4,58.7,119.9,128.5,1019.0,1008.9,1007.2,87.0,98.4,91.6,9.9,6.4,7.3,45.8,72.2,171.8
2025-03-08,16.3,16.3,10.9,70.8,0.0,0.0,noprecip,16.9,9.4,58.2,1020.3,73.9,9.4,91.4,0.29,Cloudy,0.9138076496466615,0.40614723863057883,16.8,17.3,23.9,16.8,17.3,24.1,7.6,10.5,21.4,54.9,64.8,86.3,0.4,0.604,0.1,16.67,8.33,4.17,rain,rain,rain,24.1,32.0,30.6,14.8,27.7,22.3,52.7,58.7,119.9,1021.3,1019.0,1008.9,43.4,87.0,98.4,10.0,9.9,6.4,59.9,45.8,72.2
2025-03-09,18.4,18.4,14.9,80.4,0.3,8.33,rain,17.6,11.2,99.5,1020.4,92.1,5.7,64.0,0.32,Rain,0.9206588168102428,0.3903682146763026,16.3,16.8,17.3,16.3,16.8,17.3,10.9,7.6,10.5,70.8,54.9,64.8,0.0,0.4,0.604,0.0,16.67,8.33,noprecip,rain,rain,16.9,24.1,32.0,9.4,14.8,27.7,58.2,52.7,58.7,1020.3,1021.3,1019.0,73.9,43.4,87.0,9.4,10.0,9.9,91.4,59.9,45.8
2025-03-10,19.9,19.9,17.8,88.3,0.4,12.5,rain,20.5,13.0,132.5,1019.1,95.2,4.2,86.8,0.36,Rain,0.9272375462179537,0.374473674486883,18.4,16.3,16.8,18.4,16.3,16.8,14.9,10.9,7.6,80.4,70.8,54.9,0.3,0.0,0.4,8.33,0.0,16.67,rain,noprecip,rain,17.6,16.9,24.1,11.2,9.4,14.8,99.5,58.2,52.7,1020.4,1020.3,1021.3,92.1,73.9,43.4,5.7,9.4,10.0,64.0,91.4,59.9
2025-03-11,21.7,21.7,19.1,85.3,0.3,12.5,rain,28.4,18.4,125.7,1014.5,91.6,5.2,100.3,0.39,Rain,0.9335418911179212,0.35846832151248087,19.9,18.4,16.3,19.9,18.4,16.3,17.8,14.9,10.9,88.3,80.4,70.8,0.4,0.3,0.0,12.5,8.33,0.0,rain,rain,noprecip,20.5,17.6,16.9,13.0,11.2,9.4,132.5,99.5,58.2,1019.1,1020.4,1020.3,95.2,92.1,73.9,4.2,5.7,9.4,86.8,64.0,91.4
2025-03-12,22.4,22.4,20.8,91.4,0.1,4.17,rain,30.2,20.5,122.5,1011.4,97.4,5.0,98.8,0.43,Rain,0.9395699859530622,0.342356891994542,21.7,19.9,18.4,21.7,19.9,18.4,19.1,17.8,14.9,85.3,88.3,80.4,0.3,0.4,0.3,12.5,12.5,8.33,rain,rain,rain,28.4,20.5,17.6,18.4,13.0,11.2,125.7,132.5,99.5,1014.5,1019.1,1020.4,91.6,95.2,92.1,5.2,4.2,5.7,100.3,86.8,64.0
2025-03-13,22.9,22.9,22.1,94.9,1.6,4.17,rain,34.6,18.4,122.8,1011.2,98.5,4.7,72.8,0.46,Rain,0.945320046913132,0.3261441535642696,22.4,21.7,19.9,22.4,21.7,19.9,20.8,19.1,17.8,91.4,85.3,88.3,0.1,0.3,0.4,4.17,12.5,12.5,rain,rain,rain,30.2,28.4,20.5,20.5,18.4,13.0,122.5,125.7,132.5,1011.4,1014.5,1019.1,97.4,91.6,95.2,5.0,5.2,4.2,98.8,100.3,86.8
2025-03-14,24.7,25.2,22.6,88.6,0.1,4.17,rain,28.8,22.3,122.4,1010.8,93.1,6.8,102.3,0.5,Rain,0.9507903724625832,0.3098349038318025,22.9,22.4,21.7,22.9,22.4,21.7,22.1,20.8,19.1,94.9,91.4,85.3,1.6,0.1,0.3,4.17,4.17,12.5,rain,rain,rain,34.6,30.2,28.4,18.4,20.5,18.4,122.8,122.5,125.7,1011.2,1011.4,1014.5,98.5,97.4,91.6,4.7,5.0,5.2,72.8,98.8,100.3
2025-03-15,24.6,25.0,21.6,84.1,0.1,4.17,rain,35.6,29.5,93.0,1012.7,93.3,6.8,65.1,0.53,Rain,0.9559793438440766,0.2934339689665273,24.7,22.9,22.4,25.2,22.9,22.4,22.6,22.1,20.8,88.6,94.9,91.4,0.1,1.6,0.1,4.17,4.17,4.17,rain,rain,rain,28.8,34.6,30.2,22.3,18.4,20.5,122.4,122.8,122.5,1010.8,1011.2,1011.4,93.1,98.5,97.4,6.8,4.7,5.0,102.3,72.8,98.8
2025-03-16,20.2,20.2,11.2,56.7,11.1,4.17,rain,27.4,22.3,46.8,1019.3,45.3,10.0,102.7,0.56,Rain,0.9608854255574977,0.27694620226893646,24.6,24.7,22.9,25.0,25.2,22.9,21.6,22.6,22.1,84.1,88.6,94.9,0.1,0.1,1.6,4.17,4.17,4.17,rain,rain,rain,35.6,28.8,34.6,29.5,22.3,18.4,93.0,122.4,122.8,1012.7,1010.8,1011.2,93.3,93.1,98.5,6.8,6.8,4.7,65.1,102.3,72.8
2025-03-17,18.1,18.1,10.7,63.2,0.1,4.17,rain,23.4,13.0,86.4,1020.6,35.4,10.0,110.9,0.6,Rain,0.9655071658143364,0.2603764827344581,20.2,24.6,24.7,20.2,25.0,25.2,11.2,21.6,22.6,56.7,84.1,88.6,11.1,0.1,0.1,4.17,4.17,4.17,rain,rain,rain,27.4,35.6,28.8,22.3,29.5,22.3,46.8,93.0,122.4,1019.3,1012.7,1010.8,45.3,93.3,93.1,10.0,6.8,6.8,102.7,65.1,102.3
2025-03-18,18.2,18.2,9.2,56.3,0.0,0.0,noprecip,26.3,14.8,15.8,1023.9,38.3,9.9,92.1,0.63,Cloudy,0.969843196967294,0.24372971360968387,18.1,20.2,24.6,18.1,20.2,25.0,10.7,11.2,21.6,63.2,56.7,84.1,0.1,11.1,0.1,4.17,4.17,4.17,rain,rain,rain,23.4,27.4,35.6,13.0,22.3,29.5,86.4,46.8,93.0,1020.6,1019.3,1012.7,35.4,45.3,93.3,10.0,10.0,6.8,110.9,102.7,65.1
2025-03-19,19.4,19.4,8.9,51.9,0.0,0.0,noprecip,28.8,18.4,332.3,1025.7,30.0,10.0,251.9,0.66,Cloudy,0.9738922359149924,0.22701082094141847,18.2,18.1,20.2,18.2,18.1,20.2,9.2,10.7,11.2,56.3,63.2,56.7,0.0,0.1,11.1,0.0,4.17,4.17,noprecip,rain,rain,26.3,23.4,27.4,14.8,13.0,22.3,15.8,86.4,46.8,1023.9,1020.6,1019.3,38.3,35.4,45.3,9.9,10.0,10.0,92.1,110.9,102.7
2025-03-20,21.0,21.0,9.4,50.4,0.0,0.0,noprecip,22.7,11.2,291.9,1024.0,23.7,9.9,277.5,0.7,Cloudy,0.9776530844816641,0.2102247521189836,19.4,18.2,18.1,19.4,18.2,18.1,8.9,9.2,10.7,51.9,56.3,63.2,0.0,0.0,0.1,0.0,0.0,4.17,noprecip,noprecip,rain,28.8,26.3,23.4,18.4,14.8,13.0,332.3,15.8,86.4,1025.7,1023.9,1020.6,30.0,38.3,35.4,10.0,9.9,10.0,251.9,92.1,110.9
2025-03-21,21.3,21.2,9.8,51.0,0.0,0.0,noprecip,24.1,16.6,144.6,1021.9,7.0,8.8,281.6,0.73,Clear,0.981124629771712,0.19337647441020586,21.0,19.4,18.2,21.0,19.4,18.2,9.4,8.9,9.2,50.4,51.9,56.3,0.0,0.0,0.0,0.0,0.0,0.0,noprecip,noprecip,noprecip,22.7,28.8,26.3,11.2,18.4,14.8,291.9,332.3,15.8,1024.0,1025.7,1023.9,23.7,30.0,38.3,9.9,10.0,9.9,277.5,251.9,92.1
2025-03-22,21.7,21.7,12.9,59.8,0.0,0.0,noprecip,23.8,14.8,109.1,1019.5,2.7,9.2,283.5,0.75,Clear,0.984305844499033,0.17647097349152166,21.3,21.0,19.4,21.2,21.0,19.4,9.8,9.4,8.9,51.0,50.4,51.9,0.0,0.0,0.0,0.0,0.0,0.0,noprecip,noprecip,noprecip,24.1,22.7,28.8,16.6,11.2,18.4,144.6,291.9,332.3,1021.9,1024.0,1025.7,7.0,23.7,30.0,8.8,9.9,10.0,281.6,277.5,251.9
2025-03-23,22.2,22.3,17.0,74.4,0.0,0.0,noprecip,28.8,18.4,132.7,1016.8,37.2,7.7,276.9,0.79,Cloudy,0.9871957872910085,0.15951325197263655,21.7,21.3,21.0,21.7,21.2,21.0,12.9,9.8,9.4,59.8,51.0,50.4,0.0,0.0,0.0,0.0,0.0,0.0,noprecip,noprecip,noprecip,23.8,24.1,22.7,14.8,16.6,11.2,109.1,144.6,291.9,1019.5,1021.9,1024.0,2.7,7.0,23.7,9.2,8.8,9.9,283.5,281.6,277.5
2025-03-24,23.8,24.1,18.3,73.2,0.0,0.0,noprecip,28.8,18.4,126.5,1013.2,10.2,6.5,266.4,0.83,Clear,0.9897936029670716,0.14250832791617088,22.2,21.7,21.3,22.3,21.7,21.2,17.0,12.9,9.8,74.4,59.8,51.0,0.0,0.0,0.0,0.0,0.0,0.0,noprecip,noprecip,noprecip,28.8,23.8,24.1,18.4,14.8,16.6,132.7,109.1,144.6,1016.8,1019.5,1021.9,37.2,2.7,7.0,7.7,9.2,8.8,276.9,283.5,281.6
2025-03-25,23.5,23.8,19.5,79.1,0.0,0.0,noprecip,30.2,16.6,110.6,1008.1,45.7,6.1,235.3,0.86,Cloudy,0.992098522791769,0.12546123335273648,23.8,22.2,21.7,24.1,22.3,21.7,18.3,17.0,12.9,73.2,74.4,59.8,0.0,0.0,0.0,0.0,0.0,0.0,noprecip,noprecip,noprecip,28.8,28.8,23.8,18.4,18.4,14.8,126.5,132.7,109.1,1013.2,1016.8,1019.5,10.2,37.2,2.7,6.5,7.7,9.2,266.4,276.9,283.5
2025-03-26,23.4,23.4,20.4,83.5,0.0,0.0,noprecip,29.9,20.5,129.7,1005.5,91.7,7.3,248.6,0.89,Cloudy,0.9941098647022418,0.10837701279187609,23.5,23.8,22.2,23.8,24.1,22.3,19.5,18.3,17.0,79.1,73.2,74.4,0.0,0.0,0.0,0.0,0.0,0.0,noprecip,noprecip,noprecip,30.2,28.8,28.8,16.6,18.4,18.4,110.6,126.5,132.7,1008.1,1013.2,1016.8,45.7,10.2,37.2,6.1,6.5,7.7,235.3,266.4,276.9
2025-03-27,23.6,23.6,22.2,91.9,0.0,0.0,noprecip,28.1,18.4,120.2,1002.9,98.4,5.3,242.9,0.93,Cloudy,0.9958270335100595,0.09126072172931188,23.4,23.5,23.8,23.4,23.8,24.1,20.4,19.5,18.3,83.5,79.1,73.2,0.0,0.0,0.0,0.0,0.0,0.0,noprecip,noprecip,noprecip,29.9,30.2,28.8,20.5,16.6,18.4,129.7,110.6,126.5,1005.5,1008.1,1013.2,91.7,45.7,10.2,7.3,6.1,6.5,248.6,235.3,266.4
2025-03-28,25.3,26.2,23.0,87.8,0.2,4.17,rain,37.1,20.5,116.7,1006.6,90.9,5.8,137.0,0.96,Rain,0.9972495210773451,0.07411742515094437,23.6,23.4,23.5,23.6,23.4,23.8,22.2,20.4,19.5,91.9,83.5,79.1,0.0,0.0,0.0,0.0,0.0,0.0,noprecip,noprecip,noprecip,28.1,29.9,30.2,18.4,20.5,16.6,120.2,129.7,110.6,1002.9,1005.5,1008.1,98.4,91.7,45.7,5.3,7.3,6.1,242.9,248.6,235.3
2025-03-29,18.2,18.2,15.4,84.0,3.0,4.17,rain,38.2,31.7,48.8,1015.0,98.7,8.4,41.8,0.0,Rain,0.998376906467142,0.056952196034039754,25.3,23.6,23.4,26.2,23.6,23.4,23.0,22.2,20.4,87.8,91.9,83.5,0.2,0.0,0.0,4.17,0.0,0.0,rain,noprecip,noprecip,37.1,28.1,29.9,20.5,18.4,20.5,116.7,120.2,129.7,1006.6,1002.9,1005.5,90.9,98.4,91.7,5.8,5.3,7.3,137.0,242.9,248.6
2025-03-30,15.3,15.3,9.8,70.3,0.2,4.17,rain,25.6,18.4,36.9,1021.3,98.3,10.0,60.6,0.03,Rain,0.9992088560679753,0.03977011384605572,18.2,25.3,23.6,18.2,26.2,23.6,15.4,23.0,22.2,84.0,87.8,91.9,3.0,0.2,0.0,4.17,4.17,0.0,rain,rain,noprecip,38.2,37.1,28.1,31.7,20.5,18.4,48.8,116.7,120.2,1015.0,1006.6,1002.9,98.7,90.9,98.4,8.4,5.8,5.3,41.8,137.0,242.9
2025-03-31,16.6,16.6,9.1,61.8,0.0,0.0,noprecip,23.0,14.8,25.1,1020.4,77.1,10.0,130.4,0.06,Cloudy,0.9997451236925734,0.022576263041545485,15.3,18.2,25.3,15.3,18.2,26.2,9.8,15.4,23.0,70.3,84.0,87.8,0.2,3.0,0.2,4.17,4.17,4.17,rain,rain,rain,25.6,38.2,37.1,18.4,31.7,20.5,36.9,48.8,116.7,1021.3,1015.0,1006.6,98.3,98.7,90.9,10.0,8.4,5.8,60.6,41.8,137.0
2025-04-01,19.4,19.4,10.7,57.5,0.0,0.0,noprecip,23.4,13.0,318.3,1019.2,37.8,9.9,196.3,0.09,Cloudy,0.9999855506507186,0.005375731557583884,16.6,15.3,18.2,16.6,15.3,18.2,9.1,9.8,15.4,61.8,70.3,84.0,0.0,0.2,3.0,0.0,4.17,4.17,noprecip,rain,rain,23.0,25.6,38.2,14.8,18.4,31.7,25.1,36.9,48.8,1020.4,1021.3,1015.0,77.1,98.3,98.7,10.0,10.0,8.4,130.4,60.6,41.8
2025-04-02,21.3,21.3,13.8,63.9,0.0,0.0,noprecip,18.0,18.4,282.5,1018.7,25.6,7.6,264.1,0.13,Cloudy,0.9999300657962057,-0.011826390691832589,19.4,16.6,15.3,19.4,16.6,15.3,10.7,9.1,9.8,57.5,61.8,70.3,0.0,0.0,0.2,0.0,0.0,4.17,noprecip,noprecip,rain,23.4,23.0,25.6,13.0,14.8,18.4,318.3,25.1,36.9,1019.2,1020.4,1021.3,37.8,77.1,98.3,9.9,10.0,10.0,196.3,130.4,60.6
2025-04-03,22.6,22.6,13.8,58.3,0.0,0.0,noprecip,29.5,20.5,141.2,1017.5,15.3,10.7,287.0,0.16,Clear,0.9995786855478958,-0.029025013321975237,21.3,19.4,16.6,21.3,19.4,16.6,13.8,10.7,9.1,63.9,57.5,61.8,0.0,0.0,0.0,0.0,0.0,0.0,noprecip,noprecip,noprecip,18.0,23.4,23.0,18.4,13.0,14.8,282.5,318.3,25.1,1018.7,1019.2,1020.4,25.6,37.8,77.1,7.6,9.9,10.0,264.1,196.3,130.4
2025-04-04,22.0,22.0,17.2,75.0,0.0,0.0,noprecip,36.0,20.5,120.0,1013.2,55.8,8.8,182.6,0.2,Cloudy,0.9989315138848577,-0.046215046983708354,22.6,21.3,19.4,22.6,21.3,19.4,13.8,13.8,10.7,58.3,63.9,57.5,0.0,0.0,0.0,0.0,0.0,0.0,noprecip,noprecip,noprecip,29.5,18.0,23.4,20.5,18.4,13.0,141.2,282.5,318.3,1017.5,1018.7,1019.2,15.3,25.6,37.8,10.7,7.6,9.9,287.0,264.1,196.3
2025-04-05,21.3,21.3,20.1,93.2,1.1,4.17,rain,18.0,16.6,79.7,1014.1,92.0,4.8,55.8,0.25,Rain,0.9979887423155984,-0.06339140486951038,22.0,22.6,21.3,22.0,22.6,21.3,17.2,13.8,13.8,75.0,58.3,63.9,0.0,0.0,0.0,0.0,0.0,0.0,noprecip,noprecip,noprecip,36.0,29.5,18.0,20.5,20.5,18.4,120.0,141.2,282.5,1013.2,1017.5,1018.7,55.8,15.3,25.6,8.8,10.7,7.6,182.6,287.0,264.1
2025-04-06,22.3,22.3,20.0,87.2,3.8,4.17,rain,23.4,18.4,118.0,1014.7,89.9,6.1,124.0,0.27,Rain,0.9967506498213929,-0.08054900421874167,21.3,22.0,22.6,21.3,22.0,22.6,20.1,17.2,13.8,93.2,75.0,58.3,1.1,0.0,0.0,4.17,0.0,0.0,rain,noprecip,noprecip,18.0,36.0,29.5,16.6,20.5,20.5,79.7,120.0,141.2,1014.1,1013.2,1017.5,92.0,55.8,15.3,4.8,8.8,10.7,55.8,182.6,287.0
2025-04-07,21.8,21.8,20.2,90.3,1.4,4.17,rain,21.6,11.2,134.9,1015.6,90.6,5.0,81.0,0.3,Rain,0.9952176027737294,-0.09768276782171598,22.3,21.3,22.0,22.3,21.3,22.0,20.0,20.1,17.2,87.2,93.2,75.0,3.8,1.1,0.0,4.17,4.17,0.0,rain,rain,noprecip,23.4,18.0,36.0,18.4,16.6,20.5,118.0,79.7,120.0,1014.7,1014.1,1013.2,89.9,92.0,55.8,6.1,4.8,8.8,124.0,55.8,182.6
2025-04-08,23.9,24.4,20.7,82.6,0.0,0.0,rain,30.2,14.8,123.2,1014.6,85.4,6.1,134.7,0.33,Cloudy,0.9933900548258936,-0.11478762552212701,21.8,22.3,21.3,21.8,22.3,21.3,20.2,20.0,20.1,90.3,87.2,93.2,1.4,3.8,1.1,4.17,4.17,4.17,rain,rain,rain,21.6,23.4,18.0,11.2,18.4,16.6,134.9,118.0,79.7,1015.6,1014.7,1014.1,90.6,89.9,92.0,5.0,6.1,4.8,81.0,124.0,55.8
2025-04-09,24.8,25.4,22.1,85.0,0.0,0.0,noprecip,33.8,18.4,126.9,1010.7,95.6,6.9,133.6,0.37,Cloudy,0.9912685467787256,-0.13185851571739118,23.9,21.8,22.3,24.4,21.8,22.3,20.7,20.2,20.0,82.6,90.3,87.2,0.0,1.4,3.8,0.0,4.17,4.17,rain,rain,rain,30.2,21.6,23.4,14.8,11.2,18.4,123.2,134.9,118.0,1014.6,1015.6,1014.7,85.4,90.6,89.9,6.1,5.0,6.1,134.7,81.0,124.0
2025-04-10,24.5,25.1,22.6,89.5,0.2,4.17,rain,25.2,22.3,120.2,1007.1,97.4,5.5,103.1,0.4,Rain,0.9888537064205885,-0.1488903868564548,24.8,23.9,21.8,25.4,24.4,21.8,22.1,20.7,20.2,85.0,82.6,90.3,0.0,0.0,1.4,0.0,0.0,4.17,noprecip,rain,rain,33.8,30.2,21.6,18.4,14.8,11.2,126.9,123.2,134.9,1010.7,1014.6,1015.6,95.6,85.4,90.6,6.9,6.1,5.0,133.6,134.7,81.0
2025-04-11,25.2,26.0,23.2,89.6,0.3,4.17,rain,25.9,18.4,119.5,1005.3,96.3,5.5,195.3,0.44,Rain,0.986146248341595,-0.16587819893463143,24.5,24.8,23.9,25.1,25.4,24.4,22.6,22.1,20.7,89.5,85.0,82.6,0.2,0.0,0.0,4.17,0.0,0.0,rain,noprecip,rain,25.2,33.8,30.2,22.3,18.4,14.8,120.2,126.9,123.2,1007.1,1010.7,1014.6,97.4,95.6,85.4,5.5,6.9,6.1,103.1,133.6,134.7
2025-04-12,26.0,27.6,22.2,80.5,0.1,4.17,rain,51.5,25.9,20.7,1008.3,74.8,6.5,238.3,0.47,Rain,0.9831469737221499,-0.1828169249850199,25.2,24.5,24.8,26.0,25.1,25.4,23.2,22.6,22.1,89.6,89.5,85.0,0.3,0.2,0.0,4.17,4.17,0.0,rain,rain,noprecip,25.9,25.2,33.8,18.4,22.3,18.4,119.5,120.2,126.9,1005.3,1007.1,1010.7,96.3,97.4,95.6,5.5,5.5,6.9,195.3,103.1,133.6
2025-04-13,23.1,23.1,14.5,60.5,1.9,4.17,rain,40.3,18.4,308.9,1017.0,35.2,9.9,248.5,0.5,Rain,0.9798567700958665,-0.1997015525660636,26.0,25.2,24.5,27.6,26.0,25.1,22.2,23.2,22.6,80.5,89.6,89.5,0.1,0.3,0.2,4.17,4.17,4.17,rain,rain,rain,51.5,25.9,25.2,25.9,18.4,22.3,20.7,119.5,120.2,1008.3,1005.3,1007.1,74.8,96.3,97.4,6.5,5.5,5.5,238.3,195.3,103.1
2025-04-14,24.2,24.1,14.9,57.8,0.2,8.33,rain,15.8,11.2,272.3,1014.6,24.7,9.7,167.6,0.54,Rain,0.9762766110869321,-0.21652708524481437,23.1,26.0,25.2,23.1,27.6,26.0,14.5,22.2,23.2,60.5,80.5,89.6,1.9,0.1,0.3,4.17,4.17,4.17,rain,rain,rain,40.3,51.5,25.9,18.4,25.9,18.4,308.9,20.7,119.5,1017.0,1008.3,1005.3,35.2,74.8,96.3,9.9,6.5,5.5,248.5,238.3,195.3
2025-04-15,25.8,25.6,15.6,58.4,0.0,0.0,noprecip,21.2,18.4,149.7,1012.2,11.7,10.9,297.6,0.57,Clear,0.9724075561219968,-0.23328854407545518,24.2,23.1,26.0,24.1,23.1,27.6,14.9,14.5,22.2,57.8,60.5,80.5,0.2,1.9,0.1,8.33,4.17,4.17,rain,rain,rain,15.8,40.3,51.5,11.2,18.4,25.9,272.3,308.9,20.7,1014.6,1017.0,1008.3,24.7,35.2,74.8,9.7,9.9,6.5,167.6,248.5,238.3
2025-04-16,25.6,25.5,16.6,60.9,0.0,0.0,noprecip,33.5,24.1,105.1,1008.9,17.6,10.7,277.9,0.61,Clear,0.9682507501166718,-0.2499809690726521,25.8,24.2,23.1,25.6,24.1,23.1,15.6,14.9,14.5,58.4,57.8,60.5,0.0,0.2,1.9,0.0,8.33,4.17,noprecip,rain,rain,21.2,15.8,40.3,18.4,11.2,18.4,149.7,272.3,308.9,1012.2,1014.6,1017.0,11.7,24.7,35.2,10.9,9.7,9.9,297.6,167.6,248.5
2025-04-17,25.4,26.3,22.2,82.4,0.3,4.17,rain,29.2,20.5,117.3,1006.4,85.5,8.6,266.4,0.64,Rain,0.9638074231367307,-0.26659942067929354,25.6,25.8,24.2,25.5,25.6,24.1,16.6,15.6,14.9,60.9,58.4,57.8,0.0,0.0,0.2,0.0,0.0,8.33,noprecip,noprecip,rain,33.5,21.2,15.8,24.1,18.4,11.2,105.1,149.7,272.3,1008.9,1012.2,1014.6,17.6,11.7,24.7,10.7,10.9,9.7,277.9,297.6,167.6
2025-04-18,27.0,29.3,23.9,83.9,0.1,4.17,rain,31.0,18.4,108.5,1005.3,85.0,7.1,184.4,0.68,Rain,0.9590788900341131,-0.28313898122818354,25.4,25.6,25.8,26.3,25.5,25.6,22.2,16.6,15.6,82.4,60.9,58.4,0.3,0.0,0.0,4.17,0.0,0.0,rain,noprecip,noprecip,29.2,33.5,21.2,20.5,24.1,18.4,117.3,105.1,149.7,1006.4,1008.9,1012.2,85.5,17.6,11.7,8.6,10.7,10.9,266.4,277.9,297.6
2025-04-19,28.3,31.9,24.6,81.8,0.1,4.17,rain,31.0,22.3,95.2,1005.4,54.9,8.1,253.4,0.71,Rain,0.9540665500578387,-0.2995947563972602,27.0,25.4,25.6,29.3,26.3,25.5,23.9,22.2,16.6,83.9,82.4,60.9,0.1,0.3,0.0,4.17,4.17,0.0,rain,rain,noprecip,31.0,29.2,33.5,18.4,20.5,24.1,108.5,117.3,105.1,1005.3,1006.4,1008.9,85.0,85.5,17.6,7.1,8.6,10.7,184.4,266.4,277.9
2025-04-20,28.6,32.2,24.6,80.2,0.2,4.17,rain,32.4,27.7,108.4,1006.6,59.1,10.0,247.3,0.74,Rain,0.9487718864399473,-0.31596187665790293,28.3,27.0,25.4,31.9,29.3,26.3,24.6,23.9,22.2,81.8,83.9,82.4,0.1,0.1,0.3,4.17,4.17,4.17,rain,rain,rain,31.0,31.0,29.2,22.3,18.4,20.5,95.2,108.5,117.3,1005.4,1005.3,1006.4,54.9,85.0,85.5,8.1,7.1,8.6,253.4,184.4,266.4
2025-04-21,26.7,28.4,24.1,85.9,10.8,4.17,rain,35.6,22.3,119.5,1008.8,81.7,9.1,244.1,0.75,Rain,0.9431964659565866,-0.33223549871590435,28.6,28.3,27.0,32.2,31.9,29.3,24.6,24.6,23.9,80.2,81.8,83.9,0.2,0.1,0.1,4.17,4.17,4.17,rain,rain,rain,32.4,31.0,31.0,27.7,22.3,18.4,108.4,95.2,108.5,1006.6,1005.4,1005.3,59.1,54.9,85.0,10.0,8.1,7.1,247.3,253.4,184.4
2025-04-22,27.4,30.8,24.8,86.3,0.0,0.0,noprecip,29.9,18.4,115.1,1007.7,91.6,6.7,259.0,0.81,Cloudy,0.9373419384643772,-0.3484108069446808,26.7,28.6,28.3,28.4,32.2,31.9,24.1,24.6,24.6,85.9,80.2,81.8,10.8,0.2,0.1,4.17,4.17,4.17,rain,rain,rain,35.6,32.4,31.0,22.3,27.7,22.3,119.5,108.4,95.2,1008.8,1006.6,1005.4,81.7,59.1,54.9,9.1,10.0,8.1,244.1,247.3,253.4
2025-04-23,28.3,32.0,24.7,81.7,15.0,16.67,rain,24.8,24.1,107.4,1005.7,64.7,8.1,270.1,0.84,Rain,0.9312100364121947,-0.3644830148102912,27.4,26.7,28.6,30.8,28.4,32.2,24.8,24.1,24.6,86.3,85.9,80.2,0.0,10.8,0.2,0.0,4.17,4.17,noprecip,rain,rain,29.9,35.6,32.4,18.4,22.3,27.7,115.1,119.5,108.4,1007.7,1008.8,1006.6,91.6,81.7,59.1,6.7,9.1,10.0,259.0,244.1,247.3
2025-04-24,27.7,30.9,24.7,83.9,0.1,4.17,rain,23.8,18.4,97.3,1006.4,84.5,9.2,172.7,0.88,Rain,0.9248025743285089,-0.38044736628785164,28.3,27.4,26.7,32.0,30.8,28.4,24.7,24.8,24.1,81.7,86.3,85.9,15.0,0.0,10.8,16.67,0.0,4.17,rain,noprecip,rain,24.8,29.9,35.6,24.1,18.4,22.3,107.4,115.1,119.5,1005.7,1007.7,1008.8,64.7,91.6,81.7,8.1,6.7,9.1,270.1,259.0,244.1
2025-04-25,25.8,26.9,22.0,80.1,18.5,4.17,rain,31.3,18.4,33.7,1010.3,88.9,9.6,114.8,0.91,Rain,0.9181214482844365,-0.39629913726891813,27.7,28.3,27.4,30.9,32.0,30.8,24.7,24.7,24.8,83.9,81.7,86.3,0.1,15.0,0.0,4.17,16.67,0.0,rain,rain,noprecip,23.8,24.8,29.9,18.4,24.1,18.4,97.3,107.4,115.1,1006.4,1005.7,1007.7,84.5,64.7,91.6,9.2,8.1,6.7,172.7,270.1,259.0
2025-04-26,26.2,27.4,23.2,83.6,0.3,12.5,rain,29.9,22.3,128.2,1010.6,98.2,9.0,89.1,0.95,Rain,0.9111686353326631,-0.41203363695942635,25.8,27.7,28.3,26.9,30.9,32.0,22.0,24.7,24.7,80.1,83.9,81.7,18.5,0.1,15.0,4.17,4.17,16.67,rain,rain,rain,31.3,23.8,24.8,18.4,18.4,24.1,33.7,97.3,107.4,1010.3,1006.4,1005.7,88.9,84.5,64.7,9.6,9.2,8.1,114.8,172.7,270.1
2025-04-27,27.4,30.4,24.9,86.9,0.2,4.17,rain,28.1,22.3,120.6,1010.0,93.6,7.9,154.5,0.98,Rain,0.9039461929224011,-0.42764620926777464,26.2,25.8,27.7,27.4,26.9,30.9,23.2,22.0,24.7,83.6,80.1,83.9,0.3,18.5,0.1,12.5,4.17,4.17,rain,rain,rain,29.9,31.3,23.8,22.3,18.4,18.4,128.2,33.7,97.3,1010.6,1010.3,1006.4,98.2,88.9,84.5,9.0,9.6,9.2,89.1,114.8,172.7
2025-04-28,25.5,25.8,23.4,88.5,6.6,4.17,rain,29.5,25.9,5.2,1011.7,72.5,8.8,37.9,0.0,Rain,0.8964562582905575,-0.44313223418263453,27.4,26.2,25.8,30.4,27.4,26.9,24.9,23.2,22.0,86.9,83.6,80.1,0.2,0.3,18.5,4.17,12.5,4.17,rain,rain,rain,28.1,29.9,31.3,22.3,22.3,18.4,120.6,128.2,33.7,1010.0,1010.6,1010.3,93.6,98.2,88.9,7.9,9.0,9.6,154.5,89.1,114.8
2025-04-29,25.6,26.2,23.1,86.4,0.1,4.17,rain,18.7,22.3,306.7,1012.2,56.5,7.9,206.9,0.05,Rain,0.8887010478292915,-0.45848712914008766,25.5,27.4,26.2,25.8,30.4,27.4,23.4,24.9,23.2,88.5,86.9,83.6,6.6,0.2,0.3,4.17,4.17,12.5,rain,rain,rain,29.5,28.1,29.9,25.9,22.3,22.3,5.2,120.6,128.2,1011.7,1010.0,1010.6,72.5,93.6,98.2,8.8,7.9,9.0,37.9,154.5,89.1
2025-04-30,27.3,29.8,24.3,84.5,0.4,4.17,rain,28.4,13.0,112.4,1011.2,69.6,7.0,216.8,0.08,Rain,0.8806828564301475,-0.47370635037968,25.6,25.5,27.4,26.2,25.8,30.4,23.1,23.4,24.9,86.4,88.5,86.9,0.1,6.6,0.2,4.17,4.17,4.17,rain,rain,rain,18.7,29.5,28.1,22.3,25.9,22.3,306.7,5.2,120.6,1012.2,1011.7,1010.0,56.5,72.5,93.6,7.9,8.8,7.9,206.9,37.9,154.5
2025-05-01,25.8,26.9,22.8,84.2,35.4,4.17,rain,23.4,27.7,319.0,1013.5,49.4,9.0,137.1,0.11,Rain,0.8724040568049612,-0.48878539428899265,27.3,25.6,25.5,29.8,26.2,25.8,24.3,23.1,23.4,84.5,86.4,88.5,0.4,0.1,6.6,4.17,4.17,4.17,rain,rain,rain,28.4,18.7,29.5,13.0,22.3,25.9,112.4,306.7,5.2,1011.2,1012.2,1011.7,69.6,56.5,72.5,7.0,7.9,8.8,216.8,206.9,37.9
2025-05-02,27.8,29.9,22.3,74.1,0.0,0.0,noprecip,22.7,16.6,144.4,1010.2,10.0,10.9,279.5,0.15,Clear,0.8638670987837349,-0.503719798736334,25.8,27.3,25.6,26.9,29.8,26.2,22.8,24.3,23.1,84.2,84.5,86.4,35.4,0.4,0.1,4.17,4.17,4.17,rain,rain,rain,23.4,28.4,18.7,27.7,13.0,22.3,319.0,112.4,306.7,1013.5,1011.2,1012.2,49.4,69.6,56.5,9.0,7.0,7.9,137.1,216.8,206.9
2025-05-03,28.2,31.9,24.5,81.0,0.0,0.0,noprecip,26.6,25.9,125.7,1007.3,57.7,9.1,230.3,0.18,Cloudy,0.8550745085896932,-0.518505144391157,27.8,25.8,27.3,29.9,26.9,29.8,22.3,22.8,24.3,74.1,84.2,84.5,0.0,35.4,0.4,0.0,4.17,4.17,noprecip,rain,rain,22.7,23.4,28.4,16.6,27.7,13.0,144.4,319.0,112.4,1010.2,1013.5,1011.2,10.0,49.4,69.6,10.9,9.0,7.0,279.5,137.1,216.8
2025-05-04,28.6,33.4,24.9,81.0,1.6,4.17,rain,29.2,18.4,125.2,1005.4,64.6,9.5,266.0,0.25,Rain,0.8460288880917339,-0.533137056031809,28.2,27.8,25.8,31.9,29.9,26.9,24.5,22.3,22.8,81.0,74.1,84.2,0.0,0.0,35.4,0.0,0.0,4.17,noprecip,noprecip,rain,26.6,22.7,23.4,25.9,16.6,27.7,125.7,144.4,319.0,1007.3,1010.2,1013.5,57.7,10.0,49.4,9.1,10.9,9.0,230.3,279.5,137.1
2025-05-05,29.5,34.6,25.5,80.9,0.0,0.0,rain,27.7,24.1,108.4,1004.6,50.0,8.4,274.7,0.25,Cloudy,0.8367329140344921,-0.5476112038402312,28.6,28.2,27.8,33.4,31.9,29.9,24.9,24.5,22.3,81.0,81.0,74.1,1.6,0.0,0.0,4.17,0.0,0.0,rain,noprecip,noprecip,29.2,26.6,22.7,18.4,25.9,16.6,125.2,125.7,144.4,1005.4,1007.3,1010.2,64.6,57.7,10.0,9.5,9.1,10.9,266.0,230.3,279.5
2025-05-06,29.4,35.5,26.0,82.7,0.3,8.33,rain,25.6,22.3,114.8,1005.1,65.6,9.2,222.5,0.28,Rain,0.8271893372462497,-0.5619233046832195,29.5,28.6,28.2,34.6,33.4,31.9,25.5,24.9,24.5,80.9,81.0,81.0,0.0,1.6,0.0,0.0,4.17,0.0,rain,rain,noprecip,27.7,29.2,26.6,24.1,18.4,25.9,108.4,125.2,125.7,1004.6,1005.4,1007.3,50.0,64.6,57.7,8.4,9.5,9.1,274.7,266.0,230.3
2025-05-07,29.9,37.5,26.4,82.2,1.2,29.17,rain,26.6,22.3,114.0,1003.5,82.7,9.8,198.9,0.32,Rain,0.8174009818249189,-0.5760691233798758,29.4,29.5,28.6,35.5,34.6,33.4,26.0,25.5,24.9,82.7,80.9,81.0,0.3,0.0,1.6,8.33,0.0,4.17,rain,rain,rain,25.6,27.7,29.2,22.3,24.1,18.4,114.8,108.4,125.2,1005.1,1004.6,1005.4,65.6,50.0,64.6,9.2,8.4,9.5,222.5,274.7,266.0
2025-05-08,31.0,40.2,26.9,79.8,0.0,0.0,rain,29.2,22.3,115.4,1002.3,65.3,10.0,284.5,0.35,Cloudy,0.8073707443023492,-0.5900444739548627,29.9,29.4,29.5,37.5,35.5,34.6,26.4,26.0,25.5,82.2,82.7,80.9,1.2,0.3,0.0,29.17,8.33,0.0,rain,rain,rain,26.6,25.6,27.7,22.3,22.3,24.1,114.0,114.8,108.4,1003.5,1005.1,1004.6,82.7,65.6,50.0,9.8,9.2,8.4,198.9,222.5,274.7
2025-05-09,30.7,38.0,25.8,76.5,2.2,12.5,rain,33.8,18.4,84.6,1004.8,61.8,10.0,236.6,0.38,Rain,0.7971015927871943,-0.6038452208771035,31.0,29.9,29.4,40.2,37.5,35.5,26.9,26.4,26.0,79.8,82.2,82.7,0.0,1.2,0.3,0.0,29.17,8.33,rain,rain,rain,29.2,26.6,25.6,22.3,22.3,22.3,115.4,114.0,114.8,1002.3,1003.5,1005.1,65.3,82.7,65.6,10.0,9.8,9.2,284.5,198.9,222.5
2025-05-10,27.4,30.5,23.9,81.6,4.4,4.17,rain,38.5,20.5,70.4,1008.3,94.1,9.5,180.2,0.42,Rain,0.7865965660866021,-0.6174672802835514,30.7,31.0,29.9,38.0,40.2,37.5,25.8,26.9,26.4,76.5,79.8,82.2,2.2,0.0,1.2,12.5,0.0,29.17,rain,rain,rain,33.8,29.2,26.6,18.4,22.3,22.3,84.6,115.4,114.0,1004.8,1002.3,1003.5,61.8,65.3,82.7,10.0,10.0,9.8,236.6,284.5,198.9
2025-05-11,23.7,23.7,18.6,74.3,50.3,4.17,rain,41.0,18.4,3.3,1012.3,47.5,10.8,126.9,0.45,Rain,0.7758587728069828,-0.6309066211876704,27.4,30.7,31.0,30.5,38.0,40.2,23.9,25.8,26.9,81.6,76.5,79.8,4.4,2.2,0.0,4.17,12.5,0.0,rain,rain,rain,38.5,33.8,29.2,20.5,18.4,22.3,70.4,84.6,115.4,1008.3,1004.8,1002.3,94.1,61.8,65.3,9.5,10.0,10.0,180.2,236.6,284.5
2025-05-12,25.3,25.3,16.8,62.5,0.0,0.0,noprecip,22.3,22.3,111.7,1010.4,14.2,11.4,321.5,0.5,Clear,0.7648913904341226,-0.6441592666722685,23.7,27.4,30.7,23.7,30.5,38.0,18.6,23.9,25.8,74.3,81.6,76.5,50.3,4.4,2.2,4.17,4.17,12.5,rain,rain,rain,41.0,38.5,33.8,18.4,20.5,18.4,3.3,70.4,84.6,1012.3,1008.3,1004.8,47.5,94.1,61.8,10.8,9.5,10.0,126.9,180.2,236.6
2025-05-13,26.5,27.8,20.4,70.8,0.0,0.0,noprecip,29.5,24.1,118.9,1009.9,23.1,10.7,235.1,0.52,Cloudy,0.753697664392914,-0.6572212950663319,25.3,23.7,27.4,25.3,23.7,30.5,16.8,18.6,23.9,62.5,74.3,81.6,0.0,50.3,4.4,0.0,4.17,4.17,noprecip,rain,rain,22.3,41.0,38.5,22.3,18.4,20.5,111.7,3.3,70.4,1010.4,1012.3,1008.3,14.2,47.5,94.1,11.4,10.8,9.5,321.5,126.9,180.2
2025-05-14,27.6,30.7,24.3,83.1,0.2,8.33,rain,25.6,14.8,116.9,1010.1,73.9,9.2,193.3,0.55,Rain,0.742280907086982,-0.6700888411055113,26.5,25.3,23.7,27.8,25.3,23.7,20.4,16.8,18.6,70.8,62.5,74.3,0.0,0.0,50.3,0.0,0.0,4.17,noprecip,noprecip,rain,29.5,22.3,41.0,24.1,22.3,18.4,118.9,111.7,3.3,1009.9,1010.4,1012.3,23.1,14.2,47.5,10.7,11.4,10.8,235.1,321.5,126.9
2025-05-15,28.0,31.4,25.0,84.7,3.6,29.17,rain,23.8,18.4,121.6,1009.5,68.9,9.3,138.2,0.59,Rain,0.7306444969184916,-0.6827580970759147,27.6,26.5,25.3,30.7,27.8,25.3,24.3,20.4,16.8,83.1,70.8,62.5,0.2,0.0,0.0,8.33,0.0,0.0,rain,noprecip,noprecip,25.6,29.5,22.3,14.8,24.1,22.3,116.9,118.9,111.7,1010.1,1009.9,1010.4,73.9,23.1,14.2,9.2,10.7,11.4,193.3,235.1,321.5
2025-05-16,28.1,32.3,25.2,85.0,0.2,4.17,rain,21.2,18.4,135.4,1008.4,76.7,9.3,109.5,0.62,Rain,0.7187918772884232,-0.6952253139408722,28.0,27.6,26.5,31.4,30.7,27.8,25.0,24.3,20.4,84.7,83.1,70.8,3.6,0.2,0.0,29.17,8.33,0.0,rain,rain,noprecip,23.8,25.6,29.5,18.4,14.8,24.1,121.6,116.9,118.9,1009.5,1010.1,1009.9,68.9,73.9,23.1,9.3,9.2,10.7,138.2,193.3,235.1
2025-05-17,28.0,32.2,25.3,86.3,10.2,4.17,rain,25.9,22.3,128.4,1008.2,71.7,9.3,124.3,0.66,Rain,0.7067265555776158,-0.7074868024503348,28.1,28.0,27.6,32.3,31.4,30.7,25.2,25.0,24.3,85.0,84.7,83.1,0.2,3.6,0.2,4.17,29.17,8.33,rain,rain,rain,21.2,23.8,25.6,18.4,18.4,14.8,135.4,121.6,116.9,1008.4,1009.5,1010.1,76.7,68.9,73.9,9.3,9.3,9.2,109.5,138.2,193.3
2025-05-18,28.8,33.2,25.2,81.8,5.0,4.17,rain,26.3,14.8,119.1,1007.8,58.3,10.0,146.4,0.69,Rain,0.6944521021088763,-0.719538934232584,28.0,28.1,28.0,32.2,32.3,31.4,25.3,25.2,25.0,86.3,85.0,84.7,10.2,0.2,3.6,4.17,4.17,29.17,rain,rain,rain,25.9,21.2,23.8,22.3,18.4,18.4,128.4,135.4,121.6,1008.2,1008.4,1009.5,71.7,76.7,68.9,9.3,9.3,9.3,124.3,109.5,138.2
2025-05-19,27.5,31.6,25.1,87.0,1.2,4.17,rain,25.2,18.4,105.9,1007.0,86.8,9.5,141.4,0.73,Rain,0.6819721490904629,-0.7313781428679254,28.8,28.0,28.1,33.2,32.2,32.3,25.2,25.3,25.2,81.8,86.3,85.0,5.0,10.2,0.2,4.17,4.17,4.17,rain,rain,rain,26.3,25.9,21.2,14.8,22.3,18.4,119.1,128.4,135.4,1007.8,1008.2,1008.4,58.3,71.7,76.7,10.0,9.3,9.3,146.4,124.3,109.5
2025-05-20,29.4,36.4,26.4,84.5,11.2,4.17,rain,32.0,22.3,123.5,1004.9,70.8,8.9,239.6,0.75,Rain,0.6692903895412567,-0.7430009249440493,27.5,28.8,28.0,31.6,33.2,32.2,25.1,25.2,25.3,87.0,81.8,86.3,1.2,5.0,10.2,4.17,4.17,4.17,rain,rain,rain,25.2,26.3,25.9,18.4,14.8,22.3,105.9,119.1,128.4,1007.0,1007.8,1008.2,86.8,58.3,71.7,9.5,10.0,9.3,141.4,146.4,124.3
2025-05-21,29.3,36.4,26.3,84.3,37.0,4.17,rain,30.6,27.7,120.4,1005.2,56.5,9.5,255.3,0.79,Rain,0.6564105761979381,-0.7544038410927472,29.4,27.5,28.8,36.4,31.6,33.2,26.4,25.1,25.2,84.5,87.0,81.8,11.2,1.2,5.0,4.17,4.17,4.17,rain,rain,rain,32.0,25.2,26.3,22.3,18.4,14.8,123.5,105.9,119.1,1004.9,1007.0,1007.8,70.8,86.8,58.3,8.9,9.5,10.0,239.6,141.4,146.4
2025-05-22,29.5,36.0,25.8,80.9,0.2,8.33,rain,27.0,22.3,122.0,1004.3,55.6,9.9,199.4,0.83,Rain,0.6433365204044917,-0.765583517007675,29.3,29.4,27.5,36.4,36.4,31.6,26.3,26.4,25.1,84.3,84.5,87.0,37.0,11.2,1.2,4.17,4.17,4.17,rain,rain,rain,30.6,32.0,25.2,27.7,22.3,18.4,120.4,123.5,105.9,1005.2,1004.9,1007.0,56.5,70.8,86.8,9.5,8.9,9.5,255.3,239.6,141.4
2025-05-23,26.5,29.3,25.3,92.9,41.0,4.17,rain,22.0,16.3,86.4,1005.6,74.0,9.5,112.9,0.86,Rain,0.6300720909843687,-0.7765366444428655,29.5,29.3,29.4,36.0,36.4,36.4,25.8,26.3,26.4,80.9,84.3,84.5,0.2,37.0,11.2,8.33,4.17,4.17,rain,rain,rain,27.0,30.6,32.0,22.3,27.7,22.3,122.0,120.4,123.5,1004.3,1005.2,1004.9,55.6,56.5,70.8,9.9,9.5,8.9,199.4,255.3,239.6
2025-05-24,24.5,24.5,22.3,87.9,45.0,12.5,rain,33.1,16.6,355.8,1010.6,90.5,9.1,65.6,0.9,Rain,0.6166212130956382,-0.7872599821916922,26.5,29.5,29.3,29.3,36.0,36.4,25.3,25.8,26.3,92.9,80.9,84.3,41.0,0.2,37.0,4.17,8.33,4.17,rain,rain,rain,22.0,27.0,30.6,16.3,22.3,27.7,86.4,122.0,120.4,1005.6,1004.3,1005.2,74.0,55.6,56.5,9.5,9.9,9.5,112.9,199.4,255.3
2025-05-25,23.4,23.4,19.3,78.6,7.7,4.17,rain,29.9,24.1,4.1,1014.7,77.3,9.3,68.8,0.93,Rain,0.6029878670694714,-0.7977503570459932,24.5,26.5,29.5,24.5,29.3,36.0,22.3,25.3,25.8,87.9,92.9,80.9,45.0,41.0,0.2,12.5,4.17,8.33,rain,rain,rain,33.1,22.0,27.0,16.6,16.3,22.3,355.8,86.4,122.0,1010.6,1005.6,1004.3,90.5,74.0,55.6,9.1,9.5,9.9,65.6,112.9,199.4
2025-05-26,24.9,25.2,18.8,69.0,0.0,0.0,noprecip,22.7,13.0,22.3,1014.2,56.4,10.0,135.9,0.97,Cloudy,0.5891760872322963,-0.8080046647350754,23.4,24.5,26.5,23.4,24.5,29.3,19.3,22.3,25.3,78.6,87.9,92.9,7.7,45.0,41.0,4.17,12.5,4.17,rain,rain,rain,29.9,33.1,22.0,24.1,16.6,16.3,4.1,355.8,86.4,1014.7,1010.6,1005.6,77.3,90.5,74.0,9.3,9.1,9.5,68.8,65.6,112.9
2025-05-27,24.4,24.4,21.5,83.8,7.6,37.5,rain,33.5,9.4,330.4,1011.6,98.3,8.6,44.7,0.0,Rain,0.5751899607119775,-0.8180198708443175,24.9,23.4,24.5,25.2,23.4,24.5,18.8,19.3,22.3,69.0,78.6,87.9,0.0,7.7,45.0,0.0,4.17,12.5,noprecip,rain,rain,22.7,29.9,33.1,13.0,24.1,16.6,22.3,4.1,355.8,1014.2,1014.7,1010.6,56.4,77.3,90.5,10.0,9.3,9.1,135.9,68.8,65.6
2025-05-28,27.1,30.1,23.9,84.1,1.3,4.17,rain,24.1,20.5,134.5,1007.8,75.9,7.8,204.7,0.04,Rain,0.5610336262283677,-0.8277930117131022,24.4,24.9,23.4,24.4,25.2,23.4,21.5,18.8,19.3,83.8,69.0,78.6,7.6,0.0,7.7,37.5,0.0,4.17,rain,noprecip,rain,33.5,22.7,29.9,9.4,13.0,24.1,330.4,22.3,4.1,1011.6,1014.2,1014.7,98.3,56.4,77.3,8.6,10.0,9.3,44.7,135.9,68.8
2025-05-29,26.8,28.9,24.5,87.3,3.8,4.17,rain,32.0,24.1,47.4,1007.2,87.9,8.4,108.9,0.07,Rain,0.5467112728685939,-0.8373211953118121,27.1,24.4,24.9,30.1,24.4,25.2,23.9,21.5,18.8,84.1,83.8,69.0,1.3,7.6,0.0,4.17,37.5,0.0,rain,rain,noprecip,24.1,33.5,22.7,20.5,9.4,13.0,134.5,330.4,22.3,1007.8,1011.6,1014.2,75.9,98.3,56.4,7.8,8.6,10.0,204.7,44.7,135.9
2025-05-30,26.6,29.4,24.0,86.6,6.3,4.17,rain,19.1,16.6,89.3,1007.3,88.0,9.7,79.0,0.1,Rain,0.5322271388474397,-0.8466016020976267,26.8,27.1,24.4,28.9,30.1,24.4,24.5,23.9,21.5,87.3,84.1,83.8,3.8,1.3,7.6,4.17,4.17,37.5,rain,rain,rain,32.0,24.1,33.5,24.1,20.5,9.4,47.4,134.5,330.4,1007.2,1007.8,1011.6,87.9,75.9,98.3,8.4,7.8,8.6,108.9,204.7,44.7
2025-05-31,29.6,35.8,26.1,82.7,0.0,0.0,rain,31.0,22.3,123.7,1003.8,74.0,10.2,239.9,0.13,Cloudy,0.5175855102531889,-0.8556314858488706,26.6,26.8,27.1,29.4,28.9,30.1,24.0,24.5,23.9,86.6,87.3,84.1,6.3,3.8,1.3,4.17,4.17,4.17,rain,rain,rain,19.1,32.0,24.1,16.6,24.1,20.5,89.3,47.4,134.5,1007.3,1007.2,1007.8,88.0,87.9,75.9,9.7,8.4,7.8,79.0,108.9,204.7
2025-06-01,33.0,40.2,25.3,67.5,0.0,0.0,noprecip,36.7,25.9,239.7,999.4,14.5,12.1,301.9,0.17,Clear,0.5027907197793043,-0.8644081744776648,29.6,26.6,26.8,35.8,29.4,28.9,26.1,24.0,24.5,82.7,86.6,87.3,0.0,6.3,3.8,0.0,4.17,4.17,rain,rain,rain,31.0,19.1,32.0,22.3,16.6,24.1,123.7,89.3,47.4,1003.8,1007.3,1007.2,74.0,88.0,87.9,10.2,9.7,8.4,239.9,79.0,108.9
2025-06-02,34.6,42.8,25.0,58.3,2.0,12.5,rain,29.5,20.5,269.2,999.0,19.0,11.6,295.7,0.2,Rain,0.4878471454423119,-0.8729290708206411,33.0,29.6,26.6,40.2,35.8,29.4,25.3,26.1,24.0,67.5,82.7,86.6,0.0,0.0,6.3,0.0,0.0,4.17,noprecip,rain,rain,36.7,31.0,19.1,25.9,22.3,16.6,239.7,123.7,89.3,999.4,1003.8,1007.3,14.5,74.0,88.0,12.1,10.2,9.7,301.9,239.9,79.0
2025-06-03,30.3,36.5,25.0,74.0,15.1,4.17,rain,29.5,16.6,64.5,1003.2,62.9,10.0,157.6,0.25,Rain,0.47275920928627757,-0.881191653407483,34.6,33.0,29.6,42.8,40.2,35.8,25.0,25.3,26.1,58.3,67.5,82.7,2.0,0.0,0.0,12.5,0.0,0.0,rain,noprecip,rain,29.5,36.7,31.0,20.5,25.9,22.3,269.2,239.7,123.7,999.0,999.4,1003.8,19.0,14.5,74.0,11.6,12.1,10.2,295.7,301.9,239.9
2025-06-04,28.7,33.5,25.2,81.9,10.9,4.17,rain,20.2,13.0,53.2,1006.2,70.6,9.6,168.5,0.27,Rain,0.4575313760742512,-0.8891934772070711,30.3,34.6,33.0,36.5,42.8,40.2,25.0,25.0,25.3,74.0,58.3,67.5,15.1,2.0,0.0,4.17,12.5,0.0,rain,rain,noprecip,29.5,29.5,36.7,16.6,20.5,25.9,64.5,269.2,239.7,1003.2,999.0,999.4,62.9,19.0,14.5,10.0,11.6,12.1,157.6,295.7,301.9
2025-06-05,29.7,36.1,26.0,81.3,2.5,20.83,rain,24.1,22.3,159.4,1006.6,55.0,9.6,198.1,0.3,Rain,0.44216815196707204,-0.8969321743510065,28.7,30.3,34.6,33.5,36.5,42.8,25.2,25.0,25.0,81.9,74.0,58.3,10.9,15.1,2.0,4.17,4.17,12.5,rain,rain,rain,20.2,29.5,29.5,13.0,16.6,20.5,53.2,64.5,269.2,1006.2,1003.2,999.0,70.6,62.9,19.0,9.6,10.0,11.6,168.5,157.6,295.7
2025-06-06,30.5,39.1,26.8,81.3,1.3,12.5,rain,28.1,20.5,118.4,1005.6,53.4,10.0,233.6,0.33,Rain,0.42667408318992467,-0.9044054548343001,29.7,28.7,30.3,36.1,33.5,36.5,26.0,25.2,25.0,81.3,81.9,74.0,2.5,10.9,15.1,20.83,4.17,4.17,rain,rain,rain,24.1,20.2,29.5,22.3,13.0,16.6,159.4,53.2,64.5,1006.6,1006.2,1003.2,55.0,70.6,62.9,9.6,9.6,10.0,198.1,168.5,157.6
2025-06-07,29.8,38.1,26.9,84.8,18.8,4.17,rain,22.0,18.4,113.3,1004.6,70.9,10.0,237.4,0.36,Rain,0.4110537546870351,-0.9116111071930239,30.5,29.7,28.7,39.1,36.1,33.5,26.8,26.0,25.2,81.3,81.3,81.9,1.3,2.5,10.9,12.5,20.83,4.17,rain,rain,rain,28.1,24.1,20.2,20.5,22.3,13.0,118.4,159.4,53.2,1005.6,1006.6,1006.2,53.4,55.0,70.6,10.0,9.6,9.6,233.6,198.1,168.5
2025-06-08,28.6,34.4,26.2,87.7,0.411,4.17,rain,19.8,16.6,100.4,1003.8,69.9,9.5,184.5,0.4,Rain,0.3953117887649151,-0.9185469991587165,29.8,30.5,29.7,38.1,39.1,36.1,26.9,26.8,26.0,84.8,81.3,81.3,18.8,1.3,2.5,4.17,12.5,20.83,rain,rain,rain,22.0,28.1,24.1,18.4,20.5,22.3,113.3,118.4,159.4,1004.6,1005.6,1006.6,70.9,53.4,55.0,10.0,10.0,9.6,237.4,233.6,198.1
2025-06-09,29.2,33.9,25.0,79.1,0.2,4.17,rain,25.9,11.2,261.7,1004.0,53.9,9.9,107.7,0.43,Rain,0.37945284372454435,-0.925211078289358,28.6,29.8,30.5,34.4,38.1,39.1,26.2,26.9,26.8,87.7,84.8,81.3,0.411,18.8,1.3,4.17,4.17,12.5,rain,rain,rain,19.8,22.0,28.1,16.6,18.4,20.5,100.4,113.3,118.4,1003.8,1004.6,1005.6,69.9,70.9,53.4,9.5,10.0,10.0,184.5,237.4,233.6
2025-06-10,27.7,31.3,24.6,83.6,26.5,50.0,rain,33.8,25.9,317.0,1005.0,68.9,10.1,73.2,0.46,Rain,0.36348161248290634,-0.9316013725767187,29.2,28.6,29.8,33.9,34.4,38.1,25.0,26.2,26.9,79.1,87.7,84.8,0.2,0.411,18.8,4.17,4.17,4.17,rain,rain,rain,25.9,19.8,22.0,11.2,16.6,18.4,261.7,100.4,113.3,1004.0,1003.8,1004.6,53.9,69.9,70.9,9.9,9.5,10.0,107.7,184.5,237.4
2025-06-11,28.7,32.7,24.5,78.9,2.2,12.5,rain,33.8,20.5,306.0,1004.2,30.5,9.8,274.6,0.5,Rain,0.3474028211842774,-0.9377159910299093,27.7,29.2,28.6,31.3,33.9,34.4,24.6,25.0,26.2,83.6,79.1,87.7,26.5,0.2,0.411,50.0,4.17,4.17,rain,rain,rain,33.8,25.9,19.8,25.9,11.2,16.6,317.0,261.7,100.4,1005.0,1004.0,1003.8,68.9,53.9,69.9,10.1,9.9,9.5,73.2,107.7,184.5
2025-06-12,29.5,34.2,24.9,77.6,9.0,4.17,rain,35.3,16.6,342.2,1003.1,59.7,9.3,158.7,0.53,Rain,0.3312212278016865,-0.9435531242349544,28.7,27.7,29.2,32.7,31.3,33.9,24.5,24.6,25.0,78.9,83.6,79.1,2.2,26.5,0.2,12.5,50.0,4.17,rain,rain,rain,33.8,33.8,25.9,20.5,25.9,11.2,306.0,317.0,261.7,1004.2,1005.0,1004.0,30.5,68.9,53.9,9.8,10.1,9.9,274.6,73.2,107.7
2025-06-13,30.1,35.9,25.0,75.1,2.0,4.17,rain,39.2,20.5,347.1,1002.1,38.8,10.6,159.2,0.57,Rain,0.31494162072895193,-0.9491110448902284,29.5,28.7,27.7,34.2,32.7,31.3,24.9,24.5,24.6,77.6,78.9,83.6,9.0,2.2,26.5,4.17,12.5,50.0,rain,rain,rain,35.3,33.8,33.8,16.6,20.5,25.9,342.2,306.0,317.0,1003.1,1004.2,1005.0,59.7,30.5,68.9,9.3,9.8,10.1,158.7,274.6,73.2
2025-06-14,32.2,39.2,24.8,65.7,0.0,0.0,noprecip,25.9,16.6,34.2,1000.8,22.6,9.8,272.0,0.6,Cloudy,0.2985688173637202,-0.9543881083175908,30.1,29.5,28.7,35.9,34.2,32.7,25.0,24.9,24.5,75.1,77.6,78.9,2.0,9.0,2.2,4.17,4.17,12.5,rain,rain,rain,39.2,35.3,33.8,20.5,16.6,20.5,347.1,342.2,306.0,1002.1,1003.1,1004.2,38.8,59.7,30.5,10.6,9.3,9.8,159.2,158.7,274.6
2025-06-15,30.3,37.5,26.2,80.4,4.0,4.17,rain,19.4,24.1,64.3,1001.9,35.0,10.0,273.3,0.64,Rain,0.2821076626819194,-0.9593827529490743,32.2,30.1,29.5,39.2,35.9,34.2,24.8,25.0,24.9,65.7,75.1,77.6,0.0,2.0,9.0,0.0,4.17,4.17,noprecip,rain,rain,25.9,39.2,35.3,16.6,20.5,16.6,34.2,347.1,342.2,1000.8,1002.1,1003.1,22.6,38.8,59.7,9.8,10.6,9.3,272.0,159.2,158.7
2025-06-16,26.5,28.5,24.9,91.1,9.0,8.33,rain,22.7,13.0,11.9,1004.8,83.2,9.7,130.8,0.67,Rain,0.26556302780405594,-0.9640935007889755,30.3,32.2,30.1,37.5,39.2,35.9,26.2,24.8,25.0,80.4,65.7,75.1,4.0,0.0,2.0,4.17,0.0,4.17,rain,noprecip,rain,19.4,25.9,39.2,24.1,16.6,20.5,64.3,34.2,347.1,1001.9,1000.8,1002.1,35.0,22.6,38.8,10.0,9.8,10.6,273.3,272.0,159.2
2025-06-17,29.1,34.9,26.1,84.9,1.032,8.33,rain,26.3,18.4,136.4,1004.3,63.3,8.0,161.6,0.71,Rain,0.24893980855376657,-0.9685189578512204,26.5,30.3,32.2,28.5,37.5,39.2,24.9,26.2,24.8,91.1,80.4,65.7,9.0,4.0,0.0,8.33,4.17,0.0,rain,rain,noprecip,22.7,19.4,25.9,13.0,24.1,16.6,11.9,64.3,34.2,1004.8,1001.9,1000.8,83.2,35.0,22.6,9.7,10.0,9.8,130.8,273.3,272.0
2025-06-18,31.0,38.2,25.7,74.9,2.0,29.17,rain,30.2,20.5,149.0,1003.4,33.3,9.9,159.9,0.74,Rain,0.23224292400907015,-0.9726578145718654,29.1,26.5,30.3,34.9,28.5,37.5,26.1,24.9,26.2,84.9,91.1,80.4,1.032,9.0,4.0,8.33,8.33,4.17,rain,rain,rain,26.3,22.7,19.4,18.4,13.0,24.1,136.4,11.9,64.3,1004.3,1004.8,1001.9,63.3,83.2,35.0,8.0,9.7,10.0,161.6,130.8,273.3
2025-06-19,31.1,39.7,26.5,78.2,0.1,4.17,rain,38.2,18.4,138.4,1002.9,57.5,9.2,234.8,0.75,Rain,0.21547731504673012,-0.976508846196619,31.0,29.1,26.5,38.2,34.9,28.5,25.7,26.1,24.9,74.9,84.9,91.1,2.0,1.032,9.0,29.17,8.33,8.33,rain,rain,rain,30.2,26.3,22.7,20.5,18.4,13.0,149.0,136.4,11.9,1003.4,1004.3,1004.8,33.3,63.3,83.2,9.9,8.0,9.7,159.9,161.6,130.8
2025-06-20,30.3,38.4,26.5,81.0,1.7,16.67,rain,29.2,18.4,122.2,1003.1,62.8,9.9,172.0,0.81,Rain,0.19864794288017112,-0.9800709131432666,31.1,31.0,29.1,39.7,38.2,34.9,26.5,25.7,26.1,78.2,74.9,84.9,0.1,2.0,1.032,4.17,29.17,8.33,rain,rain,rain,38.2,30.2,26.3,18.4,20.5,18.4,138.4,149.0,136.4,1002.9,1003.4,1004.3,57.5,33.3,63.3,9.2,9.9,8.0,234.8,159.9,161.6
2025-06-21,27.7,32.6,26.1,91.2,19.5,8.33,rain,24.1,22.3,106.4,1004.4,81.4,8.8,138.6,0.85,Rain,0.18175978759137534,-0.9833429613388902,30.3,31.1,31.0,38.4,39.7,38.2,26.5,26.5,25.7,81.0,78.2,74.9,1.7,0.1,2.0,16.67,4.17,29.17,rain,rain,rain,29.2,38.2,30.2,18.4,18.4,20.5,122.2,138.4,149.0,1003.1,1002.9,1003.4,62.8,57.5,33.3,9.9,9.2,9.9,172.0,234.8,159.9
